environment,test_year,train_year_max,n_train_environments,n_test_environments,t1_rmse,t1_mae,t1_full_nearest_z,t1_full_mean5_z,t1_full_nearest_percentile,t1_full_max_training_kernel_similarity,t1_full_local_kernel_density5,t1_full_kernel_mass,t1_full_kernel_projection_support,t1_full_kernel_projection_residual,t1_weather_nearest_z,t1_weather_mean5_z,t1_weather_nearest_percentile,t1_weather_max_training_kernel_similarity,t1_weather_local_kernel_density5,t1_weather_kernel_projection_support,t1_weather_kernel_projection_residual,t1_nearest_training_location_km,t1_city_seen_previously,t1_coordinate_seen_previously,t1_soil_mukey_seen_previously,t2_rmse,t2_mae,t2_full_nearest_z,t2_full_mean5_z,t2_full_nearest_percentile,t2_full_max_training_kernel_similarity,t2_full_local_kernel_density5,t2_full_kernel_mass,t2_full_kernel_projection_support,t2_full_kernel_projection_residual,t2_weather_nearest_z,t2_weather_mean5_z,t2_weather_nearest_percentile,t2_weather_max_training_kernel_similarity,t2_weather_local_kernel_density5,t2_weather_kernel_projection_support,t2_weather_kernel_projection_residual,t2_nearest_training_location_km,t2_city_seen_previously,t2_coordinate_seen_previously,t2_soil_mukey_seen_previously,rmse_t2_minus_t1,mae_t2_minus_t1,delta_full_nearest_z_t2_minus_t1,delta_full_mean5_z_t2_minus_t1,delta_full_nearest_percentile_t2_minus_t1,delta_full_max_training_kernel_similarity_t2_minus_t1,delta_full_local_kernel_density5_t2_minus_t1,delta_full_kernel_mass_t2_minus_t1,delta_full_kernel_projection_support_t2_minus_t1,delta_full_kernel_projection_residual_t2_minus_t1,delta_weather_nearest_z_t2_minus_t1,delta_weather_mean5_z_t2_minus_t1,delta_weather_nearest_percentile_t2_minus_t1,delta_weather_max_training_kernel_similarity_t2_minus_t1,delta_weather_local_kernel_density5_t2_minus_t1,delta_weather_kernel_projection_support_t2_minus_t1,delta_weather_kernel_projection_residual_t2_minus_t1,t2_worse_than_t1,t2_extreme_support_percentile
2016-DEH1,2016,2015,23,18,2.487096116204583,2.1483890282680207,4.905443948527416,5.389662817047904,0.34782608695652173,0.4255703636245863,0.35954911857039373,4.6600198622336135,0.2934909391810837,0.7065090608189163,1.626624074058469,2.559189108726668,0.5652173913043478,0.6377438069323762,0.3548031888144815,0.29045702013377195,0.709542979866228,464.3614838106569,False,False,False,4.424450819522547,4.027424733786286,4.5251256859933,4.934763768998432,0.34782608695652173,0.49015823078021786,0.42886980742788217,6.104758310938606,0.4253356017433369,0.574664398256663,1.7660701325373447,1.977600579291694,0.6956521739130435,0.6001487443195918,0.5275555176717107,0.389908225636626,0.610091774363374,464.3614838106569,False,False,False,1.9373547033179639,1.8790357055182652,-0.38031826253411616,-0.4548990480494721,0.0,0.06458786715563158,0.06932068885748843,1.4447384487049924,0.1318446625622532,-0.13184466256225325,0.1394460584788757,-0.5815885294349741,0.13043478260869568,-0.03759506261278445,0.17275232885722924,0.09945120550285408,-0.09945120550285402,True,False
2016-GAH2,2016,2015,23,18,2.3558648489207408,2.01488087958896,7.226266899390857,8.221941266136385,0.9565217391304348,0.15661967976632502,0.09545229373840074,1.1321422495205444,0.042685810410360514,0.9573141895896395,3.654783563191084,5.944118733912165,0.9130434782608695,0.1032255202876023,0.02174523250413276,0.008873757842263106,0.9911262421577369,683.2567517643987,False,False,False,6.979536857316707,6.842824932173168,7.495909757966775,8.558129495779179,0.9565217391304348,0.14134366591639566,0.08185075117201542,0.9347814057580056,0.03158459020760038,0.9684154097923996,4.162592064101562,6.3395373099773575,1.0,0.05863399613387574,0.012086314276841151,0.002501825880517605,0.9974981741194824,683.2567517643987,False,False,False,4.623672008395966,4.827944052584208,0.2696428585759181,0.3361882296427936,0.0,-0.015276013849929354,-0.013601542566385322,-0.19736084376253882,-0.011101220202760137,0.011101220202760054,0.5078085009104782,0.39541857606519226,0.08695652173913049,-0.04459152415372657,-0.009658918227291608,-0.006371931961745501,0.006371931961745458,True,True
2016-IAH2,2016,2015,23,18,2.415904786692852,1.8914604656327625,4.40287095844636,4.756375265614237,0.2608695652173913,0.5024608361726541,0.44833650110836254,5.854302036316008,0.44930705114553704,0.550692948854463,2.157869435778358,2.4674723271384407,0.782608695652174,0.4531129539538337,0.3591356036562507,0.29720240336730347,0.7027975966326965,85.5234786085574,False,False,False,6.876619167535101,6.436402515812866,4.380398971639536,4.966534787815665,0.34782608695652173,0.5126576457290749,0.42655035441699746,6.458541959536355,0.4970688005585869,0.5029311994414132,1.799707048970524,2.078187710145488,0.7391304347826086,0.588480145643544,0.49419213733268597,0.41714387029143796,0.582856129708562,85.5234786085574,False,False,False,4.46071438084225,4.544942050180104,-0.022471986806823274,0.21015952220142875,0.08695652173913043,0.010196809556420772,-0.021786146691365083,0.604239923220347,0.04776174941304984,-0.04776174941304978,-0.3581623868078341,-0.3892846169929527,-0.0434782608695653,0.1353671916897103,0.13505653367643528,0.11994146692413449,-0.11994146692413443,True,False
2016-IAH3,2016,2015,23,18,2.0868705145352187,1.754815445181764,4.396874255126033,5.108353265502227,0.2608695652173913,0.5034030689999623,0.3982066212445717,5.282261639763468,0.37588881363684085,0.6241111863631592,2.0929169771982203,2.759360050071263,0.782608695652174,0.47488838748521817,0.2859662046759915,0.20437007433706172,0.7956299256629382,118.68307912211218,False,False,False,4.808436064532111,4.574260027949627,4.333217720693397,5.007548183184513,0.34782608695652173,0.5200494823665565,0.42063589299267024,6.352984214170244,0.48816693475541734,0.5118330652445826,1.7468959823828774,2.189149484403907,0.6956521739130435,0.6068028783282315,0.4603708309746185,0.41431645102899545,0.5856835489710046,118.68307912211218,False,False,False,2.721565549996892,2.819444582767863,-0.06365653443263586,-0.10080508231771379,0.08695652173913043,0.016646413366594115,0.022429271748098556,1.0707225744067763,0.11227812111857649,-0.1122781211185766,-0.346020994815343,-0.570210565667356,-0.08695652173913049,0.13191449084301338,0.17440462629862702,0.20994637669193372,-0.2099463766919336,True,False
2016-IAH4,2016,2015,23,18,1.3353149045682235,1.063421851586958,4.3193597144235465,4.747663212905579,0.2608695652173913,0.515624260204329,0.44991347257828185,6.026429136444727,0.4629814735127832,0.5370185264872168,2.0045988828492054,2.3736290946384315,0.7391304347826086,0.5050221142201162,0.392046185108327,0.3373077046810752,0.6626922953189248,0.3251434197681342,True,False,False,6.494945036663629,6.37086870117328,4.36194470832027,4.931982931582697,0.34782608695652173,0.5155457787492691,0.43115709744313707,6.621587903804076,0.5184171529518968,0.48158284704810317,1.5824397376444204,2.085315307808588,0.6956521739130435,0.6637025652907386,0.4925124264110375,0.44898184866886254,0.5510181513311374,0.3251434197681342,True,False,False,5.159630132095406,5.307446849586322,0.042584993896723766,0.18431971867711816,0.08695652173913043,-7.84814550599533e-05,-0.018756375135144776,0.595158767359349,0.05543567943911365,-0.05543567943911365,-0.42215914520478504,-0.28831378682984354,-0.04347826086956519,0.15868045107062234,0.10046624130271048,0.11167414398778736,-0.11167414398778741,True,False
2016-ILH1,2016,2015,23,18,1.7970024624022063,1.361178990649999,4.145157326086059,4.465099046917881,0.2608695652173913,0.5433366199804074,0.49307056746924094,6.650101044259324,0.5311292025493021,0.46887079745069793,1.6312608892023501,2.006707528118008,0.5652173913043478,0.6361080932654387,0.5063065955880822,0.43390168222785813,0.5660983177721419,0.07325669353970893,True,False,False,8.738424863102857,8.550319601623022,4.076420534909388,4.578207476206556,0.34782608695652173,0.5606646757455204,0.4829599467684793,7.372701013848202,0.5895266628699036,0.41047333713009637,1.3035787982072615,1.5702961528732957,0.34782608695652173,0.7571631077388756,0.6672141137401187,0.6814307702891308,0.3185692297108692,0.07325669353970893,True,False,False,6.941422400700651,7.1891406109730225,-0.0687367911766712,0.11310842928867526,0.08695652173913043,0.017328055765112982,-0.01011062070076163,0.7225999695888783,0.05839746032060156,-0.05839746032060156,-0.3276820909950886,-0.4364113752447123,-0.21739130434782605,0.12105501447343692,0.16090751815203652,0.24752908806127266,-0.24752908806127272,True,False
2016-INH1,2016,2015,23,18,1.921500509306196,1.4512760552752209,2.8767616903123767,6.245128140052368,0.2608695652173913,0.7454142401667458,0.2841906990084125,3.33078862727741,0.37838735655382894,0.6216126434461711,1.92530210491049,2.2724289363841423,0.6956521739130435,0.5324988750300024,0.41951541724735025,0.2773689696044405,0.7226310303955594,0.9248226868419736,True,False,True,1.7969336493485215,1.3746341761316367,3.52616716214331,6.227906533238693,0.2608695652173913,0.6485846801674039,0.28262165244360504,3.655723148376702,0.3560083476853291,0.6439916523146709,1.1094667607411193,1.744519002134382,0.30434782608695654,0.8175037552620119,0.6058210875076451,0.7295392112526169,0.2704607887473831,0.9248226868419736,True,False,True,-0.12456685995767458,-0.07664187914358411,0.6494054718309332,-0.017221606813675017,0.0,-0.09682955999934195,-0.0015690465648074414,0.324934521099292,-0.02237900886849986,0.02237900886849986,-0.8158353441693706,-0.5279099342497604,-0.3913043478260869,0.28500488023200954,0.18630567026029482,0.4521702416481764,-0.4521702416481763,False,False
2016-MIH1,2016,2015,23,18,2.6841702525287454,2.0831129973556965,5.198618174589792,5.659851585818842,0.34782608695652173,0.38308663916652924,0.3216633890198985,5.376518485519039,0.37865895866802135,0.6213410413319786,2.2744979891701163,2.7435095673923704,0.782608695652174,0.41499176627259876,0.28490814979188245,0.12465007179920012,0.8753499282007999,321.6086944381472,False,False,False,5.2566434619555205,4.864418669862404,5.307393830518121,5.78895799814549,0.34782608695652173,0.3749882147194497,0.3124002616389877,5.022741193502253,0.3651757840815505,0.6348242159184495,2.3509061544902243,2.7080563932287283,0.8260869565217391,0.40465316144999297,0.30372966706262944,0.22251004646856296,0.777489953531437,321.6086944381472,False,False,False,2.572473209426775,2.781305672506708,0.10877565592832905,0.12910641232664766,0.0,-0.008098424447079533,-0.009263127380910785,-0.35377729201678587,-0.013483174586470859,0.013483174586470859,0.07640816532010808,-0.03545317416364213,0.04347826086956519,-0.01033860482260579,0.01882151727074699,0.09785997466936283,-0.09785997466936291,True,False
2016-MNH1,2016,2015,23,18,2.671522298627082,2.249184914827922,4.336872625613116,4.806241312968468,0.2608695652173913,0.5128565611065667,0.4411724764915029,7.4164545957599195,0.6240055080421366,0.3759944919578634,1.1514921179689348,1.3964071089604286,0.391304347826087,0.7981840014480373,0.7170359147291836,0.7852813623648955,0.21471863763510446,0.3341686654859186,True,False,False,10.947728474487588,10.842849626360756,4.366754716359112,4.965322350633095,0.34782608695652173,0.5147926142416428,0.4249489486429793,7.214557097321621,0.5919843584636739,0.4080156415363261,1.5122022060730194,1.704099892099735,0.6521739130434783,0.687743341964946,0.6215567141546832,0.6541845304369386,0.3458154695630614,0.3341686654859186,True,False,False,8.276206175860507,8.593664711532835,0.029882090745996237,0.15908103766462656,0.08695652173913043,0.0019360531350760546,-0.0162235278485236,-0.2018974984382984,-0.03202114957846269,0.03202114957846269,0.36071008810408456,0.30769278313930637,0.2608695652173913,-0.11044065948309123,-0.09547920057450043,-0.13109683192795696,0.13109683192795696,True,False
2016-NEH1,2016,2015,23,18,4.343605149525865,4.008015502046979,4.05692555818268,4.551622945793498,0.2608695652173913,0.557477475983933,0.48036493459605245,7.402949851497628,0.6127566435159055,0.38724335648409447,1.2586239667380679,1.443362360200775,0.391304347826087,0.7639051929702589,0.7009897115926135,0.5855477826563003,0.41445221734369975,41.78080407189849,False,False,False,10.817742556171568,10.683367819156704,4.3541061165564985,4.83402795543,0.34782608695652173,0.516773745015873,0.44411283922250366,6.89162479720061,0.5698514687246251,0.4301485312753749,1.0160978609020515,1.6718625672216276,0.30434782608695654,0.8444989256911056,0.6299934173352828,0.65730156328016,0.34269843671984,41.78080407189849,False,False,False,6.474137406645704,6.675352317109724,0.2971805583738183,0.28240500963650206,0.08695652173913043,-0.040703730968060015,-0.03625209537354879,-0.5113250542970187,-0.04290517479128042,0.04290517479128042,-0.24252610583601641,0.2285002070208526,-0.08695652173913043,0.08059373272084669,-0.07099629425733067,0.07175378062385973,-0.07175378062385973,True,False
2016-NEH4,2016,2015,23,18,1.7378322347501047,1.3661380623877304,5.862288527168387,6.40429168879443,0.43478260869565216,0.29519614999032684,0.236259397257087,3.1508513592667877,0.22764848234510307,0.772351517654897,2.2683382417168243,3.4733600052709597,0.782608695652174,0.41697067582036224,0.16513586051264334,0.11617022627495076,0.8838297737250492,41.78080407189849,False,False,False,2.0303517665790243,1.691277909892813,5.672796844126429,6.531016021832073,0.43478260869565216,0.326093729058192,0.23053429259117636,2.837192364995653,0.20734334127618373,0.7926566587238163,2.5560188912233945,3.8627437869770476,0.8695652173913043,0.34318570928094233,0.11561507982189556,0.09759657451886572,0.9024034254811343,41.78080407189849,False,False,False,0.29251953182891954,0.3251398475050826,-0.18949168304195751,0.12672433303764308,0.0,0.030897579067865166,-0.005725104665910641,-0.31365899427113453,-0.02030514106891934,0.02030514106891934,0.28768064950657024,0.3893837817060879,0.08695652173913038,-0.0737849665394199,-0.04952078069074778,-0.01857365175608504,0.018573651756085052,True,False
2016-NYH1,2016,2015,23,18,1.7243396849169197,1.402798182272105,3.112870807389916,6.382764742236754,0.2608695652173913,0.708911958448222,0.2716267351545584,2.6626944943773125,0.5098979133796395,0.4901020866203605,2.3072129995017514,3.0166624549638343,0.782608695652174,0.404550440833511,0.22291467383902805,0.12484203777435691,0.8751579622256431,0.22207088851010487,True,False,True,1.8768830981891984,1.6081297325513997,2.944952255958618,6.705771304708745,0.2608695652173913,0.739341011415727,0.254145457776788,2.4402818193242144,0.5518542981240087,0.44814570187599134,2.8463751239938873,3.3919034644529305,0.9130434782608695,0.2654669692376266,0.16205327953754556,0.05935937444717565,0.9406406255528243,0.22207088851010487,True,False,True,0.15254341327227872,0.20533155027929473,-0.16791855143129775,0.3230065624719911,0.0,0.030429052967504977,-0.017481277377770388,-0.22241267505309814,0.041956384744369135,-0.041956384744369135,0.5391621244921359,0.3752410094890961,0.13043478260869557,-0.1390834715958844,-0.06086139430148249,-0.06548266332718126,0.06548266332718122,True,False
2016-NYH2,2016,2015,23,18,3.264838394224232,2.75716998657726,4.007635331155124,5.328741064703036,0.2608695652173913,0.5654007278309792,0.37286394319660066,4.835691609760647,0.3681449285673135,0.6318550714326865,1.525276984380727,2.883244531063027,0.5652173913043478,0.6733347008664056,0.2748423282465028,0.25451760407430113,0.7454823959256989,0.23671304107805552,True,False,False,2.3339349602033086,1.7898123506286476,5.129060899393949,5.910498563348236,0.34782608695652173,0.4000952685742203,0.30198309073794805,4.0289941648403556,0.26345072240912054,0.7365492775908795,3.290448645846885,3.4627189295736756,0.9565217391304348,0.16992850506852142,0.1418232806976032,0.041730894999912116,0.9582691050000879,0.23671304107805552,True,False,False,-0.9309034340209235,-0.9673576359486125,1.1214255682388243,0.5817574986452003,0.08695652173913043,-0.16530545925675888,-0.07088085245865261,-0.8066974449202915,-0.10469420615819297,0.10469420615819303,1.765171661466158,0.5794743985106487,0.39130434782608703,-0.5034061957978841,-0.1330190475488996,-0.212786709074389,0.212786709074389,False,False
2016-NYH2L,2016,2015,23,18,6.8692089707835535,6.832402780820601,4.007635331155124,5.328741064703036,0.2608695652173913,0.5654007278309792,0.37286394319660066,4.835691609760647,0.3681449285673135,0.6318550714326865,1.525276984380727,2.883244531063027,0.5652173913043478,0.6733347008664056,0.2748423282465028,0.25451760407430113,0.7454823959256989,0.23671304107805552,True,False,False,5.6081404596086255,5.564713200101926,5.129060899393949,5.910498563348236,0.34782608695652173,0.4000952685742203,0.30198309073794805,4.0289941648403556,0.26345072240912054,0.7365492775908795,3.290448645846885,3.4627189295736756,0.9565217391304348,0.16992850506852142,0.1418232806976032,0.041730894999912116,0.9582691050000879,0.23671304107805552,True,False,False,-1.261068511174928,-1.2676895807186748,1.1214255682388243,0.5817574986452003,0.08695652173913043,-0.16530545925675888,-0.07088085245865261,-0.8066974449202915,-0.10469420615819297,0.10469420615819303,1.765171661466158,0.5794743985106487,0.39130434782608703,-0.5034061957978841,-0.1330190475488996,-0.212786709074389,0.212786709074389,False,False
2016-TXH1,2016,2015,23,18,2.663033306963742,2.429914788174756,1.9086762935478498,5.788557388532313,0.17391304347826086,0.8786756438480589,0.3355312654726247,2.93901353800224,0.5270752992162844,0.4729247007837156,1.2676846087528861,1.6787940397236263,0.391304347826087,0.760938291370107,0.6186581590273843,0.6670477383738267,0.3329522616261733,0.0,True,True,True,2.3388976612987715,2.080433281963174,1.138186788388802,5.535763157357417,0.08695652173913043,0.9558924323085565,0.36918379426413395,3.1214636687632797,0.680865057010615,0.31913494298938505,1.1264469016929133,1.6138873653855774,0.30434782608695654,0.8124387116019895,0.6509887950700817,0.6059294256493466,0.3940705743506534,0.0,True,True,True,-0.32413564566497044,-0.3494815062115819,-0.7704895051590479,-0.25279423117489586,-0.08695652173913043,0.07721678846049762,0.03365252879150926,0.18245013076103955,0.15378975779433057,-0.15378975779433057,-0.14123770705997285,-0.06490667433804886,-0.08695652173913043,0.051500420231882504,0.03233063604269737,-0.061118312724480095,0.061118312724480095,False,False
2016-TXH2,2016,2015,23,18,2.094599723124237,1.6532890207672748,1.5029107149189977,6.351850740190804,0.17391304347826086,0.922938820844973,0.2924416921731212,2.259546103540729,0.47873186811881435,0.5212681318811856,1.4676605591425271,4.20044114348587,0.5652173913043478,0.6933664782170661,0.1526350012094993,0.08739634151793838,0.9126036584820616,0.0,True,True,True,1.9134476643812115,1.501766539368821,1.3904204745585,5.644236783540952,0.08695652173913043,0.9348970161761702,0.35576432109422623,3.229762931554111,0.527684160039255,0.472315839960745,1.3522411012521702,3.087239716933681,0.43478260869565216,0.7413126864882944,0.2534420395799999,0.12460123015978133,0.8753987698402187,0.0,True,True,True,-0.18115205874302553,-0.1515224813984537,-0.1124902403604977,-0.707613956649852,-0.08695652173913043,0.01195819533119713,0.06332262892110502,0.970216828013382,0.04895229192044065,-0.048952291920440594,-0.1154194578903569,-1.1132014265521888,-0.13043478260869562,0.04794620827122831,0.10080703837050059,0.03720488864184296,-0.037204888641842904,False,False
2016-WIH1,2016,2015,23,18,1.8335809577907871,1.4117086685481222,4.564474591078089,5.0104739617704785,0.34782608695652173,0.47726321844653624,0.4114464467454443,6.103739887726162,0.4568602429010509,0.5431397570989491,1.878863067448795,2.2980010078496163,0.6956521739130435,0.5487342501917507,0.4140902915027963,0.25397387804370364,0.7460261219562964,0.15091648744233718,True,False,False,6.399131647230899,6.138712584128858,4.348925779491399,4.999857781716047,0.34782608695652173,0.5175856676993659,0.420213220700772,6.521437139832378,0.5028139543892683,0.49718604561073165,1.5037442388232636,2.1606561672246114,0.6521739130434783,0.6906211981076854,0.47095495629383943,0.3729371612362407,0.6270628387637593,0.15091648744233718,True,False,False,4.565550689440112,4.727003915580736,-0.21554881158669037,-0.010616180054431545,0.0,0.04032244925282963,0.008766773955327711,0.41769725210621633,0.045953711488217475,-0.045953711488217475,-0.37511882862553136,-0.13734484062500485,-0.04347826086956519,0.1418869479159347,0.05686466479104313,0.11896328319253707,-0.11896328319253702,True,False
2016-WIH2,2016,2015,23,18,3.874494864729653,3.2519520002893425,4.621004074220009,5.131648541048753,0.34782608695652173,0.4685454710512137,0.3934320868252616,6.5682674680186395,0.5223335567679381,0.47766644323206187,1.3345465744690561,1.6174603472287639,0.391304347826087,0.738759888266295,0.6405230988184208,0.6718269339827995,0.32817306601720053,33.66671679908339,False,False,False,10.973858171655507,10.726660680909474,4.633492754459946,5.175748655741389,0.34782608695652173,0.47350780588923586,0.3943393305323525,6.664199655461391,0.5208898150657929,0.4791101849342071,1.125189366316496,1.8848950436535723,0.30434782608695654,0.8128153769788077,0.5601798565504941,0.6298924582663413,0.3701075417336587,33.66671679908339,False,False,False,7.099363306925854,7.474708680620131,0.012488680239936656,0.04410011469263608,0.0,0.004962334838022164,0.0009072437070908879,0.09593218744275145,-0.0014437417021452292,0.0014437417021452292,-0.2093572081525601,0.26743469642480844,-0.08695652173913043,0.07405548871251266,-0.08034324226792677,-0.04193447571645814,0.04193447571645814,True,False
2017-COH1,2017,2016,41,18,1.3778976233529774,1.022789898068113,7.015239543091148,7.881664509147316,0.4878048780487805,0.3059979950536097,0.22681482684096413,4.365751336984486,0.15420291003532413,0.8457970899646758,3.8929455914869946,5.239361657725394,1.0,0.0641110900801337,0.016901485080042727,0.0002505172724304582,0.9997494827275696,259.34224303220014,False,False,False,1.3509684361006895,1.020214175157063,6.42847499278398,7.256071011261689,0.4878048780487805,0.37287965987304755,0.2867570300630956,5.707036653163986,0.2516961015399894,0.7483038984600106,2.827051523683555,3.941935078552703,0.975609756097561,0.23657928474554904,0.08067327484074749,0.004159230817937386,0.9958407691820627,259.34224303220014,False,False,False,-0.02692918725228788,-0.0025757229110499047,-0.5867645503071683,-0.6255934978856272,0.0,0.06688166481943786,0.05994220322213148,1.3412853161794995,0.09749319150466526,-0.09749319150466529,-1.0658940678034394,-1.2974265791726909,-0.024390243902439046,0.17246819466541535,0.06377178976070476,0.003908713545506928,-0.0039087135455069255,False,False
2017-DEH1,2017,2016,41,18,2.170495031331277,1.748878504475766,5.269549733069443,5.45684514212863,0.43902439024390244,0.5126525225174823,0.48864075902720333,12.883723791380952,0.5960897292265942,0.4039102707734058,0.9062376365299205,1.3650079932903971,0.36585365853658536,0.8616808909194458,0.7101865268093744,0.5472449436227531,0.4527550563772469,2.99978798276947,True,False,False,3.9463911387455046,3.482909029297602,5.410121756572345,5.677644053699925,0.4878048780487805,0.49722784138206916,0.4635715515543127,13.040419443831798,0.6007984513036468,0.39920154869635316,1.2127217471358163,1.3610972049294126,0.7073170731707317,0.767011517422117,0.7154550170832861,0.6328860891242635,0.3671139108757365,2.99978798276947,True,False,False,1.7758961074142277,1.734030524821836,0.14057202350290243,0.22079891157129516,0.04878048780487804,-0.01542468113541312,-0.025069207472890653,0.15669565245084627,0.0047087220770526406,-0.0047087220770526406,0.30648411060589575,-0.003910788360984574,0.3414634146341463,-0.09466937349732873,0.00526849027391163,0.08564114550151036,-0.08564114550151036,True,False
2017-GAH1,2017,2016,41,18,2.628671598644434,2.0819775841192003,5.850235500254481,6.299393329201898,0.4878048780487805,0.4388806824509262,0.3854341800627113,10.13779246791474,0.37929079533048493,0.6207092046695151,1.2935732552114783,1.6397412232771593,0.6829268292682927,0.7383603051560821,0.6139416202548384,0.6097358696905181,0.3902641303094819,246.81573334207528,False,False,False,3.840393431647549,3.1629977415671324,5.904121729587157,6.251468522495093,0.4878048780487805,0.43512115989199585,0.3937369591214387,10.308929656802942,0.4044808740044331,0.5955191259955669,1.1963997633071621,1.5946235132626225,0.6341463414634146,0.7724705185875907,0.6313176364983373,0.6754351376534106,0.32456486234658943,246.81573334207528,False,False,False,1.2117218330031152,1.0810201574479321,0.05388622933267584,-0.047924806706804546,0.0,-0.0037595225589303616,0.008302779058727394,0.17113718888820095,0.02519007867394818,-0.02519007867394818,-0.09717349190431612,-0.045117710014536794,-0.04878048780487809,0.03411021343150866,0.017376016243498826,0.0656992679628925,-0.0656992679628925,True,False
2017-GAH2,2017,2016,41,18,1.5983725440737198,1.2592249349630449,6.255471099897624,6.403883259216487,0.4878048780487805,0.39001592423292514,0.372894628855996,10.106449364708592,0.4133942807405504,0.5866057192594496,2.7399525000897977,3.042251344552563,0.9512195121951219,0.256443024861299,0.18903859903592898,0.06788372094809987,0.9321162790519001,1.56125140130597,True,False,False,2.823766718745351,2.3990038443793886,5.439291511742461,6.160203825505251,0.4878048780487805,0.4934855639239251,0.40570917424076935,10.559158233279017,0.4517605329469112,0.5482394670530888,3.0481761408450354,3.2821528158431326,0.975609756097561,0.18716080384748462,0.14545603992158768,0.03623665911146823,0.9637633408885318,1.56125140130597,True,False,False,1.225394174671631,1.1397789094163437,-0.8161795881551637,-0.24367943371123602,0.0,0.10346963969099998,0.03281454538477335,0.4527088685704257,0.03836625220636081,-0.03836625220636081,0.30822364075523767,0.23990147129056938,0.024390243902439046,-0.06928222101381437,-0.04358255911434131,-0.03164706183663164,0.031647061836631685,True,False
2017-IAH4,2017,2016,41,18,2.040464795645078,1.681761553634244,5.124852217898561,5.228344566364368,0.43902439024390244,0.5315453741212367,0.518037697662399,13.920084537908819,0.7075513247146314,0.29244867528536855,1.3835202308467678,1.4996978992512837,0.7560975609756098,0.7068248965006608,0.664917928946289,0.5616565680470742,0.4383434319529258,0.7058747368970687,True,False,False,3.7840784165628634,3.4484455520296757,5.048261848619305,5.447643639358731,0.4878048780487805,0.5442395970123013,0.49276600801919324,13.177808411840163,0.6680030279597974,0.3319969720402026,1.299819336088441,1.6675536957351418,0.7560975609756098,0.7373278548563058,0.6052320581455303,0.5497959867066927,0.4502040132933073,0.7058747368970687,True,False,False,1.7436136209177855,1.7666839983954317,-0.07659036927925644,0.2192990729943629,0.04878048780487804,0.012694222891064588,-0.025271689643205808,-0.7422761260686563,-0.03954829675483407,0.03954829675483407,-0.08370089475832687,0.16785579648385807,0.0,0.030502958355644982,-0.05968587080075871,-0.011860581340381482,0.011860581340381482,True,False
2017-ILH1,2017,2016,41,18,1.9944676741348264,1.6293406126285968,5.123862248365225,5.295228407861307,0.43902439024390244,0.531675156608002,0.5094144414110582,12.77172583884626,0.6403507794179361,0.35964922058206394,1.676900789979103,1.8789480948267496,0.8292682926829268,0.600658905183171,0.5285880153444442,0.3590722247948414,0.6409277752051585,0.28078230969185247,True,False,False,4.637707706003128,4.411123314262047,4.993972943103071,5.255435453584964,0.4878048780487805,0.5513688111150676,0.5173856210130585,14.33146445504608,0.7365166868796407,0.26348331312035933,0.9117642638438667,1.2163269792800664,0.34146341463414637,0.8607636754298097,0.7640337057598884,0.7969924591988129,0.2030075408011871,0.28078230969185247,True,False,False,2.6432400318683014,2.7817827016334506,-0.1298893052621546,-0.03979295427634355,0.04878048780487804,0.019693654507065617,0.007971179602000333,1.5597386161998195,0.09616590746170461,-0.09616590746170461,-0.7651365261352364,-0.6626211155466832,-0.4878048780487804,0.2601047702466387,0.23544569041544416,0.4379202344039715,-0.43792023440397143,True,False
2017-INH1,2017,2016,41,18,2.383460948199404,2.0430814053664506,4.895532935965395,5.176215658562379,0.43902439024390244,0.5617628724775177,0.5249933754072962,13.976664873959592,0.7220779578478865,0.27792204215211347,0.9844575481053491,1.1595694804256997,0.43902439024390244,0.8388879249919754,0.7819975337984589,0.8460303921079201,0.15396960789207992,0.45999340200110844,True,False,False,4.1633108789246,3.871361134543352,4.857831826337212,5.2481922259280065,0.4878048780487805,0.5693078557738459,0.5183542347679891,14.256458861737308,0.7304833792917238,0.2695166207082762,0.3974523131393119,0.9900302711869348,0.14634146341463414,0.9719109715585069,0.8258443583420784,0.8428160215324738,0.1571839784675262,0.45999340200110844,True,False,False,1.779849930725196,1.8282797291769013,-0.03770110962818318,0.07197656736562763,0.04878048780487804,0.007544983296328245,-0.00663914063930704,0.27979398777771536,0.008405421443837269,-0.008405421443837269,-0.5870052349660373,-0.16953920923876498,-0.29268292682926833,0.13302304656653152,0.043846824543619434,-0.003214370575446268,0.003214370575446268,True,False
2017-MIH1,2017,2016,41,18,1.6240937873279406,1.2695384614094831,1.3876204573105382,6.9658326043365335,0.1951219512195122,0.9547257707536423,0.3399742807692037,5.756875067409474,0.36161985996860946,0.6383801400313905,1.3522438639938432,1.6229568391856244,0.7560975609756098,0.7178733867906462,0.620061255547929,0.4928111746928188,0.5071888253071812,0.9329135227111355,True,False,True,1.8143709114182296,1.517707921598341,2.358241330283693,7.206328239278906,0.2926829268292683,0.8756778473431168,0.3227700120110237,5.801502934865183,0.327655135935155,0.6723448640648451,1.406083076844838,1.517007030715057,0.8292682926829268,0.7000643310160308,0.6600982553410744,0.5240342098851782,0.47596579011482176,0.9329135227111355,True,False,True,0.19027712409028896,0.24816946018885777,0.9706208729731547,0.24049563494237258,0.09756097560975607,-0.07904792341052547,-0.01720426875818004,0.04462786745570835,-0.03396472403345446,0.03396472403345452,0.0538392128509948,-0.10594980847056745,0.07317073170731703,-0.017809055774615334,0.040036999793145345,0.031223035192359416,-0.031223035192359472,True,False
2017-MNH1,2017,2016,41,18,1.8142755691693493,1.4672711608369358,2.145241686466441,7.009292885172353,0.2926829268292683,0.895176154279317,0.3361214659640698,6.077573520440341,0.2924799611758134,0.7075200388241867,0.9624419744709807,1.3055969731530843,0.4146341463414634,0.845431114781764,0.732069287338952,0.6765394633878783,0.3234605366121217,0.604307451692204,True,False,True,1.9560564399179463,1.603147117864702,1.7276647185706338,7.002428539628845,0.2926829268292683,0.9312267596110243,0.3394731884101982,6.150522472037224,0.2573355123353718,0.7426644876646282,0.8805141884175971,1.0909910870983444,0.34146341463414637,0.8695029346327184,0.8046841594630108,0.7265400893641218,0.27345991063587816,0.604307451692204,True,False,True,0.14178087074859702,0.13587595702776634,-0.4175769678958072,-0.006864345543507788,0.0,0.03605060533170734,0.0033517224461284134,0.0729489515968833,-0.0351444488404416,0.035144448840441544,-0.08192778605338358,-0.21460588605473996,-0.07317073170731703,0.024071819850954412,0.0726148721240587,0.05000062597624355,-0.05000062597624355,True,False
2017-NYH1,2017,2016,41,18,1.6041601126334983,1.297682069121696,2.204130492094215,5.153270940495382,0.2926829268292683,0.8896761661989377,0.5334662811161731,8.60193657169305,0.7911067987198146,0.2088932012801854,0.7486054074313445,2.1066488409402346,0.1951219512195122,0.903404359199644,0.452789268352482,0.2716890988891029,0.728310901110897,0.229138353958344,True,False,True,1.6197639184049175,1.3128567248173837,2.1610217726443053,5.232639889340708,0.2926829268292683,0.894508754674698,0.5279496880030574,8.473015297543482,0.8092518499484287,0.1907481500515713,1.1271463498894254,2.1980494112504863,0.5365853658536586,0.7952178506531901,0.43302933804604987,0.3665007952227551,0.633499204777245,0.229138353958344,True,False,True,0.015603805771419177,0.015174655695687767,-0.04310871944990957,0.07936894884532553,0.0,0.004832588475760291,-0.0055165931131156976,-0.1289212741495689,0.018145051228614095,-0.018145051228614095,0.3785409424580809,0.09140057031025162,0.34146341463414637,-0.10818650854645395,-0.01975993030643214,0.09481169633365216,-0.09481169633365205,True,False
2017-NYH2,2017,2016,41,18,3.316708531179186,3.028138206008369,2.3344576120387606,5.125235389636093,0.2926829268292683,0.8771033631473516,0.5365585405919281,8.627607339292606,0.790958223976715,0.209041776023285,0.7767612233539355,2.0483219751709405,0.1951219512195122,0.8963985402127385,0.4694084074015382,0.29115583061935507,0.7088441693806449,0.0,True,True,True,3.387507635915925,3.089288071851082,2.282782340440964,5.292729459980364,0.2926829268292683,0.8830291908435802,0.5221669770757391,8.387948751424563,0.8030262525676415,0.19697374743235851,1.367302735214614,2.2857290920481197,0.7560975609756098,0.7137768634114597,0.40489201858247004,0.3206925110190319,0.679307488980968,0.0,True,True,True,0.0707991047367389,0.06114986584271298,-0.05167527159779661,0.16749407034427044,0.0,0.005925827696228625,-0.014391563516188977,-0.23965858786804262,0.012068028590926483,-0.012068028590926483,0.5905415118606786,0.2374071168771792,0.5609756097560976,-0.18262167680127872,-0.06451638881906818,0.02953668039967683,-0.02953668039967683,True,False
2017-NYH3,2017,2016,41,18,2.5422811700185264,2.2330378749195443,2.334457657389087,5.125235404553381,0.2926829268292683,0.8771033586786773,0.5365585390888411,8.627597821418602,0.7909581190206281,0.20904188097937193,0.7767612233539355,2.0483219751709405,0.1951219512195122,0.8963985402127385,0.4694084074015382,0.29115583061935507,0.7088441693806449,0.017296954149900887,True,False,True,2.5255208912883758,2.218184701735109,2.282782386817883,5.292730209622042,0.2926829268292683,0.8830291863803178,0.5221669065834609,8.38793906060891,0.8030261660217612,0.19697383397823875,1.367302735214614,2.2857290920481197,0.7560975609756098,0.7137768634114597,0.40489201858247004,0.3206925110190319,0.679307488980968,0.017296954149900887,True,False,True,-0.016760278730150624,-0.014853173184435242,-0.051675270571204024,0.1674948050686611,0.0,0.005925827701640518,-0.014391632505380225,-0.23965876080969295,0.012068047001133175,-0.012068047001133175,0.5905415118606786,0.2374071168771792,0.5609756097560976,-0.18262167680127872,-0.06451638881906818,0.02953668039967683,-0.02953668039967683,False,False
2017-TXH1-Dry,2017,2016,41,18,2.0194198063663364,1.673411516286061,1.1709865426094677,4.316689453955661,0.14634146341463414,0.9675443391005588,0.6212270159670509,8.0273556185029,0.7925262783518038,0.20747372164819622,1.1600840604830436,1.600572950488015,0.5609756097560976,0.7835259768095766,0.6274308536359487,0.551101968549679,0.44889803145032103,0.2437138803264695,True,False,True,2.2729259210698123,1.9250498191110712,2.41716547826359,4.6623761340778405,0.2926829268292683,0.8698155043398129,0.5963095375080893,8.135553106858138,0.6790921563123287,0.32090784368767133,1.435231946125307,1.699875664771359,0.8292682926829268,0.6896847896023977,0.593818456340426,0.3389063310185664,0.6610936689814336,0.2437138803264695,True,False,True,0.25350611470347584,0.2516383028250102,1.2461789356541222,0.3456866801221796,0.14634146341463414,-0.0977288347607459,-0.02491747845896153,0.10819748835523768,-0.11343412203947512,0.11343412203947512,0.27514788564226333,0.09930271428334403,0.2682926829268292,-0.09384118720717893,-0.03361239729552279,-0.2121956375311126,0.2121956375311126,True,False
2017-TXH1-Early,2017,2016,41,18,2.2889403771186028,1.9150792863638548,1.1709865426094677,4.316689453955661,0.14634146341463414,0.9675443391005588,0.6212270159670509,8.0273556185029,0.7925262783518038,0.20747372164819622,1.1600840604830436,1.600572950488015,0.5609756097560976,0.7835259768095766,0.6274308536359487,0.551101968549679,0.44889803145032103,0.2437138803264695,True,False,True,2.582354135457131,2.2139914385542623,2.41716547826359,4.6623761340778405,0.2926829268292683,0.8698155043398129,0.5963095375080893,8.135553106858138,0.6790921563123287,0.32090784368767133,1.435231946125307,1.699875664771359,0.8292682926829268,0.6896847896023977,0.593818456340426,0.3389063310185664,0.6610936689814336,0.2437138803264695,True,False,True,0.2934137583385281,0.29891215219040745,1.2461789356541222,0.3456866801221796,0.14634146341463414,-0.0977288347607459,-0.02491747845896153,0.10819748835523768,-0.11343412203947512,0.11343412203947512,0.27514788564226333,0.09930271428334403,0.2682926829268292,-0.09384118720717893,-0.03361239729552279,-0.2121956375311126,0.2121956375311126,True,False
2017-TXH1-Late,2017,2016,41,18,3.1088110513191705,2.9217556003293605,4.132084211923484,5.3697048194670245,0.43902439024390244,0.6630948249953408,0.5048682960561308,8.872241055314634,0.476030731751837,0.5239692682481629,1.1534117484769875,1.5671308959756112,0.5609756097560976,0.7857214594502228,0.6394958628648653,0.6452529994481091,0.3547470005518909,0.2437138803264695,True,False,True,3.9196598885387735,3.764368574373357,3.3502678518197775,4.624767746551209,0.3902439024390244,0.7649525084080198,0.6052075234666002,9.403526688891354,0.6440138364335513,0.35598616356644874,1.858569382047213,2.0811787734811875,0.8780487804878049,0.5363266838102374,0.4587520926228379,0.3483139863744439,0.6516860136255561,0.2437138803264695,True,False,True,0.810848837219603,0.8426129740439965,-0.7818163601037065,-0.7449370729158158,-0.04878048780487804,0.10185768341267898,0.10033922741046941,0.5312856335767204,0.16798310468171423,-0.16798310468171418,0.7051576335702254,0.5140478775055763,0.31707317073170727,-0.24939477563998536,-0.18074377024202737,-0.2969390130736652,0.2969390130736652,True,False
2017-TXH2,2017,2016,41,18,1.901408281556504,1.5404953428976864,4.85299769738662,5.867804602525583,0.43902439024390244,0.5673958881019444,0.4419252890641611,8.574522025881192,0.4160681804579389,0.5839318195420611,1.7629671024398763,2.278726870280171,0.8536585365853658,0.5692736706155618,0.3948638715949658,0.2960037027385232,0.7039962972614768,0.2437138803264695,True,False,True,1.8863424524396348,1.5398614340936214,3.613402080058937,5.836864037134056,0.3902439024390244,0.732213375020878,0.45537056972070095,8.070151246631903,0.4517788328354252,0.5482211671645748,1.1937850692110248,2.6565866093501684,0.6341463414634146,0.7733417184548889,0.3143372448091625,0.07409056538054064,0.9259094346194594,0.2437138803264695,True,False,True,-0.015065829116869267,-0.0006339088040649976,-1.2395956173276828,-0.030940565391526675,-0.04878048780487804,0.1648174869189336,0.013445280656539826,-0.5043707792492889,0.035710652377486274,-0.035710652377486274,-0.5691820332288515,0.3778597390699976,-0.2195121951219512,0.20406804783932708,-0.0805266267858033,-0.22191313735798257,0.22191313735798257,False,False
2017-WIH1,2017,2016,41,18,3.065464480453654,2.684965223223077,1.2508748437372819,6.868686247143623,0.14634146341463414,0.9630504295630598,0.3467812998543476,5.940131659511271,0.20553951223192998,0.79446048776807,1.1681377334903793,1.2555379566144815,0.5609756097560976,0.780867348170885,0.7510258810816814,0.7213426104468924,0.2786573895531076,0.013851517149784238,True,False,True,2.8479663249301943,2.482401355185092,1.1025468689349216,6.948814580984532,0.0975609756097561,0.9713984849850095,0.3423757456564832,5.848472665497807,0.34078020174246754,0.6592197982575325,1.0457863533777676,1.2518683159337174,0.4634146341463415,0.8209825059010134,0.7514675084884952,0.6327091875927021,0.3672908124072979,0.013851517149784238,True,False,True,-0.21749815552345986,-0.2025638680379851,-0.14832797480236026,0.0801283338409089,-0.04878048780487804,0.008348055421949718,-0.00440555419786437,-0.09165899401346422,0.13524068951053755,-0.13524068951053747,-0.12235138011261171,-0.0036696406807641413,-0.09756097560975613,0.040115157730128415,0.00044162740681374935,-0.08863342285419029,0.08863342285419029,False,False
2017-WIH2,2017,2016,41,18,2.0096762932090546,1.6827492237516806,2.506904480737338,7.077932130855042,0.34146341463414637,0.8596591960628057,0.3293009389492717,5.981199344878853,0.24460025110623787,0.7553997488937622,0.7325264839836836,1.3481570442301245,0.14634146341463414,0.9073127179725214,0.7129030458548506,0.6534915116985598,0.3465084883014402,0.40970028372229533,True,False,True,2.139291982170744,1.7997288083087788,2.4564240418214087,7.145263215152032,0.2926829268292683,0.8658518109128709,0.3266944459953076,5.924243760634146,0.2600255395673714,0.7399744604326286,0.6380918963211488,1.2514771240884621,0.21951219512195122,0.9291962135395204,0.7459782035872012,0.6629499264077832,0.33705007359221684,0.40970028372229533,True,False,True,0.1296156889616893,0.11697958455709823,-0.05048043891592924,0.06733108429699008,-0.04878048780487809,0.00619261485006517,-0.00260649295396409,-0.05695558424470715,0.01542528846113353,-0.015425288461133557,-0.09443458766253476,-0.09667992014166238,0.07317073170731708,0.02188349556699898,0.03307515773235059,0.009458414709223373,-0.009458414709223373,True,False
2018-ARH2,2018,2017,59,21,4.280994296308884,4.215708511934303,4.13539329698393,4.64486650808318,0.559322033898305,0.7018890019091084,0.6396758980232315,21.172060546106344,0.7462124240196388,0.25378757598036117,0.8985739467591917,1.128431713522699,0.3728813559322034,0.8584510356802,0.7842896226869795,0.7007640329465801,0.2992359670534199,404.77566499086913,False,False,False,5.088545960962216,5.034991795052349,4.107054521943326,4.814122304920659,0.559322033898305,0.70650757199315,0.6202403233332184,20.436486773412796,0.7058029590980317,0.2941970409019683,1.0619818342646306,1.4496256800830265,0.5084745762711864,0.8120913658365472,0.6767386616107501,0.44311217912774425,0.5568878208722557,404.77566499086913,False,False,False,0.8075516646533325,0.8192832831180459,-0.02833877504060478,0.16925579683747838,0.0,0.00461857008404154,-0.019435574690013113,-0.7355737726935487,-0.04040946492160713,0.04040946492160713,0.1634078875054389,0.3211939665603274,0.13559322033898302,-0.046359669843652807,-0.10755096107622941,-0.2576518538188358,0.2576518538188358,True,False
2018-DEH1,2018,2017,59,21,3.2989864791192525,2.749466231894917,3.08287517079561,8.015699611440839,0.5254237288135594,0.8214174527364158,0.30047405546866746,6.3842509144872555,0.13029716393547341,0.8697028360645266,1.6224845428341794,1.8244557481383563,0.8983050847457628,0.6079876612908852,0.5333040037908776,0.3424295432115252,0.6575704567884748,0.14938640883728083,True,False,True,3.1294570640393657,2.560460403083338,2.3456690958891677,7.839848110763723,0.3898305084745763,0.8928596544271918,0.3178280933306453,6.760697862940529,0.10477024494701598,0.895229755052984,1.4059338800634003,1.5867193460832372,0.8813559322033898,0.6943346880962683,0.6282246155339454,0.5731310545822623,0.4268689454177377,0.14938640883728083,True,False,True,-0.16952941507988672,-0.1890058288115788,-0.7372060749064424,-0.1758515006771164,-0.13559322033898308,0.07144220169077609,0.017354037861977867,0.37644694845327376,-0.025526918988457437,0.02552691898845738,-0.21655066277077917,-0.23773640205511914,-0.016949152542372947,0.08634702680538309,0.09492061174306776,0.23070151137073713,-0.23070151137073713,False,False
2018-IAH2,2018,2017,59,21,3.021685487486575,2.637081129495661,3.6889500341298938,8.1927230396542,0.5254237288135594,0.7545177210858977,0.2838641787589967,6.693076303929968,0.1153597890939686,0.8846402109060314,0.914102653306726,1.611781971908688,0.423728813559322,0.8538955351826334,0.608569100400602,0.46400060688760203,0.535999393112398,0.0032847804546600775,True,True,True,2.962523364530428,2.577409708011525,2.705565418924361,7.996636349394633,0.423728813559322,0.8600464649197587,0.3059285814389944,7.001771049668194,0.13877513611985642,0.8612248638801436,1.3183397251856812,1.5804743139687314,0.8135593220338984,0.7255968867642856,0.6301952637371088,0.4995363589246436,0.5004636410753565,0.0032847804546600775,True,True,True,-0.05916212295614676,-0.05967142148413629,-0.9833846152055328,-0.19608669025956793,-0.10169491525423735,0.10552874383386102,0.022064402679997652,0.30869474573822586,0.023415347025887823,-0.023415347025887767,0.4042370718789552,-0.03130765793995671,0.38983050847457634,-0.12829864841834782,0.0216261633365068,0.03553575203704157,-0.03553575203704151,False,False
2018-IAH4,2018,2017,59,21,2.9479478683046247,2.66828160738827,3.1551756160441573,8.182244776756963,0.5254237288135594,0.8137848386115272,0.29047586015567023,5.996069887659472,0.10227263658769858,0.8977273634123014,1.117120736540189,1.6668813245658392,0.5932203389830508,0.7898630346270858,0.5911006781447481,0.4857024967573782,0.5142975032426218,0.13519297644600034,True,False,True,2.7008001711652474,2.407945575415292,2.965889228000338,7.9802011290171135,0.4915254237288136,0.8342868525806446,0.30533002388176783,6.303003650214398,0.12592513047799261,0.8740748695220074,1.629607351502828,1.98433921850894,0.9152542372881356,0.6125598232656857,0.48669511817351463,0.2715445668802797,0.7284554331197203,0.13519297644600034,True,False,True,-0.24714769713937734,-0.2603360319729777,-0.18928638804381936,-0.20204364773984995,-0.03389830508474578,0.02050201396911744,0.014854163726097602,0.30693376255492666,0.02365249389029403,-0.023652493890294002,0.512486614962639,0.31745789394310076,0.3220338983050848,-0.17730321136140015,-0.10440555997123346,-0.21415792987709847,0.21415792987709847,False,False
2018-ILH1,2018,2017,59,21,2.7300306107354397,2.3689817778945583,4.553432516655151,8.227298974837451,0.559322033898305,0.6510533947183791,0.2724158354486493,6.357765513901878,0.09069322288401857,0.9093067771159814,1.1806927599214314,1.4874445122828184,0.6271186440677966,0.7683515528362852,0.6572854082077932,0.6327397654464104,0.3672602345535896,0.20763854288642847,True,False,True,2.516988158178534,2.1477690802624902,3.230384971268218,7.862522229859988,0.4915254237288136,0.8065950649478477,0.3111001425799057,6.82364057091343,0.11355868797990998,0.88644131202009,1.4262198352902271,1.5646013010602382,0.8813559322033898,0.6870113826031665,0.6363607810460861,0.47704425903244563,0.5229557409675544,0.20763854288642847,True,False,True,-0.2130424525569059,-0.22121269763206808,-1.3230475453869324,-0.3647767449774628,-0.06779661016949146,0.15554167022946863,0.038684307131256424,0.4658750570115515,0.022865465095891407,-0.02286546509589138,0.2455270753687957,0.07715678877741983,0.2542372881355932,-0.08134017023311868,-0.020924627161707177,-0.1556955064139648,0.1556955064139648,False,False
2018-INH1,2018,2017,59,21,2.660569848119407,2.332640707932576,1.5471962392737357,5.1695426368158675,0.3050847457627119,0.9516584171900309,0.5674870776304878,12.365173373180445,0.8919240646590743,0.10807593534092574,0.9710122663979912,1.243038553940378,0.4745762711864407,0.8367539101599465,0.7438377062182643,0.6985956791340299,0.30140432086597013,0.06386409095361988,True,False,True,2.5843777589443024,2.2530643997689808,1.6790070644607498,5.3303292218585465,0.3220338983050847,0.9435903537355347,0.5533860534600925,12.87900209206954,0.8419453435049893,0.15805465649501071,1.169663772706412,1.3478002496176988,0.6271186440677966,0.7768620252881064,0.7145115577493941,0.6408699597277745,0.3591300402722255,0.06386409095361988,True,False,True,-0.07619208917510445,-0.0795763081635954,0.13181082518701404,0.16078658504267906,0.016949152542372836,-0.008068063454496177,-0.014101024170395271,0.5138287188890942,-0.04997872115408497,0.04997872115408497,0.19865150630842088,0.10476169567732074,0.15254237288135591,-0.05989188487184005,-0.02932614846887016,-0.05772571940625537,0.05772571940625537,False,False
2018-MIH1,2018,2017,59,21,1.8505880925686489,1.5627197015264431,4.8055511723200555,5.084895085729414,0.559322033898305,0.6200197353385879,0.585690234445809,19.96136897870715,0.6955983557920632,0.3044016442079368,1.1959717310461766,1.4511208684274055,0.6779661016949152,0.7630955917864775,0.6710301928900159,0.5891874001851879,0.4108125998148121,0.16466514597744875,True,False,False,1.3996097951994937,1.1311893194945746,4.954435814416547,5.268408892012137,0.5932203389830508,0.6031597822152587,0.5647360717096509,19.570494308616453,0.6841773189128724,0.31582268108712763,0.7983377434327038,1.2485553167088514,0.3389830508474576,0.8890293464447983,0.7453109376523473,0.637235460442528,0.362764539557472,0.16466514597744875,True,False,False,-0.4509782973691552,-0.43153038203186855,0.14888464209649133,0.18351380628272285,0.03389830508474578,-0.01685995312332922,-0.020954162736158133,-0.390874670090696,-0.011421036879190827,0.011421036879190827,-0.3976339876134728,-0.20256555171855406,-0.3389830508474576,0.1259337546583208,0.07428074476233149,0.0480480602573401,-0.0480480602573401,False,False
2018-MNH1,2018,2017,59,21,1.7641624520307495,1.3565595009056333,5.286931783006914,5.8351324195681835,0.559322033898305,0.5607021381154026,0.4945231087358118,17.377118609296545,0.5888627582944972,0.4111372417055028,2.173772671606668,2.385375139052095,0.9322033898305084,0.40934428205699847,0.34359455147215134,0.1264895014665439,0.8735104985334561,1.6591872588327177,True,False,False,2.1288521221690018,1.625580095348322,5.361801807817431,5.644239555410278,0.5932203389830508,0.5531478035926888,0.5189659335331439,18.73273998525505,0.6396881860513409,0.3603118139486591,1.4752440914455782,2.0386108426217495,0.8813559322033898,0.669210949084417,0.46708044839466545,0.2673044843553538,0.7326955156446462,1.6591872588327177,True,False,False,0.36468967013825226,0.26902059444268867,0.07487002481051785,-0.19089286415790507,0.03389830508474578,-0.0075543345227138126,0.02444282479733212,1.3556213759585063,0.05082542775684373,-0.05082542775684373,-0.6985285801610899,-0.34676429643034545,-0.05084745762711862,0.25986666702741856,0.1234858969225141,0.14081498288880992,-0.1408149828888099,True,False
2018-MOH1,2018,2017,59,21,1.52516175170289,1.2173029920660663,6.6127176886435395,7.325906794021947,0.5932203389830508,0.4044942751778176,0.33356583622643116,8.210682301502551,0.2451675133688738,0.7548324866311262,1.8503548593277994,2.169998475644269,0.9152542372881356,0.5235162779957331,0.420188184098671,0.12965150195865638,0.8703484980413436,0.1488893704655366,True,False,True,1.541165285802538,1.230985124139641,6.8452855516163655,7.436627609080513,0.5932203389830508,0.3809396837263515,0.3239139241466875,7.747369475214968,0.23329261575938828,0.7667073842406117,1.7329523174527794,2.273512237670356,0.9152542372881356,0.5745074052955734,0.4161278132060682,0.07664031229722887,0.9233596877027711,0.1488893704655366,True,False,True,0.016003534099648054,0.013682132073574715,0.23256786297282606,0.11072081505856612,0.0,-0.0235545914514661,-0.00965191207974364,-0.4633128262875834,-0.011874897609485513,0.011874897609485457,-0.11740254187501997,0.10351376202608709,0.0,0.050991127299840344,-0.004060370892602805,-0.05301118966142751,0.05301118966142748,True,False
2018-NCH1,2018,2017,59,21,2.979494777137952,2.482418906745812,4.372019414532316,5.065629390052009,0.559322033898305,0.6732434640704079,0.5879450863807939,18.264798013102236,0.6422735936128614,0.3577264063871386,1.6672464988292384,1.9237277263984531,0.8983050847457628,0.591297758514769,0.4992622160816305,0.29508957500270705,0.704910424997293,427.1952615011856,False,False,False,2.6517991541757207,2.183925063043694,4.186944610752108,5.3176050481122905,0.559322033898305,0.6969310205328276,0.5593841358974541,16.56899913305054,0.6005081832645227,0.3994918167354773,1.1385061002531955,1.9292330895431633,0.6101694915254238,0.7872418118036613,0.5120351877556356,0.15780395440587913,0.8421960455941209,427.1952615011856,False,False,False,-0.3276956229622314,-0.2984938437021176,-0.1850748037802079,0.25197565806028166,0.0,0.023687556462419712,-0.028560950483339842,-1.6957988800516972,-0.041765410348338694,0.041765410348338694,-0.5287403985760428,0.005505363144710174,-0.288135593220339,0.1959440532888923,0.012772971674005096,-0.13728562059682792,0.13728562059682792,False,False
2018-NYH1,2018,2017,59,21,1.887245798097357,1.4763872393919153,1.8555259607411358,2.3964282707623177,0.3220338983050847,0.9312146485956247,0.8826929154805118,16.19831416698285,0.8563413012815213,0.1436586987184787,1.5518786637060396,1.7425331787406904,0.8305084745762712,0.6342990773410467,0.5634907980959132,0.4372755561749106,0.5627244438250893,0.07493076770731674,True,False,True,1.835566960209448,1.4608889415584123,3.1712027149254047,3.615501282930063,0.4915254237288136,0.8129137383728374,0.7630246783372889,15.34387129197982,0.6845883516864694,0.31541164831353063,1.606298053453369,2.224525136547102,0.8983050847457628,0.6211465222373844,0.4073137664643086,0.19101872784107488,0.8089812721589251,0.07493076770731674,True,False,True,-0.051678837887908946,-0.015498297833502983,1.3156767541842689,1.2190730121677453,0.16949152542372886,-0.11830091022278733,-0.11966823714322283,-0.8544428750030306,-0.17175294959505194,0.17175294959505194,0.054419389747329516,0.4819919578064116,0.06779661016949157,-0.013152555103662311,-0.15617703163160457,-0.24625682833383572,0.24625682833383578,False,False
2018-NYH2,2018,2017,59,21,2.1389225276236576,1.688018867005347,1.342409022252516,4.717583511170922,0.3050847457627119,0.9633865807151182,0.610234848970359,11.805933563391434,0.9618549362515991,0.038145063748400876,1.3276532184628644,1.5191870787422856,0.7457627118644068,0.7166355681288613,0.646141158110275,0.5750877818038049,0.42491221819619507,0.0700619989599348,True,False,True,2.1580323673116637,1.704189471711637,1.8822898593379895,5.264926696652287,0.3559322033898305,0.9296249325773186,0.5607979121797874,11.189072155713815,0.897100554746587,0.10289944525341299,1.871794913989371,2.2000149205316637,0.9322033898305084,0.5238180904427427,0.41269866015326107,0.2581917153716019,0.7418082846283981,0.0700619989599348,True,False,True,0.01910983968800606,0.01617060470628995,0.5398808370854735,0.5473431854813651,0.05084745762711862,-0.03376164813779958,-0.049436936790571595,-0.6168614076776198,-0.06475438150501212,0.06475438150501212,0.5441416955265066,0.680827841789378,0.18644067796610164,-0.19281747768611857,-0.23344249795701388,-0.316896066432203,0.316896066432203,True,False
2018-NYH3,2018,2017,59,21,3.514817362568267,3.168227254427609,2.1102987175796706,4.902384111222501,0.3559322033898305,0.9119417097708666,0.5975346229312315,11.760274202620902,0.8380264992813856,0.16197350071861438,1.3276532184628644,1.5191870787422856,0.7457627118644068,0.7166355681288613,0.646141158110275,0.5750877818038049,0.42491221819619507,0.01247452809906543,True,False,True,3.4743254429703225,3.1257322111957184,2.5912998353898153,5.455345343295545,0.423728813559322,0.8708349793797239,0.5446789609004348,11.131293391705169,0.76979617113953,0.23020382886046997,1.871794913989371,2.2000149205316637,0.9322033898305084,0.5238180904427427,0.41269866015326107,0.2581917153716019,0.7418082846283981,0.01247452809906543,True,False,True,-0.04049191959794429,-0.04249504323189068,0.48100111781014476,0.5529612320730442,0.06779661016949151,-0.041106730391142765,-0.052855662030796724,-0.6289808109157331,-0.06823032814185559,0.06823032814185559,0.5441416955265066,0.680827841789378,0.18644067796610164,-0.19281747768611857,-0.23344249795701388,-0.316896066432203,0.316896066432203,False,False
2018-OHH1,2018,2017,59,21,2.717482963198361,2.4015761783405827,4.7563118373788,4.890845407030528,0.559322033898305,0.6260916157098233,0.6095019391538716,20.68731181257265,0.7329857638560173,0.2670142361439827,1.1980835863365056,1.4217004320150484,0.6779661016949152,0.7623666554309447,0.6814563667962154,0.5586389248266164,0.44136107517338363,0.44208469097066355,True,False,False,1.9583269159718144,1.652451767701641,4.980895783421226,5.135331870831161,0.5932203389830508,0.5999027322970022,0.5809257771378993,20.45649061353545,0.7243867462589522,0.27561325374104784,0.723733745613299,1.287165638556859,0.3050847457627119,0.9078570923407603,0.7297870396410558,0.6120788241471302,0.3879211758528698,0.44208469097066355,True,False,False,-0.7591560472265466,-0.7491244106389416,0.2245839460424257,0.24448646380063277,0.03389830508474578,-0.026188883412821107,-0.02857616201597235,-0.230821199037198,-0.008599017597065162,0.008599017597065162,-0.47434984072320663,-0.1345347934581893,-0.37288135593220334,0.14549043690981556,0.048330672844840494,0.05343989932051385,-0.05343989932051385,False,False
2018-SCH1,2018,2017,59,21,2.7726013840779475,2.464394086660336,4.695775863317535,5.110536482740141,0.559322033898305,0.6335509250140317,0.5824501305205332,19.205307754254818,0.6213196317900854,0.3786803682099146,1.8127441879025916,2.1329916460996095,0.9152542372881356,0.5373289298742597,0.4247828926879834,0.3121361166527563,0.6878638833472437,112.21531154106086,False,False,False,3.378172251981617,3.1037312249868942,4.766945673813205,5.276877655031198,0.559322033898305,0.6262331893688944,0.5636369368786034,18.3218217941945,0.5801299443350476,0.4198700556649524,2.215897729487326,2.669282923626482,0.9322033898305084,0.40405520621136887,0.2734191710288187,0.0813278356981623,0.9186721643018377,112.21531154106086,False,False,False,0.6055708679036695,0.639337138326558,0.07116981049566995,0.16634117229105705,0.0,-0.007317735645137269,-0.018813193641929793,-0.8834859600603195,-0.041189687455037816,0.041189687455037816,0.4031535415847345,0.5362912775268724,0.016949152542372836,-0.13327372366289086,-0.15136372165916473,-0.230808280954594,0.23080828095459405,True,False
2018-TXH1-Dry,2018,2017,59,21,1.960557009002452,1.5942256382389168,1.23580638176104,1.914581003779956,0.2033898305084746,0.9688828597230659,0.918223187563928,16.504663219299,0.9457214010190771,0.05427859898092291,1.179255906713462,1.4061799510115354,0.6271186440677966,0.768844197702929,0.6868479097698422,0.6143372900250643,0.3856627099749357,0.06949743332465584,True,False,True,1.8574279366882016,1.49834970458438,1.0601602452111263,2.2438687530151937,0.15254237288135594,0.977116550581469,0.8871593699480904,16.001918054342948,0.8776620245381688,0.12233797546183123,0.99366333626807,1.524816327119389,0.5084745762711864,0.8334148474853017,0.6461114378046731,0.6477354715393182,0.3522645284606818,0.06949743332465584,True,False,True,-0.10312907231425039,-0.09587593365453673,-0.1756461365499138,0.32928774923523774,-0.05084745762711865,0.008233690858403087,-0.03106381761583754,-0.5027451649560533,-0.06805937648090832,0.06805937648090832,-0.185592570445392,0.11863637610785371,-0.11864406779661019,0.0645706497823727,-0.04073647196516916,0.03339818151425389,-0.03339818151425389,False,False
2018-TXH1-Early,2018,2017,59,21,1.2734691004626122,0.977784677440671,1.23580638176104,1.914581003779956,0.2033898305084746,0.9688828597230659,0.918223187563928,16.504663219299,0.9457214010190771,0.05427859898092291,1.179255906713462,1.4061799510115354,0.6271186440677966,0.768844197702929,0.6868479097698422,0.6143372900250643,0.3856627099749357,0.06949743332465584,True,False,True,1.2962480885262202,1.0032364115851575,1.0601602452111263,2.2438687530151937,0.15254237288135594,0.977116550581469,0.8871593699480904,16.001918054342948,0.8776620245381688,0.12233797546183123,0.99366333626807,1.524816327119389,0.5084745762711864,0.8334148474853017,0.6461114378046731,0.6477354715393182,0.3522645284606818,0.06949743332465584,True,False,True,0.022778988063608008,0.025451734144486537,-0.1756461365499138,0.32928774923523774,-0.05084745762711865,0.008233690858403087,-0.03106381761583754,-0.5027451649560533,-0.06805937648090832,0.06805937648090832,-0.185592570445392,0.11863637610785371,-0.11864406779661019,0.0645706497823727,-0.04073647196516916,0.03339818151425389,-0.03339818151425389,True,False
2018-TXH1-Late,2018,2017,59,21,2.147117733363679,1.867649765668822,1.671765910493249,3.116616642188513,0.3050847457627119,0.9437924285066276,0.8114654351667621,16.54186950307216,0.7376489387966818,0.2623510612033182,1.6531503060772896,1.758948525093541,0.8983050847457628,0.5965523683658555,0.5574709709532948,0.3575026706961024,0.6424973293038976,0.06949743332465584,True,False,True,2.36352128280988,2.099485896612507,2.7962435779494292,4.0216205367075135,0.4915254237288136,0.8512542902527466,0.7126650781361505,13.990933807021394,0.5945469188421658,0.4054530811578342,1.9440035419541348,2.3903358718234133,0.9322033898305084,0.4978472472893435,0.35640764746688064,0.17737154794116106,0.8226284520588389,0.06949743332465584,True,False,True,0.2164035494462011,0.23183613094368494,1.1244776674561803,0.9050038945190004,0.1864406779661017,-0.09253813825388102,-0.09880035703061152,-2.5509356960507663,-0.143102019954516,0.143102019954516,0.2908532358768452,0.6313873467298723,0.03389830508474567,-0.09870512107651197,-0.20106332348641415,-0.18013112275494136,0.18013112275494136,True,False
2018-TXH2,2018,2017,59,21,1.6866794440314692,1.3301179512634094,6.977384370387379,8.359243429891832,0.5932203389830508,0.3650583851488327,0.2416989282970156,5.406547330481982,0.1504868025026632,0.8495131974973368,3.7627907960051665,5.210305566548042,1.0,0.06881510640804228,0.021570360059289966,4.33846741851207e-05,0.9999566153258149,657.0126687086528,False,False,False,1.7245022800242074,1.3661404810514863,6.459025692980655,8.039633629575524,0.5932203389830508,0.4234711423716959,0.2703658906385127,6.07248164260767,0.18416476907223814,0.8158352309277619,3.6391352398446495,4.737921185919417,1.0,0.0868023402284212,0.031916914609369317,0.00022371765510025238,0.9997762823448998,657.0126687086528,False,False,False,0.03782283599273817,0.03602252978807696,-0.5183586774067246,-0.31960980031630726,0.0,0.05841275722286321,0.02866696234149707,0.665934312125688,0.033677966569574946,-0.03367796656957489,-0.12365555616051704,-0.4723843806286254,0.0,0.017987233820378923,0.010346554550079351,0.00018033298091513168,-0.00018033298091513217,True,False
2018-WIH1,2018,2017,59,21,3.136493422484285,2.7261868444669464,3.0828538528997638,7.932593798702541,0.5254237288135594,0.8214196875349529,0.30596138993089733,7.211642627392422,0.10513113193069061,0.8948688680693094,1.1239256662760462,1.3662781018890013,0.5932203389830508,0.7875894019101464,0.701726857867379,0.5898746094543964,0.4101253905456036,0.1572374218593077,True,False,True,3.0246852376258144,2.6126812409094797,2.722796954934867,7.931896390988369,0.4576271186440678,0.8583911065400257,0.30982859152084474,7.216861562398681,0.11719809531629759,0.8828019046837025,1.0219930361441518,1.2783526763408182,0.5084745762711864,0.8246779003158734,0.7380758899656554,0.7655431685589384,0.23445683144106155,0.1572374218593077,True,False,True,-0.11180818485847066,-0.11350560355746664,-0.3600568979648968,-0.0006974077141723711,-0.06779661016949157,0.036971419005072836,0.003867201589947411,0.005218935006259251,0.012066963385606977,-0.012066963385606977,-0.10193263013189435,-0.08792542554818317,-0.0847457627118644,0.03708849840572703,0.036349032098276446,0.17566855910454204,-0.17566855910454204,False,False
2018-WIH2,2018,2017,59,21,1.9183033242333325,1.451410634705555,4.913074908246136,5.0668544780999785,0.559322033898305,0.6067527753723789,0.5877996878323295,21.055631712224727,0.7478896001988957,0.2521103998011043,0.7286837355827218,1.2281695533193708,0.1864406779661017,0.9045039303858428,0.745750127455109,0.5881328434624561,0.4118671565375439,7.152312342232901,True,False,False,2.441264470361867,1.9346759613034663,4.924763511707392,5.169485333258116,0.5932203389830508,0.6068124710233055,0.5767875781244822,21.471350275042965,0.7717700130197641,0.2282299869802359,0.7607421354662129,1.1555257462163742,0.3389830508474576,0.8986987379867176,0.7773991028860829,0.8469896416629875,0.1530103583370125,7.152312342232901,True,False,False,0.5229611461285346,0.4832653265979112,0.011688603461255553,0.10263085515813763,0.03389830508474578,5.969565092656115e-05,-0.011012109707847273,0.41571856281823827,0.02388041282086839,-0.02388041282086839,0.03205839988349113,-0.07264380710299667,0.15254237288135591,-0.005805192399125136,0.03164897543097389,0.2588567982005314,-0.2588567982005314,True,False
2019-DEH1,2019,2018,80,21,2.942278771846333,2.4962220635933856,1.950442748630352,8.637898212594376,0.3875,0.9357430480309622,0.3122319563549335,8.211389156574949,0.05380819827724619,0.9461918017227539,0.7347933677326726,0.9702981394641244,0.225,0.9000255752255266,0.8301348094614784,0.8779233802441841,0.12207661975581585,0.0033538784447729167,True,True,True,2.9442111822963195,2.497494685852588,1.8080873164147642,8.665443232521408,0.3125,0.9447230158049637,0.3117989181925241,8.159489749515,0.05423910433302088,0.9457608956669791,0.9777681435388818,1.2299349270413333,0.525,0.8358616576038493,0.7509153321993667,0.7653429063897809,0.23465709361021914,0.0033538784447729167,True,True,True,0.001932410449986488,0.0012726222592025493,-0.14235543221558777,0.0275450199270324,-0.07500000000000001,0.008979967774001452,-0.00043303816240941595,-0.051899407059949,0.0004309060557746852,-0.00043090605577478236,0.2429747758062092,0.259636787577209,0.30000000000000004,-0.06416391762167728,-0.07921947726211176,-0.11258047385440328,0.11258047385440328,True,False
2019-GAH2,2019,2018,80,21,4.063137283170443,3.782462277168786,6.194028304640085,9.390578142859725,0.65,0.5118134430597097,0.2330231869627714,7.332774124386447,0.04544148638425613,0.9545585136157438,1.1656660904252119,1.1951388170677364,0.675,0.7671438044172015,0.7567390391990212,0.6996948086381928,0.3003051913618072,0.4981986364146789,True,False,True,4.275955813851552,4.0083583203066455,5.22433524936349,9.210186372453103,0.65,0.6220460641637718,0.25530327901438354,7.0458455125620105,0.04819679987992417,0.9518032001200758,1.3177194875649558,1.4233599435717763,0.8125,0.722066315284065,0.683339306633909,0.4028139304508303,0.5971860695491698,0.4981986364146789,True,False,True,0.21281853068110923,0.2258960431378596,-0.9696930552765952,-0.18039177040662224,0.0,0.11023262110406218,0.022280092051612133,-0.2869286118244361,0.0027553134956680367,-0.0027553134956680436,0.15205339713974397,0.22822112650403992,0.13749999999999996,-0.04507748913313658,-0.07339973256511223,-0.2968808781873625,0.29688087818736253,True,False
2019-IAH4,2019,2018,80,21,2.4524546288050044,2.173192222298005,5.38839163310245,5.502949254770746,0.625,0.6023659071005023,0.5893901963391631,27.22214760150673,0.6651360703858922,0.3348639296141078,0.8778456022494019,1.0552736323901886,0.4125,0.8604177642148987,0.8022674632521769,0.7036067105662266,0.2963932894337734,8.89976898836406,True,False,False,1.9425777425969504,1.652012773738753,5.58997337961967,5.710013794562345,0.65,0.5807015049271236,0.5671691485881784,26.97698505492569,0.6584126955014501,0.3415873044985499,0.762943409775095,0.9756805962490152,0.4125,0.896584549869931,0.8340537180113202,0.7233241001370188,0.27667589986298124,8.89976898836406,True,False,False,-0.509876886208054,-0.521179448559252,0.2015817465172196,0.2070645397915989,0.025000000000000022,-0.021664402173378727,-0.022221047750984768,-0.24516254658103875,-0.006723374884442079,0.006723374884442079,-0.11490219247430689,-0.07959303614117341,0.0,0.036166785655032285,0.03178625475914332,0.019717389570792165,-0.019717389570792165,False,False
2019-ILH1,2019,2018,80,21,4.091826197513018,3.7683197948259735,2.9672678019745367,6.216948948608122,0.5,0.8575185555341313,0.5180361091306522,16.126418705571048,0.2529964186981759,0.7470035813018241,0.9968034372803745,1.1265794800348177,0.5375,0.8237875172980493,0.7795523451667463,0.7369813217450796,0.2630186782549204,0.39453951931046083,True,False,True,2.014335209935032,1.643862474390748,1.5576992247244528,5.833186576655626,0.2375,0.9586734106793066,0.5488607679913489,16.350781454468397,0.5697018283472627,0.4302981716527373,0.7240252659993196,0.9645685988336575,0.3125,0.9063680334256591,0.8376222221534599,0.8027171999698814,0.19728280003011855,0.39453951931046083,True,False,True,-2.0774909875779857,-2.1244573204352255,-1.4095685772500839,-0.3837623719524963,-0.2625,0.1011548551451753,0.03082465886069663,0.22436274889734875,0.3167054096490868,-0.3167054096490868,-0.27277817128105486,-0.16201088120116014,-0.22499999999999998,0.08258051612760975,0.05806987698671362,0.06573587822480187,-0.06573587822480187,False,False
2019-INH1,2019,2018,80,21,4.792620859562425,4.542158967443703,2.6460002846938897,4.767156721000118,0.475,0.8849454181537657,0.6653009439280562,18.361134064828185,0.7655006845915965,0.23449931540840352,0.6465241332874055,1.1034852892812483,0.175,0.9216908125713361,0.7829074307359702,0.695741725756247,0.30425827424375296,0.10334138738536988,True,False,True,4.5273773690947,4.262008113932509,2.0530344382170496,4.8953333429908055,0.3375,0.9293089282727565,0.649855707912384,18.31754820338105,0.7706752486050302,0.22932475139496977,0.36527317403072784,0.858099125727055,0.1875,0.975288282841652,0.8624084844322566,0.7691575838292535,0.23084241617074652,0.10334138738536988,True,False,True,-0.265243490467725,-0.28015085351119406,-0.5929658464768401,0.12817662199068725,-0.13749999999999996,0.04436351011899076,-0.015445236015672159,-0.04358586144713428,0.005174564013433747,-0.005174564013433747,-0.2812509592566777,-0.2453861635541933,0.012500000000000011,0.05359747027031592,0.07950105369628635,0.07341585807300643,-0.07341585807300643,False,False
2019-MIH1,2019,2018,80,21,1.8323306878091004,1.479711293597238,2.7483922272776082,6.0534508149786825,0.475,0.8764530625577823,0.5328319945842054,15.546164137121039,0.7056246829963302,0.2943753170036698,1.1562974931768872,1.2526155372392327,0.675,0.7704063674122332,0.7360867090149823,0.7101217003007099,0.28987829969929013,3.030464582209175,True,False,True,1.7683684620361282,1.41715290779367,1.5327476701106513,5.649749662439362,0.2375,0.9599601057719882,0.5650191212850588,16.1412208677701,0.8419614409556173,0.1580385590443827,0.857480162375041,1.066524498904205,0.4375,0.8711931552861775,0.8066172783947548,0.8379458579415486,0.16205414205845137,3.030464582209175,True,False,True,-0.06396222577297217,-0.0625583858035681,-1.215644557166957,-0.4037011525393206,-0.2375,0.08350704321420588,0.03218712670085344,0.5950567306490626,0.13633675795928712,-0.13633675795928712,-0.29881733080184625,-0.1860910383350276,-0.23750000000000004,0.10078678787394424,0.07053056937977253,0.12782415764083876,-0.12782415764083876,False,False
2019-MNH1,2019,2018,80,21,1.8276484482409656,1.4153744411853353,2.3193873612105533,8.852564202276943,0.4375,0.9103587225995585,0.2994139488191944,7.541603241248939,0.049365611442287786,0.9506343885577122,0.9278130524242643,1.1111743208301108,0.4625,0.8454055085202745,0.7845644956064716,0.7926330672875802,0.2073669327124198,0.38177466080354394,True,False,True,1.8394912538413413,1.4356490621102944,2.5260482099833985,8.904453173332577,0.4375,0.8949490244514068,0.29659819879235727,7.617971598482838,0.050657079058626306,0.9493429209413737,0.8120476593550832,1.0895135361740915,0.4375,0.8836743706786354,0.7979966528059693,0.7945257749687108,0.2054742250312892,0.38177466080354394,True,False,True,0.01184280560037565,0.02027462092495913,0.20666084877284518,0.05188897105563406,0.0,-0.01540969814815174,-0.0028157500268371494,0.0763683572338989,0.0012914676163385194,-0.0012914676163384708,-0.1157653930691811,-0.021660784656019283,-0.025000000000000022,0.038268862158360895,0.013432157199497752,0.0018927076811305898,-0.0018927076811305898,True,False
2019-MOH1,2019,2018,80,21,1.875877103588236,1.468318059393715,2.8738236759051605,4.92361290847664,0.475,0.8657287972004706,0.6493899472799877,20.336984107982573,0.8254492166305063,0.1745507833694937,0.673072234021104,1.146286831396275,0.175,0.915413021335765,0.7672510118323403,0.6869945846977167,0.3130054153022833,0.15689069517806647,True,False,True,1.869275974611832,1.4707741395329177,2.8806485072620114,4.864343033967115,0.525,0.865596669591256,0.6564348790554915,20.54415670521056,0.8189167432653517,0.1810832567346483,0.9161036990014486,1.0945515304036673,0.5,0.8543702713222813,0.7962237994569806,0.7148944168464801,0.28510558315351986,0.15689069517806647,True,False,True,-0.00660112897640408,0.002456080139202621,0.006824831356850858,-0.05926987450952481,0.050000000000000044,-0.00013212760921454958,0.007044931775503804,0.20717259722798786,-0.006532473365154612,0.006532473365154612,0.24303146498034456,-0.05173530099260781,0.325,-0.06104275001348369,0.028972787624640284,0.02789983214876346,-0.02789983214876346,False,False
2019-NEH1,2019,2018,80,21,2.6924369043472365,2.254281826606525,5.001015689163954,5.459639656277344,0.625,0.6462114920375607,0.5943074056491444,29.604522830208147,0.7592099068077638,0.2407900931922362,0.9694539666324328,1.2846232663782409,0.5,0.832475418711977,0.721973414044832,0.6067505080860498,0.3932494919139502,4.487041133292401,True,False,False,2.303607580734301,1.8302928037410688,5.060508706634818,5.302293636505809,0.65,0.6405463679224707,0.6132264116534942,30.175323610003296,0.7893696638894917,0.2106303361105083,0.6808833240389831,0.9976890717584169,0.2625,0.9167292911117787,0.8244665876486945,0.7662287530171995,0.2337712469828005,4.487041133292401,True,False,False,-0.38882932361293543,-0.42398902286545637,0.05949301747086366,-0.15734601977153506,0.025000000000000022,-0.0056651241150900145,0.018919006004349814,0.5708007797951495,0.03015975708172791,-0.03015975708172791,-0.28857064259344967,-0.28693419461982395,-0.2375,0.08425387239980164,0.10249317360386256,0.1594782449311497,-0.1594782449311497,False,False
2019-NEH2,2019,2018,80,21,2.291445775408191,1.96490922502783,5.217288788289314,5.545249687187136,0.625,0.6217546308268881,0.5846221382826399,29.700446092166203,0.7592255353544068,0.24077446464559316,0.9780569910201065,1.1841001458590164,0.5,0.8297588343716019,0.7590164465111559,0.6615580603896969,0.3384419396103031,4.487041133292401,True,False,False,1.761918220787865,1.4323429808143795,5.072776272071565,5.328682926667349,0.65,0.6391628507405432,0.6102425010416103,30.09998192505253,0.7857632162787748,0.21423678372122523,0.609354814345346,0.9646972154385696,0.25,0.9327338396371755,0.8335719609851695,0.777547439636137,0.22245256036386296,4.487041133292401,True,False,False,-0.529527554620326,-0.5325662442134504,-0.1445125162177492,-0.21656676051978696,0.025000000000000022,0.017408219913655154,0.025620362758970394,0.39953583288632544,0.026537680924367923,-0.026537680924367923,-0.36870217667476046,-0.21940293042044678,-0.25,0.10297500526557357,0.07455551447401365,0.11598937924644015,-0.11598937924644015,False,False
2019-NEH2L,2019,2018,80,21,2.160189166589839,1.6997897586330524,5.673189682296252,6.036776435612322,0.65,0.5701313143091818,0.5294126155657064,24.529529901031367,0.5960102214901263,0.4039897785098737,0.5718429730014843,1.187834963535698,0.175,0.9381976934566209,0.7504350319539765,0.692330783315692,0.307669216684308,4.487041133292401,True,False,False,2.1511759277460416,1.669028196301748,5.750208458910128,6.036845741291787,0.65,0.5626347468665824,0.5306684118653746,24.868878862884806,0.6067674469463341,0.3932325530536659,0.7918535095914608,1.0857634653614285,0.4125,0.8890583656424431,0.7982053545622605,0.7577091042182593,0.24229089578174068,4.487041133292401,True,False,False,-0.009013238843797566,-0.03076156233130445,0.07701877661387613,6.930567946472621e-05,0.0,-0.007496567442599411,0.0012557962996682104,0.3393489618534389,0.01075722545620783,-0.01075722545620783,0.2200105365899765,-0.10207149817426941,0.2375,-0.049139327814177736,0.047770322608283955,0.06537832090256734,-0.06537832090256734,False,False
2019-NYH1,2019,2018,80,21,1.8472918698636405,1.5406288118612936,1.7903428914112824,3.92181013841225,0.325,0.9455781382724202,0.7379804162853887,18.088734106668973,0.9071997839781872,0.09280021602181276,1.1754870677992553,1.312283273302565,0.6875,0.7637104554802907,0.7140397754950015,0.7755758955692948,0.22442410443070515,0.03586872803946249,True,False,True,1.7143419101473558,1.4074554206950791,1.4926212936000194,4.073691544076855,0.2125,0.9619892590757029,0.7250349068351291,17.973198985239904,0.88427985165742,0.11572014834258004,1.262759162558793,1.7093435341445034,0.725,0.7415290800898973,0.5779520022271163,0.6127196952014541,0.3872803047985459,0.03586872803946249,True,False,True,-0.13294995971628465,-0.13317339116621452,-0.29772159781126306,0.15188140566460495,-0.11250000000000002,0.016411120803282664,-0.012945509450259629,-0.11553512142906897,-0.022919932320767278,0.022919932320767278,0.08727209475953779,0.39706026084193846,0.03749999999999998,-0.022181375390393443,-0.13608777326788524,-0.16285620036784076,0.16285620036784076,False,False
2019-NYH2,2019,2018,80,21,4.167577456916778,3.822583291694416,4.0796549561067454,4.261292128732209,0.6,0.7478413410428097,0.7281368021679546,27.40249026351978,0.7267848262325237,0.2732151737674763,1.0636236144102411,1.3232081497266062,0.6125,0.8019556450210575,0.708747960839301,0.4904364247502641,0.5095635752497358,0.14907734143147078,True,False,False,3.672428183913164,3.3048745718462897,4.108527514219649,4.25788876163177,0.625,0.7455690507418115,0.7294264899539569,28.00950088765371,0.7592052744822002,0.2407947255177998,1.1694909009242682,1.3330487986875768,0.675,0.7737568867070573,0.7156107389501434,0.6964621937907303,0.30353780620926973,0.14907734143147078,True,False,False,-0.495149273003614,-0.5177087198481263,0.028872558112903235,-0.003403367100438537,0.025000000000000022,-0.002272290300998292,0.001289687786002247,0.607010624133931,0.03242044824967649,-0.03242044824967649,0.1058672865140271,0.009840648960970588,0.0625,-0.028198758314000205,0.006862778110842349,0.20602576904046616,-0.2060257690404661,False,False
2019-NYH3,2019,2018,80,21,3.872854669476459,3.402732629751235,4.079655024524539,4.261292162523522,0.6,0.7478413337544879,0.7281367985221612,27.402618661740224,0.726789022645437,0.273210977354563,1.0636236144102411,1.3232081497266062,0.6125,0.8019556450210575,0.708747960839301,0.4904364247502641,0.5095635752497358,0.17147562501798008,True,False,False,3.500095977759972,3.017432111873842,4.108527582156638,4.257888807834606,0.625,0.7455690435023685,0.72942648495774,28.009632965249903,0.7592099672029285,0.24079003279707145,1.1694909009242682,1.3330487986875768,0.675,0.7737568867070573,0.7156107389501434,0.6964621937907303,0.30353780620926973,0.17147562501798008,True,False,False,-0.3727586917164869,-0.38530051787739295,0.028872557632099394,-0.0034033546889160604,0.025000000000000022,-0.002272290252119391,0.0012896864355788074,0.6070143035096791,0.03242094455749156,-0.03242094455749156,0.1058672865140271,0.009840648960970588,0.0625,-0.028198758314000205,0.006862778110842349,0.20602576904046616,-0.2060257690404661,False,False
2019-OHH1,2019,2018,80,21,3.5002103583984696,3.2288555153725325,2.887669492628032,8.961809365531455,0.475,0.8645239590751969,0.2904846012809964,7.228292078283168,0.047494089862628264,0.9525059101373717,1.0041311028792343,1.221832846447297,0.5375,0.8214345113180964,0.7461381827009665,0.6856077724589226,0.31439222754107743,0.004638219767818053,True,False,True,3.358957280691105,3.0794540054479054,2.6257265282723496,8.882473076788406,0.4875,0.8869908671650689,0.29727105891858574,7.359775993596668,0.0494132784914521,0.950586721508548,0.7764040860787682,0.9827901618345282,0.4125,0.8931072608157214,0.8326090269187658,0.7654793291393709,0.2345206708606291,0.004638219767818053,True,False,True,-0.1412530777073644,-0.14940150992462709,-0.2619429643556823,-0.07933628874304866,0.012500000000000011,0.022466908089872062,0.006786457637589338,0.1314839153134999,0.0019191886288238355,-0.001919188628823787,-0.22772701680046614,-0.23904268461276879,-0.125,0.07167274949762503,0.08647084421779927,0.07987155668044832,-0.07987155668044832,False,False
2019-SCH1,2019,2018,80,21,5.108361435192209,5.0110921119003455,3.112871989593414,8.819005897478164,0.55,0.8443670719245111,0.29710703780350334,7.257885558712353,0.04466559249614389,0.9553344075038561,1.8369693544296855,2.095697163108496,0.9375,0.5177226842220923,0.4259587406348098,0.25915656222299177,0.7408434377770082,0.1065232773145675,True,False,True,4.912411816538171,4.810944440004861,2.4337820979629097,8.601043367497484,0.425,0.9021010938987539,0.31419502260798615,7.768363119126481,0.05203781890867054,0.9479621810913295,1.3854674602029777,1.6004996100609403,0.875,0.6976880692595662,0.6184481294742534,0.4620293848567835,0.5379706151432164,0.1065232773145675,True,False,True,-0.19594961865403793,-0.20014767189548444,-0.6790898916305044,-0.21796252998067978,-0.12500000000000006,0.05773402197424282,0.017087984804482814,0.5104775604141283,0.007372226412526654,-0.007372226412526661,-0.4515018942267077,-0.49519755304755564,-0.0625,0.17996538503747384,0.1924893888394436,0.20287282263379175,-0.2028728226337918,False,False
2019-TXH1,2019,2018,80,21,1.7847956594670586,1.3588859298129483,1.3675837670606268,1.466552523600382,0.275,0.9678757818991587,0.9630511737058255,25.76427241628268,0.951461317146833,0.04853868285316698,0.9496835859471153,1.0971729833291808,0.5,0.8386602970602794,0.7899750250505498,0.8110933062868548,0.18890669371314517,0.0,True,True,True,1.7857846148922651,1.3603071515334777,1.5913480164283231,1.9092956824337175,0.2375,0.956908129228265,0.9380074311620616,25.19209121824258,0.9463702382691208,0.05362976173087919,0.9884961114115807,1.0930042049353736,0.55,0.8325615769797724,0.7985958324475927,0.8240838462213907,0.17591615377860925,0.0,True,True,True,0.0009889554252064947,0.0014212217205293864,0.22376424936769634,0.4427431588333355,-0.03750000000000003,-0.010967652670893724,-0.025043742543763847,-0.5721811980400986,-0.005091078877712207,0.005091078877712207,0.03881252546446534,-0.004168778393807138,0.050000000000000044,-0.006098720080507047,0.008620807397042851,0.012990539934535916,-0.012990539934535916,True,False
2019-TXH2,2019,2018,80,21,1.5224515467887416,1.232313108280174,1.367583698082361,1.4665525258484806,0.275,0.967875785087108,0.9630511735507827,25.764494769692824,0.9514622346357574,0.04853776536424259,0.9496835859471153,1.0971729833291808,0.5,0.8386602970602794,0.7899750250505498,0.8110933062868548,0.18890669371314517,0.11475591461728259,True,False,True,1.527608054019122,1.2333980534854532,1.5913479571492999,1.9092956686151816,0.2375,0.9569081323684933,0.938007431886277,25.192306288215143,0.9463706797714428,0.053629320228557154,0.9884961114115807,1.0930042049353736,0.55,0.8325615769797724,0.7985958324475927,0.8240838462213907,0.17591615377860925,0.11475591461728259,True,False,True,0.005156507230380303,0.0010849452052792419,0.22376425906693886,0.442743142766701,-0.03750000000000003,-0.010967652718614773,-0.025043741664505736,-0.5721884814776814,-0.0050915548643145625,0.0050915548643145625,0.03881252546446534,-0.004168778393807138,0.050000000000000044,-0.006098720080507047,0.008620807397042851,0.012990539934535916,-0.012990539934535916,True,False
2019-TXH3,2019,2018,80,21,1.6237161896504662,1.2878035281473663,1.3675837670606268,1.466552523600382,0.275,0.9678757818991587,0.9630511737058255,25.76427241628268,0.951461317146833,0.04853868285316698,0.9496835859471153,1.0971729833291808,0.5,0.8386602970602794,0.7899750250505498,0.8110933062868548,0.18890669371314517,0.0,True,True,True,1.6290930396496437,1.2906836617287574,1.5913480164283231,1.9092956824337175,0.2375,0.956908129228265,0.9380074311620616,25.19209121824258,0.9463702382691208,0.05362976173087919,0.9884961114115807,1.0930042049353736,0.55,0.8325615769797724,0.7985958324475927,0.8240838462213907,0.17591615377860925,0.0,True,True,True,0.005376849999177535,0.0028801335813910534,0.22376424936769634,0.4427431588333355,-0.03750000000000003,-0.010967652670893724,-0.025043742543763847,-0.5721811980400986,-0.005091078877712207,0.005091078877712207,0.03881252546446534,-0.004168778393807138,0.050000000000000044,-0.006098720080507047,0.008620807397042851,0.012990539934535916,-0.012990539934535916,True,False
2019-WIH1,2019,2018,80,21,2.88131109386779,2.4758772361383623,1.6466387808643623,5.769608920161518,0.3,0.9537668041960407,0.5532883118754617,15.811166999251927,0.9279557520066597,0.0720442479933403,1.009090243860097,1.19613826634653,0.5375,0.8198361375796867,0.7548691107630254,0.6704715138552042,0.3295284861447958,0.011407527612590484,True,False,True,2.8587984236419577,2.4527347108148403,1.585737348641457,5.625489524656587,0.2375,0.9572048690254112,0.5655651187830724,15.90662633883413,0.922479868988981,0.07752013101101896,1.107726675038372,1.3316194791518747,0.5875,0.794438096941041,0.7162350984535921,0.626771252636994,0.37322874736300604,0.011407527612590484,True,False,True,-0.022512670225832476,-0.023142525323522012,-0.06090143222290534,-0.1441193955049318,-0.0625,0.0034380648293705907,0.012276806907610682,0.09545933958220232,-0.005475883017678651,0.005475883017678651,0.09863643117827503,0.13548121280534464,0.050000000000000044,-0.025398040638645702,-0.03863401230943331,-0.043700261218210246,0.043700261218210246,False,False
2019-WIH2,2019,2018,80,21,2.184347921156526,1.765771414650128,5.024289206454011,5.153221374024197,0.625,0.6435845792565442,0.6290029991482734,27.786333998704645,0.6805037856032011,0.31949621439679887,1.0463400067573487,1.1412163888470024,0.575,0.8076814399854484,0.7752580604122752,0.7879701742798441,0.21202982572015594,3.9920847493241607,True,False,False,2.78647251482435,2.371725623209752,5.145738023598449,5.307474030929036,0.65,0.6309276087855865,0.6126417955010071,27.581080403009217,0.6879285389203139,0.3120714610796861,1.0556460702737815,1.2358444810142353,0.5625,0.8114030765779346,0.7502390600023116,0.7573320698927335,0.2426679301072665,3.9920847493241607,True,False,False,0.6021245936678241,0.6059542085596239,0.12144881714443834,0.15425265690483947,0.025000000000000022,-0.012656970470957707,-0.016361203647266342,-0.205253595695428,0.007424753317112787,-0.007424753317112787,0.009306063516432816,0.09462809216723289,-0.012499999999999956,0.003721636592486255,-0.025019000409963632,-0.030638104387110565,0.030638104387110565,True,False
2020-DEH1,2020,2019,101,16,2.256018215772571,1.740053123195747,5.190976887715773,5.3913705042914675,0.7227722772277227,0.6235241245871638,0.6007735795355453,34.53025484936496,0.7106028402899762,0.2893971597100238,1.0041389792860438,1.1202419594961348,0.5841584158415841,0.8188095184389605,0.779305931391135,0.7112832715822245,0.2887167284177755,2.3935503151497888,True,False,False,2.0444582168018464,1.5598308662205915,4.938214134100074,5.4238280629007,0.7425742574257426,0.6513725990696505,0.5962406758671849,33.36104804234868,0.7038315097669385,0.29616849023306147,1.2500576067031919,1.5334778774794837,0.7623762376237624,0.7437846890335338,0.6399418391388817,0.4916774986405994,0.5083225013594006,2.3935503151497888,True,False,False,-0.21155999897072464,-0.18022225697515548,-0.25276275361569933,0.032457558609232606,0.01980198019801982,0.02784847448248673,-0.004532903668360455,-1.1692068070162804,-0.0067713305230376886,0.0067713305230376886,0.2459186274171481,0.4132359179833489,0.17821782178217827,-0.07502482940542676,-0.13936409225225332,-0.2196057729416251,0.2196057729416251,False,False
2020-INH1,2020,2019,101,16,3.808599019703593,3.476515492460265,2.2600037661372285,9.496367820455461,0.48514851485148514,0.9143548288326092,0.26799696734917894,7.286999278214217,0.02623238475882981,0.9737676152411702,0.7830739388103726,0.9587191440096966,0.3465346534653465,0.8855259598965376,0.8313962627157269,0.6751025685165791,0.3248974314834209,0.08693089032787273,True,False,True,3.821967467425895,3.4905337488660155,2.1628525433142003,9.583390603957607,0.45544554455445546,0.9210582969299567,0.2644386662197812,7.207210382147204,0.025972368163451182,0.9740276318365488,0.6201466173538205,1.0950623276374896,0.32673267326732675,0.9297408635969192,0.7899058140879607,0.646374012261453,0.35362598773854703,0.08693089032787273,True,False,True,0.013368447722302168,0.014018256405750495,-0.09715122282302824,0.08702278350214598,-0.029702970297029674,0.006703468097347454,-0.0035583011293977562,-0.07978889606701234,-0.0002600165953786267,0.00026001659537866484,-0.1629273214565521,0.13634318362779296,-0.019801980198019764,0.044214903700381614,-0.041490448627766185,-0.02872855625512616,0.02872855625512616,True,False
2020-MIH1,2020,2019,101,16,2.566167822638504,2.281427889106352,1.783071756388327,4.525250348401089,0.3465346534653465,0.9457907381053567,0.6783255678986656,20.74878375970446,0.9123478537798062,0.0876521462201938,1.6150458602020095,1.6917468012610641,0.9108910891089109,0.5962268708911862,0.5670366210851558,0.39450297482128893,0.6054970251787111,0.07178408083000654,True,False,True,2.5104630136691197,2.2230754532395687,1.6871281930066997,4.502514590913058,0.37623762376237624,0.9511951443212164,0.6804591298430978,20.914688380170762,0.8935370869392242,0.10646291306077582,1.3594415857684616,1.5379514046818763,0.801980198019802,0.7046369075928324,0.6386367714225532,0.4620504183129195,0.5379495816870805,0.07178408083000654,True,False,True,-0.055704808969384345,-0.05835243586678329,-0.09594356338162724,-0.02273575748803136,0.02970297029702973,0.005404406215859692,0.0021335619444321496,0.1659046204663035,-0.018810766840582027,0.018810766840582027,-0.25560427443354783,-0.15379539657918784,-0.1089108910891089,0.10841003670164617,0.0716001503373973,0.06754744349163055,-0.06754744349163055,False,False
2020-MNH1,2020,2019,101,16,1.815841918745445,1.509618580686457,1.0779041887496055,6.0862144303876216,0.19801980198019803,0.9798383000558852,0.5225053129068774,16.496871917685425,0.6151586563460194,0.3848413436539806,0.7451094607703711,0.9128645805777846,0.297029702970297,0.895770387623995,0.8464737094695508,0.7301515768994564,0.2698484231005436,0.1014021295171724,True,False,True,1.4855418917856726,1.1554302143857689,1.1193923078904198,6.031965613051956,0.1782178217821782,0.9782140195764059,0.5258927866479215,16.635505908617045,0.34179851588830024,0.6582014841116998,0.7894085767131996,0.9068753269184384,0.43564356435643564,0.8886577181281995,0.8550237452224809,0.8669850856338226,0.1330149143661774,0.1014021295171724,True,False,True,-0.33030002695977245,-0.3541883663006882,0.041488119140814295,-0.05424881733566522,-0.01980198019801982,-0.0016242804794793786,0.003387473741044089,0.13863399093161988,-0.27336014045771917,0.27336014045771917,0.04429911594282854,-0.0059892536593462165,0.13861386138613863,-0.007112669495795476,0.008550035752930119,0.13683350873436617,-0.13683350873436617,False,False
2020-NEH1,2020,2019,101,16,2.8037495208421594,2.282837704649193,5.014814579548504,5.162784302063116,0.7227722772277227,0.6434885499546021,0.6267055347462159,35.77388166176188,0.7416486519502025,0.25835134804979754,1.0589292461015347,1.4100197945466069,0.6435643564356436,0.8006637230609189,0.6724944727391642,0.5743820992392914,0.4256179007607086,0.942936779735537,True,False,False,2.76573020153546,2.2439977498058306,4.983714721275259,5.386933916182757,0.7425742574257426,0.6462237849539577,0.6004472738383005,35.45068760542303,0.7497529392306564,0.25024706076934355,0.9925543099663217,1.3608793657317901,0.594059405940594,0.8297634654248783,0.7018518863894857,0.6017812333356921,0.3982187666643079,0.942936779735537,True,False,False,-0.03801931930669955,-0.038839954843362445,-0.031099858273244685,0.22414961411964107,0.01980198019801982,0.0027352349993555736,-0.026258260907915387,-0.3231940563388491,0.008104287280453981,-0.008104287280453981,-0.06637493613521306,-0.04914042881481673,-0.04950495049504955,0.029099742363959402,0.029357413650321518,0.027399134096400712,-0.027399134096400712,False,False
2020-NEH2,2020,2019,101,16,1.264325156954245,0.9698108403840776,5.241141121430575,5.825634069538704,0.7227722772277227,0.6178302026304924,0.5519936152245608,28.07344281815294,0.5527090276638519,0.4472909723361481,2.2011679547499097,2.5220822211920524,0.9801980198019802,0.3826656065951793,0.29225239454296364,0.06947080776275226,0.9305291922372477,0.756080323849264,True,False,False,1.446369186759522,1.1817852188299596,5.612309106271479,6.296269033940309,0.7623762376237624,0.574822416763341,0.49917559073192874,24.15192290966748,0.4771941137137802,0.5228058862862198,2.2536352437247182,2.729973215890781,0.9801980198019802,0.38210311599981855,0.24990138450594857,0.01947135348293634,0.9805286465170636,0.756080323849264,True,False,False,0.182044029805277,0.21197437844588196,0.37116798484090463,0.47063496440160524,0.03960396039603964,-0.04300778586715137,-0.052818024492632065,-3.921519908485461,-0.0755149139500717,0.0755149139500717,0.05246728897480857,0.20789099469872863,0.0,-0.0005624905953607318,-0.04235101003701508,-0.04999945427981592,0.04999945427981589,True,False
2020-NYH1,2020,2019,101,16,3.026489158843076,2.4105239336761795,1.8699997147339604,2.7606486266015455,0.38613861386138615,0.9405404083273352,0.8724383686421717,25.617405548262106,0.8171727377346504,0.18282726226534962,1.0878335351486175,1.6527000246836678,0.6732673267326733,0.7908742060038102,0.5811578707830706,0.2450196280951136,0.7549803719048864,0.04297406523306726,True,False,True,3.0477054195297337,2.4373661593578317,1.4517269188978237,3.3020326658192483,0.2376237623762376,0.9636305505026066,0.8162355865326424,25.671517058251005,0.7483671886426713,0.25163281135732873,1.0547502759100194,1.3624569278141125,0.6237623762376238,0.8099888098594851,0.7006402922906503,0.47464443417575175,0.5253555658242482,0.04297406523306726,True,False,True,0.02121626068665794,0.026842225681652288,-0.41827279583613675,0.5413840392177027,-0.14851485148514854,0.02309014217527139,-0.05620278210952934,0.0541115099888998,-0.06880554909197911,0.06880554909197911,-0.03308325923859812,-0.2902430968695553,-0.04950495049504955,0.019114603855674872,0.1194824215075797,0.22962480608063815,-0.22962480608063818,True,False
2020-NYH2,2020,2019,101,16,2.727316403706774,2.171160133709232,1.86999976178404,2.7606486518088165,0.38613861386138615,0.940540405426043,0.8724383666359031,25.617070997017123,0.8171724230531302,0.1828275769468698,1.0878335351486175,1.6527000246836678,0.6732673267326733,0.7908742060038102,0.5811578707830706,0.2450196280951136,0.7549803719048864,0.19027219958606018,True,False,True,2.749948158802704,2.1937034148628567,1.4517269795040142,3.302032707728812,0.2376237623762376,0.9636305475218314,0.8162355828862633,25.67117279021845,0.748365480890718,0.25163451910928203,1.0547502759100194,1.3624569278141125,0.6237623762376238,0.8099888098594851,0.7006402922906503,0.47464443417575175,0.5253555658242482,0.19027219958606018,True,False,True,0.022631755095930295,0.022543281153624584,-0.41827278228002585,0.5413840559199956,-0.14851485148514854,0.023090142095788413,-0.05620278374963983,0.05410179320132613,-0.06880694216241223,0.06880694216241223,-0.03308325923859812,-0.2902430968695553,-0.04950495049504955,0.019114603855674872,0.1194824215075797,0.22962480608063815,-0.22962480608063818,True,False
2020-NYH3,2020,2019,101,16,2.7880050700721983,2.14803075357084,1.8699997147339604,2.7606486266015455,0.38613861386138615,0.9405404083273352,0.8724383686421717,25.617405548262106,0.8171727377346504,0.18282726226534962,1.0878335351486175,1.6527000246836678,0.6732673267326733,0.7908742060038102,0.5811578707830706,0.2450196280951136,0.7549803719048864,0.04297406523306726,True,False,True,2.829361683230751,2.189351706236777,1.4517269188978237,3.3020326658192483,0.2376237623762376,0.9636305505026066,0.8162355865326424,25.671517058251005,0.7483671886426713,0.25163281135732873,1.0547502759100194,1.3624569278141125,0.6237623762376238,0.8099888098594851,0.7006402922906503,0.47464443417575175,0.5253555658242482,0.04297406523306726,True,False,True,0.04135661315855277,0.04132095266593705,-0.41827279583613675,0.5413840392177027,-0.14851485148514854,0.02309014217527139,-0.05620278210952934,0.0541115099888998,-0.06880554909197911,0.06880554909197911,-0.03308325923859812,-0.2902430968695553,-0.04950495049504955,0.019114603855674872,0.1194824215075797,0.22962480608063815,-0.22962480608063818,True,False
2020-OHH1,2020,2019,101,16,3.8545839972087865,3.6440857892534457,2.2533385534492396,6.366382787827974,0.48514851485148514,0.9148371359617052,0.5058058404165249,14.961885619197412,0.35298315549081527,0.6470168445091847,1.143938626056833,1.2697813037043235,0.693069306930693,0.7714826144950917,0.7259772379734202,0.5990833587140196,0.40091664128598037,0.316117171310916,True,False,True,2.79913725257643,2.5321260604699285,1.8639635731592394,6.1605358539951585,0.4158415841584158,0.9407529297180574,0.5202805721627592,14.889129745671855,0.5084293613483162,0.4915706386516838,1.238369856964402,1.445766105123214,0.7524752475247525,0.7478936976534745,0.6725867076791968,0.4638793307222086,0.5361206692777913,0.316117171310916,True,False,True,-1.0554467446323565,-1.1119597287835172,-0.38937498029000017,-0.20584693383281571,-0.06930693069306931,0.025915793756352112,0.01447473174623437,-0.07275587352555668,0.1554462058575009,-0.1554462058575009,0.094431230907569,0.1759848014188905,0.05940594059405946,-0.023588916841617236,-0.05339053029422336,-0.13520402799181103,0.13520402799181097,False,False
2020-SCH1,2020,2019,101,16,3.804391183079848,3.5769741874953667,2.197639535263596,6.33781514729391,0.45544554455445546,0.9188216278858233,0.5072137756497221,16.001991879965523,0.37244354575965427,0.6275564542403458,1.5643536304641545,1.8431228057492703,0.8910891089108911,0.615586121945889,0.5114802638111247,0.29472671841840586,0.7052732815815941,0.089707495279008,True,False,True,3.253450515930397,2.999067420345827,1.788537962242755,5.962546084151333,0.39603960396039606,0.9453198517627631,0.5352329042215226,15.76171887634882,0.5288417120750344,0.4711582879249656,1.2209573990212406,1.5716996487938228,0.7524752475247525,0.7539850814965574,0.6261908246610546,0.37185326810114633,0.6281467318988536,0.089707495279008,True,False,True,-0.550940667149451,-0.5779067671495395,-0.4091015730208407,-0.3752690631425777,-0.0594059405940594,0.026498223876939786,0.028019128571800445,-0.24027300361670356,0.15639816631538012,-0.15639816631538017,-0.343396231442914,-0.2714231569554475,-0.13861386138613863,0.1383989595506684,0.11471056084992992,0.07712654968274046,-0.07712654968274046,False,False
2020-TXH1,2020,2019,101,16,1.7264770480001257,1.3817550221260848,3.8363977794807607,3.9055155559415136,0.693069306930693,0.772590793167195,0.7652762192495036,27.638047647918565,0.603971859102737,0.396028140897263,2.2488897550195297,2.380179041731195,0.9801980198019802,0.36688859450982314,0.3290983398785797,0.10752624489181378,0.8924737551081863,0.8918977109847551,True,False,False,1.6781326549110174,1.3365225239680982,3.3435039785082563,3.4669150778647597,0.6831683168316832,0.8215909648682952,0.8091404271764981,29.963663077378158,0.679380357577812,0.320619642422188,1.2077868770337106,1.451645643153014,0.7425742574257426,0.7585675660864367,0.6703364097808346,0.48532243722031715,0.5146775627796829,0.8918977109847551,True,False,False,-0.04834439308910832,-0.04523249815798658,-0.49289380097250435,-0.43860047807675384,-0.009900990099009799,0.04900017170110016,0.043864207926994525,2.3256154294595923,0.07540849847507503,-0.07540849847507503,-1.0411028779858191,-0.928533398578181,-0.2376237623762376,0.3916789715766136,0.3412380699022549,0.37779619232850337,-0.37779619232850337,False,False
2020-TXH2,2020,2019,101,16,1.9109131544585305,1.5491883650337923,3.836397791339668,3.9055155625826323,0.693069306930693,0.7725907919348567,0.7652762185598059,27.63762699683181,0.6039680658969596,0.3960319341030404,2.2488897550195297,2.380179041731195,0.9801980198019802,0.36688859450982314,0.3290983398785797,0.10752624489181378,0.8924737551081863,0.8500737824265595,True,False,False,1.9957864952913047,1.636969433970721,3.343503984439209,3.4669150879690003,0.6831683168316832,0.8215909642955008,0.8091404261788128,29.963198735867937,0.6793751977660074,0.3206248022339926,1.2077868770337106,1.451645643153014,0.7425742574257426,0.7585675660864367,0.6703364097808346,0.48532243722031715,0.5146775627796829,0.8500737824265595,True,False,False,0.0848733408327742,0.08778106893692872,-0.4928938069004589,-0.43860047461363205,-0.009900990099009799,0.049000172360644134,0.04386420761900689,2.3255717390361283,0.0754071318690478,-0.0754071318690478,-1.0411028779858191,-0.928533398578181,-0.2376237623762376,0.3916789715766136,0.3412380699022549,0.37779619232850337,-0.37779619232850337,True,False
2020-TXH3,2020,2019,101,16,1.761720696118661,1.4374767825467336,3.1835261890093856,3.8801121956293914,0.6237623762376238,0.8372238431742994,0.7662727190432317,32.13712142082632,0.6852517267635415,0.3147482732364585,0.8576065886240094,1.1641338945773614,0.42574257425742573,0.8643154356408164,0.7600491269339625,0.677652387554892,0.322347612445108,0.8918977109847551,True,False,False,1.6435129288225545,1.3284614315648846,3.3268583564248613,3.990400789880691,0.6831683168316832,0.8231961153736137,0.7544145816476421,32.38808140121572,0.7148680114210351,0.28513198857896493,1.0112937236780024,1.4419175274662237,0.594059405940594,0.8238822311453268,0.6720406988217977,0.6303129753572235,0.3696870246427765,0.8918977109847551,True,False,False,-0.11820776729610638,-0.109015350981849,0.14333216741547572,0.11028859425129944,0.05940594059405946,-0.01402772780068573,-0.011858137395589607,0.25095998038940337,0.029616284657493552,-0.029616284657493552,0.153687135053993,0.2777836328888623,0.1683168316831683,-0.040433204495489594,-0.0880084281121648,-0.04733941219766846,0.04733941219766846,False,False
2020-WIH1,2020,2019,101,16,2.199005273191488,1.7640029916093771,1.5815699384711717,4.372188022676705,0.3069306930693069,0.9570985433130818,0.6893718557703323,20.367044499497336,0.9328474823668272,0.06715251763317276,1.2301385200376678,1.6188103491890788,0.7425742574257426,0.7408078937581967,0.5947220428665114,0.3588904544509027,0.6411095455490974,0.027955038110303063,True,False,True,2.1771568867623947,1.7398772634474955,0.6130500084624814,4.347766068874146,0.1782178217821782,0.9934151673787571,0.6834698409154151,20.047655897983994,0.9163774757506602,0.0836225242493398,0.5925401547404996,1.3082455761026412,0.3069306930693069,0.9356556104493172,0.7127357697420112,0.5030458690761594,0.49695413092384055,0.027955038110303063,True,False,True,-0.02184838642909348,-0.024125728161881632,-0.9685199300086903,-0.02442195380255896,-0.12871287128712872,0.036316624065675374,-0.005902014854917259,-0.31938860151334225,-0.016470006616167043,0.016470006616167043,-0.6375983652971682,-0.3105647730864376,-0.43564356435643564,0.19484771669112055,0.11801372687549982,0.14415541462525677,-0.14415541462525683,False,False
2020-WIH2,2020,2019,101,16,3.019383687519348,2.5495854368707387,2.2811280538341925,6.463249055760086,0.48514851485148514,0.912818522034447,0.4982194236827116,15.893308671472372,0.23362635850788283,0.7663736414921172,1.554588623902599,1.6201841444323115,0.8910891089108911,0.6193144485337361,0.5942868750226421,0.40350650411867306,0.5964934958813269,2.7063180884292652,True,False,True,2.785282785364055,2.360236063245177,1.3397790694925924,6.228520795239129,0.21782178217821782,0.9689387233100152,0.5127532728766593,15.862818230773208,0.2920988709637732,0.7079011290362268,1.0969675062809476,1.2279354287616369,0.6435643564356436,0.7961703394899039,0.751125240343719,0.674526046148702,0.32547395385129796,2.7063180884292652,True,False,True,-0.2341009021552929,-0.1893493736255616,-0.9413489843416001,-0.2347282605209564,-0.26732673267326734,0.05612020127556816,0.014533849193947679,-0.030490440699164623,0.05847251245589036,-0.05847251245589036,-0.45762111762165136,-0.39224871567067465,-0.24752475247524752,0.17685589095616783,0.15683836532107687,0.271019542030029,-0.271019542030029,False,False
2021-DEH1,2021,2020,117,19,2.2177218881500624,1.8553291923548936,5.022092517169424,5.150079044158974,0.7435897435897436,0.6477092403187941,0.6333453508668734,38.660982305923866,0.6679460794259917,0.3320539205740083,1.038498389402948,1.3895752617209518,0.6153846153846154,0.8118181042096151,0.6867882311915755,0.529946205740029,0.47005379425997096,1.1050254568483127,True,False,False,2.0168391607974305,1.6548892596157858,5.302494809484759,5.362916242017434,0.7777777777777778,0.6145827489474979,0.607765001309071,40.182397334920694,0.7086025790396798,0.2913974209603202,0.6708867500336044,1.0052873916959182,0.358974358974359,0.9197375755178492,0.8248418962700139,0.6813806878764924,0.3186193121235076,1.1050254568483127,True,False,False,-0.2008827273526319,-0.20043993273910776,0.2804022923153342,0.21283719785845978,0.03418803418803418,-0.033126491371296196,-0.025580349557802418,1.5214150289968273,0.04065649961368811,-0.04065649961368811,-0.3676116393693436,-0.3842878700250336,-0.25641025641025644,0.1079194713082341,0.13805366507843841,0.15143448213646338,-0.15143448213646338,False,False
2021-GAH2,2021,2020,117,19,3.721617878117359,3.0978712656763965,4.7165076966332045,4.822515718403361,0.7350427350427351,0.6817671280109362,0.6699456464179018,38.21650012242694,0.6718802282833496,0.3281197717166504,1.070262719392065,1.2943454790347573,0.6495726495726496,0.8013740832549682,0.7216096431364962,0.5857605469058701,0.4142394530941299,0.1252452328350634,True,False,False,4.226052496036846,3.66270703655099,4.802704510027532,5.229681785599967,0.7521367521367521,0.6707444557181143,0.6227447492726698,36.255182123278765,0.6415018195591458,0.35849818044085424,1.290122833440563,1.4243689338279957,0.811965811965812,0.7338887094581203,0.6850627638385728,0.5253356005493349,0.4746643994506651,0.1252452328350634,True,False,False,0.5044346179194874,0.5648357708745935,0.08619681339432717,0.40716606719660575,0.017094017094017033,-0.011022672292821944,-0.04720089714523201,-1.9613179991481786,-0.03037840872420383,0.03037840872420383,0.21986011404849792,0.1300234547932384,0.16239316239316237,-0.06748537379684783,-0.03654687929792344,-0.06042494635653517,0.06042494635653517,True,False
2021-IAH4,2021,2020,117,19,1.7785908062161189,1.4300386950172626,2.8207840871600736,10.10047516774042,0.5982905982905983,0.8719556687693337,0.24364829665999968,6.053733213374856,0.013488318144270496,0.9865116818557295,1.481051147241253,1.702877154105878,0.8547008547008547,0.6544079966744927,0.5711129274856419,0.31789395752237626,0.6821060424776237,0.015091629670691864,True,False,True,1.840461740163989,1.486557847228022,5.266238886783497,10.806433805283303,0.7777777777777778,0.6186736994560041,0.18495991268942777,4.966860713496053,0.009486355983517467,0.9905136440164826,1.9068927640608908,2.5908775296339126,0.9487179487179487,0.5086783474666395,0.29768318007954087,0.06071967565258372,0.9392803243474163,0.015091629670691864,True,False,True,0.06187093394787002,0.05651915221075954,2.4454547996234233,0.7059586375428832,0.17948717948717952,-0.2532819693133296,-0.05868838397057191,-1.0868724998788029,-0.0040019621607530285,0.004001962160753103,0.4258416168196377,0.8880003755280346,0.09401709401709402,-0.14572964920785314,-0.27342974740610104,-0.2571742818697925,0.2571742818697925,True,False
2021-ILH1,2021,2020,117,19,2.3875731675860763,2.0022592269807222,2.1566206406137343,9.877863876123419,0.4444444444444444,0.923032755812917,0.2571197283081727,6.386599901133897,0.01575092638163872,0.9842490736183613,1.0839227113757774,1.1986558749514216,0.6581196581196581,0.7968285503132764,0.7565722070374828,0.7512328359263366,0.2487671640736634,0.0,True,True,True,2.348636306105829,1.9596523702684796,1.1422391237407685,9.708120093311939,0.23076923076923078,0.9776633282670729,0.2659047567342462,6.375315286399647,0.015078242426853858,0.9849217575731462,0.9382253260686992,1.2133391817523367,0.5641025641025641,0.8490540066885003,0.7588529969152079,0.6728624697673955,0.3271375302326045,0.0,True,True,True,-0.03893686148024722,-0.042606856712242624,-1.0143815168729657,-0.16974378281148006,-0.21367521367521364,0.05463057245415592,0.008785028426073482,-0.01128461473425002,-0.0006726839547848609,0.000672683954784814,-0.1456973853070782,0.014683306800915119,-0.09401709401709402,0.05222545637522391,0.0022807898777250646,-0.07837036615894111,0.07837036615894111,False,False
2021-INH1,2021,2020,117,19,1.462276413414088,1.1175842097098814,1.7119434232348345,6.3028024460720955,0.3504273504273504,0.9507847379070036,0.5138735081792423,16.758887405716855,0.13858379252378178,0.8614162074762182,0.5069824575993639,0.9410174741744777,0.21367521367521367,0.9515278923649744,0.8344541963061884,0.7613422008002884,0.23865779919971164,0.24468786307189788,True,False,True,1.426221513882839,1.083763989112536,1.8730113066830565,6.313071948197871,0.48717948717948717,0.9410670284614608,0.511966505589194,17.033962055419643,0.13151489513394843,0.8684851048660516,1.0968367098284035,1.2524421787116162,0.6666666666666666,0.7996071861647067,0.7464836167966602,0.725429488609643,0.27457051139035704,0.24468786307189788,True,False,True,-0.036054899531249074,-0.03382022059734546,0.16106788344822198,0.010269502125775709,0.13675213675213677,-0.009717709445542733,-0.001907002590048279,0.2750746497027876,-0.007068897389833351,0.007068897389833406,0.5898542522290396,0.31142470453713855,0.45299145299145294,-0.15192070620026765,-0.08797057950952825,-0.0359127121906454,0.0359127121906454,False,False
2021-MIH1,2021,2020,117,19,3.008322943838806,2.7323423195165697,2.332387784162733,3.9213986312948164,0.5555555555555556,0.9105763715183305,0.7561671952815182,25.934400417006596,0.7895855352232155,0.2104144647767845,1.3760243657590583,1.6852680066718642,0.8205128205128205,0.6934900785755519,0.5776996537124774,0.37349657366479105,0.626503426335209,0.021985897626893944,True,False,True,2.685622723301268,2.400713838474904,2.1397600324966906,3.6253143892022393,0.5470085470085471,0.9237867937396536,0.782846989316341,27.602667906752817,0.8316173477164773,0.16838265228352267,0.5850440940302158,1.2143375361439201,0.3076923076923077,0.9383561823486367,0.7513726092572427,0.6685994007895979,0.3314005992104021,0.021985897626893944,True,False,True,-0.3227002205375378,-0.33162848104166587,-0.19262775166604262,-0.2960842420925771,-0.008547008547008517,0.01321042222132307,0.02667979403482279,1.6682674897462206,0.04203181249326182,-0.04203181249326182,-0.7909802717288424,-0.470930470527944,-0.5128205128205128,0.24486610377308482,0.17367295554476525,0.29510282712480684,-0.29510282712480684,False,False
2021-MNH1,2021,2020,117,19,2.0416635267956966,1.718700943849877,2.5704024199325826,5.369138482386343,0.5641025641025641,0.8924612624698854,0.610113129843847,20.650407060797146,0.6953289423413159,0.3046710576586841,1.4744331661523664,1.6366440530750062,0.8547008547008547,0.6568869860889351,0.5959034167510101,0.3503070454004564,0.6496929545995436,0.0038512811015695473,True,True,True,2.141705702384307,1.816015384614964,2.9284284309628874,5.510788271038427,0.6666666666666666,0.8620167250301305,0.5957421178177233,20.514864962592892,0.6653310105962474,0.33466898940375256,1.2574029352775165,1.5756209138925885,0.7948717948717948,0.7453487181405631,0.6298458801726896,0.34208844643942526,0.6579115535605747,0.0038512811015695473,True,True,True,0.1000421755886105,0.097314440765087,0.35802601103030485,0.14164978865208422,0.10256410256410253,-0.03044453743975495,-0.014371012026123675,-0.13554209820425456,-0.029997931745068485,0.029997931745068485,-0.21703023087484996,-0.06102313918241764,-0.05982905982905984,0.088461732051628,0.0339424634216795,-0.00821859896103111,0.008218598961031165,True,False
2021-NEH1,2021,2020,117,19,3.1335657652118702,2.5581020902217726,4.617556100154869,4.923151705598181,0.7350427350427351,0.692697166204475,0.6587262734066354,41.1515988665232,0.7407396367308524,0.2592603632691476,1.1996198188975369,1.4121539044782836,0.7264957264957265,0.7571547165506455,0.679191717269612,0.558768178784602,0.44123182121539795,1.609922446133387,True,False,False,3.108717383030668,2.618910538158809,4.669011764839967,5.274162416410312,0.7350427350427351,0.685612838669014,0.617695161784215,38.1684494939674,0.6734712827950494,0.3265287172049506,1.3845339403670733,1.716844630150888,0.8547008547008547,0.7002357336743286,0.5782694765046817,0.35889959125299337,0.6411004087470067,1.609922446133387,True,False,False,-0.024848382181202222,0.06080844793703655,0.05145566468509788,0.3510107108121314,0.0,-0.007084327535460955,-0.041031111622420346,-2.9831493725558005,-0.067268353935803,0.067268353935803,0.18491412146953645,0.30469072567260436,0.1282051282051282,-0.056918982876316915,-0.10092224076493028,-0.1998685875316087,0.19986858753160874,False,False
2021-NEH2,2021,2020,117,19,2.541667283494427,2.1293236626243752,1.6784394119162958,6.441839249187109,0.3504273504273504,0.9526463378889247,0.5028842495694118,15.825970033689595,0.16573569149753808,0.8342643085024619,1.187708469207503,1.4378273126632872,0.7264957264957265,0.7613282370974712,0.6697104430271241,0.592336506585631,0.407663493414369,0.09720655891077176,True,False,True,2.840513144674224,2.4426456032288155,2.4364045630276436,7.029099595143544,0.5982905982905983,0.9023274498292362,0.4531440732852866,12.615176435877641,0.12333968809713508,0.8766603119028649,1.9265857863204767,2.395572702765739,0.9572649572649573,0.5015897528239311,0.35026837643178943,0.05151171104919733,0.9484882889508026,0.09720655891077176,True,False,True,0.2988458611797973,0.3133219406044403,0.7579651511113479,0.5872603459564347,0.24786324786324787,-0.05031888805968854,-0.04974017628412519,-3.2107935978119535,-0.042396003400403004,0.04239600340040295,0.7388773171129737,0.9577453901024517,0.23076923076923084,-0.25973848427354007,-0.3194420665953347,-0.5408247955364336,0.5408247955364336,True,False
2021-NYH1,2021,2020,117,19,2.581671001735645,2.246654985606523,1.305943900135349,1.549996895189287,0.23931623931623933,0.9710584928933922,0.9590049577274747,35.12373409857572,0.984910185236625,0.015089814763375009,0.7746828164128159,1.0165532850349668,0.36752136752136755,0.8904655992474692,0.8162984099941081,0.802001178930172,0.19799882106982802,0.11374080113369915,True,False,True,2.668593502304307,2.322266598620051,2.175653463061266,2.3305661917898104,0.5470085470085471,0.9213126358858758,0.9100258696287664,34.01562874696768,0.917295633835442,0.08270436616455801,1.557466169668718,1.7847356508064198,0.9316239316239316,0.6370464591889166,0.5537040013287748,0.3406353384729707,0.6593646615270293,0.11374080113369915,True,False,True,0.08692250056866202,0.07561161301352781,0.8697095629259168,0.7805692966005233,0.3076923076923077,-0.049745857007516436,-0.04897908809870832,-1.1081053516080388,-0.067614551401183,0.067614551401183,0.7827833532559021,0.768182365771453,0.5641025641025641,-0.2534191400585526,-0.26259440866533323,-0.4613658404572013,0.4613658404572013,True,False
2021-NYH2,2021,2020,117,19,2.554841031589439,2.1558343364705097,0.9673129822274064,2.489950197550196,0.21367521367521367,0.9840164330729928,0.8621110748242874,26.590568064122547,0.9807385567979942,0.019261443202005846,0.7746828164128159,1.0165532850349668,0.36752136752136755,0.8904655992474692,0.8162984099941081,0.802001178930172,0.19799882106982802,0.21840461058368216,True,False,True,2.471756823023579,2.0686857064481794,2.323156661720781,3.496076170788058,0.5811965811965812,0.9107878294842938,0.7938842131036167,25.65388796019601,0.8424679772558359,0.1575320227441641,1.557466169668718,1.7847356508064198,0.9316239316239316,0.6370464591889166,0.5537040013287748,0.3406353384729707,0.6593646615270293,0.21840461058368216,True,False,True,-0.08308420856586007,-0.08714863002233031,1.3558436794933746,1.0061259732378618,0.36752136752136755,-0.07322860358869898,-0.06822686172067072,-0.9366801039265376,-0.13827057954215827,0.13827057954215827,0.7827833532559021,0.768182365771453,0.5641025641025641,-0.2534191400585526,-0.26259440866533323,-0.4613658404572013,0.4613658404572013,False,False
2021-NYH3,2021,2020,117,19,1.9334364787930045,1.5449740839871675,1.305943900135349,1.549996895189287,0.23931623931623933,0.9710584928933922,0.9590049577274747,35.12373409857572,0.984910185236625,0.015089814763375009,0.7746828164128159,1.0165532850349668,0.36752136752136755,0.8904655992474692,0.8162984099941081,0.802001178930172,0.19799882106982802,0.11374080113369915,True,False,True,1.9605783843093163,1.568093308776605,2.175653463061266,2.3305661917898104,0.5470085470085471,0.9213126358858758,0.9100258696287664,34.01562874696768,0.917295633835442,0.08270436616455801,1.557466169668718,1.7847356508064198,0.9316239316239316,0.6370464591889166,0.5537040013287748,0.3406353384729707,0.6593646615270293,0.11374080113369915,True,False,True,0.027141905516311793,0.023119224789437398,0.8697095629259168,0.7805692966005233,0.3076923076923077,-0.049745857007516436,-0.04897908809870832,-1.1081053516080388,-0.067614551401183,0.067614551401183,0.7827833532559021,0.768182365771453,0.5641025641025641,-0.2534191400585526,-0.26259440866533323,-0.4613658404572013,0.4613658404572013,True,False
2021-SCH1,2021,2020,117,19,2.4021343171746943,2.018213618940147,2.6646949246453224,5.306005084315857,0.5897435897435898,0.8849071996819832,0.614656259353548,21.296718506925366,0.6607426084777792,0.3392573915222208,1.5044262183783526,1.6320173585115125,0.8547008547008547,0.6456392026714566,0.5976997671693718,0.42606610738663697,0.573933892613363,0.06786776998579298,True,False,True,2.387442921250976,2.0027540447510845,2.6099164010925855,5.09380792034614,0.6068376068376068,0.888751168835936,0.6361615892910379,21.517926715984416,0.7245304683587934,0.2754695316412066,1.1737128219681594,1.6053898375719722,0.7094017094017094,0.7740785554403428,0.6190979910226467,0.512005859198465,0.487994140801535,0.06786776998579298,True,False,True,-0.014691395923718265,-0.015459574189062408,-0.054778523552736935,-0.21219716396971755,0.017094017094017033,0.0038439691539527976,0.021505329937489992,0.22120820905904992,0.06378785988101421,-0.06378785988101421,-0.33071339641019315,-0.02662752093954035,-0.14529914529914523,0.12843935276888618,0.021398223853274945,0.085939751811828,-0.085939751811828,False,False
2021-SCH1L,2021,2020,117,19,2.547463297998092,2.3507458323053405,1.8796213219326647,4.356883652295736,0.42735042735042733,0.9409757189102567,0.6975525867576209,22.860745116982784,0.9223029280896331,0.0776970719103669,1.156716913260548,1.2510282853341035,0.717948717948718,0.7720967517201265,0.7384194939139482,0.6581895487602714,0.34181045123972864,0.06786776998579298,True,False,True,2.8364322716311383,2.655674423390375,1.3220818344786538,4.130097240984336,0.26495726495726496,0.9701899883691356,0.7090930270537376,22.877511565902683,0.9270916463266103,0.07290835367338966,1.3220818266693664,1.3904060295829705,0.811965811965812,0.722587622277241,0.6980440587058327,0.7104858041492931,0.2895141958507069,0.06786776998579298,True,False,True,0.2889689736330463,0.30492859108503456,-0.5575394874540109,-0.22678641131140065,-0.16239316239316237,0.02921426945887895,0.011540440296116672,0.01676644891989909,0.004788718236977241,-0.004788718236977241,0.16536491340881843,0.13937774424886706,0.09401709401709402,-0.049509129442885436,-0.040375435208115484,0.05229625538902172,-0.05229625538902172,True,False
2021-TXH1,2021,2020,117,19,1.884701849726555,1.5218321703937197,3.0135482219587333,4.7985703963897155,0.6153846153846154,0.8552314052304192,0.6664666643840282,18.87655886633498,0.8042129850051982,0.19578701499480178,1.3682048745809894,2.0909129289437547,0.8205128205128205,0.6963727211697364,0.43475491087667806,0.22220216890083055,0.7777978310991694,0.1067176024349589,True,False,True,1.8043843490770608,1.446672206702616,1.0797860207037542,4.003966587663331,0.21367521367521367,0.9800152056017536,0.7177122828257734,18.89363831995232,0.8963050244159004,0.10369497558409957,0.9317177541810161,1.043194586628268,0.5555555555555556,0.8509767848625868,0.8159041426630014,0.6184810708671905,0.3815189291328095,0.1067176024349589,True,False,True,-0.08031750064949428,-0.07515996369110356,-1.933762201254979,-0.7946038087263849,-0.4017094017094017,0.12478380037133441,0.05124561844174513,0.017079453617338203,0.09209203941070221,-0.09209203941070221,-0.4364871203999733,-1.0477183423154868,-0.2649572649572649,0.1546040636928504,0.3811492317863233,0.39627890196635995,-0.39627890196635995,False,False
2021-TXH2,2021,2020,117,19,1.9647267875816827,1.57373368231641,3.0135482219587333,4.7985703963897155,0.6153846153846154,0.8552314052304192,0.6664666643840282,18.87655886633498,0.8042129850051982,0.19578701499480178,1.3682048745809894,2.0909129289437547,0.8205128205128205,0.6963727211697364,0.43475491087667806,0.22220216890083055,0.7777978310991694,0.1067176024349589,True,False,True,1.8750116240533876,1.4900191722223814,1.0797860207037542,4.003966587663331,0.21367521367521367,0.9800152056017536,0.7177122828257734,18.89363831995232,0.8963050244159004,0.10369497558409957,0.9317177541810161,1.043194586628268,0.5555555555555556,0.8509767848625868,0.8159041426630014,0.6184810708671905,0.3815189291328095,0.1067176024349589,True,False,True,-0.08971516352829512,-0.08371451009402864,-1.933762201254979,-0.7946038087263849,-0.4017094017094017,0.12478380037133441,0.05124561844174513,0.017079453617338203,0.09209203941070221,-0.09209203941070221,-0.4364871203999733,-1.0477183423154868,-0.2649572649572649,0.1546040636928504,0.3811492317863233,0.39627890196635995,-0.39627890196635995,False,False
2021-TXH3,2021,2020,117,19,4.917892784472315,4.805847615734715,2.1407301942874324,4.496659570784774,0.4444444444444444,0.9241187892230105,0.6912565031993763,20.95291619221708,0.8875751931818359,0.11242480681816414,1.41689289655645,1.6751604921938068,0.8205128205128205,0.6783560176528088,0.5815737536126088,0.45013814760785065,0.5498618523921494,0.1067176024349589,True,False,True,5.104208889026407,4.996511294594022,3.469263877785059,5.194477314760223,0.7094017094017094,0.8118910016537784,0.6266626795911211,18.62062700900671,0.6540564098123337,0.3459435901876663,1.4930759973425027,1.78576913902325,0.9230769230769231,0.6607370473463344,0.5544211120829691,0.27104479817526966,0.7289552018247303,0.1067176024349589,True,False,True,0.1863161045540922,0.19066367885930724,1.3285336834976267,0.6978177439754489,0.264957264957265,-0.11222778756923213,-0.06459382360825516,-2.3322891832103707,-0.23351878336950216,0.23351878336950216,0.07618310078605273,0.11060864682944316,0.10256410256410264,-0.017618970306474413,-0.0271526415296397,-0.17909334943258098,0.17909334943258093,True,False
2021-WIH1,2021,2020,117,19,2.4773858478332214,2.067573837259149,2.322706516162127,3.639223866635665,0.5555555555555556,0.9112833064300684,0.7826215977361872,26.57766863309637,0.8122770188923697,0.1877229811076303,1.568856797729099,1.7722830861574639,0.8803418803418803,0.621392665726593,0.5455386104305104,0.37583248382819845,0.6241675161718016,0.12462299314450428,True,False,True,2.5045487695027777,2.096115924377165,2.2344022377436485,3.585911225395269,0.5726495726495726,0.9171890343321394,0.7854816203355138,26.797542515268592,0.8431448674178866,0.15685513258211337,1.1602868493215381,1.3157482946909327,0.7094017094017094,0.7786007819758657,0.7244629590124995,0.5907821870497502,0.40921781295024984,0.12462299314450428,True,False,True,0.02716292166955636,0.0285420871180162,-0.08830427841847843,-0.05331264124039592,0.017094017094017033,0.005905727902071001,0.002860022599326606,0.21987388217222303,0.03086784852551694,-0.03086784852551694,-0.4085699484075609,-0.4565347914665312,-0.1709401709401709,0.15720811624927267,0.17892434858198902,0.2149497032215517,-0.2149497032215517,True,False
2021-WIH2,2021,2020,117,19,2.5178740814777782,2.1238656214130107,5.059979608485221,5.243624677909669,0.7435897435897436,0.6434627767176727,0.622812356891559,38.44206168963403,0.6936275058819593,0.3063724941180407,1.584530650773368,1.7550589748879037,0.9145299145299145,0.6154838999827479,0.5515011090878691,0.35153690897243717,0.6484630910275628,0.5522529964869525,True,False,False,2.330917091847815,1.934427585689762,5.190377864044327,5.227655294979349,0.7606837606837606,0.6272294447203588,0.6230238876211318,40.973575579090195,0.7618242268804327,0.23817577311956728,0.8980391136175588,1.106579211062914,0.5470085470085471,0.860780952063796,0.7932546423967773,0.6990825847841294,0.30091741521587057,0.5522529964869525,True,False,False,-0.1869569896299632,-0.1894380357232488,0.13039825555910678,-0.015969382930320464,0.017094017094017033,-0.016233331997313916,0.00021153072957280639,2.531513889456164,0.0681967209984734,-0.0681967209984734,-0.6864915371558092,-0.6484797638249897,-0.36752136752136744,0.24529705208104813,0.24175353330890825,0.34754567581169227,-0.34754567581169227,False,False
