regime,environment,test_year,model,n,rmse,mae,r2,correlation
CV-E-B10,2014-IAH1,2014,G,754,2.0242484667253007,1.6713408899881783,-0.6530901731760606,0.02088821880293197
CV-E-B10,2014-IAH1,2014,G+E_T0,754,2.1002903595492457,1.7566336597419328,-0.7796212549802115,0.09987858321828992
CV-E-B10,2014-IAH1,2014,G+E_T1,754,2.092701840539855,1.749758177287109,-0.766784655608789,0.0951662738979461
CV-E-B10,2014-IAH1,2014,G+E_T2,754,2.1397015192575664,1.7970633593854062,-0.8470357282434171,0.0952994386604179
CV-E-B10,2014-ILH1,2014,G,238,2.7805359797711158,2.4273989260450697,-1.3244178740406292,0.23083364021203018
CV-E-B10,2014-ILH1,2014,G+E_T0,238,2.8694624296338165,2.5086952546156427,-1.4754733411790082,0.22902326888298274
CV-E-B10,2014-ILH1,2014,G+E_T1,238,2.9252562724575815,2.5653191978238747,-1.5726754755236674,0.24724057571420927
CV-E-B10,2014-ILH1,2014,G+E_T2,238,2.9438361800429886,2.582129155279751,-1.605460209823815,0.242548727092859
CV-E-B10,2014-INH1,2014,G,240,1.8710239339832833,1.58573012475717,-0.9945516960925698,0.19118561259041228
CV-E-B10,2014-INH1,2014,G+E_T0,240,1.3662074887966447,1.0836908598255448,-0.06345700002386878,0.23859022616506945
CV-E-B10,2014-INH1,2014,G+E_T1,240,1.3874109947206266,1.1027438650668644,-0.09672280638716613,0.2132357411346001
CV-E-B10,2014-INH1,2014,G+E_T2,240,1.3155430274301154,1.0207873239521705,0.01395502242512403,0.1961014981542592
CV-E-B10,2014-MNH1,2014,G,236,2.6587330603949972,2.2471987280344954,-1.5702299521349565,0.1985178314624115
CV-E-B10,2014-MNH1,2014,G+E_T0,236,2.939225222831092,2.522695069567067,-2.1411468493867796,0.12641766605153595
CV-E-B10,2014-MNH1,2014,G+E_T1,236,3.1574990704622614,2.768792650507626,-2.6250080161522766,0.21588840202913087
CV-E-B10,2014-MNH1,2014,G+E_T2,236,3.5100025960282517,3.1425018113596805,-3.4795808963359907,0.21845058769372144
CV-E-B10,2014-MOH2,2014,G,247,2.0753343130861723,1.6992614267050161,-0.21919277508429058,-0.07302321806625921
CV-E-B10,2014-MOH2,2014,G+E_T0,247,1.9588501714336597,1.5759985570726498,-0.08617220473131271,0.0007376600353170776
CV-E-B10,2014-MOH2,2014,G+E_T1,247,1.9356109635716117,1.5533071640249623,-0.06055304144662044,0.039540816969090134
CV-E-B10,2014-MOH2,2014,G+E_T2,247,2.002041237509097,1.6230106137163143,-0.13459870753044578,-0.0076571721836575495
CV-E-B10,2014-NEH1,2014,G,242,3.64300185783165,3.182525597685206,-2.8299729899627906,0.09042094236252246
CV-E-B10,2014-NEH1,2014,G+E_T0,242,3.1534103184109337,2.6701922454014357,-1.8697092295122801,0.10522019690386232
CV-E-B10,2014-NEH1,2014,G+E_T1,242,3.5493876537421665,3.0777265526401676,-2.63566445644412,0.07977575790188704
CV-E-B10,2014-NEH1,2014,G+E_T2,242,3.4327910535949293,2.951975640181528,-2.400726182877843,0.052434870298173564
CV-E-B10,2014-NEH2,2014,G,240,4.151513609625977,3.712198874546568,-4.248166587677371,-0.07814306156848584
CV-E-B10,2014-NEH2,2014,G+E_T0,240,4.008942791935591,3.576430961185326,-3.8938921892086684,-0.031567866583597635
CV-E-B10,2014-NEH2,2014,G+E_T1,240,3.7446288753848584,3.309428088399195,-3.269846316015771,-0.023701382081313827
CV-E-B10,2014-NEH2,2014,G+E_T2,240,4.042683812145104,3.611856480057283,-3.9766171397541132,-0.032682625769896466
CV-E-B10,2014-NYH2,2014,G,218,1.5990975746652296,1.2985107924941302,-0.19609785830397186,-0.010464456976160153
CV-E-B10,2014-NYH2,2014,G+E_T0,218,1.5289765329430989,1.2479404263171137,-0.09349908308497579,0.04651997978914814
CV-E-B10,2014-NYH2,2014,G+E_T1,218,1.5431804709208767,1.2474637197122538,-0.11391030279529657,0.05331003426351619
CV-E-B10,2014-NYH2,2014,G+E_T2,218,1.5601421232775128,1.2644667796497406,-0.13853165295779157,0.04114512340749665
CV-E-B10,2014-WIH1,2014,G,208,2.8798920758551843,2.3776904309938596,-0.9214893431397746,0.19428885185868996
CV-E-B10,2014-WIH1,2014,G+E_T0,208,2.7911287419826554,2.2989986144617487,-0.8048673655543517,0.2510496540791433
CV-E-B10,2014-WIH1,2014,G+E_T1,208,2.735100271842155,2.2403417273225137,-0.7331336713136616,0.22207315679895276
CV-E-B10,2014-WIH1,2014,G+E_T2,208,2.7310095816080207,2.2360086387659632,-0.7279533046024285,0.2091545757920745
CV-E-B10,2015-ILH1,2015,G,416,2.1869403721495133,1.7651654257587193,-0.43547323493593737,0.18163481137925266
CV-E-B10,2015-ILH1,2015,G+E_T0,416,1.9575821058818814,1.5643001424345973,-0.15016775599889787,0.26974778719963116
CV-E-B10,2015-ILH1,2015,G+E_T1,416,1.9476360682382707,1.5542411003553682,-0.13850995558629675,0.26564540669538733
CV-E-B10,2015-ILH1,2015,G+E_T2,416,1.9493631239332312,1.555736183063336,-0.14052998584174947,0.26377766959111815
CV-E-B10,2015-INH1,2015,G,423,1.8613097373807692,1.4288900106610476,-0.07923950801783897,0.13495264512544355
CV-E-B10,2015-INH1,2015,G+E_T0,423,1.9394262613972777,1.554949120624364,-0.17172873527949073,0.15866650605622004
CV-E-B10,2015-INH1,2015,G+E_T1,423,1.9404264829443816,1.556119364498525,-0.17293763975486698,0.16026039911650064
CV-E-B10,2015-INH1,2015,G+E_T2,423,2.041635398909859,1.651973365592374,-0.29848492162202844,0.1599097870320038
CV-E-B10,2015-KSH1,2015,G,418,4.320134349782688,3.9154835705767503,-4.648839812273487,0.06922136549385305
CV-E-B10,2015-KSH1,2015,G+E_T0,418,5.022414535015258,4.681133114011433,-6.6346628626518545,0.10172691517700445
CV-E-B10,2015-KSH1,2015,G+E_T1,418,4.740172685638108,4.379753640048177,-5.800691592697897,0.07907624506225568
CV-E-B10,2015-KSH1,2015,G+E_T2,418,4.65502448083691,4.289645415398428,-5.558562960810867,0.08323874544360968
CV-E-B10,2015-MNH1,2015,G,407,2.0186022781035473,1.6683905525306724,-1.150479596933303,0.017184410861301735
CV-E-B10,2015-MNH1,2015,G+E_T0,407,1.748338010183101,1.4299609681403924,-0.6131866060605315,0.07941056059543801
CV-E-B10,2015-MNH1,2015,G+E_T1,407,1.736013885506027,1.416871918509107,-0.5905238929571728,0.10170876520577292
CV-E-B10,2015-MNH1,2015,G+E_T2,407,1.770915459773719,1.4479397875437878,-0.6551199249848427,0.06739832027498509
CV-E-B10,2015-MOH1,2015,G,422,4.552712967208173,4.196831769795624,-5.954165239699449,0.12931338416546814
CV-E-B10,2015-MOH1,2015,G+E_T0,422,3.2119880492472683,2.803873851718188,-2.4614041220142933,0.07415291479782564
CV-E-B10,2015-MOH1,2015,G+E_T1,422,4.0995966848369925,3.710698206026769,-4.638800525789559,0.07208064354724576
CV-E-B10,2015-MOH1,2015,G+E_T2,422,4.468124376355802,4.092671190258274,-5.698151598042191,0.05416065360745565
CV-E-B10,2015-MOH2,2015,G,421,2.3181694397139765,1.9181094078237773,-0.7271253464499103,0.15942340711823963
CV-E-B10,2015-MOH2,2015,G+E_T0,421,1.860389709759817,1.475426358454195,-0.11234975255740376,0.17109215176704232
CV-E-B10,2015-MOH2,2015,G+E_T1,421,1.9075636493597687,1.55065450271608,-0.16947671997689584,0.1692767406958788
CV-E-B10,2015-MOH2,2015,G+E_T2,421,1.797884919801316,1.4541398918335238,-0.03886062179763039,0.17190709437925475
CV-E-B10,2015-NEH2,2015,G,405,1.9737096149109388,1.5574880450997106,-1.0558250276650751,0.007780309111416224
CV-E-B10,2015-NEH2,2015,G+E_T0,405,2.008595245431929,1.5950673814410645,-1.1291413574292903,-0.006298847607554024
CV-E-B10,2015-NEH2,2015,G+E_T1,405,2.0194029436970866,1.6095875052127417,-1.1521156481953732,-0.005496021841002917
CV-E-B10,2015-NEH2,2015,G+E_T2,405,2.015928094180161,1.6035093146509911,-1.1447155956294282,-0.00929290249490092
CV-E-B10,2015-NEH3,2015,G,249,1.9293393734890067,1.6154255523075547,-0.8807782463475198,0.08088892654796981
CV-E-B10,2015-NEH3,2015,G+E_T0,249,1.8091563306772245,1.4914036574069853,-0.6537601803577804,0.11895435167985118
CV-E-B10,2015-NEH3,2015,G+E_T1,249,1.8294363818788895,1.5145641260729148,-0.6910442088108497,0.12006678680151711
CV-E-B10,2015-NEH3,2015,G+E_T2,249,1.8975098236287629,1.5888960508486512,-0.8192333303109138,0.12154541965733301
CV-E-B10,2015-NYH2,2015,G,355,2.2008370020903367,1.6623444606665032,-0.0848417069049654,0.1565185401176638
CV-E-B10,2015-NYH2,2015,G+E_T0,355,2.288054450016001,1.7105844551031826,-0.17252827914608604,0.20898326555412725
CV-E-B10,2015-NYH2,2015,G+E_T1,355,2.1978869677182353,1.658016938999406,-0.08193538040977866,0.20492900089675065
CV-E-B10,2015-NYH2,2015,G+E_T2,355,2.269215433186487,1.6970444315546398,-0.15329941648223566,0.20503462194925628
CV-E-B10,2015-NYH3,2015,G,355,2.0216015305414126,1.613809800674958,0.01237524606421403,0.33082164670558906
CV-E-B10,2015-NYH3,2015,G+E_T0,355,2.2264823521195494,1.7662494135453317,-0.19795185786256275,0.24667345607722854
CV-E-B10,2015-NYH3,2015,G+E_T1,355,2.345315617876991,1.8593286322729723,-0.3292401243914187,0.2521864669287191
CV-E-B10,2015-NYH3,2015,G+E_T2,355,2.2613731001182127,1.7952739790254955,-0.23579175888030512,0.24534825829647258
CV-E-B10,2015-OHH1,2015,G,426,1.94202313081145,1.5659248301435995,-0.5701662408329824,0.05210386153995147
CV-E-B10,2015-OHH1,2015,G+E_T0,426,1.7929662380056013,1.4327776292375185,-0.3383850057469848,0.14443602320982582
CV-E-B10,2015-OHH1,2015,G+E_T1,426,1.7743693994427345,1.4173425435918257,-0.31076524371802927,0.1117486529266345
CV-E-B10,2015-OHH1,2015,G+E_T2,426,1.6346812738879866,1.2923179940374974,-0.1125076707116317,0.11319378983631873
CV-E-B10,2015-SDH1,2015,G,327,3.93666550078004,3.546461946912075,-5.021170454880653,-0.13474704056547834
CV-E-B10,2015-SDH1,2015,G+E_T0,327,3.3722708659873777,2.9749340798853803,-3.418438297035972,-0.09538291192483142
CV-E-B10,2015-SDH1,2015,G+E_T1,327,3.7455142500840624,3.352670419394912,-4.450631237461783,-0.11346357211570168
CV-E-B10,2015-SDH1,2015,G+E_T2,327,3.7079170807669404,3.3086594265604914,-4.341754450445652,-0.12745204298272977
CV-E-B10,2015-TXH1,2015,G,296,1.9313355762865365,1.5214159626141788,-0.2194360433606115,0.09523670457793701
CV-E-B10,2015-TXH1,2015,G+E_T0,296,1.7245983661215958,1.3798916614535066,0.027657011021531952,0.2167366612191534
CV-E-B10,2015-TXH1,2015,G+E_T1,296,1.7653464706533495,1.4052450381581254,-0.01883405670916871,0.20399032834864417
CV-E-B10,2015-TXH1,2015,G+E_T2,296,1.7893263735635683,1.418580183403865,-0.04670108145750729,0.20646257300292156
CV-E-B10,2015-TXH2,2015,G,308,2.492247013076836,2.078194728327961,-1.265412595620501,0.07606914972632708
CV-E-B10,2015-TXH2,2015,G+E_T0,308,3.362410702362842,2.9738258992362296,-3.1235062880116953,0.11469505824922312
CV-E-B10,2015-TXH2,2015,G+E_T1,308,2.7767099880100012,2.361581704729882,-1.8120703896695467,0.10747616518736426
CV-E-B10,2015-TXH2,2015,G+E_T2,308,2.9479380018904533,2.5421627313683937,-2.1695808462087194,0.11073109614851494
CV-E-B10,2016-DEH1,2016,G,230,2.0517405018889345,1.6635485810328825,-0.17253423764241416,0.15262298685587822
CV-E-B10,2016-DEH1,2016,G+E_T0,230,2.2259009565204213,1.8556331522256984,-0.3800421205579749,0.2725032529237811
CV-E-B10,2016-DEH1,2016,G+E_T1,230,2.084053352007586,1.7114091692071225,-0.20975753307678136,0.28103608806143043
CV-E-B10,2016-DEH1,2016,G+E_T2,230,2.1280854474685515,1.7560817002483893,-0.2614173302948546,0.26297276991933793
CV-E-B10,2016-GAH2,2016,G,87,4.673650445010437,4.4818172821086355,-10.886045479058955,0.2781012970419191
CV-E-B10,2016-GAH2,2016,G+E_T0,87,4.423247375513072,4.218672251878694,-9.646513036685244,0.22725951771713387
CV-E-B10,2016-GAH2,2016,G+E_T1,87,4.4287839089513765,4.225323384835012,-9.673181979526342,0.23647288098734848
CV-E-B10,2016-GAH2,2016,G+E_T2,87,4.353202635113227,4.144901109467188,-9.31199514822966,0.22661742037111937
CV-E-B10,2016-IAH2,2016,G,388,2.3787520944189033,1.8446963599517392,0.009177739294601306,0.17210844874346903
CV-E-B10,2016-IAH2,2016,G+E_T0,388,2.4503135218694814,1.8685951269869718,-0.05133397956276253,0.08379744497740188
CV-E-B10,2016-IAH2,2016,G+E_T1,388,2.441209668852277,1.8677141759651366,-0.043536275621056886,0.09796440546883563
CV-E-B10,2016-IAH2,2016,G+E_T2,388,2.446729041380589,1.8756437619196344,-0.04826030779936774,0.08478824005210171
CV-E-B10,2016-IAH3,2016,G,375,1.944179190029378,1.6231006639084136,-0.8812170861921462,0.1653004727166733
CV-E-B10,2016-IAH3,2016,G+E_T0,375,1.5448242828979646,1.2556066590090198,-0.187748550187677,0.05893697526061382
CV-E-B10,2016-IAH3,2016,G+E_T1,375,1.6692284654802598,1.373550537803245,-0.3867491182326144,0.07229608260848179
CV-E-B10,2016-IAH3,2016,G+E_T2,375,1.8410637901827873,1.5219814151004054,-0.6869569776917486,0.06767185122567662
CV-E-B10,2016-IAH4,2016,G,396,1.4243684384225472,1.1549520205951742,-0.23425478716730175,0.21178282147011093
CV-E-B10,2016-IAH4,2016,G+E_T0,396,1.3140045195575984,1.025909366234286,-0.05039792357264328,0.31346507240194077
CV-E-B10,2016-IAH4,2016,G+E_T1,396,1.2315319174600474,0.9583532735691016,0.07731920673260839,0.31609624393141494
CV-E-B10,2016-IAH4,2016,G+E_T2,396,1.2287841291761399,0.9582308483686535,0.08143197559832527,0.31402806636755726
CV-E-B10,2016-ILH1,2016,G,212,2.1161877518300476,1.6779255926135965,-0.31305732926224983,0.10506070021368226
CV-E-B10,2016-ILH1,2016,G+E_T0,212,2.068770358914125,1.635489485483614,-0.2548732611831812,0.2253892972329576
CV-E-B10,2016-ILH1,2016,G+E_T1,212,2.0193767914030625,1.5846509779434557,-0.1956663765757649,0.19441468658563393
CV-E-B10,2016-ILH1,2016,G+E_T2,212,2.0623050015498383,1.6292039766661799,-0.24704201371602985,0.17029895549280888
CV-E-B10,2016-INH1,2016,G,235,2.2070050877360625,1.7462163874891357,-0.3922627066296851,0.26477122612136533
CV-E-B10,2016-INH1,2016,G+E_T0,235,2.5864538106963058,2.096959345614379,-0.9121588848885105,0.38508951621997906
CV-E-B10,2016-INH1,2016,G+E_T1,235,2.3897221331558964,1.9072742068857926,-0.6323351530681662,0.3946389481634735
CV-E-B10,2016-INH1,2016,G+E_T2,235,2.9203959088276266,2.4306279790637864,-1.437799503696116,0.37873945997483033
CV-E-B10,2016-MIH1,2016,G,234,2.029946187065509,1.5560750492688864,0.001645027721903003,0.1494238523085071
CV-E-B10,2016-MIH1,2016,G+E_T0,234,2.120888525142891,1.6982231798702296,-0.08981208579435096,0.10548046526170271
CV-E-B10,2016-MIH1,2016,G+E_T1,234,2.3037918718635146,1.9190062103425596,-0.2858858531542585,0.11123993275974724
CV-E-B10,2016-MIH1,2016,G+E_T2,234,2.308096191486681,1.920766501580676,-0.29069534514525364,0.10000181358437497
CV-E-B10,2016-MNH1,2016,G,232,1.6734632901214106,1.3584095905432294,-0.30281450560503154,0.16527894981231683
CV-E-B10,2016-MNH1,2016,G+E_T0,232,2.132681040067619,1.7728228290177486,-1.1159335345403099,0.06771404807696772
CV-E-B10,2016-MNH1,2016,G+E_T1,232,2.2061862678836635,1.8431045388372955,-1.2643030922840248,0.06761487571035125
CV-E-B10,2016-MNH1,2016,G+E_T2,232,2.234533859754254,1.8672417747583003,-1.3228656154507261,0.053611234578646354
CV-E-B10,2016-NEH1,2016,G,231,2.718232509057525,2.257454806252713,-1.3895354460245013,0.07799318963459564
CV-E-B10,2016-NEH1,2016,G+E_T0,231,2.5440897417182793,2.087692962715873,-1.0931730112480613,0.288843533458189
CV-E-B10,2016-NEH1,2016,G+E_T1,231,2.659837674353505,2.199225404199006,-1.2879711244923482,0.21915677944881015
CV-E-B10,2016-NEH1,2016,G+E_T2,231,2.567349737865592,2.1065486342890036,-1.1316227270696508,0.25701076429499253
CV-E-B10,2016-NEH4,2016,G,214,2.063623813118068,1.656339247899374,-0.9657857233629077,0.026293743843250908
CV-E-B10,2016-NEH4,2016,G+E_T0,214,2.029781426619749,1.6311151306562681,-0.9018386258207693,0.1284180262708357
CV-E-B10,2016-NEH4,2016,G+E_T1,214,2.120150177906758,1.7151770056295563,-1.0749534804975216,0.07763648258903073
CV-E-B10,2016-NEH4,2016,G+E_T2,214,2.095504212300112,1.6870462963918686,-1.0269927319916503,0.05134995869303849
CV-E-B10,2016-NYH1,2016,G,224,1.9793678555056795,1.6826216068702227,-1.99367870030167,0.2861485465345629
CV-E-B10,2016-NYH1,2016,G+E_T0,224,2.4398243583049224,2.1800635454478177,-3.5485113921290568,0.250527096513067
CV-E-B10,2016-NYH1,2016,G+E_T1,224,2.3797266919282447,2.118899939409258,-3.327193587078953,0.27785503876041107
CV-E-B10,2016-NYH1,2016,G+E_T2,224,2.175710139097361,1.8934457493493453,-2.6170476689093554,0.25186278322911526
CV-E-B10,2016-NYH2,2016,G,230,3.144457127012816,2.632736729590951,-2.028179983219283,0.08853142858043253
CV-E-B10,2016-NYH2,2016,G+E_T0,230,3.8687027160509264,3.3719794086543633,-3.5837512948558876,-0.08351303080849644
CV-E-B10,2016-NYH2,2016,G+E_T1,230,3.038244531556728,2.4689493020668825,-1.8270649009610485,-0.07734308750680215
CV-E-B10,2016-NYH2,2016,G+E_T2,230,3.462784378291954,2.9230049549365957,-2.672326005587096,-0.09274928312753518
CV-E-B10,2016-NYH2L,2016,G,96,6.766730731992035,6.711930041680408,-137.86590592041696,-0.025870050615704857
CV-E-B10,2016-NYH2L,2016,G+E_T0,96,8.318474644227056,8.268751114775414,-208.85785816296465,-0.14943405800028545
CV-E-B10,2016-NYH2L,2016,G+E_T1,96,7.56771928123168,7.515368988285137,-172.6872221974815,-0.1382951792260446
CV-E-B10,2016-NYH2L,2016,G+E_T2,96,7.366375849842848,7.3096769751803805,-163.56807510378098,-0.15048327263177322
CV-E-B10,2016-TXH1,2016,G,218,2.7114595128774006,2.4479716861838012,-4.662691686706244,0.1446986317153359
CV-E-B10,2016-TXH1,2016,G+E_T0,218,2.9548455433787755,2.7477892480675044,-5.72490629054596,0.30631836020552794
CV-E-B10,2016-TXH1,2016,G+E_T1,218,2.582968220682136,2.3367227897823963,-4.138718105995509,0.2420275638668822
CV-E-B10,2016-TXH1,2016,G+E_T2,218,2.995124107390863,2.7736770086148272,-5.909495112416056,0.20643653183903654
CV-E-B10,2016-TXH2,2016,G,234,1.955651081496327,1.532501660267435,-0.0939982084241664,0.21210609408102918
CV-E-B10,2016-TXH2,2016,G+E_T0,234,2.584792303953153,2.1091698913862924,-0.9111077323867467,0.2474724088253776
CV-E-B10,2016-TXH2,2016,G+E_T1,234,1.9565507183428241,1.551086102497356,-0.09500496007149795,0.24827116342686056
CV-E-B10,2016-TXH2,2016,G+E_T2,234,2.0168421542678403,1.601502391081461,-0.16353026890870836,0.2273224424437012
CV-E-B10,2016-WIH1,2016,G,308,2.0320185117545884,1.633008877038134,-0.12960624050475666,0.19868542616724005
CV-E-B10,2016-WIH1,2016,G+E_T0,308,1.8970737238294193,1.5101660834423674,0.015444550666870782,0.3307500721454405
CV-E-B10,2016-WIH1,2016,G+E_T1,308,1.8187987620681487,1.4156382009724426,0.09501566302131825,0.31841081824757406
CV-E-B10,2016-WIH1,2016,G+E_T2,308,1.8130744037276967,1.3955304676949967,0.10070326568228138,0.31891501074299783
CV-E-B10,2016-WIH2,2016,G,418,2.3309104163925,1.924625761057786,0.07095532048060438,0.29240948652163035
CV-E-B10,2016-WIH2,2016,G+E_T0,418,3.0132630018924895,2.425437086975387,-0.5525997559982858,0.3267575078994726
CV-E-B10,2016-WIH2,2016,G+E_T1,418,2.528047705431216,2.0481929292309484,-0.09283844656336493,0.3215850630733704
CV-E-B10,2016-WIH2,2016,G+E_T2,418,2.3946648479470736,1.9665575107992237,0.01943832843566473,0.2883736398664948
CV-E-B10,2017-COH1,2017,G,209,2.8740805235660063,2.4783841376573883,-3.6174654890467695,0.01104530423969545
CV-E-B10,2017-COH1,2017,G+E_T0,209,2.63143444843833,2.1995532928321477,-2.870712424137776,-0.04421809987140342
CV-E-B10,2017-COH1,2017,G+E_T1,209,2.5529692412348926,2.1127560556609493,-2.6433169944135826,-0.0503444032354837
CV-E-B10,2017-COH1,2017,G+E_T2,209,2.579809026050325,2.1331647316623927,-2.7203252574779597,-0.06062088939957208
CV-E-B10,2017-DEH1,2017,G,168,2.8637904328415935,2.426489961241368,-0.8637383120927675,0.19741806583063987
CV-E-B10,2017-DEH1,2017,G+E_T0,168,2.8770864551567312,2.4730405132521858,-0.8810844355903087,0.3205408283023632
CV-E-B10,2017-DEH1,2017,G+E_T1,168,2.798767130151887,2.3886497887362528,-0.7800655472969646,0.28563927208198703
CV-E-B10,2017-DEH1,2017,G+E_T2,168,2.8533113036404023,2.439739592134385,-0.8501237530180383,0.2577984451468355
CV-E-B10,2017-GAH1,2017,G,130,2.767047538220949,2.190686141150169,-0.15715930032437564,0.08453263062401842
CV-E-B10,2017-GAH1,2017,G+E_T0,130,2.4929854466590515,2.0057979107170065,0.06071065517834051,0.2524148741638798
CV-E-B10,2017-GAH1,2017,G+E_T1,130,2.524373202398345,2.0325721273942996,0.036909648850009025,0.22322430688672124
CV-E-B10,2017-GAH1,2017,G+E_T2,130,2.5109021523104538,2.0174197377976015,0.0471610820298779,0.21973801911825344
CV-E-B10,2017-GAH2,2017,G,84,1.7063103218218538,1.3073817375708443,-0.13613538458542696,0.16661233902745187
CV-E-B10,2017-GAH2,2017,G+E_T0,84,1.5626631013095627,1.238532416681635,0.04710562124965301,0.35123599388262683
CV-E-B10,2017-GAH2,2017,G+E_T1,84,1.5130255998889055,1.1938643742013841,0.10668093523240874,0.3325675142948572
CV-E-B10,2017-GAH2,2017,G+E_T2,84,1.5105045332090339,1.2000632629346575,0.10965542640166304,0.3442163390247813
CV-E-B10,2017-IAH4,2017,G,326,2.780228623892411,2.380819509061368,-1.7154539604925936,0.2233144259195146
CV-E-B10,2017-IAH4,2017,G+E_T0,326,2.7978568677456117,2.3978662294668123,-1.7499982002222336,0.21925584891858957
CV-E-B10,2017-IAH4,2017,G+E_T1,326,2.906837520133539,2.5058374336330735,-1.9684035187704643,0.20550160424191302
CV-E-B10,2017-IAH4,2017,G+E_T2,326,2.977740809670077,2.578039571130901,-2.1149796167183785,0.2005704841719375
CV-E-B10,2017-ILH1,2017,G,173,2.4495556211221836,2.0771121846971807,-2.746385837741029,0.06555472256619117
CV-E-B10,2017-ILH1,2017,G+E_T0,173,2.456459073419365,2.0858436125297413,-2.7675320732844306,-0.0055309068972200165
CV-E-B10,2017-ILH1,2017,G+E_T1,173,2.367770226027503,1.9887754869049954,-2.5003945806785093,0.005282289791036703
CV-E-B10,2017-ILH1,2017,G+E_T2,173,2.4296464916308307,2.0540820103657804,-2.685734697190948,-0.0012115320269669423
CV-E-B10,2017-INH1,2017,G,163,3.456258018039255,3.1252404007740604,-3.42331470601635,0.18408405471501388
CV-E-B10,2017-INH1,2017,G+E_T0,163,2.3809054288818,2.038792664465332,-1.0990356636891296,0.30152973622552376
CV-E-B10,2017-INH1,2017,G+E_T1,163,2.086211101264775,1.7439032160634793,-0.6115806011891554,0.2715217508600627
CV-E-B10,2017-INH1,2017,G+E_T2,163,1.6793767381196196,1.3393091825253727,-0.044315667169518846,0.27621863013837616
CV-E-B10,2017-MIH1,2017,G,184,2.0884668236728934,1.752038733910259,-0.3630727453332916,0.25126386944826307
CV-E-B10,2017-MIH1,2017,G+E_T0,184,2.3222233803811125,1.988666587199855,-0.6852791948074106,0.31175517444320905
CV-E-B10,2017-MIH1,2017,G+E_T1,184,2.556334723981922,2.2008710017555457,-1.042204888404032,0.30303316404664643
CV-E-B10,2017-MIH1,2017,G+E_T2,184,2.4393197511167295,2.091702924063796,-0.8595220706048634,0.29593618726221405
CV-E-B10,2017-MNH1,2017,G,212,1.5721779484218037,1.1999275696905747,-0.03296491919358413,0.273981188594341
CV-E-B10,2017-MNH1,2017,G+E_T0,212,1.653106058335557,1.2928013012366817,-0.14204602504260477,0.06191973667399793
CV-E-B10,2017-MNH1,2017,G+E_T1,212,1.6553370644317111,1.2927329523451032,-0.1451306800675698,0.06648686939443427
CV-E-B10,2017-MNH1,2017,G+E_T2,212,1.6639713269971412,1.3030350305138931,-0.15710787248547176,0.053141853558424254
CV-E-B10,2017-NYH1,2017,G,204,1.851006255183751,1.4549859206428477,-0.33700437457947974,0.12424956649002332
CV-E-B10,2017-NYH1,2017,G+E_T0,204,1.738705014065877,1.3832511007067314,-0.17969263634143107,0.11960816680039793
CV-E-B10,2017-NYH1,2017,G+E_T1,204,1.864355000062346,1.4857180788434294,-0.35635783088148165,0.11568717991232966
CV-E-B10,2017-NYH1,2017,G+E_T2,204,1.9521899192352212,1.558409019894868,-0.48717195560441673,0.11477206616369488
CV-E-B10,2017-NYH2,2017,G,197,2.3981824416571147,2.0623683255668523,-1.5442448864458336,0.14422925664490693
CV-E-B10,2017-NYH2,2017,G+E_T0,197,2.6250559095362176,2.2954917218989803,-2.048397435894068,0.11976857611022383
CV-E-B10,2017-NYH2,2017,G+E_T1,197,2.4354326542941744,2.1058785315815416,-1.623896631111081,0.13802118344745068
CV-E-B10,2017-NYH2,2017,G+E_T2,197,2.211779453669845,1.8809677953675863,-1.1641039171651784,0.14854946665687624
CV-E-B10,2017-NYH3,2017,G,132,2.302003897431719,1.9129843734431875,-0.9093301883289941,0.03557009170013845
CV-E-B10,2017-NYH3,2017,G+E_T0,132,2.328649098305986,2.005802285154077,-0.9537861660874314,0.008481715206282187
CV-E-B10,2017-NYH3,2017,G+E_T1,132,2.225954822745529,1.8888422645383893,-0.7852606051561102,-0.011130963224208661
CV-E-B10,2017-NYH3,2017,G+E_T2,132,2.1448567057470425,1.804812481589855,-0.6575456425690442,-0.0030415576471748062
CV-E-B10,2017-TXH1-Dry,2017,G,133,2.2460214814302,1.9408062828448995,-1.275287501733462,0.1234828577145006
CV-E-B10,2017-TXH1-Dry,2017,G+E_T0,133,2.5669967525394872,2.2386038224008202,-1.9720705097989182,0.13367562481312026
CV-E-B10,2017-TXH1-Dry,2017,G+E_T1,133,3.0743890800613944,2.7441769336641473,-3.263105965048445,0.09022353327716955
CV-E-B10,2017-TXH1-Dry,2017,G+E_T2,133,3.036585623702713,2.70691826919597,-3.1589101046982195,0.11102919995412934
CV-E-B10,2017-TXH1-Early,2017,G,178,2.5741421905047908,2.2789316744866874,-2.3628786996192144,0.1923555718007885
CV-E-B10,2017-TXH1-Early,2017,G+E_T0,178,2.886692718079352,2.5724658266332048,-3.229093141780008,0.13438238596386137
CV-E-B10,2017-TXH1-Early,2017,G+E_T1,178,3.411113425546001,3.114044585767527,-4.905252310929349,0.08765548044931376
CV-E-B10,2017-TXH1-Early,2017,G+E_T2,178,3.3747273051458366,3.0773073602222913,-4.779942362500783,0.1064602053048706
CV-E-B10,2017-TXH1-Late,2017,G,133,3.282132354364765,3.0693309572358785,-9.912367017304039,0.04955786535298333
CV-E-B10,2017-TXH1-Late,2017,G+E_T0,133,2.3346039996027668,2.096040378935804,-4.5211968820795985,-0.004493405259830746
CV-E-B10,2017-TXH1-Late,2017,G+E_T1,133,2.207084196763455,1.9645141543163327,-3.9345162770309106,-0.017075366963217604
CV-E-B10,2017-TXH1-Late,2017,G+E_T2,133,2.346929290679994,2.1084965988312456,-4.57964790071734,-0.0248437408987911
CV-E-B10,2017-TXH2,2017,G,131,1.9089809782710236,1.561709384539138,-0.03282127095564413,0.1687411372673778
CV-E-B10,2017-TXH2,2017,G+E_T0,131,2.0417741625642813,1.5943802900916066,-0.18150993889402,0.12904668956022203
CV-E-B10,2017-TXH2,2017,G+E_T1,131,2.0184690255566196,1.576377053866403,-0.1546919826055051,0.13810171185490774
CV-E-B10,2017-TXH2,2017,G+E_T2,131,1.9871568245826536,1.5556605579632596,-0.11914473751071242,0.10835171976788396
CV-E-B10,2017-WIH1,2017,G,274,3.7786257272723307,3.3501303782952085,-2.1218116783772247,0.18445708777299766
CV-E-B10,2017-WIH1,2017,G+E_T0,274,3.7161361740458303,3.3038090107798013,-2.0194106762866766,0.261518625632679
CV-E-B10,2017-WIH1,2017,G+E_T1,274,3.6961668875783396,3.280802032083521,-1.9870472375059074,0.24785669142207073
CV-E-B10,2017-WIH1,2017,G+E_T2,274,3.6680735964512903,3.252587963775157,-1.9418127651780845,0.24467834743583786
CV-E-B10,2017-WIH2,2017,G,278,2.99399373750215,2.606258537584376,-2.1860130250307623,0.2545100986799624
CV-E-B10,2017-WIH2,2017,G+E_T0,278,1.9353456141326955,1.5944859126892708,-0.3312598586903115,0.30772334706958276
CV-E-B10,2017-WIH2,2017,G+E_T1,278,2.038442941806634,1.687804697047236,-0.4768721161189218,0.28164493990356954
CV-E-B10,2017-WIH2,2017,G+E_T2,278,1.9552240961002942,1.612987397296611,-0.3587477983754994,0.29369140667509336
CV-E-B10,2018-ARH2,2018,G,429,4.485384321573613,4.411351671271558,-46.57595302556928,-0.172967369448616
CV-E-B10,2018-ARH2,2018,G+E_T0,429,4.679724109232378,4.616207993633431,-50.78794472468817,-0.1291617512069977
CV-E-B10,2018-ARH2,2018,G+E_T1,429,4.164061768517604,4.090622796842713,-40.00364846402295,-0.13664984927379864
CV-E-B10,2018-ARH2,2018,G+E_T2,429,4.190988789716516,4.117778445143133,-40.53566553746382,-0.14009006698386384
CV-E-B10,2018-DEH1,2018,G,595,3.551835614125886,2.929421252717917,-2.1189965617622133,-0.12149618338887534
CV-E-B10,2018-DEH1,2018,G+E_T0,595,3.4274374118064173,2.7943324469370565,-1.9043452863450692,-0.10701390995487575
CV-E-B10,2018-DEH1,2018,G+E_T1,595,3.366729331208126,2.7472541384226012,-1.8023707160235363,-0.032035083127199396
CV-E-B10,2018-DEH1,2018,G+E_T2,595,3.372182614673863,2.738222472800894,-1.8114563876341898,-0.0852340203261931
CV-E-B10,2018-IAH2,2018,G,434,2.7792752914005567,2.4100818480366084,-1.6068595844231504,0.23786056314968715
CV-E-B10,2018-IAH2,2018,G+E_T0,434,2.6671489823902466,2.295438205696352,-1.4007617150839016,0.2307530883333023
CV-E-B10,2018-IAH2,2018,G+E_T1,434,2.810167455103667,2.4384050881543278,-1.6651331169481836,0.24122985746393857
CV-E-B10,2018-IAH2,2018,G+E_T2,434,2.8949962887453373,2.52278872029253,-1.8284631746350746,0.2474867491605468
CV-E-B10,2018-IAH4,2018,G,804,1.9239867121507443,1.6096785019758177,-1.2306185659801159,0.10415262739463942
CV-E-B10,2018-IAH4,2018,G+E_T0,804,2.0317360485819247,1.725330666480701,-1.48745795402807,0.08203655270134758
CV-E-B10,2018-IAH4,2018,G+E_T1,804,2.2269345231229463,1.9298417324666133,-1.9883817258485084,0.08847475614253635
CV-E-B10,2018-IAH4,2018,G+E_T2,804,2.2579425550244676,1.964310581646237,-2.0721820932281303,0.09570559248897213
CV-E-B10,2018-ILH1,2018,G,394,2.7218309586088982,2.3888771439997383,-2.0025799704322735,0.1272300258976574
CV-E-B10,2018-ILH1,2018,G+E_T0,394,2.3260389958624206,1.9649967605769072,-1.1928365778682264,0.06781568195992277
CV-E-B10,2018-ILH1,2018,G+E_T1,394,2.413179348674825,2.058889783392778,-1.3602145554636809,0.08907185635531323
CV-E-B10,2018-ILH1,2018,G+E_T2,394,2.448978064615364,2.098516629019625,-1.4307599632976884,0.09815026127024945
CV-E-B10,2018-INH1,2018,G,407,2.3895565794796787,2.0638522300641484,-2.1955450081858823,0.026444542135672877
CV-E-B10,2018-INH1,2018,G+E_T0,407,1.4077941193009387,1.1245054353930324,-0.10914569019981557,0.049253445648404205
CV-E-B10,2018-INH1,2018,G+E_T1,407,1.4031292685277064,1.1281205609802396,-0.10180736308642557,0.03522204266762621
CV-E-B10,2018-INH1,2018,G+E_T2,407,1.4149496409972824,1.1357485915861163,-0.12044945367383297,0.03572443960310708
CV-E-B10,2018-MIH1,2018,G,375,1.453651707361102,1.1180251323333223,-0.25530510460315226,-0.16887067177976153
CV-E-B10,2018-MIH1,2018,G+E_T0,375,1.7336265347948336,1.392510295960471,-0.7854169798046726,-0.11029476519279781
CV-E-B10,2018-MIH1,2018,G+E_T1,375,1.5913305463072582,1.2488446873940973,-0.5043516547756384,-0.10482361932421921
CV-E-B10,2018-MIH1,2018,G+E_T2,375,1.83979171437917,1.5050689695936739,-1.010786157000434,-0.104362771980278
CV-E-B10,2018-MNH1,2018,G,916,2.615751191689588,2.087417297640936,-1.38312171740017,-0.14802897930217676
CV-E-B10,2018-MNH1,2018,G+E_T0,916,3.2920548256923885,2.788432157638812,-2.774743790243468,-0.1658673062931808
CV-E-B10,2018-MNH1,2018,G+E_T1,916,2.8480949310767643,2.3381095315152414,-1.825285121701865,-0.09773524623706112
CV-E-B10,2018-MNH1,2018,G+E_T2,916,3.0478601140335204,2.5342519154859433,-2.235515031541826,-0.14310783197425697
CV-E-B10,2018-MOH1,2018,G,790,2.5028537783764335,2.18926055726907,-2.816730061418026,0.13054956630412465
CV-E-B10,2018-MOH1,2018,G+E_T0,790,2.0150365778586217,1.682420119237369,-1.4739240217691996,0.12807515105261358
CV-E-B10,2018-MOH1,2018,G+E_T1,790,1.6073079591563695,1.2958205793105162,-0.5740505666740907,0.12344262231749042
CV-E-B10,2018-MOH1,2018,G+E_T2,790,1.5524284063633165,1.2443529664289603,-0.46839755003047023,0.1242794635391543
CV-E-B10,2018-NCH1,2018,G,639,2.677601012563545,2.1788062061263447,-0.5479223733909075,-0.34145875748725174
CV-E-B10,2018-NCH1,2018,G+E_T0,639,3.033006651628667,2.505823631519781,-0.9861140142232812,-0.03279736513631306
CV-E-B10,2018-NCH1,2018,G+E_T1,639,2.7732320582878165,2.273671067687992,-0.6604655676370426,0.0012252258129937456
CV-E-B10,2018-NCH1,2018,G+E_T2,639,2.975671319339647,2.4547425088322683,-0.9117335793434058,-0.03568558338698814
CV-E-B10,2018-NYH1,2018,G,373,2.5648709107047893,2.0670584967460406,-1.026235619383121,0.2287780842793858
CV-E-B10,2018-NYH1,2018,G+E_T0,373,2.441573067116422,1.9244562376941998,-0.8361086334981751,0.20251598576762123
CV-E-B10,2018-NYH1,2018,G+E_T1,373,2.3785541811955713,1.8644367745270893,-0.742549078782393,0.2120784275088164
CV-E-B10,2018-NYH1,2018,G+E_T2,373,2.0599133122068882,1.5860288657849404,-0.306943490301975,0.21884762597883783
CV-E-B10,2018-NYH2,2018,G,395,2.0420774577205894,1.641450973744499,-0.15348852214507613,0.07451213713419101
CV-E-B10,2018-NYH2,2018,G+E_T0,395,1.9751073028247284,1.5848117164164273,-0.07907155526346066,0.13383569728839217
CV-E-B10,2018-NYH2,2018,G+E_T1,395,1.884146498780523,1.484958725721106,0.018030067125684113,0.14069438812990628
CV-E-B10,2018-NYH2,2018,G+E_T2,395,1.906202081276979,1.4932391929072155,-0.0050941233955568155,0.1324752114181589
CV-E-B10,2018-NYH3,2018,G,416,1.590060768685563,1.235964255840114,0.02243429915701589,0.1756053115936803
CV-E-B10,2018-NYH3,2018,G+E_T0,416,3.2282920317853736,2.875046915005458,-3.0296204220950163,0.20216581343314305
CV-E-B10,2018-NYH3,2018,G+E_T1,416,3.2876035832031225,2.9377952046825198,-3.1790483977057935,0.20164688610577858
CV-E-B10,2018-NYH3,2018,G+E_T2,416,2.498749009484879,2.113209223326119,-1.4141473848392088,0.19649570731407925
CV-E-B10,2018-OHH1,2018,G,380,1.7399879754970782,1.4129288941429057,-0.5268982214875395,-0.03298797871637164
CV-E-B10,2018-OHH1,2018,G+E_T0,380,1.9352423264023308,1.5264000056880909,-0.8888101303052007,-0.053448349858948724
CV-E-B10,2018-OHH1,2018,G+E_T1,380,1.494488403483997,1.1683848022433954,-0.1264260723623083,-0.03697090093749825
CV-E-B10,2018-OHH1,2018,G+E_T2,380,1.667782939480053,1.2883921538745116,-0.40280288068606884,-0.03537985465382218
CV-E-B10,2018-SCH1,2018,G,378,3.300590916483889,3.0127698685133564,-5.034031856915582,0.017290912155346873
CV-E-B10,2018-SCH1,2018,G+E_T0,378,1.677551712204301,1.3590604911151973,-0.558748439480975,0.09913993757455648
CV-E-B10,2018-SCH1,2018,G+E_T1,378,1.538726773323132,1.2208913533080679,-0.311436356633795,0.09181504292164343
CV-E-B10,2018-SCH1,2018,G+E_T2,378,1.4926587729852527,1.1764044383379686,-0.23408556987675921,0.09242879178509007
CV-E-B10,2018-TXH1-Dry,2018,G,369,2.2261478570617093,1.8870564204032203,-1.966634275680303,0.1343557235705558
CV-E-B10,2018-TXH1-Dry,2018,G+E_T0,369,2.4945260069633535,2.175762205955057,-2.7250496882138417,0.13806685523355414
CV-E-B10,2018-TXH1-Dry,2018,G+E_T1,369,1.9923373587211364,1.6439927374637209,-1.37619323512746,0.1339691795205573
CV-E-B10,2018-TXH1-Dry,2018,G+E_T2,369,1.9818771844574297,1.6346005714791094,-1.351307743433185,0.13963157782637925
CV-E-B10,2018-TXH1-Early,2018,G,404,1.3322407141656278,1.0361419670289647,-0.20047878144783593,0.018775019312410043
CV-E-B10,2018-TXH1-Early,2018,G+E_T0,404,1.298414113517263,0.9860853318697839,-0.14029058799692673,0.03197800553182818
CV-E-B10,2018-TXH1-Early,2018,G+E_T1,404,1.355730664713787,1.0358657026261635,-0.2431854630502972,0.02407440059895287
CV-E-B10,2018-TXH1-Early,2018,G+E_T2,404,1.3601355037222482,1.0418196677023759,-0.25127693419627106,0.02582260276783208
CV-E-B10,2018-TXH1-Late,2018,G,434,3.20581567981044,2.987076960915814,-6.748658083454908,0.09191732332247562
CV-E-B10,2018-TXH1-Late,2018,G+E_T0,434,2.3867617850565566,2.1235839051723637,-3.295043349810979,0.11227107884434737
CV-E-B10,2018-TXH1-Late,2018,G+E_T1,434,2.3768889841062633,2.1134268719339118,-3.259584087489965,0.11395751458350487
CV-E-B10,2018-TXH1-Late,2018,G+E_T2,434,2.2131179736972744,1.9446022228265019,-2.6928233293534967,0.11834148114454428
CV-E-B10,2018-TXH2,2018,G,443,1.9770869797015043,1.5795971438876852,-0.6285907573767908,0.02340649317983522
CV-E-B10,2018-TXH2,2018,G+E_T0,443,1.687738699207547,1.3207935614676791,-0.186781673155201,0.04258935799404751
CV-E-B10,2018-TXH2,2018,G+E_T1,443,1.678287183492622,1.3144180551309348,-0.17352668556184447,0.042614387531049146
CV-E-B10,2018-TXH2,2018,G+E_T2,443,1.6466408575750935,1.2884025999067665,-0.12968714836335926,0.04269066538564463
CV-E-B10,2018-WIH1,2018,G,401,2.262754821752286,1.8262316653214823,-0.5740552166612614,-0.050016382916531994
CV-E-B10,2018-WIH1,2018,G+E_T0,401,1.8754336202491815,1.4714419016892926,-0.08130536890560114,-0.06869969823677845
CV-E-B10,2018-WIH1,2018,G+E_T1,401,1.8864295479649704,1.4977400012373585,-0.09402222731843723,-0.05433987311519083
CV-E-B10,2018-WIH1,2018,G+E_T2,401,1.8807153219868085,1.4931870744341882,-0.08740441116489839,-0.05118070035508708
CV-E-B10,2018-WIH2,2018,G,815,2.5323179126471276,1.9712408280479314,-0.9169502082905667,-0.1058633290304071
CV-E-B10,2018-WIH2,2018,G+E_T0,815,3.430490660506358,2.965339718847206,-2.5179273059404967,0.01996621815196976
CV-E-B10,2018-WIH2,2018,G+E_T1,815,2.948055915938471,2.4403391462088244,-1.5980398697339027,0.026616713634879514
CV-E-B10,2018-WIH2,2018,G+E_T2,815,3.2595139645093503,2.777647198312927,-2.17599690398679,0.012097067241559314
CV-E-B10,2019-DEH1,2019,G,814,2.538944934440164,2.1028457608349282,-0.8400061746629202,-0.002269192899342152
CV-E-B10,2019-DEH1,2019,G+E_T0,814,2.7751725739681645,2.334131811810811,-1.1983290881013815,0.06738447531336393
CV-E-B10,2019-DEH1,2019,G+E_T1,814,2.669336913262963,2.2304227919807422,-1.0338527224721825,0.07653224594552044
CV-E-B10,2019-DEH1,2019,G+E_T2,814,2.6967848258609735,2.257233613263645,-1.07589464426378,0.06657013207786804
CV-E-B10,2019-GAH2,2019,G,390,3.3304633265758223,2.987497740946324,-4.229712058605462,-0.06435427196648336
CV-E-B10,2019-GAH2,2019,G+E_T0,390,3.667411254564759,3.361075990889865,-5.341437158299049,-0.10292896772892252
CV-E-B10,2019-GAH2,2019,G+E_T1,390,3.52812385331073,3.211297898434869,-4.868891912244789,-0.10966187544720134
CV-E-B10,2019-GAH2,2019,G+E_T2,390,3.6244305359100486,3.3128233520974844,-5.193669505000852,-0.10973590814106411
CV-E-B10,2019-IAH4,2019,G,1140,2.6028777986193345,2.3104431116090205,-2.984161035353122,-0.004990960239019243
CV-E-B10,2019-IAH4,2019,G+E_T0,1140,2.5579471126058078,2.275733060228692,-2.8477996199625473,0.04692626111058544
CV-E-B10,2019-IAH4,2019,G+E_T1,1140,2.264991407373642,1.9771264048335022,-2.0169106157597962,0.03999020582009003
CV-E-B10,2019-IAH4,2019,G+E_T2,1140,2.2358873324843183,1.9481680070305505,-1.9398769726063554,0.03914072222344761
CV-E-B10,2019-ILH1,2019,G,448,4.60358480149706,4.30420835668444,-6.43336855307889,0.21087310639922105
CV-E-B10,2019-ILH1,2019,G+E_T0,448,4.051370309448354,3.726325471826318,-4.757013567229483,0.23127813735936323
CV-E-B10,2019-ILH1,2019,G+E_T1,448,4.181878862890419,3.862433570111857,-5.133894013947024,0.22715853835735983
CV-E-B10,2019-ILH1,2019,G+E_T2,448,3.960449092446759,3.6295995326789807,-4.5015142392464815,0.22696467298976297
CV-E-B10,2019-INH1,2019,G,440,5.296135169589254,5.059868844717956,-10.602814149363217,0.07604354070695993
CV-E-B10,2019-INH1,2019,G+E_T0,440,4.665167763108495,4.404748672434089,-8.0028444437184,0.11169345832340596
CV-E-B10,2019-INH1,2019,G+E_T1,440,4.387776497440375,4.11018464745815,-6.964054245916028,0.10326624959243383
CV-E-B10,2019-INH1,2019,G+E_T2,440,4.441991731856547,4.1665750673314745,-7.162077347419979,0.09489031771828169
CV-E-B10,2019-MIH1,2019,G,454,1.8559729750299918,1.507736766891235,-0.10201094892597862,0.08412807616779783
CV-E-B10,2019-MIH1,2019,G+E_T0,454,2.137214415002032,1.7591226149397465,-0.46129804285048825,0.08141216828688867
CV-E-B10,2019-MIH1,2019,G+E_T1,454,1.7873313066195364,1.4380369955714587,-0.022004335384367302,0.07355017122286171
CV-E-B10,2019-MIH1,2019,G+E_T2,454,1.9888908304503485,1.623173183732702,-0.26550686134442314,0.07083206344867639
CV-E-B10,2019-MNH1,2019,G,1001,2.1803625725872,1.7849102721961498,-0.4213669262958988,0.12767118751361697
CV-E-B10,2019-MNH1,2019,G+E_T0,1001,2.310874856008339,1.9072461412171238,-0.5966202129651583,-0.06897394100094323
CV-E-B10,2019-MNH1,2019,G+E_T1,1001,2.419869728639776,2.0139709831851227,-0.7507846984576487,-0.05448722068288842
CV-E-B10,2019-MNH1,2019,G+E_T2,1001,2.350760006014083,1.9477530829930798,-0.6522104148747325,-0.03957712245761165
CV-E-B10,2019-MOH1,2019,G,515,2.998256402747295,2.5888197082586024,-1.7227372196250492,-0.10845047837004612
CV-E-B10,2019-MOH1,2019,G+E_T0,515,2.553405972981873,2.1785248800433306,-0.9747309299130249,-0.07775309628684482
CV-E-B10,2019-MOH1,2019,G+E_T1,515,2.0951288919714552,1.7635425937796825,-0.3295040979069146,-0.0894152455378229
CV-E-B10,2019-MOH1,2019,G+E_T2,515,1.9846121400777057,1.6445796586461698,-0.1929424032563003,-0.07801757248664273
CV-E-B10,2019-NEH1,2019,G,308,2.9155145671398834,2.4605787035180713,-0.7879890566252636,0.12093642884345511
CV-E-B10,2019-NEH1,2019,G+E_T0,308,2.706283885978471,2.2575112650660714,-0.540568906765934,0.13232724431998774
CV-E-B10,2019-NEH1,2019,G+E_T1,308,2.643804720702965,2.1944376826136684,-0.4702567178282844,0.13352062448109148
CV-E-B10,2019-NEH1,2019,G+E_T2,308,2.5413726721091137,2.0910825143820406,-0.3585359524376244,0.13505418991974905
CV-E-B10,2019-NEH2,2019,G,170,2.7397509466142855,2.416483133040585,-2.3580606549128698,0.24463094708291272
CV-E-B10,2019-NEH2,2019,G+E_T0,170,2.5282440437726916,2.1977123536277396,-1.8595938247041346,0.2266899620015521
CV-E-B10,2019-NEH2,2019,G+E_T1,170,2.3737461240862325,2.0426401780199894,-1.5207797548691895,0.2355348601939841
CV-E-B10,2019-NEH2,2019,G+E_T2,170,2.316144897732961,1.9861509583365191,-1.3999258058327557,0.23991854154430595
CV-E-B10,2019-NEH2L,2019,G,174,2.169172697983215,1.7254587234318275,-0.0044307400285632514,0.16186158456235883
CV-E-B10,2019-NEH2L,2019,G+E_T0,174,2.1988862482785367,1.6818370250154282,-0.03213680019548448,0.15650736176061575
CV-E-B10,2019-NEH2L,2019,G+E_T1,174,2.412779563477773,1.825833370576056,-0.24270208710329788,0.15859473182846429
CV-E-B10,2019-NEH2L,2019,G+E_T2,174,2.551819621884373,1.9302694632057045,-0.39005403102135205,0.15814018901780652
CV-E-B10,2019-NYH1,2019,G,201,1.4211128270005917,1.1207927851516872,-0.006871796072702718,0.18661329151030115
CV-E-B10,2019-NYH1,2019,G+E_T0,201,1.4815034753978709,1.1949006987654884,-0.09426474208328295,0.16197764786444827
CV-E-B10,2019-NYH1,2019,G+E_T1,201,1.452003096524754,1.162360490465784,-0.05111961861630099,0.16053842746908545
CV-E-B10,2019-NYH1,2019,G+E_T2,201,1.438502218431673,1.1470101477824834,-0.03166365053748721,0.16374254381864947
CV-E-B10,2019-NYH2,2019,G,402,3.748356238400735,3.3706473555492886,-3.2947268968076466,0.0789830579663225
CV-E-B10,2019-NYH2,2019,G+E_T0,402,4.1373985617213265,3.7865196695723156,-4.232491753838534,0.06798667229452328
CV-E-B10,2019-NYH2,2019,G+E_T1,402,4.180487713343727,3.829698047589111,-4.342047397798078,0.06000844295906468
CV-E-B10,2019-NYH2,2019,G+E_T2,402,3.999106031542053,3.6417249018034936,-3.8885456210684595,0.06745393655554859
CV-E-B10,2019-NYH3,2019,G,573,3.9286920895918382,3.4618376718139485,-2.5736651066535727,0.08242791661689643
CV-E-B10,2019-NYH3,2019,G+E_T0,573,3.760097747253954,3.2881561380780893,-2.2735285791057827,0.09101829689857298
CV-E-B10,2019-NYH3,2019,G+E_T1,573,3.754276589244934,3.28235777160469,-2.2634006633341643,0.09569546857689708
CV-E-B10,2019-NYH3,2019,G+E_T2,573,3.626774931989476,3.1486541160350128,-2.0455033209099533,0.08914205160326136
CV-E-B10,2019-OHH1,2019,G,367,2.548214390839404,2.2215829170686185,-1.2961840702696112,0.0872610188894128
CV-E-B10,2019-OHH1,2019,G+E_T0,367,2.1191007651318845,1.7754150486810394,-0.5879542583356103,0.08590443499513027
CV-E-B10,2019-OHH1,2019,G+E_T1,367,1.755752359085215,1.3686107255147002,-0.09008733250724799,0.09383173898140479
CV-E-B10,2019-OHH1,2019,G+E_T2,367,1.683961467487535,1.2778979057584128,-0.0027647782247968156,0.10048442922607277
CV-E-B10,2019-SCH1,2019,G,365,5.717348163368557,5.626512906713946,-33.125646816933255,0.09147155135095071
CV-E-B10,2019-SCH1,2019,G+E_T0,365,1.8002487050138005,1.5617301953733653,-2.383425565232299,0.14919456692078656
CV-E-B10,2019-SCH1,2019,G+E_T1,365,2.5826743248460517,2.398466805227395,-5.963553272131087,0.13632700192815075
CV-E-B10,2019-SCH1,2019,G+E_T2,365,2.3323147513142013,2.134085911258839,-4.6789223484238365,0.14250870373708105
CV-E-B10,2019-TXH1,2019,G,571,1.923521208938193,1.4043871766954843,-0.19830433063744124,0.019832557923855843
CV-E-B10,2019-TXH1,2019,G+E_T0,571,1.791629754852425,1.3696817294642545,-0.039608216549578135,0.03877858162496422
CV-E-B10,2019-TXH1,2019,G+E_T1,571,1.7883550342922294,1.357512469867391,-0.035811321453283806,0.031676331074372656
CV-E-B10,2019-TXH1,2019,G+E_T2,571,1.7859378570621534,1.3318234789727288,-0.03301316623229433,0.03148598691957782
CV-E-B10,2019-TXH2,2019,G,438,1.4850145089326188,1.1963877800121723,-0.08560076520499238,-0.017108289074777006
CV-E-B10,2019-TXH2,2019,G+E_T0,438,1.4687434998958404,1.1810301772594736,-0.06194166925366584,0.004300373195582256
CV-E-B10,2019-TXH2,2019,G+E_T1,438,1.4767131355866507,1.1896275267175476,-0.07349746480685737,-0.0110423182775146
CV-E-B10,2019-TXH2,2019,G+E_T2,438,1.492532757676644,1.200484171009299,-0.09662082882795908,-0.003708917939930554
CV-E-B10,2019-TXH3,2019,G,445,1.6537961588943246,1.2893571161707462,-0.17121225648349614,0.0217463563276072
CV-E-B10,2019-TXH3,2019,G+E_T0,445,1.5724056907569521,1.226652052511002,-0.058768140868902696,0.06286393355830175
CV-E-B10,2019-TXH3,2019,G+E_T1,445,1.5632717984662747,1.2162311979813776,-0.04650338451990632,0.058244233607580874
CV-E-B10,2019-TXH3,2019,G+E_T2,445,1.5608432043463307,1.2171032272831745,-0.04325435541067968,0.06123694301716054
CV-E-B10,2019-WIH1,2019,G,580,3.2038228342736654,2.7868235407982693,-1.1079746706293498,0.054365156178406156
CV-E-B10,2019-WIH1,2019,G+E_T0,580,2.9899092241445313,2.576229405561458,-0.8358805019763997,0.05675681485316142
CV-E-B10,2019-WIH1,2019,G+E_T1,580,2.8181367481855744,2.4120991680657684,-0.6309946243685685,0.05711220342524416
CV-E-B10,2019-WIH1,2019,G+E_T2,580,2.653874959805299,2.250493634863042,-0.4464030099321119,0.05835089556335074
CV-E-B10,2019-WIH2,2019,G,1113,2.2610355227475023,1.8249690276691488,-0.839789746761965,0.17119618029024947
CV-E-B10,2019-WIH2,2019,G+E_T0,1113,3.230237458452908,2.8145146132140573,-2.7551070395770307,0.01477724087925586
CV-E-B10,2019-WIH2,2019,G+E_T1,1113,3.267162998915081,2.8559062695121504,-2.8414486049990777,0.027745588626776296
CV-E-B10,2019-WIH2,2019,G+E_T2,1113,3.5189526558339823,3.1244536659754965,-3.456360035553817,0.0444969472364086
CV-E-B10,2020-DEH1,2020,G,1143,2.329650457886534,1.875236941416984,-0.4783003723375425,0.5146214776592783
CV-E-B10,2020-DEH1,2020,G+E_T0,1143,2.7004938561632548,2.1866669088979136,-0.9864038358057039,0.4385324020194095
CV-E-B10,2020-DEH1,2020,G+E_T1,1143,2.7287878534095036,2.2166275126940103,-1.0282463566829785,0.44389318780022474
CV-E-B10,2020-DEH1,2020,G+E_T2,1143,2.541638137771016,2.028019090059691,-0.759578290822932,0.45113563493589215
CV-E-B10,2020-INH1,2020,G,415,2.142153674390761,1.6967601560608798,-0.7078297433033021,0.04316859627454582
CV-E-B10,2020-INH1,2020,G+E_T0,415,1.6833251713618167,1.3137287729111344,-0.0545795899641317,0.07458171233908847
CV-E-B10,2020-INH1,2020,G+E_T1,415,1.7048657030323497,1.3415818267352657,-0.08174195700711362,0.08015281447246067
CV-E-B10,2020-INH1,2020,G+E_T2,415,1.747603323384582,1.3588479807867035,-0.13665600443090353,0.07051302072691634
CV-E-B10,2020-MIH1,2020,G,415,3.29167891632017,3.017970318188075,-5.807593677432941,0.03322799718437715
CV-E-B10,2020-MIH1,2020,G+E_T0,415,3.691670003714337,3.4580532635557124,-7.562576019525286,0.07092818762717688
CV-E-B10,2020-MIH1,2020,G+E_T1,415,4.064846054090746,3.846792245055442,-9.38118425965525,0.05849395994318812
CV-E-B10,2020-MIH1,2020,G+E_T2,415,4.029914236328432,3.8117520330906394,-9.20352662602784,0.059115435175780356
CV-E-B10,2020-MNH1,2020,G,392,1.4871884972207619,1.1375746207639972,-0.023103311281113204,0.28634837907845656
CV-E-B10,2020-MNH1,2020,G+E_T0,392,1.9472147875477956,1.5604423996726806,-0.7539417781388944,0.26951834293708243
CV-E-B10,2020-MNH1,2020,G+E_T1,392,1.4546378415988308,1.1118673623041142,0.021192659827079963,0.27156189782511625
CV-E-B10,2020-MNH1,2020,G+E_T2,392,1.7565593412346618,1.3758247359171967,-0.42729290477707105,0.2718005292358092
CV-E-B10,2020-NEH1,2020,G,246,1.8361576695682227,1.3983271977335816,-0.010256321964527082,0.2301336995264428
CV-E-B10,2020-NEH1,2020,G+E_T0,246,2.4416651778192655,1.903025215780936,-0.7864211579009837,0.17794613375616017
CV-E-B10,2020-NEH1,2020,G+E_T1,246,2.375689633049427,1.8409798913354338,-0.6911846956811547,0.1898188321501219
CV-E-B10,2020-NEH1,2020,G+E_T2,246,2.442835874415109,1.903274095373482,-0.7881346266886984,0.1829080512159333
CV-E-B10,2020-NEH2,2020,G,245,1.7391417138807417,1.5000886857469626,-1.200113146081907,-0.020980617938022708
CV-E-B10,2020-NEH2,2020,G+E_T0,245,1.2157761881611842,0.9522549298961689,-0.07518287503048637,0.1347726203651924
CV-E-B10,2020-NEH2,2020,G+E_T1,245,1.1902403318205932,0.9131259485564087,-0.030491460210996024,0.10881040480993798
CV-E-B10,2020-NEH2,2020,G+E_T2,245,1.2677378371322583,1.0148514117213077,-0.16905239864821398,0.12757943975597322
CV-E-B10,2020-NYH1,2020,G,22,2.500842942520472,1.9467235822290208,-0.9547762976505414,0.013432643877303845
CV-E-B10,2020-NYH1,2020,G+E_T0,22,2.1234038678936384,1.6411874648924645,-0.40925451997854245,0.23618379327689515
CV-E-B10,2020-NYH1,2020,G+E_T1,22,2.268792950528315,1.7776863918784018,-0.6088440784839282,0.2303146864184776
CV-E-B10,2020-NYH1,2020,G+E_T2,22,2.4520097525602402,1.9724221630160754,-0.8791810081182987,0.2535087407412254
CV-E-B10,2020-NYH2,2020,G,386,2.153976466731397,1.7091405830017201,-0.019292841508676606,0.13925033540304418
CV-E-B10,2020-NYH2,2020,G+E_T0,386,2.129352590416597,1.6704962849063834,0.0038786999884353746,0.11961411266780461
CV-E-B10,2020-NYH2,2020,G+E_T1,386,2.1317560950194387,1.667105958425761,0.0016286890173190516,0.11996843509213814
CV-E-B10,2020-NYH2,2020,G+E_T2,386,2.139084174351442,1.6695131845876856,-0.005247068577518776,0.1152532743551384
CV-E-B10,2020-NYH3,2020,G,379,2.3471793861095582,1.8272506867115252,-0.11124078403197779,0.013213951508614211
CV-E-B10,2020-NYH3,2020,G+E_T0,379,2.2607059051380447,1.723102472632044,-0.030869629232045614,0.0021204841152179872
CV-E-B10,2020-NYH3,2020,G+E_T1,379,2.254513494863036,1.7112902283824465,-0.025229952794429078,-0.0003917880425653359
CV-E-B10,2020-NYH3,2020,G+E_T2,379,2.253552709572228,1.6879849310645967,-0.024356313341059588,0.006705502424542221
CV-E-B10,2020-OHH1,2020,G,396,2.7113360281355297,2.4151194748534226,-3.582785602182075,0.09823724080597492
CV-E-B10,2020-OHH1,2020,G+E_T0,396,2.4255221642330373,2.120721523120633,-2.6675272136305868,0.09518853071470407
CV-E-B10,2020-OHH1,2020,G+E_T1,396,1.9637481830200432,1.6457106752515633,-1.4039998842880204,0.08673796526938722
CV-E-B10,2020-OHH1,2020,G+E_T2,396,2.145823193506783,1.8279283094109182,-1.8704548507469805,0.08807208842521062
CV-E-B10,2020-SCH1,2020,G,398,4.781490032206331,4.600434095479076,-13.38964393763149,-0.009163319033299998
CV-E-B10,2020-SCH1,2020,G+E_T0,398,2.093435559251482,1.7947085246273635,-1.7583078279196993,0.037480750291703155
CV-E-B10,2020-SCH1,2020,G+E_T1,398,2.271286271492333,1.982017864409622,-2.246887864575081,0.034806142372008006
CV-E-B10,2020-SCH1,2020,G+E_T2,398,2.174947817449653,1.879938152515213,-1.9772905666414702,0.03532243238858958
CV-E-B10,2020-TXH1,2020,G,246,1.661318384269291,1.274691671227119,-0.003338322554169215,0.13042529915210418
CV-E-B10,2020-TXH1,2020,G+E_T0,246,1.8368492152503348,1.4597727838923666,-0.22655964678787344,0.07189410684281125
CV-E-B10,2020-TXH1,2020,G+E_T1,246,1.693825231370187,1.3100406590924007,-0.04298690107512826,0.03945420285098676
CV-E-B10,2020-TXH1,2020,G+E_T2,246,1.8202217472170732,1.4238109496649731,-0.20445410479870585,-0.03480377370833042
CV-E-B10,2020-TXH2,2020,G,245,2.6383803620970623,2.285521202037503,-1.8542958384924981,0.07240166100062305
CV-E-B10,2020-TXH2,2020,G+E_T0,245,1.6379356397230953,1.262851353037962,-0.1000637109246807,-0.06314675875703722
CV-E-B10,2020-TXH2,2020,G+E_T1,245,1.7009298444538161,1.337266820498374,-0.18630667869219142,-0.05956573520303941
CV-E-B10,2020-TXH2,2020,G+E_T2,245,1.6412811217108223,1.2613953331084555,-0.1045620583415865,-0.07867836814989464
CV-E-B10,2020-TXH3,2020,G,246,1.789860163860015,1.4554948263774898,-0.9453582955506881,-0.06108379903499481
CV-E-B10,2020-TXH3,2020,G+E_T0,246,1.3263337791712155,1.0690128463196729,-0.06823562566970653,-0.010628607575586403
CV-E-B10,2020-TXH3,2020,G+E_T1,246,1.3321208175028294,1.0747294159238319,-0.07757777926421272,-0.004279157826498396
CV-E-B10,2020-TXH3,2020,G+E_T2,246,1.322518238315562,1.067328049148124,-0.06209835607190195,0.0015006181268059715
CV-E-B10,2020-WIH1,2020,G,394,2.1893706473376544,1.7584832195419373,-0.09988822931573682,0.1761773618731687
CV-E-B10,2020-WIH1,2020,G+E_T0,394,2.0825222255963816,1.6629279185628292,0.004848362286646979,0.17622235044491333
CV-E-B10,2020-WIH1,2020,G+E_T1,394,2.0648567824026176,1.6262425738351123,0.02165993079045736,0.17442018433191142
CV-E-B10,2020-WIH1,2020,G+E_T2,394,2.0948113381276894,1.6356655443111268,-0.006931213438965189,0.17661824814382912
CV-E-B10,2020-WIH2,2020,G,1147,3.2062284240979415,2.6717126203696084,-0.4424103024316086,0.02998209055872624
CV-E-B10,2020-WIH2,2020,G+E_T0,1147,2.7331017121881254,2.3032280708035264,-0.0481211489948834,0.0403436423760589
CV-E-B10,2020-WIH2,2020,G+E_T1,1147,2.6997540196408263,2.247509053609933,-0.022700077197697954,0.04067755695340308
CV-E-B10,2020-WIH2,2020,G+E_T2,1147,2.7184931001581245,2.281804988458261,-0.03694653781514101,0.04697829054078616
CV-E-B10,2021-DEH1,2021,G,1138,2.2077580776978016,1.8128158798485272,-0.2831289958895047,0.3443937715149318
CV-E-B10,2021-DEH1,2021,G+E_T0,1138,2.129014692173934,1.7701220922600798,-0.19323139437940617,0.33029822396035846
CV-E-B10,2021-DEH1,2021,G+E_T1,1138,2.284327593292808,1.926271540188269,-0.3736754159518172,0.33555384829797735
CV-E-B10,2021-DEH1,2021,G+E_T2,1138,2.061923781191719,1.702755981892969,-0.11921254524228697,0.34960333430640234
CV-E-B10,2021-GAH2,2021,G,321,3.2207870780140024,2.564161136988694,-1.1191704563869571,0.09446845834700598
CV-E-B10,2021-GAH2,2021,G+E_T0,321,4.159671681094851,3.580595879932878,-2.5347602912459797,0.10793773383721894
CV-E-B10,2021-GAH2,2021,G+E_T1,321,3.775268607775646,3.1458512602550868,-1.9116393100038325,0.08060278463979688
CV-E-B10,2021-GAH2,2021,G+E_T2,321,4.234566449700741,3.655196879533297,-2.6631927003755913,0.04883835616467954
CV-E-B10,2021-IAH4,2021,G,1124,1.4328032994957614,1.130360256194418,0.18888917054525634,0.4763689867112318
CV-E-B10,2021-IAH4,2021,G+E_T0,1124,1.4443953672328633,1.1532887081754428,0.17571152521383815,0.43398654876599846
CV-E-B10,2021-IAH4,2021,G+E_T1,1124,1.442650905205777,1.1519508425479996,0.17770138428355142,0.4407421349036315
CV-E-B10,2021-IAH4,2021,G+E_T2,1124,1.467564563554099,1.1691278986789648,0.1490550072754495,0.4303500646803059
CV-E-B10,2021-ILH1,2021,G,402,1.9126595157148962,1.4868567966763522,-0.43727002518899494,-0.0866341201734158
CV-E-B10,2021-ILH1,2021,G+E_T0,402,2.1085215217958266,1.7005453564049917,-0.7467031917214229,-0.06334943560133258
CV-E-B10,2021-ILH1,2021,G+E_T1,402,2.079708997786935,1.6764624201036191,-0.6992926498405156,-0.052274479959359195
CV-E-B10,2021-ILH1,2021,G+E_T2,402,2.071233926310393,1.6552463976787561,-0.6854712137867174,-0.06576084928049555
CV-E-B10,2021-INH1,2021,G,411,1.464938836211571,1.106067540353807,-0.11770848594396033,0.06463331402163518
CV-E-B10,2021-INH1,2021,G+E_T0,411,1.6187546732795557,1.2591753618671253,-0.36474538271010526,0.1041649341214235
CV-E-B10,2021-INH1,2021,G+E_T1,411,1.5871834659787336,1.2307113982610078,-0.31203017875005035,0.09233333647745537
CV-E-B10,2021-INH1,2021,G+E_T2,411,1.695874542793771,1.3314153532667221,-0.4978799414876087,0.09678292099280421
CV-E-B10,2021-MIH1,2021,G,417,2.053303195793912,1.7378532729005127,-0.9610446904306809,0.25315976502777887
CV-E-B10,2021-MIH1,2021,G+E_T0,417,2.3960726680898192,2.1005746793549926,-1.6704305956780505,0.24156351463696735
CV-E-B10,2021-MIH1,2021,G+E_T1,417,2.7310562358657906,2.438149736235123,-2.469306026811918,0.2383517226915476
CV-E-B10,2021-MIH1,2021,G+E_T2,417,2.4287568022694503,2.128881863395968,-1.7437806226192443,0.2504922690450734
CV-E-B10,2021-MNH1,2021,G,415,1.5465092731067862,1.1988960086563587,-0.28791711896608096,0.047511018335560845
CV-E-B10,2021-MNH1,2021,G+E_T0,415,1.9269565429543412,1.5715221965437334,-0.9995243622336425,0.06531985684223911
CV-E-B10,2021-MNH1,2021,G+E_T1,415,1.4370675271732256,1.121901631261457,-0.11208302285192095,0.07178917842687499
CV-E-B10,2021-MNH1,2021,G+E_T2,415,1.4560295255087357,1.1361496887309395,-0.14162434753841668,0.07174706134784865
CV-E-B10,2021-NEH1,2021,G,247,3.111454052702825,2.619706042519289,-0.03473801090971618,-0.01741163614665786
CV-E-B10,2021-NEH1,2021,G+E_T0,247,3.1551803943451207,2.544709511308752,-0.06402543151458184,0.12410930720126023
CV-E-B10,2021-NEH1,2021,G+E_T1,247,3.134984322955335,2.5363844795583628,-0.0504475337478818,0.14464436984042195
CV-E-B10,2021-NEH1,2021,G+E_T2,247,3.0594637420104043,2.5174614538076545,-0.00044735496764980454,0.13112140820746226
CV-E-B10,2021-NEH2,2021,G,247,2.52991553732206,2.116139248886819,-1.058341317341576,-0.018999036270385603
CV-E-B10,2021-NEH2,2021,G+E_T0,247,2.1126140426078783,1.6966296461582513,-0.4353098714269823,0.02768976745286591
CV-E-B10,2021-NEH2,2021,G+E_T1,247,2.07573209543503,1.6600148323430302,-0.38563214006140734,0.034286474047338936
CV-E-B10,2021-NEH2,2021,G+E_T2,247,2.133727330110162,1.714369110329206,-0.46414196069875047,0.019180674026767944
CV-E-B10,2021-NYH1,2021,G,22,2.6685627290950364,2.2844677604381216,-1.4616505003339286,-0.04416141904018734
CV-E-B10,2021-NYH1,2021,G+E_T0,22,2.7387615242579897,2.396971744195834,-1.5928655448203712,0.05773818786181687
CV-E-B10,2021-NYH1,2021,G+E_T1,22,2.832877083361417,2.4536941901172984,-1.7741313674333767,0.03852087160014548
CV-E-B10,2021-NYH1,2021,G+E_T2,22,2.9609038343456664,2.5873074178089492,-2.0305410103936428,0.03882795545386078
CV-E-B10,2021-NYH2,2021,G,396,1.7923454872148823,1.405832723228809,-0.12427459444612365,0.11073321395038531
CV-E-B10,2021-NYH2,2021,G+E_T0,396,1.9091331958081763,1.5260531802705708,-0.2755614978318546,0.13226393025574548
CV-E-B10,2021-NYH2,2021,G+E_T1,396,2.0161305670556278,1.6245552771330554,-0.4225457802121082,0.11893019503099776
CV-E-B10,2021-NYH2,2021,G+E_T2,396,1.9509901161224081,1.5620287151352696,-0.33210691249795343,0.11867387827651188
CV-E-B10,2021-NYH3,2021,G,357,1.7232605422574305,1.335562967527268,-0.19119547595053787,-0.039482124941930485
CV-E-B10,2021-NYH3,2021,G+E_T0,357,2.1093572143061707,1.7101797354328232,-0.784766528381621,0.016613031754355516
CV-E-B10,2021-NYH3,2021,G+E_T1,357,2.0926814949624983,1.6853831076529366,-0.756658798365627,-0.0005779467402683568
CV-E-B10,2021-NYH3,2021,G+E_T2,357,2.203146753727012,1.7944339053307168,-0.9470091884054441,0.005601365127695675
CV-E-B10,2021-SCH1,2021,G,397,2.5491087897976046,2.1437272772701386,-1.4088997856501,0.05896485975653769
CV-E-B10,2021-SCH1,2021,G+E_T0,397,1.9661947061048797,1.5619930379210811,-0.4331611831088247,0.05869927333366926
CV-E-B10,2021-SCH1,2021,G+E_T1,397,2.1180381844225167,1.7170898959989533,-0.6630662983050146,0.050338290811773836
CV-E-B10,2021-SCH1,2021,G+E_T2,397,2.250435813601917,1.8542699247747696,-0.8774797140004269,0.03253558500312782
CV-E-B10,2021-SCH1L,2021,G,43,6.812006079834326,6.716204819785329,-72.34305037236163,-0.008424200354728061
CV-E-B10,2021-SCH1L,2021,G+E_T0,43,2.6603427126513477,2.4549815257711725,-10.186238875354368,-0.023288686143869478
CV-E-B10,2021-SCH1L,2021,G+E_T1,43,2.512076618244434,2.273653084949724,-8.97412202557442,-0.09272876635435719
CV-E-B10,2021-SCH1L,2021,G+E_T2,43,2.6674297618068015,2.4468739966410795,-10.24591766815013,-0.07271623382340543
CV-E-B10,2021-TXH1,2021,G,266,1.6805578722480368,1.3501075076077262,-0.08054949715289395,0.027671024774207114
CV-E-B10,2021-TXH1,2021,G+E_T0,266,2.3893996993595126,1.9628974535723844,-1.1843153103797706,0.007422197927918805
CV-E-B10,2021-TXH1,2021,G+E_T1,266,2.363810125517719,1.939473098861411,-1.1377794486967328,0.01482846727939045
CV-E-B10,2021-TXH1,2021,G+E_T2,266,2.312660696780451,1.890417851477112,-1.0462635103404572,0.01101226608055259
CV-E-B10,2021-TXH2,2021,G,247,1.7190436870543628,1.3377835073555269,-0.03339908955799631,0.11176047018990647
CV-E-B10,2021-TXH2,2021,G+E_T0,247,2.5359293872416044,2.1124966140082355,-1.2488917950026583,-0.004619373010158599
CV-E-B10,2021-TXH2,2021,G+E_T1,247,2.6052519499919975,2.176086572929747,-1.3735244305356211,-0.04000399184833433
CV-E-B10,2021-TXH2,2021,G+E_T2,247,2.4476037839081792,2.0178086070503514,-1.0949635871561538,-0.029222061927854287
CV-E-B10,2021-TXH3,2021,G,246,5.9471701027104045,5.848005364585095,-31.98938581438962,0.04034235808982885
CV-E-B10,2021-TXH3,2021,G+E_T0,246,4.595827412248331,4.470783896566773,-18.700667058083283,0.03584240545614947
CV-E-B10,2021-TXH3,2021,G+E_T1,246,5.145626239507101,5.0304647829516895,-23.696191483572306,-0.005869458506127954
CV-E-B10,2021-TXH3,2021,G+E_T2,246,5.495245435408756,5.3844928450743135,-27.166163596318583,-0.04628192138434449
CV-E-B10,2021-WIH1,2021,G,397,2.9254433443845604,2.5114902559227317,-0.8955259074534716,0.10162992949215463
CV-E-B10,2021-WIH1,2021,G+E_T0,397,2.151519027811879,1.717573948757589,-0.02526639702883049,0.07558843430288548
CV-E-B10,2021-WIH1,2021,G+E_T1,397,2.191513377389731,1.7666529855504112,-0.06373780219891967,0.07316630683912147
CV-E-B10,2021-WIH1,2021,G+E_T2,397,2.1975207456914783,1.7721465375146979,-0.06957762348888563,0.07020404304808792
CV-E-B10,2021-WIH2,2021,G,1137,2.784101445218592,2.327962933200494,-1.2244092866112455,0.24899618722116257
CV-E-B10,2021-WIH2,2021,G+E_T0,1137,1.9597808650715716,1.5626879735307,-0.10219798818316739,0.24245739902586333
CV-E-B10,2021-WIH2,2021,G+E_T1,1137,2.1226069967101098,1.7200671707973556,-0.29295607463033524,0.24296264505035567
CV-E-B10,2021-WIH2,2021,G+E_T2,1137,1.8940324062468787,1.4898010906692,-0.029483519822204096,0.24091514048575668
CV-GE-B10,2014-IAH1,2014,G,754,2.0313239775456093,1.6776487498097512,-0.6646667156429547,0.00937877876644938
CV-GE-B10,2014-IAH1,2014,G+E_T0,754,2.10917790625919,1.7664423306395565,-0.794714340829483,0.08541985791789039
CV-GE-B10,2014-IAH1,2014,G+E_T1,754,2.101941663612998,1.7598980197889373,-0.7824207260507425,0.08025509563096216
CV-GE-B10,2014-IAH1,2014,G+E_T2,754,2.148703052870333,1.807294001784661,-0.8626090466865151,0.08055850591251393
CV-GE-B10,2014-ILH1,2014,G,238,2.791201742559638,2.435454498795258,-1.3422843851331092,0.19644549735470387
CV-GE-B10,2014-ILH1,2014,G+E_T0,238,2.8788835937998924,2.5152297026265145,-1.4917552246553165,0.19862926171110645
CV-GE-B10,2014-ILH1,2014,G+E_T1,238,2.933890388574936,2.570684927322227,-1.5878847823795708,0.21516604402304143
CV-GE-B10,2014-ILH1,2014,G+E_T2,238,2.9515999962036585,2.5866135764231637,-1.619221157809863,0.21239338579559805
CV-GE-B10,2014-INH1,2014,G,240,1.8794095008786447,1.5890161924638557,-1.012470148631519,0.16608965632370282
CV-GE-B10,2014-INH1,2014,G+E_T0,240,1.3816334794986904,1.094899864878801,-0.08760778607867037,0.2083261335072684
CV-GE-B10,2014-INH1,2014,G+E_T1,240,1.4024524277162937,1.1137554395054252,-0.12063166079931831,0.1849940604107686
CV-GE-B10,2014-INH1,2014,G+E_T2,240,1.329359864175974,1.0314924360756248,-0.006866139838439755,0.16755362128376355
CV-GE-B10,2014-MNH1,2014,G,236,2.6784942407736403,2.2666099866397933,-1.6085786913062314,0.15641254582704048
CV-GE-B10,2014-MNH1,2014,G+E_T0,236,2.9506775632734277,2.5324155804028092,-2.165672745538779,0.09263867723532336
CV-GE-B10,2014-MNH1,2014,G+E_T1,236,3.167665626320726,2.7735701668565134,-2.648389291587542,0.18316721264300853
CV-GE-B10,2014-MNH1,2014,G+E_T2,236,3.5192091821089706,3.1448279865703443,-3.5031112120736987,0.18707385961496628
CV-GE-B10,2014-MOH2,2014,G,247,2.0808462539329873,1.7006483262299925,-0.22567755442212145,-0.08802544542765169
CV-GE-B10,2014-MOH2,2014,G+E_T0,247,1.968762915671791,1.5816597237262484,-0.09719315002149065,-0.02444615787867808
CV-GE-B10,2014-MOH2,2014,G+E_T1,247,1.947831510141265,1.5600752775406286,-0.07398699225445826,0.009830588036945425
CV-GE-B10,2014-MOH2,2014,G+E_T2,247,2.010326459187119,1.6299930407952188,-0.1440089563124387,-0.031456429967533325
CV-GE-B10,2014-NEH1,2014,G,242,3.645921616112979,3.184615551912687,-2.836114670396161,0.08292881146382228
CV-GE-B10,2014-NEH1,2014,G+E_T0,242,3.153781394662695,2.673431530578346,-1.870384652937533,0.09559623659409973
CV-GE-B10,2014-NEH1,2014,G+E_T1,242,3.549853822929655,3.078867752945864,-2.636619520364449,0.07068303123612649
CV-GE-B10,2014-NEH1,2014,G+E_T2,242,3.4333855583233728,2.9530595928495753,-2.401904188082094,0.04384969282684331
CV-GE-B10,2014-NEH2,2014,G,240,4.126681415902266,3.684906271576889,-4.1855707549404135,-0.0647565705385158
CV-GE-B10,2014-NEH2,2014,G+E_T0,240,3.9898275324236816,3.5597257911764313,-3.8473337829910115,-0.012897883052444058
CV-GE-B10,2014-NEH2,2014,G+E_T1,240,3.724941983261235,3.2890489015660247,-3.2250680272134993,-0.006608689088837604
CV-GE-B10,2014-NEH2,2014,G+E_T2,240,4.019459991121303,3.590290205560015,-3.919603483064604,-0.013271645919795776
CV-GE-B10,2014-NYH2,2014,G,218,1.6078818071602767,1.3025426525790609,-0.20927486520028626,-0.03851625704995129
CV-GE-B10,2014-NYH2,2014,G+E_T0,218,1.5415554551171922,1.2617649607853807,-0.11156557536588707,0.019795029901724003
CV-GE-B10,2014-NYH2,2014,G+E_T1,218,1.553456523346692,1.256051291376634,-0.12879477339769263,0.025288427436537413
CV-GE-B10,2014-NYH2,2014,G+E_T2,218,1.5694619265662126,1.2714448355759933,-0.1521747486276206,0.013333193692119284
CV-GE-B10,2014-WIH1,2014,G,208,2.899044700509306,2.388121757298763,-0.9471319276333252,0.11770412465935609
CV-GE-B10,2014-WIH1,2014,G+E_T0,208,2.809099402874141,2.309817690813246,-0.8281834340991383,0.18147974846909667
CV-GE-B10,2014-WIH1,2014,G+E_T1,208,2.7555431459944386,2.255538771949217,-0.759138305541756,0.15397044372764496
CV-GE-B10,2014-WIH1,2014,G+E_T2,208,2.750927565509318,2.250916660995519,-0.7532500694287314,0.14262833941941336
CV-GE-B10,2015-ILH1,2015,G,416,2.19634805999116,1.7749100222574485,-0.44784991496039983,0.1649731995441756
CV-GE-B10,2015-ILH1,2015,G+E_T0,416,1.9695123668110301,1.575114078214138,-0.16422960748101634,0.2470648176377327
CV-GE-B10,2015-ILH1,2015,G+E_T1,416,1.9596904951350012,1.5657729556992928,-0.1526466377146416,0.242293122571138
CV-GE-B10,2015-ILH1,2015,G+E_T2,416,1.960957622329212,1.5657271289554622,-0.1541377120410612,0.24228817764579114
CV-GE-B10,2015-INH1,2015,G,423,1.872627114417137,1.4368323894262343,-0.09240367219799306,0.11523136798643527
CV-GE-B10,2015-INH1,2015,G+E_T0,423,1.9507573677178243,1.5594486774277656,-0.18546039247964008,0.13901656378589144
CV-GE-B10,2015-INH1,2015,G+E_T1,423,1.9504476546418983,1.5599249065690548,-0.18508400180694373,0.14192290290862505
CV-GE-B10,2015-INH1,2015,G+E_T2,423,2.051791535289476,1.655557539362381,-0.3114357069181106,0.14047859881601707
CV-GE-B10,2015-KSH1,2015,G,418,4.322723755291325,3.917191396547003,-4.655613453718431,0.0656069914402751
CV-GE-B10,2015-KSH1,2015,G+E_T0,418,5.024816292909601,4.682068662812033,-6.641966519500051,0.09564651470147403
CV-GE-B10,2015-KSH1,2015,G+E_T1,418,4.742933334420799,4.380938284244422,-5.808615265205005,0.07151457818432687
CV-GE-B10,2015-KSH1,2015,G+E_T2,418,4.657249454479823,4.290295134624254,-5.564834084505731,0.07645960706520656
CV-GE-B10,2015-MNH1,2015,G,407,2.0226009935216895,1.6696942371398578,-1.1590079466621637,0.009283821011360584
CV-GE-B10,2015-MNH1,2015,G+E_T0,407,1.7541893789552474,1.433413997069431,-0.624002758963601,0.06940857389505452
CV-GE-B10,2015-MNH1,2015,G+E_T1,407,1.742328337791219,1.420850339554132,-0.6021154506982036,0.091042613781878
CV-GE-B10,2015-MNH1,2015,G+E_T2,407,1.7762894109380214,1.4509580809396716,-0.665180291335671,0.057932605991156134
CV-GE-B10,2015-MOH1,2015,G,422,4.560752022944857,4.203169652648582,-5.978745871097172,0.12069431049120721
CV-GE-B10,2015-MOH1,2015,G+E_T0,422,3.2158405069469946,2.8070251402005115,-2.469712316006832,0.068819480355394
CV-GE-B10,2015-MOH1,2015,G+E_T1,422,4.102481415646583,3.7137406157681068,-4.646738938218399,0.06743137182974651
CV-GE-B10,2015-MOH1,2015,G+E_T2,422,4.471195923165514,4.096016981247942,-5.707363856241986,0.051166591375391104
CV-GE-B10,2015-MOH2,2015,G,421,2.329576976585039,1.9262961547091595,-0.7441652766338298,0.14671587329791824
CV-GE-B10,2015-MOH2,2015,G+E_T0,421,1.8686345286439467,1.482011213605467,-0.12223095577907839,0.15537932140298116
CV-GE-B10,2015-MOH2,2015,G+E_T1,421,1.9181027558452803,1.5607434650307834,-0.1824349115138102,0.15466093922216073
CV-GE-B10,2015-MOH2,2015,G+E_T2,421,1.8082148502742565,1.4649140815856332,-0.05083267510265377,0.1574414854128176
CV-GE-B10,2015-NEH2,2015,G,405,1.9795183186047092,1.562662708165611,-1.0679435792009437,-0.00539285200513848
CV-GE-B10,2015-NEH2,2015,G+E_T0,405,2.014369704782045,1.5972967419129969,-1.141400983176442,-0.019582745156764645
CV-GE-B10,2015-NEH2,2015,G+E_T1,405,2.024937407184519,1.6112687038716844,-1.1639281763968494,-0.01889425510669465
CV-GE-B10,2015-NEH2,2015,G+E_T2,405,2.0222438475100417,1.6060004901740539,-1.158175116551242,-0.02245337135258512
CV-GE-B10,2015-NEH3,2015,G,249,1.9297719347595068,1.6170631198041507,-0.8816216884488133,0.08531711098729029
CV-GE-B10,2015-NEH3,2015,G+E_T0,249,1.8111402494703837,1.4956217659020725,-0.6573891921522268,0.11922631559851592
CV-GE-B10,2015-NEH3,2015,G+E_T1,249,1.8308819450580154,1.51765049575782,-0.6937176847018549,0.11820712923769754
CV-GE-B10,2015-NEH3,2015,G+E_T2,249,1.8991209102100066,1.590157789039981,-0.8223238931453798,0.12022167572784569
CV-GE-B10,2015-NYH2,2015,G,355,2.2025534129962847,1.6726948212053723,-0.08653448126867258,0.15357884790140755
CV-GE-B10,2015-NYH2,2015,G+E_T0,355,2.2925131221113038,1.7206803493752922,-0.17710248224167868,0.2008600105803814
CV-GE-B10,2015-NYH2,2015,G+E_T1,355,2.2020577325786594,1.6675875014796786,-0.08604549129934447,0.19730430530006465
CV-GE-B10,2015-NYH2,2015,G+E_T2,355,2.273809768926548,1.708049835363596,-0.15797416755660598,0.19754010756682402
CV-GE-B10,2015-NYH3,2015,G,355,2.0227129542552422,1.6128799289401088,0.011289006970772175,0.3288438542451174
CV-GE-B10,2015-NYH3,2015,G+E_T0,355,2.227842770991183,1.76777533465233,-0.1994162433363489,0.2421397486752316
CV-GE-B10,2015-NYH3,2015,G+E_T1,355,2.3468863008817538,1.8610815742734623,-0.3310211332865185,0.24730895343569398
CV-GE-B10,2015-NYH3,2015,G+E_T2,355,2.2635656017500088,1.7970228828142252,-0.23818923051038765,0.24041946052870247
CV-GE-B10,2015-OHH1,2015,G,426,1.9508241475579682,1.5709184645040297,-0.5844301003344201,0.0365041221670495
CV-GE-B10,2015-OHH1,2015,G+E_T0,426,1.8045994599145168,1.4391787387137946,-0.35580891438257645,0.12573857240230124
CV-GE-B10,2015-OHH1,2015,G+E_T1,426,1.785584482271025,1.422799889760563,-0.327387259723549,0.0943318237132746
CV-GE-B10,2015-OHH1,2015,G+E_T2,426,1.6459875590566937,1.301156393119188,-0.127950226067153,0.0968681693372127
CV-GE-B10,2015-SDH1,2015,G,327,3.931837870130171,3.541627471409384,-5.006411688288374,-0.13106598761363683
CV-GE-B10,2015-SDH1,2015,G+E_T0,327,3.3674571835985376,2.9692992343241906,-3.4058332724215195,-0.09222126245876142
CV-GE-B10,2015-SDH1,2015,G+E_T1,327,3.740651477511193,3.3480849699633417,-4.436487398949235,-0.1106700421001872
CV-GE-B10,2015-SDH1,2015,G+E_T2,327,3.7031695501465447,3.3038248297397366,-4.328084291701462,-0.12506512311396345
CV-GE-B10,2015-TXH1,2015,G,296,1.9446103319097723,1.536713488460851,-0.23625688758178942,0.0821576444475589
CV-GE-B10,2015-TXH1,2015,G+E_T0,296,1.7374989377971193,1.3965007336831086,0.013055702678670511,0.19723413332978978
CV-GE-B10,2015-TXH1,2015,G+E_T1,296,1.7782113740917758,1.4187040753311557,-0.0337376024159568,0.1853866593143456
CV-GE-B10,2015-TXH1,2015,G+E_T2,296,1.801681974762636,1.4316258827147954,-0.06120628553523866,0.18886974483981317
CV-GE-B10,2015-TXH2,2015,G,308,2.4903456014297785,2.0764474973710567,-1.2619572088012019,0.0744562654265222
CV-GE-B10,2015-TXH2,2015,G+E_T0,308,3.362304965924524,2.9728504657268084,-3.1232469514514527,0.11387674739645134
CV-GE-B10,2015-TXH2,2015,G+E_T1,308,2.7791266445144522,2.365655889211101,-1.8169673832543722,0.10531765693056437
CV-GE-B10,2015-TXH2,2015,G+E_T2,308,2.9492877395451385,2.5416454722314814,-2.1724839479681064,0.10818891180178392
CV-GE-B10,2016-DEH1,2016,G,230,2.0699983852222257,1.679407970977609,-0.19349521712702256,0.1251045087531836
CV-GE-B10,2016-DEH1,2016,G+E_T0,230,2.2378902736661064,1.865770908967108,-0.39494873410898546,0.24844111008727052
CV-GE-B10,2016-DEH1,2016,G+E_T1,230,2.0960883189503727,1.7221123126773537,-0.22377006361824492,0.25827174471180936
CV-GE-B10,2016-DEH1,2016,G+E_T2,230,2.1411705302161503,1.7689080602684553,-0.27697732117657203,0.23854080891802032
CV-GE-B10,2016-GAH2,2016,G,87,4.6834304497876165,4.487381933378658,-10.935842617180933,0.25438522352683574
CV-GE-B10,2016-GAH2,2016,G+E_T0,87,4.4348622753869895,4.225872651913281,-9.702499296531693,0.19426016805296398
CV-GE-B10,2016-GAH2,2016,G+E_T1,87,4.439505529565397,4.231326490612447,-9.724921836967283,0.2033235967130762
CV-GE-B10,2016-GAH2,2016,G+E_T2,87,4.366389593191762,4.153376791298285,-9.374565087639004,0.1922028140581402
CV-GE-B10,2016-IAH2,2016,G,388,2.3970451818580463,1.8632280764503124,-0.006120106601163577,0.1430676371390436
CV-GE-B10,2016-IAH2,2016,G+E_T0,388,2.4666015481678176,1.8880215131533882,-0.06535754859057818,0.05711100250062946
CV-GE-B10,2016-IAH2,2016,G+E_T1,388,2.457141973165017,1.8850676893859657,-0.05720178862851033,0.07114594939382572
CV-GE-B10,2016-IAH2,2016,G+E_T2,388,2.4636855480997824,1.8931366243230636,-0.06284012019140506,0.05697262020087169
CV-GE-B10,2016-IAH3,2016,G,375,1.9501171538859514,1.626251277952742,-0.8927259613947232,0.15481038110332962
CV-GE-B10,2016-IAH3,2016,G+E_T0,375,1.5509449414111331,1.2583815063614814,-0.1971790142066394,0.0528789107913469
CV-GE-B10,2016-IAH3,2016,G+E_T1,375,1.6748115651951534,1.3779791871483316,-0.3960412034958847,0.06480877575729371
CV-GE-B10,2016-IAH3,2016,G+E_T2,375,1.8471913897377785,1.5288264223692307,-0.6982050389024634,0.05961258306395824
CV-GE-B10,2016-IAH4,2016,G,396,1.4502182050977026,1.1753944264551517,-0.2794603798257085,0.16642001417400884
CV-GE-B10,2016-IAH4,2016,G+E_T0,396,1.3388824295666122,1.03973055987647,-0.09054859130837167,0.2721377343405265
CV-GE-B10,2016-IAH4,2016,G+E_T1,396,1.2550012479770918,0.9748186937342014,0.0418170208160098,0.27843655660002387
CV-GE-B10,2016-IAH4,2016,G+E_T2,396,1.2530907500686168,0.9745591778908116,0.044732098721285696,0.2729130685196977
CV-GE-B10,2016-ILH1,2016,G,212,2.1191713294952392,1.6835072764494707,-0.31676245438891226,0.10304180545770862
CV-GE-B10,2016-ILH1,2016,G+E_T0,212,2.0699043479342314,1.6367380134921894,-0.25624934674363153,0.22379865428227996
CV-GE-B10,2016-ILH1,2016,G+E_T1,212,2.021872293294815,1.5917121791187394,-0.19862335950962384,0.19174856771861434
CV-GE-B10,2016-ILH1,2016,G+E_T2,212,2.065829140758699,1.6372839899130658,-0.2513076335963087,0.1672321839330682
CV-GE-B10,2016-INH1,2016,G,235,2.227183556895155,1.7647656187857055,-0.4178377808293863,0.22696494341126405
CV-GE-B10,2016-INH1,2016,G+E_T0,235,2.6030406920158504,2.1066086871729515,-0.9367628053877257,0.34884261132335387
CV-GE-B10,2016-INH1,2016,G+E_T1,235,2.4073990977386623,1.9180165052405822,-0.6565734949694924,0.35966925728199634
CV-GE-B10,2016-INH1,2016,G+E_T2,235,2.9332401964891734,2.4376038085722613,-1.4592901890566337,0.3417863413373028
CV-GE-B10,2016-MIH1,2016,G,234,2.0547847988131007,1.5776247968391517,-0.02293637794033576,0.10754120747333223
CV-GE-B10,2016-MIH1,2016,G+E_T0,234,2.144414613884436,1.7211997153580927,-0.1141237992394859,0.06775159425568972
CV-GE-B10,2016-MIH1,2016,G+E_T1,234,2.324575060301887,1.9353777244392611,-0.3091912172595648,0.07095291804522728
CV-GE-B10,2016-MIH1,2016,G+E_T2,234,2.3296583873866754,1.9378165879096383,-0.31492329607208536,0.06032977235457726
CV-GE-B10,2016-MNH1,2016,G,232,1.6783805881854257,1.3593718389039515,-0.3104821245455429,0.15445345794528248
CV-GE-B10,2016-MNH1,2016,G+E_T0,232,2.1362941583447443,1.7731567215665505,-1.1231090981030567,0.05744568418853167
CV-GE-B10,2016-MNH1,2016,G+E_T1,232,2.2097361245388774,1.8433005089229348,-1.271595693310617,0.05578943089467232
CV-GE-B10,2016-MNH1,2016,G+E_T2,232,2.2369481424410513,1.8662943250200343,-1.3278877669848157,0.04275963098183135
CV-GE-B10,2016-NEH1,2016,G,231,2.722729621380569,2.255106765962455,-1.3974486017233207,0.065570315393471
CV-GE-B10,2016-NEH1,2016,G+E_T0,231,2.548022100017455,2.0872387655356093,-1.0996487793556993,0.2680566058220943
CV-GE-B10,2016-NEH1,2016,G+E_T1,231,2.6624794241316554,2.1977402685659415,-1.29251820557243,0.1982084039187369
CV-GE-B10,2016-NEH1,2016,G+E_T2,231,2.571432648182918,2.106525701621487,-1.138408047166103,0.23794885612625352
CV-GE-B10,2016-NEH4,2016,G,214,2.0844910938738654,1.677397164334432,-1.0057426202279758,-0.0035543627890219907
CV-GE-B10,2016-NEH4,2016,G+E_T0,214,2.045486975237208,1.6478727972571967,-0.931383656400707,0.09598023196277491
CV-GE-B10,2016-NEH4,2016,G+E_T1,214,2.134787058449659,1.7305757235177972,-1.1037020872212517,0.04645736531733525
CV-GE-B10,2016-NEH4,2016,G+E_T2,214,2.1102595446619317,1.7021638960371106,-1.0556390616668065,0.02168726718669306
CV-GE-B10,2016-NYH1,2016,G,224,1.9965294868288874,1.6870046542972739,-2.0458156827166865,0.24259370923855253
CV-GE-B10,2016-NYH1,2016,G+E_T0,224,2.4491232071435043,2.17923083171446,-3.5832487456485005,0.20463353824652686
CV-GE-B10,2016-NYH1,2016,G+E_T1,224,2.3883106040975544,2.116510427048277,-3.3584671289768346,0.22934267755680957
CV-GE-B10,2016-NYH1,2016,G+E_T2,224,2.187864376266177,1.8958029527700533,-2.6575725980730125,0.2056502927395504
CV-GE-B10,2016-NYH2,2016,G,230,3.159466679262276,2.6323644896261635,-2.057158024129046,0.058885259300115955
CV-GE-B10,2016-NYH2,2016,G+E_T0,230,3.884036980981136,3.380187431950743,-3.62016027329593,-0.10976837640346748
CV-GE-B10,2016-NYH2,2016,G+E_T1,230,3.057514228744588,2.4769229224063913,-1.863039253837747,-0.10326255177637456
CV-GE-B10,2016-NYH2,2016,G+E_T2,230,3.477437374856574,2.926876518143144,-2.7034711338610515,-0.1170445720691847
CV-GE-B10,2016-NYH2L,2016,G,96,6.790555895696057,6.73330909527309,-138.8455008152333,-0.04861366564515285
CV-GE-B10,2016-NYH2L,2016,G+E_T0,96,8.342425500252942,8.291640450725628,-210.06805870568934,-0.1617625558565806
CV-GE-B10,2016-NYH2L,2016,G+E_T1,96,7.5930419620881615,7.539260566403144,-173.8515319406053,-0.15575354497714036
CV-GE-B10,2016-NYH2L,2016,G+E_T2,96,7.391582215344292,7.3336106441117055,-164.69624457439454,-0.16619084743646617
CV-GE-B10,2016-TXH1,2016,G,218,2.730775806085326,2.4565507652923992,-4.743660499978891,0.10510123901896033
CV-GE-B10,2016-TXH1,2016,G+E_T0,218,2.9661117619525257,2.751821912410262,-5.776285423447746,0.2647187487171988
CV-GE-B10,2016-TXH1,2016,G+E_T1,218,2.5931541137558605,2.3379293121847313,-4.179326920699246,0.20439770946768515
CV-GE-B10,2016-TXH1,2016,G+E_T2,218,3.0030090999526626,2.7741950156307906,-5.945923006307437,0.17106310897442492
CV-GE-B10,2016-TXH2,2016,G,234,1.9769769558114818,1.5563965672242461,-0.11798784022238507,0.14972475541494223
CV-GE-B10,2016-TXH2,2016,G+E_T0,234,2.585909084555994,2.1090149141703742,-0.9127595085162918,0.19958567568880614
CV-GE-B10,2016-TXH2,2016,G+E_T1,234,1.9709705201462486,1.5595679966180793,-0.11120483640242251,0.2025631257946917
CV-GE-B10,2016-TXH2,2016,G+E_T2,234,2.0311007956889946,1.6111647388081198,-0.18004024317539047,0.17812519263752527
CV-GE-B10,2016-WIH1,2016,G,308,2.0557636046352217,1.6541693617911497,-0.1561604498556184,0.1599500458360218
CV-GE-B10,2016-WIH1,2016,G+E_T0,308,1.917602396544673,1.5255409122425787,-0.005978943442674689,0.29521782643639044
CV-GE-B10,2016-WIH1,2016,G+E_T1,308,1.8428689194506995,1.4396066907238911,0.0709038637423548,0.28173447057530243
CV-GE-B10,2016-WIH1,2016,G+E_T2,308,1.838289344229546,1.420786171580348,0.07551578038515838,0.2835523890342638
CV-GE-B10,2016-WIH2,2016,G,418,2.338952106743915,1.9338592549798015,0.06453381471057862,0.277522299093996
CV-GE-B10,2016-WIH2,2016,G+E_T0,418,3.0181744659135243,2.429013351794025,-0.557665196654139,0.31350791309175624
CV-GE-B10,2016-WIH2,2016,G+E_T1,418,2.5335894193174107,2.0526996040933447,-0.09763490341355086,0.3078814244507344
CV-GE-B10,2016-WIH2,2016,G+E_T2,418,2.4017149668430045,1.9720753550524133,0.013656097365385977,0.2733140094531484
CV-GE-B10,2017-COH1,2017,G,209,2.8855644796936604,2.485259991043116,-3.6544391995101284,-0.018312887963815194
CV-GE-B10,2017-COH1,2017,G+E_T0,209,2.6412958753504747,2.206611005033718,-2.8997781461023577,-0.0687260106575747
CV-GE-B10,2017-COH1,2017,G+E_T1,209,2.5647441801971653,2.1202557888385796,-2.6770022946300718,-0.07424009587338902
CV-GE-B10,2017-COH1,2017,G+E_T2,209,2.591049608665784,2.13989391196299,-2.7528158238227696,-0.08508536682947637
CV-GE-B10,2017-DEH1,2017,G,168,2.8847899633279077,2.444480436885725,-0.8911712714082658,0.15911828715245774
CV-GE-B10,2017-DEH1,2017,G+E_T0,168,2.8932882781416938,2.4878499007884796,-0.902330102367414,0.289635886176231
CV-GE-B10,2017-DEH1,2017,G+E_T1,168,2.8167389681714323,2.402363227574957,-0.8029997614752895,0.2549563785975177
CV-GE-B10,2017-DEH1,2017,G+E_T2,168,2.872153866583148,2.454204097728293,-0.8746399564769658,0.22683301145714352
CV-GE-B10,2017-GAH1,2017,G,130,2.799339687156251,2.205558940535169,-0.18432558647215758,0.04123756970990333
CV-GE-B10,2017-GAH1,2017,G+E_T0,130,2.5195714682663306,2.0219479744517947,0.04057004705035083,0.20169239215413304
CV-GE-B10,2017-GAH1,2017,G+E_T1,130,2.5494297414367826,2.048458226396234,0.017695790313870696,0.17663105952330518
CV-GE-B10,2017-GAH1,2017,G+E_T2,130,2.5376227995422314,2.0337217035111017,0.026773233898548243,0.16805875005987345
CV-GE-B10,2017-GAH2,2017,G,84,1.712708460761826,1.3074697439703806,-0.14467167542812698,0.1725738128869992
CV-GE-B10,2017-GAH2,2017,G+E_T0,84,1.5526751042798208,1.232793289430673,0.059247828905309996,0.363478252359239
CV-GE-B10,2017-GAH2,2017,G+E_T1,84,1.510608499712232,1.1963802408442907,0.10953285914610589,0.3382642913960427
CV-GE-B10,2017-GAH2,2017,G+E_T2,84,1.5045982166336467,1.2012501333279566,0.11660459563449632,0.3539939323901726
CV-GE-B10,2017-IAH4,2017,G,326,2.7941915020958334,2.3928122068648885,-1.74279758427314,0.19442914704450745
CV-GE-B10,2017-IAH4,2017,G+E_T0,326,2.809054865580449,2.4073017955818905,-1.7720551534235125,0.19074783500088868
CV-GE-B10,2017-IAH4,2017,G+E_T1,326,2.9179470896307445,2.5137543194800127,-1.991136611523752,0.17507950119047827
CV-GE-B10,2017-IAH4,2017,G+E_T2,326,2.9883433895823917,2.5842054116089863,-2.137201576434823,0.17061997437621743
CV-GE-B10,2017-ILH1,2017,G,173,2.451775920161541,2.077642557029768,-2.7531804306895635,0.06478722439634763
CV-GE-B10,2017-ILH1,2017,G+E_T0,173,2.4567344176112482,2.0865876261079466,-2.7683767250228373,-0.0045519172778894
CV-GE-B10,2017-ILH1,2017,G+E_T1,173,2.3705717215346183,1.991955549028659,-2.5086826661604547,0.0043620156736399445
CV-GE-B10,2017-ILH1,2017,G+E_T2,173,2.4335424636906926,2.05998636392727,-2.6975644282194833,-0.0018227415253609758
CV-GE-B10,2017-INH1,2017,G,163,3.479699614948389,3.148035802973273,-3.4835192335270655,0.14613352610879005
CV-GE-B10,2017-INH1,2017,G+E_T0,163,2.408820385849364,2.0644032856613066,-1.148544548372556,0.24841732463557253
CV-GE-B10,2017-INH1,2017,G+E_T1,163,2.111722162862743,1.7692037583523055,-0.6512357504170416,0.21969241089541172
CV-GE-B10,2017-INH1,2017,G+E_T2,163,1.7130316150835985,1.3677448778467096,-0.0865914499792606,0.22335942971681652
CV-GE-B10,2017-MIH1,2017,G,184,2.0993681384959646,1.7511543432323844,-0.37733973389566033,0.23091596645238513
CV-GE-B10,2017-MIH1,2017,G+E_T0,184,2.3384193201911496,1.9957871790110935,-0.7088685373444334,0.2846162894238941
CV-GE-B10,2017-MIH1,2017,G+E_T1,184,2.5690019379620788,2.203829296200584,-1.0624942030569269,0.27672207612181443
CV-GE-B10,2017-MIH1,2017,G+E_T2,184,2.4532005785941626,2.095896508793032,-0.8807453195465547,0.269169972162941
CV-GE-B10,2017-MNH1,2017,G,212,1.5813774148703634,1.21541378482571,-0.0450889008659785,0.2605955871985052
CV-GE-B10,2017-MNH1,2017,G+E_T0,212,1.6599632818769268,1.3035418288089393,-0.15154028250146445,0.04820765831437235
CV-GE-B10,2017-MNH1,2017,G+E_T1,212,1.6626226357524327,1.3024708660470063,-0.15523290170199933,0.05329082951619187
CV-GE-B10,2017-MNH1,2017,G+E_T2,212,1.6700815130531212,1.3116528585804201,-0.1656213909998383,0.04005036053593023
CV-GE-B10,2017-NYH1,2017,G,204,1.8701057680254676,1.4678655694862317,-0.3647383476909123,0.09772995381257935
CV-GE-B10,2017-NYH1,2017,G+E_T0,204,1.757076211369078,1.3956944553649104,-0.2047536574619826,0.09236166495242601
CV-GE-B10,2017-NYH1,2017,G+E_T1,204,1.880617062548224,1.4990890483607973,-0.3801230193709133,0.08965583577372764
CV-GE-B10,2017-NYH1,2017,G+E_T2,204,1.9689005067391678,1.5722339709577176,-0.5127410668244146,0.08718198369472006
CV-GE-B10,2017-NYH2,2017,G,197,2.4036959345783755,2.0712246390496114,-1.5559569238206925,0.1326963992143167
CV-GE-B10,2017-NYH2,2017,G+E_T0,197,2.6247945277925493,2.2971327164635365,-2.0477903968096163,0.11016348125257369
CV-GE-B10,2017-NYH2,2017,G+E_T1,197,2.4374244977356536,2.112709504229984,-1.6281903474783137,0.13038657955139782
CV-GE-B10,2017-NYH2,2017,G+E_T2,197,2.215345130948318,1.888594982294135,-1.1710871777724416,0.14011015147309894
CV-GE-B10,2017-NYH3,2017,G,132,2.3350425931914116,1.9466566023122152,-0.964529450777408,0.00884185572298607
CV-GE-B10,2017-NYH3,2017,G+E_T0,132,2.3541958751519045,2.035110550059833,-0.9968898932509935,-0.018841178656285373
CV-GE-B10,2017-NYH3,2017,G+E_T1,132,2.25143906557069,1.9178528459214184,-0.8263723554404443,-0.036338166507068156
CV-GE-B10,2017-NYH3,2017,G+E_T2,132,2.168469788516186,1.8318072478823113,-0.6942429290687269,-0.029653059018544082
CV-GE-B10,2017-TXH1-Dry,2017,G,133,2.249869278061668,1.9366856784086992,-1.2830900476004268,0.0780694337456429
CV-GE-B10,2017-TXH1-Dry,2017,G+E_T0,133,2.566912112201505,2.2341492419360622,-1.9718745197533725,0.08689776672231986
CV-GE-B10,2017-TXH1-Dry,2017,G+E_T1,133,3.071485835681261,2.7381434306408416,-3.255058190879531,0.04139503369186462
CV-GE-B10,2017-TXH1-Dry,2017,G+E_T2,133,3.033422724870079,2.6999749429486037,-3.150250799248079,0.06100213570121824
CV-GE-B10,2017-TXH1-Early,2017,G,178,2.5677016479579486,2.267179299430453,-2.346071805152823,0.16850479560442577
CV-GE-B10,2017-TXH1-Early,2017,G+E_T0,178,2.879986175814035,2.5589734647501055,-3.2094653893268665,0.1099547867346176
CV-GE-B10,2017-TXH1-Early,2017,G+E_T1,178,3.403714525953421,3.101393281586825,-4.879662435805089,0.06189563325628477
CV-GE-B10,2017-TXH1-Early,2017,G+E_T2,178,3.366659320748418,3.0632064849912837,-4.752339099610609,0.08012069243547826
CV-GE-B10,2017-TXH1-Late,2017,G,133,3.293310472763214,3.070761397005652,-9.986823153435187,0.024241035280491704
CV-GE-B10,2017-TXH1-Late,2017,G+E_T0,133,2.3408951044112687,2.098616556912117,-4.550993137071068,-0.03606590084727766
CV-GE-B10,2017-TXH1-Late,2017,G+E_T1,133,2.2139954504589365,1.9718174655784666,-3.965468508018029,-0.04790575400863545
CV-GE-B10,2017-TXH1-Late,2017,G+E_T2,133,2.3528143191702857,2.110732343758536,-4.607665409668044,-0.057783958850606346
CV-GE-B10,2017-TXH2,2017,G,131,1.9381196031023096,1.5887379755401334,-0.06459180861240665,0.12871516991492693
CV-GE-B10,2017-TXH2,2017,G+E_T0,131,2.0529917004233744,1.6034053320085486,-0.1945280684617796,0.09325043200512644
CV-GE-B10,2017-TXH2,2017,G+E_T1,131,2.030140494802404,1.5865501519846565,-0.16808422785170118,0.10510728754085887
CV-GE-B10,2017-TXH2,2017,G+E_T2,131,2.001689008830713,1.572963099123179,-0.13557332097898422,0.07149058454955291
CV-GE-B10,2017-WIH1,2017,G,274,3.789074311276008,3.35780298575885,-2.1391002970267907,0.1666614299419006
CV-GE-B10,2017-WIH1,2017,G+E_T0,274,3.7250532061180963,3.3092072161846193,-2.0339184787223763,0.23248873169827697
CV-GE-B10,2017-WIH1,2017,G+E_T1,274,3.7070070878890578,3.288412640049795,-2.004593887345646,0.21796470416692365
CV-GE-B10,2017-WIH1,2017,G+E_T2,274,3.6774015810004013,3.258318340888559,-1.9567939671837107,0.2181230642013516
CV-GE-B10,2017-WIH2,2017,G,278,3.0197047186533847,2.6254752790387634,-2.2409678804074584,0.22154797574923876
CV-GE-B10,2017-WIH2,2017,G+E_T0,278,1.959223149070895,1.618224698597036,-0.36431162224008307,0.2707354174917062
CV-GE-B10,2017-WIH2,2017,G+E_T1,278,2.0628772746407327,1.7130412982744327,-0.5124901494412808,0.24475349285502535
CV-GE-B10,2017-WIH2,2017,G+E_T2,278,1.9784075615543277,1.6355897113977405,-0.39116069296535305,0.25645163110366154
CV-GE-B10,2018-ARH2,2018,G,429,4.481494762409401,4.407472864417096,-46.49347659242731,-0.1767281574392875
CV-GE-B10,2018-ARH2,2018,G+E_T0,429,4.6738594799459525,4.610350228097778,-50.658224774909264,-0.12952311703286906
CV-GE-B10,2018-ARH2,2018,G+E_T1,429,4.158476998136034,4.085047227761018,-39.89373539768898,-0.1359816880836722
CV-GE-B10,2018-ARH2,2018,G+E_T2,429,4.184867214139879,4.111656404005509,-40.414415859606365,-0.14133724487999585
CV-GE-B10,2018-DEH1,2018,G,595,3.552460526045347,2.925808254001358,-2.120094174266098,-0.13685229059562032
CV-GE-B10,2018-DEH1,2018,G+E_T0,595,3.4291361531692997,2.792239095266601,-1.907224962050349,-0.12239267718662955
CV-GE-B10,2018-DEH1,2018,G+E_T1,595,3.3681358767557597,2.7445112687117024,-1.8047127429793721,-0.04936408532729963
CV-GE-B10,2018-DEH1,2018,G+E_T2,595,3.374545692706879,2.7370421557796765,-1.8153980594792478,-0.10058169338717447
CV-GE-B10,2018-IAH2,2018,G,434,2.784040158506002,2.413914768557317,-1.6158057922826532,0.22111841578413446
CV-GE-B10,2018-IAH2,2018,G+E_T0,434,2.671386037576018,2.299546687231417,-1.4083955141187876,0.21370009721318167
CV-GE-B10,2018-IAH2,2018,G+E_T1,434,2.8139878037528328,2.44138857585047,-1.672384399135522,0.22429453207260752
CV-GE-B10,2018-IAH2,2018,G+E_T2,434,2.898018860948628,2.5257034806251064,-1.8343724721306827,0.2297038425496065
CV-GE-B10,2018-IAH4,2018,G,804,1.9296764369777264,1.6151162690175394,-1.2438311021475101,0.08745199812105096
CV-GE-B10,2018-IAH4,2018,G+E_T0,804,2.036142094577996,1.729220930884353,-1.4982583116816541,0.06017717548300381
CV-GE-B10,2018-IAH4,2018,G+E_T1,804,2.230637790952835,1.9323458544113858,-1.9983290139351388,0.0678029894278584
CV-GE-B10,2018-IAH4,2018,G+E_T2,804,2.2616401992705613,1.9666739946937695,-2.0822524450562865,0.07310602374031949
CV-GE-B10,2018-ILH1,2018,G,394,2.7268908769064195,2.391689553055868,-2.0137540156805653,0.12078833227369234
CV-GE-B10,2018-ILH1,2018,G+E_T0,394,2.333180511344428,1.9708236997494561,-1.206322350640884,0.05835363746327372
CV-GE-B10,2018-ILH1,2018,G+E_T1,394,2.4206012539809225,2.0645708479210354,-1.3747548976711386,0.0785252427057962
CV-GE-B10,2018-ILH1,2018,G+E_T2,394,2.456727053704905,2.1044194930207487,-1.446166987784641,0.08755455734778153
CV-GE-B10,2018-INH1,2018,G,407,2.395250087789165,2.067278790151385,-2.2107909639718546,0.003890466538366407
CV-GE-B10,2018-INH1,2018,G+E_T0,407,1.416701406835977,1.1332391736089382,-0.12322549603175426,0.018745874072281062
CV-GE-B10,2018-INH1,2018,G+E_T1,407,1.4163288409418562,1.134137601253305,-0.12263479924327858,0.005324264560442651
CV-GE-B10,2018-INH1,2018,G+E_T2,407,1.4298889924779807,1.1435049829341204,-0.14423426358164315,0.003475524841493975
CV-GE-B10,2018-MIH1,2018,G,375,1.4549517764849278,1.1156770593343153,-0.25755146551475816,-0.1736282986485353
CV-GE-B10,2018-MIH1,2018,G+E_T0,375,1.7331091536672074,1.3946397329894422,-0.784351464029792,-0.12038008996655696
CV-GE-B10,2018-MIH1,2018,G+E_T1,375,1.5924133615674116,1.2495240847162001,-0.5063996128616863,-0.1160138532706413
CV-GE-B10,2018-MIH1,2018,G+E_T2,375,1.8373292827150955,1.5028292757977433,-1.0054071677396919,-0.11494752007484164
CV-GE-B10,2018-MNH1,2018,G,916,2.6167024160198156,2.0876058479725117,-1.3848552886553662,-0.15701501153906466
CV-GE-B10,2018-MNH1,2018,G+E_T0,916,3.2913435655382557,2.78417623861472,-2.7731128728017964,-0.17540919117870687
CV-GE-B10,2018-MNH1,2018,G+E_T1,916,2.8468338323819733,2.3346011231377464,-1.8227836780006483,-0.10756231855789794
CV-GE-B10,2018-MNH1,2018,G+E_T2,916,3.0456235507868286,2.5290061882904635,-2.2307682396066664,-0.1527575432535031
CV-GE-B10,2018-MOH1,2018,G,790,2.4994183810670663,2.1863638451711296,-2.8062596251553362,0.12785770673802802
CV-GE-B10,2018-MOH1,2018,G+E_T0,790,2.0115196649739304,1.6792702805463802,-1.4652959078617132,0.12519252671709089
CV-GE-B10,2018-MOH1,2018,G+E_T1,790,1.6051793640835315,1.295298905965884,-0.5698842242149771,0.11962825706955381
CV-GE-B10,2018-MOH1,2018,G+E_T2,790,1.549739219412993,1.2426174095255131,-0.4633147064393188,0.12117550895840573
CV-GE-B10,2018-NCH1,2018,G,639,2.681387243614106,2.182510646843098,-0.5523031122830773,-0.3492946061739337
CV-GE-B10,2018-NCH1,2018,G+E_T0,639,3.0377450493612335,2.5096913013304936,-0.9923245838119701,-0.04675215757687286
CV-GE-B10,2018-NCH1,2018,G+E_T1,639,2.778744052509036,2.2793693519338345,-0.6670727119488331,-0.012314166587483612
CV-GE-B10,2018-NCH1,2018,G+E_T2,639,2.9806681984719665,2.458871841796124,-0.9181595056390737,-0.04841798223385858
CV-GE-B10,2018-NYH1,2018,G,373,2.5642374104772854,2.0630710535898653,-1.0252348187587565,0.222446751158623
CV-GE-B10,2018-NYH1,2018,G+E_T0,373,2.4410715133343377,1.9208167069277249,-0.8353543553204157,0.19451502138662116
CV-GE-B10,2018-NYH1,2018,G+E_T1,373,2.378249815683991,1.8606072865266012,-0.7421031457763831,0.2042375858939698
CV-GE-B10,2018-NYH1,2018,G+E_T2,373,2.0610340903079982,1.585911573218597,-0.3083660668000985,0.20939340608022466
CV-GE-B10,2018-NYH2,2018,G,395,2.046752135201414,1.6420685246596554,-0.15877564642573594,0.05886413035984547
CV-GE-B10,2018-NYH2,2018,G+E_T0,395,1.9774155780668354,1.5837795078100378,-0.08159521524576263,0.12511853824303276
CV-GE-B10,2018-NYH2,2018,G+E_T1,395,1.8862122982737697,1.4827027420150973,0.015875600840574267,0.13382568825553806
CV-GE-B10,2018-NYH2,2018,G+E_T2,395,1.9077551332072746,1.4920260629934063,-0.006732563800721403,0.12646074683690364
CV-GE-B10,2018-NYH3,2018,G,416,1.5953400292342086,1.2437518628724205,0.015932168511617606,0.1603574541373933
CV-GE-B10,2018-NYH3,2018,G+E_T0,416,3.2310391878730327,2.8768381938631724,-3.0364814534028444,0.18814981622880061
CV-GE-B10,2018-NYH3,2018,G+E_T1,416,3.284464806705695,2.933509740682713,-3.1710724742641956,0.1894632078618269
CV-GE-B10,2018-NYH3,2018,G+E_T2,416,2.4985505187856596,2.1113625060775694,-1.413763859508487,0.18699520587451351
CV-GE-B10,2018-OHH1,2018,G,380,1.7412465008494,1.4166940054907389,-0.5291078173077273,-0.03465442097245425
CV-GE-B10,2018-OHH1,2018,G+E_T0,380,1.9311141672589949,1.5232591022618023,-0.8807605002463383,-0.05954381287022223
CV-GE-B10,2018-OHH1,2018,G+E_T1,380,1.4954433737041843,1.167610507517925,-0.1278660929556159,-0.045246343122664276
CV-GE-B10,2018-OHH1,2018,G+E_T2,380,1.6645079409642058,1.2851773740827381,-0.3972989670920841,-0.03979390902788273
CV-GE-B10,2018-SCH1,2018,G,378,3.298116312418116,3.009119644627491,-5.024987269081473,2.4812790799427307e-05
CV-GE-B10,2018-SCH1,2018,G+E_T0,378,1.6839584551400866,1.3645289282922761,-0.5706772166603666,0.08607270203796412
CV-GE-B10,2018-SCH1,2018,G+E_T1,378,1.5457849243689543,1.226613388286121,-0.32349508654939174,0.07784637024314561
CV-GE-B10,2018-SCH1,2018,G+E_T2,378,1.4996923207495214,1.180964667581914,-0.24574322458510833,0.07822115603969369
CV-GE-B10,2018-TXH1-Dry,2018,G,369,2.22376203964449,1.8864742014660458,-1.960278853284398,0.13552782865027638
CV-GE-B10,2018-TXH1-Dry,2018,G+E_T0,369,2.4909899579329617,2.1729532668043787,-2.714496482898099,0.13691670334947076
CV-GE-B10,2018-TXH1-Dry,2018,G+E_T1,369,1.98872554543437,1.6391690733694295,-1.3675856697671591,0.133374415625916
CV-GE-B10,2018-TXH1-Dry,2018,G+E_T2,369,1.9785951133954747,1.6303345512270655,-1.3435264649617515,0.13844059915916218
CV-GE-B10,2018-TXH1-Early,2018,G,404,1.3359772135564127,1.0372467577973672,-0.20722212518683003,0.0037789074727206423
CV-GE-B10,2018-TXH1-Early,2018,G+E_T0,404,1.30646071769445,0.9892638050791572,-0.15446772650776186,0.016688960590161703
CV-GE-B10,2018-TXH1-Early,2018,G+E_T1,404,1.3641128233577848,1.039586487132087,-0.2586056228475968,0.010288173680541409
CV-GE-B10,2018-TXH1-Early,2018,G+E_T2,404,1.368549336956009,1.0463321814048743,-0.26680567934529975,0.011033005037587853
CV-GE-B10,2018-TXH1-Late,2018,G,434,3.2068368773670857,2.9850526762102256,-6.753595467136856,0.07527870873966354
CV-GE-B10,2018-TXH1-Late,2018,G+E_T0,434,2.3846958828182774,2.117448989846914,-3.287611272108906,0.09634144460304966
CV-GE-B10,2018-TXH1-Late,2018,G+E_T1,434,2.375518660555718,2.1083582495086532,-3.254674034177259,0.1002856141121472
CV-GE-B10,2018-TXH1-Late,2018,G+E_T2,434,2.2098444454619846,1.9376376832238966,-2.681906946949521,0.10222837942375082
CV-GE-B10,2018-TXH2,2018,G,443,1.976119736537115,1.5772768531498458,-0.6269976479501216,0.017199075150352842
CV-GE-B10,2018-TXH2,2018,G+E_T0,443,1.6869499603267548,1.318940276668988,-0.185672683804889,0.03907504077699643
CV-GE-B10,2018-TXH2,2018,G+E_T1,443,1.678085616235204,1.3127478194238806,-0.1732448144339569,0.03834734240008456
CV-GE-B10,2018-TXH2,2018,G+E_T2,443,1.6460523125983895,1.2867315755581894,-0.12887974355057064,0.03941931615516693
CV-GE-B10,2018-WIH1,2018,G,401,2.2702996033506544,1.831401394808723,-0.5845695700819133,-0.06562975377364413
CV-GE-B10,2018-WIH1,2018,G+E_T0,401,1.881802543114199,1.4728531539054524,-0.08866200795127699,-0.08560260405518393
CV-GE-B10,2018-WIH1,2018,G+E_T1,401,1.8947261906594777,1.5017994961596903,-0.10366655410539227,-0.07274959467560058
CV-GE-B10,2018-WIH1,2018,G+E_T2,401,1.8887898275865238,1.496871833918037,-0.09676159681183827,-0.07007825095223881
CV-GE-B10,2018-WIH2,2018,G,815,2.529812803708824,1.9699656808542079,-0.9131593779280269,-0.10335054972887633
CV-GE-B10,2018-WIH2,2018,G+E_T0,815,3.4261838856813833,2.960048037571923,-2.509099758093497,0.02371726923045119
CV-GE-B10,2018-WIH2,2018,G+E_T1,815,2.9441733127827354,2.436082528351256,-1.59120111520016,0.029488624471927922
CV-GE-B10,2018-WIH2,2018,G+E_T2,815,3.254090689414683,2.7711049680257704,-2.1654370622771055,0.015401184254164068
CV-GE-B10,2019-DEH1,2019,G,814,2.5401711879824074,2.102133391176827,-0.8417839674251058,-0.002783361823672908
CV-GE-B10,2019-DEH1,2019,G+E_T0,814,2.7768387866868136,2.3352757962142445,-1.200969632705989,0.06291143276699158
CV-GE-B10,2019-DEH1,2019,G+E_T1,814,2.671043867399836,2.2315123425336707,-1.0364547194839808,0.07327752329548733
CV-GE-B10,2019-DEH1,2019,G+E_T2,814,2.698261582951807,2.257829692934375,-1.0781687830561415,0.06253343009165699
CV-GE-B10,2019-GAH2,2019,G,390,3.332486821964141,2.9910578215233343,-4.2360688395980715,-0.06664333143802031
CV-GE-B10,2019-GAH2,2019,G+E_T0,390,3.668230803790731,3.3632735475077973,-5.34427169211539,-0.10405587828290036
CV-GE-B10,2019-GAH2,2019,G+E_T1,390,3.5293753900410176,3.213856807141925,-4.8730564126279585,-0.11161414687991263
CV-GE-B10,2019-GAH2,2019,G+E_T2,390,3.624948295548278,3.314812201981909,-5.195439196047615,-0.11061325982223293
CV-GE-B10,2019-IAH4,2019,G,1140,2.6058649852836737,2.311509685185161,-2.993311109202551,-0.010781647885375823
CV-GE-B10,2019-IAH4,2019,G+E_T0,1140,2.562542382628319,2.2803154233816536,-2.8616369353966493,0.04234839545417096
CV-GE-B10,2019-IAH4,2019,G+E_T1,1140,2.268795163011685,1.9803940172025836,-2.0270521347083057,0.035083182009771556
CV-GE-B10,2019-IAH4,2019,G+E_T2,1140,2.2401296919002522,1.951644246885859,-1.9510437668706384,0.03435391162766537
CV-GE-B10,2019-ILH1,2019,G,448,4.607894555870487,4.307001555934116,-6.447292914044346,0.19824615941033547
CV-GE-B10,2019-ILH1,2019,G+E_T0,448,4.056300807748448,3.73033032919615,-4.77103460979484,0.21931450887911313
CV-GE-B10,2019-ILH1,2019,G+E_T1,448,4.187093984325222,3.8668332082026717,-5.149202419360667,0.21657880593890913
CV-GE-B10,2019-ILH1,2019,G+E_T2,448,3.9656069854549645,3.6342644880735895,-4.51585337052187,0.21591608650307428
CV-GE-B10,2019-INH1,2019,G,440,5.302684018857776,5.065143305250405,-10.631526430139427,0.06135459952655422
CV-GE-B10,2019-INH1,2019,G+E_T0,440,4.674652751422055,4.412250895571609,-8.03948993470406,0.0896013463175237
CV-GE-B10,2019-INH1,2019,G+E_T1,440,4.399451913355427,4.1199951450021794,-7.006493670822971,0.08192171631565713
CV-GE-B10,2019-INH1,2019,G+E_T2,440,4.4522912682408196,4.174862913289838,-7.199971642646139,0.07274756286899649
CV-GE-B10,2019-MIH1,2019,G,454,1.8588315552288837,1.5106735222516166,-0.10540821029535419,0.07687153450233296
CV-GE-B10,2019-MIH1,2019,G+E_T0,454,2.143790376831013,1.7657364322110907,-0.47030436776720697,0.06975919663466877
CV-GE-B10,2019-MIH1,2019,G+E_T1,454,1.7909111955303172,1.4401209001132618,-0.026102429548044315,0.06453146584828104
CV-GE-B10,2019-MIH1,2019,G+E_T2,454,1.9943233083473222,1.6272493167618263,-0.2724295410116835,0.06024740920113987
CV-GE-B10,2019-MNH1,2019,G,1001,2.178110795053892,1.7826341449572933,-0.41843259836843427,0.1318424457248472
CV-GE-B10,2019-MNH1,2019,G+E_T0,1001,2.306369754035497,1.9043608173336375,-0.5904009878458478,-0.06883544254669885
CV-GE-B10,2019-MNH1,2019,G+E_T1,1001,2.4152150463840694,2.010942966357389,-0.7440558166229374,-0.05339897108914818
CV-GE-B10,2019-MNH1,2019,G+E_T2,1001,2.347800194750048,1.9461972948238266,-0.6480524809546677,-0.03895156530047131
CV-GE-B10,2019-MOH1,2019,G,515,2.995139922986092,2.5852799015107295,-1.7170799679885458,-0.11125652434474759
CV-GE-B10,2019-MOH1,2019,G+E_T0,515,2.5499479004404755,2.177669649970523,-0.9693858036089706,-0.07941480828210014
CV-GE-B10,2019-MOH1,2019,G+E_T1,515,2.091593182579539,1.7604000304294252,-0.3250205802647903,-0.08782031647307718
CV-GE-B10,2019-MOH1,2019,G+E_T2,515,1.9832172403777197,1.6447373374331524,-0.19126605534226915,-0.07963154172985425
CV-GE-B10,2019-NEH1,2019,G,308,2.923633790607692,2.463078498773874,-0.7979614276802938,0.10037612057036344
CV-GE-B10,2019-NEH1,2019,G+E_T0,308,2.7145928069454084,2.260227494319462,-0.5500432383833016,0.11644667052843363
CV-GE-B10,2019-NEH1,2019,G+E_T1,308,2.6521637927432287,2.198383398629373,-0.4795686089092279,0.11772150919553119
CV-GE-B10,2019-NEH1,2019,G+E_T2,308,2.550086564288865,2.0968022535033164,-0.36786825644813326,0.1186948949169548
CV-GE-B10,2019-NEH2,2019,G,170,2.7416740607810093,2.4144996307086832,-2.3627765584046827,0.23719145543945144
CV-GE-B10,2019-NEH2,2019,G+E_T0,170,2.5316268960119497,2.1994047833385766,-1.8672513569288771,0.22172472942321012
CV-GE-B10,2019-NEH2,2019,G+E_T1,170,2.3762918907564132,2.0411441928651195,-1.526189565295967,0.23241604166721727
CV-GE-B10,2019-NEH2,2019,G+E_T2,170,2.3194306460818295,1.9850403025137562,-1.406739840304299,0.23595067586392687
CV-GE-B10,2019-NEH2L,2019,G,174,2.16921018931643,1.72822990642382,-0.004465460890605399,0.16224752307313814
CV-GE-B10,2019-NEH2L,2019,G+E_T0,174,2.1971105541522804,1.6813718757479337,-0.03047048458727364,0.15673740097086383
CV-GE-B10,2019-NEH2L,2019,G+E_T1,174,2.4085323579383524,1.8209556863683076,-0.23833089146009523,0.15789159047746903
CV-GE-B10,2019-NEH2L,2019,G+E_T2,174,2.5499911553262207,1.929331199668472,-0.3880627016249327,0.15641167401921205
CV-GE-B10,2019-NYH1,2019,G,201,1.4214911941415715,1.121162248129948,-0.007408020799236192,0.1844902495319195
CV-GE-B10,2019-NYH1,2019,G+E_T0,201,1.481427388496338,1.1928187792279272,-0.09415234669973449,0.16288906593129354
CV-GE-B10,2019-NYH1,2019,G+E_T1,201,1.4517506975387195,1.1586945104091928,-0.05075422205738134,0.16187483196483185
CV-GE-B10,2019-NYH1,2019,G+E_T2,201,1.437844346428375,1.1427356432467874,-0.0307202422787356,0.16505876234563313
CV-GE-B10,2019-NYH2,2019,G,402,3.7463171234466466,3.3714203383152688,-3.2900554839283513,0.08637982829309301
CV-GE-B10,2019-NYH2,2019,G+E_T0,402,4.1339552157617385,3.785711712895737,-4.2237859056400495,0.07898091890655205
CV-GE-B10,2019-NYH2,2019,G+E_T1,402,4.177268069878965,3.8290396540898404,-4.333822106399175,0.06884889298871241
CV-GE-B10,2019-NYH2,2019,G+E_T2,402,3.9959633471566813,3.6413700685327135,-3.8808653448634987,0.07794987635242002
CV-GE-B10,2019-NYH3,2019,G,573,3.9306796860893614,3.4643002999739316,-2.5772819851752513,0.09014361244024463
CV-GE-B10,2019-NYH3,2019,G+E_T0,573,3.7637924137239485,3.293115128856085,-2.279964868351089,0.09747133944421327
CV-GE-B10,2019-NYH3,2019,G+E_T1,573,3.757631756360496,3.2869405911189395,-2.2692362201776612,0.10336377108340906
CV-GE-B10,2019-NYH3,2019,G+E_T2,573,3.630513053945727,3.1534791732255574,-2.0517845652860984,0.09528371747144311
CV-GE-B10,2019-OHH1,2019,G,367,2.5514824752517646,2.2236449775548914,-1.3020775582063102,0.07268972301614289
CV-GE-B10,2019-OHH1,2019,G+E_T0,367,2.122642108026552,1.7783605790202863,-0.593266124086095,0.07116241528224304
CV-GE-B10,2019-OHH1,2019,G+E_T1,367,1.7604982448242184,1.3734840989267112,-0.09598841749533671,0.07986294615406805
CV-GE-B10,2019-OHH1,2019,G+E_T2,367,1.688431954030834,1.279354890522787,-0.00809601286239392,0.08595194664210842
CV-GE-B10,2019-SCH1,2019,G,365,5.7138827809016774,5.623514763687673,-33.084291078032024,0.10073379288902133
CV-GE-B10,2019-SCH1,2019,G+E_T0,365,1.7980745387262622,1.5604110247219947,-2.375258151731309,0.15958774867629213
CV-GE-B10,2019-SCH1,2019,G+E_T1,365,2.579490250840696,2.394267147525929,-5.946393693799056,0.14459034365332513
CV-GE-B10,2019-SCH1,2019,G+E_T2,365,2.3282962465114356,2.1292920465252863,-4.659369998571122,0.1522760241228453
CV-GE-B10,2019-TXH1,2019,G,571,1.922719028490173,1.403471488601296,-0.197305063397347,0.019771092908308766
CV-GE-B10,2019-TXH1,2019,G+E_T0,571,1.791792284231831,1.373545708966273,-0.03979684318049692,0.04134043687514926
CV-GE-B10,2019-TXH1,2019,G+E_T1,571,1.788577676418283,1.3602288449188231,-0.036069245171621356,0.0333321127086831
CV-GE-B10,2019-TXH1,2019,G+E_T2,571,1.78526265444973,1.3328079142060882,-0.032232219306873144,0.033541575152008986
CV-GE-B10,2019-TXH2,2019,G,438,1.4840682282507094,1.1954579691073381,-0.08421767335821717,-0.015459487789241137
CV-GE-B10,2019-TXH2,2019,G+E_T0,438,1.4694750751509464,1.1824533847949106,-0.06299983050593005,0.004224202990704569
CV-GE-B10,2019-TXH2,2019,G+E_T1,438,1.4778676567522162,1.1917775788389648,-0.07517668062417959,-0.01196084825978772
CV-GE-B10,2019-TXH2,2019,G+E_T2,438,1.4924971077482743,1.2000585087725641,-0.09656844272534282,-0.004164393312071905
CV-GE-B10,2019-TXH3,2019,G,445,1.658005310570669,1.2941978689204605,-0.17718165428120458,0.009020612096838417
CV-GE-B10,2019-TXH3,2019,G+E_T0,445,1.5774569081951713,1.2300162243624169,-0.06558146930066822,0.052315085951818045
CV-GE-B10,2019-TXH3,2019,G+E_T1,445,1.567978149950403,1.219303387257782,-0.05281402945060831,0.048038342638902706
CV-GE-B10,2019-TXH3,2019,G+E_T2,445,1.5657908937041722,1.2202567417290253,-0.04987882537138666,0.04998390840797404
CV-GE-B10,2019-WIH1,2019,G,580,3.2088795696809207,2.791268761482452,-1.1146341414323273,0.041814068589004265
CV-GE-B10,2019-WIH1,2019,G+E_T0,580,2.9925000711160337,2.577645216056624,-0.8390635726994595,0.04557587033529516
CV-GE-B10,2019-WIH1,2019,G+E_T1,580,2.8207923882475487,2.4144953257407105,-0.634069972263476,0.045478459610791666
CV-GE-B10,2019-WIH1,2019,G+E_T2,580,2.6572682468773126,2.255863542557142,-0.45010416275311194,0.047410333967498344
CV-GE-B10,2019-WIH2,2019,G,1113,2.260040375518156,1.8237743224525196,-0.8381706136320108,0.17020684702426975
CV-GE-B10,2019-WIH2,2019,G+E_T0,1113,3.225960177057678,2.810550867819563,-2.7451690608614308,0.00949666947770092
CV-GE-B10,2019-WIH2,2019,G+E_T1,1113,3.2636597919452353,2.852731902541767,-2.8332150551538664,0.024750624859989252
CV-GE-B10,2019-WIH2,2019,G+E_T2,1113,3.514539338222749,3.120404917130806,-3.4451890985210003,0.04061422496822352
CV-GE-B10,2020-DEH1,2020,G,1143,2.3325382516630793,1.8795721095372595,-0.48196759417834123,0.5111098814300855
CV-GE-B10,2020-DEH1,2020,G+E_T0,1143,2.699805732613402,2.1892653454766573,-0.9853916379039571,0.43472647798392366
CV-GE-B10,2020-DEH1,2020,G+E_T1,1143,2.727268025466874,2.218524206354104,-1.0259876783149329,0.4397655460385818
CV-GE-B10,2020-DEH1,2020,G+E_T2,1143,2.540033217356165,2.0281241387773705,-0.7573568168256917,0.4468010313382064
CV-GE-B10,2020-INH1,2020,G,415,2.1441259798641905,1.6927763327524294,-0.7109760279377264,0.04670277925422653
CV-GE-B10,2020-INH1,2020,G+E_T0,415,1.6842125095205789,1.3160988773413809,-0.05569169280126207,0.07786818391992462
CV-GE-B10,2020-INH1,2020,G+E_T1,415,1.7046098623275279,1.3419535154976299,-0.0814173181118567,0.08353468917614953
CV-GE-B10,2020-INH1,2020,G+E_T2,415,1.7490337634949944,1.3620134265276822,-0.13851750668173723,0.07304415819864353
CV-GE-B10,2020-MIH1,2020,G,415,3.2954679639887963,3.021908616606597,-5.8232751235889895,0.016781352817165165
CV-GE-B10,2020-MIH1,2020,G+E_T0,415,3.6949173619447238,3.4572276757430362,-7.577646695546942,0.046899134985708205
CV-GE-B10,2020-MIH1,2020,G+E_T1,415,4.066005868629719,3.8441661775836504,-9.387109190629792,0.037189283285084446
CV-GE-B10,2020-MIH1,2020,G+E_T2,415,4.032322582920803,3.810556686212404,-9.215725878891105,0.03698308147751022
CV-GE-B10,2020-MNH1,2020,G,392,1.4999975461207367,1.150529967587044,-0.040803039998739354,0.2630399460271144
CV-GE-B10,2020-MNH1,2020,G+E_T0,392,1.9575356560343358,1.570353280641902,-0.7725839703681465,0.24188239884157778
CV-GE-B10,2020-MNH1,2020,G+E_T1,392,1.4675293809620347,1.1233867449839456,0.0037666763080910215,0.2432815611934137
CV-GE-B10,2020-MNH1,2020,G+E_T2,392,1.767181851377071,1.3878805594586479,-0.4446077499579304,0.2457941779593989
CV-GE-B10,2020-NEH1,2020,G,246,1.8469526018196216,1.4055717613672485,-0.022170011476488227,0.20310702757062182
CV-GE-B10,2020-NEH1,2020,G+E_T0,246,2.443345524669542,1.9011770493556799,-0.7888808236329528,0.139502350889636
CV-GE-B10,2020-NEH1,2020,G+E_T1,246,2.378476776663455,1.839713649279956,-0.6951551971529231,0.15003591874241548
CV-GE-B10,2020-NEH1,2020,G+E_T2,246,2.4446250335103197,1.9019138973428136,-0.7907548837018261,0.14525011320357525
CV-GE-B10,2020-NEH2,2020,G,245,1.7450621794035128,1.5079685307779023,-1.215118093929696,-0.030874940768895763
CV-GE-B10,2020-NEH2,2020,G+E_T0,245,1.2220768849459844,0.9555594085844636,-0.08635591056261194,0.11738562992297037
CV-GE-B10,2020-NEH2,2020,G+E_T1,245,1.1944503629092464,0.9142081727978816,-0.03779431108147402,0.09639077363070835
CV-GE-B10,2020-NEH2,2020,G+E_T2,245,1.274652204740402,1.0187005610264765,-0.1818394296014969,0.1111374977931251
CV-GE-B10,2020-NYH1,2020,G,22,2.543695728748282,1.9574227312986778,-1.0223417592667636,0.010656786393138528
CV-GE-B10,2020-NYH1,2020,G+E_T0,22,2.158236816356527,1.6526551384542545,-0.4558694121408864,0.22010360470419263
CV-GE-B10,2020-NYH1,2020,G+E_T1,22,2.3044648967239127,1.7818418759912282,-0.6598331050315314,0.2118564503553297
CV-GE-B10,2020-NYH1,2020,G+E_T2,22,2.4933976296739058,1.9981104861237078,-0.9431544109341923,0.23177645610531952
CV-GE-B10,2020-NYH2,2020,G,386,2.159250002084243,1.7135917381193126,-0.02428997774152153,0.1273772729067502
CV-GE-B10,2020-NYH2,2020,G+E_T0,386,2.1342318227133883,1.6741415614528492,-0.0006915865230232576,0.10905641723900189
CV-GE-B10,2020-NYH2,2020,G+E_T1,386,2.1367688360149595,1.6705290498360514,-0.0030720934448249526,0.11029339727861479
CV-GE-B10,2020-NYH2,2020,G+E_T2,386,2.144460018761685,1.6727621650740212,-0.010306095709013752,0.10532870988587163
CV-GE-B10,2020-NYH3,2020,G,379,2.358122761528915,1.835098275777703,-0.1216269300084929,-0.01019649529806061
CV-GE-B10,2020-NYH3,2020,G+E_T0,379,2.2713485221028495,1.7297843923484024,-0.04059842656018797,-0.030192630858066734
CV-GE-B10,2020-NYH3,2020,G+E_T1,379,2.264691759542294,1.7186323108406731,-0.03450788969175411,-0.032051363914328515
CV-GE-B10,2020-NYH3,2020,G+E_T2,379,2.2649580688536144,1.6996343512018885,-0.03475120340605775,-0.026481071202893242
CV-GE-B10,2020-OHH1,2020,G,396,2.7134695324100937,2.4158924745993864,-3.5900006720976387,0.08691146673657489
CV-GE-B10,2020-OHH1,2020,G+E_T0,396,2.429615180336258,2.1225698388465304,-2.6799154026513103,0.08294065849972672
CV-GE-B10,2020-OHH1,2020,G+E_T1,396,1.9717150213744026,1.651437381934789,-1.4235452909909942,0.07398691063748151
CV-GE-B10,2020-OHH1,2020,G+E_T2,396,2.152905722695866,1.8330658805916282,-1.8894346354548857,0.07544169360525683
CV-GE-B10,2020-SCH1,2020,G,398,4.779975020569627,4.597975376925216,-13.380526685840136,-0.021758244089543074
CV-GE-B10,2020-SCH1,2020,G+E_T0,398,2.087686820853614,1.7933794080634278,-1.7431795684820126,0.03926085507404988
CV-GE-B10,2020-SCH1,2020,G+E_T1,398,2.2647746569530107,1.9786025980089015,-2.2282973632342173,0.03439813901999026
CV-GE-B10,2020-SCH1,2020,G+E_T2,398,2.1677468531206934,1.8768509914250295,-1.9576083733043852,0.03753857088325763
CV-GE-B10,2020-TXH1,2020,G,246,1.6574923204283198,1.2663338548591991,0.0012777896098713493,0.14074088242460156
CV-GE-B10,2020-TXH1,2020,G+E_T0,246,1.8373183416473529,1.4589879767104283,-0.2271862469272108,0.07395227225224753
CV-GE-B10,2020-TXH1,2020,G+E_T1,246,1.692855161034279,1.3051562487376955,-0.041792585499650814,0.04415651834410819
CV-GE-B10,2020-TXH1,2020,G+E_T2,246,1.8202009067374019,1.42240170979655,-0.20442652435953557,-0.03151131730609271
CV-GE-B10,2020-TXH2,2020,G,245,2.6363051097670795,2.2832974476365853,-1.8498074374893516,0.06582959930144301
CV-GE-B10,2020-TXH2,2020,G+E_T0,245,1.6395973305845561,1.264920268465177,-0.102296879322328,-0.07138624470524996
CV-GE-B10,2020-TXH2,2020,G+E_T1,245,1.7013629886331574,1.3396296481830443,-0.18691094495248217,-0.06675380841504205
CV-GE-B10,2020-TXH2,2020,G+E_T2,245,1.6427755504798194,1.2632669857920764,-0.10657443854004223,-0.08712510789632871
CV-GE-B10,2020-TXH3,2020,G,246,1.7832867708229794,1.454629678832199,-0.931095591432118,-0.05017618915413859
CV-GE-B10,2020-TXH3,2020,G+E_T0,246,1.3235129041910447,1.06756109994476,-0.06369656505256116,-0.002835747089559938
CV-GE-B10,2020-TXH3,2020,G+E_T1,246,1.3298618524689667,1.0730886863359779,-0.07392623870259163,0.003685233906953683
CV-GE-B10,2020-TXH3,2020,G+E_T2,246,1.3193237826916384,1.0655853049721402,-0.056973695564874305,0.009898614421246583
CV-GE-B10,2020-WIH1,2020,G,394,2.1952057352674106,1.765632823065761,-0.10575886347113461,0.16084335932259464
CV-GE-B10,2020-WIH1,2020,G+E_T0,394,2.0883866018126382,1.6666168054486303,-0.0007642170400943282,0.1619126674562827
CV-GE-B10,2020-WIH1,2020,G+E_T1,394,2.07127591189527,1.6291286508233245,0.01556764073706629,0.16103585822166527
CV-GE-B10,2020-WIH1,2020,G+E_T2,394,2.1012931552621903,1.638277563548291,-0.013172197034982291,0.1634901990640711
CV-GE-B10,2020-WIH2,2020,G,1147,3.2094434940180014,2.675316008527463,-0.4453045285946382,0.028262130799072947
CV-GE-B10,2020-WIH2,2020,G+E_T0,1147,2.736028294674207,2.3066758158071226,-0.05036698950960927,0.03707318727365506
CV-GE-B10,2020-WIH2,2020,G+E_T1,1147,2.7024228352862383,2.2498745556972555,-0.024723037072311715,0.037291592760510826
CV-GE-B10,2020-WIH2,2020,G+E_T2,1147,2.7219886862551324,2.285313625996849,-0.03961497669539771,0.043144604824694205
CV-GE-B10,2021-DEH1,2021,G,1138,2.2129866719844307,1.8163441158446114,-0.2892138159260367,0.34004888740076
CV-GE-B10,2021-DEH1,2021,G+E_T0,1138,2.1343924639490024,1.7746457887167424,-0.19926707890077178,0.3212771862830871
CV-GE-B10,2021-DEH1,2021,G+E_T1,1138,2.2890504995921326,1.9290011788411952,-0.3793615067555949,0.3257043285167249
CV-GE-B10,2021-DEH1,2021,G+E_T2,1138,2.067607579613113,1.7070637256408077,-0.1253913829749369,0.34114392852505215
CV-GE-B10,2021-GAH2,2021,G,321,3.221725878043746,2.5636744699890146,-1.1204060346398874,0.09918200129043157
CV-GE-B10,2021-GAH2,2021,G+E_T0,321,4.161796591702685,3.5862138906588084,-2.5383725802306865,0.1207913028732607
CV-GE-B10,2021-GAH2,2021,G+E_T1,321,3.777096660334474,3.151193783883392,-1.914459728310653,0.09095661160870745
CV-GE-B10,2021-GAH2,2021,G+E_T2,321,4.236543773486606,3.6606891374566493,-2.666614542621972,0.0610652710088851
CV-GE-B10,2021-IAH4,2021,G,1124,1.4356936152439181,1.1336089607598911,0.18561345086234393,0.47417791446408897
CV-GE-B10,2021-IAH4,2021,G+E_T0,1124,1.445531910458249,1.1525984561918818,0.17441380841712284,0.43155671426315523
CV-GE-B10,2021-IAH4,2021,G+E_T1,1124,1.4439038664267632,1.150844744449842,0.17627240975899283,0.43809204163990956
CV-GE-B10,2021-IAH4,2021,G+E_T2,1124,1.4690396621688655,1.1677924854176613,0.14734352057554345,0.42749095583402774
CV-GE-B10,2021-ILH1,2021,G,402,1.925219314176932,1.4903142081834835,-0.45620814967598355,-0.10384379836431538
CV-GE-B10,2021-ILH1,2021,G+E_T0,402,2.118306308464799,1.7021151616024086,-0.7629522784630831,-0.08488345287797977
CV-GE-B10,2021-ILH1,2021,G+E_T1,402,2.0895339126734678,1.6786378358028482,-0.7153860953190951,-0.0747761895146652
CV-GE-B10,2021-ILH1,2021,G+E_T2,402,2.0815233218390063,1.6588110234906148,-0.7022588459314272,-0.08540918071474679
CV-GE-B10,2021-INH1,2021,G,411,1.4739662888946516,1.1106854344495243,-0.13152633200950525,0.05506346058764733
CV-GE-B10,2021-INH1,2021,G+E_T0,411,1.6260110457090229,1.2665421629517988,-0.3770082625504192,0.08671115768178476
CV-GE-B10,2021-INH1,2021,G+E_T1,411,1.5950826662406743,1.2383889167467599,-0.3251222748431011,0.07791780521837828
CV-GE-B10,2021-INH1,2021,G+E_T2,411,1.7028145529787897,1.3395676107516223,-0.5101645440116287,0.08062689142476488
CV-GE-B10,2021-MIH1,2021,G,417,2.058602687789696,1.7375093049478043,-0.9711805067328025,0.2431700922732476
CV-GE-B10,2021-MIH1,2021,G+E_T0,417,2.3965087736023554,2.097084962508865,-1.671402766098177,0.22730716249574995
CV-GE-B10,2021-MIH1,2021,G+E_T1,417,2.7301543542036675,2.4339293516618246,-2.4670150546868856,0.22385983027893755
CV-GE-B10,2021-MIH1,2021,G+E_T2,417,2.429342194350436,2.1262740734546055,-1.7451034236612655,0.23927974413306116
CV-GE-B10,2021-MNH1,2021,G,415,1.5525863611553656,1.1996316780667444,-0.29805887982965973,0.04339996382557308
CV-GE-B10,2021-MNH1,2021,G+E_T0,415,1.9304785202699055,1.5777989789965525,-1.006840266894407,0.06000958009202674
CV-GE-B10,2021-MNH1,2021,G+E_T1,415,1.4424382939205012,1.1236758346236997,-0.12041095371626742,0.0655149828041667
CV-GE-B10,2021-MNH1,2021,G+E_T2,415,1.461456899037727,1.138233702384989,-0.15015105601600554,0.06571024420044087
CV-GE-B10,2021-NEH1,2021,G,247,3.115469776095731,2.6247385571352324,-0.03741065397882837,-0.02539826990126434
CV-GE-B10,2021-NEH1,2021,G+E_T0,247,3.1555354888732055,2.542680253155394,-0.0642649429353892,0.11703584791075178
CV-GE-B10,2021-NEH1,2021,G+E_T1,247,3.1367202944691472,2.534835218101446,-0.05161120902943339,0.13533700648874367
CV-GE-B10,2021-NEH1,2021,G+E_T2,247,3.0605892784081075,2.5174566968235776,-0.0011835931679333722,0.12428114907656082
CV-GE-B10,2021-NEH2,2021,G,247,2.534261462154241,2.1192992088928038,-1.065419087153845,-0.029723342619137245
CV-GE-B10,2021-NEH2,2021,G+E_T0,247,2.117500874378736,1.705157838949505,-0.44195777791302415,0.018101971409296824
CV-GE-B10,2021-NEH2,2021,G+E_T1,247,2.0804991601470526,1.6697265268248587,-0.3920038514916515,0.025898289240775627
CV-GE-B10,2021-NEH2,2021,G+E_T2,247,2.1387608979212462,1.7235956879497147,-0.4710580747390385,0.011242769653141775
CV-GE-B10,2021-NYH1,2021,G,22,2.691035274598275,2.307829746771795,-1.5032852584398113,0.0025154662368094146
CV-GE-B10,2021-NYH1,2021,G+E_T0,22,2.7649910603250345,2.428166539457564,-1.6427679033535698,0.11033272092510066
CV-GE-B10,2021-NYH1,2021,G+E_T1,22,2.864461809833197,2.4879249425420586,-1.8363357142467756,0.09134124169839646
CV-GE-B10,2021-NYH1,2021,G+E_T2,22,2.9911391194520176,2.6221133875674156,-2.092749790565217,0.0940251184754106
CV-GE-B10,2021-NYH2,2021,G,396,1.7988121005203224,1.4159660945347954,-0.13240178230077504,0.09693886737262669
CV-GE-B10,2021-NYH2,2021,G+E_T0,396,1.9156841038972978,1.532649180317272,-0.2843303176180336,0.09773010596762038
CV-GE-B10,2021-NYH2,2021,G+E_T1,396,2.0217318579230783,1.63062054134224,-0.43046110221275535,0.09219928441765418
CV-GE-B10,2021-NYH2,2021,G+E_T2,396,1.9574724961929821,1.5680917035377582,-0.3409737632025185,0.09614219656586033
CV-GE-B10,2021-NYH3,2021,G,357,1.7318425801215274,1.3413716292657478,-0.2030896033955727,-0.05909915243431861
CV-GE-B10,2021-NYH3,2021,G+E_T0,357,2.1174612378176145,1.7158685841837054,-0.7985068036801586,-0.014928894356604782
CV-GE-B10,2021-NYH3,2021,G+E_T1,357,2.101571780295336,1.6920634687709604,-0.7716160396458904,-0.02848185275286308
CV-GE-B10,2021-NYH3,2021,G+E_T2,357,2.2115488268814696,1.7997454075381725,-0.961888004216574,-0.02346532555736443
CV-GE-B10,2021-SCH1,2021,G,397,2.549509858221763,2.1456058863817806,-1.4096578620797944,0.05448007465782655
CV-GE-B10,2021-SCH1,2021,G+E_T0,397,1.9682580639100085,1.5611809842894278,-0.43617072833035553,0.05400628911407919
CV-GE-B10,2021-SCH1,2021,G+E_T1,397,2.1204208562869065,1.7185609019641943,-0.6668101119179519,0.04672302383805661
CV-GE-B10,2021-SCH1,2021,G+E_T2,397,2.253661527446334,1.8582493448729853,-0.8828658287031115,0.029752153287813936
CV-GE-B10,2021-SCH1L,2021,G,43,6.796543644573127,6.698843977280159,-72.01046843906913,0.01559920759125882
CV-GE-B10,2021-SCH1L,2021,G+E_T0,43,2.6511472058228076,2.440170009963067,-10.109041782184667,-0.00367296004705853
CV-GE-B10,2021-SCH1L,2021,G+E_T1,43,2.50041842313782,2.2554267830024193,-8.881759842381502,-0.07114439297267326
CV-GE-B10,2021-SCH1L,2021,G+E_T2,43,2.655965019432905,2.429008327745447,-10.149454418288244,-0.051254503897414753
CV-GE-B10,2021-TXH1,2021,G,266,1.67839061336547,1.3478381060164526,-0.07776432621159768,0.03466796730707759
CV-GE-B10,2021-TXH1,2021,G+E_T0,266,2.394785642427397,1.9666192321265121,-1.1941737339749183,0.008475585017865437
CV-GE-B10,2021-TXH1,2021,G+E_T1,266,2.368809481009897,1.942868116686086,-1.1468316319762044,0.015365142787389138
CV-GE-B10,2021-TXH1,2021,G+E_T2,266,2.3181880125284704,1.8954648503062468,-1.0560564389281932,0.010836861403799107
CV-GE-B10,2021-TXH2,2021,G,247,1.723426021399859,1.3414244971816087,-0.03867466554659571,0.10268294397413805
CV-GE-B10,2021-TXH2,2021,G+E_T0,247,2.539156752737618,2.113956818731145,-1.254619568248693,-0.016535306992464485
CV-GE-B10,2021-TXH2,2021,G+E_T1,247,2.6084858797476462,2.177697752442765,-1.3794206551360166,-0.05111805173346269
CV-GE-B10,2021-TXH2,2021,G+E_T2,247,2.4501744621151933,2.018126883859685,-1.0993665100579157,-0.03884269395930642
CV-GE-B10,2021-TXH3,2021,G,246,5.9440175853603465,5.844872340927645,-31.954420597342562,0.04305655033465274
CV-GE-B10,2021-TXH3,2021,G+E_T0,246,4.591207217890876,4.466667153975225,-18.66107672934861,0.04474393935862827
CV-GE-B10,2021-TXH3,2021,G+E_T1,246,5.141840540556565,5.027050758769239,-23.659866282280483,0.0012666568483873293
CV-GE-B10,2021-TXH3,2021,G+E_T2,246,5.490989074901134,5.3804807159032055,-27.122548103982293,-0.040003561486364796
CV-GE-B10,2021-WIH1,2021,G,397,2.9250000660482764,2.508481127592672,-0.8949515111568758,0.09986483693754578
CV-GE-B10,2021-WIH1,2021,G+E_T0,397,2.152484763543092,1.7184923930450977,-0.026187010417101364,0.0734810203688759
CV-GE-B10,2021-WIH1,2021,G+E_T1,397,2.1925073173959233,1.767782150647895,-0.06470291729323763,0.07043587525341422
CV-GE-B10,2021-WIH1,2021,G+E_T2,397,2.1983505311539626,1.7730595404109002,-0.07038552259865138,0.06824038193413545
CV-GE-B10,2021-WIH2,2021,G,1137,2.7843296617514355,2.327984560616541,-1.2247739771882644,0.2493173417690222
CV-GE-B10,2021-WIH2,2021,G+E_T0,1137,1.9608108917862792,1.5633290381181881,-0.10335688481103422,0.24336278065058473
CV-GE-B10,2021-WIH2,2021,G+E_T1,1137,2.1237467606372276,1.7192198532671785,-0.29434498962785827,0.24406600472646586
CV-GE-B10,2021-WIH2,2021,G+E_T2,1137,1.8947410547220116,1.4913788487596382,-0.030254022377940393,0.2423540777223877
FORWARD-YEAR-B10,2016-DEH1,2016,G,230,2.4562634834378723,2.119242158833198,-0.6804692621052748,0.38188093339971807
FORWARD-YEAR-B10,2016-DEH1,2016,G+E_T0,230,1.8564369567482817,1.47392476290942,0.040066649173878255,0.32363090471379685
FORWARD-YEAR-B10,2016-DEH1,2016,G+E_T1,230,2.487096116204583,2.1483890282680207,-0.7229227604552704,0.2846999665772243
FORWARD-YEAR-B10,2016-DEH1,2016,G+E_T2,230,4.424450819522547,4.027424733786286,-4.452546947476225,0.25747565968675556
FORWARD-YEAR-B10,2016-GAH2,2016,G,87,4.058392277988281,3.823069959850727,-7.962578637045382,0.17168584404455178
FORWARD-YEAR-B10,2016-GAH2,2016,G+E_T0,87,4.054132474710873,3.816942827084179,-7.943773759422458,0.10486154064430617
FORWARD-YEAR-B10,2016-GAH2,2016,G+E_T1,87,2.3558648489207408,2.0148808795889597,-2.020130280887155,0.09023172558076711
FORWARD-YEAR-B10,2016-GAH2,2016,G+E_T2,87,6.979536857316707,6.842824932173168,-25.50807210408885,0.0999555217071784
FORWARD-YEAR-B10,2016-IAH2,2016,G,388,2.4061174228349014,1.9531946445863966,-0.0137503651599864,0.20494500988534162
FORWARD-YEAR-B10,2016-IAH2,2016,G+E_T0,388,2.483017711996045,2.0242551893056153,-0.07958545037098563,0.07840257967086389
FORWARD-YEAR-B10,2016-IAH2,2016,G+E_T1,388,2.4159047866928516,1.8914604656327623,-0.02201440359451623,0.019571336748519533
FORWARD-YEAR-B10,2016-IAH2,2016,G+E_T2,388,6.876619167535101,6.436402515812866,-7.280324080531219,0.010538992928987995
FORWARD-YEAR-B10,2016-IAH3,2016,G,375,2.571579929991846,2.2360966355506053,-2.291291811987142,0.14456777066073595
FORWARD-YEAR-B10,2016-IAH3,2016,G+E_T0,375,2.7342211757655406,2.4084346979374205,-2.7207768037959807,0.04016975447154974
FORWARD-YEAR-B10,2016-IAH3,2016,G+E_T1,375,2.0868705145352187,1.754815445181764,-1.1674911852366003,-0.0025608982162068934
FORWARD-YEAR-B10,2016-IAH3,2016,G+E_T2,375,4.808436064532111,4.574260027949627,-10.507315639303412,-0.01986550731262318
FORWARD-YEAR-B10,2016-IAH4,2016,G,396,1.934722973774643,1.658299246758204,-1.2771818516216666,0.26247630246776776
FORWARD-YEAR-B10,2016-IAH4,2016,G+E_T0,396,1.8048396069838217,1.513242563419842,-0.9816975044468779,0.19853005591662068
FORWARD-YEAR-B10,2016-IAH4,2016,G+E_T1,396,1.3353149045682235,1.063421851586958,-0.08474468205955477,0.1964876628856639
FORWARD-YEAR-B10,2016-IAH4,2016,G+E_T2,396,6.494945036663629,6.37086870117328,-24.663217046575475,0.20576343208247547
FORWARD-YEAR-B10,2016-ILH1,2016,G,212,2.596009425741331,2.1852928081976657,-0.9760040269787669,0.1802537307836748
FORWARD-YEAR-B10,2016-ILH1,2016,G+E_T0,212,2.1042168722089887,1.703653389007671,-0.29824390541893586,0.2513814019372815
FORWARD-YEAR-B10,2016-ILH1,2016,G+E_T1,212,1.7970024624022063,1.361178990649999,0.05316862691286128,0.2377733170897303
FORWARD-YEAR-B10,2016-ILH1,2016,G+E_T2,212,8.738424863102857,8.550319601623022,-21.389356316237638,0.21602125757854995
FORWARD-YEAR-B10,2016-INH1,2016,G,235,1.728344377977355,1.3351190799999788,0.1461627766029403,0.45426759045909376
FORWARD-YEAR-B10,2016-INH1,2016,G+E_T0,235,2.6577917313530706,2.163677746786263,-1.0190934199999697,0.4133095532437153
FORWARD-YEAR-B10,2016-INH1,2016,G+E_T1,235,1.9215005093061959,1.4512760552752209,-0.05534760619274248,0.3779769693464121
FORWARD-YEAR-B10,2016-INH1,2016,G+E_T2,235,1.7969336493485217,1.3746341761316367,0.07704908592052717,0.3486922627956044
FORWARD-YEAR-B10,2016-MIH1,2016,G,234,2.2383677979874035,1.8735213827499302,-0.21388860199380066,0.17209292432492324
FORWARD-YEAR-B10,2016-MIH1,2016,G+E_T0,234,2.214518823980939,1.6588922410494904,-0.1881593433547739,0.15187957936830612
FORWARD-YEAR-B10,2016-MIH1,2016,G+E_T1,234,2.6841702525287454,2.0831129973556965,-0.7455651108202874,0.1717661357429018
FORWARD-YEAR-B10,2016-MIH1,2016,G+E_T2,234,5.2566434619555205,4.8644186698624035,-5.694728635532747,0.1955060570671128
FORWARD-YEAR-B10,2016-MNH1,2016,G,232,2.074436562818155,1.7394905099517457,-1.0019375353731408,0.18284035395343004
FORWARD-YEAR-B10,2016-MNH1,2016,G+E_T0,232,1.505368100208199,1.202786092478792,-0.05423061285106745,0.05298415983486832
FORWARD-YEAR-B10,2016-MNH1,2016,G+E_T1,232,2.671522298627082,2.249184914827922,-2.3202272724110973,0.02500959490466188
FORWARD-YEAR-B10,2016-MNH1,2016,G+E_T2,232,10.947728474487587,10.842849626360756,-54.756851332017945,0.034575397283886096
FORWARD-YEAR-B10,2016-NEH1,2016,G,231,2.0632372037651763,1.6321699198268882,-0.37669772075861063,0.3078482174342959
FORWARD-YEAR-B10,2016-NEH1,2016,G+E_T0,231,2.6856781054689454,2.232900897939611,-1.3326425327547797,0.31596091646300356
FORWARD-YEAR-B10,2016-NEH1,2016,G+E_T1,231,4.343605149525865,4.008015502046979,-5.101560916066801,0.28431450163255206
FORWARD-YEAR-B10,2016-NEH1,2016,G+E_T2,231,10.817742556171568,10.683367819156704,-36.84543978539839,0.25648978735730255
FORWARD-YEAR-B10,2016-NEH4,2016,G,214,1.592432506528573,1.2357821964362192,-0.17056944523283502,0.08472479525941344
FORWARD-YEAR-B10,2016-NEH4,2016,G+E_T0,214,1.676550300280181,1.3096540745445548,-0.29750276103465323,0.12098623484626972
FORWARD-YEAR-B10,2016-NEH4,2016,G+E_T1,214,1.7378322347501047,1.3661380623877304,-0.3940900013294628,0.09929741347138038
FORWARD-YEAR-B10,2016-NEH4,2016,G+E_T2,214,2.0303517665790243,1.691277909892813,-0.9029075556494794,0.06507602699412753
FORWARD-YEAR-B10,2016-NYH1,2016,G,224,1.4632113302122498,1.1424735439372766,-0.6359358584169295,0.1177236164028461
FORWARD-YEAR-B10,2016-NYH1,2016,G+E_T0,224,2.1371190465687913,1.833914894163455,-2.4898727431773433,0.10101619154921374
FORWARD-YEAR-B10,2016-NYH1,2016,G+E_T1,224,1.7243396849169197,1.402798182272105,-1.27194497027623,0.13383098345160205
FORWARD-YEAR-B10,2016-NYH1,2016,G+E_T2,224,1.8768830981891984,1.6081297325513997,-1.691699711201946,0.13260521837882872
FORWARD-YEAR-B10,2016-NYH2,2016,G,230,2.495724877788763,1.9529816552998638,-0.9075843255373295,0.07071231974031351
FORWARD-YEAR-B10,2016-NYH2,2016,G+E_T0,230,2.9698294351759027,2.44072629825885,-1.701178869484564,0.008671392025016034
FORWARD-YEAR-B10,2016-NYH2,2016,G+E_T1,230,3.2648383942242316,2.75716998657726,-2.2644777059187056,0.016711722618505644
FORWARD-YEAR-B10,2016-NYH2,2016,G+E_T2,230,2.3339349602033086,1.7898123506286476,-0.6682757143722815,0.0353575635121015
FORWARD-YEAR-B10,2016-NYH2L,2016,G,96,5.948291940128684,5.887268896072778,-106.30560130734693,0.009686976784745697
FORWARD-YEAR-B10,2016-NYH2L,2016,G+E_T0,96,6.534663130417931,6.495326832105391,-128.5043182462214,0.05938753457588776
FORWARD-YEAR-B10,2016-NYH2L,2016,G+E_T1,96,6.8692089707835535,6.832402780820601,-142.10384360849906,0.09585922916041514
FORWARD-YEAR-B10,2016-NYH2L,2016,G+E_T2,96,5.6081404596086255,5.564713200101926,-94.38401655666148,0.13116183460053096
FORWARD-YEAR-B10,2016-TXH1,2016,G,218,2.005591621313269,1.7265936681854919,-2.09814458549656,0.2501258192238264
FORWARD-YEAR-B10,2016-TXH1,2016,G+E_T0,218,2.739390368380343,2.514071959774118,-4.7799558011176515,0.2888520659954992
FORWARD-YEAR-B10,2016-TXH1,2016,G+E_T1,218,2.663033306963742,2.429914788174756,-4.46222851387222,0.2837003882987443
FORWARD-YEAR-B10,2016-TXH1,2016,G+E_T2,218,2.3388976612987715,2.080433281963174,-3.2134622546756173,0.26563397578717524
FORWARD-YEAR-B10,2016-TXH2,2016,G,234,2.33407264795172,1.8677465506691988,-0.5583413851378838,0.16482711137827777
FORWARD-YEAR-B10,2016-TXH2,2016,G+E_T0,234,1.933627275689463,1.5153741340058269,-0.06949656237596047,0.28107125954965584
FORWARD-YEAR-B10,2016-TXH2,2016,G+E_T1,234,2.0945997231242375,1.6532890207672748,-0.25497752830303577,0.3176078357445477
FORWARD-YEAR-B10,2016-TXH2,2016,G+E_T2,234,1.9134476643812113,1.501766539368821,-0.04729020581289256,0.30937585931937955
FORWARD-YEAR-B10,2016-WIH1,2016,G,308,2.4041724390110573,2.016468966514064,-0.5812589300877959,0.34210365154179195
FORWARD-YEAR-B10,2016-WIH1,2016,G+E_T0,308,1.791057464569275,1.4055573064705786,0.12241174378077802,0.3985005875374861
FORWARD-YEAR-B10,2016-WIH1,2016,G+E_T1,308,1.8335809577907871,1.4117086685481222,0.08024545425744667,0.3762580691939065
FORWARD-YEAR-B10,2016-WIH1,2016,G+E_T2,308,6.399131647230899,6.138712584128858,-10.202471625104508,0.3486919807796158
FORWARD-YEAR-B10,2016-WIH2,2016,G,418,2.331449269365786,1.9314174975451772,0.07052572322958695,0.4237503736447162
FORWARD-YEAR-B10,2016-WIH2,2016,G+E_T0,418,2.6773294215756,2.1370984109010736,-0.22571374523729748,0.39115443044276127
FORWARD-YEAR-B10,2016-WIH2,2016,G+E_T1,418,3.874494864729653,3.2519520002893425,-1.56693939080127,0.3519512763816246
FORWARD-YEAR-B10,2016-WIH2,2016,G+E_T2,418,10.973858171655507,10.726660680909474,-19.592265128872587,0.32750714502852735
FORWARD-YEAR-B10,2017-COH1,2017,G,209,2.229024518265587,1.8304221396539002,-1.7773811649782645,0.12989734689265725
FORWARD-YEAR-B10,2017-COH1,2017,G+E_T0,209,1.4299384795230514,1.1421332411778096,-0.14298492159487353,0.15128562434341858
FORWARD-YEAR-B10,2017-COH1,2017,G+E_T1,209,1.3778976233529774,1.022789898068113,-0.06130374563559782,0.149200031660361
FORWARD-YEAR-B10,2017-COH1,2017,G+E_T2,209,1.3509684361006897,1.020214175157063,-0.020225559274644755,0.17506561926922998
FORWARD-YEAR-B10,2017-DEH1,2017,G,168,3.2477967359105886,2.833404259225791,-1.3970668567420912,0.42275954133988053
FORWARD-YEAR-B10,2017-DEH1,2017,G+E_T0,168,3.186040020636678,2.6961345730343047,-1.3067733144168145,0.4488694609711485
FORWARD-YEAR-B10,2017-DEH1,2017,G+E_T1,168,2.170495031331277,1.748878504475766,-0.07058229564241669,0.4262823780740051
FORWARD-YEAR-B10,2017-DEH1,2017,G+E_T2,168,3.9463911387455046,3.482909029297602,-2.5391805592214167,0.41204449519799546
FORWARD-YEAR-B10,2017-GAH1,2017,G,130,2.5179038174010184,2.024510868414056,0.04183967937496946,0.29991188128151075
FORWARD-YEAR-B10,2017-GAH1,2017,G+E_T0,130,4.112048579191283,3.4471976880045574,-1.5555029272674257,0.2808321137648139
FORWARD-YEAR-B10,2017-GAH1,2017,G+E_T1,130,2.628671598644434,2.0819775841192003,-0.044317546527196994,0.26330883246718095
FORWARD-YEAR-B10,2017-GAH1,2017,G+E_T2,130,3.8403934316475494,3.1629977415671324,-1.2290065558126058,0.23851818414694717
FORWARD-YEAR-B10,2017-GAH2,2017,G,84,1.5621098008293988,1.198885072875904,0.04778029460191824,0.24554925402304073
FORWARD-YEAR-B10,2017-GAH2,2017,G+E_T0,84,2.2040826769927038,1.7414040644106183,-0.8957008841981768,0.20385644220459462
FORWARD-YEAR-B10,2017-GAH2,2017,G+E_T1,84,1.5983725440737198,1.2592249349630449,0.0030575885389799717,0.1675244183193997
FORWARD-YEAR-B10,2017-GAH2,2017,G+E_T2,84,2.823766718745351,2.3990038443793886,-2.111513436348832,0.1346160828685785
FORWARD-YEAR-B10,2017-IAH4,2017,G,326,3.2334172133846524,2.9101160451470744,-2.6728645734300875,0.41294350413414366
FORWARD-YEAR-B10,2017-IAH4,2017,G+E_T0,326,3.805856814609603,3.4829868511320092,-4.088459396483181,0.417860375323783
FORWARD-YEAR-B10,2017-IAH4,2017,G+E_T1,326,2.040464795645078,1.681761553634244,-0.46264737395162503,0.4135948621618523
FORWARD-YEAR-B10,2017-IAH4,2017,G+E_T2,326,3.7840784165628625,3.4484455520296753,-4.030390252456603,0.3596057507202095
FORWARD-YEAR-B10,2017-ILH1,2017,G,173,3.0012385782852453,2.6648524270227685,-4.623917395204765,-0.06513480320953578
FORWARD-YEAR-B10,2017-ILH1,2017,G+E_T0,173,3.2664864318268743,2.975071746246726,-5.661923014674685,-0.05928816548937913
FORWARD-YEAR-B10,2017-ILH1,2017,G+E_T1,173,1.9944676741348262,1.6293406126285968,-1.4836585879563486,-0.052499949510516036
FORWARD-YEAR-B10,2017-ILH1,2017,G+E_T2,173,4.637707706003128,4.4111233142620465,-12.429029861837417,-0.05168185654523101
FORWARD-YEAR-B10,2017-INH1,2017,G,163,3.8679922935688147,3.614684933374585,-4.539961252936272,0.4221976041929732
FORWARD-YEAR-B10,2017-INH1,2017,G+E_T0,163,3.2994657839636172,2.953780380694992,-3.031092696001913,0.3903439427193631
FORWARD-YEAR-B10,2017-INH1,2017,G+E_T1,163,2.3834609481994042,2.0430814053664506,-1.103544036752134,0.36447091324283215
FORWARD-YEAR-B10,2017-INH1,2017,G+E_T2,163,4.1633108789246,3.871361134543352,-5.418199459708974,0.3339641392183239
FORWARD-YEAR-B10,2017-MIH1,2017,G,184,2.5282357985458797,2.209067405713709,-0.9975562869349026,0.4005508666848817
FORWARD-YEAR-B10,2017-MIH1,2017,G+E_T0,184,1.62206904572512,1.2893141301926545,0.1777525295524076,0.4622006386523399
FORWARD-YEAR-B10,2017-MIH1,2017,G+E_T1,184,1.6240937873279406,1.2695384614094831,0.17569851375088896,0.473075676846897
FORWARD-YEAR-B10,2017-MIH1,2017,G+E_T2,184,1.8143709114182298,1.5177079215983407,-0.02876462409699121,0.4653354962191217
FORWARD-YEAR-B10,2017-MNH1,2017,G,212,1.8085421560832167,1.4378617991304792,-0.3669085005002719,0.22944972693153795
FORWARD-YEAR-B10,2017-MNH1,2017,G+E_T0,212,1.5358127731427822,1.1842807934572326,0.014268302644382835,0.19437387881586476
FORWARD-YEAR-B10,2017-MNH1,2017,G+E_T1,212,1.8142755691693495,1.4672711608369358,-0.37558894348417304,0.12712031965829407
FORWARD-YEAR-B10,2017-MNH1,2017,G+E_T2,212,1.9560564399179463,1.603147117864702,-0.5989870078941495,0.10318656792335107
FORWARD-YEAR-B10,2017-NYH1,2017,G,204,1.6176530841207792,1.286667248227926,-0.02114598859228356,0.14833870062490906
FORWARD-YEAR-B10,2017-NYH1,2017,G+E_T0,204,1.630856174233524,1.3207675155902738,-0.0378829552800104,0.15593092306195033
FORWARD-YEAR-B10,2017-NYH1,2017,G+E_T1,204,1.6041601126334983,1.297682069121696,-0.004182115524733687,0.17529789959513012
FORWARD-YEAR-B10,2017-NYH1,2017,G+E_T2,204,1.6197639184049175,1.3128567248173835,-0.023812662048927624,0.1585902148581786
FORWARD-YEAR-B10,2017-NYH2,2017,G,197,3.0483863825506097,2.7651016894383154,-3.110877147990214,0.22017131521388392
FORWARD-YEAR-B10,2017-NYH2,2017,G+E_T0,197,3.4071762473027434,3.1296300469712,-4.135511088760742,0.1713033597201033
FORWARD-YEAR-B10,2017-NYH2,2017,G+E_T1,197,3.3167085311791866,3.028138206008369,-3.866414395103094,0.14938352931428664
FORWARD-YEAR-B10,2017-NYH2,2017,G+E_T2,197,3.3875076359159255,3.089288071851082,-4.076390679965904,0.11111192132619399
FORWARD-YEAR-B10,2017-NYH3,2017,G,132,2.4376313454983363,2.108086670416029,-1.1409423929429612,0.1859720936386204
FORWARD-YEAR-B10,2017-NYH3,2017,G+E_T0,132,2.645267026320429,2.3307252710557416,-1.5212038804458174,0.259541460655582
FORWARD-YEAR-B10,2017-NYH3,2017,G+E_T1,132,2.5422811700185264,2.2330378749195443,-1.3287136647639604,0.2675615126308262
FORWARD-YEAR-B10,2017-NYH3,2017,G+E_T2,132,2.5255208912883753,2.218184701735109,-1.2981102554631434,0.25736363701990705
FORWARD-YEAR-B10,2017-TXH1-Dry,2017,G,133,2.5966348388107865,2.241312833202758,-2.0410966957382723,0.1059685960147017
FORWARD-YEAR-B10,2017-TXH1-Dry,2017,G+E_T0,133,3.677249348157252,3.3754038278661285,-5.098943768989294,0.12425186186099564
FORWARD-YEAR-B10,2017-TXH1-Dry,2017,G+E_T1,133,2.0194198063663364,1.673411516286061,-0.8393386337438924,0.06629358412563585
FORWARD-YEAR-B10,2017-TXH1-Dry,2017,G+E_T2,133,2.2729259210698123,1.9250498191110712,-1.3301239991863518,0.09008113040211622
FORWARD-YEAR-B10,2017-TXH1-Early,2017,G,178,2.9489698963770317,2.614158486675957,-3.4135374421149516,0.09878566458425611
FORWARD-YEAR-B10,2017-TXH1-Early,2017,G+E_T0,178,4.078738709803816,3.824127537972199,-7.443021712291733,0.10475999391811716
FORWARD-YEAR-B10,2017-TXH1-Early,2017,G+E_T1,178,2.2889403771186028,1.9150792863638548,-1.6589801624616722,0.023556724451961934
FORWARD-YEAR-B10,2017-TXH1-Early,2017,G+E_T2,178,2.582354135457131,2.2139914385542623,-2.384369217384175,0.03212701155997288
FORWARD-YEAR-B10,2017-TXH1-Late,2017,G,133,2.8633621945535777,2.663630435608828,-7.30537711430817,0.07781991095097028
FORWARD-YEAR-B10,2017-TXH1-Late,2017,G+E_T0,133,4.4262409992283684,4.2929830236951325,-18.846178670446026,0.04629093389279616
FORWARD-YEAR-B10,2017-TXH1-Late,2017,G+E_T1,133,3.1088110513191705,2.9217556003293605,-8.790287329324624,-0.007551041553439291
FORWARD-YEAR-B10,2017-TXH1-Late,2017,G+E_T2,133,3.9196598885387735,3.764368574373357,-14.563366793203935,-0.01559520192083017
FORWARD-YEAR-B10,2017-TXH2,2017,G,131,1.8692755728074664,1.5355639865073125,0.009695771920834817,0.16246373977833545
FORWARD-YEAR-B10,2017-TXH2,2017,G+E_T0,131,2.2236870858278186,1.8487948661237756,-0.40142325395671286,0.15735106044832028
FORWARD-YEAR-B10,2017-TXH2,2017,G+E_T1,131,1.9014082815565037,1.5404953428976864,-0.02464336937049061,0.09399832287227992
FORWARD-YEAR-B10,2017-TXH2,2017,G+E_T2,131,1.8863424524396348,1.5398614340936214,-0.008470152880678983,0.10377801119717131
FORWARD-YEAR-B10,2017-WIH1,2017,G,274,4.17108603603493,3.777362193247023,-2.8039713960630945,0.36896766557346206
FORWARD-YEAR-B10,2017-WIH1,2017,G+E_T0,274,4.032181898199257,3.643169786070377,-2.554832792200346,0.38816602647336595
FORWARD-YEAR-B10,2017-WIH1,2017,G+E_T1,274,3.065464480453654,2.684965223223077,-1.054620056263201,0.38399479638668255
FORWARD-YEAR-B10,2017-WIH1,2017,G+E_T2,274,2.8479663249301943,2.482401355185092,-0.7734079299436161,0.3699767310094067
FORWARD-YEAR-B10,2017-WIH2,2017,G,278,3.450011540254324,3.125730933047038,-3.2304529306940495,0.4417819492389928
FORWARD-YEAR-B10,2017-WIH2,2017,G+E_T0,278,2.756607369515592,2.4131661584882647,-1.700819729436112,0.46284415931136735
FORWARD-YEAR-B10,2017-WIH2,2017,G+E_T1,278,2.0096762932090546,1.6827492237516806,-0.4354827918697779,0.46459781547008216
FORWARD-YEAR-B10,2017-WIH2,2017,G+E_T2,278,2.139291982170744,1.7997288083087788,-0.6266192167463092,0.42604167794443953
FORWARD-YEAR-B10,2018-ARH2,2018,G,429,4.337969764836982,4.270874663074423,-43.500123550916385,-0.0603620869032204
FORWARD-YEAR-B10,2018-ARH2,2018,G+E_T0,429,3.990946047652463,3.922411755767903,-36.66516626034564,-0.04072015740690455
FORWARD-YEAR-B10,2018-ARH2,2018,G+E_T1,429,4.280994296308884,4.215708511934303,-42.338859049354895,-0.026837344045072067
FORWARD-YEAR-B10,2018-ARH2,2018,G+E_T2,429,5.088545960962216,5.034991795052349,-60.231595850957014,-0.028316722038713164
FORWARD-YEAR-B10,2018-DEH1,2018,G,595,2.6102539058219527,2.0143029002700565,-0.6845142508597108,0.32234785540116384
FORWARD-YEAR-B10,2018-DEH1,2018,G+E_T0,595,3.153920193734094,2.5835676565903567,-1.459294737646832,0.29585299016433614
FORWARD-YEAR-B10,2018-DEH1,2018,G+E_T1,595,3.2989864791192525,2.749466231894917,-1.6907308126665215,0.30850737364935554
FORWARD-YEAR-B10,2018-DEH1,2018,G+E_T2,595,3.1294570640393657,2.560460403083338,-1.4212920480451534,0.30118156316972367
FORWARD-YEAR-B10,2018-IAH2,2018,G,434,3.2199048172335036,2.842332815115708,-2.49897285941163,0.12008880051439351
FORWARD-YEAR-B10,2018-IAH2,2018,G+E_T0,434,2.9552225397927163,2.571104326561839,-1.9473715505776923,0.11700140308127681
FORWARD-YEAR-B10,2018-IAH2,2018,G+E_T1,434,3.021685487486575,2.6370811294956615,-2.0814350890097653,0.10595628207884285
FORWARD-YEAR-B10,2018-IAH2,2018,G+E_T2,434,2.9625233645304276,2.5774097080115252,-1.9619523972354949,0.1098293486592528
FORWARD-YEAR-B10,2018-IAH4,2018,G,804,2.817396983033129,2.5288498494766483,-3.7831859689082306,0.006591095595157163
FORWARD-YEAR-B10,2018-IAH4,2018,G+E_T0,804,2.2768013417342523,1.9681084304909569,-2.123715361875429,0.011126875538244468
FORWARD-YEAR-B10,2018-IAH4,2018,G+E_T1,804,2.9479478683046247,2.66828160738827,-4.236737133777057,-0.001547262875422077
FORWARD-YEAR-B10,2018-IAH4,2018,G+E_T2,804,2.7008001711652474,2.4079455754152916,-3.3954776991841493,0.0038335729885079555
FORWARD-YEAR-B10,2018-ILH1,2018,G,394,2.9325809832317455,2.5816754813827796,-2.4855579865138937,-0.1033228276267137
FORWARD-YEAR-B10,2018-ILH1,2018,G+E_T0,394,2.476390822002178,2.106404013075424,-1.4854821910424798,-0.11432419183333847
FORWARD-YEAR-B10,2018-ILH1,2018,G+E_T1,394,2.7300306107354393,2.3689817778945583,-2.0206980654013704,-0.13052114268121484
FORWARD-YEAR-B10,2018-ILH1,2018,G+E_T2,394,2.516988158178534,2.1477690802624902,-1.5676429326875043,-0.12567246565269197
FORWARD-YEAR-B10,2018-INH1,2018,G,407,2.5778993106993005,2.2434314992160806,-2.719137229543267,-0.034704534649766555
FORWARD-YEAR-B10,2018-INH1,2018,G+E_T0,407,2.5020590471411217,2.1657204031683843,-2.5035265400492484,-0.026453218061703032
FORWARD-YEAR-B10,2018-INH1,2018,G+E_T1,407,2.660569848119407,2.3326407079325757,-2.9614997469378017,-0.01762473188147533
FORWARD-YEAR-B10,2018-INH1,2018,G+E_T2,407,2.5843777589443024,2.2530643997689808,-2.737853641967009,-0.01952617886983971
FORWARD-YEAR-B10,2018-MIH1,2018,G,375,1.9731528393614182,1.684782834679031,-1.3128636092685735,0.10210667179751919
FORWARD-YEAR-B10,2018-MIH1,2018,G+E_T0,375,2.846854756920384,2.573584779808214,-3.8145886809960663,0.0769936477577486
FORWARD-YEAR-B10,2018-MIH1,2018,G+E_T1,375,1.8505880925686486,1.5627197015264431,-1.034455037873263,0.09144813324611747
FORWARD-YEAR-B10,2018-MIH1,2018,G+E_T2,375,1.3996097951994937,1.1311893194945746,-0.16370396992098324,0.08361863298124747
FORWARD-YEAR-B10,2018-MNH1,2018,G,916,1.8077041892559378,1.3749442986502578,-0.13817250389909508,0.20842866460083867
FORWARD-YEAR-B10,2018-MNH1,2018,G+E_T0,916,1.7255016735015412,1.419050926479618,-0.03701283198382321,0.16390053586747907
FORWARD-YEAR-B10,2018-MNH1,2018,G+E_T1,916,1.7641624520307497,1.3565595009056333,-0.08400306351646014,0.15830129873952287
FORWARD-YEAR-B10,2018-MNH1,2018,G+E_T2,916,2.1288521221690018,1.625580095348322,-0.5784991425750543,0.15979518358352404
FORWARD-YEAR-B10,2018-MOH1,2018,G,790,1.6803412408540679,1.3583363894507219,-0.720344654836969,-0.014702509825415813
FORWARD-YEAR-B10,2018-MOH1,2018,G+E_T0,790,1.975169116406561,1.6438266786071294,-1.376999346081429,-0.01362715794900483
FORWARD-YEAR-B10,2018-MOH1,2018,G+E_T1,790,1.52516175170289,1.2173029920660665,-0.4172690406104027,-0.017330835130292075
FORWARD-YEAR-B10,2018-MOH1,2018,G+E_T2,790,1.541165285802538,1.230985124139641,-0.44716791657318544,-0.017414023535145078
FORWARD-YEAR-B10,2018-NCH1,2018,G,639,2.813410385290413,2.3300487069409335,-0.7089274384926421,0.3089112235365177
FORWARD-YEAR-B10,2018-NCH1,2018,G+E_T0,639,3.3467038258180635,2.8321086273599727,-1.4181988521874724,0.2882381039697988
FORWARD-YEAR-B10,2018-NCH1,2018,G+E_T1,639,2.9794947771379516,2.4824189067458122,-0.91664953130454,0.3087937755981904
FORWARD-YEAR-B10,2018-NCH1,2018,G+E_T2,639,2.6517991541757207,2.183925063043694,-0.5182339750271465,0.301297938906022
FORWARD-YEAR-B10,2018-NYH1,2018,G,373,1.8685041710208685,1.4662250825595453,-0.07534312967106538,0.017336423629468276
FORWARD-YEAR-B10,2018-NYH1,2018,G+E_T0,373,1.9322635224666262,1.4960358798398643,-0.14998356061455365,0.0038020372246471952
FORWARD-YEAR-B10,2018-NYH1,2018,G+E_T1,373,1.887245798097357,1.4763872393919153,-0.09702330977883467,-0.011638046746638053
FORWARD-YEAR-B10,2018-NYH1,2018,G+E_T2,373,1.8355669602094482,1.4608889415584125,-0.037765874059026316,-0.009764409273050882
FORWARD-YEAR-B10,2018-NYH2,2018,G,395,1.990122009582552,1.5552665518567719,-0.09554005425908607,0.20497939502538465
FORWARD-YEAR-B10,2018-NYH2,2018,G+E_T0,395,2.1280796323459086,1.6787130722327692,-0.25269286919183354,0.19456229494275507
FORWARD-YEAR-B10,2018-NYH2,2018,G+E_T1,395,2.1389225276236576,1.6880188670053473,-0.2654907181711508,0.1875843337448545
FORWARD-YEAR-B10,2018-NYH2,2018,G+E_T2,395,2.1580323673116633,1.704189471711637,-0.28820435584526094,0.18825300123450273
FORWARD-YEAR-B10,2018-NYH3,2018,G,416,1.6092586432640439,1.2712446875350298,-0.0013138223151529793,0.10118302397951891
FORWARD-YEAR-B10,2018-NYH3,2018,G+E_T0,416,3.7654235184339098,3.43662005227367,-4.482090139719281,0.11070371586456737
FORWARD-YEAR-B10,2018-NYH3,2018,G+E_T1,416,3.514817362568267,3.168227254427609,-3.7766567786369114,0.10597264961375523
FORWARD-YEAR-B10,2018-NYH3,2018,G+E_T2,416,3.4743254429703225,3.1257322111957184,-3.6672332310941007,0.10864505689932169
FORWARD-YEAR-B10,2018-OHH1,2018,G,380,2.9178635327026474,2.6098129850017187,-3.293856711712005,-0.07810140855014569
FORWARD-YEAR-B10,2018-OHH1,2018,G+E_T0,380,3.7728408779610216,3.503559781521334,-6.1788449433117325,-0.10501681562826395
FORWARD-YEAR-B10,2018-OHH1,2018,G+E_T1,380,2.7174829631983615,2.4015761783405827,-2.724356583630785,-0.11186537744914961
FORWARD-YEAR-B10,2018-OHH1,2018,G+E_T2,380,1.9583269159718142,1.652451767701641,-0.9341403323869302,-0.1117309973657479
FORWARD-YEAR-B10,2018-SCH1,2018,G,378,3.1633593002561446,2.870423627571862,-4.542698352884641,0.11375053378618344
FORWARD-YEAR-B10,2018-SCH1,2018,G+E_T0,378,2.4531514089576794,2.130993875002799,-2.333288515668438,0.1250478182322921
FORWARD-YEAR-B10,2018-SCH1,2018,G+E_T1,378,2.7726013840779475,2.4643940866603358,-3.25793541674092,0.13666536701967077
FORWARD-YEAR-B10,2018-SCH1,2018,G+E_T2,378,3.3781722519816175,3.1037312249868942,-5.3210289469661,0.13249019955590294
FORWARD-YEAR-B10,2018-TXH1-Dry,2018,G,369,2.1208421137783895,1.7573473389175815,-1.6926051695496769,-0.10990881005008639
FORWARD-YEAR-B10,2018-TXH1-Dry,2018,G+E_T0,369,1.838308148483097,1.483113270286542,-1.0229848132603974,-0.11626535014677171
FORWARD-YEAR-B10,2018-TXH1-Dry,2018,G+E_T1,369,1.9605570090024516,1.5942256382389168,-1.300991150611142,-0.11916065443333577
FORWARD-YEAR-B10,2018-TXH1-Dry,2018,G+E_T2,369,1.8574279366882016,1.4983497045843799,-1.0652847799686516,-0.12089394699984478
FORWARD-YEAR-B10,2018-TXH1-Early,2018,G,404,1.2730242592683654,0.974190428313383,-0.09613095932758031,-0.028136450369200625
FORWARD-YEAR-B10,2018-TXH1-Early,2018,G+E_T0,404,1.303050470437307,1.0097444402930733,-0.14844859106321562,-0.009859652360515624
FORWARD-YEAR-B10,2018-TXH1-Early,2018,G+E_T1,404,1.2734691004626122,0.977784677440671,-0.09689714959427942,-0.004233993478271105
FORWARD-YEAR-B10,2018-TXH1-Early,2018,G+E_T2,404,1.2962480885262202,1.0032364115851575,-0.1364892772547479,-0.003242812596922945
FORWARD-YEAR-B10,2018-TXH1-Late,2018,G,434,2.7397912984902844,2.4960047933427805,-4.659582099246942,0.08180011011126265
FORWARD-YEAR-B10,2018-TXH1-Late,2018,G+E_T0,434,2.776084364371337,2.5380946339555597,-4.8105162533648365,0.09953133391234895
FORWARD-YEAR-B10,2018-TXH1-Late,2018,G+E_T1,434,2.147117733363679,1.867649765668822,-2.475850733778127,0.09821340898933147
FORWARD-YEAR-B10,2018-TXH1-Late,2018,G+E_T2,434,2.36352128280988,2.099485896612507,-3.2118067369160253,0.10306857138438588
FORWARD-YEAR-B10,2018-TXH2,2018,G,443,1.6995795488393544,1.3252190807817514,-0.20349255164911906,-0.07282409561735999
FORWARD-YEAR-B10,2018-TXH2,2018,G+E_T0,443,1.810070665058087,1.4505626155976052,-0.3650591605519682,-0.07207057832228876
FORWARD-YEAR-B10,2018-TXH2,2018,G+E_T1,443,1.6866794440314692,1.3301179512634094,-0.1852924495686219,-0.06811275397747275
FORWARD-YEAR-B10,2018-TXH2,2018,G+E_T2,443,1.7245022800242074,1.3661404810514863,-0.23904751062187546,-0.06966167522485961
FORWARD-YEAR-B10,2018-WIH1,2018,G,401,3.4146070988858286,3.0161422185569897,-2.584482320962922,-0.014124394201943244
FORWARD-YEAR-B10,2018-WIH1,2018,G+E_T0,401,2.793523986912022,2.3766389284637266,-1.3991078658592921,-0.04592940496304233
FORWARD-YEAR-B10,2018-WIH1,2018,G+E_T1,401,3.1364934224842855,2.7261868444669464,-2.0243616834568274,-0.046543269431805825
FORWARD-YEAR-B10,2018-WIH1,2018,G+E_T2,401,3.0246852376258144,2.6126812409094793,-1.8125829413019945,-0.05241406915146901
FORWARD-YEAR-B10,2018-WIH2,2018,G,815,1.9004656442121384,1.4383674653463667,-0.07967842850964857,0.16261401192996777
FORWARD-YEAR-B10,2018-WIH2,2018,G+E_T0,815,1.8456097216163108,1.4359677742369692,-0.01824929172279055,0.13828134706668327
FORWARD-YEAR-B10,2018-WIH2,2018,G+E_T1,815,1.9183033242333325,1.451410634705555,-0.10004116458466839,0.14576598333641
FORWARD-YEAR-B10,2018-WIH2,2018,G+E_T2,815,2.441264470361867,1.9346759613034665,-0.7815747114814717,0.1395947831295248
FORWARD-YEAR-B10,2019-DEH1,2019,G,814,2.846214745030108,2.403230831809998,-1.312320583621879,0.024907166271690748
FORWARD-YEAR-B10,2019-DEH1,2019,G+E_T0,814,3.121972396877529,2.67395032166516,-1.7820878175925396,0.05124590035178349
FORWARD-YEAR-B10,2019-DEH1,2019,G+E_T1,814,2.9422787718463326,2.4962220635933856,-1.47104328831429,0.056808727698955716
FORWARD-YEAR-B10,2019-DEH1,2019,G+E_T2,814,2.9442111822963195,2.497494685852588,-1.4742901852350485,0.03098077882436555
FORWARD-YEAR-B10,2019-GAH2,2019,G,390,3.666724278762207,3.3642350795048763,-5.339061637497453,-0.09755199770370326
FORWARD-YEAR-B10,2019-GAH2,2019,G+E_T0,390,4.236618726292357,3.965229275308584,-7.462666556521624,-0.1016129088155158
FORWARD-YEAR-B10,2019-GAH2,2019,G+E_T1,390,4.063137283170443,3.782462277168786,-6.783796242670687,-0.10667456725860922
FORWARD-YEAR-B10,2019-GAH2,2019,G+E_T2,390,4.275955813851552,4.0083583203066455,-7.620548184723612,-0.07806741920353955
FORWARD-YEAR-B10,2019-IAH4,2019,G,1140,3.1186124800936623,2.863589119712742,-4.719422119919847,0.018986197632444274
FORWARD-YEAR-B10,2019-IAH4,2019,G+E_T0,1140,2.512256946332394,2.234392312773601,-2.711568131180041,0.04853503081818929
FORWARD-YEAR-B10,2019-IAH4,2019,G+E_T1,1140,2.4524546288050044,2.173192222298005,-2.5369692873837,0.0515925516625326
FORWARD-YEAR-B10,2019-IAH4,2019,G+E_T2,1140,1.9425777425969506,1.6520127737387533,-1.219147362368334,0.03883316001373464
FORWARD-YEAR-B10,2019-ILH1,2019,G,448,4.908091264611191,4.628031862384352,-7.44925914204355,0.2329450415011118
FORWARD-YEAR-B10,2019-ILH1,2019,G+E_T0,448,3.5418504839609724,3.1878226015009,-3.4000115716065924,0.2367764537121225
FORWARD-YEAR-B10,2019-ILH1,2019,G+E_T1,448,4.091826197513018,3.7683197948259735,-4.87256358721377,0.24019708394940983
FORWARD-YEAR-B10,2019-ILH1,2019,G+E_T2,448,2.014335209935032,1.643862474390748,-0.4231702580403214,0.23212933642535918
FORWARD-YEAR-B10,2019-INH1,2019,G,440,5.601632406764855,5.383317641423723,-11.979992042008545,0.09918521347609861
FORWARD-YEAR-B10,2019-INH1,2019,G+E_T0,440,5.099962063520653,4.863761425747327,-9.7591783209317,0.12550116736091704
FORWARD-YEAR-B10,2019-INH1,2019,G+E_T1,440,4.792620859562425,4.542158967443703,-8.50148225650127,0.12938987174975639
FORWARD-YEAR-B10,2019-INH1,2019,G+E_T2,440,4.5273773690947,4.2620081139325094,-7.4788822797111045,0.12238287511368094
FORWARD-YEAR-B10,2019-MIH1,2019,G,454,2.2391492647518194,1.8559252431762117,-0.6040160278455267,0.08916629558183418
FORWARD-YEAR-B10,2019-MIH1,2019,G+E_T0,454,1.7777805126337893,1.4291888606028649,-0.011111141177506445,0.09884801417057415
FORWARD-YEAR-B10,2019-MIH1,2019,G+E_T1,454,1.8323306878091004,1.479711293597238,-0.0741138673651891,0.09665872903490957
FORWARD-YEAR-B10,2019-MIH1,2019,G+E_T2,454,1.7683684620361282,1.41715290779367,-0.0004332905099220241,0.1088958996942165
FORWARD-YEAR-B10,2019-MNH1,2019,G,1001,1.825651807349867,1.4195654539383862,0.003483092551275324,0.18029760570374576
FORWARD-YEAR-B10,2019-MNH1,2019,G+E_T0,1001,1.8268862259664225,1.4113895784132522,0.0021350426206165896,0.08253568580432576
FORWARD-YEAR-B10,2019-MNH1,2019,G+E_T1,1001,1.8276484482409656,1.4153744411853353,0.0013022008637281202,0.08689229506803764
FORWARD-YEAR-B10,2019-MNH1,2019,G+E_T2,1001,1.8394912538413413,1.4356490621102944,-0.011682466369071998,0.11621129706474596
FORWARD-YEAR-B10,2019-MOH1,2019,G,515,2.378166629099725,2.0340039292754613,-0.7129818051283474,-0.1591037491066876
FORWARD-YEAR-B10,2019-MOH1,2019,G+E_T0,515,1.913854671018807,1.4842159015325809,-0.10939473761693219,-0.12000289620064125
FORWARD-YEAR-B10,2019-MOH1,2019,G+E_T1,515,1.875877103588236,1.468318059393715,-0.06580303770879148,-0.12115200271925554
FORWARD-YEAR-B10,2019-MOH1,2019,G+E_T2,515,1.869275974611832,1.4707741395329177,-0.058315207627976484,-0.11269112602420525
FORWARD-YEAR-B10,2019-NEH1,2019,G,308,3.3265830806333248,2.8633372250567932,-1.327722334429918,0.12286112644296614
FORWARD-YEAR-B10,2019-NEH1,2019,G+E_T0,308,2.6130235014839025,2.174701519625043,-0.43622028571362814,0.13749939957022153
FORWARD-YEAR-B10,2019-NEH1,2019,G+E_T1,308,2.6924369043472365,2.254281826606525,-0.5248442777393318,0.14257932497984502
FORWARD-YEAR-B10,2019-NEH1,2019,G+E_T2,308,2.303607580734301,1.8302928037410688,-0.11622417225090009,0.14374452322607553
FORWARD-YEAR-B10,2019-NEH2,2019,G,170,3.0881560373761663,2.7931001863367784,-3.2664320898511727,0.32695262568577427
FORWARD-YEAR-B10,2019-NEH2,2019,G+E_T0,170,2.2509564231520964,1.926507032294963,-1.2667339009609742,0.30231983602340584
FORWARD-YEAR-B10,2019-NEH2,2019,G+E_T1,170,2.291445775408191,1.96490922502783,-1.349013616092138,0.2998784676839251
FORWARD-YEAR-B10,2019-NEH2,2019,G+E_T2,170,1.761918220787865,1.4323429808143795,-0.3887940865948134,0.2874418418853679
FORWARD-YEAR-B10,2019-NEH2L,2019,G,174,2.3957281398392594,1.9236665046915613,-0.2251994818912435,0.14463594296323778
FORWARD-YEAR-B10,2019-NEH2L,2019,G+E_T0,174,2.3547453193097225,1.8859488916902112,-0.1836399663244821,0.1336148261248466
FORWARD-YEAR-B10,2019-NEH2L,2019,G+E_T1,174,2.160189166589839,1.6997897586330524,0.003871642004190212,0.12819423345942096
FORWARD-YEAR-B10,2019-NEH2L,2019,G+E_T2,174,2.1511759277460416,1.669028196301748,0.012166852621154245,0.13469064310082648
FORWARD-YEAR-B10,2019-NYH1,2019,G,201,1.7190650325131043,1.4148528944812242,-0.4733355561085022,0.23262870546754652
FORWARD-YEAR-B10,2019-NYH1,2019,G+E_T0,201,1.8401167472442828,1.5304775560781367,-0.6881374826492466,0.23363554790148594
FORWARD-YEAR-B10,2019-NYH1,2019,G+E_T1,201,1.8472918698636405,1.5406288118612936,-0.7013281768000139,0.2295198073251459
FORWARD-YEAR-B10,2019-NYH1,2019,G+E_T2,201,1.7143419101473558,1.4074554206950791,-0.46525071414036345,0.23935779966115472
FORWARD-YEAR-B10,2019-NYH2,2019,G,402,4.332003765405496,3.9914865345837445,-4.736295099458834,0.0619262354002176
FORWARD-YEAR-B10,2019-NYH2,2019,G+E_T0,402,4.002985348248557,3.6504829728481143,-3.8980344491363823,0.05720606801645649
FORWARD-YEAR-B10,2019-NYH2,2019,G+E_T1,402,4.167577456916778,3.822583291694416,-4.309103534017863,0.06202835923034711
FORWARD-YEAR-B10,2019-NYH2,2019,G+E_T2,402,3.6724281839131643,3.3048745718462897,-3.122498038916728,0.06431720264555947
FORWARD-YEAR-B10,2019-NYH3,2019,G,573,4.205859223021443,3.7504767089383275,-3.0956923881610656,0.05840771810154627
FORWARD-YEAR-B10,2019-NYH3,2019,G+E_T0,573,3.710554384848966,3.2324688727814106,-2.187832321018665,0.06063776964045495
FORWARD-YEAR-B10,2019-NYH3,2019,G+E_T1,573,3.872854669476459,3.402732629751235,-2.472803954038772,0.06702451520158254
FORWARD-YEAR-B10,2019-NYH3,2019,G+E_T2,573,3.5000959777599716,3.017432111873842,-1.8364672523559245,0.06124484641525543
FORWARD-YEAR-B10,2019-OHH1,2019,G,367,3.2339020887199665,2.952451259668772,-2.698183915182497,0.11237408962034477
FORWARD-YEAR-B10,2019-OHH1,2019,G+E_T0,367,3.6941373892346254,3.4291599828017594,-3.825705986167968,0.11149501784755698
FORWARD-YEAR-B10,2019-OHH1,2019,G+E_T1,367,3.5002103583984696,3.2288555153725325,-3.332345292600757,0.11149251127899466
FORWARD-YEAR-B10,2019-OHH1,2019,G+E_T2,367,3.358957280691105,3.0794540054479054,-2.9897320792362527,0.09543338262607265
FORWARD-YEAR-B10,2019-SCH1,2019,G,365,5.40212671346805,5.307995357643352,-29.466400432603916,0.05034066584717738
FORWARD-YEAR-B10,2019-SCH1,2019,G+E_T0,365,4.877768367198328,4.775839201129563,-23.838991450832008,0.10046244262463093
FORWARD-YEAR-B10,2019-SCH1,2019,G+E_T1,365,5.108361435192209,5.0110921119003455,-26.24299478977301,0.09464494423179391
FORWARD-YEAR-B10,2019-SCH1,2019,G+E_T2,365,4.912411816538171,4.810944440004861,-24.193073103666066,0.09940591433632003
FORWARD-YEAR-B10,2019-TXH1,2019,G,571,1.7909851041545017,1.3342312844443511,-0.03886022317623006,-0.027009178902710113
FORWARD-YEAR-B10,2019-TXH1,2019,G+E_T0,571,1.811233111499727,1.4061710661725286,-0.062482702530030965,-0.004125797368969048
FORWARD-YEAR-B10,2019-TXH1,2019,G+E_T1,571,1.7847956594670586,1.3588859298129485,-0.031692260418025864,-0.004024299770791533
FORWARD-YEAR-B10,2019-TXH1,2019,G+E_T2,571,1.7857846148922651,1.3603071515334775,-0.03283589871205628,0.004046132551581987
FORWARD-YEAR-B10,2019-TXH2,2019,G,438,1.4722329696325176,1.1937470726056185,-0.06699362727328428,-0.0353755963230239
FORWARD-YEAR-B10,2019-TXH2,2019,G+E_T0,438,1.5912166631177433,1.2822715701392926,-0.2464285357866558,-0.0004447466224402877
FORWARD-YEAR-B10,2019-TXH2,2019,G+E_T1,438,1.5224515467887416,1.232313108280174,-0.14102643626662448,-0.0037000885858978734
FORWARD-YEAR-B10,2019-TXH2,2019,G+E_T2,438,1.527608054019122,1.2333980534854532,-0.14876878455471365,0.003875398952988884
FORWARD-YEAR-B10,2019-TXH3,2019,G,445,1.5750934037852664,1.2406886055949236,-0.0623907390195344,-0.028985784947128963
FORWARD-YEAR-B10,2019-TXH3,2019,G+E_T0,445,1.6898383464667184,1.3493389724993257,-0.22281842207790348,0.002799131239890676
FORWARD-YEAR-B10,2019-TXH3,2019,G+E_T1,445,1.6237161896504662,1.2878035281473665,-0.1289946725742548,0.003737852305443317
FORWARD-YEAR-B10,2019-TXH3,2019,G+E_T2,445,1.6290930396496435,1.2906836617287574,-0.13648426466522823,0.007170594099777868
FORWARD-YEAR-B10,2019-WIH1,2019,G,580,4.0632786212642245,3.604094729741731,-2.39063944206742,0.05861424016338155
FORWARD-YEAR-B10,2019-WIH1,2019,G+E_T0,580,2.8647057156627533,2.4593747925608644,-0.6853435081866135,0.0616465663429999
FORWARD-YEAR-B10,2019-WIH1,2019,G+E_T1,580,2.88131109386779,2.4758772361383623,-0.7049384540112305,0.06311521970390822
FORWARD-YEAR-B10,2019-WIH1,2019,G+E_T2,580,2.8587984236419577,2.4527347108148403,-0.6784000017104512,0.06428719489288351
FORWARD-YEAR-B10,2019-WIH2,2019,G,1113,1.739957191733868,1.3756540436293336,-0.0895083173489879,0.2639216193215313
FORWARD-YEAR-B10,2019-WIH2,2019,G+E_T0,1113,2.3280684883056324,1.903703005915903,-0.9504953893853914,0.1948391821751722
FORWARD-YEAR-B10,2019-WIH2,2019,G+E_T1,1113,2.184347921156526,1.765771414650128,-0.7171057809648786,0.20239814267064637
FORWARD-YEAR-B10,2019-WIH2,2019,G+E_T2,1113,2.78647251482435,2.371725623209752,-1.7942351425043626,0.21614957641990218
FORWARD-YEAR-B10,2020-DEH1,2020,G,1143,1.750360124475468,1.3758636638983128,0.16548147845639938,0.48338100857841904
FORWARD-YEAR-B10,2020-DEH1,2020,G+E_T0,1143,2.070142066820055,1.58101772029465,-0.1672972417796572,0.47944526183881603
FORWARD-YEAR-B10,2020-DEH1,2020,G+E_T1,1143,2.256018215772571,1.740053123195747,-0.3863291717655355,0.48028977669981304
FORWARD-YEAR-B10,2020-DEH1,2020,G+E_T2,1143,2.0444582168018464,1.5598308662205917,-0.13851206274884453,0.47663029830737186
FORWARD-YEAR-B10,2020-INH1,2020,G,415,3.529322721630154,3.177590251255433,-3.635814727054317,0.08299425144015775
FORWARD-YEAR-B10,2020-INH1,2020,G+E_T0,415,3.8587905217957905,3.5294201132628116,-4.5417347242683155,0.10831624748620901
FORWARD-YEAR-B10,2020-INH1,2020,G+E_T1,415,3.808599019703593,3.4765154924602655,-4.398508993154379,0.10291249693723403
FORWARD-YEAR-B10,2020-INH1,2020,G+E_T2,415,3.8219674674258948,3.4905337488660155,-4.436473790807932,0.10983930629060677
FORWARD-YEAR-B10,2020-MIH1,2020,G,415,1.7508622956349056,1.4564705199611145,-0.9260283506245952,0.17428838632896126
FORWARD-YEAR-B10,2020-MIH1,2020,G+E_T0,415,2.278014855482395,1.98187283224071,-2.2604068620732622,0.20316639954425575
FORWARD-YEAR-B10,2020-MIH1,2020,G+E_T1,415,2.566167822638504,2.281427889106352,-3.1374123339394764,0.1984931089454939
FORWARD-YEAR-B10,2020-MIH1,2020,G+E_T2,415,2.5104630136691193,2.2230754532395687,-2.9597370707734973,0.2025791072164422
FORWARD-YEAR-B10,2020-MNH1,2020,G,392,2.063035843266991,1.7523233253561559,-0.968797285285167,0.08763146431410093
FORWARD-YEAR-B10,2020-MNH1,2020,G+E_T0,392,1.5393640244792615,1.222553027691335,-0.09615033346573809,0.020550083977331803
FORWARD-YEAR-B10,2020-MNH1,2020,G+E_T1,392,1.815841918745445,1.509618580686457,-0.5252587673125779,0.032515829396040426
FORWARD-YEAR-B10,2020-MNH1,2020,G+E_T2,392,1.4855418917856726,1.1554302143857689,-0.020839018811402488,0.03118873497135644
FORWARD-YEAR-B10,2020-NEH1,2020,G,246,1.8622322408011067,1.4045315963505252,-0.03915257330022737,0.28985258378249756
FORWARD-YEAR-B10,2020-NEH1,2020,G+E_T0,246,2.7156606556530067,2.1897723414809294,-1.2098491843255896,0.24747598177866303
FORWARD-YEAR-B10,2020-NEH1,2020,G+E_T1,246,2.8037495208421594,2.2828377046491934,-1.3555377004630293,0.25144334812755537
FORWARD-YEAR-B10,2020-NEH1,2020,G+E_T2,246,2.76573020153546,2.2439977498058306,-1.292087850581865,0.2557697321169191
FORWARD-YEAR-B10,2020-NEH2,2020,G,245,1.6283392200539046,1.3691307297327169,-0.9287007038951665,-0.05843381841455611
FORWARD-YEAR-B10,2020-NEH2,2020,G+E_T0,245,1.2669228396171612,0.9657755600307181,-0.1675497716629475,-0.07304045409993844
FORWARD-YEAR-B10,2020-NEH2,2020,G+E_T1,245,1.264325156954245,0.9698108403840776,-0.16276682139828735,-0.06779908115336054
FORWARD-YEAR-B10,2020-NEH2,2020,G+E_T2,245,1.4463691867595219,1.1817852188299596,-0.5217152549647786,-0.06303630236893835
FORWARD-YEAR-B10,2020-NYH1,2020,G,22,2.7963863232265167,2.1663805481783394,-1.444097726055905,-0.1364855190740975
FORWARD-YEAR-B10,2020-NYH1,2020,G+E_T0,22,2.8669141266459293,2.2409498221761215,-1.568937849281482,-0.021949566235591963
FORWARD-YEAR-B10,2020-NYH1,2020,G+E_T1,22,3.0264891588430753,2.4105239336761795,-1.8628755751489243,-0.024260392886504605
FORWARD-YEAR-B10,2020-NYH1,2020,G+E_T2,22,3.0477054195297337,2.4373661593578313,-1.9031548618417227,-0.017786571462031046
FORWARD-YEAR-B10,2020-NYH2,2020,G,386,2.402430884938175,1.8528837588146019,-0.2679988823353352,0.13602818452958262
FORWARD-YEAR-B10,2020-NYH2,2020,G+E_T0,386,2.611275650506712,2.0564010304805374,-0.49803687577250333,0.09873332835166207
FORWARD-YEAR-B10,2020-NYH2,2020,G+E_T1,386,2.727316403706774,2.1711601337092317,-0.6341356898048085,0.1039742708329763
FORWARD-YEAR-B10,2020-NYH2,2020,G+E_T2,386,2.7499481588027037,2.1937034148628567,-0.661368911376607,0.10303950571381584
FORWARD-YEAR-B10,2020-NYH3,2020,G,379,2.5809256416292476,1.951965848567535,-0.3435894722338573,-0.01629174264807625
FORWARD-YEAR-B10,2020-NYH3,2020,G+E_T0,379,2.6840789633258515,2.048885637627064,-0.4531357386328385,-0.020210439465978444
FORWARD-YEAR-B10,2020-NYH3,2020,G+E_T1,379,2.7880050700721983,2.14803075357084,-0.5678435579991623,-0.019246452264785746
FORWARD-YEAR-B10,2020-NYH3,2020,G+E_T2,379,2.829361683230751,2.189351706236777,-0.6147025942937556,-0.02131052497081683
FORWARD-YEAR-B10,2020-OHH1,2020,G,396,4.108388401657716,3.908299708179227,-9.522182716413228,0.1072019472413759
FORWARD-YEAR-B10,2020-OHH1,2020,G+E_T0,396,3.7754585362002078,3.560937680665121,-7.885917157163451,0.1232271056162944
FORWARD-YEAR-B10,2020-OHH1,2020,G+E_T1,396,3.8545839972087865,3.6440857892534457,-8.262279412434097,0.12342741442467331
FORWARD-YEAR-B10,2020-OHH1,2020,G+E_T2,396,2.79913725257643,2.5321260604699285,-3.884400176580378,0.11673976615817559
FORWARD-YEAR-B10,2020-SCH1,2020,G,398,4.2447286456397615,4.036424193977935,-10.340270202828439,-0.046047188253348546
FORWARD-YEAR-B10,2020-SCH1,2020,G+E_T0,398,2.540140294783995,2.2411398174887935,-3.0610556978194587,-0.042825098930317454
FORWARD-YEAR-B10,2020-SCH1,2020,G+E_T1,398,3.804391183079848,3.5769741874953667,-8.10948596836151,-0.03984266616977037
FORWARD-YEAR-B10,2020-SCH1,2020,G+E_T2,398,3.253450515930397,2.999067420345827,-5.66211230554095,-0.04568339998818382
FORWARD-YEAR-B10,2020-TXH1,2020,G,246,1.6245752468243968,1.2783849705724335,0.04055226516875676,0.23713062188408385
FORWARD-YEAR-B10,2020-TXH1,2020,G+E_T0,246,1.6275616246289981,1.2905537957243178,0.037021610652024806,0.2647756489628139
FORWARD-YEAR-B10,2020-TXH1,2020,G+E_T1,246,1.7264770480001257,1.3817550221260848,-0.08358572911874562,0.25466857441223806
FORWARD-YEAR-B10,2020-TXH1,2020,G+E_T2,246,1.6781326549110174,1.3365225239680982,-0.02375075556231976,0.26168911586569993
FORWARD-YEAR-B10,2020-TXH2,2020,G,245,2.203956358132741,1.8408616145603178,-0.991728573464034,0.1707926060552098
FORWARD-YEAR-B10,2020-TXH2,2020,G+E_T0,245,2.13110706257234,1.773126797286527,-0.8622359633542636,0.20525801162879778
FORWARD-YEAR-B10,2020-TXH2,2020,G+E_T1,245,1.9109131544585305,1.5491883650337923,-0.497290513054121,0.20101524931806722
FORWARD-YEAR-B10,2020-TXH2,2020,G+E_T2,245,1.9957864952913047,1.636969433970721,-0.6332487404899028,0.20222992763089453
FORWARD-YEAR-B10,2020-TXH3,2020,G,246,1.7503670867218082,1.4253665711797951,-0.8604571576520099,-0.09939738486027144
FORWARD-YEAR-B10,2020-TXH3,2020,G+E_T0,246,1.6611954084679492,1.3440817795830706,-0.6757253548691369,-0.1060700086836244
FORWARD-YEAR-B10,2020-TXH3,2020,G+E_T1,246,1.7617206961186607,1.4374767825467336,-0.8846708326017405,-0.10344799676045675
FORWARD-YEAR-B10,2020-TXH3,2020,G+E_T2,246,1.6435129288225543,1.3284614315648846,-0.6402409357905134,-0.10484115861915493
FORWARD-YEAR-B10,2020-WIH1,2020,G,394,3.108173437619968,2.6462113664335924,-1.2167691106869523,0.03027395452644524
FORWARD-YEAR-B10,2020-WIH1,2020,G+E_T0,394,2.1985692402889523,1.7624579606889168,-0.10914995774343272,-0.008561136535546039
FORWARD-YEAR-B10,2020-WIH1,2020,G+E_T1,394,2.199005273191488,1.7640029916093771,-0.10958994737331795,0.00017657807181092007
FORWARD-YEAR-B10,2020-WIH1,2020,G+E_T2,394,2.1771568867623947,1.7398772634474957,-0.08765064837613012,-0.011372510984974679
FORWARD-YEAR-B10,2020-WIH2,2020,G,1147,3.571653209520593,3.001467630240963,-0.7899399633613147,0.09400137901459567
FORWARD-YEAR-B10,2020-WIH2,2020,G+E_T0,1147,2.8043145217039163,2.3766014484493105,-0.10345172424826288,0.09121577852779823
FORWARD-YEAR-B10,2020-WIH2,2020,G+E_T1,1147,3.0193836875193476,2.5495854368707387,-0.27919426777630885,0.09122476337508106
FORWARD-YEAR-B10,2020-WIH2,2020,G+E_T2,1147,2.785282785364055,2.360236063245177,-0.08852519524016089,0.09450220664514092
FORWARD-YEAR-B10,2021-DEH1,2021,G,1138,2.2919387678204455,1.9144114982422171,-0.3828445923858381,0.35334136039358904
FORWARD-YEAR-B10,2021-DEH1,2021,G+E_T0,1138,1.97592610498203,1.6130221015378992,-0.02780032870743221,0.32494316560523395
FORWARD-YEAR-B10,2021-DEH1,2021,G+E_T1,1138,2.2177218881500624,1.8553291923548936,-0.2947368833909261,0.32390454307550876
FORWARD-YEAR-B10,2021-DEH1,2021,G+E_T2,1138,2.0168391607974305,1.6548892596157858,-0.0708037542280684,0.31575152387163297
FORWARD-YEAR-B10,2021-GAH2,2021,G,321,3.6597616026191324,3.0320378773532775,-1.7361975717119158,0.1402324075283836
FORWARD-YEAR-B10,2021-GAH2,2021,G+E_T0,321,3.8961965835394508,3.29318642084056,-2.1011557817681465,0.15988156067931528
FORWARD-YEAR-B10,2021-GAH2,2021,G+E_T1,321,3.721617878117359,3.0978712656763965,-1.829472121257441,0.15493044946626724
FORWARD-YEAR-B10,2021-GAH2,2021,G+E_T2,321,4.226052496036846,3.66270703655099,-2.6484771917283325,0.15755701500572644
FORWARD-YEAR-B10,2021-IAH4,2021,G,1124,1.5568584668685843,1.2505737999276982,0.042353292675701426,0.4664348296505494
FORWARD-YEAR-B10,2021-IAH4,2021,G+E_T0,1124,1.8163952736255728,1.46117574078562,-0.3035502591828334,0.4245453183230877
FORWARD-YEAR-B10,2021-IAH4,2021,G+E_T1,1124,1.7785908062161189,1.4300386950172626,-0.24985358455840356,0.42680182983901904
FORWARD-YEAR-B10,2021-IAH4,2021,G+E_T2,1124,1.840461740163989,1.486557847228022,-0.3383220745394957,0.4170127324106828
FORWARD-YEAR-B10,2021-ILH1,2021,G,402,2.0778741882117013,1.663116290571126,-0.6962955929787067,-0.06710464097729334
FORWARD-YEAR-B10,2021-ILH1,2021,G+E_T0,402,2.4877601450674214,2.104302010632046,-1.4315323349820108,-0.01985262782526556
FORWARD-YEAR-B10,2021-ILH1,2021,G+E_T1,402,2.3875731675860763,2.0022592269807222,-1.239630722250113,-0.024291619779376536
FORWARD-YEAR-B10,2021-ILH1,2021,G+E_T2,402,2.3486363061058295,1.9596523702684794,-1.1671779709910481,-0.03059053503746862
FORWARD-YEAR-B10,2021-INH1,2021,G,411,1.4767497786488342,1.1111198940552698,-0.13580399544803634,0.057439687291082626
FORWARD-YEAR-B10,2021-INH1,2021,G+E_T0,411,1.3972039126845939,1.0647667550133375,-0.01673822041365569,0.1005384550429505
FORWARD-YEAR-B10,2021-INH1,2021,G+E_T1,411,1.462276413414088,1.1175842097098814,-0.11364946543617127,0.09490716032358076
FORWARD-YEAR-B10,2021-INH1,2021,G+E_T2,411,1.426221513882839,1.0837639891125361,-0.059408687063552845,0.08942985620182908
FORWARD-YEAR-B10,2021-MIH1,2021,G,417,2.2534323363825504,1.9542275892328278,-1.3619482004227916,0.25096821922733137
FORWARD-YEAR-B10,2021-MIH1,2021,G+E_T0,417,2.5508840695060138,2.264504979061897,-2.0266539421291996,0.21768628986482835
FORWARD-YEAR-B10,2021-MIH1,2021,G+E_T1,417,3.008322943838806,2.7323423195165697,-3.2094973140253407,0.21768868152976317
FORWARD-YEAR-B10,2021-MIH1,2021,G+E_T2,417,2.685622723301268,2.400713838474904,-2.3548362765522888,0.2129300351678938
FORWARD-YEAR-B10,2021-MNH1,2021,G,415,1.4618326526985668,1.1334571304632053,-0.15074256032644606,0.07195695510575698
FORWARD-YEAR-B10,2021-MNH1,2021,G+E_T0,415,1.811496305319628,1.4953364839570933,-0.7670863175477476,0.12207182804230525
FORWARD-YEAR-B10,2021-MNH1,2021,G+E_T1,415,2.0416635267956966,1.718700943849877,-1.2446632682763865,0.1260587603619182
FORWARD-YEAR-B10,2021-MNH1,2021,G+E_T2,415,2.141705702384307,1.816015384614964,-1.470031233833883,0.12362190175086213
FORWARD-YEAR-B10,2021-NEH1,2021,G,247,3.1700440043950504,2.6847584527916295,-0.07407399219511368,-0.03734363588833194
FORWARD-YEAR-B10,2021-NEH1,2021,G+E_T0,247,3.228716037268924,2.5827824859383894,-0.11420042738857994,-0.025871109207840852
FORWARD-YEAR-B10,2021-NEH1,2021,G+E_T1,247,3.1335657652118702,2.5581020902217726,-0.0494971089959495,-0.02741824431958407
FORWARD-YEAR-B10,2021-NEH1,2021,G+E_T2,247,3.108717383030668,2.618910538158809,-0.032918610228996004,-0.03093788803480439
FORWARD-YEAR-B10,2021-NEH2,2021,G,247,2.7391871019010123,2.3395098677543915,-1.4129523367350276,-0.017592837987904335
FORWARD-YEAR-B10,2021-NEH2,2021,G+E_T0,247,2.321243801120828,1.9021423397307304,-0.732793703664363,-0.043902832752061256
FORWARD-YEAR-B10,2021-NEH2,2021,G+E_T1,247,2.541667283494427,2.1293236626243752,-1.0775081906341386,-0.034291178052850514
FORWARD-YEAR-B10,2021-NEH2,2021,G+E_T2,247,2.840513144674224,2.4426456032288155,-1.5947705131073109,-0.041006453259754314
FORWARD-YEAR-B10,2021-NYH1,2021,G,22,2.787278771003491,2.413232498174217,-1.6855446336984685,-0.02182719374144718
FORWARD-YEAR-B10,2021-NYH1,2021,G+E_T0,22,2.52828130033888,2.2060998769292657,-1.209644185337734,0.07397118810730315
FORWARD-YEAR-B10,2021-NYH1,2021,G+E_T1,22,2.5816710017356455,2.246654985606523,-1.3039516129303999,0.06863207630812143
FORWARD-YEAR-B10,2021-NYH1,2021,G+E_T2,22,2.668593502304307,2.322266598620051,-1.4617072749579267,0.05772725960777933
FORWARD-YEAR-B10,2021-NYH2,2021,G,396,2.053886652754356,1.6631324192220667,-0.47632470974122487,0.1157093716349066
FORWARD-YEAR-B10,2021-NYH2,2021,G+E_T0,396,2.475262207048418,2.0723646737025097,-1.1442299873940764,0.14808482297090036
FORWARD-YEAR-B10,2021-NYH2,2021,G+E_T1,396,2.554841031589439,2.1558343364705097,-1.2843187702655472,0.14391802299199732
FORWARD-YEAR-B10,2021-NYH2,2021,G+E_T2,396,2.471756823023579,2.0686857064481794,-1.138161113300765,0.14602550969475062
FORWARD-YEAR-B10,2021-NYH3,2021,G,357,1.8340330718774838,1.4436868859547223,-0.34925946335196234,-0.030159608466943474
FORWARD-YEAR-B10,2021-NYH3,2021,G+E_T0,357,1.9210077709904956,1.5365838643352492,-0.480264727573503,0.026773226982871358
FORWARD-YEAR-B10,2021-NYH3,2021,G+E_T1,357,1.9334364787930045,1.5449740839871675,-0.4994809887898566,0.013657953872126495
FORWARD-YEAR-B10,2021-NYH3,2021,G+E_T2,357,1.9605783843093165,1.5680933087766047,-0.5418764228878141,0.010459978224293856
FORWARD-YEAR-B10,2021-SCH1,2021,G,397,2.138498360422169,1.7252680213045135,-0.695351813691337,0.06415319390112922
FORWARD-YEAR-B10,2021-SCH1,2021,G+E_T0,397,2.166529295333201,1.7735209160249878,-0.7400876458837362,0.07071929933347282
FORWARD-YEAR-B10,2021-SCH1,2021,G+E_T1,397,2.4021343171746943,2.018213618940147,-1.1391269895375884,0.06793147020186985
FORWARD-YEAR-B10,2021-SCH1,2021,G+E_T2,397,2.3874429212509756,2.0027540447510845,-1.1130413051109058,0.06645005982009698
FORWARD-YEAR-B10,2021-SCH1L,2021,G,43,6.671485879195254,6.581925845917602,-69.34837289442115,0.07183519701519159
FORWARD-YEAR-B10,2021-SCH1L,2021,G+E_T0,43,2.7692433679909727,2.5950065315553177,-11.120796598380979,0.0882990645028754
FORWARD-YEAR-B10,2021-SCH1L,2021,G+E_T1,43,2.547463297998092,2.3507458323053405,-9.25710464153434,0.076303716008679
FORWARD-YEAR-B10,2021-SCH1L,2021,G+E_T2,43,2.8364322716311383,2.655674423390375,-11.716094612609442,0.07202413260673024
FORWARD-YEAR-B10,2021-TXH1,2021,G,266,1.74250474751934,1.3893646285225696,-0.1616777211770597,0.04791646477673518
FORWARD-YEAR-B10,2021-TXH1,2021,G+E_T0,266,2.0921331046162996,1.7116031713632838,-0.6746202691896068,0.05838616879387303
FORWARD-YEAR-B10,2021-TXH1,2021,G+E_T1,266,1.884701849726555,1.5218321703937197,-0.35901119411215965,0.060137415007893845
FORWARD-YEAR-B10,2021-TXH1,2021,G+E_T2,266,1.8043843490770612,1.446672206702616,-0.24564940044371708,0.059319385929655424
FORWARD-YEAR-B10,2021-TXH2,2021,G,247,1.7845452619549673,1.397073518685876,-0.11365169427398447,0.13356984543798894
FORWARD-YEAR-B10,2021-TXH2,2021,G+E_T0,247,2.181342307660312,1.7871284268918675,-0.6639562080744239,0.15355024535337727
FORWARD-YEAR-B10,2021-TXH2,2021,G+E_T1,247,1.9647267875816827,1.57373368231641,-0.3498906210973085,0.15203871528280954
FORWARD-YEAR-B10,2021-TXH2,2021,G+E_T2,247,1.8750116240533874,1.4900191722223814,-0.22942538436361515,0.15457278811552935
FORWARD-YEAR-B10,2021-TXH3,2021,G,246,5.387602246092355,5.279103220967139,-26.073509705304627,0.12471117406823996
FORWARD-YEAR-B10,2021-TXH3,2021,G+E_T0,246,4.599571487749947,4.480916581507018,-18.732779156110464,0.14997618971373627
FORWARD-YEAR-B10,2021-TXH3,2021,G+E_T1,246,4.917892784472315,4.805847615734715,-21.558572901692408,0.13912900888109314
FORWARD-YEAR-B10,2021-TXH3,2021,G+E_T2,246,5.104208889026407,4.996511294594022,-23.30023021965037,0.14525247234810024
FORWARD-YEAR-B10,2021-WIH1,2021,G,397,3.123837913752521,2.7251732927921632,-1.1613411607272015,0.11792145137012133
FORWARD-YEAR-B10,2021-WIH1,2021,G+E_T0,397,2.3717209891477324,1.9611227391600334,-0.2458723143408792,0.11224184700149616
FORWARD-YEAR-B10,2021-WIH1,2021,G+E_T1,397,2.4773858478332214,2.0675738372591494,-0.3593573687908109,0.11795614899784403
FORWARD-YEAR-B10,2021-WIH1,2021,G+E_T2,397,2.5045487695027777,2.096115924377165,-0.38932972227646934,0.11721853439408837
FORWARD-YEAR-B10,2021-WIH2,2021,G,1137,3.06505994305006,2.6423730304788626,-1.6960164191554736,0.23352468418005198
FORWARD-YEAR-B10,2021-WIH2,2021,G+E_T0,1137,2.063714052008928,1.6703996425026273,-0.22220380282668417,0.20468325305690543
FORWARD-YEAR-B10,2021-WIH2,2021,G+E_T1,1137,2.5178740814777782,2.1238656214130107,-0.8193346990910497,0.20585791430563236
FORWARD-YEAR-B10,2021-WIH2,2021,G+E_T2,1137,2.330917091847815,1.934427585689762,-0.5591871282999528,0.19895061835382352
