regime,environment,model,n,rmse,mae,r2,correlation
CV-E-B7,2014-IAH1,All-nonleaky,754,1.8171836579336083,1.4762801252217432,-0.3321911716178021,0.13394518521864032
CV-E-B7,2014-IAH1,B6R-all-EC-reference,754,1.8485619362174919,1.505808833030909,-0.37859569728577336,0.13016524741094312
CV-E-B7,2014-IAH1,Canopy-growth,754,1.648154402430146,1.2773973427411858,-0.09588427681410416,0.0215357859931618
CV-E-B7,2014-IAH1,Grain-fill-maturity,754,2.4581695196236644,2.0551208427582717,-1.4377690829934875,-0.005449341189585374
CV-E-B7,2014-IAH1,Process-MK,754,2.2589753985041177,1.90224609253993,-1.0586945211122423,0.11816437575690814
CV-E-B7,2014-IAH1,Reproductive-transition,754,1.832616778451759,1.4907772124564063,-0.35491553747182425,0.10822963963074324
CV-E-B7,2014-IAH1,Stage-MK,754,2.079519443285698,1.7488409829848814,-0.744596018085933,0.23000598447350024
CV-E-B7,2014-IAH1,Thermal,754,1.919615262255982,1.5722364975277934,-0.486610838012564,0.11195821153269404
CV-E-B7,2014-IAH1,Thermal+water-MK,754,2.4803179867235117,2.138823955492992,-1.4818963001208036,0.1817220227632634
CV-E-B7,2014-IAH1,Vegetative,754,1.5725617047374285,1.2283611496881535,0.0023360095191612418,0.2117919767853753
CV-E-B7,2014-IAH1,Water-soil,754,2.444245292280145,2.1010378615079315,-1.4102299624207184,0.14724250649572815
CV-E-B7,2014-ILH1,All-nonleaky,238,2.152635220940035,1.79999166531949,-0.393150553071151,0.21727463267238117
CV-E-B7,2014-ILH1,B6R-all-EC-reference,238,2.073335551968882,1.7202309579198274,-0.2923982385845487,0.2238469280075705
CV-E-B7,2014-ILH1,Canopy-growth,238,2.4623090636518965,2.106801790584574,-0.8228137480441957,0.16827490250537952
CV-E-B7,2014-ILH1,Grain-fill-maturity,238,2.00012864737549,1.6578363536423601,-0.20274352741522517,0.2679645151528264
CV-E-B7,2014-ILH1,Process-MK,238,2.1671125492533494,1.8085804562130448,-0.41195255013404175,0.21159435554860398
CV-E-B7,2014-ILH1,Reproductive-transition,238,2.067826489576128,1.7157462692693715,-0.28553929732432004,0.24386469466661342
CV-E-B7,2014-ILH1,Stage-MK,238,2.0986642871700587,1.742649427861756,-0.32416807325275854,0.22456562854997503
CV-E-B7,2014-ILH1,Thermal,238,1.8342178844545771,1.4670804190810163,-0.011483995563599247,0.2565641758686774
CV-E-B7,2014-ILH1,Thermal+water-MK,238,2.158989774456671,1.8075551979076443,-0.40138782096814274,0.2583561070042443
CV-E-B7,2014-ILH1,Vegetative,238,3.4163961367922804,3.055467034596903,-2.509082770383253,0.21260112921743504
CV-E-B7,2014-ILH1,Water-soil,238,2.536415791543308,2.1932697979074383,-0.9341852402134987,0.2939700149267622
CV-E-B7,2014-INH1,All-nonleaky,240,1.8659758247340086,1.5932609345285327,-0.9838034295920721,0.2922507437693105
CV-E-B7,2014-INH1,B6R-all-EC-reference,240,1.8361243807816396,1.5633406027807468,-0.9208382967156419,0.2917775097451727
CV-E-B7,2014-INH1,Canopy-growth,240,2.3380600926240622,2.0673082684897373,-2.114568948474485,0.17836636410537174
CV-E-B7,2014-INH1,Grain-fill-maturity,240,1.9267280708481782,1.6436942205663823,-1.1150832240387833,0.18630056816675467
CV-E-B7,2014-INH1,Process-MK,240,1.3036195426005408,1.0139539228728058,0.03174814908596413,0.3005295352127808
CV-E-B7,2014-INH1,Reproductive-transition,240,1.6593644302332977,1.3716863340776169,-0.5688093316744662,0.1989147083458874
CV-E-B7,2014-INH1,Stage-MK,240,1.9139057569213411,1.6447136269498732,-1.0870252751748435,0.31211651484736813
CV-E-B7,2014-INH1,Thermal,240,2.700134465227687,2.449148653511952,-3.1539129942543065,0.22448699207479406
CV-E-B7,2014-INH1,Thermal+water-MK,240,1.7866310433315549,1.4996603027499973,-0.818680300281162,0.3307404421235539
CV-E-B7,2014-INH1,Vegetative,240,1.9525495717276307,1.680706700055539,-1.172154680610484,0.3199856030167624
CV-E-B7,2014-INH1,Water-soil,240,1.253219683078221,0.9535658972441846,0.10516899053531348,0.360282201334643
CV-E-B7,2014-MNH1,All-nonleaky,236,3.2598011736703705,2.862500872581682,-2.8637118695436348,0.11251808031713409
CV-E-B7,2014-MNH1,B6R-all-EC-reference,236,3.1846277889303622,2.785176981354122,-2.6875665716295285,0.12321943245411315
CV-E-B7,2014-MNH1,Canopy-growth,236,1.8876117863770039,1.5747236939982425,-0.295531178977146,0.007820979836275135
CV-E-B7,2014-MNH1,Grain-fill-maturity,236,2.4965138749985534,2.0945253793536476,-1.2661595156842096,0.2765962505857827
CV-E-B7,2014-MNH1,Process-MK,236,1.9037341392067202,1.579341268890577,-0.3177563105872008,0.2514839245959948
CV-E-B7,2014-MNH1,Reproductive-transition,236,2.7093136157658,2.2947244770446455,-1.6689538707962104,0.22145784211523056
CV-E-B7,2014-MNH1,Stage-MK,236,3.0204624911067235,2.620759712760917,-2.317182781062968,0.18790208164860622
CV-E-B7,2014-MNH1,Thermal,236,3.5329616410299955,3.1708427935381907,-3.5383747342768563,0.2417872367066358
CV-E-B7,2014-MNH1,Thermal+water-MK,236,2.298935599532595,1.9195337908605268,-0.9216580939614529,0.3790366539553975
CV-E-B7,2014-MNH1,Vegetative,236,2.3506841451260243,1.964301397769833,-1.0091439999647287,0.05957510493344238
CV-E-B7,2014-MNH1,Water-soil,236,2.6598082020304785,2.2499695340856305,-1.5723090777163273,0.2470847305742337
CV-E-B7,2014-MOH2,All-nonleaky,247,1.920445188146206,1.486876981464369,-0.04399899317769118,0.026520735196980266
CV-E-B7,2014-MOH2,B6R-all-EC-reference,247,1.9187526344867885,1.491695978960472,-0.04215958046451451,0.02151348165106533
CV-E-B7,2014-MOH2,Canopy-growth,247,2.122290411017281,1.7453787000080638,-0.2749873349468088,-0.016134393119067166
CV-E-B7,2014-MOH2,Grain-fill-maturity,247,1.9882235612607349,1.6130097796026721,-0.11899122071042245,0.0786480348398048
CV-E-B7,2014-MOH2,Process-MK,247,2.6400952476302106,2.2454727988584557,-0.9730379458188876,-0.017446943471810694
CV-E-B7,2014-MOH2,Reproductive-transition,247,2.274527676921946,1.9001695871778064,-0.4644639948676761,-0.00034191702418775647
CV-E-B7,2014-MOH2,Stage-MK,247,1.9373567300134404,1.5398406148624353,-0.06246697238312793,0.024258202590008823
CV-E-B7,2014-MOH2,Thermal,247,2.2632602411889335,1.879365446933001,-0.44999076261958826,0.0858147146296016
CV-E-B7,2014-MOH2,Thermal+water-MK,247,2.3024347613350176,1.9196219062841093,-0.500620634558893,0.09672586774360623
CV-E-B7,2014-MOH2,Vegetative,247,2.2407051409371848,1.8688580225153721,-0.42123426086987914,-0.01237555521117579
CV-E-B7,2014-MOH2,Water-soil,247,2.0780472939749663,1.6957546964487271,-0.22238243820347914,0.10575900038853657
CV-E-B7,2014-NEH1,All-nonleaky,242,3.1181770974181027,2.63865263051047,-1.805940648422799,0.11120169319007682
CV-E-B7,2014-NEH1,B6R-all-EC-reference,242,3.1981989959933097,2.7199522730552634,-1.951806542387021,0.10957922764635267
CV-E-B7,2014-NEH1,Canopy-growth,242,4.271603579522288,3.859090178975569,-4.265732696509404,0.06564615751780864
CV-E-B7,2014-NEH1,Grain-fill-maturity,242,3.5613969525889333,3.0855410244082364,-2.6603085075958655,0.07769933184367157
CV-E-B7,2014-NEH1,Process-MK,242,3.7279836665764727,3.2804850588570598,-3.0107438625634417,0.1152762743097019
CV-E-B7,2014-NEH1,Reproductive-transition,242,4.145922516429408,3.7323599468744773,-3.960429576300343,0.1094570681946913
CV-E-B7,2014-NEH1,Stage-MK,242,3.6420702200955386,3.188731406583929,-2.8280143353930156,0.1357562817150488
CV-E-B7,2014-NEH1,Thermal,242,3.8673668655569062,3.423575767904857,-3.3162607179441626,0.09846225686230603
CV-E-B7,2014-NEH1,Thermal+water-MK,242,3.3695580981969147,2.8861288530511846,-2.276595448168521,0.11325170980393556
CV-E-B7,2014-NEH1,Vegetative,242,2.927374161677645,2.4452193173034864,-1.4730528429203682,0.16980069840702383
CV-E-B7,2014-NEH1,Water-soil,242,2.6376637114531007,2.1479180198988868,-1.0077783857533191,0.11008655554226283
CV-E-B7,2014-NEH2,All-nonleaky,240,2.4903547387138034,2.030616481664495,-0.8885005221396438,-0.0019265413583285343
CV-E-B7,2014-NEH2,B6R-all-EC-reference,240,2.472481240643724,2.0124326289503522,-0.8614899265932146,-0.0027257645132072487
CV-E-B7,2014-NEH2,Canopy-growth,240,2.1289575161175307,1.6937761593531433,-0.38015756476815743,-0.014192112514019606
CV-E-B7,2014-NEH2,Grain-fill-maturity,240,3.4192054619445478,2.976675679394402,-2.55995966353276,-0.022990517159410633
CV-E-B7,2014-NEH2,Process-MK,240,2.145649414070892,1.713259632561506,-0.4018844057870641,0.033198248590456426
CV-E-B7,2014-NEH2,Reproductive-transition,240,2.6518338547597717,2.2049673788087243,-1.1413482434416804,-0.0073528553036745275
CV-E-B7,2014-NEH2,Stage-MK,240,2.1492040812790107,1.6973641451286257,-0.4065332177688721,0.037690090052846494
CV-E-B7,2014-NEH2,Thermal,240,2.2048706021643945,1.7603345457710433,-0.4803380220923368,0.03463062863140731
CV-E-B7,2014-NEH2,Thermal+water-MK,240,2.191414535468712,1.745682666918946,-0.46232449887795446,0.05943076093208994
CV-E-B7,2014-NEH2,Vegetative,240,2.268489351552392,1.808889021485554,-0.5669970180858577,0.010937309352423737
CV-E-B7,2014-NEH2,Water-soil,240,3.4693477928121865,3.0308659840464074,-2.6651382230411933,0.00722295060409129
CV-E-B7,2014-NYH2,All-nonleaky,218,2.2902194623115784,1.8367784598324977,-1.4534148268960903,0.0760429275799623
CV-E-B7,2014-NYH2,B6R-all-EC-reference,218,2.2849851943796615,1.8314213504076176,-1.4422131444008919,0.07545203022751769
CV-E-B7,2014-NYH2,Canopy-growth,218,1.953443066037791,1.5347711122386876,-0.7849181251332671,0.023741540795110247
CV-E-B7,2014-NYH2,Grain-fill-maturity,218,2.255217724860983,1.806121467549161,-1.3789961323974125,0.0835877941983585
CV-E-B7,2014-NYH2,Process-MK,218,1.9194834940935466,1.5184642824465566,-0.7233978523086833,0.10060628271094103
CV-E-B7,2014-NYH2,Reproductive-transition,218,2.2055572697176875,1.7573148056608114,-1.275377514130454,0.0442700619243005
CV-E-B7,2014-NYH2,Stage-MK,218,2.535818122537882,2.087259014412012,-2.0078279182965995,0.09892460936836135
CV-E-B7,2014-NYH2,Thermal,218,2.1169919782652196,1.6882171455675592,-1.0963085630279523,0.13677921295802267
CV-E-B7,2014-NYH2,Thermal+water-MK,218,2.311465307455963,1.876506769562296,-1.4991455069803301,0.15071763839228483
CV-E-B7,2014-NYH2,Vegetative,218,2.0317581461860814,1.6131325507895184,-0.9309045368911295,0.07822545171027209
CV-E-B7,2014-NYH2,Water-soil,218,2.627207152080287,2.1853142469287388,-2.228534406363416,0.10369962765542262
CV-E-B7,2014-WIH1,All-nonleaky,208,2.3778819070450554,1.9169577453995406,-0.30998438612577406,0.1882973370342387
CV-E-B7,2014-WIH1,B6R-all-EC-reference,208,2.4305649780240173,1.9621236982584187,-0.36867402811538885,0.1947284974340796
CV-E-B7,2014-WIH1,Canopy-growth,208,2.5576859992195597,2.081090766062443,-0.5155839824581665,0.2308513452104097
CV-E-B7,2014-WIH1,Grain-fill-maturity,208,2.5601581309731287,2.093843163040859,-0.5185151741582683,0.31346482517048363
CV-E-B7,2014-WIH1,Process-MK,208,2.8551652900606626,2.3697495795969736,-0.8886351362679468,0.2920870627452142
CV-E-B7,2014-WIH1,Reproductive-transition,208,2.4008991732091114,1.940755542747525,-0.3354677308896037,0.2846772240035029
CV-E-B7,2014-WIH1,Stage-MK,208,2.3172394960096288,1.8687401140961934,-0.24402010397792018,0.2494087515651027
CV-E-B7,2014-WIH1,Thermal,208,2.3351443765685085,1.8858089506947298,-0.2633190025780179,0.32223103437574546
CV-E-B7,2014-WIH1,Thermal+water-MK,208,2.6180393529882733,2.154029325892119,-0.5879539179350988,0.35289870982535715
CV-E-B7,2014-WIH1,Vegetative,208,2.4484379363898974,1.9735457459022525,-0.3888768984131006,0.1749668633993994
CV-E-B7,2014-WIH1,Water-soil,208,2.2693169192730376,1.8240567743943126,-0.19309728283959826,0.23845127811473632
CV-E-B7,2015-ILH1,All-nonleaky,416,2.096851250766642,1.6967844483988652,-0.3196430088775737,0.17596079932276115
CV-E-B7,2015-ILH1,B6R-all-EC-reference,416,2.09027072531326,1.690655562973811,-0.31137316327739173,0.1767943361114562
CV-E-B7,2015-ILH1,Canopy-growth,416,2.0523410521981895,1.653235289306381,-0.2642130813631207,0.2059933535755996
CV-E-B7,2015-ILH1,Grain-fill-maturity,416,1.9963326519594702,1.6007721129822234,-0.19615383112804174,0.20018824750206643
CV-E-B7,2015-ILH1,Process-MK,416,1.934019627182355,1.5442458648229034,-0.12264635245421429,0.19624884544038282
CV-E-B7,2015-ILH1,Reproductive-transition,416,1.9314010864489906,1.5421793389521001,-0.11960842555758666,0.17741770104445553
CV-E-B7,2015-ILH1,Stage-MK,416,2.0513921802662973,1.6500660223745145,-0.26304436819659505,0.18834584273142801
CV-E-B7,2015-ILH1,Thermal,416,1.9252589141828815,1.5339232535430567,-0.11249867176456041,0.18637977430156175
CV-E-B7,2015-ILH1,Thermal+water-MK,416,1.812616808392362,1.4377000640860715,0.013872157071204372,0.2116152696141445
CV-E-B7,2015-ILH1,Vegetative,416,2.36204919133027,1.936716673614905,-0.6745537458371502,0.17509608785825556
CV-E-B7,2015-ILH1,Water-soil,416,2.214361397983588,1.8138117381818388,-0.4716963720456211,0.21967207218866985
CV-E-B7,2015-INH1,All-nonleaky,423,1.8881244311776602,1.4532102000039704,-0.11055931748674297,0.18532329040026743
CV-E-B7,2015-INH1,B6R-all-EC-reference,423,1.8809247606814257,1.4467468529513472,-0.1021060431590497,0.18410277484352175
CV-E-B7,2015-INH1,Canopy-growth,423,1.8366700774742342,1.4097937858326035,-0.05085510386216363,0.14602424126945687
CV-E-B7,2015-INH1,Grain-fill-maturity,423,1.8116129693564886,1.3898189665444134,-0.022377725297719975,0.16305993316077158
CV-E-B7,2015-INH1,Process-MK,423,1.7730965020734215,1.3776064803027268,0.020633414037665165,0.1717827965854452
CV-E-B7,2015-INH1,Reproductive-transition,423,1.9411676703599325,1.4988037031750636,-0.1738338681480025,0.1492817594739385
CV-E-B7,2015-INH1,Stage-MK,423,1.7672295818099144,1.3734231100118108,0.027103856613150845,0.18597170852984937
CV-E-B7,2015-INH1,Thermal,423,1.8696439533239184,1.4826017378826644,-0.08892596923902607,0.1473843695376827
CV-E-B7,2015-INH1,Thermal+water-MK,423,1.7960186264955131,1.379367696144756,-0.004852250326855101,0.1760193790990156
CV-E-B7,2015-INH1,Vegetative,423,1.8351130598095682,1.4476972453358588,-0.049074156435451544,0.16344166368642563
CV-E-B7,2015-INH1,Water-soil,423,1.7728562082539663,1.3638279362680228,0.02089884774723716,0.18266591291988235
CV-E-B7,2015-KSH1,All-nonleaky,418,2.2638741246534213,1.8767640506408672,-0.5512053887779806,0.11180647150281925
CV-E-B7,2015-KSH1,B6R-all-EC-reference,418,2.3401862244329714,1.948303397544259,-0.6575460030658304,0.11018192073015275
CV-E-B7,2015-KSH1,Canopy-growth,418,5.056588711061445,4.718310028744691,-6.738913901386245,0.07449263353892469
CV-E-B7,2015-KSH1,Grain-fill-maturity,418,3.9001957578658337,3.4891296631955613,-3.604023849403914,0.10400999137827241
CV-E-B7,2015-KSH1,Process-MK,418,1.9182332269064624,1.5747863985813841,-0.11369833985293742,0.12482789428209627
CV-E-B7,2015-KSH1,Reproductive-transition,418,3.406430045049595,2.99612237242599,-2.512074361804959,0.093165411337729
CV-E-B7,2015-KSH1,Stage-MK,418,2.0590530855054894,1.6967523519249692,-0.2832162200677806,0.12545321877315763
CV-E-B7,2015-KSH1,Thermal,418,2.143968598567427,1.7570401749071392,-0.3912385205760094,0.08665673654137568
CV-E-B7,2015-KSH1,Thermal+water-MK,418,2.3978589232406557,1.9960189130451533,-0.7402514709622263,0.10385727802143535
CV-E-B7,2015-KSH1,Vegetative,418,3.1903068740864398,2.778288025330495,-2.0805600056672464,0.08828521120700424
CV-E-B7,2015-KSH1,Water-soil,418,2.820739576330733,2.417693337495379,-1.4081899372835855,0.12175688450055161
CV-E-B7,2015-MNH1,All-nonleaky,407,1.5323133793123325,1.1919106012888083,-0.23916459272154822,0.03450453892796277
CV-E-B7,2015-MNH1,B6R-all-EC-reference,407,1.5579978664830392,1.213283897825062,-0.28105426179773185,0.03377939106327841
CV-E-B7,2015-MNH1,Canopy-growth,407,1.5489197355566613,1.2326007378750325,-0.26616887974476944,0.08184428028412655
CV-E-B7,2015-MNH1,Grain-fill-maturity,407,1.6726557010256666,1.321363365256292,-0.47654578636672396,0.08741725064005196
CV-E-B7,2015-MNH1,Process-MK,407,1.4735417513978633,1.145036218573489,-0.1459316108683586,0.06309262511795193
CV-E-B7,2015-MNH1,Reproductive-transition,407,1.4952833821189961,1.169216195063657,-0.1799967793640358,0.05471002162949792
CV-E-B7,2015-MNH1,Stage-MK,407,1.5489954332326878,1.2031591958492849,-0.2662926413335882,0.020841681597679018
CV-E-B7,2015-MNH1,Thermal,407,1.450010401956674,1.1200144473202216,-0.10962451707114451,0.06988617741410877
CV-E-B7,2015-MNH1,Thermal+water-MK,407,1.6623655291909532,1.2968245618119472,-0.4584342605877716,0.05500288574593839
CV-E-B7,2015-MNH1,Vegetative,407,1.7098266805338374,1.3840599568366798,-0.5429007410716853,-0.02062706683547888
CV-E-B7,2015-MNH1,Water-soil,407,1.4362756015958378,1.1110253534019543,-0.08870288679996507,0.06111918059779095
CV-E-B7,2015-MOH1,All-nonleaky,422,5.625558590894573,5.332982916827719,-9.61783004725938,0.09767393907593769
CV-E-B7,2015-MOH1,B6R-all-EC-reference,422,5.564086594802451,5.268314787986988,-9.38705008593121,0.09774505301214705
CV-E-B7,2015-MOH1,Canopy-growth,422,5.244474162196307,4.94289019139032,-8.228016561765598,0.1162231357810829
CV-E-B7,2015-MOH1,Grain-fill-maturity,422,5.073085324208612,4.737479267200351,-7.634730724902999,0.05731890128997975
CV-E-B7,2015-MOH1,Process-MK,422,4.541636094674243,4.185676045160285,-5.920367065301415,0.10306592457825346
CV-E-B7,2015-MOH1,Reproductive-transition,422,4.397035881894738,4.036259621116348,-5.486710029148955,0.11424136857126545
CV-E-B7,2015-MOH1,Stage-MK,422,5.110236412700999,4.7848115558984885,-7.761661073576139,0.10587736971639465
CV-E-B7,2015-MOH1,Thermal,422,3.0906217292611204,2.6833369354201673,-2.204764877803808,0.08454969891961474
CV-E-B7,2015-MOH1,Thermal+water-MK,422,4.361999375861946,3.981527875481326,-5.383746948113079,0.0684667809488732
CV-E-B7,2015-MOH1,Vegetative,422,4.710888446807603,4.363512879203489,-6.44577838308893,0.15155119434680922
CV-E-B7,2015-MOH1,Water-soil,422,5.248744218131527,4.935078724160847,-8.243049599251524,0.08791712051069585
CV-E-B7,2015-MOH2,All-nonleaky,421,2.437528729540915,2.0376060559551403,-0.9095586047166098,0.20848382055700868
CV-E-B7,2015-MOH2,B6R-all-EC-reference,421,2.459546718307872,2.058122419045694,-0.9442121718453003,0.2090784932888891
CV-E-B7,2015-MOH2,Canopy-growth,421,2.088138782458263,1.7093754001442247,-0.40136809021208686,0.173430982839043
CV-E-B7,2015-MOH2,Grain-fill-maturity,421,1.7880135208116934,1.4446120862344491,-0.02748408184124851,0.20492984203283493
CV-E-B7,2015-MOH2,Process-MK,421,1.741723352435448,1.393324833569435,0.025028648254328267,0.19501568532451616
CV-E-B7,2015-MOH2,Reproductive-transition,421,1.897056845564702,1.5350322658211413,-0.15662931333320174,0.17429841511496816
CV-E-B7,2015-MOH2,Stage-MK,421,1.8461521541703219,1.4892794480347766,-0.09538928393975987,0.2159150002792501
CV-E-B7,2015-MOH2,Thermal,421,1.834366573240512,1.48296978618232,-0.08144829664093045,0.17130969200995017
CV-E-B7,2015-MOH2,Thermal+water-MK,421,1.8317103904895617,1.476222735848129,-0.0783186663584865,0.19738954654223773
CV-E-B7,2015-MOH2,Vegetative,421,1.7682883157893126,1.4155921866357235,-0.004938905052306541,0.181205690959988
CV-E-B7,2015-MOH2,Water-soil,421,1.989410101821482,1.6220560618111757,-0.27198544830413196,0.20453364246616473
CV-E-B7,2015-NEH2,All-nonleaky,405,1.6674722855214283,1.35779158705244,-0.4673607027018507,-0.0013800788677094833
CV-E-B7,2015-NEH2,B6R-all-EC-reference,405,1.574936231372505,1.2696348698304758,-0.30901789426351334,-0.0031844849067613336
CV-E-B7,2015-NEH2,Canopy-growth,405,1.4435475569577505,1.1226394114429596,-0.09971925056145725,0.022240920598125546
CV-E-B7,2015-NEH2,Grain-fill-maturity,405,1.5732845332532828,1.247293372052386,-0.3062736959783372,-0.026780165426228412
CV-E-B7,2015-NEH2,Process-MK,405,1.9155856328500787,1.597623715564384,-0.9365235265244556,-0.003412455427940332
CV-E-B7,2015-NEH2,Reproductive-transition,405,1.6132854430511234,1.3027812844956226,-0.37354238507818693,0.004475078395035072
CV-E-B7,2015-NEH2,Stage-MK,405,1.720579209786517,1.4070994020424015,-0.5623163475607562,0.009125518487860727
CV-E-B7,2015-NEH2,Thermal,405,1.7394438330656394,1.4143366049454373,-0.5967629793910885,-0.006059937740355734
CV-E-B7,2015-NEH2,Thermal+water-MK,405,1.6778330205648933,1.3568877548169684,-0.48565206122326066,-0.004130189133413658
CV-E-B7,2015-NEH2,Vegetative,405,1.756924464860187,1.3626972248115012,-0.6290177482589117,0.02299711040387417
CV-E-B7,2015-NEH2,Water-soil,405,1.5457860682216602,1.2375525607755635,-0.26100965818479227,0.004884621442802789
CV-E-B7,2015-NEH3,All-nonleaky,249,1.4477714836389184,1.0731085159853604,-0.05905953493573368,0.11484079874549605
CV-E-B7,2015-NEH3,B6R-all-EC-reference,249,1.4687518135783288,1.080180305005148,-0.08997658874577996,0.11208454722563667
CV-E-B7,2015-NEH3,Canopy-growth,249,1.7407666067837921,1.3184750037642103,-0.531092510975063,0.09743947473037232
CV-E-B7,2015-NEH3,Grain-fill-maturity,249,1.5004201382375186,1.1081006578479917,-0.13748612335357446,0.09242047742363861
CV-E-B7,2015-NEH3,Process-MK,249,1.558129324917405,1.1487677973007906,-0.22666886109206041,0.12017011234686636
CV-E-B7,2015-NEH3,Reproductive-transition,249,1.4874864579169735,1.0963856037338113,-0.11796029453224821,0.09020824299580199
CV-E-B7,2015-NEH3,Stage-MK,249,1.4352153863519321,1.0760911421416788,-0.0407693677721328,0.10860969747882303
CV-E-B7,2015-NEH3,Thermal,249,1.7351146058710605,1.4155826488719268,-0.5211662088943663,0.11029039347640573
CV-E-B7,2015-NEH3,Thermal+water-MK,249,1.570184680643294,1.2362890021880475,-0.2457239380539411,0.12397738695605895
CV-E-B7,2015-NEH3,Vegetative,249,1.6631495951646016,1.3359495763090141,-0.39760024166585506,0.10035542611314616
CV-E-B7,2015-NEH3,Water-soil,249,1.9159216840331614,1.5985070061946673,-0.8547092744373401,0.11149563583607833
CV-E-B7,2015-NYH2,All-nonleaky,355,3.1785475239457406,2.5474133858387185,-1.2628097086619978,0.19046834802695678
CV-E-B7,2015-NYH2,B6R-all-EC-reference,355,3.175531859170953,2.5447429365683893,-1.2585180387190436,0.18996334129776088
CV-E-B7,2015-NYH2,Canopy-growth,355,2.686385848742572,2.056949491944067,-0.6163201874317337,0.14946593573018277
CV-E-B7,2015-NYH2,Grain-fill-maturity,355,3.3939380338765885,2.773989681724528,-1.579873625261432,0.15966244616505748
CV-E-B7,2015-NYH2,Process-MK,355,2.5806833224956183,1.9662934783916222,-0.4916263461485788,0.15232947373844266
CV-E-B7,2015-NYH2,Reproductive-transition,355,2.77202756185795,2.143283476266323,-0.7210191519332325,0.12552775871721192
CV-E-B7,2015-NYH2,Stage-MK,355,3.025982264113389,2.3907442159611447,-1.0508002963923921,0.1864244515440622
CV-E-B7,2015-NYH2,Thermal,355,2.2832305906753163,1.7129373734259254,-0.16758945510867185,0.18167643403092096
CV-E-B7,2015-NYH2,Thermal+water-MK,355,2.3888221579219424,1.7970416551200812,-0.27808062920978993,0.1873353159149541
CV-E-B7,2015-NYH2,Vegetative,355,2.385895555248842,1.7873304161702435,-0.27495093374361534,0.16103116229723474
CV-E-B7,2015-NYH2,Water-soil,355,2.9529869049597623,2.3228224920510607,-0.9530513288752831,0.2034963624223165
CV-E-B7,2015-NYH3,All-nonleaky,355,2.4795447558570474,1.9721604728239301,-0.485746632636344,0.28706262795854753
CV-E-B7,2015-NYH3,B6R-all-EC-reference,355,2.469123390474247,1.9627558175822999,-0.4732838848688803,0.28953128480820267
CV-E-B7,2015-NYH3,Canopy-growth,355,3.2915247697798407,2.7655453465696125,-1.6181535072759412,0.306227813117419
CV-E-B7,2015-NYH3,Grain-fill-maturity,355,3.38320174255682,2.8451158683863866,-1.7660284505997224,0.2395852290475245
CV-E-B7,2015-NYH3,Process-MK,355,2.4630832071714357,1.956117526587366,-0.4660845524089654,0.3269063388481778
CV-E-B7,2015-NYH3,Reproductive-transition,355,3.2421154269587,2.715783648779157,-1.540140837061717,0.33478004021214774
CV-E-B7,2015-NYH3,Stage-MK,355,2.844386985772657,2.304272791736086,-0.9551416025847044,0.3098745387955577
CV-E-B7,2015-NYH3,Thermal,355,1.9891144288662996,1.6140431019747106,0.04386242302818766,0.24363651939636136
CV-E-B7,2015-NYH3,Thermal+water-MK,355,1.9811746416651916,1.6029705728817443,0.05148026294751562,0.28232873949031584
CV-E-B7,2015-NYH3,Vegetative,355,1.9223595394181758,1.5651528305389053,0.10696169906698039,0.3290738619842566
CV-E-B7,2015-NYH3,Water-soil,355,2.2570472467561165,1.7767170802085963,-0.2310683093913839,0.3151408643476963
CV-E-B7,2015-OHH1,All-nonleaky,426,1.7388819200370762,1.3871236306986734,-0.2588588077049023,0.12381189110205995
CV-E-B7,2015-OHH1,B6R-all-EC-reference,426,1.747819442852155,1.3956151075555212,-0.2718326541636702,0.12193934082951496
CV-E-B7,2015-OHH1,Canopy-growth,426,1.6099913128109826,1.2761226752150878,-0.07915519137345939,0.07246383370586619
CV-E-B7,2015-OHH1,Grain-fill-maturity,426,1.6726826379026476,1.3208314553473888,-0.1648337274306093,0.10347669046383356
CV-E-B7,2015-OHH1,Process-MK,426,1.626080538783845,1.294409351381297,-0.10083174059009004,0.0994532468069473
CV-E-B7,2015-OHH1,Reproductive-transition,426,1.791893881123795,1.4338490063624751,-0.33678453258351637,0.07078282308887955
CV-E-B7,2015-OHH1,Stage-MK,426,1.6848189078877907,1.3417621615216917,-0.1817981190496536,0.12957602419109923
CV-E-B7,2015-OHH1,Thermal,426,1.6030234107037347,1.2739633907822847,-0.06983442558417274,0.11556873287709729
CV-E-B7,2015-OHH1,Thermal+water-MK,426,1.7143571334120626,1.3607864084737429,-0.2235999108600517,0.09987331669300993
CV-E-B7,2015-OHH1,Vegetative,426,1.803580414814015,1.4508398043534194,-0.3542781144866183,0.10459068497963614
CV-E-B7,2015-OHH1,Water-soil,426,1.7663340016582958,1.411513163701927,-0.29892027909305896,0.10957241465408872
CV-E-B7,2015-SDH1,All-nonleaky,327,2.9536680867742175,2.541140239117897,-2.389590819063582,-0.1381695685188825
CV-E-B7,2015-SDH1,B6R-all-EC-reference,327,2.992729810188288,2.5801281545596604,-2.479837088894467,-0.1370837037714268
CV-E-B7,2015-SDH1,Canopy-growth,327,2.3229546728205093,1.9376947915767866,-1.0965506777514178,-0.09538085915940026
CV-E-B7,2015-SDH1,Grain-fill-maturity,327,3.107982936362273,2.691444131053862,-2.753022299448641,-0.16012306348209257
CV-E-B7,2015-SDH1,Process-MK,327,2.7351882757967827,2.33980124433886,-1.9066875190714745,-0.07175510315381965
CV-E-B7,2015-SDH1,Reproductive-transition,327,2.319508388705028,1.9250198432412893,-1.090334499942982,-0.09113965659820429
CV-E-B7,2015-SDH1,Stage-MK,327,2.7627512898269915,2.3493000713522467,-1.9655651817723077,-0.12452765415528252
CV-E-B7,2015-SDH1,Thermal,327,4.901625597415887,4.59626528771445,-8.334781654427113,-0.05408613902632895
CV-E-B7,2015-SDH1,Thermal+water-MK,327,3.5791057224055463,3.1843441297224486,-3.9770608168252313,-0.09710032662144095
CV-E-B7,2015-SDH1,Vegetative,327,4.624642751153308,4.282445687927564,-7.309602945134001,-0.07301851280271124
CV-E-B7,2015-SDH1,Water-soil,327,2.7445621190509435,2.338754585318386,-1.9266448453302756,-0.136487231302224
CV-E-B7,2015-TXH1,All-nonleaky,296,1.7838271679763216,1.4231971601104385,-0.040277234567904996,0.1773665739517041
CV-E-B7,2015-TXH1,B6R-all-EC-reference,296,1.793000277426577,1.4281638389599336,-0.051003736395919486,0.1737358174173685
CV-E-B7,2015-TXH1,Canopy-growth,296,1.783460380526983,1.4316817091691787,-0.03984947854713883,0.14232913300897723
CV-E-B7,2015-TXH1,Grain-fill-maturity,296,1.7646520927308331,1.3992105018512533,-0.018032721953877617,0.2273198931036188
CV-E-B7,2015-TXH1,Process-MK,296,2.236937104822831,1.7678436377217488,-0.6358786829923173,0.12016492085015197
CV-E-B7,2015-TXH1,Reproductive-transition,296,1.8445126556463358,1.4765060310564535,-0.1122612963003935,0.07018103958108927
CV-E-B7,2015-TXH1,Stage-MK,296,1.8461636660155851,1.4606266637133778,-0.1142533420389873,0.13982345166276466
CV-E-B7,2015-TXH1,Thermal,296,2.007500856694586,1.566258915491961,-0.31751335162823313,0.20865673723320746
CV-E-B7,2015-TXH1,Thermal+water-MK,296,1.9203275529562558,1.5045811820980355,-0.20557483205819382,0.20657624017612994
CV-E-B7,2015-TXH1,Vegetative,296,1.903474692681298,1.4999081169853579,-0.18450735204907698,0.09842413679145928
CV-E-B7,2015-TXH1,Water-soil,296,1.9401415325881741,1.5182634065469396,-0.23058147181070043,0.19776633250138637
CV-E-B7,2015-TXH2,All-nonleaky,308,2.8438801822416657,2.446814616580032,-1.9497671321353516,0.14339279861700452
CV-E-B7,2015-TXH2,B6R-all-EC-reference,308,2.884919199992262,2.4898319327542295,-2.035515470689445,0.14387545124776116
CV-E-B7,2015-TXH2,Canopy-growth,308,5.834976339787691,5.590413651919044,-11.41776226784748,0.12692432506126824
CV-E-B7,2015-TXH2,Grain-fill-maturity,308,2.254557569076796,1.84376277447465,-0.8539063887695717,0.16195287199411498
CV-E-B7,2015-TXH2,Process-MK,308,2.185075686006095,1.7774259862282409,-0.7413982815670925,0.14841949911108165
CV-E-B7,2015-TXH2,Reproductive-transition,308,4.321365707576742,3.9793496699599227,-5.810942047183676,0.12138916357911571
CV-E-B7,2015-TXH2,Stage-MK,308,2.930541471265551,2.5375998717344617,-2.1322822235722416,0.11458410545860441
CV-E-B7,2015-TXH2,Thermal,308,2.1083646881318145,1.70069981562824,-0.6212747171179163,0.11813194034005997
CV-E-B7,2015-TXH2,Thermal+water-MK,308,2.028796125493378,1.6177301169948066,-0.5012117538867482,0.12564142227219466
CV-E-B7,2015-TXH2,Vegetative,308,2.2705935168442446,1.8532096379259466,-0.8803726661310882,0.08535855131781224
CV-E-B7,2015-TXH2,Water-soil,308,2.5199223596410305,2.1084805328850056,-1.316004840331201,0.1426483411730421
CV-E-B7,2016-DEH1,All-nonleaky,230,2.3354121871999793,1.9849278415665819,-0.5191748220135681,0.3067764155573154
CV-E-B7,2016-DEH1,B6R-all-EC-reference,230,2.3141728878962358,1.9633166575275411,-0.49166833974391744,0.3088678956464893
CV-E-B7,2016-DEH1,Canopy-growth,230,2.8092457303158955,2.4413080863835157,-1.1981641898474473,0.1661644837753431
CV-E-B7,2016-DEH1,Grain-fill-maturity,230,2.2338119745753953,1.8638178147708562,-0.389869097785164,0.2769043052282178
CV-E-B7,2016-DEH1,Process-MK,230,2.583670238881122,2.242959084626153,-0.8593229711564696,0.30206136121848903
CV-E-B7,2016-DEH1,Reproductive-transition,230,1.961706806768433,1.5934312993327837,-0.071886663947061,0.2910459618356774
CV-E-B7,2016-DEH1,Stage-MK,230,2.2759915031026665,1.9248760956610733,-0.4428525202050413,0.3223138829586168
CV-E-B7,2016-DEH1,Thermal,230,2.7107654335306086,2.3423386546459586,-1.0467488155741997,0.1863985316678434
CV-E-B7,2016-DEH1,Thermal+water-MK,230,2.505760194299856,2.1624695807831453,-0.7488786716888214,0.3033002080068993
CV-E-B7,2016-DEH1,Vegetative,230,1.894241327100257,1.5038568693614094,0.0005725245157806036,0.3219170773448636
CV-E-B7,2016-DEH1,Water-soil,230,2.2402222523891777,1.8860037485414616,-0.3978574429806827,0.34028636719065053
CV-E-B7,2016-GAH2,All-nonleaky,87,4.562048621717979,4.351527025959168,-10.325170589894284,0.16463006695871582
CV-E-B7,2016-GAH2,B6R-all-EC-reference,87,4.478691030830238,4.2638277277582315,-9.9150854324062,0.1654613930713492
CV-E-B7,2016-GAH2,Canopy-growth,87,4.678198990692971,4.493505350103904,-10.909192494435766,0.2798507804329152
CV-E-B7,2016-GAH2,Grain-fill-maturity,87,3.9731181754373694,3.739446594426582,-7.589895862855858,0.22729724557591283
CV-E-B7,2016-GAH2,Process-MK,87,4.870625485599739,4.6737737857465405,-11.909053687487612,0.1645238837638879
CV-E-B7,2016-GAH2,Reproductive-transition,87,5.304940524042179,5.133883830774,-14.313905811768116,0.21635291632811085
CV-E-B7,2016-GAH2,Stage-MK,87,4.455594946192859,4.245051261651685,-9.802800069938367,0.18580614320392183
CV-E-B7,2016-GAH2,Thermal,87,3.3298887908318213,3.066204810699216,-5.033709437576119,0.270869328441991
CV-E-B7,2016-GAH2,Thermal+water-MK,87,3.596187695338606,3.3350106967309747,-6.037357836978253,0.2044071115913686
CV-E-B7,2016-GAH2,Vegetative,87,3.964848494016322,3.723614142858329,-7.5541749142508365,0.18720320320345266
CV-E-B7,2016-GAH2,Water-soil,87,4.1958021604441536,3.9687630646933405,-8.579766811704587,0.16872439486293495
CV-E-B7,2016-IAH2,All-nonleaky,388,3.0657074086228837,2.3780246541117562,-0.6457307910176204,0.1560702949304217
CV-E-B7,2016-IAH2,B6R-all-EC-reference,388,3.1914645042607983,2.4991320915423803,-0.7835177051684883,0.15467256365881493
CV-E-B7,2016-IAH2,Canopy-growth,388,2.5084525362434746,1.9085285162266576,-0.10181622601778573,0.15343744526704073
CV-E-B7,2016-IAH2,Grain-fill-maturity,388,3.1464986368824515,2.4653272553531025,-0.7336143124615402,0.06949387056438884
CV-E-B7,2016-IAH2,Process-MK,388,3.026469008473972,2.3291809913763073,-0.6038725329877392,0.13260897474827574
CV-E-B7,2016-IAH2,Reproductive-transition,388,3.0548720620345002,2.3582015935566454,-0.6341181035837495,0.1248589794154304
CV-E-B7,2016-IAH2,Stage-MK,388,3.1954784309782256,2.5018645738196943,-0.7880068111966674,0.13539722881237187
CV-E-B7,2016-IAH2,Thermal,388,2.7157445520984944,2.048368500247328,-0.29144293842100044,0.10499998430001509
CV-E-B7,2016-IAH2,Thermal+water-MK,388,2.7985431282808597,2.1196314733017703,-0.37139131990151486,0.08349073366812367
CV-E-B7,2016-IAH2,Vegetative,388,2.6090531390757903,1.9554285132856295,-0.19196426919913812,0.20688491575303963
CV-E-B7,2016-IAH2,Water-soil,388,2.7078250267563555,2.052720826126566,-0.28392183160108697,0.13205463279334656
CV-E-B7,2016-IAH3,All-nonleaky,375,1.4782565701365251,1.1684608805234344,-0.08759191361830898,0.13280036964495015
CV-E-B7,2016-IAH3,B6R-all-EC-reference,375,1.4905048076478968,1.177392119837096,-0.10568927358635793,0.13127765423985524
CV-E-B7,2016-IAH3,Canopy-growth,375,1.552385896751903,1.2287891420944919,-0.1994046030325909,0.1580315429752116
CV-E-B7,2016-IAH3,Grain-fill-maturity,375,1.495109174368668,1.1879421723021302,-0.11253106604957619,0.10398383403198917
CV-E-B7,2016-IAH3,Process-MK,375,1.7038527163383375,1.3377267743402543,-0.44487552990897883,0.1111448200836104
CV-E-B7,2016-IAH3,Reproductive-transition,375,1.50250409596652,1.1787776093163542,-0.12356360604862004,0.12313765075725329
CV-E-B7,2016-IAH3,Stage-MK,375,1.4860076703062561,1.1759219466485786,-0.09902718823078493,0.12947909026791696
CV-E-B7,2016-IAH3,Thermal,375,1.6301434909748345,1.3380309145494582,-0.3225679754316437,0.06939307596281867
CV-E-B7,2016-IAH3,Thermal+water-MK,375,1.4804590477523816,1.172941072690843,-0.0908351683590567,0.07658768012511867
CV-E-B7,2016-IAH3,Vegetative,375,1.5164060786223144,1.2265335570259688,-0.14445143332185517,0.14262297124792467
CV-E-B7,2016-IAH3,Water-soil,375,1.5378640830645038,1.2550512411621455,-0.17706986788314882,0.1301220064490289
CV-E-B7,2016-IAH4,All-nonleaky,396,1.3252611029878236,1.0334378876053598,-0.06847173855011657,0.27270508751342454
CV-E-B7,2016-IAH4,B6R-all-EC-reference,396,1.355119527297033,1.0566857608421703,-0.11715991319216057,0.27179748348783345
CV-E-B7,2016-IAH4,Canopy-growth,396,1.5845121226284224,1.245010288226545,-0.5273946637282412,0.22176635574685782
CV-E-B7,2016-IAH4,Grain-fill-maturity,396,1.7152584584700579,1.3855357811280744,-0.7898608794101487,0.3198607832619948
CV-E-B7,2016-IAH4,Process-MK,396,1.3964585738866329,1.086428855159024,-0.1863593304460056,0.2862159091652542
CV-E-B7,2016-IAH4,Reproductive-transition,396,1.247537260562957,0.9848420101808509,0.05318051264600787,0.2664066060595557
CV-E-B7,2016-IAH4,Stage-MK,396,1.3816411457307451,1.0745312797289688,-0.16131665082914215,0.28402861155625614
CV-E-B7,2016-IAH4,Thermal,396,1.2948468458645261,1.0293972543771397,-0.019992416886295716,0.2729692485581836
CV-E-B7,2016-IAH4,Thermal+water-MK,396,1.2259416757442858,0.961756149892055,0.0856767682713443,0.31129170273801715
CV-E-B7,2016-IAH4,Vegetative,396,1.3546131878332512,1.0581407559348595,-0.11632521712236255,0.2512634150436891
CV-E-B7,2016-IAH4,Water-soil,396,1.2333631214409464,0.9722629702840474,0.0745732398758886,0.30690271359028976
CV-E-B7,2016-ILH1,All-nonleaky,212,1.8364759759795661,1.3986784924871203,0.011114979631068111,0.1920135139330603
CV-E-B7,2016-ILH1,B6R-all-EC-reference,212,1.8509395559957214,1.4080338754233677,-0.004522731220426568,0.19361706978538762
CV-E-B7,2016-ILH1,Canopy-growth,212,1.8836246032241282,1.435245703899655,-0.04031294867761637,0.08138692268676696
CV-E-B7,2016-ILH1,Grain-fill-maturity,212,1.8745829569394645,1.4253319092396501,-0.03034964035019705,0.1081170972536508
CV-E-B7,2016-ILH1,Process-MK,212,1.9392792569456982,1.4768440478952791,-0.10269650895427884,0.21091598764317773
CV-E-B7,2016-ILH1,Reproductive-transition,212,2.5000787233919395,2.0277347243466406,-0.8326632180512596,0.20351223633864465
CV-E-B7,2016-ILH1,Stage-MK,212,1.8390583950666626,1.4013323775254145,0.008331920033087581,0.17786268869900668
CV-E-B7,2016-ILH1,Thermal,212,1.903842429931182,1.4754142096401417,-0.06276513442220977,0.20528694927609828
CV-E-B7,2016-ILH1,Thermal+water-MK,212,1.829716122523783,1.4081417702039973,0.01838152172257823,0.19358702139008646
CV-E-B7,2016-ILH1,Vegetative,212,1.91641381367384,1.47118664639216,-0.07684669776160535,0.22936779035366103
CV-E-B7,2016-ILH1,Water-soil,212,1.8375504086287406,1.3971783320934874,0.009957544225711934,0.17093309324524353
CV-E-B7,2016-INH1,All-nonleaky,235,2.3796413427534824,1.89045071297623,-0.61859253337612,0.43350609479912505
CV-E-B7,2016-INH1,B6R-all-EC-reference,235,2.36611882338494,1.877571916916715,-0.6002492143035256,0.43409531946517593
CV-E-B7,2016-INH1,Canopy-growth,235,2.4534445521755335,1.9696443290237435,-0.7205488842518466,0.3011795729334356
CV-E-B7,2016-INH1,Grain-fill-maturity,235,2.467051562720686,1.9745011355331157,-0.7396864253406847,0.3624694844097658
CV-E-B7,2016-INH1,Process-MK,235,2.8697948395603534,2.3832714299793873,-1.3540529224965039,0.4306311941057478
CV-E-B7,2016-INH1,Reproductive-transition,235,2.2785654619511977,1.7952868077883446,-0.48401244114303466,0.4089530669662564
CV-E-B7,2016-INH1,Stage-MK,235,2.4736755790472804,1.9798609341020907,-0.7490410590268186,0.44400617912378315
CV-E-B7,2016-INH1,Thermal,235,3.2368505450082017,2.7547344483512597,-1.9947447756691399,0.3095250539427943
CV-E-B7,2016-INH1,Thermal+water-MK,235,3.3556103285264425,2.9135574020423816,-2.218530036785088,0.4180526397004997
CV-E-B7,2016-INH1,Vegetative,235,2.0268463799440157,1.5706853222286747,-0.17423815716776891,0.4349144256922462
CV-E-B7,2016-INH1,Water-soil,235,2.19053799385696,1.7087406514223265,-0.37156407737025243,0.446066013707582
CV-E-B7,2016-MIH1,All-nonleaky,234,2.5552291653922823,2.183564626971256,-0.5818876910772863,0.0677108334607554
CV-E-B7,2016-MIH1,B6R-all-EC-reference,234,2.506690176017782,2.1339711468580935,-0.5223596096798675,0.06575442636267609
CV-E-B7,2016-MIH1,Canopy-growth,234,2.2186558204126263,1.8303688811973249,-0.19260274858555682,0.1139438641347564
CV-E-B7,2016-MIH1,Grain-fill-maturity,234,2.5683891101026477,2.2047334519327184,-0.598223730235022,0.1385085886733837
CV-E-B7,2016-MIH1,Process-MK,234,2.4852479221057626,2.110104098089178,-0.4964264424379008,0.07351844520329269
CV-E-B7,2016-MIH1,Reproductive-transition,234,2.0895622120376185,1.630017053883808,-0.05785598297661121,0.06519887990527719
CV-E-B7,2016-MIH1,Stage-MK,234,2.4278502799233266,2.0488755131151577,-0.4281036776610241,0.06872268128251319
CV-E-B7,2016-MIH1,Thermal,234,2.013934928995383,1.5604556257240199,0.017332023226504734,0.18250794170062704
CV-E-B7,2016-MIH1,Thermal+water-MK,234,2.1847837284542475,1.762182403357158,-0.15646592351501987,0.07332865958595072
CV-E-B7,2016-MIH1,Vegetative,234,2.1650740106094384,1.7326816869615764,-0.13569425439685134,0.07812962701892566
CV-E-B7,2016-MIH1,Water-soil,234,2.093333450815515,1.588343822279722,-0.061677862543389805,0.05713911470529441
CV-E-B7,2016-MNH1,All-nonleaky,232,2.1151649890924342,1.7392220497826345,-1.0813192648931387,-0.02039971457802047
CV-E-B7,2016-MNH1,B6R-all-EC-reference,232,2.079444333559313,1.706360305247254,-1.0116147123573653,-0.018155116699750957
CV-E-B7,2016-MNH1,Canopy-growth,232,1.74785611942245,1.43162530512339,-0.4212208308178045,0.1339134712972259
CV-E-B7,2016-MNH1,Grain-fill-maturity,232,1.786273710365534,1.4551716144803009,-0.4843838430541261,0.057057171824872945
CV-E-B7,2016-MNH1,Process-MK,232,1.7512406999525227,1.407057907635959,-0.4267303159684459,-0.011082108327637018
CV-E-B7,2016-MNH1,Reproductive-transition,232,1.5603903437170403,1.2322488484678324,-0.13270472905245456,0.05275657580734415
CV-E-B7,2016-MNH1,Stage-MK,232,1.703353748486711,1.3702511140824458,-0.3497704209504371,-0.0008714763093768676
CV-E-B7,2016-MNH1,Thermal,232,1.5227469391702309,1.1970038103250935,-0.07871241222742809,0.09443517277280744
CV-E-B7,2016-MNH1,Thermal+water-MK,232,1.7927449795367523,1.4379933711892898,-0.4951585045874891,0.004768967186206981
CV-E-B7,2016-MNH1,Vegetative,232,1.9157701608626825,1.568187436347463,-0.707406831622124,0.04820052989910491
CV-E-B7,2016-MNH1,Water-soil,232,2.623743219879167,2.259803687631324,-2.202527474041326,0.01745958287719256
CV-E-B7,2016-NEH1,All-nonleaky,231,2.318651284065804,1.8735918749103617,-0.7386459274147896,0.36914284600424335
CV-E-B7,2016-NEH1,B6R-all-EC-reference,231,2.296243470989957,1.8519592187770058,-0.7052032109364914,0.36624174975875484
CV-E-B7,2016-NEH1,Canopy-growth,231,2.1418696832086175,1.7054101549942091,-0.48363257510837787,0.21041075672913842
CV-E-B7,2016-NEH1,Grain-fill-maturity,231,2.4067439713769025,1.9498181457203214,-0.873268619897146,0.21709747610047309
CV-E-B7,2016-NEH1,Process-MK,231,2.8131231860187347,2.378186095418453,-1.5592798261218395,0.3309978204143607
CV-E-B7,2016-NEH1,Reproductive-transition,231,2.661822415018768,2.219384321017883,-1.291386914566898,0.28748036775911556
CV-E-B7,2016-NEH1,Stage-MK,231,2.348377030854241,1.9030687089230491,-0.7835115276799012,0.3584101478341215
CV-E-B7,2016-NEH1,Thermal,231,2.2587877005730426,1.8073348677008105,-0.650027192189143,0.1954855785809509
CV-E-B7,2016-NEH1,Thermal+water-MK,231,2.1583966685121396,1.718075464729678,-0.5066167686299119,0.3576766054125569
CV-E-B7,2016-NEH1,Vegetative,231,3.0260097693407686,2.5982684922511776,-1.9612898932922032,0.26090397932544307
CV-E-B7,2016-NEH1,Water-soil,231,2.1918613800489735,1.7528867588153736,-0.5536974107887864,0.4041838691292165
CV-E-B7,2016-NEH4,All-nonleaky,214,2.0713128638712486,1.6732302935726926,-0.9804620275923595,0.11730094440747069
CV-E-B7,2016-NEH4,B6R-all-EC-reference,214,2.100654509203587,1.7026215211617433,-1.0369687974069728,0.1170755017005918
CV-E-B7,2016-NEH4,Canopy-growth,214,2.1755607062870914,1.7693095876760794,-1.1848293818647568,0.011194577488682083
CV-E-B7,2016-NEH4,Grain-fill-maturity,214,2.72399615887153,2.326725285955633,-2.42521704714076,-0.0049205471966528745
CV-E-B7,2016-NEH4,Process-MK,214,2.061116290691529,1.6617657524034628,-0.9610113483308087,0.14686206431430016
CV-E-B7,2016-NEH4,Reproductive-transition,214,1.986534250432975,1.5886047076685437,-0.8216596118306339,0.10697711340206414
CV-E-B7,2016-NEH4,Stage-MK,214,2.0482197474331247,1.6484357701087726,-0.9365477638694306,0.11146477936225724
CV-E-B7,2016-NEH4,Thermal,214,1.7355157200413718,1.3435242338458202,-0.39037585962083976,0.13716870259433364
CV-E-B7,2016-NEH4,Thermal+water-MK,214,1.6872711814999806,1.3049644884206735,-0.3141498591493741,0.1169039985793961
CV-E-B7,2016-NEH4,Vegetative,214,1.822805275030604,1.4304690744216666,-0.5337538594872069,0.19013702788757325
CV-E-B7,2016-NEH4,Water-soil,214,2.061627864810685,1.6614694093934137,-0.9619849247916703,0.10524735713412879
CV-E-B7,2016-NYH1,All-nonleaky,224,1.1726306136257876,0.9286477451805256,-0.050690044343417284,0.21010003751320203
CV-E-B7,2016-NYH1,B6R-all-EC-reference,224,1.1575961886934023,0.9156084706362516,-0.023920734451323256,0.2086853132771853
CV-E-B7,2016-NYH1,Canopy-growth,224,1.1226425371669764,0.8808427932610902,0.03698035060995519,0.26272523344073234
CV-E-B7,2016-NYH1,Grain-fill-maturity,224,1.4149445942251555,1.11432942855938,-0.5297872243015183,0.23630868083856638
CV-E-B7,2016-NYH1,Process-MK,224,1.259258630463967,0.9913337526632751,-0.21166352151440182,0.24609958198197332
CV-E-B7,2016-NYH1,Reproductive-transition,224,1.1783883377093818,0.9120172264555507,-0.06103334479526379,0.2760971867920292
CV-E-B7,2016-NYH1,Stage-MK,224,1.1352537481792542,0.8928088569850701,0.015222652698980488,0.24396581427893707
CV-E-B7,2016-NYH1,Thermal,224,2.7854450244402016,2.564770118470015,-4.9284524893358235,0.3070878483876349
CV-E-B7,2016-NYH1,Thermal+water-MK,224,1.9035980466413176,1.597123083811328,-1.7688706134753867,0.2406920161202142
CV-E-B7,2016-NYH1,Vegetative,224,2.6798250736038294,2.435148048617322,-4.48738022201477,0.26578735794691816
CV-E-B7,2016-NYH1,Water-soil,224,1.1940948915505811,0.9521691536672104,-0.08950654092539545,0.21416897933050924
CV-E-B7,2016-NYH2,All-nonleaky,230,3.1909259483256784,2.5736721141603853,-2.118342259099625,-0.1451520069082429
CV-E-B7,2016-NYH2,B6R-all-EC-reference,230,3.196918491880632,2.5790857459313075,-2.1300657205472944,-0.14634625233524412
CV-E-B7,2016-NYH2,Canopy-growth,230,2.438955796763086,1.8721129497513886,-0.8217894699864887,-0.04249409682091039
CV-E-B7,2016-NYH2,Grain-fill-maturity,230,3.77291319973017,3.268786095907221,-3.3595730242370596,-0.09516121457108745
CV-E-B7,2016-NYH2,Process-MK,230,2.8978271668929985,2.277741331274064,-1.5717887254170444,-0.12544621203142356
CV-E-B7,2016-NYH2,Reproductive-transition,230,2.5532110877214254,1.9660232335137509,-0.9964745224200755,-0.07418722156298643
CV-E-B7,2016-NYH2,Stage-MK,230,3.047099216199641,2.436156623730162,-1.8435673554241618,-0.10602138143827605
CV-E-B7,2016-NYH2,Thermal,230,2.4452122775240634,1.8797563354768114,-0.831148073380902,-0.011126218971559047
CV-E-B7,2016-NYH2,Thermal+water-MK,230,3.2471492966588977,2.6716182946730807,-2.2291992492945165,-0.0983932900023121
CV-E-B7,2016-NYH2,Vegetative,230,3.1779297667075275,2.572645876621295,-2.0929928692247457,-0.08846793689408447
CV-E-B7,2016-NYH2,Water-soil,230,3.97524514237064,3.45214720698992,-3.839696860635639,-0.1391529796862871
CV-E-B7,2016-NYH2L,All-nonleaky,96,6.77370402964118,6.711160918245388,-138.1522634808714,-0.19007315804318878
CV-E-B7,2016-NYH2L,B6R-all-EC-reference,96,6.694423719552186,6.6310991298851105,-134.91401322110104,-0.19767168226048681
CV-E-B7,2016-NYH2L,Canopy-growth,96,5.0802051170786235,5.012179742425356,-77.27090168730092,-0.15132337830293155
CV-E-B7,2016-NYH2L,Grain-fill-maturity,96,5.4705988102920236,5.396372924416934,-89.76273519069399,-0.07790272876241808
CV-E-B7,2016-NYH2L,Process-MK,96,7.135826854502154,7.070979888409052,-153.4281430007013,-0.2039362721046228
CV-E-B7,2016-NYH2L,Reproductive-transition,96,6.5133651923004905,6.450850814749472,-127.66152646201962,-0.18806331630746284
CV-E-B7,2016-NYH2L,Stage-MK,96,6.80741976931176,6.7454703253206345,-139.5409564658675,-0.15290386331286412
CV-E-B7,2016-NYH2L,Thermal,96,5.379158138295698,5.304695740510696,-86.75390789567288,-0.05552675192472818
CV-E-B7,2016-NYH2L,Thermal+water-MK,96,7.020869363130602,6.950879544188254,-148.49257621965972,-0.18988431632299188
CV-E-B7,2016-NYH2L,Vegetative,96,7.0912121504323675,7.031896362870607,-151.50314456655025,-0.11078321072449196
CV-E-B7,2016-NYH2L,Water-soil,96,7.65725358781887,7.604796459446027,-176.82134947980828,-0.157758207058211
CV-E-B7,2016-TXH1,All-nonleaky,218,3.078962600042456,2.8754446885817453,-6.301725391645814,0.2745089760571379
CV-E-B7,2016-TXH1,B6R-all-EC-reference,218,3.0768134421098576,2.873022740787522,-6.291535541183871,0.27400098165539866
CV-E-B7,2016-TXH1,Canopy-growth,218,2.0487684990464925,1.7514227675398444,-2.2329757308415656,0.12057400976531776
CV-E-B7,2016-TXH1,Grain-fill-maturity,218,2.6782709777897096,2.4359252478314,-4.524916248463572,0.22357460995412026
CV-E-B7,2016-TXH1,Process-MK,218,2.8548920786502854,2.6343888325244817,-5.277634981356661,0.2780075262406452
CV-E-B7,2016-TXH1,Reproductive-transition,218,3.254394111382332,3.0627011779067526,-7.15749768713858,0.27519301652717715
CV-E-B7,2016-TXH1,Stage-MK,218,2.867493579517572,2.6518400860305036,-5.333176284566254,0.30037099012592045
CV-E-B7,2016-TXH1,Thermal,218,2.6581296630518607,2.415310745329632,-4.442131008467166,0.2454735409045051
CV-E-B7,2016-TXH1,Thermal+water-MK,218,2.329395249008028,2.0700425228499824,-3.1792951139804124,0.2794298660797776
CV-E-B7,2016-TXH1,Vegetative,218,2.674225143843458,2.4376371592372736,-4.508236823121571,0.29777507019691873
CV-E-B7,2016-TXH1,Water-soil,218,2.7983913229165167,2.574083540546927,-5.031614262752899,0.2783094053400228
CV-E-B7,2016-TXH2,All-nonleaky,234,2.2356321593882162,1.7900489641640749,-0.42966591230574025,0.28894623524028457
CV-E-B7,2016-TXH2,B6R-all-EC-reference,234,2.219732313633389,1.7756898160244474,-0.4094026197587932,0.29668822151487595
CV-E-B7,2016-TXH2,Canopy-growth,234,2.338116368276487,1.8812297091572774,-0.5637456345106409,0.1933450625912882
CV-E-B7,2016-TXH2,Grain-fill-maturity,234,2.170236524724298,1.7287081765890273,-0.3472494110865463,0.2940844760802568
CV-E-B7,2016-TXH2,Process-MK,234,1.9984871303182763,1.574952217647907,-0.14244835732874717,0.34318095464442816
CV-E-B7,2016-TXH2,Reproductive-transition,234,2.3141498390469666,1.8775691533965118,-0.5318520326459442,0.3314151130056091
CV-E-B7,2016-TXH2,Stage-MK,234,2.1835128418909195,1.741975219303249,-0.363783295952939,0.3639689722589561
CV-E-B7,2016-TXH2,Thermal,234,2.38936914050435,1.9284291545250416,-0.6330533259345719,0.3331661961450185
CV-E-B7,2016-TXH2,Thermal+water-MK,234,2.403315564454711,1.9426114598586872,-0.6521727844274612,0.3367559811797002
CV-E-B7,2016-TXH2,Vegetative,234,1.76282211112487,1.3821559328754187,0.1111042202536523,0.37720908241040185
CV-E-B7,2016-TXH2,Water-soil,234,1.9203136760214714,1.5071046160739416,-0.054819659647183494,0.298314132844292
CV-E-B7,2016-WIH1,All-nonleaky,308,1.7607656025634335,1.3525414476658648,0.1518457282228346,0.3898966161644913
CV-E-B7,2016-WIH1,B6R-all-EC-reference,308,1.767055463895626,1.3680441925283933,0.1457752992343212,0.38484278107784853
CV-E-B7,2016-WIH1,Canopy-growth,308,1.8164558672418256,1.424342463904082,0.09734568164513469,0.3140077276749467
CV-E-B7,2016-WIH1,Grain-fill-maturity,308,1.903210368765277,1.5049943958955254,0.009064577935531282,0.26632424051353487
CV-E-B7,2016-WIH1,Process-MK,308,1.97123347532839,1.5859340924703726,-0.0630358090010743,0.3944810705424021
CV-E-B7,2016-WIH1,Reproductive-transition,308,2.0406517471908625,1.5629761433968696,-0.13922512249638763,0.35641766817466075
CV-E-B7,2016-WIH1,Stage-MK,308,1.7592577659471376,1.3589163298331262,0.15329774486827863,0.39207894921753395
CV-E-B7,2016-WIH1,Thermal,308,1.9236194800921944,1.5284052832923278,-0.012302001918204963,0.2914265627654641
CV-E-B7,2016-WIH1,Thermal+water-MK,308,1.787490443630166,1.3859556640571926,0.12590382436726955,0.3695746835279536
CV-E-B7,2016-WIH1,Vegetative,308,1.8102651682477109,1.3771404645292618,0.10348790496101867,0.3666206927616954
CV-E-B7,2016-WIH1,Water-soil,308,1.7726473583174327,1.3770433368020754,0.14036031086647827,0.37580775189343407
CV-E-B7,2016-WIH2,All-nonleaky,418,2.3347723113876837,1.9214030013556676,0.06787425378694145,0.3427306152926742
CV-E-B7,2016-WIH2,B6R-all-EC-reference,418,2.344032959890527,1.925828074648174,0.060465216060474836,0.3416273167794235
CV-E-B7,2016-WIH2,Canopy-growth,418,2.403000327130731,1.9625308180575343,0.012600063193713318,0.2870934803453187
CV-E-B7,2016-WIH2,Grain-fill-maturity,418,2.5281810863774137,2.046168206870346,-0.09295376691195933,0.2562709569914773
CV-E-B7,2016-WIH2,Process-MK,418,2.5072412168084384,2.024380764211448,-0.07492378435325087,0.357420136355904
CV-E-B7,2016-WIH2,Reproductive-transition,418,2.2933646513499912,1.9108012819742868,0.10064394333847093,0.36573309566608103
CV-E-B7,2016-WIH2,Stage-MK,418,2.5118329172703944,2.0268374873544572,-0.07886456802423081,0.3374887691654637
CV-E-B7,2016-WIH2,Thermal,418,2.3135092767354686,1.9253189336248653,0.08477489225078727,0.30667153215032267
CV-E-B7,2016-WIH2,Thermal+water-MK,418,2.4783631277719396,2.008737123743293,-0.05030471133474501,0.31143358154433654
CV-E-B7,2016-WIH2,Vegetative,418,2.4137088926863917,1.9505448933512413,0.0037800920535364657,0.382679968284261
CV-E-B7,2016-WIH2,Water-soil,418,2.3566502594725764,1.9356503402191543,0.05032346759268147,0.3360331093878222
CV-E-B7,2017-COH1,All-nonleaky,209,3.7677705660738194,3.4647229309433167,-6.935507254970169,-0.03971112411702704
CV-E-B7,2017-COH1,B6R-all-EC-reference,209,3.5018741302588188,3.1754566457999163,-5.8549905238886755,-0.043829968474049616
CV-E-B7,2017-COH1,Canopy-growth,209,1.696350200176959,1.2814686492689187,-0.6085583655155147,0.007086094784790712
CV-E-B7,2017-COH1,Grain-fill-maturity,209,2.237739605853388,1.7566109144670816,-1.7991417501724802,-0.09064359808209799
CV-E-B7,2017-COH1,Process-MK,209,3.525397174708776,3.1924735243386415,-5.947393518252073,-0.03085285243206728
CV-E-B7,2017-COH1,Reproductive-transition,209,1.4983874364138898,1.1656102237671664,-0.25502980786967555,-0.030337394786480974
CV-E-B7,2017-COH1,Stage-MK,209,3.586755134313075,3.2722699070236683,-6.191330559934404,-0.016121470381718662
CV-E-B7,2017-COH1,Thermal,209,3.321237264246922,2.9558468924330534,-5.16602951150079,-0.04047470603852094
CV-E-B7,2017-COH1,Thermal+water-MK,209,2.4318179332909615,1.9621694892966253,-2.3057340297579856,-0.051528012445185095
CV-E-B7,2017-COH1,Vegetative,209,4.923733149161237,4.703847572503002,-12.551732169993375,0.05045384306168931
CV-E-B7,2017-COH1,Water-soil,209,3.9423764330487505,3.6579378630701793,-7.688043263501832,-0.023621157206899147
CV-E-B7,2017-DEH1,All-nonleaky,168,3.0741308352705605,2.6597188424846103,-1.1475691638785142,0.285769595076717
CV-E-B7,2017-DEH1,B6R-all-EC-reference,168,3.093444446362685,2.678440581935701,-1.1746386746203843,0.2831871099772318
CV-E-B7,2017-DEH1,Canopy-growth,168,4.214658018854136,3.780980556574213,-3.0367062570021988,0.1535021337707943
CV-E-B7,2017-DEH1,Grain-fill-maturity,168,2.9050588399836332,2.483431092678034,-0.9178398192220945,0.1853251399191868
CV-E-B7,2017-DEH1,Process-MK,168,3.983361050568565,3.5655920541807626,-2.605801459217815,0.2824088001756401
CV-E-B7,2017-DEH1,Reproductive-transition,168,3.5205233114667434,3.101177611888195,-1.8165464238123374,0.2797691533954661
CV-E-B7,2017-DEH1,Stage-MK,168,3.5322737688996972,3.114705770872171,-1.8353793856953349,0.2933942359389007
CV-E-B7,2017-DEH1,Thermal,168,3.0877740059938485,2.654317269382186,-1.1666735358746667,0.23638598605800612
CV-E-B7,2017-DEH1,Thermal+water-MK,168,3.4392972609294654,3.013368902291071,-1.6880781627548962,0.25311781492690355
CV-E-B7,2017-DEH1,Vegetative,168,2.8003597224687264,2.3863834106957573,-0.7820919576155909,0.31995183886493056
CV-E-B7,2017-DEH1,Water-soil,168,3.033796263808158,2.613075916494097,-1.09158389643944,0.2646265563327586
CV-E-B7,2017-GAH1,All-nonleaky,130,2.5431622500144555,2.026873595602683,0.022519626380803404,0.22126139138215367
CV-E-B7,2017-GAH1,B6R-all-EC-reference,130,2.5345539744036865,2.0247269481712777,0.029125716572000915,0.22069692537850297
CV-E-B7,2017-GAH1,Canopy-growth,130,3.060064680268567,2.5841905779774983,-0.4152107595646839,0.15205091321359154
CV-E-B7,2017-GAH1,Grain-fill-maturity,130,2.6458539032389843,2.1571494792440715,-0.05801452330307133,0.2277539774334782
CV-E-B7,2017-GAH1,Process-MK,130,2.501633234409634,2.0238564085688506,0.054182848738636435,0.28954097423821945
CV-E-B7,2017-GAH1,Reproductive-transition,130,3.2305981653307487,2.54594387698189,-0.5773417314963385,0.2470848581180194
CV-E-B7,2017-GAH1,Stage-MK,130,2.5014395461416523,2.004916045322297,0.05432930233660993,0.24897313176021782
CV-E-B7,2017-GAH1,Thermal,130,2.556659610594588,2.0514425349069296,0.0121165026050577,0.15263616693539148
CV-E-B7,2017-GAH1,Thermal+water-MK,130,2.5026266242049178,2.0013391216217826,0.05343153824087998,0.24005368730171717
CV-E-B7,2017-GAH1,Vegetative,130,2.49831048758955,2.0246641082186967,0.056693707457244,0.24747020078613705
CV-E-B7,2017-GAH1,Water-soil,130,2.724167884513451,2.1385123026450135,-0.12157326051022777,0.2630486269845473
CV-E-B7,2017-GAH2,All-nonleaky,84,1.7660384945490055,1.4478618035653978,-0.2170667047322168,0.2075567936408775
CV-E-B7,2017-GAH2,B6R-all-EC-reference,84,1.7667705401049025,1.4477650510353453,-0.21807589329736987,0.2092435349217026
CV-E-B7,2017-GAH2,Canopy-growth,84,1.8307107676509395,1.5027775430797758,-0.30783670551069986,0.21929777332710246
CV-E-B7,2017-GAH2,Grain-fill-maturity,84,1.5809623523910858,1.2420601940533593,0.024657594933156446,0.21285612474214843
CV-E-B7,2017-GAH2,Process-MK,84,1.6034945231025333,1.2465662011780514,-0.0033420455542974015,0.19715373675787362
CV-E-B7,2017-GAH2,Reproductive-transition,84,1.6256573775410945,1.2635741361413868,-0.03126929853782756,0.14277405768406182
CV-E-B7,2017-GAH2,Stage-MK,84,1.8199015427011425,1.5006079263580323,-0.29243835081816005,0.206808370860132
CV-E-B7,2017-GAH2,Thermal,84,1.681536858500026,1.364786315011524,-0.10338438292164231,0.21527490544888464
CV-E-B7,2017-GAH2,Thermal+water-MK,84,1.5641699724456066,1.23070846623012,0.045266989051217066,0.2258930926635909
CV-E-B7,2017-GAH2,Vegetative,84,1.6091309789021737,1.2739734576676143,-0.010408153348187454,0.17408624244723017
CV-E-B7,2017-GAH2,Water-soil,84,1.5750896050690253,1.250714957802909,0.031890279250204934,0.2505113059629055
CV-E-B7,2017-IAH4,All-nonleaky,326,2.8401721344469983,2.4512623154268542,-1.8338101243741347,0.25507567241142415
CV-E-B7,2017-IAH4,B6R-all-EC-reference,326,2.9876911900824226,2.604295989580712,-2.1358323509099586,0.2502817145469841
CV-E-B7,2017-IAH4,Canopy-growth,326,5.576614879008027,5.332325791039202,-9.925032298291415,0.25389229944268027
CV-E-B7,2017-IAH4,Grain-fill-maturity,326,3.3662576076475266,2.9982617371298823,-2.9808528011278375,0.2508831448126604
CV-E-B7,2017-IAH4,Process-MK,326,2.002214067969437,1.6102553827473958,-0.40832354555656103,0.2707761453909388
CV-E-B7,2017-IAH4,Reproductive-transition,326,2.820370151822836,2.439314344058502,-1.7944326246223996,0.2546830074242323
CV-E-B7,2017-IAH4,Stage-MK,326,2.6340872277155976,2.258969726676101,-1.4374837456667833,0.28820270358090205
CV-E-B7,2017-IAH4,Thermal,326,2.935812069213904,2.5590924582792005,-2.0278748896602656,0.2851979154815525
CV-E-B7,2017-IAH4,Thermal+water-MK,326,2.448241837740088,2.0408825374412984,-1.1056687594757468,0.23271288218878486
CV-E-B7,2017-IAH4,Vegetative,326,2.355662968178619,1.9748520278192,-0.9494303929962582,0.27662486854062174
CV-E-B7,2017-IAH4,Water-soil,326,2.275242928825543,1.897107299119421,-0.8185990918726338,0.2678581682833916
CV-E-B7,2017-ILH1,All-nonleaky,173,1.5650496137153005,1.2331649199139016,-0.5293050121691303,0.0242729713922414
CV-E-B7,2017-ILH1,B6R-all-EC-reference,173,1.5371410166762889,1.2102152595274822,-0.47524895323129024,0.02523240805942359
CV-E-B7,2017-ILH1,Canopy-growth,173,1.340660164820566,1.0825381640627116,-0.12221302016476043,0.054881402519103034
CV-E-B7,2017-ILH1,Grain-fill-maturity,173,1.6981014922299864,1.3462882946868369,-0.8003841452741738,-0.02876640858267155
CV-E-B7,2017-ILH1,Process-MK,173,1.6066695611205992,1.266009080060132,-0.6117253038870936,0.034301197539583994
CV-E-B7,2017-ILH1,Reproductive-transition,173,1.759686424104148,1.4057482779792918,-0.9333409930764724,0.025966174036852526
CV-E-B7,2017-ILH1,Stage-MK,173,1.655342096925001,1.3069419260543207,-0.710855821667967,0.01749800186395332
CV-E-B7,2017-ILH1,Thermal,173,2.8757571523433887,2.544838019670643,-4.1634777474458735,0.03475897514739467
CV-E-B7,2017-ILH1,Thermal+water-MK,173,2.7907344964678704,2.4403995108044927,-3.8626715272214414,0.005868006593555714
CV-E-B7,2017-ILH1,Vegetative,173,2.4865355660931483,2.1071621066918516,-2.8603549924356857,0.08365367068458006
CV-E-B7,2017-ILH1,Water-soil,173,1.8487741602341923,1.4873773955132459,-1.134055046328431,0.015099204785468001
CV-E-B7,2017-INH1,All-nonleaky,163,2.815149515593869,2.4795174148859127,-1.9345293549313447,0.2669965097726434
CV-E-B7,2017-INH1,B6R-all-EC-reference,163,2.8146037133249635,2.478210471519049,-1.9333915698831587,0.26589507511643146
CV-E-B7,2017-INH1,Canopy-growth,163,2.749133945193251,2.4027620833223495,-1.7985129934044748,0.22148490031048237
CV-E-B7,2017-INH1,Grain-fill-maturity,163,3.5904101151548913,3.281743011889012,-3.7733540100684193,0.20419454552763106
CV-E-B7,2017-INH1,Process-MK,163,2.8846944882058585,2.5617005272819657,-2.0813084606107806,0.2918617234066416
CV-E-B7,2017-INH1,Reproductive-transition,163,3.156523304903639,2.8436421049827154,-2.689381172664108,0.2789670389747388
CV-E-B7,2017-INH1,Stage-MK,163,2.5743887285669516,2.228817972803034,-1.4540520937347265,0.2985503008142071
CV-E-B7,2017-INH1,Thermal,163,3.115550337388543,2.7867115512890024,-2.594223437869039,0.21085710305466904
CV-E-B7,2017-INH1,Thermal+water-MK,163,2.7808860598441494,2.450676849518833,-1.8635311846194602,0.30191649609515336
CV-E-B7,2017-INH1,Vegetative,163,2.4052726885845654,2.0488450707294863,-1.1422204799125444,0.2870540039152793
CV-E-B7,2017-INH1,Water-soil,163,2.7427738808695943,2.413132435957645,-1.7855793681134928,0.3127595301699758
CV-E-B7,2017-MIH1,All-nonleaky,184,1.6932070264189134,1.3844326896977521,0.1040495398209218,0.3315719926635668
CV-E-B7,2017-MIH1,B6R-all-EC-reference,184,1.7012993615820122,1.3952915928539331,0.09546505247269288,0.32857910702611576
CV-E-B7,2017-MIH1,Canopy-growth,184,2.429610828226125,2.0845238169879967,-0.8447490770905057,0.27792553678878973
CV-E-B7,2017-MIH1,Grain-fill-maturity,184,3.0780364203359762,2.67874753744174,-1.960815743027677,0.27765127900480024
CV-E-B7,2017-MIH1,Process-MK,184,1.8257452490178894,1.5268298271752951,-0.041703758673096614,0.34582392748966184
CV-E-B7,2017-MIH1,Reproductive-transition,184,3.9920655580592794,3.622911911829233,-3.9803424062488766,0.3028528562045003
CV-E-B7,2017-MIH1,Stage-MK,184,1.9294633973403694,1.6322012222331392,-0.16342116789541872,0.3388466210768742
CV-E-B7,2017-MIH1,Thermal,184,2.696264090338004,2.3298737807127137,-1.2718974714067266,0.33650048663181553
CV-E-B7,2017-MIH1,Thermal+water-MK,184,2.0543927115677336,1.7336607020093724,-0.3189575070456243,0.31613271691184824
CV-E-B7,2017-MIH1,Vegetative,184,1.67716608563555,1.3628133451992754,0.12094506476450606,0.3502921093374122
CV-E-B7,2017-MIH1,Water-soil,184,1.6941976318217318,1.3860984189084482,0.10300088720260625,0.32258778950838574
CV-E-B7,2017-MNH1,All-nonleaky,212,1.7996905268371872,1.4381964081422052,-0.353561000714,0.027712554517907582
CV-E-B7,2017-MNH1,B6R-all-EC-reference,212,1.8331204610352185,1.4679102366850654,-0.4043138578335561,0.02556170468136366
CV-E-B7,2017-MNH1,Canopy-growth,212,1.5281777341284575,1.1854821493085177,0.024044745083289243,0.19017170289753582
CV-E-B7,2017-MNH1,Grain-fill-maturity,212,2.9718791391411403,2.5746452131053994,-2.691003512909189,0.020542037218022335
CV-E-B7,2017-MNH1,Process-MK,212,1.7154108098214593,1.3526782263340211,-0.22975460226904376,0.050957779627880236
CV-E-B7,2017-MNH1,Reproductive-transition,212,1.6097319278720619,1.2556701057902497,-0.08290232879343984,0.18116467941685171
CV-E-B7,2017-MNH1,Stage-MK,212,1.756484782172427,1.4018218435953391,-0.2893503858591213,0.09491188753858011
CV-E-B7,2017-MNH1,Thermal,212,2.017318158531829,1.6732210078523455,-0.7007127481222502,0.17195102141683002
CV-E-B7,2017-MNH1,Thermal+water-MK,212,2.0216720638750743,1.642770551538604,-0.7080618447283102,0.05121751474185569
CV-E-B7,2017-MNH1,Vegetative,212,1.9844414724091317,1.5720769049147119,-0.6457306630086983,0.12705434080196196
CV-E-B7,2017-MNH1,Water-soil,212,1.6393161214491372,1.2928012438046437,-0.12307197818494098,0.024460629144542497
CV-E-B7,2017-NYH1,All-nonleaky,204,2.76234309447014,2.302592265174995,-1.9776407069421316,0.09955451406488491
CV-E-B7,2017-NYH1,B6R-all-EC-reference,204,2.679740657312452,2.212857574036522,-1.802222310025427,0.09800507809244964
CV-E-B7,2017-NYH1,Canopy-growth,204,2.53454271340535,2.0936212471833273,-1.5067803667385498,0.16712864687317786
CV-E-B7,2017-NYH1,Grain-fill-maturity,204,2.1509837801529086,1.7168431195444844,-0.8054743652165053,0.11793535512715744
CV-E-B7,2017-NYH1,Process-MK,204,1.992802085479984,1.5762110031391618,-0.5496920086930543,0.14600144815439073
CV-E-B7,2017-NYH1,Reproductive-transition,204,2.1708874873685,1.730094496766074,-0.8390421635011363,0.1219261868780501
CV-E-B7,2017-NYH1,Stage-MK,204,2.4118633987700324,1.9471870933172888,-1.2699822922151567,0.11232962140693327
CV-E-B7,2017-NYH1,Thermal,204,2.61526762724138,2.166595029802669,-1.6690046561736973,0.17993242712427482
CV-E-B7,2017-NYH1,Thermal+water-MK,204,2.0107168893665928,1.590729250474289,-0.5776799532541339,0.15834955404587572
CV-E-B7,2017-NYH1,Vegetative,204,2.293671211678656,1.8169685980708503,-1.0529547776986212,0.1016414821723964
CV-E-B7,2017-NYH1,Water-soil,204,2.722486333733366,2.2735251143665187,-1.8923341957000255,0.12528266161079085
CV-E-B7,2017-NYH2,All-nonleaky,197,1.7327722414400626,1.4234758078680205,-0.32824269631894976,0.11515505895295582
CV-E-B7,2017-NYH2,B6R-all-EC-reference,197,1.8033353064324322,1.485879165877196,-0.43862447152859985,0.11382441054252403
CV-E-B7,2017-NYH2,Canopy-growth,197,1.7635953877861683,1.4556015667779143,-0.37591745807168353,0.17375789104724126
CV-E-B7,2017-NYH2,Grain-fill-maturity,197,2.0049019369466725,1.6826153868575509,-0.7782005622940367,0.16350498004135874
CV-E-B7,2017-NYH2,Process-MK,197,2.1012992453328967,1.7739123819308675,-0.9533059882848807,0.1218061807945164
CV-E-B7,2017-NYH2,Reproductive-transition,197,2.3228258786427762,1.9938124584247723,-1.3868646039753996,0.11406088720956548
CV-E-B7,2017-NYH2,Stage-MK,197,1.711564504508286,1.4059590440170677,-0.29592842218149507,0.12870902210864804
CV-E-B7,2017-NYH2,Thermal,197,1.7485763364292621,1.4513930306892826,-0.35258219416126435,0.1278419663916194
CV-E-B7,2017-NYH2,Thermal+water-MK,197,1.7860866480133633,1.485192793962105,-0.4112355892715951,0.13846558743047233
CV-E-B7,2017-NYH2,Vegetative,197,1.9423631778946941,1.6083600079008615,-0.6689961896773429,0.07733029201000081
CV-E-B7,2017-NYH2,Water-soil,197,1.6609425530616364,1.3672784393698447,-0.22040420672471095,0.13581904027569058
CV-E-B7,2017-NYH3,All-nonleaky,132,2.361149440861971,1.8706018791465064,-1.0087037036281736,0.08832348937965939
CV-E-B7,2017-NYH3,B6R-all-EC-reference,132,2.313871768779298,1.8200149082635129,-0.9290678573428854,0.08323770319323341
CV-E-B7,2017-NYH3,Canopy-growth,132,1.7495131583647205,1.389282521714644,-0.10281675711572835,0.0636208540143666
CV-E-B7,2017-NYH3,Grain-fill-maturity,132,1.9847624213848574,1.4965241411690449,-0.4193385129459781,-0.054455360661903415
CV-E-B7,2017-NYH3,Process-MK,132,1.7585409666014302,1.312309939953798,-0.11422759514709213,0.09958476862905664
CV-E-B7,2017-NYH3,Reproductive-transition,132,1.9021277463889057,1.5516218192147921,-0.3036118254402693,0.15418021664285136
CV-E-B7,2017-NYH3,Stage-MK,132,2.556920166812895,2.088913722958282,-1.3556093371318387,0.14092127016989514
CV-E-B7,2017-NYH3,Thermal,132,1.7464425760520248,1.350312692601799,-0.09894903201458827,0.035648185235802037
CV-E-B7,2017-NYH3,Thermal+water-MK,132,1.7556370144433098,1.3031473727126612,-0.11055069242181204,0.05065354041999237
CV-E-B7,2017-NYH3,Vegetative,132,2.272239720646943,1.7873416365300034,-0.8602753220418802,0.13305830904737037
CV-E-B7,2017-NYH3,Water-soil,132,2.3139577298226244,1.8184458992278127,-0.9292111909261216,0.09621847259322368
CV-E-B7,2017-TXH1-Dry,All-nonleaky,133,4.129765757264571,3.874714833033282,-6.692354808746211,0.2529448713811854
CV-E-B7,2017-TXH1-Dry,B6R-all-EC-reference,133,4.252528030530325,4.003958493723474,-7.156481206432169,0.25267059909101997
CV-E-B7,2017-TXH1-Dry,Canopy-growth,133,3.75955992358521,3.4714777787502205,-5.375033816370036,0.071167530258272
CV-E-B7,2017-TXH1-Dry,Grain-fill-maturity,133,5.203809256869182,4.980312302009984,-11.213811374029358,0.17307118214129372
CV-E-B7,2017-TXH1-Dry,Process-MK,133,2.6288853106043186,2.31013653570832,-2.1171072796867034,0.27763333487759245
CV-E-B7,2017-TXH1-Dry,Reproductive-transition,133,5.096642074790937,4.8767207129069154,-10.715929247657757,0.18471176565487604
CV-E-B7,2017-TXH1-Dry,Stage-MK,133,4.056837440763807,3.8010404814794554,-6.423072142303523,0.27620882967212973
CV-E-B7,2017-TXH1-Dry,Thermal,133,1.7953248348192268,1.4982947284306347,-0.45376613218703077,0.17503784083722213
CV-E-B7,2017-TXH1-Dry,Thermal+water-MK,133,2.342686700358226,2.015839893394665,-1.4753515942577584,0.1836002433149637
CV-E-B7,2017-TXH1-Dry,Vegetative,133,3.3732326485648088,3.086358724823549,-4.132170312690121,0.2705084286139673
CV-E-B7,2017-TXH1-Dry,Water-soil,133,4.219666402531924,3.9616707470523695,-7.030909019157152,0.20641145649927076
CV-E-B7,2017-TXH1-Early,All-nonleaky,178,4.530518062089581,4.314712334663991,-9.416980931422039,0.21949438714024355
CV-E-B7,2017-TXH1-Early,B6R-all-EC-reference,178,4.652602297191769,4.442775630328403,-9.985959619861541,0.21986928465024563
CV-E-B7,2017-TXH1-Early,Canopy-growth,178,4.155600595905376,3.9109698816479628,-7.764229401322893,0.12315615743710868
CV-E-B7,2017-TXH1-Early,Grain-fill-maturity,178,5.609434841365283,5.427905313533654,-14.96924383349717,0.1792070100226178
CV-E-B7,2017-TXH1-Early,Process-MK,178,2.9876080198640107,2.6911389811226494,-3.5299495988008385,0.25133067374259505
CV-E-B7,2017-TXH1-Early,Reproductive-transition,178,5.540803490625569,5.364668002738353,-14.58086743192179,0.21377635929460778
CV-E-B7,2017-TXH1-Early,Stage-MK,178,4.4932283501070645,4.282780181605135,-9.246206814620447,0.2702914892649709
CV-E-B7,2017-TXH1-Early,Thermal,178,1.9959310710426086,1.683149526181202,-1.0217954496122812,0.18691757524977975
CV-E-B7,2017-TXH1-Early,Thermal+water-MK,178,2.6632047586937424,2.3380013226855674,-2.599608371318121,0.16471723543459044
CV-E-B7,2017-TXH1-Early,Vegetative,178,3.817517748566697,3.578722182445603,-6.396193532057572,0.3069877398345196
CV-E-B7,2017-TXH1-Early,Water-soil,178,4.6558768598722695,4.444701744378594,-10.001429187490237,0.21321759480607777
CV-E-B7,2017-TXH1-Late,All-nonleaky,133,1.505318758370783,1.3220131883669746,-1.2954282952413974,0.010333166221711897
CV-E-B7,2017-TXH1-Late,B6R-all-EC-reference,133,1.4688719650225026,1.287367675473688,-1.1856200572779243,0.010993588118625601
CV-E-B7,2017-TXH1-Late,Canopy-growth,133,2.3815718413096323,2.1582644012497068,-4.745583719002661,0.023401943109455287
CV-E-B7,2017-TXH1-Late,Grain-fill-maturity,133,1.9142295102981546,1.6660023158813018,-2.71188743843032,-0.0042569189610010055
CV-E-B7,2017-TXH1-Late,Process-MK,133,1.1539367769960676,0.9402795342945989,-0.34887222934115303,0.045752451759365924
CV-E-B7,2017-TXH1-Late,Reproductive-transition,133,2.3213752186191114,2.0867021253990234,-4.458803627056421,0.08224832012326622
CV-E-B7,2017-TXH1-Late,Stage-MK,133,2.0385568801025302,1.8084169979160856,-3.209712636597124,0.07060535203467211
CV-E-B7,2017-TXH1-Late,Thermal,133,1.9447500182638104,1.7064561836520318,-2.8311958368453394,0.02998938332388227
CV-E-B7,2017-TXH1-Late,Thermal+water-MK,133,1.7101472526989958,1.5022369085665825,-1.9626053156074668,0.006565513316944644
CV-E-B7,2017-TXH1-Late,Vegetative,133,1.254993838175655,1.0664447176128187,-0.5954748793298652,0.08691439409480321
CV-E-B7,2017-TXH1-Late,Water-soil,133,1.643140098088862,1.4459833606113062,-1.7349914414868741,-0.01701186051582192
CV-E-B7,2017-TXH2,All-nonleaky,131,2.013096867249546,1.5751776627387246,-0.14855373311955633,0.1511849120801541
CV-E-B7,2017-TXH2,B6R-all-EC-reference,131,1.9992286025488915,1.5640437026628453,-0.13278342245448105,0.16494326238266238
CV-E-B7,2017-TXH2,Canopy-growth,131,1.9503427886701996,1.538824522680147,-0.07806232609154051,0.08754105483993956
CV-E-B7,2017-TXH2,Grain-fill-maturity,131,1.8861928489038784,1.5032189314127868,-0.008310198130475177,0.14131668116830995
CV-E-B7,2017-TXH2,Process-MK,131,1.8384181526613461,1.486801130527917,0.04212117903340795,0.21031941716912136
CV-E-B7,2017-TXH2,Reproductive-transition,131,1.9900191243114778,1.5463945481433552,-0.12237109053414286,0.27125036368101135
CV-E-B7,2017-TXH2,Stage-MK,131,1.9432209010717798,1.5241297902826796,-0.07020337890966322,0.22140402152255564
CV-E-B7,2017-TXH2,Thermal,131,1.926560519971166,1.5005778225277386,-0.05193107379875905,0.15900485062116937
CV-E-B7,2017-TXH2,Thermal+water-MK,131,2.137694870011556,1.6792529339325073,-0.2951301146155376,0.18230020747746664
CV-E-B7,2017-TXH2,Vegetative,131,1.8216412565654736,1.4884952313179263,0.05952408290872424,0.271383394465891
CV-E-B7,2017-TXH2,Water-soil,131,2.329287271796807,1.8662944946826154,-0.5376874816535171,0.15995312569782624
CV-E-B7,2017-WIH1,All-nonleaky,274,3.6885037218071863,3.288730469659008,-1.9746741439861215,0.30734696630676595
CV-E-B7,2017-WIH1,B6R-all-EC-reference,274,3.6626238386619923,3.2624272066817612,-1.9330777946848436,0.3036403273639045
CV-E-B7,2017-WIH1,Canopy-growth,274,3.0939591222183607,2.6879257885880588,-1.0929945112818245,0.23537591404332078
CV-E-B7,2017-WIH1,Grain-fill-maturity,274,3.886755083264916,3.475806090099882,-2.3030359229499715,0.23275973665556926
CV-E-B7,2017-WIH1,Process-MK,274,3.909103707523486,3.5035508126639376,-2.3411296709434395,0.269818956185057
CV-E-B7,2017-WIH1,Reproductive-transition,274,3.8637792618832933,3.457607200888091,-2.2641007921573713,0.25303254188500596
CV-E-B7,2017-WIH1,Stage-MK,274,3.3771905057636076,2.97746221274999,-1.4937336516153645,0.30620425230501447
CV-E-B7,2017-WIH1,Thermal,274,3.3666355547552507,2.9476300244651275,-1.4781703573635703,0.2302376055474152
CV-E-B7,2017-WIH1,Thermal+water-MK,274,3.7055496168109596,3.301422860724593,-2.0022317403472893,0.2830876121154136
CV-E-B7,2017-WIH1,Vegetative,274,2.8461775845945154,2.4557834982081173,-0.7711809583064824,0.2636978887522525
CV-E-B7,2017-WIH1,Water-soil,274,4.4973371989333195,4.1009175207359085,-3.4223167791565405,0.3088547897174419
CV-E-B7,2017-WIH2,All-nonleaky,278,1.5885849943884824,1.228346355609932,0.10305320244056426,0.335466932847153
CV-E-B7,2017-WIH2,B6R-all-EC-reference,278,1.5914069231377532,1.232891655398745,0.09986373750479238,0.3320553775737947
CV-E-B7,2017-WIH2,Canopy-growth,278,2.152913195314435,1.8023292612225654,-0.6473990488687043,0.34588670411438793
CV-E-B7,2017-WIH2,Grain-fill-maturity,278,1.7565883070934718,1.3632351167218495,-0.09669470528057089,0.2119899459323892
CV-E-B7,2017-WIH2,Process-MK,278,1.758465730804412,1.428752554044844,-0.09904023033402942,0.3599653506367445
CV-E-B7,2017-WIH2,Reproductive-transition,278,2.0357236547434017,1.7002665926606428,-0.4729344434425755,0.39296547462820525
CV-E-B7,2017-WIH2,Stage-MK,278,1.5855035530882882,1.216339384230264,0.10652951413100753,0.37992877009668086
CV-E-B7,2017-WIH2,Thermal,278,1.8044317524587532,1.4522923371543923,-0.15724867773431828,0.3281603270198012
CV-E-B7,2017-WIH2,Thermal+water-MK,278,1.6052696272337459,1.253911897252625,0.084113307313739,0.3301328088415979
CV-E-B7,2017-WIH2,Vegetative,278,1.634709114025896,1.3084196289833412,0.05021186563487379,0.3850478176017935
CV-E-B7,2017-WIH2,Water-soil,278,1.6477745040328675,1.3076647583145742,0.03496885624394108,0.34687424818797424
CV-E-B7,2018-ARH2,All-nonleaky,429,3.7662021924694784,3.6862654624478806,-32.542500820268984,-0.15343052927555334
CV-E-B7,2018-ARH2,B6R-all-EC-reference,429,3.7890424125424933,3.7095329205388516,-32.950573001054856,-0.15177579687501766
CV-E-B7,2018-ARH2,Canopy-growth,429,2.852867201897842,2.7437311089086953,-18.246478889083782,-0.16583518218303567
CV-E-B7,2018-ARH2,Grain-fill-maturity,429,3.935184290426079,3.8519514607020477,-35.619998905689094,-0.15497531780443602
CV-E-B7,2018-ARH2,Process-MK,429,3.09767980918229,2.991840684104719,-21.691396543157126,-0.14678346455307464
CV-E-B7,2018-ARH2,Reproductive-transition,429,3.2483060825776224,3.1507595263076555,-23.951810650424704,-0.16509945339999493
CV-E-B7,2018-ARH2,Stage-MK,429,3.4874470042457117,3.398589922795374,-27.760962034986427,-0.14600730124871109
CV-E-B7,2018-ARH2,Thermal,429,3.573768006451917,3.476335922840759,-29.202360599054625,-0.13860175279089743
CV-E-B7,2018-ARH2,Thermal+water-MK,429,3.55897047755427,3.4619883862602134,-28.9527668678645,-0.13281747303156308
CV-E-B7,2018-ARH2,Vegetative,429,4.353779912747144,4.280114343357976,-43.825084607734915,-0.1581871872686707
CV-E-B7,2018-ARH2,Water-soil,429,3.9017804010371897,3.8240766308162044,-35.000938393936785,-0.1402089934288868
CV-E-B7,2018-DEH1,All-nonleaky,595,2.5287216668496093,1.8884131679843086,-0.5809249020641694,0.05388897225853222
CV-E-B7,2018-DEH1,B6R-all-EC-reference,595,2.558639540778529,1.9121948597958323,-0.6185547516784218,0.013314740011287884
CV-E-B7,2018-DEH1,Canopy-growth,595,2.0961168466664235,1.6067456609929451,-0.08627593332416761,-0.13516228566237312
CV-E-B7,2018-DEH1,Grain-fill-maturity,595,3.7069988847062394,3.1719831310237243,-2.397457960747295,0.14329994276559463
CV-E-B7,2018-DEH1,Process-MK,595,2.8921742674252573,2.2389507823772914,-1.0680360082794702,0.007107687551074248
CV-E-B7,2018-DEH1,Reproductive-transition,595,3.2895975047699024,2.665032070530458,-1.6754368713434644,-0.024421986478001464
CV-E-B7,2018-DEH1,Stage-MK,595,2.8023049501395176,2.1519994946759873,-0.9415115065610893,0.04072112000072137
CV-E-B7,2018-DEH1,Thermal,595,4.3395702555435225,3.8326952409986337,-3.6558891132713267,-0.023449055433799996
CV-E-B7,2018-DEH1,Thermal+water-MK,595,3.3480146385530016,2.718784200827513,-1.7713021407571614,-0.055920137727448076
CV-E-B7,2018-DEH1,Vegetative,595,3.6249000793339543,3.039599077219316,-2.2486375529781273,-0.020699774409641773
CV-E-B7,2018-DEH1,Water-soil,595,3.339327736357079,2.732576322659426,-1.7569397191478462,0.021639703026367207
CV-E-B7,2018-IAH2,All-nonleaky,434,1.7907783776554396,1.4705415186731856,-0.0822764042018469,0.2526106073159326
CV-E-B7,2018-IAH2,B6R-all-EC-reference,434,1.738020883597212,1.416199475682778,-0.01944661267501302,0.25057172385096294
CV-E-B7,2018-IAH2,Canopy-growth,434,3.6957220564223396,3.32246579129619,-3.609492470182162,0.28651980537860416
CV-E-B7,2018-IAH2,Grain-fill-maturity,434,1.945138665120649,1.6111443613514984,-0.2768963327861784,0.23632836680283342
CV-E-B7,2018-IAH2,Process-MK,434,2.1378190361469067,1.674246150541975,-0.5423977604973995,0.21806844019291718
CV-E-B7,2018-IAH2,Reproductive-transition,434,2.6988343521349796,2.3327102305189844,-1.458141987408299,0.2757593917173036
CV-E-B7,2018-IAH2,Stage-MK,434,2.007375240293525,1.6719336410270726,-0.35991458739142623,0.2543592956508637
CV-E-B7,2018-IAH2,Thermal,434,1.9746247929195702,1.638942229057741,-0.3159023950403492,0.24173082948915606
CV-E-B7,2018-IAH2,Thermal+water-MK,434,1.7260583598521728,1.397919652927803,-0.005461526807132078,0.22658681485635188
CV-E-B7,2018-IAH2,Vegetative,434,1.6899602290043636,1.3600204849356234,0.03615438804723026,0.25250994508309865
CV-E-B7,2018-IAH2,Water-soil,434,1.981359349334191,1.6472898172073578,-0.32489360301695624,0.2492513829192492
CV-E-B7,2018-IAH4,All-nonleaky,804,1.69592052654476,1.390919294640303,-0.7331341086496235,0.09272398319339711
CV-E-B7,2018-IAH4,B6R-all-EC-reference,804,1.6160532521647912,1.3116085598950533,-0.5737382882427546,0.08895385932078453
CV-E-B7,2018-IAH4,Canopy-growth,804,1.9580120118722555,1.6197023099227055,-1.310212234825272,0.1228976786312489
CV-E-B7,2018-IAH4,Grain-fill-maturity,804,1.7653253656930241,1.4384840178958211,-0.8778923777087229,0.029611475056493104
CV-E-B7,2018-IAH4,Process-MK,804,1.5698188374568982,1.2578960419782894,-0.4849787824564067,0.09009557701397772
CV-E-B7,2018-IAH4,Reproductive-transition,804,2.4843755597511894,2.2042123659611055,-2.7192525753314754,0.10878746301935742
CV-E-B7,2018-IAH4,Stage-MK,804,2.008480964853965,1.7046643662126628,-1.4308413551294525,0.10505824104363111
CV-E-B7,2018-IAH4,Thermal,804,2.9899402217773945,2.7302432772297816,-4.386990219498313,0.08553879219966798
CV-E-B7,2018-IAH4,Thermal+water-MK,804,2.551660962337339,2.2657868600424105,-2.923440898335099,0.0816822522517848
CV-E-B7,2018-IAH4,Vegetative,804,1.9916490795103012,1.6836541082587342,-1.3902692024955408,0.09305897848923692
CV-E-B7,2018-IAH4,Water-soil,804,1.9764013639015041,1.6706297191286095,-1.3538103375694526,0.09569601974028147
CV-E-B7,2018-ILH1,All-nonleaky,394,2.0238207798128767,1.6667423240353447,-0.6600317163282015,0.12156093311161772
CV-E-B7,2018-ILH1,B6R-all-EC-reference,394,1.9734834453595675,1.616599482287205,-0.5784806392881077,0.12092976052883066
CV-E-B7,2018-ILH1,Canopy-growth,394,2.5756841423495684,2.240740927636822,-1.6887937656737804,0.1483690954842554
CV-E-B7,2018-ILH1,Grain-fill-maturity,394,1.679505001460622,1.3264777598618458,-0.14323335544482863,0.09286419525206825
CV-E-B7,2018-ILH1,Process-MK,394,2.3721242809892544,2.007789467643477,-1.280589718556611,0.06637131025527387
CV-E-B7,2018-ILH1,Reproductive-transition,394,2.501525473987945,2.148108839096219,-1.536192090581086,0.06722051651235367
CV-E-B7,2018-ILH1,Stage-MK,394,2.088691489070846,1.7269956895971723,-0.7681572183849357,0.09157734095744215
CV-E-B7,2018-ILH1,Thermal,394,2.6461710870788044,2.293742071618926,-1.837972115174939,0.046922160437132154
CV-E-B7,2018-ILH1,Thermal+water-MK,394,2.256919907362942,1.8778298184260902,-1.064450997322838,0.029281265564872604
CV-E-B7,2018-ILH1,Vegetative,394,2.4446838016613697,2.0968453077012215,-1.422242801911303,0.12028501402360689
CV-E-B7,2018-ILH1,Water-soil,394,2.1401737243554777,1.7784109054576995,-0.8563947849129951,0.09010686724490297
CV-E-B7,2018-INH1,All-nonleaky,407,1.8685275709974118,1.5315204745081796,-0.9539314510305541,0.04703564842408013
CV-E-B7,2018-INH1,B6R-all-EC-reference,407,1.8640773237516197,1.5269585792736007,-0.944635229512558,0.04729721151401747
CV-E-B7,2018-INH1,Canopy-growth,407,2.662350564495055,2.3501281931222824,-2.966804376091946,0.023575523902328942
CV-E-B7,2018-INH1,Grain-fill-maturity,407,1.746342270976459,1.4071263821321158,-0.7067465569420155,0.021777387433376108
CV-E-B7,2018-INH1,Process-MK,407,1.9583946826923262,1.6107265017333985,-1.1464004226011406,0.037204501431168456
CV-E-B7,2018-INH1,Reproductive-transition,407,2.5186321882170737,2.1925930182348905,-2.550093581161305,0.04118099522420868
CV-E-B7,2018-INH1,Stage-MK,407,2.2102793094519355,1.873991679378875,-1.7340384570724585,0.04685580647803021
CV-E-B7,2018-INH1,Thermal,407,1.3822027390804943,1.1067999944913895,-0.06918732368002267,0.03192034652708182
CV-E-B7,2018-INH1,Thermal+water-MK,407,1.6649740388033136,1.3221693824835399,-0.5514051716574044,0.02644698827324258
CV-E-B7,2018-INH1,Vegetative,407,1.9945534118802346,1.658025363091216,-1.2263920574616796,0.053183833492425746
CV-E-B7,2018-INH1,Water-soil,407,2.097030390801478,1.757532624128322,-1.4610461143018263,0.03480022444913548
CV-E-B7,2018-MIH1,All-nonleaky,375,1.7255121662410502,1.389937659044325,-0.7687425391226301,-0.09514848343294648
CV-E-B7,2018-MIH1,B6R-all-EC-reference,375,1.6174118962724418,1.2790161294188693,-0.5540673474683808,-0.09174920463778809
CV-E-B7,2018-MIH1,Canopy-growth,375,1.362354505539639,1.061351898478331,-0.10257675981678083,-0.10032671197318373
CV-E-B7,2018-MIH1,Grain-fill-maturity,375,2.2182390546028246,1.8908768281857204,-1.9231107086490673,-0.032290453917107255
CV-E-B7,2018-MIH1,Process-MK,375,1.5923749621830645,1.2357816497044487,-0.5063269632322913,-0.1550263652185524
CV-E-B7,2018-MIH1,Reproductive-transition,375,1.381386728931085,1.0745870459485458,-0.13359814927851388,-0.11646845260138278
CV-E-B7,2018-MIH1,Stage-MK,375,1.5084126254676316,1.1692015311155488,-0.3516644357719898,-0.12726440408461884
CV-E-B7,2018-MIH1,Thermal,375,1.6861555003292537,1.3452387911296333,-0.6889773151165377,-0.12157520451496925
CV-E-B7,2018-MIH1,Thermal+water-MK,375,1.7207187212079014,1.375715348757216,-0.7589291122261874,-0.13511865134297726
CV-E-B7,2018-MIH1,Vegetative,375,1.413869025787718,1.0975286646508353,-0.1875363991361516,-0.10294795817028451
CV-E-B7,2018-MIH1,Water-soil,375,2.552960644614808,2.2413538187515516,-2.871834714215746,-0.11947030782819637
CV-E-B7,2018-MNH1,All-nonleaky,916,1.8730631929476955,1.4768950519113668,-0.22196346188419103,-0.08092143050290562
CV-E-B7,2018-MNH1,B6R-all-EC-reference,916,1.8972402177356444,1.4978513318652362,-0.25371264220251866,-0.10947322619867812
CV-E-B7,2018-MNH1,Canopy-growth,916,2.0471189067682825,1.5917663463144618,-0.4596189712639873,-0.13220562503394612
CV-E-B7,2018-MNH1,Grain-fill-maturity,916,2.8463230351094784,2.372049007962274,-1.8217708047993075,-0.01048559850622828
CV-E-B7,2018-MNH1,Process-MK,916,2.110636638399179,1.7024754634347439,-0.551601912447083,-0.11849563351283005
CV-E-B7,2018-MNH1,Reproductive-transition,916,2.765010669018486,2.255818936769869,-1.6628517196748116,-0.09867853733146979
CV-E-B7,2018-MNH1,Stage-MK,916,2.0939682834274693,1.6278356649412313,-0.5271917148075886,-0.09014498398263712
CV-E-B7,2018-MNH1,Thermal,916,2.1808635639213767,1.6964415089529605,-0.65657214366317,-0.11488349463551102
CV-E-B7,2018-MNH1,Thermal+water-MK,916,1.9858271552619362,1.5621140391085928,-0.37352399581589624,-0.15014392407079788
CV-E-B7,2018-MNH1,Vegetative,916,2.187223677149604,1.7872838933963335,-0.6662484478341055,-0.11221296922727812
CV-E-B7,2018-MNH1,Water-soil,916,2.2470406122021234,1.7551625932403698,-0.7586329433192254,-0.0811884084214848
CV-E-B7,2018-MOH1,All-nonleaky,790,2.394828075858496,2.0811161879458653,-2.494372279049661,0.11452571150166327
CV-E-B7,2018-MOH1,B6R-all-EC-reference,790,2.1038474886950995,1.780393360211444,-1.6968016008642088,0.11888026352541385
CV-E-B7,2018-MOH1,Canopy-growth,790,1.3246661811112108,1.0539499577053069,-0.06913706801583985,0.13262632341337074
CV-E-B7,2018-MOH1,Grain-fill-maturity,790,2.0971810209033377,1.77142490314314,-1.6797379520826814,0.09926382353077516
CV-E-B7,2018-MOH1,Process-MK,790,1.5432388407175792,1.243961925139733,-0.4510647093044644,0.1182460445332707
CV-E-B7,2018-MOH1,Reproductive-transition,790,1.74960278785711,1.4287006513168572,-0.8650883682067954,0.13020079335235177
CV-E-B7,2018-MOH1,Stage-MK,790,2.2792606301839347,1.9625302248200927,-2.165253279509365,0.12033878544042055
CV-E-B7,2018-MOH1,Thermal,790,1.4453395387493162,1.1567758805485902,-0.27280026281982983,0.11616459822437122
CV-E-B7,2018-MOH1,Thermal+water-MK,790,1.3595506306417247,1.0775601311831438,-0.12618894746669285,0.12085479264294259
CV-E-B7,2018-MOH1,Vegetative,790,2.703510619460181,2.407262032430414,-3.4532456172809036,0.12192372488600844
CV-E-B7,2018-MOH1,Water-soil,790,2.327323037716933,2.0107972516437767,-2.300151112945217,0.12021617891960124
CV-E-B7,2018-NCH1,All-nonleaky,639,3.2134735301036814,2.6580203140828393,-1.2294970608314322,-0.24947226258776653
CV-E-B7,2018-NCH1,B6R-all-EC-reference,639,3.1986698904744433,2.6444491970706028,-1.2090029451947943,-0.2525888944761706
CV-E-B7,2018-NCH1,Canopy-growth,639,3.2029107738601876,2.6535042054751727,-1.214864340378933,-0.13268280113957254
CV-E-B7,2018-NCH1,Grain-fill-maturity,639,3.0167460025269475,2.4884003533566985,-0.9648750688890331,-0.015994578897075493
CV-E-B7,2018-NCH1,Process-MK,639,3.224927327046561,2.6750081235980487,-1.2454185960692943,-0.046366863880672564
CV-E-B7,2018-NCH1,Reproductive-transition,639,3.3464477552115404,2.7761250607786114,-1.4178288128956513,-0.2928326998794969
CV-E-B7,2018-NCH1,Stage-MK,639,3.6024179968409227,3.0325588290402634,-1.8018550087271819,-0.10556126988245709
CV-E-B7,2018-NCH1,Thermal,639,3.6102794747365317,3.029044065575927,-1.8140972057475127,-0.1459458174072027
CV-E-B7,2018-NCH1,Thermal+water-MK,639,3.536186412675122,2.9740879662762265,-1.6997761257277357,0.008404040887973438
CV-E-B7,2018-NCH1,Vegetative,639,2.67005002871359,2.183274540165078,-0.539204229121057,-0.15540476248896673
CV-E-B7,2018-NCH1,Water-soil,639,3.0434117927795317,2.5038899972085766,-0.9997646569341014,-0.26044369881377355
CV-E-B7,2018-NYH1,All-nonleaky,373,2.263683374820237,1.7613902767095624,-0.5783026437640697,0.2230127166517175
CV-E-B7,2018-NYH1,B6R-all-EC-reference,373,2.2609775935158445,1.7589596421214793,-0.5745318076623323,0.22144849944964728
CV-E-B7,2018-NYH1,Canopy-growth,373,2.5935647057013047,2.0954537793193255,-1.0718251296560402,0.24804739195392966
CV-E-B7,2018-NYH1,Grain-fill-maturity,373,2.7443154548094886,2.2543242910452426,-1.3196741574415234,0.2508580587750514
CV-E-B7,2018-NYH1,Process-MK,373,2.8840114792496796,2.4096552405044025,-1.5618452408969081,0.24259793745282798
CV-E-B7,2018-NYH1,Reproductive-transition,373,1.916866411467351,1.4782859950087368,-0.131729447650357,0.22964355638969505
CV-E-B7,2018-NYH1,Stage-MK,373,2.9309360352347507,2.4544377691132,-1.6458888883847056,0.2277143353484559
CV-E-B7,2018-NYH1,Thermal,373,2.811888370568302,2.3287593423645183,-1.435314601223277,0.2189143466178707
CV-E-B7,2018-NYH1,Thermal+water-MK,373,2.8209994985381925,2.3421636931230236,-1.4511220642269214,0.2306727917236488
CV-E-B7,2018-NYH1,Vegetative,373,2.8250574970790794,2.334029700947567,-1.4581789983929014,0.1769021906443889
CV-E-B7,2018-NYH1,Water-soil,373,2.418518247946973,1.9091097549543747,-0.8015970353543957,0.2351517286974548
CV-E-B7,2018-NYH2,All-nonleaky,395,2.3617418056018815,1.9238470417114153,-0.5428854707452622,0.07482978119372675
CV-E-B7,2018-NYH2,B6R-all-EC-reference,395,2.3406261989918433,1.9044618048697297,-0.5154198745242138,0.07571704939562791
CV-E-B7,2018-NYH2,Canopy-growth,395,1.8962957689601747,1.5071407453167438,0.005325447837515318,0.11712216754098072
CV-E-B7,2018-NYH2,Grain-fill-maturity,395,2.3248772165278937,1.8891906435146566,-0.49509537472502974,0.09775770570882748
CV-E-B7,2018-NYH2,Process-MK,395,2.459023248699623,2.014956092019898,-0.6726078261032711,0.08572085013693968
CV-E-B7,2018-NYH2,Reproductive-transition,395,1.906635215449604,1.509734851076959,-0.005550937576658033,0.0908349953976706
CV-E-B7,2018-NYH2,Stage-MK,395,2.7931457831867537,2.3320314417375805,-1.1580229649215203,0.08754703505195172
CV-E-B7,2018-NYH2,Thermal,395,2.6668372760875223,2.2076258874654804,-0.9672605761119029,0.07784584157806247
CV-E-B7,2018-NYH2,Thermal+water-MK,395,3.4596077205186693,3.0059245948026474,-2.310720898059213,0.0706339945467696
CV-E-B7,2018-NYH2,Vegetative,395,2.8333346760711793,2.373178662075628,-1.2205707179068033,0.08450887369451425
CV-E-B7,2018-NYH2,Water-soil,395,2.5090111532062993,2.0629582109361917,-0.7413017589168212,0.0691877286180185
CV-E-B7,2018-NYH3,All-nonleaky,416,2.4228721715900847,2.0193992871604984,-1.269757783571405,0.19677541536973933
CV-E-B7,2018-NYH3,B6R-all-EC-reference,416,2.247376175078043,1.8389552017541804,-0.9528552586187515,0.19632206887688822
CV-E-B7,2018-NYH3,Canopy-growth,416,1.5775468222913265,1.2308943978313478,0.03776084102202082,0.19578558792491438
CV-E-B7,2018-NYH3,Grain-fill-maturity,416,2.196955638044656,1.7891435923824375,-0.866212463673605,0.19983618910107892
CV-E-B7,2018-NYH3,Process-MK,416,2.01819551664569,1.615990197321913,-0.5748709955307052,0.19082639907788312
CV-E-B7,2018-NYH3,Reproductive-transition,416,2.2838629712152634,1.8753964713999298,-1.016780330391959,0.17949585919908537
CV-E-B7,2018-NYH3,Stage-MK,416,2.4415435741807823,2.0378138609941105,-1.304875489627312,0.19250737303577606
CV-E-B7,2018-NYH3,Thermal,416,2.034500850437659,1.6312529497040447,-0.6004210759503528,0.19236458528227213
CV-E-B7,2018-NYH3,Thermal+water-MK,416,2.564711084582304,2.1652229717602722,-1.543287215246592,0.19250642792307773
CV-E-B7,2018-NYH3,Vegetative,416,2.450497756863432,2.0463145837325234,-1.3218124151842465,0.18260088800596783
CV-E-B7,2018-NYH3,Water-soil,416,2.9030547610287925,2.5239782591095623,-2.258584345060222,0.1941900661449369
CV-E-B7,2018-OHH1,All-nonleaky,380,1.826797988184483,1.5194472691348109,-0.6830563026325303,-0.021993361169353694
CV-E-B7,2018-OHH1,B6R-all-EC-reference,380,1.799805359490625,1.4930296508019056,-0.6336863359706049,-0.02058366770971057
CV-E-B7,2018-OHH1,Canopy-growth,380,1.5868654042749846,1.2884961848293266,-0.2699826250781536,-0.0066575308857836964
CV-E-B7,2018-OHH1,Grain-fill-maturity,380,2.1368787787244785,1.8250088047253095,-1.3029121305886462,0.011073074557232063
CV-E-B7,2018-OHH1,Process-MK,380,1.539709256040416,1.1907482242453165,-0.1956251347656297,-0.07648130394913553
CV-E-B7,2018-OHH1,Reproductive-transition,380,1.903325055915063,1.5971660920842223,-0.8270209394676273,-0.002924030170939135
CV-E-B7,2018-OHH1,Stage-MK,380,1.822208750599796,1.507175059733212,-0.6746106580268751,-0.036327429275752915
CV-E-B7,2018-OHH1,Thermal,380,2.113570326682812,1.7945917445137907,-1.25294713565776,-0.021398413547635078
CV-E-B7,2018-OHH1,Thermal+water-MK,380,2.201943229728247,1.8716006129503269,-1.4452869542852236,-0.05201632053779183
CV-E-B7,2018-OHH1,Vegetative,380,1.948876100765758,1.6342307205416067,-0.9155171951285719,-0.012538400985153082
CV-E-B7,2018-OHH1,Water-soil,380,2.06976958465718,1.7520032185829888,-1.1605364447807798,-0.0356659955298235
CV-E-B7,2018-SCH1,All-nonleaky,378,2.976861824492804,2.682890697415554,-3.9084181331649575,0.014351020207989942
CV-E-B7,2018-SCH1,B6R-all-EC-reference,378,2.9355567668266014,2.6396821629874467,-3.7731509004852484,0.01779716998127111
CV-E-B7,2018-SCH1,Canopy-growth,378,2.5543546179106693,2.23964208299285,-2.613986932057434,0.046936991551201734
CV-E-B7,2018-SCH1,Grain-fill-maturity,378,2.7161407135772397,2.4072447838737743,-3.086285714400562,0.056531761009694766
CV-E-B7,2018-SCH1,Process-MK,378,3.143746297501778,2.8564192599962883,-4.4741813448581125,0.06604460049456645
CV-E-B7,2018-SCH1,Reproductive-transition,378,2.859650498829839,2.5535300096195814,-3.5294984345757277,0.007308917686523302
CV-E-B7,2018-SCH1,Stage-MK,378,3.011819551982948,2.720236317730815,-4.02437556770518,0.04615422286203427
CV-E-B7,2018-SCH1,Thermal,378,3.4604884174908555,3.1839594307577355,-5.6328320155986615,0.07268140327292577
CV-E-B7,2018-SCH1,Thermal+water-MK,378,3.7575782160236786,3.4998967857302277,-6.820603308533269,0.0806171395327318
CV-E-B7,2018-SCH1,Vegetative,378,3.6315759183177314,3.3640764644091625,-6.304903002590753,0.03180662871820867
CV-E-B7,2018-SCH1,Water-soil,378,3.0420234152548873,2.752679431158759,-4.125654204131522,0.038436722349962475
CV-E-B7,2018-TXH1-Dry,All-nonleaky,369,1.3362972106377322,1.0696748536999987,-0.06896164250436243,0.15578930839952015
CV-E-B7,2018-TXH1-Dry,B6R-all-EC-reference,369,1.3220065463267743,1.0563216278117302,-0.04622046119250989,0.1561574563605095
CV-E-B7,2018-TXH1-Dry,Canopy-growth,369,1.4241210632161223,1.1303566125154765,-0.21408702459244822,0.14272861772328252
CV-E-B7,2018-TXH1-Dry,Grain-fill-maturity,369,1.3941019550956553,1.1005552060937842,-0.1634428915776962,0.1453606229099188
CV-E-B7,2018-TXH1-Dry,Process-MK,369,1.334828379688492,1.067080261997979,-0.06661297185343429,0.14318135437957444
CV-E-B7,2018-TXH1-Dry,Reproductive-transition,369,1.5561891164907866,1.2292947089077695,-0.4497087003666067,0.14692398312418106
CV-E-B7,2018-TXH1-Dry,Stage-MK,369,1.2880173283648264,1.02290329416596,0.006885301472729255,0.14881008149759734
CV-E-B7,2018-TXH1-Dry,Thermal,369,1.3906065946396984,1.0947782182831995,-0.1576161237339,0.12700951919963824
CV-E-B7,2018-TXH1-Dry,Thermal+water-MK,369,1.3135040128636088,1.0393814554110836,-0.03280612741296807,0.1293584041885913
CV-E-B7,2018-TXH1-Dry,Vegetative,369,1.3000986226253781,1.0258153576993563,-0.01183242902086068,0.13887291284063769
CV-E-B7,2018-TXH1-Dry,Water-soil,369,1.2946490402705342,1.024058819355384,-0.003367674899635409,0.15219299928699478
CV-E-B7,2018-TXH1-Early,All-nonleaky,404,2.119286026910205,1.8145741604683956,-2.0378633469284466,0.03842566727656026
CV-E-B7,2018-TXH1-Early,B6R-all-EC-reference,404,2.067222107321134,1.7603977214741824,-1.890436056248896,0.03833083474326546
CV-E-B7,2018-TXH1-Early,Canopy-growth,404,1.2880778991096398,0.9827478785901563,-0.12220795218402603,0.024181872754571555
CV-E-B7,2018-TXH1-Early,Grain-fill-maturity,404,1.9948721451408937,1.6749007363650532,-1.691653903717686,0.0046648347338129805
CV-E-B7,2018-TXH1-Early,Process-MK,404,1.545926354020022,1.2313160707458395,-0.6164664166542062,0.01847013032175009
CV-E-B7,2018-TXH1-Early,Reproductive-transition,404,2.132523968591429,1.8203360387936032,-2.075933392496455,0.01615393777316914
CV-E-B7,2018-TXH1-Early,Stage-MK,404,2.1379675060095504,1.8323278147813602,-2.0916568538048605,0.02501050581715313
CV-E-B7,2018-TXH1-Early,Thermal,404,1.8021619794277308,1.4666557468387165,-1.1967302508358348,0.014302270256610685
CV-E-B7,2018-TXH1-Early,Thermal+water-MK,404,1.9964610374048986,1.6781681285555146,-1.695943352808698,0.010592020073226202
CV-E-B7,2018-TXH1-Early,Vegetative,404,2.0612734670960395,1.7504606587519027,-1.873824947882588,0.04144235476994006
CV-E-B7,2018-TXH1-Early,Water-soil,404,1.9395444454993276,1.625077288272508,-1.5444185712883498,0.014974185432673447
CV-E-B7,2018-TXH1-Late,All-nonleaky,434,1.660346277258478,1.3701147127083213,-1.07848428730327,0.12357771947520968
CV-E-B7,2018-TXH1-Late,B6R-all-EC-reference,434,1.682721563748477,1.3925256271051505,-1.134882221272886,0.12383981573596817
CV-E-B7,2018-TXH1-Late,Canopy-growth,434,3.079522521473363,2.860359545844012,-6.15016673667387,0.11733897426856797
CV-E-B7,2018-TXH1-Late,Grain-fill-maturity,434,2.029185540383353,1.7459413170133533,-2.104508963658737,0.10973660713009702
CV-E-B7,2018-TXH1-Late,Process-MK,434,2.417877900084203,2.14853747108527,-3.4077619515184345,0.10363548387703723
CV-E-B7,2018-TXH1-Late,Reproductive-transition,434,1.3184321996339083,1.0397840306828652,-0.310584424873265,0.09175563598244194
CV-E-B7,2018-TXH1-Late,Stage-MK,434,2.0531045657936513,1.7748233309073878,-2.178129121600942,0.11306522575069679
CV-E-B7,2018-TXH1-Late,Thermal,434,1.8261705892922653,1.5380093125768985,-1.5143868024778588,0.10836497969652704
CV-E-B7,2018-TXH1-Late,Thermal+water-MK,434,1.6825891162647464,1.396464953145856,-1.1345461601486817,0.10789382261063053
CV-E-B7,2018-TXH1-Late,Vegetative,434,3.08827555566222,2.857476302722702,-6.190870838142688,0.10693701286166239
CV-E-B7,2018-TXH1-Late,Water-soil,434,1.6849722501933821,1.3972019283544022,-1.140596968094088,0.10810772537832691
CV-E-B7,2018-TXH2,All-nonleaky,443,2.5741500282100764,2.175931878283379,-1.7607566308725446,0.05291428899524103
CV-E-B7,2018-TXH2,B6R-all-EC-reference,443,2.4183721983512343,2.0113811282228675,-1.4367259972085056,0.055522180096551306
CV-E-B7,2018-TXH2,Canopy-growth,443,1.5776676679605477,1.237770120401187,-0.037030344507896995,0.026356902509667
CV-E-B7,2018-TXH2,Grain-fill-maturity,443,1.6039186310500737,1.2684487582461252,-0.07182795021397492,0.06013702640600784
CV-E-B7,2018-TXH2,Process-MK,443,2.6800603210831864,2.2805747606693223,-1.9926060639071186,0.0505917981141649
CV-E-B7,2018-TXH2,Reproductive-transition,443,2.4284531073362787,2.0470424205824553,-1.4570831705256353,0.04767549178696489
CV-E-B7,2018-TXH2,Stage-MK,443,2.0060727301920407,1.6055701262820323,-0.6766938150851305,0.05236316645286662
CV-E-B7,2018-TXH2,Thermal,443,2.072699206973531,1.6662796572935819,-0.7899173434507147,0.04209880518989411
CV-E-B7,2018-TXH2,Thermal+water-MK,443,1.6351305421217592,1.2856468913077534,-0.11394891554263631,0.05208319323907575
CV-E-B7,2018-TXH2,Vegetative,443,3.36369808909102,3.0085615156586636,-3.714052671021917,0.018234771243328843
CV-E-B7,2018-TXH2,Water-soil,443,2.6211024769160622,2.2230854965230535,-1.8623874254529054,0.050297240861510495
CV-E-B7,2018-WIH1,All-nonleaky,401,1.9821806538397435,1.583163581831538,-0.20790125129191672,-0.050835728436271016
CV-E-B7,2018-WIH1,B6R-all-EC-reference,401,2.021974342187949,1.6169820907308998,-0.25688703262143675,-0.05089075450475609
CV-E-B7,2018-WIH1,Canopy-growth,401,2.134763491998513,1.7201306750072085,-0.40102052917786724,-0.017339373579114154
CV-E-B7,2018-WIH1,Grain-fill-maturity,401,2.519450630809039,2.08395449219275,-0.951446594293303,-0.017545043105550138
CV-E-B7,2018-WIH1,Process-MK,401,1.9311470594448523,1.5199760356846062,-0.14650422442307565,-0.11234593083825842
CV-E-B7,2018-WIH1,Reproductive-transition,401,1.946487357168673,1.5517022681554924,-0.16479135705926562,-0.024076276987562203
CV-E-B7,2018-WIH1,Stage-MK,401,1.89353129545715,1.5001808841967288,-0.10227495457829683,-0.06582751817899514
CV-E-B7,2018-WIH1,Thermal,401,2.092646920627477,1.673024411070919,-0.3462846136454849,-0.06320373242009697
CV-E-B7,2018-WIH1,Thermal+water-MK,401,2.231338410008215,1.798395062253032,-0.5306498306385723,-0.09387168785949465
CV-E-B7,2018-WIH1,Vegetative,401,2.1212718896883835,1.684703575574319,-0.3833677240993407,-0.05713432696096468
CV-E-B7,2018-WIH1,Water-soil,401,2.3163155920842273,1.8838284875554077,-0.6494548269929146,-0.06045350635031742
CV-E-B7,2018-WIH2,All-nonleaky,815,2.8577483449825247,2.342909080269452,-1.441306695508855,0.027367343979714378
CV-E-B7,2018-WIH2,B6R-all-EC-reference,815,2.8472557740798643,2.3329056065546356,-1.4234124968989148,0.03392348876793122
CV-E-B7,2018-WIH2,Canopy-growth,815,2.1005812466275304,1.6989544226803306,-0.31902596961103824,0.02401064982992979
CV-E-B7,2018-WIH2,Grain-fill-maturity,815,2.482909355579187,1.983259550818448,-0.8428759745823866,0.1368432793371004
CV-E-B7,2018-WIH2,Process-MK,815,2.2073375989031674,1.686337200529719,-0.456504733232606,0.004660472231768357
CV-E-B7,2018-WIH2,Reproductive-transition,815,2.434034177471511,1.910150318576538,-0.7710373593485653,0.0636437541428402
CV-E-B7,2018-WIH2,Stage-MK,815,2.7227879142416773,2.193285960157721,-1.2161645666135583,-0.0011106300386640945
CV-E-B7,2018-WIH2,Thermal,815,3.192511456808665,2.7097019953634387,-2.0467674511235168,0.05789527661333613
CV-E-B7,2018-WIH2,Thermal+water-MK,815,2.9694371722348025,2.462195825611573,-1.6358619452273073,0.037839016473460246
CV-E-B7,2018-WIH2,Vegetative,815,4.406592832124419,4.032695327365961,-4.804705966914136,0.05786026448664156
CV-E-B7,2018-WIH2,Water-soil,815,2.9522389798242803,2.4438724894483657,-1.6054179367206487,0.029695848745790062
CV-E-B7,2019-DEH1,All-nonleaky,814,3.4979817795985175,3.0482640285864604,-2.492591580233088,0.026804551280618417
CV-E-B7,2019-DEH1,B6R-all-EC-reference,814,3.5116732847480128,3.0622609559790313,-2.5199859023597275,0.025130687763470935
CV-E-B7,2019-DEH1,Canopy-growth,814,3.3536689718340575,2.9042753840369087,-2.2103553187614255,0.05743481261784502
CV-E-B7,2019-DEH1,Grain-fill-maturity,814,3.178100023451876,2.726376653472414,-1.8830212253710275,0.07184276136090165
CV-E-B7,2019-DEH1,Process-MK,814,3.034774077110404,2.586294658235558,-1.628847831598689,0.07731009035364662
CV-E-B7,2019-DEH1,Reproductive-transition,814,3.010427637789962,2.558234356926899,-1.5868372234940962,0.02393095499096643
CV-E-B7,2019-DEH1,Stage-MK,814,3.699609360174733,3.261236058622814,-2.906829477388086,0.06305875833946718
CV-E-B7,2019-DEH1,Thermal,814,2.3846329292803925,1.955282562971079,-0.6231392895031669,0.03800739542790879
CV-E-B7,2019-DEH1,Thermal+water-MK,814,2.5359200101437804,2.0997525558697694,-0.8356243830882415,0.07601363640176831
CV-E-B7,2019-DEH1,Vegetative,814,2.6469512981005097,2.210921541146316,-0.9998831354229363,0.055526650936824844
CV-E-B7,2019-DEH1,Water-soil,814,3.347598555136037,2.8928669913863883,-2.1987438227673066,0.01762274460044989
CV-E-B7,2019-GAH2,All-nonleaky,390,2.837742827642189,2.493676658191731,-2.796772152996542,-0.09502579865362352
CV-E-B7,2019-GAH2,B6R-all-EC-reference,390,2.86338837929274,2.5194493393334856,-2.8657074335990402,-0.09234696833262167
CV-E-B7,2019-GAH2,Canopy-growth,390,4.498205027194291,4.23173190754751,-8.539968911568387,-0.10979325721001837
CV-E-B7,2019-GAH2,Grain-fill-maturity,390,3.1258956601422634,2.7851901680729543,-3.606991609655595,-0.12045598676771872
CV-E-B7,2019-GAH2,Process-MK,390,2.730473040265634,2.383941899050779,-2.515153154535845,-0.09342163499608147
CV-E-B7,2019-GAH2,Reproductive-transition,390,2.7354265450907693,2.3869332822678184,-2.527918797849154,-0.07128514306684705
CV-E-B7,2019-GAH2,Stage-MK,390,2.6562586087374784,2.311576330197288,-2.326665820317855,-0.10820683268981071
CV-E-B7,2019-GAH2,Thermal,390,3.318584296542731,2.9799863496948285,-4.192472125675117,-0.08874383517929539
CV-E-B7,2019-GAH2,Thermal+water-MK,390,2.4062493343499995,2.0531621004247924,-1.7299187390509836,-0.09342335479152862
CV-E-B7,2019-GAH2,Vegetative,390,2.290465573375038,1.9425787571158355,-1.4735232866724792,-0.10494084031437007
CV-E-B7,2019-GAH2,Water-soil,390,2.6211376181981576,2.276507513748569,-2.2392771915962175,-0.07162385756827316
CV-E-B7,2019-IAH4,All-nonleaky,1140,1.7236779166431602,1.4194021186785994,-0.7471957346547677,0.0010309615449938905
CV-E-B7,2019-IAH4,B6R-all-EC-reference,1140,1.7039849372158307,1.4010223736802896,-0.7075004563780123,0.002643727770085801
CV-E-B7,2019-IAH4,Canopy-growth,1140,1.650187952453389,1.3509297614642677,-0.6013864516990413,0.001877593872084756
CV-E-B7,2019-IAH4,Grain-fill-maturity,1140,1.4702358740113635,1.1708835928776344,-0.27116918514856714,-0.0034710265763618674
CV-E-B7,2019-IAH4,Process-MK,1140,1.3922640500988492,1.095649663916382,-0.13991519866262148,0.021542083674039925
CV-E-B7,2019-IAH4,Reproductive-transition,1140,1.3642840027060834,1.0665549147646671,-0.09455830129875742,0.013372446140339514
CV-E-B7,2019-IAH4,Stage-MK,1140,1.4221970438309126,1.1264706997109049,-0.1894573349714097,0.015771723083861742
CV-E-B7,2019-IAH4,Thermal,1140,2.2474268140216527,1.9589179693885574,-1.970300866186863,0.027345671057174097
CV-E-B7,2019-IAH4,Thermal+water-MK,1140,1.8303073340300593,1.5274688634450455,-0.9700505297109496,0.018735165243357017
CV-E-B7,2019-IAH4,Vegetative,1140,2.3663318286045745,2.0792683683701725,-2.2929157263985998,0.029179010291867754
CV-E-B7,2019-IAH4,Water-soil,1140,2.102016795387169,1.7976062867839195,-1.598374163138537,0.0007306065016714289
CV-E-B7,2019-ILH1,All-nonleaky,448,3.1865669344807412,2.821747302755741,-2.5615534103831816,0.2327365982286581
CV-E-B7,2019-ILH1,B6R-all-EC-reference,448,3.179709087090321,2.814550914681411,-2.546240185811116,0.23207674088100083
CV-E-B7,2019-ILH1,Canopy-growth,448,3.0774754294301703,2.7065225859452418,-2.321869439841976,0.22270961695619665
CV-E-B7,2019-ILH1,Grain-fill-maturity,448,4.201032075162103,3.8806449753039596,-5.190209760391791,0.21718749249931593
CV-E-B7,2019-ILH1,Process-MK,448,3.522637686675222,3.1669335201388855,-3.352405244796694,0.22144952886983246
CV-E-B7,2019-ILH1,Reproductive-transition,448,3.7092630863365983,3.3614226742660946,-3.8257925205821195,0.20931542501396697
CV-E-B7,2019-ILH1,Stage-MK,448,3.249848329483165,2.8854023066610375,-2.7044143398400986,0.2299433586952518
CV-E-B7,2019-ILH1,Thermal,448,4.147236678510864,3.8190125352310877,-5.032690049270284,0.20012083658921279
CV-E-B7,2019-ILH1,Thermal+water-MK,448,4.243373144779964,3.921777189603507,-5.3156174772736495,0.21127516168146984
CV-E-B7,2019-ILH1,Vegetative,448,4.24151430799048,3.9231028858246497,-5.310085495810437,0.21838082524949382
CV-E-B7,2019-ILH1,Water-soil,448,2.758882082995567,2.3739838611422215,-1.6696827072150628,0.2284893731328495
CV-E-B7,2019-INH1,All-nonleaky,440,3.85288066463213,3.5460766994367656,-5.140678073196719,0.13018619870402115
CV-E-B7,2019-INH1,B6R-all-EC-reference,440,3.852848018082026,3.5459129448868723,-5.140574010225394,0.12901147957630776
CV-E-B7,2019-INH1,Canopy-growth,440,3.7092419311397298,3.3881250264038263,-4.691353163913597,0.09112024272442404
CV-E-B7,2019-INH1,Grain-fill-maturity,440,3.808242026320943,3.48904754036434,-4.999213214546898,0.08967548105759561
CV-E-B7,2019-INH1,Process-MK,440,3.693799444824432,3.369101446987405,-4.644062804341584,0.1047734504508933
CV-E-B7,2019-INH1,Reproductive-transition,440,4.363639254861561,4.082944425307521,-6.876674417864501,0.09657558714859199
CV-E-B7,2019-INH1,Stage-MK,440,3.887790837403883,3.581224354520332,-5.252461096078434,0.12168627550600114
CV-E-B7,2019-INH1,Thermal,440,3.5204548944714675,3.1764709273116787,-4.126757589504802,0.07559879495516192
CV-E-B7,2019-INH1,Thermal+water-MK,440,3.45572636986649,3.1103290985052827,-3.9399654145910716,0.0994351605639733
CV-E-B7,2019-INH1,Vegetative,440,4.36763286654354,4.086906348213183,-6.891098512801706,0.09654872586793663
CV-E-B7,2019-INH1,Water-soil,440,3.9021032478296003,3.599008015842492,-5.298581122653214,0.13834239337467008
CV-E-B7,2019-MIH1,All-nonleaky,454,1.7777766043139056,1.41905048609146,-0.011106695475232353,0.07580752276015774
CV-E-B7,2019-MIH1,B6R-all-EC-reference,454,1.7820087924562842,1.4180948877996593,-0.015926521877549726,0.07564753720238171
CV-E-B7,2019-MIH1,Canopy-growth,454,2.1336219018972167,1.755406701968172,-0.4563894851415715,0.0669306302167069
CV-E-B7,2019-MIH1,Grain-fill-maturity,454,1.8842872922535832,1.5304445883197575,-0.1358915050534677,0.04815950763966331
CV-E-B7,2019-MIH1,Process-MK,454,1.7957044602261516,1.4496462179826164,-0.03160238112028102,0.08109999990675619
CV-E-B7,2019-MIH1,Reproductive-transition,454,1.8719515876392288,1.4640940562159366,-0.12106769715918153,0.06468351633868819
CV-E-B7,2019-MIH1,Stage-MK,454,1.7750348342451556,1.4239673850821906,-0.007990348525792612,0.06608254984644144
CV-E-B7,2019-MIH1,Thermal,454,1.980772423516193,1.5402314980926317,-0.2551966611805343,0.08414755979808104
CV-E-B7,2019-MIH1,Thermal+water-MK,454,1.7779487893486259,1.4209162044939632,-0.011302564711078267,0.09454359858600293
CV-E-B7,2019-MIH1,Vegetative,454,1.9450047743107364,1.5899825443818834,-0.21027470510826296,0.08744317213889627
CV-E-B7,2019-MIH1,Water-soil,454,1.8567988667556594,1.5071812909903328,-0.10299193759241976,0.09448152250007184
CV-E-B7,2019-MNH1,All-nonleaky,1001,3.434720629703166,3.0484638493828125,-2.527212345398189,-0.057505575217632325
CV-E-B7,2019-MNH1,B6R-all-EC-reference,1001,3.4176753501035466,3.027750538138507,-2.492290647592467,-0.06779174657226333
CV-E-B7,2019-MNH1,Canopy-growth,1001,4.329826829276045,4.003213953501189,-4.605183347160011,-0.016110132494156253
CV-E-B7,2019-MNH1,Grain-fill-maturity,1001,2.589392928765255,2.147224519703733,-1.0046782759175352,-0.1703461517913056
CV-E-B7,2019-MNH1,Process-MK,1001,3.8310251553121435,3.4616947591622926,-3.388122834478544,-0.0375626655400797
CV-E-B7,2019-MNH1,Reproductive-transition,1001,3.3828664762919383,2.996867390132329,-2.4215152598421823,-0.030332007778319982
CV-E-B7,2019-MNH1,Stage-MK,1001,3.450854910236368,3.0765474388785377,-2.5604276790891003,-0.0026573048331852774
CV-E-B7,2019-MNH1,Thermal,1001,2.854335595411663,2.437982950985228,-1.435896524114193,-0.0703154645412022
CV-E-B7,2019-MNH1,Thermal+water-MK,1001,2.951852297064311,2.5391679273170538,-1.6051816723216321,-0.06612353028902057
CV-E-B7,2019-MNH1,Vegetative,1001,3.9436309949379083,3.5731577674535115,-3.6498753550724317,-0.062140779225845516
CV-E-B7,2019-MNH1,Water-soil,1001,2.8298855374372867,2.423434991062862,-1.394343787912058,-0.04681821968700316
CV-E-B7,2019-MOH1,All-nonleaky,515,3.373845007170458,2.9610258693243563,-2.447612474535408,-0.07795208596766294
CV-E-B7,2019-MOH1,B6R-all-EC-reference,515,3.4176825702456877,3.0042537613389433,-2.5377866252860826,-0.07238840846239826
CV-E-B7,2019-MOH1,Canopy-growth,515,2.3595784284753,2.0141138200643423,-0.6863084758043818,-0.125302666788458
CV-E-B7,2019-MOH1,Grain-fill-maturity,515,2.6531302753294437,2.2657710864016614,-1.1319908648589245,-0.08414829641354757
CV-E-B7,2019-MOH1,Process-MK,515,2.0464288546022704,1.711739731933307,-0.26841535274906914,-0.07103128943795746
CV-E-B7,2019-MOH1,Reproductive-transition,515,3.1455378959165037,2.7343118477601793,-1.9968018769592337,-0.10691891675383206
CV-E-B7,2019-MOH1,Stage-MK,515,2.408752364033356,2.0528036026667213,-0.7573266548255471,-0.08609748047865569
CV-E-B7,2019-MOH1,Thermal,515,3.072947867623051,2.6564563833006436,-1.8600825856053786,-0.08269556981618792
CV-E-B7,2019-MOH1,Thermal+water-MK,515,2.8467817029067235,2.4410405544924196,-1.4545762075828592,-0.06663207909753172
CV-E-B7,2019-MOH1,Vegetative,515,3.6374451324406953,3.22463702272597,-3.007385208139344,-0.08593834179281575
CV-E-B7,2019-MOH1,Water-soil,515,4.298603686854483,3.900746201118178,-4.596583687358624,-0.09836410828664122
CV-E-B7,2019-NEH1,All-nonleaky,308,2.681477642479266,2.2354267405800807,-0.5124561268746197,0.14192734636034485
CV-E-B7,2019-NEH1,B6R-all-EC-reference,308,2.6772556744089115,2.231397296294279,-0.5076971727973059,0.14179253460268854
CV-E-B7,2019-NEH1,Canopy-growth,308,2.980163951293782,2.522167205688004,-0.8681628830182975,0.12514706433721706
CV-E-B7,2019-NEH1,Grain-fill-maturity,308,2.608729387734734,2.1597501185225605,-0.4315037374241435,0.12743467721363302
CV-E-B7,2019-NEH1,Process-MK,308,2.1979964673626635,1.6843142425962376,-0.016221561371719373,0.14592852456588987
CV-E-B7,2019-NEH1,Reproductive-transition,308,2.5637555336156166,2.1163026138393137,-0.3825716475027934,0.13523870056569054
CV-E-B7,2019-NEH1,Stage-MK,308,2.595270322155043,2.151128252724141,-0.41677089316558513,0.14421874184193298
CV-E-B7,2019-NEH1,Thermal,308,2.6754170486547584,2.2266023036538543,-0.5056270388160133,0.1437793937722386
CV-E-B7,2019-NEH1,Thermal+water-MK,308,2.6164830958219167,2.171368415464573,-0.4400258609983434,0.14782756115363715
CV-E-B7,2019-NEH1,Vegetative,308,4.274034822514969,3.807152879334136,-2.8424704604811852,0.12546469982983527
CV-E-B7,2019-NEH1,Water-soil,308,3.816472609960873,3.3499325548853554,-2.0637880984706674,0.13298277137125952
CV-E-B7,2019-NEH2,All-nonleaky,170,1.6794098416757588,1.3432787387399074,-0.261768708465447,0.24346231041760405
CV-E-B7,2019-NEH2,B6R-all-EC-reference,170,1.7080412846379835,1.3727167237891351,-0.3051580079997951,0.24291831967600844
CV-E-B7,2019-NEH2,Canopy-growth,170,1.5619345193928411,1.2303697793768162,-0.09142025969046208,0.25828662028001664
CV-E-B7,2019-NEH2,Grain-fill-maturity,170,1.5660674004236772,1.2335139582715084,-0.09720370029520331,0.2593888458775816
CV-E-B7,2019-NEH2,Process-MK,170,1.4585588567926797,1.120161785657746,0.04826885306524498,0.23248719314226046
CV-E-B7,2019-NEH2,Reproductive-transition,170,2.321770710301863,1.993445377569056,-1.4115985902827433,0.23889473425423433
CV-E-B7,2019-NEH2,Stage-MK,170,1.5583169998035584,1.2241465074634865,-0.08637054478207928,0.2394758177737222
CV-E-B7,2019-NEH2,Thermal,170,1.7528700741726015,1.4152633703115656,-0.37456669891585337,0.21319075178302602
CV-E-B7,2019-NEH2,Thermal+water-MK,170,1.6914783956671873,1.3564514999309358,-0.2799684808409859,0.22306116119450556
CV-E-B7,2019-NEH2,Vegetative,170,2.542052443786944,2.2072763081294866,-1.8909153627669695,0.2184827365850682
CV-E-B7,2019-NEH2,Water-soil,170,2.451679773414045,2.1211969258700276,-1.6890188906238346,0.2466609742695211
CV-E-B7,2019-NEH2L,All-nonleaky,174,2.394520346213981,1.8150044998508859,-0.2239644376592569,0.14076478056222783
CV-E-B7,2019-NEH2L,B6R-all-EC-reference,174,2.370395241172109,1.7983677708439039,-0.199425477209767,0.1399080862786583
CV-E-B7,2019-NEH2L,Canopy-growth,174,2.3081208318493425,1.750514663436419,-0.13723133546305877,0.1720293173440794
CV-E-B7,2019-NEH2L,Grain-fill-maturity,174,2.6233102508698822,1.995561831192693,-0.46903129922536424,0.16106737983205138
CV-E-B7,2019-NEH2L,Process-MK,174,3.5906632374474086,2.994471366259483,-1.7522069478130988,0.14538154406520618
CV-E-B7,2019-NEH2L,Reproductive-transition,174,3.24091826519538,2.629797819835687,-1.2421666738588932,0.16906684068495284
CV-E-B7,2019-NEH2L,Stage-MK,174,2.4969669768958638,1.8940202642537514,-0.3309364949794691,0.1366126550752172
CV-E-B7,2019-NEH2L,Thermal,174,2.5732949136699514,1.9517256525713944,-0.41354897344542696,0.14766827539740046
CV-E-B7,2019-NEH2L,Thermal+water-MK,174,2.4995804121884886,1.8930941678203745,-0.3337239861395638,0.1416664977272708
CV-E-B7,2019-NEH2L,Vegetative,174,2.4496734316216835,1.9778852618883778,-0.2809970227222145,0.12501139940064462
CV-E-B7,2019-NEH2L,Water-soil,174,2.2462792553706667,1.7115110157062512,-0.07710794438573365,0.16214203609717995
CV-E-B7,2019-NYH1,All-nonleaky,201,2.7547129164818767,2.4075783837634384,-2.7832910038703296,0.16637014628438748
CV-E-B7,2019-NYH1,B6R-all-EC-reference,201,2.7648742819509287,2.4178262121189142,-2.8112534865054406,0.1625000804972192
CV-E-B7,2019-NYH1,Canopy-growth,201,1.4715740308078011,1.1213731174767767,-0.07964576924553302,0.18074470704933443
CV-E-B7,2019-NYH1,Grain-fill-maturity,201,2.337750814373133,1.9509592214457911,-1.7246673708231208,0.09562965472272991
CV-E-B7,2019-NYH1,Process-MK,201,3.034495994418148,2.6986234762238546,-3.590819250473924,0.18101927309958915
CV-E-B7,2019-NYH1,Reproductive-transition,201,2.258153698172393,1.8839385580196137,-1.5422839372782375,0.1894235284753958
CV-E-B7,2019-NYH1,Stage-MK,201,3.043622595848807,2.7203952821028654,-3.6184756290299482,0.19749061615522587
CV-E-B7,2019-NYH1,Thermal,201,2.6635996013809438,2.3081334250623757,-2.5371619081345407,0.1728434369935031
CV-E-B7,2019-NYH1,Thermal+water-MK,201,2.989362330447966,2.6535664974449173,-3.455271474164263,0.17478780221349685
CV-E-B7,2019-NYH1,Vegetative,201,1.537335908759443,1.1661102214190502,-0.17829653318488314,0.1840209528523999
CV-E-B7,2019-NYH1,Water-soil,201,2.9093340834014088,2.5717661497067863,-3.219920280039708,0.17616069390029618
CV-E-B7,2019-NYH2,All-nonleaky,402,3.335195767049316,2.943066183332189,-2.4001376258983327,0.07278123384498847
CV-E-B7,2019-NYH2,B6R-all-EC-reference,402,3.2538742767820112,2.8587767978983734,-2.2363491705052647,0.07401318711588545
CV-E-B7,2019-NYH2,Canopy-growth,402,4.1352874524473116,3.7808328906449917,-4.227153354118177,0.06745268679436589
CV-E-B7,2019-NYH2,Grain-fill-maturity,402,3.088476787141955,2.68452340037134,-1.915697855343368,0.055047085686275
CV-E-B7,2019-NYH2,Process-MK,402,3.623680486666935,3.2432801569766303,-3.0137805949043406,0.06353941197853026
CV-E-B7,2019-NYH2,Reproductive-transition,402,2.4792095360358193,2.077764032254603,-0.8787989193526227,0.06606527568607252
CV-E-B7,2019-NYH2,Stage-MK,402,3.1772384847874475,2.780751535343833,-2.085698312745829,0.07022883463390478
CV-E-B7,2019-NYH2,Thermal,402,3.238479038257515,2.837298334922903,-2.2057969765461656,0.06328406068288148
CV-E-B7,2019-NYH2,Thermal+water-MK,402,3.7770674617276745,3.403259230828351,-3.3607713712262344,0.057067187521123344
CV-E-B7,2019-NYH2,Vegetative,402,4.258744579487805,3.9093215092237887,-4.5439208582930295,0.07486760577109614
CV-E-B7,2019-NYH2,Water-soil,402,3.7157737060541463,3.3409639357100875,-3.2203877006128003,0.06744217748168907
CV-E-B7,2019-NYH3,All-nonleaky,573,2.8425407443963926,2.3720050561402553,-0.870816811397018,0.10721093302494296
CV-E-B7,2019-NYH3,B6R-all-EC-reference,573,2.8457341233629174,2.3750329254929587,-0.8750226141550226,0.1056977478055731
CV-E-B7,2019-NYH3,Canopy-growth,573,2.7425115381322134,2.276980305561067,-0.7414651734237314,0.09512738652647923
CV-E-B7,2019-NYH3,Grain-fill-maturity,573,2.958647144647884,2.4843180097182724,-1.0267688150840426,0.09888503543627895
CV-E-B7,2019-NYH3,Process-MK,573,2.7912027033566185,2.320051337645441,-0.8038508318786095,0.09363702755276761
CV-E-B7,2019-NYH3,Reproductive-transition,573,2.3699523532285327,1.9126115200331317,-0.30046029334153124,0.10159207263698562
CV-E-B7,2019-NYH3,Stage-MK,573,2.990765215124873,2.5137981215269267,-1.0710114908581154,0.10148890927653331
CV-E-B7,2019-NYH3,Thermal,573,3.3658489195425325,2.884674009318719,-1.6230532265902782,0.09137688570290158
CV-E-B7,2019-NYH3,Thermal+water-MK,573,3.2813048312115876,2.7985799454023317,-1.4929353892078359,0.0905512924517949
CV-E-B7,2019-NYH3,Vegetative,573,4.268274867724695,3.816946012524236,-3.218155885928118,0.08671020827824534
CV-E-B7,2019-NYH3,Water-soil,573,2.8128088885393194,2.342763700331284,-0.8318854720266715,0.1038885414501328
CV-E-B7,2019-OHH1,All-nonleaky,367,3.2604879450660533,2.9749372675312817,-2.7592392747066685,0.11733244484686745
CV-E-B7,2019-OHH1,B6R-all-EC-reference,367,3.2108543745355527,2.9228982419413367,-2.645658542565791,0.1155499001955416
CV-E-B7,2019-OHH1,Canopy-growth,367,3.0676167812240034,2.7716349190155976,-2.3276449446130574,0.11421792214549105
CV-E-B7,2019-OHH1,Grain-fill-maturity,367,2.454413140079203,2.1323389924235805,-1.130247706170449,0.09897411901425987
CV-E-B7,2019-OHH1,Process-MK,367,2.310369017138007,1.9851140041943203,-0.8875457006751994,0.11839554174263019
CV-E-B7,2019-OHH1,Reproductive-transition,367,2.8858304667562433,2.579367570753439,-1.9449396537730181,0.0980617766683924
CV-E-B7,2019-OHH1,Stage-MK,367,3.0327343535901057,2.738802505934873,-2.252396711431448,0.1214735376411713
CV-E-B7,2019-OHH1,Thermal,367,2.0284023556173842,1.6725076079751209,-0.4549329654840639,0.08284568116690756
CV-E-B7,2019-OHH1,Thermal+water-MK,367,2.4616955148210713,2.139698720098101,-1.1429075768122776,0.09444974895721636
CV-E-B7,2019-OHH1,Vegetative,367,2.9024636564546116,2.5946583337029923,-1.9789852467903173,0.09009977101793064
CV-E-B7,2019-OHH1,Water-soil,367,3.109289093055396,2.816324670729213,-2.4186684065828343,0.09858261752633277
CV-E-B7,2019-SCH1,All-nonleaky,365,4.857398773256714,4.755703960444114,-23.63196902368702,0.13779048539389624
CV-E-B7,2019-SCH1,B6R-all-EC-reference,365,4.853548120273308,4.751842670309318,-23.59293102245081,0.13912865952069833
CV-E-B7,2019-SCH1,Canopy-growth,365,4.345590902320069,4.230002633577441,-18.71465993815538,0.12723760648597077
CV-E-B7,2019-SCH1,Grain-fill-maturity,365,5.337373923569396,5.242310788271462,-28.740404504049557,0.13080801103008574
CV-E-B7,2019-SCH1,Process-MK,365,5.001123769145385,4.900107891003664,-25.111199176209077,0.1366894555163886
CV-E-B7,2019-SCH1,Reproductive-transition,365,4.721756446151804,4.6120660014994534,-22.275486962760134,0.083791572346125
CV-E-B7,2019-SCH1,Stage-MK,365,4.980433633690632,4.880964356643798,-24.895596943099573,0.14215658220850655
CV-E-B7,2019-SCH1,Thermal,365,5.1825709068661086,5.081629245313164,-27.040265252710228,0.12376724895745982
CV-E-B7,2019-SCH1,Thermal+water-MK,365,5.49653216119839,5.403217633521004,-30.540542505949013,0.14222885811081382
CV-E-B7,2019-SCH1,Vegetative,365,5.953512187612929,5.868376370390084,-36.00309972811477,0.11380071193474249
CV-E-B7,2019-SCH1,Water-soil,365,4.6348939611918425,4.528675995525533,-21.4270017755019,0.14948966743080058
CV-E-B7,2019-TXH1,All-nonleaky,571,1.9072759666670274,1.5339521054440153,-0.17814906522770801,0.022920360150595755
CV-E-B7,2019-TXH1,B6R-all-EC-reference,571,1.9174310229733982,1.5466022998750857,-0.19072828415609355,0.023872231766896256
CV-E-B7,2019-TXH1,Canopy-growth,571,1.9380778222372304,1.5665664350895272,-0.21650975020226393,0.004312896462079565
CV-E-B7,2019-TXH1,Grain-fill-maturity,571,1.7869708516080316,1.3557850335781483,-0.03420851081741172,0.013936339599055849
CV-E-B7,2019-TXH1,Process-MK,571,1.92494756024423,1.5541094078275015,-0.2000821500374932,0.01495868855927537
CV-E-B7,2019-TXH1,Reproductive-transition,571,1.8764718652677,1.4922243578454784,-0.14040020008754195,0.029068183841135558
CV-E-B7,2019-TXH1,Stage-MK,571,1.9577551659523056,1.5963172990886527,-0.24133764936181312,0.022450393038556178
CV-E-B7,2019-TXH1,Thermal,571,1.7942733711816006,1.3464232623762276,-0.042678441162477876,0.02090626217755465
CV-E-B7,2019-TXH1,Thermal+water-MK,571,1.8110500536861793,1.3296224299433457,-0.06226794725577256,0.020974694042134836
CV-E-B7,2019-TXH1,Vegetative,571,1.7791672204200994,1.3347727858267977,-0.02519553802437069,0.03870014603241994
CV-E-B7,2019-TXH1,Water-soil,571,1.7799046224260586,1.3473464043047645,-0.026045528853035904,0.022936419578656515
CV-E-B7,2019-TXH2,All-nonleaky,438,1.5172122921341797,1.2263796302862358,-0.133186657416559,0.008382637550584791
CV-E-B7,2019-TXH2,B6R-all-EC-reference,438,1.5192778933952893,1.2279388369983053,-0.13627430068980284,0.009464465995467242
CV-E-B7,2019-TXH2,Canopy-growth,438,1.5055906596936235,1.2216559559608917,-0.11589304503190756,-0.024523147975636955
CV-E-B7,2019-TXH2,Grain-fill-maturity,438,1.654405058542556,1.3358050118073286,-0.3473872883006277,-0.006846147285668162
CV-E-B7,2019-TXH2,Process-MK,438,1.5895891798105521,1.2798775449666715,-0.24388016598290818,0.0012102516605627185
CV-E-B7,2019-TXH2,Reproductive-transition,438,1.846867810451132,1.4927812263331734,-0.6791147280085208,-0.004701894532729626
CV-E-B7,2019-TXH2,Stage-MK,438,1.8363770061857048,1.4842592734862512,-0.6600930810192791,0.00880873249194488
CV-E-B7,2019-TXH2,Thermal,438,1.5903799969639694,1.2790547916551007,-0.24511812919292564,0.005882129961970485
CV-E-B7,2019-TXH2,Thermal+water-MK,438,1.506210395425241,1.2091121661392639,-0.11681188856878233,0.004351705307931872
CV-E-B7,2019-TXH2,Vegetative,438,1.562811683148147,1.2643460509925761,-0.20232546527770912,-0.00014185459070013753
CV-E-B7,2019-TXH2,Water-soil,438,1.4725979253036414,1.187051465215164,-0.06752269250781828,0.005221153710975429
CV-E-B7,2019-TXH3,All-nonleaky,445,1.6064544820550695,1.2639274264169742,-0.10511761118699492,0.05576568143338463
CV-E-B7,2019-TXH3,B6R-all-EC-reference,445,1.6388125723504177,1.2908417412278064,-0.1500857563440463,0.0568247777368833
CV-E-B7,2019-TXH3,Canopy-growth,445,1.616903822222562,1.2753909297103818,-0.11954105947945592,0.04631683064870091
CV-E-B7,2019-TXH3,Grain-fill-maturity,445,2.1869534183334842,1.7989040722874827,-1.0480979186836272,0.059093340040256306
CV-E-B7,2019-TXH3,Process-MK,445,1.7758740536607511,1.396422074141912,-0.3505043108596966,0.04757120714903736
CV-E-B7,2019-TXH3,Reproductive-transition,445,1.612897804221913,1.2682869176150284,-0.11400041357238155,0.027293770525983533
CV-E-B7,2019-TXH3,Stage-MK,445,1.8064365573658898,1.4421958877815968,-0.3973882203991015,0.04338728008794954
CV-E-B7,2019-TXH3,Thermal,445,1.5845861661741647,1.233796468993738,-0.07523494622590232,0.03493417750163508
CV-E-B7,2019-TXH3,Thermal+water-MK,445,2.050008442117356,1.6612133969751484,-0.7996288624967958,0.04202647723774633
CV-E-B7,2019-TXH3,Vegetative,445,1.6994662766858246,1.3377403711886457,-0.23679224349332073,0.03770331740085314
CV-E-B7,2019-TXH3,Water-soil,445,1.591212167657348,1.2468559987953622,-0.08424601067800608,0.05110816023154817
CV-E-B7,2019-WIH1,All-nonleaky,580,3.031277920337786,2.6169374713544213,-0.8870348274824322,0.05177039119010809
CV-E-B7,2019-WIH1,B6R-all-EC-reference,580,3.033542056314442,2.6179979966566505,-0.8898548256306333,0.05266070895896649
CV-E-B7,2019-WIH1,Canopy-growth,580,2.5428309897083383,2.1429423864392976,-0.32789395705440727,0.06317601021783502
CV-E-B7,2019-WIH1,Grain-fill-maturity,580,3.2890689003884153,2.8653981599562734,-1.221643375379172,0.04886975431806338
CV-E-B7,2019-WIH1,Process-MK,580,2.8525758598223665,2.441215582353882,-0.6711014215106692,0.048291384424851036
CV-E-B7,2019-WIH1,Reproductive-transition,580,3.0117270048289497,2.5941579194846565,-0.8627716066789868,0.051976929477713485
CV-E-B7,2019-WIH1,Stage-MK,580,3.833741734668786,3.3850527524746257,-2.0183813496807117,0.045290583045225714
CV-E-B7,2019-WIH1,Thermal,580,2.512286820710435,2.100815142300328,-0.2961845589350838,0.04866715928401708
CV-E-B7,2019-WIH1,Thermal+water-MK,580,2.765293646080562,2.353324883133829,-0.5704022718707111,0.048501318827021044
CV-E-B7,2019-WIH1,Vegetative,580,2.3717367679003747,1.9534273508534739,-0.1552111605189339,0.049173416161914535
CV-E-B7,2019-WIH1,Water-soil,580,3.2017356037147966,2.7830648248132484,-1.1052289532946253,0.045906921727097844
CV-E-B7,2019-WIH2,All-nonleaky,1113,2.95217166932025,2.5237750778467047,-2.136437512742449,0.01646398515818999
CV-E-B7,2019-WIH2,B6R-all-EC-reference,1113,2.9925158131885032,2.564689245077815,-2.222747878157286,0.005755472477068064
CV-E-B7,2019-WIH2,Canopy-growth,1113,2.4613164647856434,2.0269412977164376,-1.1801598476159922,0.07390745322824867
CV-E-B7,2019-WIH2,Grain-fill-maturity,1113,2.857198120600052,2.397065427563164,-1.937880554566234,-0.11100562279857981
CV-E-B7,2019-WIH2,Process-MK,1113,3.192725197777857,2.7668817828106955,-2.668398462805874,0.02237478133487833
CV-E-B7,2019-WIH2,Reproductive-transition,1113,2.532246195514686,2.0966636513800694,-1.3076252255920089,0.04943746227556007
CV-E-B7,2019-WIH2,Stage-MK,1113,2.972254123463915,2.54941127046796,-2.17925453603143,0.07004736750525448
CV-E-B7,2019-WIH2,Thermal,1113,4.0023517728372795,3.6339154551632507,-4.764795910634723,-0.0005617127073879586
CV-E-B7,2019-WIH2,Thermal+water-MK,1113,3.7102410143936293,3.3171155818226037,-3.9540189905760617,-0.0012375515446759263
CV-E-B7,2019-WIH2,Vegetative,1113,3.7624883361125714,3.377003287822456,-4.094525585467626,0.009533535532381168
CV-E-B7,2019-WIH2,Water-soil,1113,2.3196748344724765,1.8852378155976628,-0.9364560519304885,0.032315016903601265
CV-E-B7,2020-DEH1,All-nonleaky,1143,1.9476158636655032,1.4954358182889598,-0.033208010552422396,0.49166958651671594
CV-E-B7,2020-DEH1,B6R-all-EC-reference,1143,1.9560916385176585,1.5027649274349244,-0.0422203561867569,0.49467857414289373
CV-E-B7,2020-DEH1,Canopy-growth,1143,2.2934457620992963,1.8236269772288067,-0.43270938546386994,0.5068848277609004
CV-E-B7,2020-DEH1,Grain-fill-maturity,1143,1.8451993695891689,1.4138256487818341,0.07259858717497747,0.49242863981917817
CV-E-B7,2020-DEH1,Process-MK,1143,1.9826162092361685,1.5217784397969498,-0.07067697460158784,0.5036966099975513
CV-E-B7,2020-DEH1,Reproductive-transition,1143,1.8100989140252488,1.3990044572695342,0.10754613707879701,0.5246130237660619
CV-E-B7,2020-DEH1,Stage-MK,1143,2.091705444182708,1.6121766732428735,-0.19174190762897214,0.5108943168935259
CV-E-B7,2020-DEH1,Thermal,1143,1.9902076209323054,1.5280809034640115,-0.07889188838745498,0.47697574293144873
CV-E-B7,2020-DEH1,Thermal+water-MK,1143,1.9302080850417764,1.4713738771230258,-0.014820937498277731,0.4488971311428031
CV-E-B7,2020-DEH1,Vegetative,1143,2.9682623873793013,2.529623223883889,-1.3998590536719004,0.5032561629044013
CV-E-B7,2020-DEH1,Water-soil,1143,2.1180216943375516,1.621991868865338,-0.22191772976374335,0.48100622104990803
CV-E-B7,2020-INH1,All-nonleaky,415,1.7536700118478985,1.3620371821950992,-0.14456135322902286,0.06779485269785662
CV-E-B7,2020-INH1,B6R-all-EC-reference,415,1.721709037784463,1.3387022067576446,-0.10322182538621516,0.06807611366857548
CV-E-B7,2020-INH1,Canopy-growth,415,1.7747589282094787,1.396111120238496,-0.172254924625574,0.04051950608612045
CV-E-B7,2020-INH1,Grain-fill-maturity,415,1.6566126163015211,1.293365924844053,-0.021375075484205253,0.06314683615174203
CV-E-B7,2020-INH1,Process-MK,415,1.7512265321948415,1.3778946230803664,-0.14137402156800505,0.07241288049853246
CV-E-B7,2020-INH1,Reproductive-transition,415,1.6629280127423953,1.303573049199485,-0.029177362694920328,0.0743524767750069
CV-E-B7,2020-INH1,Stage-MK,415,1.7471649039015744,1.3575643931951287,-0.1360857724759601,0.08016495872205137
CV-E-B7,2020-INH1,Thermal,415,1.7033186511988583,1.3233818611372834,-0.07977963050213899,0.051703322021687925
CV-E-B7,2020-INH1,Thermal+water-MK,415,1.9200374263117734,1.5086789539502803,-0.3720271808211215,0.06923806238573862
CV-E-B7,2020-INH1,Vegetative,415,2.055035225434506,1.626713708789535,-0.5717442045654137,0.07818255850111182
CV-E-B7,2020-INH1,Water-soil,415,1.9471499338589857,1.5366747075338618,-0.41104906415034304,0.06608776000538118
CV-E-B7,2020-MIH1,All-nonleaky,415,3.2916339592752086,3.022435655014186,-5.807407725392759,0.045228149648284345
CV-E-B7,2020-MIH1,B6R-all-EC-reference,415,3.336429084152313,3.0687820574697113,-5.993949488396104,0.043440375036534785
CV-E-B7,2020-MIH1,Canopy-growth,415,3.532357251826951,3.292809270727086,-6.839492255539674,0.06619887279719762
CV-E-B7,2020-MIH1,Grain-fill-maturity,415,3.228585101513852,2.9530560739515543,-5.549123367892383,0.06381504483857066
CV-E-B7,2020-MIH1,Process-MK,415,4.203668285748429,3.999748598668135,-10.102366793900629,0.06864892744090968
CV-E-B7,2020-MIH1,Reproductive-transition,415,3.067354193605958,2.7985021370169965,-4.911348316797623,0.08508815214608681
CV-E-B7,2020-MIH1,Stage-MK,415,3.2838526464086883,3.018566766930936,-5.775260797972225,0.05170623129736065
CV-E-B7,2020-MIH1,Thermal,415,2.6790934961074315,2.368218368751005,-3.509562754085371,0.03428049386198959
CV-E-B7,2020-MIH1,Thermal+water-MK,415,2.8877902499423245,2.5888573302323996,-4.239501707634638,0.04528328242432597
CV-E-B7,2020-MIH1,Vegetative,415,3.373685191519447,3.1046411784916006,-6.151016900299801,0.040373190187984444
CV-E-B7,2020-MIH1,Water-soil,415,3.4281331062077274,3.180009199482035,-6.383700070438551,0.07536632622267346
CV-E-B7,2020-MNH1,All-nonleaky,392,1.6045570199877273,1.2340843090431446,-0.1909616161792569,0.2780597794029825
CV-E-B7,2020-MNH1,B6R-all-EC-reference,392,1.6059251063717186,1.2354300408172996,-0.19299337068650746,0.27774039517732324
CV-E-B7,2020-MNH1,Canopy-growth,392,1.859012829697762,1.4747234336623007,-0.5986457185070675,0.2866143767017549
CV-E-B7,2020-MNH1,Grain-fill-maturity,392,1.8769012055652874,1.4811936524961196,-0.6295597212345738,0.20538576914034704
CV-E-B7,2020-MNH1,Process-MK,392,1.6675687345556782,1.2894028631843324,-0.2863375357162401,0.2820685966267792
CV-E-B7,2020-MNH1,Reproductive-transition,392,2.0039895694287315,1.6162792146743858,-0.8577119226032965,0.278289928700372
CV-E-B7,2020-MNH1,Stage-MK,392,1.506021140350122,1.1494074343683647,-0.04917900471934744,0.26848760888962336
CV-E-B7,2020-MNH1,Thermal,392,1.4572367821116643,1.114080604501586,0.017691947163464117,0.2586405391091188
CV-E-B7,2020-MNH1,Thermal+water-MK,392,1.494697440310151,1.138613303809405,-0.033460867388724225,0.24952565916024722
CV-E-B7,2020-MNH1,Vegetative,392,1.6240161652426606,1.2527496783932335,-0.22002337205083333,0.29022459781995813
CV-E-B7,2020-MNH1,Water-soil,392,1.627193412387872,1.2468826863971276,-0.22480178213964153,0.26377008494062726
CV-E-B7,2020-NEH1,All-nonleaky,246,1.8047397982418167,1.4590680035843075,0.02402020731201615,0.17026817204746597
CV-E-B7,2020-NEH1,B6R-all-EC-reference,246,1.8000802432185796,1.4372796930047202,0.029053354931881326,0.1719728206263012
CV-E-B7,2020-NEH1,Canopy-growth,246,1.8359886080846022,1.522741974893607,-0.010070294835603288,0.20939479033014938
CV-E-B7,2020-NEH1,Grain-fill-maturity,246,2.1745397548365215,1.647831368943162,-0.41692328861512085,0.1929233581569294
CV-E-B7,2020-NEH1,Process-MK,246,1.8411061283706256,1.4091809430257236,-0.01570895637480718,0.20905013300611588
CV-E-B7,2020-NEH1,Reproductive-transition,246,1.867085939797098,1.416300548685593,-0.044576501265433555,0.1784754930693917
CV-E-B7,2020-NEH1,Stage-MK,246,1.7960047365973004,1.4490727982224434,0.03344495905266809,0.1970762536476822
CV-E-B7,2020-NEH1,Thermal,246,2.495760784851458,1.9557866223577742,-0.8664551038709853,0.18757600112775824
CV-E-B7,2020-NEH1,Thermal+water-MK,246,2.233391755901905,1.7052922965635462,-0.4946566963224268,0.1958931238353435
CV-E-B7,2020-NEH1,Vegetative,246,1.8322400247660457,1.401162578226024,-0.00594993448407366,0.2098231767686352
CV-E-B7,2020-NEH1,Water-soil,246,1.8966188557966273,1.5877816076728655,-0.07788334790310691,0.13874927417697877
CV-E-B7,2020-NEH2,All-nonleaky,245,2.4926368269924044,2.278349248615954,-3.519528053497914,0.04166872724171422
CV-E-B7,2020-NEH2,B6R-all-EC-reference,245,2.4909842357939596,2.2766891857871117,-3.5135372438533574,0.04284336897567274
CV-E-B7,2020-NEH2,Canopy-growth,245,2.217016408679041,1.9959482205435508,-2.5753032781595273,0.01544804390623295
CV-E-B7,2020-NEH2,Grain-fill-maturity,245,2.3492330157865253,2.1288981960317783,-3.0144611895730264,0.003198851977779897
CV-E-B7,2020-NEH2,Process-MK,245,2.5265688639182096,2.315538712795791,-3.6434134162726464,-0.029294773310722486
CV-E-B7,2020-NEH2,Reproductive-transition,245,2.697323160481057,2.4858889404261864,-4.2922583294669465,-0.10103182743188371
CV-E-B7,2020-NEH2,Stage-MK,245,2.438709327256709,2.22446791676345,-3.326086021150447,-0.0018213564079623957
CV-E-B7,2020-NEH2,Thermal,245,1.6130788766015094,1.3738599590791472,-0.8927196041935304,0.02141937152043468
CV-E-B7,2020-NEH2,Thermal+water-MK,245,2.4152769919341504,2.1997246575670713,-3.243351035913558,-0.0018509971585722127
CV-E-B7,2020-NEH2,Vegetative,245,1.500223990330633,1.244127834836328,-0.6371455211883306,-0.05999776469007847
CV-E-B7,2020-NEH2,Water-soil,245,1.9198016924345813,1.6873342651499164,-1.680944433003634,0.03860133720727318
CV-E-B7,2020-NYH1,All-nonleaky,22,1.9016805551468414,1.4313992198820038,-0.13031465861445524,0.21248050869013346
CV-E-B7,2020-NYH1,B6R-all-EC-reference,22,1.8985263738501477,1.428666639523672,-0.1265682242718047,0.20752241485848974
CV-E-B7,2020-NYH1,Canopy-growth,22,2.974082291857299,2.4773383324427334,-1.7645865479183271,0.05954835851720076
CV-E-B7,2020-NYH1,Grain-fill-maturity,22,2.175234173434823,1.6666667154965105,-0.4788913310504672,0.09991243442746855
CV-E-B7,2020-NYH1,Process-MK,22,1.9229709793190182,1.477707754897311,-0.1557653986428298,0.09009686931049761
CV-E-B7,2020-NYH1,Reproductive-transition,22,2.0300232346862526,1.5286516960969563,-0.288030792126615,0.04932590097426855
CV-E-B7,2020-NYH1,Stage-MK,22,2.098412649676805,1.618220667106729,-0.3762775302039898,0.1580483007148098
CV-E-B7,2020-NYH1,Thermal,22,1.8404285145508357,1.4503547637894896,-0.05867372589673003,0.13131077130201768
CV-E-B7,2020-NYH1,Thermal+water-MK,22,1.8036405338774302,1.4504109839184494,-0.016773460352967895,0.12181772828146402
CV-E-B7,2020-NYH1,Vegetative,22,1.9577283246384953,1.7260765673126968,-0.19792347825425716,0.10304650447547406
CV-E-B7,2020-NYH1,Water-soil,22,1.8580049808719061,1.460370594944173,-0.07899138214293755,0.08071189752657755
CV-E-B7,2020-NYH2,All-nonleaky,386,2.224205693988628,1.70985973588506,-0.08684337493587502,0.1116010571924578
CV-E-B7,2020-NYH2,B6R-all-EC-reference,386,2.1779405923584347,1.6765720073691868,-0.04209934912527147,0.11092281021059683
CV-E-B7,2020-NYH2,Canopy-growth,386,2.17947397026947,1.680891471403689,-0.04356724465951167,0.13237434289200617
CV-E-B7,2020-NYH2,Grain-fill-maturity,386,2.1233676088719684,1.669660377180805,0.009470436405576654,0.13407042445246373
CV-E-B7,2020-NYH2,Process-MK,386,2.2154001197418087,1.7563390307588076,-0.07825483853401716,0.10716876301577484
CV-E-B7,2020-NYH2,Reproductive-transition,386,2.144191013714451,1.6912985149502697,-0.010052642261072053,0.13245681309070928
CV-E-B7,2020-NYH2,Stage-MK,386,2.123279419178469,1.642561511116221,0.009552713901198384,0.1105890797566753
CV-E-B7,2020-NYH2,Thermal,386,2.6131739191750842,2.138918365007268,-0.5002156653392769,0.11910915274477692
CV-E-B7,2020-NYH2,Thermal+water-MK,386,2.9701009089686776,2.4856269401390505,-0.9380254476651324,0.11564279116951418
CV-E-B7,2020-NYH2,Vegetative,386,2.143391413239866,1.6507548082596009,-0.009299455649644628,0.11243031913469573
CV-E-B7,2020-NYH2,Water-soil,386,2.7496910326379314,2.270427649211894,-0.6610582426508071,0.1234442807025131
CV-E-B7,2020-NYH3,All-nonleaky,379,2.3543151228879484,1.842522422810946,-0.1180076934368357,0.013430305209941509
CV-E-B7,2020-NYH3,B6R-all-EC-reference,379,2.3981446351527467,1.8966683459183533,-0.16002233796282694,0.013611158772791492
CV-E-B7,2020-NYH3,Canopy-growth,379,2.3422190360535313,1.7445288718260215,-0.10654892379656022,0.009772765474642986
CV-E-B7,2020-NYH3,Grain-fill-maturity,379,2.2737980124413846,1.7012911925765517,-0.04284406186601886,0.010905726080680501
CV-E-B7,2020-NYH3,Process-MK,379,2.2622592178800143,1.7175485615173096,-0.03228672026910573,-0.0010940804694125879
CV-E-B7,2020-NYH3,Reproductive-transition,379,2.2863536565646116,1.7517042103022624,-0.05439278294263228,-0.016570427747604168
CV-E-B7,2020-NYH3,Stage-MK,379,2.2634720719567523,1.7220624436072176,-0.03339388673793242,0.0064582333373415
CV-E-B7,2020-NYH3,Thermal,379,2.3895892552478166,1.8868114278673027,-0.15176034329305144,0.011783426993779588
CV-E-B7,2020-NYH3,Thermal+water-MK,379,2.3157533460969737,1.7935587526182157,-0.08168350735253371,0.0006479665637100405
CV-E-B7,2020-NYH3,Vegetative,379,2.4518358609404096,1.9576493006676368,-0.21254647415444938,0.005479464390491799
CV-E-B7,2020-NYH3,Water-soil,379,2.4532230433394577,1.9622925477080433,-0.21391891427196974,0.002938907729325872
CV-E-B7,2020-OHH1,All-nonleaky,396,2.778812519550435,2.5025000771343078,-3.8137257491213346,0.11637165760233628
CV-E-B7,2020-OHH1,B6R-all-EC-reference,396,2.7008471484865604,2.4209884258252043,-3.5473969160278163,0.11634839236915155
CV-E-B7,2020-OHH1,Canopy-growth,396,3.218863511155406,2.958821664776752,-5.459039992024597,0.09531263206234677
CV-E-B7,2020-OHH1,Grain-fill-maturity,396,3.059666728198401,2.7787341990172565,-4.835943756313108,0.08767410451465182
CV-E-B7,2020-OHH1,Process-MK,396,3.0945869841852254,2.8363333316892874,-4.96991625735384,0.12162182122653416
CV-E-B7,2020-OHH1,Reproductive-transition,396,2.6188082500723797,2.3309658698128435,-3.2753359910440407,0.10458293043464126
CV-E-B7,2020-OHH1,Stage-MK,396,2.751863512485669,2.4793850490997507,-3.7208111755631306,0.11853591865004195
CV-E-B7,2020-OHH1,Thermal,396,2.3428601590433575,2.032410755340583,-2.421807582096791,0.08488447271315525
CV-E-B7,2020-OHH1,Thermal+water-MK,396,1.849493899663918,1.5505002412462612,-1.1323999141677765,0.09242223441462276
CV-E-B7,2020-OHH1,Vegetative,396,3.6686278603838653,3.447852251791423,-7.390158586844915,0.1330048340858186
CV-E-B7,2020-OHH1,Water-soil,396,1.558175461892665,1.2964685613932694,-0.5135458151476977,0.10946930873337142
CV-E-B7,2020-SCH1,All-nonleaky,398,3.783666061216263,3.5611975640593907,-8.01050510681887,0.0049660291334389225
CV-E-B7,2020-SCH1,B6R-all-EC-reference,398,3.7417845772212113,3.5171852899460565,-7.812134139365522,0.0030278074298792663
CV-E-B7,2020-SCH1,Canopy-growth,398,4.888490189156685,4.714589717462974,-14.040872647890295,-0.003346180975831629
CV-E-B7,2020-SCH1,Grain-fill-maturity,398,4.722239961561175,4.544651520974013,-13.035233503006403,0.002929745372904466
CV-E-B7,2020-SCH1,Process-MK,398,4.493319028601579,4.305314700636058,-11.707439420371145,-0.01807849452777722
CV-E-B7,2020-SCH1,Reproductive-transition,398,3.175235630236652,2.9218355591067247,-5.345640389216856,-0.03600536547411566
CV-E-B7,2020-SCH1,Stage-MK,398,3.8448683112683595,3.6260132278739565,-8.304359396255954,-0.019936772165514295
CV-E-B7,2020-SCH1,Thermal,398,4.215104914759648,4.015749402210566,-10.182536277696302,0.03269749801874699
CV-E-B7,2020-SCH1,Thermal+water-MK,398,4.413133601622531,4.224159827013336,-11.257945577941518,0.018803359211895052
CV-E-B7,2020-SCH1,Vegetative,398,4.660015309701397,4.473404386597602,-12.667787727510733,-0.024214988904953553
CV-E-B7,2020-SCH1,Water-soil,398,4.264706110621341,4.069093261360748,-10.447265485166664,0.0022783606413375387
CV-E-B7,2020-TXH1,All-nonleaky,246,1.8371941132531902,1.4201910471595078,-0.22702030266005013,0.10312171018223945
CV-E-B7,2020-TXH1,B6R-all-EC-reference,246,1.840197862846031,1.4229152255673319,-0.2310358551521965,0.1024784284065461
CV-E-B7,2020-TXH1,Canopy-growth,246,2.400264585238309,1.974730927742794,-1.0944012728053143,0.0670510069230944
CV-E-B7,2020-TXH1,Grain-fill-maturity,246,1.7908313651941783,1.3823715360437776,-0.16587245756744107,0.057900120797024106
CV-E-B7,2020-TXH1,Process-MK,246,1.741487274316338,1.3420513628209902,-0.10250931866692214,0.13426418647059277
CV-E-B7,2020-TXH1,Reproductive-transition,246,2.7414788962926013,2.33899020064591,-1.732193617844675,0.2219874378725753
CV-E-B7,2020-TXH1,Stage-MK,246,1.729496099398592,1.330550431468241,-0.08737872634063915,0.15996461255804575
CV-E-B7,2020-TXH1,Thermal,246,1.7826933507660356,1.391008066071028,-0.15530046366198635,0.004638635333907201
CV-E-B7,2020-TXH1,Thermal+water-MK,246,2.046577262008326,1.6546144434090158,-0.5226425004794375,0.06356330756452103
CV-E-B7,2020-TXH1,Vegetative,246,1.6209269632793533,1.2544656681635533,0.04485666050328363,0.2135309460075881
CV-E-B7,2020-TXH1,Water-soil,246,1.7254018094533474,1.3292036501452213,-0.08223644928483642,0.09003796604431284
CV-E-B7,2020-TXH2,All-nonleaky,245,3.0546987842907853,2.730113077454332,-2.8261408800774843,0.01576201573745451
CV-E-B7,2020-TXH2,B6R-all-EC-reference,245,3.0732586484488422,2.750424102178553,-2.872776172664071,0.0253484610432011
CV-E-B7,2020-TXH2,Canopy-growth,245,4.8759632770364965,4.63812606759241,-8.74866226735481,0.025387051093706467
CV-E-B7,2020-TXH2,Grain-fill-maturity,245,2.7891023801314647,2.4539005869287305,-2.1897238474154355,0.06715164729297256
CV-E-B7,2020-TXH2,Process-MK,245,3.6656045085424256,3.3797180778969538,-4.509540562277833,0.09705059239008987
CV-E-B7,2020-TXH2,Reproductive-transition,245,3.7415795286568936,3.4606686066120966,-4.740293974424147,0.15703217398021088
CV-E-B7,2020-TXH2,Stage-MK,245,3.1550258969539646,2.8429620093702384,-3.0815961297246792,0.11298369631591783
CV-E-B7,2020-TXH2,Thermal,245,1.7608834771931163,1.4067729513262888,-0.27140937514596253,9.870437251626356e-05
CV-E-B7,2020-TXH2,Thermal+water-MK,245,2.0783772108003036,1.7144234753545347,-0.771221667263529,0.033880807875514674
CV-E-B7,2020-TXH2,Vegetative,245,3.1422669724822656,2.8246097928598357,-3.048650931047961,0.07788583616642525
CV-E-B7,2020-TXH2,Water-soil,245,2.8060787035183146,2.4729680707306483,-2.228671560234789,0.035414964929075435
CV-E-B7,2020-TXH3,All-nonleaky,246,1.9533940136083934,1.6279458646605294,-1.3170803898294947,-0.036778002510369695
CV-E-B7,2020-TXH3,B6R-all-EC-reference,246,2.039319929655042,1.713148904628326,-1.5254113253070023,-0.035385396897772814
CV-E-B7,2020-TXH3,Canopy-growth,246,1.8468653101347368,1.5262116404517676,-1.0712467726518322,-0.058604743386128796
CV-E-B7,2020-TXH3,Grain-fill-maturity,246,2.0103417208735554,1.68415571606922,-1.4541503645573628,-0.019971371038195226
CV-E-B7,2020-TXH3,Process-MK,246,1.7031663789173508,1.3847300197673467,-0.7614712028046311,-0.058380352787769804
CV-E-B7,2020-TXH3,Reproductive-transition,246,1.5265968820988252,1.2278983056316484,-0.41517497068664255,-0.08891921330613071
CV-E-B7,2020-TXH3,Stage-MK,246,1.9108149501844607,1.581193144817514,-1.2171682858032824,-0.06989885007315626
CV-E-B7,2020-TXH3,Thermal,246,1.5772793059410637,1.2546627284329168,-0.510701315944561,-0.050171585393452546
CV-E-B7,2020-TXH3,Thermal+water-MK,246,1.3349146420121194,1.0779149139888957,-0.08210247426362138,-0.02496635644697974
CV-E-B7,2020-TXH3,Vegetative,246,1.8578124060211267,1.521584124009224,-1.0958737296437753,-0.07639063679988625
CV-E-B7,2020-TXH3,Water-soil,246,1.5933460456971198,1.2846902329785437,-0.5416351736728957,-0.03041552675068239
CV-E-B7,2020-WIH1,All-nonleaky,394,2.204242444845355,1.7757782179598713,-0.11488146076026307,0.13928902325565626
CV-E-B7,2020-WIH1,B6R-all-EC-reference,394,2.1853219146756255,1.757660525909826,-0.09582401491018966,0.14478776171397612
CV-E-B7,2020-WIH1,Canopy-growth,394,2.2482494273697227,1.7354862016186616,-0.15984232990738612,0.1639292567123143
CV-E-B7,2020-WIH1,Grain-fill-maturity,394,2.0687469094989837,1.6325266735697133,0.017970132724133725,0.15297554467912652
CV-E-B7,2020-WIH1,Process-MK,394,2.227437572637134,1.7976168349898232,-0.13846859272093215,0.13725291480295734
CV-E-B7,2020-WIH1,Reproductive-transition,394,2.068710463766863,1.6418063738706414,0.018004733846237353,0.1460276933855229
CV-E-B7,2020-WIH1,Stage-MK,394,2.547760917134955,2.0989770286890237,-0.48945475183209664,0.1032465943925222
CV-E-B7,2020-WIH1,Thermal,394,2.433875238172607,1.9800566020846257,-0.3592727061081149,0.1744786961122699
CV-E-B7,2020-WIH1,Thermal+water-MK,394,2.171356412454943,1.740594746879134,-0.08186283816074158,0.1620261986979087
CV-E-B7,2020-WIH1,Vegetative,394,2.28985344953582,1.8599258778504049,-0.20316544015706883,0.14571592824064664
CV-E-B7,2020-WIH1,Water-soil,394,2.2217846303719164,1.7936443148984995,-0.132697359596607,0.12591302852521227
CV-E-B7,2020-WIH2,All-nonleaky,1147,2.7668947813072164,2.2851449069030196,-0.07420008958720348,0.026308518590930502
CV-E-B7,2020-WIH2,B6R-all-EC-reference,1147,2.772266421222051,2.289941490861249,-0.07837503491254694,0.02603407868926705
CV-E-B7,2020-WIH2,Canopy-growth,1147,2.881340551206566,2.4086975618574806,-0.16490116243450093,0.03250586309480714
CV-E-B7,2020-WIH2,Grain-fill-maturity,1147,2.846027748155275,2.36131132011676,-0.13652280859610477,0.028189956966285058
CV-E-B7,2020-WIH2,Process-MK,1147,2.7831662843969727,2.316333284421942,-0.08687151088049383,0.038172956202711834
CV-E-B7,2020-WIH2,Reproductive-transition,1147,2.799638009223187,2.3317790337824316,-0.09977453110683632,0.04051444659214766
CV-E-B7,2020-WIH2,Stage-MK,1147,2.7685713670326124,2.2786270882904303,-0.07550229608850079,0.03170781991397721
CV-E-B7,2020-WIH2,Thermal,1147,2.9409378438580847,2.4653911265267645,-0.21358887764917767,0.037134741297695555
CV-E-B7,2020-WIH2,Thermal+water-MK,1147,2.7545794635821563,2.2777286240138883,-0.06465894302142816,0.0350583316168864
CV-E-B7,2020-WIH2,Vegetative,1147,2.91944469967175,2.4134844245392726,-0.19591524540022442,0.033991950611065996
CV-E-B7,2020-WIH2,Water-soil,1147,2.7820244516270294,2.261298354258918,-0.0859798854387881,0.011932437745152874
CV-E-B7,2021-DEH1,All-nonleaky,1138,2.7628319718300607,2.390040035657326,-1.0094458177884809,0.32696802586302115
CV-E-B7,2021-DEH1,B6R-all-EC-reference,1138,2.7199679523265226,2.3474816685882165,-0.9475783064914061,0.326188256319097
CV-E-B7,2021-DEH1,Canopy-growth,1138,2.49665160545789,2.1289278803163203,-0.640904252399279,0.3439568491622556
CV-E-B7,2021-DEH1,Grain-fill-maturity,1138,2.775368388177319,2.401868196107408,-1.0277230077194695,0.3406032771467569
CV-E-B7,2021-DEH1,Process-MK,1138,2.7224676786838313,2.356267725114398,-0.9511597089303805,0.3518441533303393
CV-E-B7,2021-DEH1,Reproductive-transition,1138,2.4621790663087744,2.1019880932705015,-0.5959034863768369,0.36868429909355394
CV-E-B7,2021-DEH1,Stage-MK,1138,3.0705474540159545,2.6995947475079647,-1.4819840230588928,0.3398445708061954
CV-E-B7,2021-DEH1,Thermal,1138,2.7131143170456973,2.347088669026488,-0.93777585673003,0.3538481401898453
CV-E-B7,2021-DEH1,Thermal+water-MK,1138,3.237778517533646,2.86894542117295,-1.7596984443943202,0.3430451649515804
CV-E-B7,2021-DEH1,Vegetative,1138,2.5491968028658705,2.1747716032975157,-0.7107009028446716,0.35794366811133954
CV-E-B7,2021-DEH1,Water-soil,1138,2.8991429211558657,2.507054581731648,-1.212618837741469,0.26288669110880036
CV-E-B7,2021-GAH2,All-nonleaky,321,4.598023744105961,4.065932725667946,-3.3190106979033995,0.11216998546645086
CV-E-B7,2021-GAH2,B6R-all-EC-reference,321,4.59283819624981,4.0601102231039,-3.309274424751308,0.11101826829134229
CV-E-B7,2021-GAH2,Canopy-growth,321,4.9268185163650715,4.418284356662929,-3.958781707063186,0.07822764899377345
CV-E-B7,2021-GAH2,Grain-fill-maturity,321,4.318280252255087,3.757475266597057,-2.809460799674721,0.08714704350489459
CV-E-B7,2021-GAH2,Process-MK,321,4.780330870151378,4.2666574150240235,-3.6682894409864684,0.13322184082559393
CV-E-B7,2021-GAH2,Reproductive-transition,321,4.2283485405407175,3.6679585615267283,-2.6524427561274115,0.1562907181341262
CV-E-B7,2021-GAH2,Stage-MK,321,4.872009484957987,4.3664949458923354,-3.8490661727877873,0.13037350840608053
CV-E-B7,2021-GAH2,Thermal,321,3.7743038951848926,3.143288948475815,-1.9101514496640122,0.07600692727527845
CV-E-B7,2021-GAH2,Thermal+water-MK,321,3.8565922937584562,3.2438870555143855,-2.038430582806813,0.11243397696372023
CV-E-B7,2021-GAH2,Vegetative,321,4.252450083864774,3.689620477409825,-2.6941991960819602,0.1423215010505929
CV-E-B7,2021-GAH2,Water-soil,321,4.1550428333920495,3.5791207715574473,-2.5268977652421594,0.11573407791532864
CV-E-B7,2021-IAH4,All-nonleaky,1124,1.5764682788661437,1.2577884138313347,0.018076787300317698,0.4611333417395108
CV-E-B7,2021-IAH4,B6R-all-EC-reference,1124,1.6401926604181207,1.3136610376286273,-0.062910708166104,0.4623462140873138
CV-E-B7,2021-IAH4,Canopy-growth,1124,2.0547695977121485,1.7139177273452328,-0.6681431505179332,0.47590610137031447
CV-E-B7,2021-IAH4,Grain-fill-maturity,1124,2.047392882032986,1.6756658665384123,-0.6561872317186555,0.46388388311586964
CV-E-B7,2021-IAH4,Process-MK,1124,1.6499525031315687,1.3210542099186484,-0.07559788322964756,0.4823738383120322
CV-E-B7,2021-IAH4,Reproductive-transition,1124,1.5153554979029564,1.2108925992447617,0.0927309164245349,0.48983005633179155
CV-E-B7,2021-IAH4,Stage-MK,1124,1.5621852728658074,1.2456335403470251,0.03578888719945428,0.4801400530112771
CV-E-B7,2021-IAH4,Thermal,1124,1.9634097994398176,1.6099089700252878,-0.5231019090342752,0.4574916161993621
CV-E-B7,2021-IAH4,Thermal+water-MK,1124,1.9696169751863803,1.6000807863035127,-0.5327474812931774,0.4394067966442083
CV-E-B7,2021-IAH4,Vegetative,1124,1.4630147025316986,1.158263600143157,0.15432316365149157,0.481184566384297
CV-E-B7,2021-IAH4,Water-soil,1124,1.9855900663797068,1.6187431709130853,-0.5577086690695976,0.4588704386739663
CV-E-B7,2021-ILH1,All-nonleaky,402,1.7776323256974729,1.382429897156723,-0.24150054833298906,-0.07848610136843213
CV-E-B7,2021-ILH1,B6R-all-EC-reference,402,1.7757273851115183,1.3803296637695208,-0.23884114844565052,-0.07769203600871012
CV-E-B7,2021-ILH1,Canopy-growth,402,1.7304309125094204,1.324398875322808,-0.17644483363949526,-0.09123686501969816
CV-E-B7,2021-ILH1,Grain-fill-maturity,402,3.0969792476488043,2.7350529018651657,-2.7682493057342374,-0.01375765494968958
CV-E-B7,2021-ILH1,Process-MK,402,1.7423294734214956,1.3702204632097585,-0.1926790860607579,-0.06457334077550715
CV-E-B7,2021-ILH1,Reproductive-transition,402,2.147146658120687,1.7513686726866107,-0.8112836051119707,-0.04386364674666395
CV-E-B7,2021-ILH1,Stage-MK,402,2.1350224211172435,1.7430377945041131,-0.7908859020229178,-0.05480288230437483
CV-E-B7,2021-ILH1,Thermal,402,1.719418123516957,1.304015306124245,-0.16151824905191647,-0.08519918271218303
CV-E-B7,2021-ILH1,Thermal+water-MK,402,1.881199460265344,1.5075936790658726,-0.3903774909162454,-0.060633112498680926
CV-E-B7,2021-ILH1,Vegetative,402,1.738867362731868,1.3190474037463034,-0.18794394886899468,-0.07100387542307587
CV-E-B7,2021-ILH1,Water-soil,402,2.108703856039343,1.7266269844024,-0.7470052968431873,-0.06230270705401626
CV-E-B7,2021-INH1,All-nonleaky,411,1.5849911132889463,1.2533619850621778,-0.30840810686447795,0.12997388465816404
CV-E-B7,2021-INH1,B6R-all-EC-reference,411,1.6357277432957424,1.3023781486967485,-0.3935148549734728,0.12910273227381439
CV-E-B7,2021-INH1,Canopy-growth,411,1.8932026004342104,1.5518753153173936,-0.8667396318389633,0.09602065424981655
CV-E-B7,2021-INH1,Grain-fill-maturity,411,1.773026491177136,1.4082588453716938,-0.6372688993681452,0.08237239579342502
CV-E-B7,2021-INH1,Process-MK,411,1.4089246752313884,1.08231148266061,-0.03386804828660073,0.14329622710453263
CV-E-B7,2021-INH1,Reproductive-transition,411,1.3954462780593904,1.070485142370328,-0.01418178572544937,0.12445655812367709
CV-E-B7,2021-INH1,Stage-MK,411,1.7156675144493045,1.3866600024051465,-0.533048235015499,0.13473402245736424
CV-E-B7,2021-INH1,Thermal,411,1.4206952281821719,1.0841983814322935,-0.051214654922114855,0.08511477660514054
CV-E-B7,2021-INH1,Thermal+water-MK,411,1.4441277793301384,1.1078461960621089,-0.08617751343739588,0.1042633099044427
CV-E-B7,2021-INH1,Vegetative,411,1.3823176013026457,1.0564161254242364,0.004811751186132751,0.14955180017064792
CV-E-B7,2021-INH1,Water-soil,411,1.6854434713517181,1.3549825106587035,-0.47951013838501355,0.11954852563594537
CV-E-B7,2021-MIH1,All-nonleaky,417,1.7117239811528384,1.4059350705646716,-0.36285231138403073,0.2700501350424087
CV-E-B7,2021-MIH1,B6R-all-EC-reference,417,1.693059880623968,1.3859637986454683,-0.3332941145034365,0.2693874145684707
CV-E-B7,2021-MIH1,Canopy-growth,417,2.0000880140286874,1.6872091838890462,-0.8607136314913506,0.2598019467821787
CV-E-B7,2021-MIH1,Grain-fill-maturity,417,1.8260171369347689,1.5101792845361601,-0.5509258077585184,0.2664623802521773
CV-E-B7,2021-MIH1,Process-MK,417,2.1479981170951086,1.8491467474543801,-1.1460958632914608,0.2687265014307195
CV-E-B7,2021-MIH1,Reproductive-transition,417,1.5629149458321725,1.258381406488442,-0.13619274884355792,0.27822767384200103
CV-E-B7,2021-MIH1,Stage-MK,417,1.7270544645885622,1.424042471723754,-0.3873734916999052,0.27460090652019653
CV-E-B7,2021-MIH1,Thermal,417,1.8012398446541138,1.4834705902387761,-0.5091222260015846,0.26525065133993186
CV-E-B7,2021-MIH1,Thermal+water-MK,417,2.2308440480058027,1.933589203844878,-1.3148334363799181,0.26259430023196695
CV-E-B7,2021-MIH1,Vegetative,417,2.4157800298834142,2.1208392841701,-1.7145390803910976,0.28235238400377444
CV-E-B7,2021-MIH1,Water-soil,417,2.1292385272577823,1.8416432826077906,-1.1087736025757304,0.22030415727865862
CV-E-B7,2021-MNH1,All-nonleaky,415,1.4287504391496024,1.110783128386863,-0.09924781937784588,0.06298282132185347
CV-E-B7,2021-MNH1,B6R-all-EC-reference,415,1.443652701417025,1.1222413781565324,-0.12229832489246739,0.06345962376948264
CV-E-B7,2021-MNH1,Canopy-growth,415,1.7268628868087992,1.3542761351482935,-0.6058263159005495,0.047419366452788596
CV-E-B7,2021-MNH1,Grain-fill-maturity,415,1.8866897137327285,1.5617086246891472,-0.9168309908405297,0.0929796229102697
CV-E-B7,2021-MNH1,Process-MK,415,1.478347610562044,1.154217208146105,-0.17689030809200612,0.0629314020539182
CV-E-B7,2021-MNH1,Reproductive-transition,415,1.4071033691299177,1.094634367008483,-0.0661906380832924,0.07671207012321328
CV-E-B7,2021-MNH1,Stage-MK,415,1.4361916729179693,1.1208247695415745,-0.11072786617491914,0.07984629504907438
CV-E-B7,2021-MNH1,Thermal,415,1.4459704810491016,1.123149650411612,-0.12590491023983974,0.05172339332929096
CV-E-B7,2021-MNH1,Thermal+water-MK,415,1.596945343359973,1.2764973013563632,-0.3732922325717223,0.0643921432101378
CV-E-B7,2021-MNH1,Vegetative,415,1.5494216257603166,1.2069478781300593,-0.29277244144177095,0.05182982771375071
CV-E-B7,2021-MNH1,Water-soil,415,1.393088241108415,1.0884652545909614,-0.04505732056132339,0.06341885986985844
CV-E-B7,2021-NEH1,All-nonleaky,247,3.2992248229131196,2.6065907941401307,-0.16339566530376226,0.021026544834827073
CV-E-B7,2021-NEH1,B6R-all-EC-reference,247,3.3456165668065196,2.627876119997094,-0.19634365610771343,0.02245029085561355
CV-E-B7,2021-NEH1,Canopy-growth,247,3.0890484352237655,2.5315629054352424,-0.01988934546627341,0.09866789614258469
CV-E-B7,2021-NEH1,Grain-fill-maturity,247,3.0959801109171443,2.6104328171022484,-0.024471645932035102,0.07266294427676381
CV-E-B7,2021-NEH1,Process-MK,247,3.2437537948255644,2.5814624395783086,-0.12460338269244842,-0.00884839183907821
CV-E-B7,2021-NEH1,Reproductive-transition,247,3.2661308285200814,2.589954995070089,-0.14017305335576968,0.03347523101833649
CV-E-B7,2021-NEH1,Stage-MK,247,3.2206196812290306,2.5770123143298194,-0.10861947648836012,-0.05090669913666566
CV-E-B7,2021-NEH1,Thermal,247,3.0998205534214134,2.6082622218843157,-0.027014856522806552,0.031556178575192655
CV-E-B7,2021-NEH1,Thermal+water-MK,247,3.2475484986259833,2.5781804347073076,-0.12723615520740528,0.09406211112643416
CV-E-B7,2021-NEH1,Vegetative,247,3.66591620566694,2.7887298242209737,-0.43637780746148347,-0.12051224329987059
CV-E-B7,2021-NEH1,Water-soil,247,3.1669443643138173,2.559229840476094,-0.07197457960639198,-0.02556703986922626
CV-E-B7,2021-NEH2,All-nonleaky,247,2.0817793399791937,1.662690060690796,-0.3937174436419759,-0.07055976886777063
CV-E-B7,2021-NEH2,B6R-all-EC-reference,247,2.112403198643622,1.6907228091367967,-0.43502339096656506,-0.07588899156437798
CV-E-B7,2021-NEH2,Canopy-growth,247,2.433324022672562,2.015443246731957,-0.9041678778457538,0.018208204605872958
CV-E-B7,2021-NEH2,Grain-fill-maturity,247,2.4572843841328083,2.029621776367911,-0.9418522776566818,-0.023219096674324365
CV-E-B7,2021-NEH2,Process-MK,247,2.7418081629585176,2.3390210031033596,-1.4175723360599561,-0.08426296798068024
CV-E-B7,2021-NEH2,Reproductive-transition,247,2.60862607095307,2.195039460270024,-1.1884115992600819,-0.03369820967386109
CV-E-B7,2021-NEH2,Stage-MK,247,2.2724352047886582,1.8504926864503008,-0.6606892135672713,-0.08888732901742323
CV-E-B7,2021-NEH2,Thermal,247,4.9157951283721495,4.6200353101523195,-6.771286085233072,-0.05367208318730408
CV-E-B7,2021-NEH2,Thermal+water-MK,247,3.074205591645588,2.678666784495594,-2.03928315903437,-0.026643197231403716
CV-E-B7,2021-NEH2,Vegetative,247,1.846371962402254,1.4056492050694005,-0.09633616531823552,-0.08806701230611752
CV-E-B7,2021-NEH2,Water-soil,247,2.6608851105566043,2.2518771751913897,-1.2769714960723486,-0.07554997549433833
CV-E-B7,2021-NYH1,All-nonleaky,22,2.7692737206228553,2.4171161314325507,-1.65096094423036,0.059013411915853506
CV-E-B7,2021-NYH1,B6R-all-EC-reference,22,2.7288136525785944,2.3779062454018334,-1.5740638716839572,0.04530216270621727
CV-E-B7,2021-NYH1,Canopy-growth,22,2.8149897103389137,2.4236310811528985,-1.7392090890743663,-0.027159397393517627
CV-E-B7,2021-NYH1,Grain-fill-maturity,22,2.39737753829136,2.0313491370513916,-0.9867555029046313,-0.018419044291153965
CV-E-B7,2021-NYH1,Process-MK,22,2.471098173752675,2.1537712036532315,-1.1108217480327132,0.08637809067131873
CV-E-B7,2021-NYH1,Reproductive-transition,22,1.9829976328140446,1.5857784592756792,-0.35930198834251525,-0.029171392224511903
CV-E-B7,2021-NYH1,Stage-MK,22,2.3487291309351295,2.0310729399647105,-0.9069417591419986,0.020777385600942926
CV-E-B7,2021-NYH1,Thermal,22,1.8593775488904698,1.4215153932583897,-0.19510682381092836,0.025096634026976705
CV-E-B7,2021-NYH1,Thermal+water-MK,22,2.1498902534824706,1.8101610469870828,-0.5977327681587457,0.003418163139841676
CV-E-B7,2021-NYH1,Vegetative,22,3.534336985785878,3.1783164277770997,-3.3180480588799393,0.05293755943242144
CV-E-B7,2021-NYH1,Water-soil,22,2.4237543787249103,2.1012386174688165,-1.03071405180363,-0.021855273498319422
CV-E-B7,2021-NYH2,All-nonleaky,396,2.112719576050356,1.71955319575744,-0.5621137541715822,0.12493459272824217
CV-E-B7,2021-NYH2,B6R-all-EC-reference,396,2.1157958261106113,1.7224289428601196,-0.5666661340544625,0.1243517244769369
CV-E-B7,2021-NYH2,Canopy-growth,396,1.6966161849099135,1.3006921755473129,-0.007386565387971,0.11717098099500523
CV-E-B7,2021-NYH2,Grain-fill-maturity,396,1.700791196133553,1.3211964885144782,-0.01235059332248456,0.1292456766053943
CV-E-B7,2021-NYH2,Process-MK,396,2.0626505241586415,1.6730491870919275,-0.4889504538123719,0.12326230930216169
CV-E-B7,2021-NYH2,Reproductive-transition,396,1.699422858239761,1.3256015411640205,-0.010722315319852349,0.12479995169859488
CV-E-B7,2021-NYH2,Stage-MK,396,2.0528453742308748,1.6637400637642292,-0.47482815633515796,0.12905599893304115
CV-E-B7,2021-NYH2,Thermal,396,2.0367301864177683,1.6484560901731857,-0.4517637356076112,0.12235066119440274
CV-E-B7,2021-NYH2,Thermal+water-MK,396,1.8701539413420374,1.491418179758646,-0.2240063114576185,0.12052960261073467
CV-E-B7,2021-NYH2,Vegetative,396,2.616390378100245,2.219449018934277,-1.3957088108954139,0.10577128790949253
CV-E-B7,2021-NYH2,Water-soil,396,1.7508586898783058,1.37442146493669,-0.07283055855505638,0.12373084753049578
CV-E-B7,2021-NYH3,All-nonleaky,357,2.848933565461644,2.4806721841646313,-2.255710583420092,0.06080235073971813
CV-E-B7,2021-NYH3,B6R-all-EC-reference,357,2.8153821381436552,2.4457960472373017,-2.1794781823941736,0.056962738233378225
CV-E-B7,2021-NYH3,Canopy-growth,357,1.7693100992494706,1.384152777402209,-0.25570915403969074,-0.0334545942014234
CV-E-B7,2021-NYH3,Grain-fill-maturity,357,1.6748674131656875,1.2959162672715014,-0.12523184097174167,-0.00693884343138564
CV-E-B7,2021-NYH3,Process-MK,357,2.568483456956895,2.201293467269575,-1.6462732884215194,0.09781886408759902
CV-E-B7,2021-NYH3,Reproductive-transition,357,1.664175516139212,1.2990370570978471,-0.1109113496834202,-0.005982565630233032
CV-E-B7,2021-NYH3,Stage-MK,357,2.120010221642041,1.7382631163659017,-0.8028394677030783,0.07074630348422067
CV-E-B7,2021-NYH3,Thermal,357,2.039617450351758,1.6509094274192317,-0.6687012270546291,0.05115583541043887
CV-E-B7,2021-NYH3,Thermal+water-MK,357,2.3698326722469707,1.9797101587034025,-1.2527682292358437,0.04019568679026916
CV-E-B7,2021-NYH3,Vegetative,357,3.5770185714432876,3.2542855619759745,-4.132435936861968,0.07998578006447835
CV-E-B7,2021-NYH3,Water-soil,357,1.7576423797526146,1.4024991410605778,-0.23920220786424462,0.05166891343998389
CV-E-B7,2021-SCH1,All-nonleaky,397,1.7337644105252596,1.3309590937414058,-0.11435139125602833,0.05705841024375223
CV-E-B7,2021-SCH1,B6R-all-EC-reference,397,1.7331342253058128,1.3304325586207468,-0.11354145405121696,0.05740992329279593
CV-E-B7,2021-SCH1,Canopy-growth,397,1.8417315944976278,1.433846555605764,-0.2574614181211303,0.04873296621393891
CV-E-B7,2021-SCH1,Grain-fill-maturity,397,1.9119989925262906,1.5030649859765963,-0.35524342877906223,0.04692145357662235
CV-E-B7,2021-SCH1,Process-MK,397,2.724965175689826,2.3240545692844186,-1.7527318317587044,0.06996280400153242
CV-E-B7,2021-SCH1,Reproductive-transition,397,2.101398706848933,1.6890713918780502,-0.6370385754100587,0.07469141548389
CV-E-B7,2021-SCH1,Stage-MK,397,1.7763428061652475,1.3705903705776725,-0.16975673674815162,0.07078643914387751
CV-E-B7,2021-SCH1,Thermal,397,2.886063293326739,2.4873525145276894,-2.0878322192992074,0.05852182649738203
CV-E-B7,2021-SCH1,Thermal+water-MK,397,2.283074576935027,1.8707789468284317,-0.9323339666661259,0.06452362332072334
CV-E-B7,2021-SCH1,Vegetative,397,1.855462533487402,1.4479852188562505,-0.2762811955969475,0.09137973161022198
CV-E-B7,2021-SCH1,Water-soil,397,1.6755620631876094,1.282785696780234,-0.04078980541680233,0.053429877305792
CV-E-B7,2021-SCH1L,All-nonleaky,43,4.290146409466902,4.188157025265857,-28.090631018893372,0.0671133566414683
CV-E-B7,2021-SCH1L,B6R-all-EC-reference,43,4.222121460556676,4.117147722017651,-27.175417512140815,0.058212578848620466
CV-E-B7,2021-SCH1L,Canopy-growth,43,5.360740267831548,5.263171926981513,-44.4211835290339,-0.05553162220990527
CV-E-B7,2021-SCH1L,Grain-fill-maturity,43,4.1150771761062295,3.9523430416147622,-25.764854320078978,-0.03567797566115364
CV-E-B7,2021-SCH1L,Process-MK,43,5.081066050533158,4.998196556618765,-39.805489846941754,0.13706825897974412
CV-E-B7,2021-SCH1L,Reproductive-transition,43,4.612064613659508,4.502691101690389,-32.62015262790087,0.02219124485747217
CV-E-B7,2021-SCH1L,Stage-MK,43,4.3879102347055134,4.298635980911751,-29.431571745698754,0.17638194658503384
CV-E-B7,2021-SCH1L,Thermal,43,5.456329521615779,5.353211280019502,-46.05546786324881,0.02072981220367065
CV-E-B7,2021-SCH1L,Thermal+water-MK,43,5.266735503338865,5.169669061700296,-42.842158900241294,0.00731986756217579
CV-E-B7,2021-SCH1L,Vegetative,43,4.836643591732224,4.758037100498784,-35.97405528289998,0.22971111711743294
CV-E-B7,2021-SCH1L,Water-soil,43,3.6236693939146543,3.5108880211537907,-19.75420252917426,0.15088345614661253
CV-E-B7,2021-TXH1,All-nonleaky,266,1.695032833882703,1.3703636369235772,-0.09924361276588778,0.01596659926985717
CV-E-B7,2021-TXH1,B6R-all-EC-reference,266,1.684807930168547,1.3600218601789353,-0.08602173350054865,0.018185473278984298
CV-E-B7,2021-TXH1,Canopy-growth,266,2.0219545575012385,1.6342381349610904,-0.5641575741933296,0.020067931428165167
CV-E-B7,2021-TXH1,Grain-fill-maturity,266,2.289719877273868,1.879470788895334,-1.0058683648792774,0.04686200655859296
CV-E-B7,2021-TXH1,Process-MK,266,1.6920198715415116,1.3727497470864813,-0.09533922108625559,0.031845101585417736
CV-E-B7,2021-TXH1,Reproductive-transition,266,1.6773732421736707,1.3375590777493966,-0.07645812961363041,0.05605344965165051
CV-E-B7,2021-TXH1,Stage-MK,266,1.6954430914880751,1.3713257261501377,-0.09977578844880597,0.042482657016046456
CV-E-B7,2021-TXH1,Thermal,266,1.694646014621354,1.371958682301839,-0.09874195866700464,0.016133762864546736
CV-E-B7,2021-TXH1,Thermal+water-MK,266,1.684585231665946,1.3664574957287934,-0.08573465100853794,0.016577208176608283
CV-E-B7,2021-TXH1,Vegetative,266,2.1170137848894863,1.7518825824333326,-0.7146879359131877,0.037240616151140236
CV-E-B7,2021-TXH1,Water-soil,266,1.6351795341719737,1.3182234695930348,-0.0229834464880041,0.0221803531541043
CV-E-B7,2021-TXH2,All-nonleaky,247,1.9372330270478886,1.491272671627202,-0.3123750825661258,0.10675733739738379
CV-E-B7,2021-TXH2,B6R-all-EC-reference,247,1.8001549475440062,1.3734975326934442,-0.13321946016331476,0.09955539386485215
CV-E-B7,2021-TXH2,Canopy-growth,247,2.5172662214002943,2.0941816657152676,-1.2159121731054165,-0.003923012808527614
CV-E-B7,2021-TXH2,Grain-fill-maturity,247,2.116469163966557,1.6942639897098928,-0.5664557734394362,0.04741674058523029
CV-E-B7,2021-TXH2,Process-MK,247,1.8880931376933623,1.5035422430101155,-0.24664004851392618,0.14666547886713602
CV-E-B7,2021-TXH2,Reproductive-transition,247,1.7972737728717707,1.410479883246591,-0.12959489399122193,0.0859440066487509
CV-E-B7,2021-TXH2,Stage-MK,247,2.208952290394933,1.8216189021245177,-0.7063452933906607,0.17987233260540195
CV-E-B7,2021-TXH2,Thermal,247,2.025467876909497,1.5814442802662219,-0.4346467098002704,0.11333528008206017
CV-E-B7,2021-TXH2,Thermal+water-MK,247,1.7730800470228896,1.3554645938668808,-0.09938784786976007,0.027938611364122633
CV-E-B7,2021-TXH2,Vegetative,247,1.7338766086235637,1.3176448548990223,-0.05130958093319493,0.21717789775815358
CV-E-B7,2021-TXH2,Water-soil,247,1.682975159097675,1.3013216367125477,0.009510995973480152,0.13871748005570658
CV-E-B7,2021-TXH3,All-nonleaky,246,5.56649388351937,5.462516699384264,-27.90127360870707,0.03213533920709205
CV-E-B7,2021-TXH3,B6R-all-EC-reference,246,5.585670973454433,5.482040519641063,-28.100751787634294,0.03256863438143514
CV-E-B7,2021-TXH3,Canopy-growth,246,6.299346989408297,6.208338778197647,-36.012172017310206,0.03332654725231223
CV-E-B7,2021-TXH3,Grain-fill-maturity,246,5.49842914574427,5.393215084467843,-27.198809593128832,0.0471793618228511
CV-E-B7,2021-TXH3,Process-MK,246,5.2239805484207125,5.117506395514784,-24.454033503675987,0.09522145646652395
CV-E-B7,2021-TXH3,Reproductive-transition,246,5.62155715289562,5.5228394318444725,-28.475879324717607,0.12133408281352896
CV-E-B7,2021-TXH3,Stage-MK,246,5.558632480471041,5.456377316300828,-27.81969833784977,0.07866856101474895
CV-E-B7,2021-TXH3,Thermal,246,5.4697736494814695,5.366314736812461,-26.905654857054085,0.06524850160004148
CV-E-B7,2021-TXH3,Thermal+water-MK,246,5.137454080520231,5.028385831092797,-23.617809988293136,0.09023686954917508
CV-E-B7,2021-TXH3,Vegetative,246,5.066912601712354,4.9532112958997025,-22.94640567801844,0.08802603711215191
CV-E-B7,2021-TXH3,Water-soil,246,5.467358564471173,5.363525066922716,-26.88101776798427,0.05094762624631881
CV-E-B7,2021-WIH1,All-nonleaky,397,2.4838187963271374,2.0713133342245187,-0.3664261340022512,0.09059926282607161
CV-E-B7,2021-WIH1,B6R-all-EC-reference,397,2.5141430730376535,2.1020781051521054,-0.3999944635803361,0.09032040530092242
CV-E-B7,2021-WIH1,Canopy-growth,397,3.24675690225804,2.845561730962044,-1.3347795784283112,0.09382174474809228
CV-E-B7,2021-WIH1,Grain-fill-maturity,397,2.209213381254333,1.7852303778715735,-0.08098998718854,0.0905060688921708
CV-E-B7,2021-WIH1,Process-MK,397,2.4105147012908703,1.9976661045557442,-0.28696255230013534,0.10362905497509238
CV-E-B7,2021-WIH1,Reproductive-transition,397,2.603143643810134,2.2001247772743207,-0.5008683802554799,0.1300537862883938
CV-E-B7,2021-WIH1,Stage-MK,397,2.5099692037741126,2.098704322511365,-0.39534990420652294,0.09561242070741102
CV-E-B7,2021-WIH1,Thermal,397,2.3290328106217495,1.9066861496799727,-0.20142746165864,0.06617439726510208
CV-E-B7,2021-WIH1,Thermal+water-MK,397,2.307914839427437,1.8930506168744219,-0.17973890121657043,0.09007333977349131
CV-E-B7,2021-WIH1,Vegetative,397,2.6391114852661266,2.230059119101206,-0.5426301475995625,0.12169476454857216
CV-E-B7,2021-WIH1,Water-soil,397,2.79566197647103,2.393377320091666,-0.7310741074914766,0.0942673976444903
CV-E-B7,2021-WIH2,All-nonleaky,1137,1.9929996313193068,1.5964076777283405,-0.1398797139530099,0.24712296459873453
CV-E-B7,2021-WIH2,B6R-all-EC-reference,1137,1.989018445235249,1.5918298819435346,-0.13533024932691418,0.24748870130661002
CV-E-B7,2021-WIH2,Canopy-growth,1137,2.299693982954577,1.9054095851881785,-0.5176956376523663,0.2506257588247506
CV-E-B7,2021-WIH2,Grain-fill-maturity,1137,2.4366709733939826,2.026895831335175,-0.703877498710809,0.2400791163147651
CV-E-B7,2021-WIH2,Process-MK,1137,2.586701378462956,2.2099603216791603,-0.9201589329061903,0.24124060723405993
CV-E-B7,2021-WIH2,Reproductive-transition,1137,2.306434885642841,1.9060170926633053,-0.5266060690332115,0.2489339081507138
CV-E-B7,2021-WIH2,Stage-MK,1137,2.0335631035018364,1.6371639420852049,-0.18675178905835765,0.24953765764054991
CV-E-B7,2021-WIH2,Thermal,1137,3.118078746861421,2.734193266709825,-1.7900934281005987,0.251697107499014
CV-E-B7,2021-WIH2,Thermal+water-MK,1137,2.2628574851288485,1.8668647285410906,-0.46946414548292026,0.24699317640403898
CV-E-B7,2021-WIH2,Vegetative,1137,4.092281318116117,3.7389158922109202,-3.8059090763923225,0.25525930566245814
CV-E-B7,2021-WIH2,Water-soil,1137,1.9522721312513704,1.5576494021225733,-0.0937682123351593,0.23963517848468338
CV-GE-B7,2014-IAH1,All-nonleaky,754,1.8267120890487085,1.4830395004086925,-0.3461985302485633,0.12163439820583583
CV-GE-B7,2014-IAH1,B6R-all-EC-reference,754,1.8579364210135547,1.5119708848521154,-0.39261350593295097,0.11791043766370377
CV-GE-B7,2014-IAH1,Canopy-growth,754,1.6551843716919343,1.2797917481902907,-0.10525289300643448,0.005954216496907975
CV-GE-B7,2014-IAH1,Grain-fill-maturity,754,2.4638827607378655,2.059798850013424,-1.4491139048681885,-0.013437731341663567
CV-GE-B7,2014-IAH1,Process-MK,754,2.2677719720544705,1.9105514820973262,-1.0747590762139874,0.10453532611698284
CV-GE-B7,2014-IAH1,Reproductive-transition,754,1.8416263823340966,1.5007693374965143,-0.36827049458892613,0.0932858366683642
CV-GE-B7,2014-IAH1,Stage-MK,754,2.089281828711203,1.7584144938269988,-0.7610146153021757,0.21495968085209755
CV-GE-B7,2014-IAH1,Thermal,754,1.9280571490729885,1.5776512019390627,-0.4997149175584563,0.09620801272501943
CV-GE-B7,2014-IAH1,Thermal+water-MK,754,2.487653182578194,2.1460233732514262,-1.4965977337419267,0.1672588668885496
CV-GE-B7,2014-IAH1,Vegetative,754,1.5807772356993701,1.2364240606290802,-0.008115407984407907,0.2005338637847051
CV-GE-B7,2014-IAH1,Water-soil,754,2.453857868582512,2.110415657168244,-1.4292248459142152,0.13153839355351912
CV-GE-B7,2014-ILH1,All-nonleaky,238,2.1632194164520056,1.8055145683042408,-0.40688407199789056,0.19605838758156466
CV-GE-B7,2014-ILH1,B6R-all-EC-reference,238,2.0841148819050166,1.7259840010188747,-0.30587160166481797,0.20185179143250767
CV-GE-B7,2014-ILH1,Canopy-growth,238,2.4698889924618053,2.1073585954322844,-0.8340536572355639,0.13627948114696917
CV-GE-B7,2014-ILH1,Grain-fill-maturity,238,2.0160177943658213,1.6685512204719746,-0.22192876982456622,0.23889453295014568
CV-GE-B7,2014-ILH1,Process-MK,238,2.1764509529700775,1.8129082939468049,-0.4241473868209069,0.19495676975786763
CV-GE-B7,2014-ILH1,Reproductive-transition,238,2.081347102142024,1.7242604633571001,-0.30240541559230083,0.21315882803089603
CV-GE-B7,2014-ILH1,Stage-MK,238,2.109433374148552,1.7479080683530832,-0.3377926137151932,0.20476060722271178
CV-GE-B7,2014-ILH1,Thermal,238,1.8446883078629992,1.4810222160364857,-0.02306483729184361,0.24121532837215834
CV-GE-B7,2014-ILH1,Thermal+water-MK,238,2.1711532138110767,1.8152971024786315,-0.4172227382795901,0.24013535262481508
CV-GE-B7,2014-ILH1,Vegetative,238,3.4230909791007518,3.0600359860674144,-2.522849191667383,0.18775145299419352
CV-GE-B7,2014-ILH1,Water-soil,238,2.549715391594372,2.2016883208968983,-0.9545220724685601,0.26308594274368396
CV-GE-B7,2014-INH1,All-nonleaky,240,1.881082355772925,1.606242214260724,-1.0160543263444182,0.2657018420131865
CV-GE-B7,2014-INH1,B6R-all-EC-reference,240,1.85104281699727,1.5753781900984314,-0.952178567493877,0.26482324381736577
CV-GE-B7,2014-INH1,Canopy-growth,240,2.351104771585723,2.075467846636011,-2.1494199697007637,0.1548280763270246
CV-GE-B7,2014-INH1,Grain-fill-maturity,240,1.9403369483004755,1.6535884671283214,-1.1450672806090956,0.15440956594879657
CV-GE-B7,2014-INH1,Process-MK,240,1.315097506083219,1.0237716084736834,0.014622776637743806,0.28065683502987343
CV-GE-B7,2014-INH1,Reproductive-transition,240,1.6687553543271265,1.3789523917547617,-0.5866164600731056,0.1803763659211299
CV-GE-B7,2014-INH1,Stage-MK,240,1.928103813061082,1.656305497498245,-1.1181047693882733,0.2792886578412567
CV-GE-B7,2014-INH1,Thermal,240,2.7143689381842386,2.459520292769496,-3.1978253396564043,0.18918830051024088
CV-GE-B7,2014-INH1,Thermal+water-MK,240,1.8014788793942595,1.5128837835972917,-0.849034271235976,0.3061651244216662
CV-GE-B7,2014-INH1,Vegetative,240,1.9643284613336847,1.6887650434072765,-1.1984410744801886,0.2998199960494849
CV-GE-B7,2014-INH1,Water-soil,240,1.2595936931314218,0.9527923647200179,0.09604342915742325,0.3405685231697751
CV-GE-B7,2014-MNH1,All-nonleaky,236,3.2755203095254184,2.8725033908071738,-2.901064236889263,0.0741254470447438
CV-GE-B7,2014-MNH1,B6R-all-EC-reference,236,3.200323999493365,2.7949962828623622,-2.724006284558815,0.08435549858168127
CV-GE-B7,2014-MNH1,Canopy-growth,236,1.905520114041981,1.589591891551154,-0.3202299580481789,-0.029738039672810974
CV-GE-B7,2014-MNH1,Grain-fill-maturity,236,2.512009889175635,2.110425920552744,-1.2943792065737796,0.23402354567170672
CV-GE-B7,2014-MNH1,Process-MK,236,1.9231195210615561,1.5932247339971874,-0.34472989883788707,0.21011990854134835
CV-GE-B7,2014-MNH1,Reproductive-transition,236,2.724459463252242,2.308223880380585,-1.6988777288275534,0.18135500501288704
CV-GE-B7,2014-MNH1,Stage-MK,236,3.037426239982303,2.631952817063476,-2.354547836881391,0.14809231693114144
CV-GE-B7,2014-MNH1,Thermal,236,3.550738582024244,3.1809865725228446,-3.584161473254669,0.20178316112822298
CV-GE-B7,2014-MNH1,Thermal+water-MK,236,2.316823049701863,1.939518316354652,-0.9516783255061592,0.3440609913706631
CV-GE-B7,2014-MNH1,Vegetative,236,2.371132934551092,1.981881038596247,-1.044251448673844,0.027597227249927837
CV-GE-B7,2014-MNH1,Water-soil,236,2.6759842761773984,2.26520654888118,-1.6036920857478019,0.2038426085463417
CV-GE-B7,2014-MOH2,All-nonleaky,247,1.9331916978185224,1.4951762947034166,-0.05790358733076961,0.00555789859709732
CV-GE-B7,2014-MOH2,B6R-all-EC-reference,247,1.9306802357527206,1.4994920628821473,-0.055156669975246375,0.001040307739373088
CV-GE-B7,2014-MOH2,Canopy-growth,247,2.1256126493276355,1.7473099664430831,-0.27898219552020964,-0.03503717883093667
CV-GE-B7,2014-MOH2,Grain-fill-maturity,247,1.9996848626813717,1.6199407226278635,-0.13192946533478755,0.05157673058629716
CV-GE-B7,2014-MOH2,Process-MK,247,2.6337385194365206,2.244295822511521,-0.9635481618599839,-0.03640206671946857
CV-GE-B7,2014-MOH2,Reproductive-transition,247,2.2702512703350597,1.8984276889931655,-0.4589624076616665,-0.01477250898294023
CV-GE-B7,2014-MOH2,Stage-MK,247,1.9438742385505945,1.5417612878155769,-0.06962753824658185,0.00468658389142494
CV-GE-B7,2014-MOH2,Thermal,247,2.2643514327474743,1.881809038922653,-0.4513892753232511,0.06611075173517106
CV-GE-B7,2014-MOH2,Thermal+water-MK,247,2.301853602145567,1.9207437238748684,-0.4998631847299786,0.07483309236003917
CV-GE-B7,2014-MOH2,Vegetative,247,2.241988765338244,1.8661878014611655,-0.42286308163025277,-0.031720645323266385
CV-GE-B7,2014-MOH2,Water-soil,247,2.081468279083628,1.6985576956989603,-0.22641044491418238,0.0799318605079165
CV-GE-B7,2014-NEH1,All-nonleaky,242,3.119224335839539,2.642160716500197,-1.8078257128104718,0.10180702917064575
CV-GE-B7,2014-NEH1,B6R-all-EC-reference,242,3.1992758733836903,2.7231443674986084,-1.9537947044068589,0.10007716181239662
CV-GE-B7,2014-NEH1,Canopy-growth,242,4.274792554454341,3.8601902749094377,-4.2735979196816665,0.05327506395192459
CV-GE-B7,2014-NEH1,Grain-fill-maturity,242,3.56036348151277,3.085399494407623,-2.6581844679789555,0.06820798675971379
CV-GE-B7,2014-NEH1,Process-MK,242,3.730263963113714,3.2804274443177794,-3.0156518681940483,0.10270839380941175
CV-GE-B7,2014-NEH1,Reproductive-transition,242,4.148178463454567,3.7341672069937024,-3.9658293448060977,0.10491270708166898
CV-GE-B7,2014-NEH1,Stage-MK,242,3.6431884682774283,3.1873092324858767,-2.8303653758578444,0.12381024124303165
CV-GE-B7,2014-NEH1,Thermal,242,3.8698316243275404,3.4232785486047845,-3.321764168700291,0.08724522469481223
CV-GE-B7,2014-NEH1,Thermal+water-MK,242,3.371845915376054,2.8889056357868226,-2.2810463559663825,0.10162993331602803
CV-GE-B7,2014-NEH1,Vegetative,242,2.9289791528658173,2.4477496186417644,-1.4757653872728498,0.15997511199323128
CV-GE-B7,2014-NEH1,Water-soil,242,2.6394252992188996,2.1506254658159376,-1.0104611075070267,0.10317992011530507
CV-GE-B7,2014-NEH2,All-nonleaky,240,2.4677254904163344,2.0123774658416043,-0.8543357634353599,0.01858115670421069
CV-GE-B7,2014-NEH2,B6R-all-EC-reference,240,2.4500957757483186,1.994224773280409,-0.827935229877641,0.017621002688322
CV-GE-B7,2014-NEH2,Canopy-growth,240,2.1111629088189243,1.6811829400141043,-0.3571822600796901,0.009225697121284588
CV-GE-B7,2014-NEH2,Grain-fill-maturity,240,3.4012189348557524,2.958833528071218,-2.522604263173553,-0.009922026249795018
CV-GE-B7,2014-NEH2,Process-MK,240,2.128880052964437,1.6974994743746104,-0.3800571311888936,0.050919979287872154
CV-GE-B7,2014-NEH2,Reproductive-transition,240,2.63049337145769,2.1867689802930594,-1.107022161736642,0.012108130093357847
CV-GE-B7,2014-NEH2,Stage-MK,240,2.1307827783561644,1.6851353300195209,-0.3825251360925881,0.05508316017769679
CV-GE-B7,2014-NEH2,Thermal,240,2.194345485780023,1.7524764149554524,-0.4662387438311091,0.05126720614388302
CV-GE-B7,2014-NEH2,Thermal+water-MK,240,2.1775890365349855,1.7354108261935772,-0.443931273481448,0.07621106792249183
CV-GE-B7,2014-NEH2,Vegetative,240,2.248794741994476,1.7988567692028066,-0.5399063659405052,0.025439417418486085
CV-GE-B7,2014-NEH2,Water-soil,240,3.4452363732046805,3.006488354676804,-2.6143709859461626,0.026929102071513812
CV-GE-B7,2014-NYH2,All-nonleaky,218,2.2843191787339028,1.835274931985683,-1.4407896646173457,0.04583771948570267
CV-GE-B7,2014-NYH2,B6R-all-EC-reference,218,2.278904444658453,1.8298474227128187,-1.4292321176114018,0.04568382919631631
CV-GE-B7,2014-NYH2,Canopy-growth,218,1.9523245353889132,1.5406999553206198,-0.7828746419367414,-0.009015747827200857
CV-GE-B7,2014-NYH2,Grain-fill-maturity,218,2.253444358984186,1.8118904121770938,-1.3752562080433046,0.05338889835073434
CV-GE-B7,2014-NYH2,Process-MK,218,1.916006370677946,1.5192076442876457,-0.7171596747981717,0.07655514376876915
CV-GE-B7,2014-NYH2,Reproductive-transition,218,2.195460841067118,1.7508921965198132,-1.2545931032199888,0.012045898128078226
CV-GE-B7,2014-NYH2,Stage-MK,218,2.5269603285412123,2.086880736616936,-1.9868515025368758,0.06912755604308737
CV-GE-B7,2014-NYH2,Thermal,218,2.1113378235143867,1.6892927214734734,-1.085125691686633,0.10882331732421163
CV-GE-B7,2014-NYH2,Thermal+water-MK,218,2.3034045465456554,1.8721914610665813,-1.4817453854685527,0.12575889523955602
CV-GE-B7,2014-NYH2,Vegetative,218,2.024779357654596,1.6057628239918789,-0.9176625754851573,0.05398872798255953
CV-GE-B7,2014-NYH2,Water-soil,218,2.6156786193332153,2.1778236434117932,-2.2002621013985184,0.07423770566810833
CV-GE-B7,2014-WIH1,All-nonleaky,208,2.4034134366055495,1.934713379255887,-0.33826624554657636,0.11033108895990758
CV-GE-B7,2014-WIH1,B6R-all-EC-reference,208,2.4556377110442305,1.9788552469099476,-0.39705705503220345,0.11645656456483372
CV-GE-B7,2014-WIH1,Canopy-growth,208,2.5824551159249114,2.1009382187284307,-0.5450805252131303,0.15190944494382225
CV-GE-B7,2014-WIH1,Grain-fill-maturity,208,2.5813706942081804,2.110273720712576,-0.5437831806248075,0.23647567380504353
CV-GE-B7,2014-WIH1,Process-MK,208,2.873712390076955,2.3804205798391544,-0.9132519090990026,0.21957967030583245
CV-GE-B7,2014-WIH1,Reproductive-transition,208,2.4233839130254777,1.955127401401349,-0.3605985245849401,0.20961519766704542
CV-GE-B7,2014-WIH1,Stage-MK,208,2.343461443049765,1.8865952418595882,-0.27233413653017413,0.16911906279563657
CV-GE-B7,2014-WIH1,Thermal,208,2.35660620341598,1.9006106471646065,-0.2866475209765291,0.25604339079804395
CV-GE-B7,2014-WIH1,Thermal+water-MK,208,2.6364708140971116,2.1671303682979475,-0.6103915775492068,0.28938800697118255
CV-GE-B7,2014-WIH1,Vegetative,208,2.4725719555933705,1.990077203939889,-0.4163918939337694,0.10504009253778376
CV-GE-B7,2014-WIH1,Water-soil,208,2.293436288211862,1.8379773321384838,-0.2185936599594933,0.16251427127527643
CV-GE-B7,2015-ILH1,All-nonleaky,416,2.107033785851871,1.7083995513793828,-0.33249078503421736,0.15219264609761674
CV-GE-B7,2015-ILH1,B6R-all-EC-reference,416,2.100392644912969,1.7019459662131853,-0.3241042909853522,0.1533602483589576
CV-GE-B7,2015-ILH1,Canopy-growth,416,2.0625596033460956,1.6634782308694878,-0.2768333875920068,0.18349794232063696
CV-GE-B7,2015-ILH1,Grain-fill-maturity,416,2.0065817045635037,1.612621138476697,-0.20846732322180372,0.181755625837624
CV-GE-B7,2015-ILH1,Process-MK,416,1.9446706127318594,1.5556643438573372,-0.13504562219923955,0.1749932914696049
CV-GE-B7,2015-ILH1,Reproductive-transition,416,1.9427670070873078,1.5523561328266229,-0.13282455533819704,0.1575936087368695
CV-GE-B7,2015-ILH1,Stage-MK,416,2.0609720416010346,1.6613553222624735,-0.27486857482049465,0.16658525201095306
CV-GE-B7,2015-ILH1,Thermal,416,1.9357280556520127,1.5461404916842285,-0.12463062198737407,0.16649769637304151
CV-GE-B7,2015-ILH1,Thermal+water-MK,416,1.82384489387545,1.4468095547907582,0.0016173650864187428,0.19139680817204022
CV-GE-B7,2015-ILH1,Vegetative,416,2.3678905153669487,1.9423254275503057,-0.6828462962170334,0.15757975131095628
CV-GE-B7,2015-ILH1,Water-soil,416,2.224860257701451,1.8239057537472525,-0.4856848408482666,0.19386303848716926
CV-GE-B7,2015-INH1,All-nonleaky,423,1.899124841403954,1.4601495613356839,-0.12353748300194556,0.1653308190322893
CV-GE-B7,2015-INH1,B6R-all-EC-reference,423,1.89179655472236,1.4534713280769531,-0.11488326628201673,0.1642058685232778
CV-GE-B7,2015-INH1,Canopy-growth,423,1.8474681857944042,1.4161134189083504,-0.06324775251136483,0.12590411278758945
CV-GE-B7,2015-INH1,Grain-fill-maturity,423,1.8225840903597703,1.3942626528582158,-0.03479825204194498,0.14149547586748285
CV-GE-B7,2015-INH1,Process-MK,423,1.7840057918007213,1.3835785845405428,0.008544887531881318,0.14896406417350758
CV-GE-B7,2015-INH1,Reproductive-transition,423,1.950997864101167,1.5046108591211975,-0.18575270613762385,0.13046954178527237
CV-GE-B7,2015-INH1,Stage-MK,423,1.7766541750170215,1.3792847916226463,0.01669932297591392,0.16610311040625744
CV-GE-B7,2015-INH1,Thermal,423,1.8828856149500302,1.4865106485485757,-0.10440512054496986,0.12662800301285929
CV-GE-B7,2015-INH1,Thermal+water-MK,423,1.807560872956229,1.3866139906104638,-0.01780926610740763,0.15261436083443564
CV-GE-B7,2015-INH1,Vegetative,423,1.8454731666759652,1.4534063093958174,-0.06095266098671237,0.1466368279894978
CV-GE-B7,2015-INH1,Water-soil,423,1.7847730992629023,1.3706505475810133,0.007691847131906293,0.1595958174222158
CV-GE-B7,2015-KSH1,All-nonleaky,418,2.271481241337425,1.8849396018775857,-0.5616476884653636,0.100823902639944
CV-GE-B7,2015-KSH1,B6R-all-EC-reference,418,2.3484892178165513,1.9563115606661512,-0.6693288331932601,0.09891999618880377
CV-GE-B7,2015-KSH1,Canopy-growth,418,5.064479625620445,4.725205874331294,-6.763086227881498,0.0667334426291956
CV-GE-B7,2015-KSH1,Grain-fill-maturity,418,3.9036557233113927,3.4901294697958853,-3.612196172165799,0.09714222866159071
CV-GE-B7,2015-KSH1,Process-MK,418,1.923730631805022,1.58180141387962,-0.12009091370004343,0.11816323245147467
CV-GE-B7,2015-KSH1,Reproductive-transition,418,3.41237174204474,2.9990218780921114,-2.5243369832174536,0.07845925862336972
CV-GE-B7,2015-KSH1,Stage-MK,418,2.065165014695405,1.7046087131912477,-0.29084552004760855,0.11471471729552217
CV-GE-B7,2015-KSH1,Thermal,418,2.147491792359868,1.7615389012506533,-0.395814735298994,0.07953030264697149
CV-GE-B7,2015-KSH1,Thermal+water-MK,418,2.4071926298668207,2.005562793262898,-0.7538257555861916,0.09438176893276583
CV-GE-B7,2015-KSH1,Vegetative,418,3.1941010412619923,2.78021252547226,-2.0878916576761934,0.08185980847796431
CV-GE-B7,2015-KSH1,Water-soil,418,2.830225242957045,2.427150080959117,-1.4244138355483988,0.11125657997731293
CV-GE-B7,2015-MNH1,All-nonleaky,407,1.5374201902642777,1.1947702928230444,-0.24743799750337647,0.02088571985534268
CV-GE-B7,2015-MNH1,B6R-all-EC-reference,407,1.5626909856362936,1.2160063030249548,-0.28878366314553094,0.02058460869018927
CV-GE-B7,2015-MNH1,Canopy-growth,407,1.5536917982535714,1.2319826836405299,-0.2739827708025022,0.06859316365071112
CV-GE-B7,2015-MNH1,Grain-fill-maturity,407,1.6772228167092658,1.3287499706498578,-0.4846200863088188,0.0762222785986424
CV-GE-B7,2015-MNH1,Process-MK,407,1.47824461627606,1.1484246247111027,-0.15325785239229073,0.05307872395934744
CV-GE-B7,2015-MNH1,Reproductive-transition,407,1.4997472957669642,1.171546837492414,-0.18705265420222683,0.04353256074869036
CV-GE-B7,2015-MNH1,Stage-MK,407,1.5541151604919998,1.2064308177179737,-0.27467715521284086,0.008608547144881669
CV-GE-B7,2015-MNH1,Thermal,407,1.4546405028118745,1.1211889767979832,-0.11672222630094886,0.061563420348045746
CV-GE-B7,2015-MNH1,Thermal+water-MK,407,1.6659681057793587,1.302890609751973,-0.46476236861821185,0.04718568619709003
CV-GE-B7,2015-MNH1,Vegetative,407,1.712332139369144,1.3822411399188834,-0.5474257687605482,-0.029622105127848557
CV-GE-B7,2015-MNH1,Water-soil,407,1.4413333256301724,1.1108014366107382,-0.09638393887784114,0.047225578156082325
CV-GE-B7,2015-MOH1,All-nonleaky,422,5.633904476602063,5.339814465617949,-9.649357913456239,0.08774112521851962
CV-GE-B7,2015-MOH1,B6R-all-EC-reference,422,5.5728667159273515,5.275520222307084,-9.419857452502272,0.08755530536416728
CV-GE-B7,2015-MOH1,Canopy-growth,422,5.248359053707419,4.944961393474105,-8.241693098304177,0.10490990473600416
CV-GE-B7,2015-MOH1,Grain-fill-maturity,422,5.082029316532886,4.745498064808134,-7.665204110941849,0.049785753268580236
CV-GE-B7,2015-MOH1,Process-MK,422,4.547444303016956,4.190259110515963,-5.938079024224028,0.09341840135146465
CV-GE-B7,2015-MOH1,Reproductive-transition,422,4.405106361776957,4.044408851892875,-5.51054376966874,0.10754738393126753
CV-GE-B7,2015-MOH1,Stage-MK,422,5.119837710429872,4.792614146669657,-7.794615456402136,0.09574743999847425
CV-GE-B7,2015-MOH1,Thermal,422,3.0973191094145522,2.6882607143862396,-2.2186693839611773,0.0749157901556445
CV-GE-B7,2015-MOH1,Thermal+water-MK,422,4.370681586732898,3.9887414380544093,-5.409184914477316,0.060132114856217944
CV-GE-B7,2015-MOH1,Vegetative,422,4.718902270645991,4.369273424617695,-6.47113237285531,0.1410936464748911
CV-GE-B7,2015-MOH1,Water-soil,422,5.255475553916148,4.940125170902321,-8.266772594397725,0.0779414013315284
CV-GE-B7,2015-MOH2,All-nonleaky,421,2.4527915897925685,2.0501403998273635,-0.9335473061750519,0.18239683534345416
CV-GE-B7,2015-MOH2,B6R-all-EC-reference,421,2.4748832080691456,2.0704804585772782,-0.9685340136943184,0.18351172886180428
CV-GE-B7,2015-MOH2,Canopy-growth,421,2.097809352025931,1.7201520270888315,-0.4143781532736601,0.154251859192703
CV-GE-B7,2015-MOH2,Grain-fill-maturity,421,1.7977522130664636,1.4541616901767962,-0.038707265249035006,0.19025803756918244
CV-GE-B7,2015-MOH2,Process-MK,421,1.7550699741011484,1.4077644151319644,0.010029216041075983,0.16750313919544685
CV-GE-B7,2015-MOH2,Reproductive-transition,421,1.9086875156401815,1.5491128262912446,-0.1708551511823584,0.15814813153541676
CV-GE-B7,2015-MOH2,Stage-MK,421,1.861094842011034,1.5060946019248689,-0.113193126744501,0.18944729024159837
CV-GE-B7,2015-MOH2,Thermal,421,1.8475644394429904,1.4974423729077566,-0.0970658455054183,0.1502927779988915
CV-GE-B7,2015-MOH2,Thermal+water-MK,421,1.845145706935551,1.4908335324093849,-0.09419528591807391,0.173596547088448
CV-GE-B7,2015-MOH2,Vegetative,421,1.7828392916242215,1.4299909064292624,-0.021545932495814935,0.15769034207264448
CV-GE-B7,2015-MOH2,Water-soil,421,2.003150372469373,1.635406829842481,-0.2896165843070677,0.1830342540495798
CV-GE-B7,2015-NEH2,All-nonleaky,405,1.6709285087313028,1.360313589088597,-0.4734498978498862,-0.016428059886721056
CV-GE-B7,2015-NEH2,B6R-all-EC-reference,405,1.5798204775009543,1.270763634449103,-0.31714962610984854,-0.017884729487513667
CV-GE-B7,2015-NEH2,Canopy-growth,405,1.4549479257902875,1.130216321440312,-0.11715783246069078,-0.0017938472439055358
CV-GE-B7,2015-NEH2,Grain-fill-maturity,405,1.5814762775477613,1.2537254945017822,-0.31991206571182373,-0.038164203037032544
CV-GE-B7,2015-NEH2,Process-MK,405,1.9199793701704502,1.5987404436957913,-0.9454172387262727,-0.019559504634219377
CV-GE-B7,2015-NEH2,Reproductive-transition,405,1.6175570120689664,1.3066759082044335,-0.3808255952786015,-0.006169651678269782
CV-GE-B7,2015-NEH2,Stage-MK,405,1.7242413758692665,1.4094060362425025,-0.5689740484414727,-0.006193056145834976
CV-GE-B7,2015-NEH2,Thermal,405,1.7468119125860107,1.4191722376976534,-0.6103190300363506,-0.019332078925551215
CV-GE-B7,2015-NEH2,Thermal+water-MK,405,1.6819510476458868,1.3579840332113366,-0.4929536975797755,-0.016613260218148428
CV-GE-B7,2015-NEH2,Vegetative,405,1.7660920432756368,1.3674383876061245,-0.6460624319794217,0.009825420093458109
CV-GE-B7,2015-NEH2,Water-soil,405,1.5488959334433368,1.2360425906860177,-0.26608864671395405,-0.006313871127816937
CV-GE-B7,2015-NEH3,All-nonleaky,249,1.4463192612570055,1.0755722485609542,-0.056935969692634814,0.11340112067226606
CV-GE-B7,2015-NEH3,B6R-all-EC-reference,249,1.466818709724667,1.0835880234424646,-0.08710932236186131,0.11094994009295994
CV-GE-B7,2015-NEH3,Canopy-growth,249,1.7331871462632835,1.3069683798633778,-0.5177884978088771,0.10187125437652675
CV-GE-B7,2015-NEH3,Grain-fill-maturity,249,1.4942171831570468,1.1090674780025052,-0.1281004981574525,0.09915284936124816
CV-GE-B7,2015-NEH3,Process-MK,249,1.556965214423464,1.1482322268980054,-0.224836606689238,0.1168612300666456
CV-GE-B7,2015-NEH3,Reproductive-transition,249,1.4854226715681758,1.1014717517120896,-0.11486025873849992,0.09007407570881915
CV-GE-B7,2015-NEH3,Stage-MK,249,1.4351550758135951,1.0805785023636,-0.0406818993090623,0.10528559522821544
CV-GE-B7,2015-NEH3,Thermal,249,1.7351958190881176,1.41962650262028,-0.521308610661078,0.10953423455475186
CV-GE-B7,2015-NEH3,Thermal+water-MK,249,1.570341866020382,1.2439991214985051,-0.24597336016364713,0.12151862869253877
CV-GE-B7,2015-NEH3,Vegetative,249,1.6655601104334328,1.3461022647758945,-0.4016544507953992,0.09900740851245231
CV-GE-B7,2015-NEH3,Water-soil,249,1.9174779560113928,1.600072799856216,-0.8577235984533125,0.11427731880142306
CV-GE-B7,2015-NYH2,All-nonleaky,355,3.1840533225742043,2.5578905849634483,-1.2706556601278338,0.18708541104299278
CV-GE-B7,2015-NYH2,B6R-all-EC-reference,355,3.18106863050791,2.5550717493422996,-1.2664006864747601,0.18666398222649425
CV-GE-B7,2015-NYH2,Canopy-growth,355,2.6932574085802545,2.0696779025370318,-0.624599598104554,0.14435990159881637
CV-GE-B7,2015-NYH2,Grain-fill-maturity,355,3.398975532649892,2.7797948465622317,-1.587537733986788,0.15347070743936334
CV-GE-B7,2015-NYH2,Process-MK,355,2.5858675309067545,1.9764085816605683,-0.49762527589444483,0.14872469676946867
CV-GE-B7,2015-NYH2,Reproductive-transition,355,2.7784630719803247,2.1543399945895443,-0.7290194278800128,0.12147061006252376
CV-GE-B7,2015-NYH2,Stage-MK,355,3.031084795563538,2.399015739539587,-1.057722409433739,0.18323489422304914
CV-GE-B7,2015-NYH2,Thermal,355,2.287574588847095,1.7219199839921058,-0.17203651480912896,0.17750713030596113
CV-GE-B7,2015-NYH2,Thermal+water-MK,355,2.3937385846238968,1.802903317730104,-0.283346869586113,0.18306877850967493
CV-GE-B7,2015-NYH2,Vegetative,355,2.3907604481937548,1.7963074551232197,-0.2801555398757152,0.15778879481540248
CV-GE-B7,2015-NYH2,Water-soil,355,2.9555426621681784,2.328199631129745,-0.9564334536259775,0.1998086078486253
CV-GE-B7,2015-NYH3,All-nonleaky,355,2.482896408818903,1.975406854185922,-0.48976597745974293,0.28011587636800556
CV-GE-B7,2015-NYH3,B6R-all-EC-reference,355,2.4724321380214422,1.9661402990445271,-0.4772350771383378,0.28249678526149336
CV-GE-B7,2015-NYH3,Canopy-growth,355,3.296419586825617,2.76653592209458,-1.6259461943569202,0.29768200908945935
CV-GE-B7,2015-NYH3,Grain-fill-maturity,355,3.3823473256176344,2.840384855532047,-1.764631523478584,0.2320619576439264
CV-GE-B7,2015-NYH3,Process-MK,355,2.465665095906934,1.9575627964926023,-0.4691597640818084,0.3168714123089056
CV-GE-B7,2015-NYH3,Reproductive-transition,355,3.24482572106318,2.715540819138235,-1.5443895484367185,0.32977938912495136
CV-GE-B7,2015-NYH3,Stage-MK,355,2.845294333947469,2.3050283203196478,-0.956389166381074,0.30331294178170265
CV-GE-B7,2015-NYH3,Thermal,355,1.9907487520518052,1.616828591353577,0.042290588099305304,0.2400878914401363
CV-GE-B7,2015-NYH3,Thermal+water-MK,355,1.9840587400895182,1.607681478422771,0.048716634323972,0.27583254718912736
CV-GE-B7,2015-NYH3,Vegetative,355,1.926674839420948,1.5723401129614256,0.1029478259957124,0.3220211994028417
CV-GE-B7,2015-NYH3,Water-soil,355,2.2607117028059394,1.7806705892678347,-0.23506898578259317,0.3084286573971919
CV-GE-B7,2015-OHH1,All-nonleaky,426,1.748156085476479,1.390975264077334,-0.2723226296206147,0.10913302358302909
CV-GE-B7,2015-OHH1,B6R-all-EC-reference,426,1.7570590296840254,1.3991229462617962,-0.28531490348512967,0.10724105650504775
CV-GE-B7,2015-OHH1,Canopy-growth,426,1.6209163720889361,1.283921622092143,-0.09385071922953592,0.05395313194373341
CV-GE-B7,2015-OHH1,Grain-fill-maturity,426,1.6840536086899065,1.3301008826926954,-0.18072474108854308,0.08856656040445138
CV-GE-B7,2015-OHH1,Process-MK,426,1.638793385294611,1.3063314777617243,-0.11811183288494709,0.08061435509436457
CV-GE-B7,2015-OHH1,Reproductive-transition,426,1.8021117696512683,1.437143446852408,-0.3520734507093668,0.05471502168932722
CV-GE-B7,2015-OHH1,Stage-MK,426,1.6945919101802709,1.3492229398717204,-0.1955482181921384,0.11509722893758233
CV-GE-B7,2015-OHH1,Thermal,426,1.6169138551648994,1.284619904023292,-0.08845531374521642,0.09500168779535802
CV-GE-B7,2015-OHH1,Thermal+water-MK,426,1.7257767144637177,1.3715232212039787,-0.23995535531918644,0.08382613798446747
CV-GE-B7,2015-OHH1,Vegetative,426,1.8116468728173858,1.4580646092394824,-0.36641913862006326,0.09267686554643322
CV-GE-B7,2015-OHH1,Water-soil,426,1.7768096290178665,1.415682062304779,-0.3143730240995781,0.09309465623752791
CV-GE-B7,2015-SDH1,All-nonleaky,327,2.951012553898077,2.53408184490851,-2.38349864940591,-0.13547239831347532
CV-GE-B7,2015-SDH1,B6R-all-EC-reference,327,2.989927173204521,2.572792137524353,-2.473322532540459,-0.1343584195843783
CV-GE-B7,2015-SDH1,Canopy-growth,327,2.321775084563177,1.9290639139309362,-1.0944219761611271,-0.09276484369893218
CV-GE-B7,2015-SDH1,Grain-fill-maturity,327,3.104143621097814,2.6842346325538813,-2.7437557517870133,-0.1542756313639154
CV-GE-B7,2015-SDH1,Process-MK,327,2.7357019862725,2.336381382822403,-1.907779462952619,-0.07099462024702753
CV-GE-B7,2015-SDH1,Reproductive-transition,327,2.3201613563237644,1.9196262667990196,-1.0915115707978966,-0.08773330606036354
CV-GE-B7,2015-SDH1,Stage-MK,327,2.7606628791631427,2.342927231822153,-1.9610834340626324,-0.1221683654884103
CV-GE-B7,2015-SDH1,Thermal,327,4.894720403553575,4.587497045645474,-8.30849932315684,-0.05334386538883246
CV-GE-B7,2015-SDH1,Thermal+water-MK,327,3.57422558955398,3.1787558516227192,-3.9634975633367038,-0.09542836233300857
CV-GE-B7,2015-SDH1,Vegetative,327,4.622802504886132,4.278225553664774,-7.3029911162120875,-0.07455315551917316
CV-GE-B7,2015-SDH1,Water-soil,327,2.744512187939973,2.334537062729312,-1.926538358908802,-0.13534827066307292
CV-GE-B7,2015-TXH1,All-nonleaky,296,1.7955374890763802,1.4372624028379613,-0.05398031780185275,0.1568288727198299
CV-GE-B7,2015-TXH1,B6R-all-EC-reference,296,1.8047695488683058,1.4420057003623818,-0.06484661788827073,0.15354786574929052
CV-GE-B7,2015-TXH1,Canopy-growth,296,1.793402517990786,1.4449524950267802,-0.051475352336734614,0.12672500511407542
CV-GE-B7,2015-TXH1,Grain-fill-maturity,296,1.7768358811734286,1.4119536828980133,-0.03213897490253559,0.20778444710019098
CV-GE-B7,2015-TXH1,Process-MK,296,2.247486341391706,1.7761434750256626,-0.651344440362523,0.10108448184492255
CV-GE-B7,2015-TXH1,Reproductive-transition,296,1.8539366459233508,1.486002426749292,-0.12365586905145554,0.05624809430486235
CV-GE-B7,2015-TXH1,Stage-MK,296,1.8575506554349506,1.475081602398975,-0.12804098232900452,0.11786869787659766
CV-GE-B7,2015-TXH1,Thermal,296,2.0265586239117486,1.5865383817389533,-0.34264713466579955,0.1824183833705737
CV-GE-B7,2015-TXH1,Thermal+water-MK,296,1.9356234150386007,1.5193352801510605,-0.22485669574680256,0.1792278299642593
CV-GE-B7,2015-TXH1,Vegetative,296,1.9153267654341255,1.5151767350835705,-0.19930405430471154,0.08296572269198607
CV-GE-B7,2015-TXH1,Water-soil,296,1.9519487259843848,1.530486472040171,-0.24560504117255344,0.17761535646624804
CV-GE-B7,2015-TXH2,All-nonleaky,308,2.8493366884907787,2.4493799369617184,-1.961097330856345,0.14405755845762633
CV-GE-B7,2015-TXH2,B6R-all-EC-reference,308,2.8906625141698195,2.4927057420065117,-2.0476137456175842,0.1440572446008898
CV-GE-B7,2015-TXH2,Canopy-growth,308,5.798574506734995,5.550751292322197,-11.263307724283036,0.12262042644623773
CV-GE-B7,2015-TXH2,Grain-fill-maturity,308,2.2638235743262487,1.8539248561152715,-0.8691764418598824,0.1606629062848393
CV-GE-B7,2015-TXH2,Process-MK,308,2.1888632723103054,1.7815826975501208,-0.7474405553223014,0.1491681180386134
CV-GE-B7,2015-TXH2,Reproductive-transition,308,4.315429624954759,3.9730517069537665,-5.792243076197159,0.11997828379025768
CV-GE-B7,2015-TXH2,Stage-MK,308,2.930079097672205,2.5348751529965505,-2.131293894044812,0.117055699567699
CV-GE-B7,2015-TXH2,Thermal,308,2.1154841064136987,1.708627358078076,-0.6322424790464334,0.11974182413749102
CV-GE-B7,2015-TXH2,Thermal+water-MK,308,2.0385106344849335,1.6282500030642242,-0.51562271431422,0.12234034658486927
CV-GE-B7,2015-TXH2,Vegetative,308,2.2752858107229725,1.861205265101563,-0.8881524628568482,0.08344787429547484
CV-GE-B7,2015-TXH2,Water-soil,308,2.5236448602464234,2.113261038157737,-1.3228524300778353,0.14046035413836522
CV-GE-B7,2016-DEH1,All-nonleaky,230,2.3445545788951883,1.9906529546638037,-0.5310922699364695,0.2825840677054616
CV-GE-B7,2016-DEH1,B6R-all-EC-reference,230,2.323247389233951,1.9691961246994751,-0.5033897507682734,0.28500999533686244
CV-GE-B7,2016-DEH1,Canopy-growth,230,2.820873689221023,2.4501378829523666,-1.2163990217668017,0.13880364307309442
CV-GE-B7,2016-DEH1,Grain-fill-maturity,230,2.24713363545475,1.8764837570552524,-0.4064958994381509,0.24813280096847706
CV-GE-B7,2016-DEH1,Process-MK,230,2.5936960029427985,2.2509691726116907,-0.8737809317693848,0.27476323439584
CV-GE-B7,2016-DEH1,Reproductive-transition,230,1.9768706916463714,1.6086662536111838,-0.0885219603593499,0.2663460016218766
CV-GE-B7,2016-DEH1,Stage-MK,230,2.286624303348965,1.933159595542382,-0.4563652230172739,0.29577057648661553
CV-GE-B7,2016-DEH1,Thermal,230,2.7251783372382383,2.3525398136223092,-1.0685714466374412,0.1557430399827881
CV-GE-B7,2016-DEH1,Thermal+water-MK,230,2.517036856426279,2.171106647322357,-0.7646550338873581,0.27311343416430556
CV-GE-B7,2016-DEH1,Vegetative,230,1.9094421195199498,1.5156273111419594,-0.015532124509396228,0.300958063933516
CV-GE-B7,2016-DEH1,Water-soil,230,2.2507796138567935,1.8941527280890997,-0.41106368635490087,0.31238979635405345
CV-GE-B7,2016-GAH2,All-nonleaky,87,4.578388538652236,4.365028554995066,-10.406442739153352,0.1432746413081674
CV-GE-B7,2016-GAH2,B6R-all-EC-reference,87,4.494870754957643,4.277139212522594,-9.994091583145181,0.1447385605196028
CV-GE-B7,2016-GAH2,Canopy-growth,87,4.696972073831559,4.510366690199161,-11.004964754806966,0.2568022125195579
CV-GE-B7,2016-GAH2,Grain-fill-maturity,87,3.9782445446272803,3.737579612525611,-7.612076620593914,0.19360422509655606
CV-GE-B7,2016-GAH2,Process-MK,87,4.884291142506499,4.683933744114602,-11.981593930848327,0.13628612057545728
CV-GE-B7,2016-GAH2,Reproductive-transition,87,5.31616566155359,5.142266326566433,-14.378782153677458,0.1898963931573419
CV-GE-B7,2016-GAH2,Stage-MK,87,4.472322946167804,4.2591332714166095,-9.884067989097069,0.16371709171646576
CV-GE-B7,2016-GAH2,Thermal,87,3.34410997843125,3.0738584252695706,-5.085356654138734,0.22106468826331227
CV-GE-B7,2016-GAH2,Thermal+water-MK,87,3.6087336395209766,3.3416117953540794,-6.086545651607766,0.16670447396560895
CV-GE-B7,2016-GAH2,Vegetative,87,3.979478442847654,3.7333850349906177,-7.617419717957924,0.15942217644243384
CV-GE-B7,2016-GAH2,Water-soil,87,4.207928132496783,3.9768775177131084,-8.635218350445356,0.14197038621914002
CV-GE-B7,2016-IAH2,All-nonleaky,388,3.0800862577681407,2.3927165197232,-0.6612046805036107,0.13051259645395644
CV-GE-B7,2016-IAH2,B6R-all-EC-reference,388,3.2058869527441516,2.5119112576142735,-0.7996738074837393,0.12839630380222694
CV-GE-B7,2016-IAH2,Canopy-growth,388,2.524365680136199,1.928027712888922,-0.11583999089927133,0.12150778583397867
CV-GE-B7,2016-IAH2,Grain-fill-maturity,388,3.162579897206115,2.477308111782112,-0.7513800566243793,0.035533048397473406
CV-GE-B7,2016-IAH2,Process-MK,388,3.042436057181144,2.345046334507851,-0.6208406004424529,0.1004450499621883
CV-GE-B7,2016-IAH2,Reproductive-transition,388,3.072052630250739,2.373434199621202,-0.6525503154408285,0.08796294528970555
CV-GE-B7,2016-IAH2,Stage-MK,388,3.209322061379897,2.5146843996613453,-0.8035325755415199,0.10769085719037297
CV-GE-B7,2016-IAH2,Thermal,388,2.7349998851454025,2.0686567296260456,-0.30982119214226334,0.07287663807559279
CV-GE-B7,2016-IAH2,Thermal+water-MK,388,2.8153620325979736,2.136783576629304,-0.38792464324463705,0.05491431532731674
CV-GE-B7,2016-IAH2,Vegetative,388,2.6239164207187327,1.9733733055022271,-0.20558374221781905,0.18921952127624425
CV-GE-B7,2016-IAH2,Water-soil,388,2.724692634718111,2.0699098763280777,-0.29996728647245763,0.10070189542191607
CV-GE-B7,2016-IAH3,All-nonleaky,375,1.487451422444016,1.173051908798482,-0.10116377700606183,0.12369764762431258
CV-GE-B7,2016-IAH3,B6R-all-EC-reference,375,1.5001905508913973,1.181545935633242,-0.12010615954451831,0.12168871530676782
CV-GE-B7,2016-IAH3,Canopy-growth,375,1.5635772639524559,1.233287685007131,-0.21676028942976222,0.14253463631811802
CV-GE-B7,2016-IAH3,Grain-fill-maturity,375,1.5058444159718287,1.1923269756447672,-0.1285649020124584,0.09651873118637082
CV-GE-B7,2016-IAH3,Process-MK,375,1.7154440501874697,1.3452545941503713,-0.4646014170509385,0.09849504303860811
CV-GE-B7,2016-IAH3,Reproductive-transition,375,1.5118642543055048,1.181325185729511,-0.13760615190449,0.11297823593796807
CV-GE-B7,2016-IAH3,Stage-MK,375,1.4963386242487327,1.179696133803905,-0.11436151909009262,0.11897256242329816
CV-GE-B7,2016-IAH3,Thermal,375,1.6367282807737398,1.3416096721787012,-0.3332742983509982,0.060107600298960576
CV-GE-B7,2016-IAH3,Thermal+water-MK,375,1.489789805848894,1.1789736738643934,-0.10462871987896438,0.06729280901613627
CV-GE-B7,2016-IAH3,Vegetative,375,1.524260802434644,1.2274470800271908,-0.15633826455927458,0.13018663493726626
CV-GE-B7,2016-IAH3,Water-soil,375,1.544761761225781,1.258457588416875,-0.187652411716009,0.11919128939553242
CV-GE-B7,2016-IAH4,All-nonleaky,396,1.3512561047359926,1.0518049450954645,-0.11079898602909544,0.22923403166331704
CV-GE-B7,2016-IAH4,B6R-all-EC-reference,396,1.3808014783777547,1.0737345804364624,-0.15990554147481162,0.22886569668589565
CV-GE-B7,2016-IAH4,Canopy-growth,396,1.6088473231748557,1.2607023745524828,-0.5746708975392139,0.16974225535924456
CV-GE-B7,2016-IAH4,Grain-fill-maturity,396,1.7325830712802455,1.3936010347282988,-0.826199711931815,0.267069061874015
CV-GE-B7,2016-IAH4,Process-MK,396,1.4214888152038092,1.1025720371110808,-0.22926928492854004,0.2348482937485024
CV-GE-B7,2016-IAH4,Reproductive-transition,396,1.2720461757183805,1.00118826516007,0.015612954298150794,0.22007207906325
CV-GE-B7,2016-IAH4,Stage-MK,396,1.4066865215173217,1.0906035029292074,-0.20380124724088944,0.2373412217937871
CV-GE-B7,2016-IAH4,Thermal,396,1.3236092186389372,1.0511099550041025,-0.06580978500336032,0.21978635552335782
CV-GE-B7,2016-IAH4,Thermal+water-MK,396,1.2527142276560352,0.9814454970335548,0.04530608067342401,0.2582509836502633
CV-GE-B7,2016-IAH4,Vegetative,396,1.3828848539048784,1.0787173622056327,-0.16340835038402202,0.21163296016408534
CV-GE-B7,2016-IAH4,Water-soil,396,1.2590629220263672,0.9903305294351676,0.035604876114069706,0.253807709883192
CV-GE-B7,2016-ILH1,All-nonleaky,212,1.8407121133059443,1.3973108733062536,0.006547662470780424,0.18776349242044646
CV-GE-B7,2016-ILH1,B6R-all-EC-reference,212,1.8559750618072564,1.4073855135814162,-0.009995800931135612,0.18930396782375178
CV-GE-B7,2016-ILH1,Canopy-growth,212,1.8875548481239275,1.4380416698880099,-0.04465877240647553,0.07964915400407122
CV-GE-B7,2016-ILH1,Grain-fill-maturity,212,1.8834719011726755,1.4312652669553718,-0.04014428292332428,0.09851191363118914
CV-GE-B7,2016-ILH1,Process-MK,212,1.944364956085307,1.4847510559194634,-0.10848766672203403,0.20683027346274735
CV-GE-B7,2016-ILH1,Reproductive-transition,212,2.504029044371834,2.0304396424378583,-0.8384592975638723,0.19881362902566058
CV-GE-B7,2016-ILH1,Stage-MK,212,1.8423496673817854,1.4052412554408662,0.004779264737585054,0.17466187967022337
CV-GE-B7,2016-ILH1,Thermal,212,1.9056329854939775,1.4795732892971651,-0.06476512648760391,0.20199166780794997
CV-GE-B7,2016-ILH1,Thermal+water-MK,212,1.834621686355678,1.4106103854317178,0.013110925696885656,0.1878132859971229
CV-GE-B7,2016-ILH1,Vegetative,212,1.9204599193285552,1.4763473507877585,-0.08139856955994862,0.22938770387922636
CV-GE-B7,2016-ILH1,Water-soil,212,1.8425888112967905,1.4023277926118214,0.004520881181140579,0.16366835246653527
CV-GE-B7,2016-INH1,All-nonleaky,235,2.397826926799369,1.9023780987532155,-0.64342612792325,0.39613287498654487
CV-GE-B7,2016-INH1,B6R-all-EC-reference,235,2.3847609986016636,1.890131563497106,-0.6255646351644244,0.39704787769408595
CV-GE-B7,2016-INH1,Canopy-growth,235,2.4715694549380705,1.9802404721456968,-0.7460640078757159,0.2596471782118405
CV-GE-B7,2016-INH1,Grain-fill-maturity,235,2.48617025513504,1.9865414690885506,-0.7667546944179042,0.3127613765324486
CV-GE-B7,2016-INH1,Process-MK,235,2.889948028080169,2.394855979886977,-1.38723177674551,0.3858616378830878
CV-GE-B7,2016-INH1,Reproductive-transition,235,2.296550888599474,1.8072356882643823,-0.5075324461186717,0.37184796591040353
CV-GE-B7,2016-INH1,Stage-MK,235,2.4930246653431047,1.989012658075104,-0.7765100643099756,0.4030708964436269
CV-GE-B7,2016-INH1,Thermal,235,3.2542999262411914,2.764503885798663,-2.0271202566654924,0.2642414195536072
CV-GE-B7,2016-INH1,Thermal+water-MK,235,3.369346330600449,2.913462650962147,-2.24493371060611,0.3692090589029794
CV-GE-B7,2016-INH1,Vegetative,235,2.0581492000281467,1.6031847309367366,-0.21078834200771457,0.40190445192580687
CV-GE-B7,2016-INH1,Water-soil,235,2.2079458635485065,1.7260193367769614,-0.3934499139004941,0.39892072461842853
CV-GE-B7,2016-MIH1,All-nonleaky,234,2.5675454103021695,2.1927256296979545,-0.5971738896457865,0.033328617973834955
CV-GE-B7,2016-MIH1,B6R-all-EC-reference,234,2.519591900964379,2.143663791659222,-0.5380708536162915,0.031378321174899734
CV-GE-B7,2016-MIH1,Canopy-growth,234,2.241290403299762,1.8520909033630555,-0.21706058595660993,0.06252444896906514
CV-GE-B7,2016-MIH1,Grain-fill-maturity,234,2.589309433111409,2.219185646980884,-0.6243658184420209,0.0964789111076139
CV-GE-B7,2016-MIH1,Process-MK,234,2.4978516782308335,2.1187037167592666,-0.5116429677948815,0.041557803548981406
CV-GE-B7,2016-MIH1,Reproductive-transition,234,2.1109845349247958,1.6495273175440746,-0.0796575805127333,0.029970216576337604
CV-GE-B7,2016-MIH1,Stage-MK,234,2.4420389808110743,2.0586911772364482,-0.444844533405492,0.0345724881826573
CV-GE-B7,2016-MIH1,Thermal,234,2.0393684898935454,1.5812000335102099,-0.007644513537123476,0.1405464969350331
CV-GE-B7,2016-MIH1,Thermal+water-MK,234,2.2095240098653752,1.784838813607726,-0.1828056364860977,0.03965531325118183
CV-GE-B7,2016-MIH1,Vegetative,234,2.1839417465054263,1.750565633582807,-0.15557472701776343,0.04252780473340106
CV-GE-B7,2016-MIH1,Water-soil,234,2.11725501947047,1.6079020119066851,-0.086081152884256,0.02102000588163575
CV-GE-B7,2016-MNH1,All-nonleaky,232,2.1092803551046972,1.7322476273869025,-1.0697544321291748,-0.029702584960654196
CV-GE-B7,2016-MNH1,B6R-all-EC-reference,232,2.0748011885919513,1.7014188049140164,-1.0026413623194408,-0.028221243214465598
CV-GE-B7,2016-MNH1,Canopy-growth,232,1.7508549757538014,1.4343441172261684,-0.42610188858967746,0.11862508349429948
CV-GE-B7,2016-MNH1,Grain-fill-maturity,232,1.7927653975418736,1.4592193445369686,-0.49519256222334773,0.047198929316113164
CV-GE-B7,2016-MNH1,Process-MK,232,1.7504550453580578,1.4042676155526888,-0.42545046244433316,-0.019742652151740682
CV-GE-B7,2016-MNH1,Reproductive-transition,232,1.5670653616527896,1.2383408189818004,-0.14241639666428996,0.0406805030361935
CV-GE-B7,2016-MNH1,Stage-MK,232,1.6988023744559526,1.3643287474342123,-0.34256686436505257,-0.007394104041152752
CV-GE-B7,2016-MNH1,Thermal,232,1.528681202100787,1.2015381639008045,-0.0871364467401139,0.08441445385463427
CV-GE-B7,2016-MNH1,Thermal+water-MK,232,1.7944730430450457,1.439459913462053,-0.49804232145481664,-0.0032913708940931568
CV-GE-B7,2016-MNH1,Vegetative,232,1.9100185570368948,1.561500215189402,-0.6971701274810786,0.037529485419959936
CV-GE-B7,2016-MNH1,Water-soil,232,2.620543513737604,2.2573915287961652,-2.194721147224207,0.0072925807465688925
CV-GE-B7,2016-NEH1,All-nonleaky,231,2.3268504871881195,1.8781892591494802,-0.7509640507552895,0.3461505546335071
CV-GE-B7,2016-NEH1,B6R-all-EC-reference,231,2.305219907815201,1.8573171379584734,-0.7185611734868118,0.34338960650351447
CV-GE-B7,2016-NEH1,Canopy-growth,231,2.148246033112817,1.7092759407606612,-0.492479277556944,0.18732815314012566
CV-GE-B7,2016-NEH1,Grain-fill-maturity,231,2.4140961149420797,1.9493087272986935,-0.8847310573098384,0.1981446715174419
CV-GE-B7,2016-NEH1,Process-MK,231,2.815222194773176,2.3766404787935693,-1.5631004585949313,0.31135041183489587
CV-GE-B7,2016-NEH1,Reproductive-transition,231,2.665980843262308,2.22123468176621,-1.2985519388032944,0.2697699025363157
CV-GE-B7,2016-NEH1,Stage-MK,231,2.3539440909863916,1.9054274443856372,-0.7919775316726312,0.3366039962932386
CV-GE-B7,2016-NEH1,Thermal,231,2.2661279285973537,1.8083152837035372,-0.660768577857259,0.1754859453817266
CV-GE-B7,2016-NEH1,Thermal+water-MK,231,2.1659860542439167,1.7228817452327727,-0.5172305716372456,0.33847386972550847
CV-GE-B7,2016-NEH1,Vegetative,231,3.029609428646376,2.5970595655590247,-1.968339424351559,0.2446001098936734
CV-GE-B7,2016-NEH1,Water-soil,231,2.2030193052717535,1.7610618385858827,-0.5695562285490035,0.37870194521272044
CV-GE-B7,2016-NEH4,All-nonleaky,214,2.0926764373119915,1.6937135120632474,-1.021525778618757,0.08195359600501852
CV-GE-B7,2016-NEH4,B6R-all-EC-reference,214,2.122017227782278,1.7225836171801283,-1.0786095869942036,0.08168242909468573
CV-GE-B7,2016-NEH4,Canopy-growth,214,2.19864612199262,1.7897158762347514,-1.231442926446233,-0.02699135732930423
CV-GE-B7,2016-NEH4,Grain-fill-maturity,214,2.735565286101797,2.331423335832773,-2.4543734183238914,-0.03174451073818197
CV-GE-B7,2016-NEH4,Process-MK,214,2.083555032398454,1.683301124990892,-1.0039416273168227,0.10682066318785433
CV-GE-B7,2016-NEH4,Reproductive-transition,214,2.002925782467567,1.604967796486324,-0.8518458351416602,0.07259238258352928
CV-GE-B7,2016-NEH4,Stage-MK,214,2.067752307426686,1.667964813794227,-0.9736591093025788,0.07971858707578404
CV-GE-B7,2016-NEH4,Thermal,214,1.7619887622150503,1.370843527986578,-0.4331161281464022,0.09617624803835198
CV-GE-B7,2016-NEH4,Thermal+water-MK,214,1.7099708055521696,1.3307264701703978,-0.34974742176656126,0.08182921467401022
CV-GE-B7,2016-NEH4,Vegetative,214,1.849396378712507,1.4596227787914298,-0.5788290945688146,0.15852930210195068
CV-GE-B7,2016-NEH4,Water-soil,214,2.081624493850277,1.6822819836065177,-1.0002298038086535,0.06807778340223164
CV-GE-B7,2016-NYH1,All-nonleaky,224,1.2009653616335285,0.9499929282341145,-0.10208000825037744,0.1586379817186077
CV-GE-B7,2016-NYH1,B6R-all-EC-reference,224,1.1857933658715445,0.9382574231783637,-0.07441037561491015,0.15729736625893756
CV-GE-B7,2016-NYH1,Canopy-growth,224,1.1520703298772483,0.90506291422167,-0.014168565322077775,0.20651829312283812
CV-GE-B7,2016-NYH1,Grain-fill-maturity,224,1.4433131827082148,1.1338764851914256,-0.5917443529264501,0.18340235449416095
CV-GE-B7,2016-NYH1,Process-MK,224,1.286466485511579,1.009304832871425,-0.26458816895229775,0.19567637533128152
CV-GE-B7,2016-NYH1,Reproductive-transition,224,1.2059266846388383,0.9365550144562383,-0.11120444942120322,0.22405454754545057
CV-GE-B7,2016-NYH1,Stage-MK,224,1.1622851738516984,0.9169390906967878,-0.0322325671878565,0.19176099501242924
CV-GE-B7,2016-NYH1,Thermal,224,2.7999395337849795,2.567730642858737,-4.990312324684425,0.2564382643728826
CV-GE-B7,2016-NYH1,Thermal+water-MK,224,1.9254556267619847,1.6093339292838977,-1.832821371138666,0.19330726638721948
CV-GE-B7,2016-NYH1,Vegetative,224,2.6991396440391875,2.4442337717675287,-4.566764757965075,0.22238869373799516
CV-GE-B7,2016-NYH1,Water-soil,224,1.2207713728232288,0.9718275208129115,-0.13873018814419047,0.16371065678061278
CV-GE-B7,2016-NYH2,All-nonleaky,230,3.2187399475418204,2.5907424876128076,-2.1729418211849376,-0.16674852811460167
CV-GE-B7,2016-NYH2,B6R-all-EC-reference,230,3.2243720784515473,2.5958352494403596,-2.1840555233011996,-0.16754365151788247
CV-GE-B7,2016-NYH2,Canopy-growth,230,2.457927196835004,1.8758520030784602,-0.8502412497692649,-0.08049084339525137
CV-GE-B7,2016-NYH2,Grain-fill-maturity,230,3.780402989304324,3.264802602434002,-3.3768989963210077,-0.1188181464716309
CV-GE-B7,2016-NYH2,Process-MK,230,2.9257140902199534,2.294119454842075,-1.6215255538436075,-0.14823064856376736
CV-GE-B7,2016-NYH2,Reproductive-transition,230,2.5768064445656065,1.9736785137131507,-1.0335456441968458,-0.10248587829974165
CV-GE-B7,2016-NYH2,Stage-MK,230,3.0761727895216167,2.4546382003408933,-1.8980894200689904,-0.13059756786010607
CV-GE-B7,2016-NYH2,Thermal,230,2.472048412744599,1.8908049397072697,-0.8715622312477631,-0.04316958093560546
CV-GE-B7,2016-NYH2,Thermal+water-MK,230,3.272750915649336,2.686539788635797,-2.2803201747985735,-0.12221407858958427
CV-GE-B7,2016-NYH2,Vegetative,230,3.2063433654753912,2.5931084552514503,-2.1485484933699524,-0.10892548970080357
CV-GE-B7,2016-NYH2,Water-soil,230,3.9935927673059135,3.4630378259923846,-3.884474910505407,-0.16136588593304413
CV-GE-B7,2016-NYH2L,All-nonleaky,96,6.807690874364291,6.745633254617128,-139.55215075779273,-0.20915163997490693
CV-GE-B7,2016-NYH2L,B6R-all-EC-reference,96,6.727381238002092,6.664527063736988,-136.25555211756597,-0.2162876132845144
CV-GE-B7,2016-NYH2L,Canopy-growth,96,5.109459702445046,5.039527689585759,-78.17495009864544,-0.17121957518825368
CV-GE-B7,2016-NYH2L,Grain-fill-maturity,96,5.486405453757786,5.4096544088618685,-90.28798914410619,-0.09592192363459828
CV-GE-B7,2016-NYH2L,Process-MK,96,7.171365118041528,7.10720666763154,-154.9701574735468,-0.2158021872517147
CV-GE-B7,2016-NYH2L,Reproductive-transition,96,6.544733690988503,6.481607616116278,-128.9037836787483,-0.2060092924236304
CV-GE-B7,2016-NYH2L,Stage-MK,96,6.845023810848057,6.783818632532828,-141.09793546921685,-0.1706878168861373
CV-GE-B7,2016-NYH2L,Thermal,96,5.41042515876241,5.335582653849992,-87.7770336379928,-0.07301246396888801
CV-GE-B7,2016-NYH2L,Thermal+water-MK,96,7.056676503931304,6.987022265960448,-150.0213190623838,-0.2016887840801908
CV-GE-B7,2016-NYH2L,Vegetative,96,7.12936378307439,7.0701748233732316,-153.1485319205204,-0.1322893783969308
CV-GE-B7,2016-NYH2L,Water-soil,96,7.6871353182979725,7.63435558494893,-178.21192052852342,-0.1743184332143274
CV-GE-B7,2016-TXH1,All-nonleaky,218,3.094790569184651,2.8820924722636323,-6.376990055357557,0.22305913446943684
CV-GE-B7,2016-TXH1,B6R-all-EC-reference,218,3.0926147899924037,2.8797067684680853,-6.366620979378505,0.22314182835685042
CV-GE-B7,2016-TXH1,Canopy-growth,218,2.0711579891476046,1.7613827416358392,-2.3040234824226706,0.07395487345618044
CV-GE-B7,2016-TXH1,Grain-fill-maturity,218,2.6850356954151633,2.4300357006641047,-4.552860917599945,0.17774933269113766
CV-GE-B7,2016-TXH1,Process-MK,218,2.8719516786417136,2.64352491873468,-5.352884001107629,0.2341943083677138
CV-GE-B7,2016-TXH1,Reproductive-transition,218,3.2646989777022877,3.0651782244533385,-7.209240044763376,0.22932067401369371
CV-GE-B7,2016-TXH1,Stage-MK,218,2.8816358090759033,2.6564138424321957,-5.395799683251465,0.25167611695663794
CV-GE-B7,2016-TXH1,Thermal,218,2.679603888512395,2.429808161616741,-4.53041685140313,0.2046165121358978
CV-GE-B7,2016-TXH1,Thermal+water-MK,218,2.3468009349323307,2.076879258354301,-3.241985440855185,0.24237386589741972
CV-GE-B7,2016-TXH1,Vegetative,218,2.7006148937996475,2.4539616705990523,-4.617485827395993,0.2516917352541186
CV-GE-B7,2016-TXH1,Water-soil,218,2.8130955382579095,2.5782277416561534,-5.0951673237825705,0.22303038415322887
CV-GE-B7,2016-TXH2,All-nonleaky,234,2.244395729808936,1.7977738720191307,-0.44089632366203757,0.22532710389135577
CV-GE-B7,2016-TXH2,B6R-all-EC-reference,234,2.2285436633149502,1.7836635085723815,-0.4206142308915981,0.232819117567434
CV-GE-B7,2016-TXH2,Canopy-growth,234,2.3487215696563255,1.8915584608332632,-0.5779634450318807,0.1270769196195383
CV-GE-B7,2016-TXH2,Grain-fill-maturity,234,2.18630750413712,1.7434357748053733,-0.3672765226950965,0.229196362417539
CV-GE-B7,2016-TXH2,Process-MK,234,2.0176056728081555,1.5914385871156485,-0.1644113939760825,0.2572209131797545
CV-GE-B7,2016-TXH2,Reproductive-transition,234,2.321156926330545,1.8824379603333137,-0.5411427633966548,0.26709699585571595
CV-GE-B7,2016-TXH2,Stage-MK,234,2.19372985586376,1.7504476540428446,-0.37657588592240154,0.2933141640139503
CV-GE-B7,2016-TXH2,Thermal,234,2.3965572567001487,1.9277577156144936,-0.6428937761831004,0.26228345276452375
CV-GE-B7,2016-TXH2,Thermal+water-MK,234,2.4106188051937565,1.945509297482724,-0.6622293490233391,0.26465412105707087
CV-GE-B7,2016-TXH2,Vegetative,234,1.791033677005964,1.4069133019341409,0.08242542795245811,0.31492748837960116
CV-GE-B7,2016-TXH2,Water-soil,234,1.9390399180662745,1.523419590514078,-0.07549244849669301,0.23246905159859776
CV-GE-B7,2016-WIH1,All-nonleaky,308,1.7831020005823965,1.376143170519185,0.13019051864310505,0.36142281136710225
CV-GE-B7,2016-WIH1,B6R-all-EC-reference,308,1.789040347386673,1.3906800107154353,0.12438733816924186,0.35573538511114716
CV-GE-B7,2016-WIH1,Canopy-growth,308,1.8423973274749244,1.4507253305649583,0.0713793161371532,0.2677077154272045
CV-GE-B7,2016-WIH1,Grain-fill-maturity,308,1.9331939971868703,1.5313931545533963,-0.022404232519020573,0.22823163302705987
CV-GE-B7,2016-WIH1,Process-MK,308,1.986252746559852,1.5969282156150955,-0.07929653884915444,0.3671349783446187
CV-GE-B7,2016-WIH1,Reproductive-transition,308,2.0669491081020652,1.5805247792784731,-0.1687761213613772,0.32026589948352535
CV-GE-B7,2016-WIH1,Stage-MK,308,1.781128974309932,1.3808520918502944,0.1321143653808159,0.36359438660024607
CV-GE-B7,2016-WIH1,Thermal,308,1.9440107115270213,1.543904481545168,-0.03387746661478741,0.25661995162116075
CV-GE-B7,2016-WIH1,Thermal+water-MK,308,1.811496308696882,1.409309312659859,0.10226807524707349,0.33919765086484016
CV-GE-B7,2016-WIH1,Vegetative,308,1.8349407433154736,1.4010960097915237,0.07888076658338772,0.3378610790442418
CV-GE-B7,2016-WIH1,Water-soil,308,1.7969875184458635,1.4041081429589573,0.11659086867490498,0.3415179585935203
CV-GE-B7,2016-WIH2,All-nonleaky,418,2.34215569238739,1.9295593209495139,0.06196950535755841,0.3284574708364456
CV-GE-B7,2016-WIH2,B6R-all-EC-reference,418,2.351431680547281,1.9338591662293076,0.05452474834163701,0.3272396906935946
CV-GE-B7,2016-WIH2,Canopy-growth,418,2.4094250603096645,1.9690899341572754,0.0073131212618609,0.2689691322673137
CV-GE-B7,2016-WIH2,Grain-fill-maturity,418,2.5368837277259932,2.0509155283643166,-0.10049116630181487,0.23324532492306974
CV-GE-B7,2016-WIH2,Process-MK,418,2.513673511928371,2.0294851165547736,-0.08044626551402168,0.3420893671147563
CV-GE-B7,2016-WIH2,Reproductive-transition,418,2.3012361517804196,1.9185122044053846,0.09445964057720402,0.34842284052672035
CV-GE-B7,2016-WIH2,Stage-MK,418,2.5178396089863355,2.0304160485711913,-0.08403064042110797,0.32323912843357205
CV-GE-B7,2016-WIH2,Thermal,418,2.3217065731013875,1.930050498570256,0.07827769525177908,0.29109302169066903
CV-GE-B7,2016-WIH2,Thermal+water-MK,418,2.486093845664875,2.0147098533762926,-0.05686732761707325,0.29535725357130443
CV-GE-B7,2016-WIH2,Vegetative,418,2.4208620797704996,1.958177512753239,-0.0021333855876970453,0.3738578684798947
CV-GE-B7,2016-WIH2,Water-soil,418,2.365128272840069,1.9450544692540108,0.04347828329338166,0.31743239439298926
CV-GE-B7,2017-COH1,All-nonleaky,209,3.7693121397761087,3.462359392885706,-6.942002168431061,-0.06664433676373023
CV-GE-B7,2017-COH1,B6R-all-EC-reference,209,3.504244775949852,3.173194644397275,-5.864274840650144,-0.07164998915710082
CV-GE-B7,2017-COH1,Canopy-growth,209,1.7209003578403619,1.301732935356466,-0.6554544845580343,-0.022035878235375138
CV-GE-B7,2017-COH1,Grain-fill-maturity,209,2.251132690029031,1.7672131389693964,-1.8327482779535407,-0.11648791305858101
CV-GE-B7,2017-COH1,Process-MK,209,3.523673409423967,3.187391291238224,-5.940601235066909,-0.05107309988854635
CV-GE-B7,2017-COH1,Reproductive-transition,209,1.515492981054804,1.1841010382527364,-0.28384813177073553,-0.0499788952590289
CV-GE-B7,2017-COH1,Stage-MK,209,3.588922887379656,3.2704386606886975,-6.200025739347028,-0.04100609459769237
CV-GE-B7,2017-COH1,Thermal,209,3.3188344712577806,2.9457815421971185,-5.157110947725629,-0.06606090442859332
CV-GE-B7,2017-COH1,Thermal+water-MK,209,2.437796018885975,1.970733879026453,-2.3220068361343866,-0.07071995783814183
CV-GE-B7,2017-COH1,Vegetative,209,4.93075476798309,4.706824724693142,-12.590411336390275,0.020326308525922425
CV-GE-B7,2017-COH1,Water-soil,209,3.94002428790143,3.650694054123067,-7.677679239209411,-0.05064059706882007
CV-GE-B7,2017-DEH1,All-nonleaky,168,3.0894553321878955,2.67456942403688,-1.1690337324161146,0.25184077382870984
CV-GE-B7,2017-DEH1,B6R-all-EC-reference,168,3.1090955731781325,2.693857833360799,-1.196699291407198,0.2490437623331975
CV-GE-B7,2017-DEH1,Canopy-growth,168,4.225226229521726,3.7907104696679617,-3.0569756347986132,0.11778434832169887
CV-GE-B7,2017-DEH1,Grain-fill-maturity,168,2.9276015864920417,2.501763321880086,-0.9477195022067064,0.15265198522079837
CV-GE-B7,2017-DEH1,Process-MK,168,3.9956241545986013,3.5779150843753635,-2.6280371454664935,0.24774805299424948
CV-GE-B7,2017-DEH1,Reproductive-transition,168,3.5315836052161167,3.112188412849898,-1.8342714960841517,0.24313271575749615
CV-GE-B7,2017-DEH1,Stage-MK,168,3.547919608364004,3.1312840036832172,-1.8605530510391972,0.2574519366105637
CV-GE-B7,2017-DEH1,Thermal,168,3.1069251921908547,2.671967130659049,-1.1936334414400882,0.19751502636422114
CV-GE-B7,2017-DEH1,Thermal+water-MK,168,3.4567939910734786,3.028775142460959,-1.7154978412609694,0.220062568951941
CV-GE-B7,2017-DEH1,Vegetative,168,2.815289385074583,2.3968181551575793,-0.8011444774129537,0.28696701646146616
CV-GE-B7,2017-DEH1,Water-soil,168,3.052350846754439,2.630985945790463,-1.1172462277674717,0.2272779596029428
CV-GE-B7,2017-GAH1,All-nonleaky,130,2.573285217433648,2.0423952283784215,-0.0007734140665456302,0.16641567812726418
CV-GE-B7,2017-GAH1,B6R-all-EC-reference,130,2.5643008960263756,2.0399189469245638,0.006202551106983978,0.16702202813808406
CV-GE-B7,2017-GAH1,Canopy-growth,130,3.0818300064347492,2.6065582306043105,-0.4354142987586609,0.09220589083234713
CV-GE-B7,2017-GAH1,Grain-fill-maturity,130,2.667955924166483,2.180088261199732,-0.07576450472304996,0.193648770398872
CV-GE-B7,2017-GAH1,Process-MK,130,2.5234885320944676,2.0404380756037006,0.03758456342874228,0.2490177180003128
CV-GE-B7,2017-GAH1,Reproductive-transition,130,3.2550808836497436,2.5543770942506137,-0.6013397287103115,0.1937253315368088
CV-GE-B7,2017-GAH1,Stage-MK,130,2.532038964934443,2.022840655939128,0.031051535928284246,0.19286158365187153
CV-GE-B7,2017-GAH1,Thermal,130,2.5866887765211257,2.0710259190412628,-0.011226091667108973,0.10437869945482146
CV-GE-B7,2017-GAH1,Thermal+water-MK,130,2.5318724801681207,2.0183511705986454,0.0311789509147955,0.19024938702468897
CV-GE-B7,2017-GAH1,Vegetative,130,2.5307776728742715,2.0467901026053874,0.03201662582658349,0.19246247806127167
CV-GE-B7,2017-GAH1,Water-soil,130,2.7528225576449272,2.1576244641685443,-0.1452923138168316,0.20292048625313794
CV-GE-B7,2017-GAH2,All-nonleaky,84,1.7512863861789976,1.4276833843898227,-0.19681877484074484,0.21257373752983857
CV-GE-B7,2017-GAH2,B6R-all-EC-reference,84,1.7517091266598739,1.4277422056592666,-0.19739664127413303,0.2150187478964839
CV-GE-B7,2017-GAH2,Canopy-growth,84,1.8195820436911052,1.486399353234427,-0.29198459382414343,0.222132765700488
CV-GE-B7,2017-GAH2,Grain-fill-maturity,84,1.583775803627007,1.243023179204741,0.021183103657372637,0.21387987843282255
CV-GE-B7,2017-GAH2,Process-MK,84,1.604481454698987,1.2472056454838345,-0.0045775155728788874,0.2058488461574075
CV-GE-B7,2017-GAH2,Reproductive-transition,84,1.6301382206426982,1.2670091802029564,-0.03696216398247798,0.1424115999048149
CV-GE-B7,2017-GAH2,Stage-MK,84,1.8029981190735318,1.4759361574723744,-0.26854126010879265,0.21407072057221396
CV-GE-B7,2017-GAH2,Thermal,84,1.6690717833869657,1.3578814401180448,-0.08708644518515829,0.22577521656797261
CV-GE-B7,2017-GAH2,Thermal+water-MK,84,1.5608021106012349,1.231977762489319,0.04937389218641486,0.2324260278013696
CV-GE-B7,2017-GAH2,Vegetative,84,1.6078853568002547,1.2725159594805036,-0.008844452679077852,0.18119557515244542
CV-GE-B7,2017-GAH2,Water-soil,84,1.56824171444746,1.2494303694876534,0.040289926055089964,0.25755283282868985
CV-GE-B7,2017-IAH4,All-nonleaky,326,2.8463257301705824,2.4524840636390666,-1.8461030502924785,0.22904349351877007
CV-GE-B7,2017-IAH4,B6R-all-EC-reference,326,2.9931654201899494,2.602831271359883,-2.147334205228959,0.22422201132775615
CV-GE-B7,2017-IAH4,Canopy-growth,326,5.582670272222165,5.333243702568743,-9.94877117409175,0.2183575702522123
CV-GE-B7,2017-IAH4,Grain-fill-maturity,326,3.377674187990926,3.002335677301668,-3.007900519140388,0.2223921374647274
CV-GE-B7,2017-IAH4,Process-MK,326,2.0139816927007206,1.6229147465689002,-0.4249264897056344,0.24749952366288325
CV-GE-B7,2017-IAH4,Reproductive-transition,326,2.8256738782547868,2.44339220437921,-1.8049524080447679,0.22881126420194273
CV-GE-B7,2017-IAH4,Stage-MK,326,2.640569035087676,2.2623285367636963,-1.4494945393421927,0.2615586579803699
CV-GE-B7,2017-IAH4,Thermal,326,2.949547023792641,2.5646665779542013,-2.0562724883246295,0.25400666616760825
CV-GE-B7,2017-IAH4,Thermal+water-MK,326,2.4586662992777417,2.0519283462092424,-1.123638548659549,0.21094248454339773
CV-GE-B7,2017-IAH4,Vegetative,326,2.3607219005011224,1.979841494962515,-0.9578124291588135,0.2541902036706003
CV-GE-B7,2017-IAH4,Water-soil,326,2.284609761823134,1.908412586098338,-0.8336037122875637,0.24342576003976757
CV-GE-B7,2017-ILH1,All-nonleaky,173,1.5651585704898205,1.23175821667043,-0.5295179561424637,0.025978662124821795
CV-GE-B7,2017-ILH1,B6R-all-EC-reference,173,1.5377356885252729,1.208196706021806,-0.4763906295135203,0.026877902916978082
CV-GE-B7,2017-ILH1,Canopy-growth,173,1.3486646326748957,1.0798440563259235,-0.13565346410398482,0.05050002906152496
CV-GE-B7,2017-ILH1,Grain-fill-maturity,173,1.70254038583994,1.3522379383796825,-0.8098089753173905,-0.025283448575474973
CV-GE-B7,2017-ILH1,Process-MK,173,1.6096340109036353,1.2709092684209042,-0.617678346940929,0.032932025937411395
CV-GE-B7,2017-ILH1,Reproductive-transition,173,1.7601124808470012,1.4050469731149662,-0.9342773106772511,0.029382806790381424
CV-GE-B7,2017-ILH1,Stage-MK,173,1.6554995494713298,1.3108795027944222,-0.7111813029293663,0.020613967492565163
CV-GE-B7,2017-ILH1,Thermal,173,2.8753647262655355,2.540311059992302,-4.162068626327661,0.030481327680729576
CV-GE-B7,2017-ILH1,Thermal+water-MK,173,2.7910010233802214,2.438403010160801,-3.8636003828455596,0.005501802684290837
CV-GE-B7,2017-ILH1,Vegetative,173,2.480264614300784,2.0989156605239074,-2.8409081971297976,0.08217309748008488
CV-GE-B7,2017-ILH1,Water-soil,173,1.850770686561828,1.4853523907375445,-1.1386667482660329,0.01654969023983615
CV-GE-B7,2017-INH1,All-nonleaky,163,2.833839498587908,2.497796651280016,-1.973623809943477,0.22063667853384816
CV-GE-B7,2017-INH1,B6R-all-EC-reference,163,2.8332434759798755,2.4965685703432796,-1.972373096459941,0.21993137326905263
CV-GE-B7,2017-INH1,Canopy-growth,163,2.772705599354338,2.426260121038481,-1.8467088130080893,0.17456609244707574
CV-GE-B7,2017-INH1,Grain-fill-maturity,163,3.6155877846301117,3.304117402430884,-3.8405348123794685,0.15734402669635622
CV-GE-B7,2017-INH1,Process-MK,163,2.9053659338749664,2.583782490281256,-2.1256274116838068,0.24784934648894738
CV-GE-B7,2017-INH1,Reproductive-transition,163,3.1760679806817875,2.864717646239111,-2.735210708249012,0.23495590179456718
CV-GE-B7,2017-INH1,Stage-MK,163,2.595549648983072,2.2496681519559707,-1.4945614598465764,0.2533860117205187
CV-GE-B7,2017-INH1,Thermal,163,3.1405647355862905,2.810638628358506,-2.652170352143478,0.1628389212239115
CV-GE-B7,2017-INH1,Thermal+water-MK,163,2.8031708331925866,2.4735475159291274,-1.9096091806241544,0.25676814492214645
CV-GE-B7,2017-INH1,Vegetative,163,2.429963989966636,2.076319488050515,-1.1864281111166353,0.24492371894031603
CV-GE-B7,2017-INH1,Water-soil,163,2.7628279720888416,2.4326886075897027,-1.8264624206025388,0.26116794469041765
CV-GE-B7,2017-MIH1,All-nonleaky,184,1.7028570051409397,1.39799772779928,0.09380798017441672,0.31707107179184424
CV-GE-B7,2017-MIH1,B6R-all-EC-reference,184,1.7120115327470244,1.4083433813961086,0.08403844725156928,0.3121809190491067
CV-GE-B7,2017-MIH1,Canopy-growth,184,2.4394700786106602,2.0844919857584303,-0.8597512704923731,0.24090542989312788
CV-GE-B7,2017-MIH1,Grain-fill-maturity,184,3.086967337953211,2.681597352597201,-1.9780222732547816,0.2521535712998992
CV-GE-B7,2017-MIH1,Process-MK,184,1.8365750791876487,1.5333300839747444,-0.0540986249755806,0.3273677222237311
CV-GE-B7,2017-MIH1,Reproductive-transition,184,3.984928390625314,3.606562986314182,-3.9625502321075556,0.28266318236374555
CV-GE-B7,2017-MIH1,Stage-MK,184,1.9353147245383742,1.633560722735021,-0.1704882937049106,0.3207906350957714
CV-GE-B7,2017-MIH1,Thermal,184,2.7111057698877694,2.338424155116958,-1.2969777871258201,0.30825055954636227
CV-GE-B7,2017-MIH1,Thermal+water-MK,184,2.0723899843209135,1.746383279928943,-0.3421678828451922,0.2898387201281824
CV-GE-B7,2017-MIH1,Vegetative,184,1.692420005005172,1.3814632946258103,0.10488224168215676,0.3298910109535117
CV-GE-B7,2017-MIH1,Water-soil,184,1.7064496406568157,1.4008782319930586,0.08998023430269741,0.3034838275077862
CV-GE-B7,2017-MNH1,All-nonleaky,212,1.8143971329956532,1.449714162158721,-0.3757732897439192,0.014756252546950593
CV-GE-B7,2017-MNH1,B6R-all-EC-reference,212,1.8483204646842917,1.48201380706194,-0.4276991984372531,0.012623959089092907
CV-GE-B7,2017-MNH1,Canopy-growth,212,1.5372936852659183,1.1999451984218092,0.012366396571021121,0.1700564137399301
CV-GE-B7,2017-MNH1,Grain-fill-maturity,212,2.98073524553181,2.5804766678429374,-2.7130344386316407,0.004267777544871247
CV-GE-B7,2017-MNH1,Process-MK,212,1.729620521994832,1.3641373518883473,-0.25021248235887517,0.03478029647577409
CV-GE-B7,2017-MNH1,Reproductive-transition,212,1.614923408642489,1.2637538765960694,-0.08989844031365246,0.17027141548539657
CV-GE-B7,2017-MNH1,Stage-MK,212,1.7698015809129488,1.4134416595319064,-0.3089749303663971,0.08208919781815614
CV-GE-B7,2017-MNH1,Thermal,212,2.0337345812074963,1.6798082586630187,-0.7285053108264061,0.15177234003324544
CV-GE-B7,2017-MNH1,Thermal+water-MK,212,2.03397911037869,1.6541876479730568,-0.7289209947461763,0.036577449733875264
CV-GE-B7,2017-MNH1,Vegetative,212,1.9855648768552994,1.5713984807794534,-0.6475945067997149,0.11078746080402695
CV-GE-B7,2017-MNH1,Water-soil,212,1.649645092454072,1.303544309791133,-0.13726902393353968,0.010345428778084984
CV-GE-B7,2017-NYH1,All-nonleaky,204,2.776693636811385,2.3123692157356213,-2.0086591228579254,0.07400115386262875
CV-GE-B7,2017-NYH1,B6R-all-EC-reference,204,2.694185809295008,2.222253173018791,-1.8325145152596067,0.07177549264092509
CV-GE-B7,2017-NYH1,Canopy-growth,204,2.5467842155953697,2.101390781373726,-1.5310536714674257,0.12639466652057912
CV-GE-B7,2017-NYH1,Grain-fill-maturity,204,2.169059924597154,1.7340153422103683,-0.8359470696306104,0.07753556001374606
CV-GE-B7,2017-NYH1,Process-MK,204,2.0094823381817837,1.5920833169547686,-0.5757432025083755,0.11608744324574437
CV-GE-B7,2017-NYH1,Reproductive-transition,204,2.185176563859522,1.744792769651266,-0.8633314900428359,0.08871393679967922
CV-GE-B7,2017-NYH1,Stage-MK,204,2.4270474757126506,1.9613047393441994,-1.298653967823594,0.08483862676117562
CV-GE-B7,2017-NYH1,Thermal,204,2.633075993828212,2.177573999519358,-1.7054769773902398,0.1493171863735074
CV-GE-B7,2017-NYH1,Thermal+water-MK,204,2.029533719733446,1.6084940908956293,-0.6073468301617055,0.12408085283677255
CV-GE-B7,2017-NYH1,Vegetative,204,2.3091901708132303,1.8308278719997433,-1.0808293069107862,0.08864476363400421
CV-GE-B7,2017-NYH1,Water-soil,204,2.733965211104293,2.2795779154516884,-1.9167756348736407,0.09901662897845112
CV-GE-B7,2017-NYH2,All-nonleaky,197,1.7433551600338355,1.425548865260462,-0.34451674508275376,0.10312092609003448
CV-GE-B7,2017-NYH2,B6R-all-EC-reference,197,1.814018420592305,1.4903667063474084,-0.45572003109343107,0.10200924764439234
CV-GE-B7,2017-NYH2,Canopy-growth,197,1.7728566876634402,1.4571957013099939,-0.3904063174099761,0.16365396900953277
CV-GE-B7,2017-NYH2,Grain-fill-maturity,197,2.021525138163375,1.6977723962649272,-0.8078099190012504,0.14820555308906677
CV-GE-B7,2017-NYH2,Process-MK,197,2.106017999972777,1.783198270846883,-0.9620886696903939,0.11925181511797966
CV-GE-B7,2017-NYH2,Reproductive-transition,197,2.3315598414958814,2.004781315315022,-1.4048478540803204,0.10412854179222587
CV-GE-B7,2017-NYH2,Stage-MK,197,1.722784316102808,1.4084498568071857,-0.3129744989577472,0.11615374718227627
CV-GE-B7,2017-NYH2,Thermal,197,1.757922285407538,1.4543306655870158,-0.3670796418624478,0.11808613333732275
CV-GE-B7,2017-NYH2,Thermal+water-MK,197,1.799608923839651,1.4912944923580265,-0.4326851141976995,0.1260128517338515
CV-GE-B7,2017-NYH2,Vegetative,197,1.9466792399167587,1.6092157691108198,-0.6764216747492142,0.07019426162703898
CV-GE-B7,2017-NYH2,Water-soil,197,1.6705633308624495,1.3691803800237818,-0.2345831949362811,0.12427485589134138
CV-GE-B7,2017-NYH3,All-nonleaky,132,2.3612873308581075,1.8628407413573294,-1.008938325146738,0.06614785858452484
CV-GE-B7,2017-NYH3,B6R-all-EC-reference,132,2.3150843456724233,1.8141544166982015,-0.931090230449972,0.06081139381346582
CV-GE-B7,2017-NYH3,Canopy-growth,132,1.7683876403462235,1.3990888213726622,-0.126740413705704,0.03262875340838233
CV-GE-B7,2017-NYH3,Grain-fill-maturity,132,1.9899358149413386,1.49836745790544,-0.42674732554942696,-0.07365409798969472
CV-GE-B7,2017-NYH3,Process-MK,132,1.7664010104847647,1.3119021104102857,-0.12421024580822304,0.08074532607121628
CV-GE-B7,2017-NYH3,Reproductive-transition,132,1.9241322929295361,1.5699919570974639,-0.3339476521930431,0.13041347383117266
CV-GE-B7,2017-NYH3,Stage-MK,132,2.5552780183315322,2.081201495926828,-1.3525845902695028,0.1242872892050963
CV-GE-B7,2017-NYH3,Thermal,132,1.7640567325287682,1.3599347017677075,-0.12122823611037425,0.01017513064340818
CV-GE-B7,2017-NYH3,Thermal+water-MK,132,1.767840082213208,1.3149408173033743,-0.1260427608301875,0.027738527827199735
CV-GE-B7,2017-NYH3,Vegetative,132,2.2709383669317855,1.781055422460475,-0.8581451040553933,0.11843357255621058
CV-GE-B7,2017-NYH3,Water-soil,132,2.31037842803323,1.813373782787346,-0.9232474791717324,0.079087141570115
CV-GE-B7,2017-TXH1-Dry,All-nonleaky,133,4.119252698712961,3.8551259907008126,-6.653240124528954,0.2077863989339232
CV-GE-B7,2017-TXH1-Dry,B6R-all-EC-reference,133,4.240948482354414,3.982911643705439,-7.112121815548429,0.20704563624628514
CV-GE-B7,2017-TXH1-Dry,Canopy-growth,133,3.75026879695456,3.4530279488168816,-5.34356308171958,0.019322365705050266
CV-GE-B7,2017-TXH1-Dry,Grain-fill-maturity,133,5.192523141348198,4.96029350573455,-11.160889755519829,0.13326960701092574
CV-GE-B7,2017-TXH1-Dry,Process-MK,133,2.6251265392693286,2.3026181474334027,-2.1081999931327076,0.23840517680100368
CV-GE-B7,2017-TXH1-Dry,Reproductive-transition,133,5.080208179710896,4.851527111284298,-10.640496076744236,0.13803565731950543
CV-GE-B7,2017-TXH1-Dry,Stage-MK,133,4.0482343495983235,3.783712667305578,-6.3916221994254565,0.23343344758277004
CV-GE-B7,2017-TXH1-Dry,Thermal,133,1.8025772685337293,1.5007810855400832,-0.4655351868610398,0.13947790343607414
CV-GE-B7,2017-TXH1-Dry,Thermal+water-MK,133,2.3437644779655,2.0124014027206543,-1.4776297411484802,0.1433954735044417
CV-GE-B7,2017-TXH1-Dry,Vegetative,133,3.364040842278311,3.066427583365304,-4.104238860840339,0.22229038803136725
CV-GE-B7,2017-TXH1-Dry,Water-soil,133,4.216547289336806,3.9492751679365807,-7.019040755713652,0.15395230050728015
CV-GE-B7,2017-TXH1-Early,All-nonleaky,178,4.518882940476866,4.299069860457346,-9.36354456771248,0.19871933167414474
CV-GE-B7,2017-TXH1-Early,B6R-all-EC-reference,178,4.6401494803624095,4.4264185272377965,-9.92722988049021,0.199027812991175
CV-GE-B7,2017-TXH1-Early,Canopy-growth,178,4.144679795555555,3.8947447178339925,-7.718225637211301,0.09791936001904655
CV-GE-B7,2017-TXH1-Early,Grain-fill-maturity,178,5.595932342908293,5.409695585571289,-14.892457069525252,0.15432922487036327
CV-GE-B7,2017-TXH1-Early,Process-MK,178,2.9793827017903802,2.6777580116143387,-3.505040718794759,0.23456642373110373
CV-GE-B7,2017-TXH1-Early,Reproductive-transition,178,5.524416094954868,5.3437649083073655,-14.48884025206722,0.18772251578110577
CV-GE-B7,2017-TXH1-Early,Stage-MK,178,4.482991517711018,4.268338262814126,-9.199572541542883,0.24896188347329523
CV-GE-B7,2017-TXH1-Early,Thermal,178,1.9923957806543509,1.6770460482874496,-1.0146395873635483,0.16988048429327313
CV-GE-B7,2017-TXH1-Early,Thermal+water-MK,178,2.6581637165203724,2.3253847526093216,-2.5859942442424173,0.14438460307140255
CV-GE-B7,2017-TXH1-Early,Vegetative,178,3.8053679746148537,3.562852739109374,-6.349189648262011,0.28600301673379397
CV-GE-B7,2017-TXH1-Early,Water-soil,178,4.6506318392031645,4.43420342961755,-9.976656100457241,0.18447798047225267
CV-GE-B7,2017-TXH1-Late,All-nonleaky,133,1.525961984044018,1.3451069093334227,-1.3588167995474367,-0.02219627668643921
CV-GE-B7,2017-TXH1-Late,B6R-all-EC-reference,133,1.4900142101260105,1.309549573932986,-1.2489904130949134,-0.021093397653139168
CV-GE-B7,2017-TXH1-Late,Canopy-growth,133,2.3967669334740966,2.1696421660734475,-4.819134461170074,-0.001257909885999109
CV-GE-B7,2017-TXH1-Late,Grain-fill-maturity,133,1.9296742680108012,1.6845346184743781,-2.7720270184817917,-0.031090283054411017
CV-GE-B7,2017-TXH1-Late,Process-MK,133,1.1708498244305252,0.955498453780233,-0.3887023612309404,0.01913179132430392
CV-GE-B7,2017-TXH1-Late,Reproductive-transition,133,2.333062016821612,2.0928496140145896,-4.5139058991514975,0.0535291560880978
CV-GE-B7,2017-TXH1-Late,Stage-MK,133,2.0572177267291556,1.8283341654520366,-3.2871363819146495,0.04143728977644775
CV-GE-B7,2017-TXH1-Late,Thermal,133,1.9675572166279958,1.7265478229064484,-2.921584024008261,9.937563098791067e-05
CV-GE-B7,2017-TXH1-Late,Thermal+water-MK,133,1.7314892942870075,1.5269368044683702,-2.0370112800531803,-0.023695351552519815
CV-GE-B7,2017-TXH1-Late,Vegetative,133,1.2760893732664245,1.0864335839879544,-0.649563231744805,0.061422774558255615
CV-GE-B7,2017-TXH1-Late,Water-soil,133,1.657491838397752,1.4653971473345078,-1.7829767673597026,-0.04668200953676114
CV-GE-B7,2017-TXH2,All-nonleaky,131,2.026969539728124,1.5912668965687413,-0.16443812557133852,0.10475976090391306
CV-GE-B7,2017-TXH2,B6R-all-EC-reference,131,2.0136092549762874,1.5809615137455253,-0.14913848365108473,0.11738171699062774
CV-GE-B7,2017-TXH2,Canopy-growth,131,1.9762701802818123,1.5631138141471528,-0.10691585227469558,0.03423186177423587
CV-GE-B7,2017-TXH2,Grain-fill-maturity,131,1.908291323930373,1.5309664459590022,-0.03207515455438892,0.09298227788394772
CV-GE-B7,2017-TXH2,Process-MK,131,1.8616543161885022,1.5124574629989929,0.01775448409734104,0.15263235011570675
CV-GE-B7,2017-TXH2,Reproductive-transition,131,2.000282129152546,1.5580249537222948,-0.13397761497029226,0.23392280757403952
CV-GE-B7,2017-TXH2,Stage-MK,131,1.961954517054916,1.5445498790454548,-0.09093742846052155,0.16122802055490548
CV-GE-B7,2017-TXH2,Thermal,131,1.9534531689629822,1.530578172821127,-0.08150362639941555,0.10002889166876061
CV-GE-B7,2017-TXH2,Thermal+water-MK,131,2.1526220667136657,1.694214814724278,-0.3132806568284703,0.11973883131472918
CV-GE-B7,2017-TXH2,Vegetative,131,1.84896833813822,1.5209248887056028,0.031095617261525654,0.22630718911984363
CV-GE-B7,2017-TXH2,Water-soil,131,2.337238343511101,1.8740537803221147,-0.5482032569247093,0.10978699034368108
CV-GE-B7,2017-WIH1,All-nonleaky,274,3.6912274621654877,3.288734289577118,-1.9790690055023212,0.2836377457095422
CV-GE-B7,2017-WIH1,B6R-all-EC-reference,274,3.6651775135305558,3.262169258163504,-1.9371692539969687,0.2802533143673358
CV-GE-B7,2017-WIH1,Canopy-growth,274,3.1035370956493176,2.6904112468777375,-1.105973141083541,0.2102674226307868
CV-GE-B7,2017-WIH1,Grain-fill-maturity,274,3.8973547858013373,3.4826437602082945,-2.3210761326449942,0.2051057757795724
CV-GE-B7,2017-WIH1,Process-MK,274,3.9150611329386926,3.508843370273865,-2.3513211109441245,0.24886624147806846
CV-GE-B7,2017-WIH1,Reproductive-transition,274,3.871058308109623,3.4621083659452454,-2.2764109783578013,0.2341513433869681
CV-GE-B7,2017-WIH1,Stage-MK,274,3.3808606655819458,2.9765655508787825,-1.4991567239670283,0.28565557662534846
CV-GE-B7,2017-WIH1,Thermal,274,3.3759017198498382,2.953785780567487,-1.4918307233892976,0.20668218812532801
CV-GE-B7,2017-WIH1,Thermal+water-MK,274,3.7116732038200837,3.304488638245657,-2.0121625844766418,0.2610514340426236
CV-GE-B7,2017-WIH1,Vegetative,274,2.8509503848537254,2.4532250574961156,-0.7771261817393336,0.24629793536378056
CV-GE-B7,2017-WIH1,Water-soil,274,4.499925186692514,4.1034484662144735,-3.427407878250696,0.2848351327346759
CV-GE-B7,2017-WIH2,All-nonleaky,278,1.6146722001242941,1.2525030118828453,0.07335260774823393,0.30182227054242683
CV-GE-B7,2017-WIH2,B6R-all-EC-reference,278,1.6175698763985613,1.257828151624709,0.07002371719964551,0.2983667817484928
CV-GE-B7,2017-WIH2,Canopy-growth,278,2.174344794884931,1.8254971112257756,-0.680361017864803,0.30212174559738997
CV-GE-B7,2017-WIH2,Grain-fill-maturity,278,1.7807306238214022,1.3735081904653261,-0.12704751737403397,0.17336482112939813
CV-GE-B7,2017-WIH2,Process-MK,278,1.7830932574283118,1.4559281140567208,-0.13004018429118291,0.325675405308774
CV-GE-B7,2017-WIH2,Reproductive-transition,278,2.057285909950351,1.7245716044833121,-0.5043021461514938,0.35886870250628794
CV-GE-B7,2017-WIH2,Stage-MK,278,1.611063020278877,1.2386472685211112,0.07749053652650673,0.3467388676488202
CV-GE-B7,2017-WIH2,Thermal,278,1.8336030611505323,1.4824716734758194,-0.19496840426387063,0.28122960479198966
CV-GE-B7,2017-WIH2,Thermal+water-MK,278,1.6353341715179912,1.2827928763493035,0.04948539303582977,0.2893171004140362
CV-GE-B7,2017-WIH2,Vegetative,278,1.6584192179492567,1.3363020376413084,0.022460274742313935,0.35455350494700805
CV-GE-B7,2017-WIH2,Water-soil,278,1.6720372071828553,1.337380567641818,0.0063403684049220255,0.313109723536698
CV-GE-B7,2018-ARH2,All-nonleaky,429,3.7599864077199237,3.6798360758643613,-32.43187430327188,-0.15815964972979643
CV-GE-B7,2018-ARH2,B6R-all-EC-reference,429,3.782857115115142,3.703140657228635,-32.8398204837785,-0.15632631549086093
CV-GE-B7,2018-ARH2,Canopy-growth,429,2.852040725724933,2.7429850121442843,-18.23532908715225,-0.17032287144709307
CV-GE-B7,2018-ARH2,Grain-fill-maturity,429,3.9297422883431072,3.8460546412027807,-35.51878468122593,-0.16028166064633156
CV-GE-B7,2018-ARH2,Process-MK,429,3.0985058669656143,2.992260862115744,-21.703500379039138,-0.15431356976844834
CV-GE-B7,2018-ARH2,Reproductive-transition,429,3.2410618478765176,3.1430794636601895,-23.84064180738562,-0.17181892284894965
CV-GE-B7,2018-ARH2,Stage-MK,429,3.4827584312894055,3.393646987687625,-27.683680732680266,-0.15130364032522617
CV-GE-B7,2018-ARH2,Thermal,429,3.568950045501126,3.4710348396783672,-29.120981110062807,-0.14420317803250254
CV-GE-B7,2018-ARH2,Thermal+water-MK,429,3.5554683463257613,3.4580111186458797,-28.893847071097028,-0.1381723095775
CV-GE-B7,2018-ARH2,Vegetative,429,4.348353303938358,4.274425726078497,-43.71341309012304,-0.1652705932983369
CV-GE-B7,2018-ARH2,Water-soil,429,3.895128537737547,3.817173219191056,-34.87829223454938,-0.14539208310763327
CV-GE-B7,2018-DEH1,All-nonleaky,595,2.532577489418781,1.8902706999021668,-0.5857498010974851,0.03632785660002437
CV-GE-B7,2018-DEH1,B6R-all-EC-reference,595,2.5622713383609628,1.9139561494935082,-0.6231528476728563,-0.004011296746550452
CV-GE-B7,2018-DEH1,Canopy-growth,595,2.101602474493106,1.6127992070465045,-0.09196903469167972,-0.15357290737882148
CV-GE-B7,2018-DEH1,Grain-fill-maturity,595,3.7070875159427827,3.1687874709695416,-2.397620423434393,0.12959093815976183
CV-GE-B7,2018-DEH1,Process-MK,595,2.896544597846053,2.2397836011464323,-1.074290700044255,-0.010169279515512315
CV-GE-B7,2018-DEH1,Reproductive-transition,595,3.2948698831452714,2.6667917300259383,-1.6840198177745664,-0.04253505314316402
CV-GE-B7,2018-DEH1,Stage-MK,595,2.8042574016624817,2.151609595208779,-0.9442178698699122,0.023731063272726095
CV-GE-B7,2018-DEH1,Thermal,595,4.3386579000183785,3.829041730720621,-3.6539316016407914,-0.039160234509110554
CV-GE-B7,2018-DEH1,Thermal+water-MK,595,3.349354849673876,2.716431745697144,-1.7735212907508058,-0.07195534784127261
CV-GE-B7,2018-DEH1,Vegetative,595,3.622284674484104,3.033271286513237,-2.243951389461281,-0.03328392450842188
CV-GE-B7,2018-DEH1,Water-soil,595,3.3382164588185153,2.7270218509445123,-1.7551050891586337,0.0006144037321040301
CV-GE-B7,2018-IAH2,All-nonleaky,434,1.7998028792239027,1.4789925132525323,-0.09321200103140437,0.23412679706277642
CV-GE-B7,2018-IAH2,B6R-all-EC-reference,434,1.7469676262081744,1.4233943514654626,-0.02996915787593868,0.23241967498501126
CV-GE-B7,2018-IAH2,Canopy-growth,434,3.6973919744138932,3.3198711378091414,-3.6136590245650284,0.26161122829047523
CV-GE-B7,2018-IAH2,Grain-fill-maturity,434,1.9538192511459183,1.6197176791914556,-0.28831859429853113,0.22090072152333023
CV-GE-B7,2018-IAH2,Process-MK,434,2.1396104201501407,1.6723740613287998,-0.544983745808785,0.20230385173695886
CV-GE-B7,2018-IAH2,Reproductive-transition,434,2.706645191687246,2.339946322290967,-1.4723910551474075,0.25354167768760766
CV-GE-B7,2018-IAH2,Stage-MK,434,2.0166290583011817,1.6804240185394426,-0.37248165340012296,0.235463757344848
CV-GE-B7,2018-IAH2,Thermal,434,1.983484291397287,1.6467599091902911,-0.327736935617728,0.22690028354105574
CV-GE-B7,2018-IAH2,Thermal+water-MK,434,1.7336219716108885,1.4042399203292357,-0.014292726537562306,0.21298998430808827
CV-GE-B7,2018-IAH2,Vegetative,434,1.6977065048283504,1.3663238458691012,0.027298173223620936,0.2372001189561217
CV-GE-B7,2018-IAH2,Water-soil,434,1.9917167360957775,1.656567139504569,-0.33878134316734165,0.23101884993348876
CV-GE-B7,2018-IAH4,All-nonleaky,804,1.7036855865588432,1.3983817844658943,-0.7490413398821654,0.06853322099894095
CV-GE-B7,2018-IAH4,B6R-all-EC-reference,804,1.6241952200879501,1.3196602705709675,-0.589635789851868,0.06574589199449717
CV-GE-B7,2018-IAH4,Canopy-growth,804,1.9626358152073025,1.6191166304099758,-1.321136151112949,0.09348998405471864
CV-GE-B7,2018-IAH4,Grain-fill-maturity,804,1.7701838820717173,1.444100615520111,-0.8882432470067285,0.01713619359495134
CV-GE-B7,2018-IAH4,Process-MK,804,1.5778708319828074,1.264691945736628,-0.5002515082926828,0.07035405426592123
CV-GE-B7,2018-IAH4,Reproductive-transition,804,2.4902861294039247,2.2075564285507983,-2.736970549604832,0.08069270774756292
CV-GE-B7,2018-IAH4,Stage-MK,804,2.0154070662849457,1.7116451336090184,-1.4476354232689963,0.07934427993137681
CV-GE-B7,2018-IAH4,Thermal,804,2.990606404923096,2.727964920226916,-4.389391017923959,0.06473342545739572
CV-GE-B7,2018-IAH4,Thermal+water-MK,804,2.555777493131506,2.26717137044766,-2.936110287795363,0.06142699031643884
CV-GE-B7,2018-IAH4,Vegetative,804,1.9985875363963952,1.6907819327047717,-1.4069525317000897,0.07330960963028765
CV-GE-B7,2018-IAH4,Water-soil,804,1.9831258613233511,1.6769799081280399,-1.3698547693465106,0.0738827904927166
CV-GE-B7,2018-ILH1,All-nonleaky,394,2.0294996392422306,1.672728780109675,-0.6693609149458501,0.11237210113978209
CV-GE-B7,2018-ILH1,B6R-all-EC-reference,394,1.9791197672794816,1.6227160311936533,-0.5875098812960773,0.11170160948927653
CV-GE-B7,2018-ILH1,Canopy-growth,394,2.5806707782493516,2.24367048443019,-1.69921508602645,0.1421337157145635
CV-GE-B7,2018-ILH1,Grain-fill-maturity,394,1.6863982275256846,1.329578048599868,-0.15263700490084253,0.08341461956520313
CV-GE-B7,2018-ILH1,Process-MK,394,2.3795709929072637,2.0132952398149775,-1.2949309161270115,0.05639250884276868
CV-GE-B7,2018-ILH1,Reproductive-transition,394,2.510027000783188,2.1542863707150324,-1.5534600688819022,0.05906764903984934
CV-GE-B7,2018-ILH1,Stage-MK,394,2.0956048911017318,1.7329622846727504,-0.7798815079415389,0.08166498561047934
CV-GE-B7,2018-ILH1,Thermal,394,2.6517048420678058,2.2970551887879913,-1.8498542368148954,0.04050477168246966
CV-GE-B7,2018-ILH1,Thermal+water-MK,394,2.2644428026376215,1.8849378106349988,-1.0782366282861662,0.021795749705528503
CV-GE-B7,2018-ILH1,Vegetative,394,2.4488436497162804,2.0999232029038275,-1.4304931406638701,0.11299044314779505
CV-GE-B7,2018-ILH1,Water-soil,394,2.147616613573429,1.7866713583134322,-0.8693292174607303,0.08133133539710835
CV-GE-B7,2018-INH1,All-nonleaky,407,1.8755114736698792,1.53444902187497,-0.9685649725352619,0.022721234175008886
CV-GE-B7,2018-INH1,B6R-all-EC-reference,407,1.8709777705870052,1.5297434319805923,-0.9590591901678358,0.02269434755530876
CV-GE-B7,2018-INH1,Canopy-growth,407,2.6676861365041993,2.3534325923289154,-2.9827199200916383,-0.001268213420067892
CV-GE-B7,2018-INH1,Grain-fill-maturity,407,1.757463797992988,1.4151790784804135,-0.7285545040055543,-0.003898479845310191
CV-GE-B7,2018-INH1,Process-MK,407,1.9665140608945402,1.6136526504402329,-1.1642349923883435,0.014233351250913722
CV-GE-B7,2018-INH1,Reproductive-transition,407,2.5275292075939357,2.199655113623917,-2.5752191542190754,0.013248603423476155
CV-GE-B7,2018-INH1,Stage-MK,407,2.2175034414524633,1.8782240110133215,-1.7519396626292627,0.021793067926564796
CV-GE-B7,2018-INH1,Thermal,407,1.3902122410503215,1.1125877466754586,-0.08161454554418035,0.011329611417747496
CV-GE-B7,2018-INH1,Thermal+water-MK,407,1.6748118536268948,1.329383112442894,-0.5697928785396822,0.006179646001974272
CV-GE-B7,2018-INH1,Vegetative,407,1.9984645832993821,1.6579839162930876,-1.2351321980938916,0.035137297216429116
CV-GE-B7,2018-INH1,Water-soil,407,2.105404083671799,1.7635206272541017,-1.4807398579717734,0.011191472088709657
CV-GE-B7,2018-MIH1,All-nonleaky,375,1.722092030354587,1.3866630635961155,-0.7617378424823174,-0.10352336161222567
CV-GE-B7,2018-MIH1,B6R-all-EC-reference,375,1.6149850947560989,1.2778708789294813,-0.549407330255455,-0.1000706094184541
CV-GE-B7,2018-MIH1,Canopy-growth,375,1.366268516170266,1.0610666649188911,-0.10892121171893399,-0.11294961729783837
CV-GE-B7,2018-MIH1,Grain-fill-maturity,375,2.22357776778734,1.893535276466515,-1.9371979450791765,-0.04145302556081753
CV-GE-B7,2018-MIH1,Process-MK,375,1.5909279210303504,1.2317121201735894,-0.5035905138805024,-0.16213726336826717
CV-GE-B7,2018-MIH1,Reproductive-transition,375,1.3834337595998007,1.0748256813204211,-0.13696032074294684,-0.12610328674212198
CV-GE-B7,2018-MIH1,Stage-MK,375,1.5071687008064805,1.1659585453694878,-0.34943603298653425,-0.13617042545037342
CV-GE-B7,2018-MIH1,Thermal,375,1.6920309159700146,1.3514943033630318,-0.7007683188193881,-0.12913990608360537
CV-GE-B7,2018-MIH1,Thermal+water-MK,375,1.7189734736234512,1.3740561575289931,-0.7553629163298503,-0.14349359393913697
CV-GE-B7,2018-MIH1,Vegetative,375,1.4161269343751535,1.0973395746062717,-0.19133235138247429,-0.11281324530389164
CV-GE-B7,2018-MIH1,Water-soil,375,2.5467932049420474,2.2358190625538956,-2.853150162011162,-0.12838879986859764
CV-GE-B7,2018-MNH1,All-nonleaky,916,1.8718888339042283,1.4772408592007105,-0.22043166734844344,-0.08531479724952887
CV-GE-B7,2018-MNH1,B6R-all-EC-reference,916,1.896218690666549,1.4980842524569584,-0.25236293792551256,-0.11430701569218453
CV-GE-B7,2018-MNH1,Canopy-growth,916,2.051931489791286,1.5940670778342314,-0.4664898906518937,-0.1418369781096903
CV-GE-B7,2018-MNH1,Grain-fill-maturity,916,2.8470665666905415,2.3712760914132445,-1.8232452331879574,-0.01569797978195728
CV-GE-B7,2018-MNH1,Process-MK,916,2.106954115685423,1.7017147834820607,-0.5461923363870909,-0.12364604170227661
CV-GE-B7,2018-MNH1,Reproductive-transition,916,2.770455282813223,2.261181893324604,-1.6733489475176868,-0.10461292796004913
CV-GE-B7,2018-MNH1,Stage-MK,916,2.0955856470476495,1.628755749420964,-0.529551806174023,-0.0950026951593694
CV-GE-B7,2018-MNH1,Thermal,916,2.176168089166807,1.6921262497388798,-0.6494465084479539,-0.1188314032426533
CV-GE-B7,2018-MNH1,Thermal+water-MK,916,1.9852835833286895,1.561742060224718,-0.3727721610867367,-0.15506772202872057
CV-GE-B7,2018-MNH1,Vegetative,916,2.185503623246103,1.7872427603236032,-0.6636287704438766,-0.12073746599011785
CV-GE-B7,2018-MNH1,Water-soil,916,2.2500094127002286,1.7564488607181001,-0.7632830411897535,-0.08866277938788882
CV-GE-B7,2018-MOH1,All-nonleaky,790,2.3897025174387947,2.075310489073486,-2.479430544615562,0.10831728146391172
CV-GE-B7,2018-MOH1,B6R-all-EC-reference,790,2.0988622894549462,1.7745997489933985,-1.68403626017257,0.11250930462073347
CV-GE-B7,2018-MOH1,Canopy-growth,790,1.3271543210971501,1.0561139095849734,-0.07315719178545832,0.12968044266210846
CV-GE-B7,2018-MOH1,Grain-fill-maturity,790,2.095317037758919,1.770119390915362,-1.6749765447057063,0.09576863374020743
CV-GE-B7,2018-MOH1,Process-MK,790,1.5389744415188795,1.2417869863480282,-0.4430563964658065,0.11240909655174655
CV-GE-B7,2018-MOH1,Reproductive-transition,790,1.745164807533696,1.4256932598340586,-0.8556385345888531,0.12580050567768727
CV-GE-B7,2018-MOH1,Stage-MK,790,2.273651096192102,1.9565402121321198,-2.149692315306321,0.11434022288672371
CV-GE-B7,2018-MOH1,Thermal,790,1.4424535447833489,1.155681361159977,-0.2677223881202657,0.1111111949095577
CV-GE-B7,2018-MOH1,Thermal+water-MK,790,1.365326190572986,1.0809300690399135,-0.13577768561366987,0.11420276047283878
CV-GE-B7,2018-MOH1,Vegetative,790,2.698110498459707,2.4025939693206344,-3.4354731346212954,0.11717124461911031
CV-GE-B7,2018-MOH1,Water-soil,790,2.320666419693562,2.0037159701061853,-2.2812999016899016,0.11502392868478507
CV-GE-B7,2018-NCH1,All-nonleaky,639,3.218683941335806,2.663226688572666,-1.2367328535944515,-0.2579633282089493
CV-GE-B7,2018-NCH1,B6R-all-EC-reference,639,3.2033404855487775,2.6493545296825274,-1.2154586853406664,-0.26094457532983556
CV-GE-B7,2018-NCH1,Canopy-growth,639,3.2053326022753166,2.6566301626532125,-1.2182150733418053,-0.1433689915375719
CV-GE-B7,2018-NCH1,Grain-fill-maturity,639,3.0214782524523467,2.4926057771657106,-0.9710443471855852,-0.020180210662412018
CV-GE-B7,2018-NCH1,Process-MK,639,3.2257386869388545,2.6773295223620623,-1.2465485885213958,-0.05045339079052956
CV-GE-B7,2018-NCH1,Reproductive-transition,639,3.3516374664836692,2.781034257244848,-1.4253338235984336,-0.30224649786412766
CV-GE-B7,2018-NCH1,Stage-MK,639,3.606217786902101,3.036409974694293,-1.8077688564306063,-0.11759353228229139
CV-GE-B7,2018-NCH1,Thermal,639,3.6157377831300184,3.034214142478696,-1.8226127912589596,-0.14959869504638318
CV-GE-B7,2018-NCH1,Thermal+water-MK,639,3.5390418240660284,2.976327629187636,-1.7041379342044838,0.0033433767727381104
CV-GE-B7,2018-NCH1,Vegetative,639,2.6734272166385877,2.1861409292065455,-0.5431003878572418,-0.16521209589438968
CV-GE-B7,2018-NCH1,Water-soil,639,3.047555889764073,2.5087896217402967,-1.0052143702446785,-0.267687936131548
CV-GE-B7,2018-NYH1,All-nonleaky,373,2.2642834786245714,1.7617207908909256,-0.5791395726171569,0.21287092320695405
CV-GE-B7,2018-NYH1,B6R-all-EC-reference,373,2.261398558785331,1.7589681365366152,-0.5751181778353534,0.21163337533555354
CV-GE-B7,2018-NYH1,Canopy-growth,373,2.5935776193768074,2.0927554124149763,-1.0718457614482384,0.24256242257512617
CV-GE-B7,2018-NYH1,Grain-fill-maturity,373,2.748277823861498,2.2532148457935817,-1.3263774980236551,0.24057561645074324
CV-GE-B7,2018-NYH1,Process-MK,373,2.885213595404093,2.406136875372527,-1.5639813470806212,0.234316893131307
CV-GE-B7,2018-NYH1,Reproductive-transition,373,1.9174476974939112,1.4794075429525395,-0.13241594124948253,0.22341113220512976
CV-GE-B7,2018-NYH1,Stage-MK,373,2.930431451259061,2.4480653250012767,-1.6449779451251119,0.2157264507034677
CV-GE-B7,2018-NYH1,Thermal,373,2.8127320000260836,2.3245226802163295,-1.4367761182283836,0.21372169855681228
CV-GE-B7,2018-NYH1,Thermal+water-MK,373,2.820099235500776,2.337065300354364,-1.4495578650897634,0.22421863634674288
CV-GE-B7,2018-NYH1,Vegetative,373,2.8262640660941223,2.329930678254008,-1.4602792005943979,0.16533445070484165
CV-GE-B7,2018-NYH1,Water-soil,373,2.4191962295321754,1.9071394115065399,-0.8026072578896484,0.22641203495885306
CV-GE-B7,2018-NYH2,All-nonleaky,395,2.364732178447867,1.9252775250743137,-0.5467950630137031,0.06161934065614345
CV-GE-B7,2018-NYH2,B6R-all-EC-reference,395,2.3435211233903597,1.9055805967111992,-0.5191707843816173,0.06207652004923856
CV-GE-B7,2018-NYH2,Canopy-growth,395,1.9027055521732832,1.5098957112402858,-0.0014102351790930001,0.09699182016158367
CV-GE-B7,2018-NYH2,Grain-fill-maturity,395,2.3333064604484686,1.8947331134848961,-0.5059564815580129,0.07429029955376859
CV-GE-B7,2018-NYH2,Process-MK,395,2.4620450348038463,2.014814007525609,-0.6767211410715754,0.07170154112299545
CV-GE-B7,2018-NYH2,Reproductive-transition,395,1.9127923242195513,1.5115556449049603,-0.012055887475641569,0.07443763668126109
CV-GE-B7,2018-NYH2,Stage-MK,395,2.7982763351772153,2.335697688474873,-1.1659581165149544,0.06879646426992682
CV-GE-B7,2018-NYH2,Thermal,395,2.6710474774461055,2.2088547498079945,-0.9734770042136567,0.06331934818502406
CV-GE-B7,2018-NYH2,Thermal+water-MK,395,3.461538274468986,3.005241947295509,-2.3144168712133655,0.058534658408510506
CV-GE-B7,2018-NYH2,Vegetative,395,2.83620749005086,2.3746096151269325,-1.225076024493092,0.07186682344384254
CV-GE-B7,2018-NYH2,Water-soil,395,2.514985774949795,2.065637962094933,-0.7496046365086655,0.052895554585260685
CV-GE-B7,2018-NYH3,All-nonleaky,416,2.4215625287551417,2.0140395455446165,-1.2673046878891547,0.17923078379811846
CV-GE-B7,2018-NYH3,B6R-all-EC-reference,416,2.2469819583930697,1.8364129103238096,-0.9521702103259617,0.17856604539737125
CV-GE-B7,2018-NYH3,Canopy-growth,416,1.5835279599094685,1.2377546401428257,0.030450509446560026,0.17795880607802073
CV-GE-B7,2018-NYH3,Grain-fill-maturity,416,2.1993713160507182,1.7903059835309607,-0.8703187340225771,0.1830572173729329
CV-GE-B7,2018-NYH3,Process-MK,416,2.0176306904630725,1.6146559827232718,-0.5739896102631252,0.17618210934872752
CV-GE-B7,2018-NYH3,Reproductive-transition,416,2.285579975752031,1.8743381008811135,-1.0198138947452047,0.16248860872879456
CV-GE-B7,2018-NYH3,Stage-MK,416,2.4418014665685903,2.034363844297474,-1.305362428498857,0.17745472162598452
CV-GE-B7,2018-NYH3,Thermal,416,2.0357511115439366,1.6323485072904211,-0.6023886927682864,0.18203868305929627
CV-GE-B7,2018-NYH3,Thermal+water-MK,416,2.56471590943906,2.163536861979682,-1.5432967843618974,0.1807972043411354
CV-GE-B7,2018-NYH3,Vegetative,416,2.4520400153669546,2.043106922564029,-1.3247358716597146,0.16706737736944627
CV-GE-B7,2018-NYH3,Water-soil,416,2.9005581697600666,2.51799411874179,-2.2529820703930277,0.17792467439914803
CV-GE-B7,2018-OHH1,All-nonleaky,380,1.830172629045825,1.5242603859756951,-0.6892802602539874,-0.02525219224383985
CV-GE-B7,2018-OHH1,B6R-all-EC-reference,380,1.8031445401078066,1.498467156639597,-0.6397539190160599,-0.023555750327039236
CV-GE-B7,2018-OHH1,Canopy-growth,380,1.5883155497233996,1.2924099580935189,-0.2723048144862328,-0.010971606885545883
CV-GE-B7,2018-OHH1,Grain-fill-maturity,380,2.138869702381998,1.8265649386438312,-1.3072053625369588,0.010437468432770367
CV-GE-B7,2018-OHH1,Process-MK,380,1.5369428059727603,1.1879934029197934,-0.19133255063313093,-0.0753933405560047
CV-GE-B7,2018-OHH1,Reproductive-transition,380,1.905104666775831,1.6016211733412893,-0.8304390695672319,-0.006940349005515706
CV-GE-B7,2018-OHH1,Stage-MK,380,1.825656851429595,1.5111037185258083,-0.6809542666603945,-0.040836233010693966
CV-GE-B7,2018-OHH1,Thermal,380,2.1216391780800046,1.8034137843122302,-1.2701818548195218,-0.019849174637110133
CV-GE-B7,2018-OHH1,Thermal+water-MK,380,2.207070665508699,1.8766246167299774,-1.4566883834237028,-0.04964987477093541
CV-GE-B7,2018-OHH1,Vegetative,380,1.9542299791739062,1.6414211620112047,-0.9260561235227269,-0.01922354897104144
CV-GE-B7,2018-OHH1,Water-soil,380,2.074505046223307,1.7559764528442865,-1.1704340115150025,-0.04320298555245054
CV-GE-B7,2018-SCH1,All-nonleaky,378,2.9703816077732568,2.6738404167118346,-3.8870714971854845,-0.002616527225529239
CV-GE-B7,2018-SCH1,B6R-all-EC-reference,378,2.929391897433237,2.6311886543758383,-3.753124066679349,0.0007656371152891011
CV-GE-B7,2018-SCH1,Canopy-growth,378,2.5489169658255957,2.2319143955611347,-2.59861656296675,0.031478406746951085
CV-GE-B7,2018-SCH1,Grain-fill-maturity,378,2.7129790907432985,2.4030710457789883,-3.076778272430759,0.04041482272137639
CV-GE-B7,2018-SCH1,Process-MK,378,3.1385299064224155,2.849790504457106,-4.456029892984388,0.05133874583168862
CV-GE-B7,2018-SCH1,Reproductive-transition,378,2.8555830156371735,2.5469412200330193,-3.5166223463091235,-0.010580925139480068
CV-GE-B7,2018-SCH1,Stage-MK,378,3.006075852250247,2.7123997437616953,-4.005230338877452,0.029489368118712406
CV-GE-B7,2018-SCH1,Thermal,378,3.4554960374807195,3.177892610653498,-5.613707702621058,0.06110539843933606
CV-GE-B7,2018-SCH1,Thermal+water-MK,378,3.752617417031983,3.493699721719042,-6.799967234434775,0.06836911919646184
CV-GE-B7,2018-SCH1,Vegetative,378,3.6234101125796716,3.3536112233159354,-6.272088953533864,0.01421138394209604
CV-GE-B7,2018-SCH1,Water-soil,378,3.0357924803681295,2.744323967535389,-4.104678094121527,0.022087018671135817
CV-GE-B7,2018-TXH1-Dry,All-nonleaky,369,1.3385709324623094,1.0695270170063738,-0.07260243315175874,0.15633227235645822
CV-GE-B7,2018-TXH1-Dry,B6R-all-EC-reference,369,1.3241355665097225,1.0567552220242742,-0.049592937762055644,0.15649771751354208
CV-GE-B7,2018-TXH1-Dry,Canopy-growth,369,1.4228132038427224,1.1308992963368762,-0.21185810456177556,0.14376767770605484
CV-GE-B7,2018-TXH1-Dry,Grain-fill-maturity,369,1.3926972918727971,1.0991263142039176,-0.16109955919408558,0.14614459652567352
CV-GE-B7,2018-TXH1-Dry,Process-MK,369,1.3371763706548752,1.0651810488306999,-0.07036866105590023,0.14014818915081795
CV-GE-B7,2018-TXH1-Dry,Reproductive-transition,369,1.5551431606461734,1.2294626642848676,-0.4477605801941935,0.14665852655510217
CV-GE-B7,2018-TXH1-Dry,Stage-MK,369,1.2885784002479843,1.0216546404706368,0.006019893710926594,0.14890498903842633
CV-GE-B7,2018-TXH1-Dry,Thermal,369,1.3917653002255754,1.0976752058545893,-0.159546065818017,0.12428557088811683
CV-GE-B7,2018-TXH1-Dry,Thermal+water-MK,369,1.3154591497332577,1.039597556474733,-0.035883057754444,0.12652777354138647
CV-GE-B7,2018-TXH1-Dry,Vegetative,369,1.3004100995525554,1.0257281475527826,-0.01231731563415317,0.1400900798082565
CV-GE-B7,2018-TXH1-Dry,Water-soil,369,1.2943993511136,1.022420692561248,-0.0029806883694891706,0.15205131470190938
CV-GE-B7,2018-TXH1-Early,All-nonleaky,404,2.1272353978463956,1.819628960056106,-2.060695936327575,0.020440717741552056
CV-GE-B7,2018-TXH1-Early,B6R-all-EC-reference,404,2.075404240195786,1.7650478948004595,-1.913362219235311,0.020397978348391237
CV-GE-B7,2018-TXH1-Early,Canopy-growth,404,1.2951032011476695,0.985949830392582,-0.13448259715783806,0.004296179565118781
CV-GE-B7,2018-TXH1-Early,Grain-fill-maturity,404,2.0059747635395184,1.6820550633106246,-1.7216985040575143,-0.016451740752728407
CV-GE-B7,2018-TXH1-Early,Process-MK,404,1.5511074741718314,1.2322622517257136,-0.627319638928878,-0.002220169375332136
CV-GE-B7,2018-TXH1-Early,Reproductive-transition,404,2.138702643270025,1.823697197951233,-2.0937833434654474,-0.0002852799386414559
CV-GE-B7,2018-TXH1-Early,Stage-MK,404,2.1455445599324148,1.836952308837956,-2.1136096303659593,0.004310387770407381
CV-GE-B7,2018-TXH1-Early,Thermal,404,1.8104778311682694,1.470464327517675,-1.2170501002853258,-0.004123135239161895
CV-GE-B7,2018-TXH1-Early,Thermal+water-MK,404,2.0008592513270167,1.677826768623871,-1.70783479095928,-0.010030496457545814
CV-GE-B7,2018-TXH1-Early,Vegetative,404,2.0652365909253323,1.7487530952710797,-1.884886336098635,0.023095752873361245
CV-GE-B7,2018-TXH1-Early,Water-soil,404,1.9484976006842571,1.6312872412690167,-1.5679634333027983,8.951966879305621e-05
CV-GE-B7,2018-TXH1-Late,All-nonleaky,434,1.6648387158544835,1.3735909721879953,-1.0897471129679666,0.10593154773000338
CV-GE-B7,2018-TXH1-Late,B6R-all-EC-reference,434,1.6867976126667834,1.395591050289847,-1.1452373790413732,0.10659498781497764
CV-GE-B7,2018-TXH1-Late,Canopy-growth,434,3.0810781175136435,2.859306687182055,-6.157392259640187,0.09555005006047422
CV-GE-B7,2018-TXH1-Late,Grain-fill-maturity,434,2.0270325487877363,1.7427109036380328,-2.0979246117799746,0.09638924730956405
CV-GE-B7,2018-TXH1-Late,Process-MK,434,2.4202690612545497,2.1477597359698737,-3.416484377767473,0.08920621752623994
CV-GE-B7,2018-TXH1-Late,Reproductive-transition,434,1.3230143125138518,1.0435505907020957,-0.3197099319221184,0.07340919491160039
CV-GE-B7,2018-TXH1-Late,Stage-MK,434,2.0567955195814385,1.7752215706559002,-2.1895663099163314,0.09471957862628005
CV-GE-B7,2018-TXH1-Late,Thermal,434,1.829759561619438,1.5425345580935854,-1.52427956080196,0.0940768909169287
CV-GE-B7,2018-TXH1-Late,Thermal+water-MK,434,1.685087908466407,1.4009228036810528,-1.1408908438484717,0.09591620601712716
CV-GE-B7,2018-TXH1-Late,Vegetative,434,3.0897896382462755,2.8561040697581914,-6.197923473840454,0.09282414624656142
CV-GE-B7,2018-TXH1-Late,Water-soil,434,1.6881246474207816,1.3999079716302265,-1.1486141023103311,0.09049096054972063
CV-GE-B7,2018-TXH2,All-nonleaky,443,2.5577783887681016,2.1574323463076257,-1.725751381559229,0.04764732639057333
CV-GE-B7,2018-TXH2,B6R-all-EC-reference,443,2.4033472662519526,1.9972099380167092,-1.4065421307663146,0.05085152302988112
CV-GE-B7,2018-TXH2,Canopy-growth,443,1.581110210301814,1.2391815468757577,-0.0415609765495879,0.016409455602537246
CV-GE-B7,2018-TXH2,Grain-fill-maturity,443,1.6042682222200275,1.268860672838818,-0.07229523379676173,0.06100591477367974
CV-GE-B7,2018-TXH2,Process-MK,443,2.6663433374381666,2.264593934856659,-1.962051170020239,0.042598124540883055
CV-GE-B7,2018-TXH2,Reproductive-transition,443,2.4280355645211222,2.0464962282234644,-1.456238312354564,0.03940009651944252
CV-GE-B7,2018-TXH2,Stage-MK,443,1.9966924057822442,1.5973560538067106,-0.6610501546520999,0.04780222687698877
CV-GE-B7,2018-TXH2,Thermal,443,2.0549097539750285,1.6494455305231766,-0.7593243795221816,0.03601702258035703
CV-GE-B7,2018-TXH2,Thermal+water-MK,443,1.638191460267837,1.2910544597330131,-0.11812338088164975,0.043136599483074876
CV-GE-B7,2018-TXH2,Vegetative,443,3.3480530554372474,2.9894762436077222,-3.670303204573057,0.01892898584581904
CV-GE-B7,2018-TXH2,Water-soil,443,2.605427087165321,2.2053034875791298,-1.8282530333521807,0.045176755618587444
CV-GE-B7,2018-WIH1,All-nonleaky,401,1.9908012340414287,1.5867787064543986,-0.21843051606685115,-0.0715026714836815
CV-GE-B7,2018-WIH1,B6R-all-EC-reference,401,2.0303772092257653,1.6209549252053725,-0.26735541483731895,-0.07127902165136452
CV-GE-B7,2018-WIH1,Canopy-growth,401,2.143187261601188,1.7241426572321374,-0.41209918896261466,-0.04869180260889036
CV-GE-B7,2018-WIH1,Grain-fill-maturity,401,2.5274101068758315,2.0915044012016004,-0.963796133897642,-0.03949161509325689
CV-GE-B7,2018-WIH1,Process-MK,401,1.940220567960792,1.5280782151598584,-0.15730325150477698,-0.1290209310846862
CV-GE-B7,2018-WIH1,Reproductive-transition,401,1.9518224351475508,1.5527784516792877,-0.17118520178698926,-0.04165032280312149
CV-GE-B7,2018-WIH1,Stage-MK,401,1.9028541233823062,1.5072027790599936,-0.11315580725256313,-0.08780441926458231
CV-GE-B7,2018-WIH1,Thermal,401,2.1018202839681455,1.6802081437506942,-0.35811367715715736,-0.08198446414777114
CV-GE-B7,2018-WIH1,Thermal+water-MK,401,2.23988627024695,1.8052583669939264,-0.5423995872739338,-0.1082684178240636
CV-GE-B7,2018-WIH1,Vegetative,401,2.124352474801111,1.680801008605115,-0.387388591434761,-0.07863969441490197
CV-GE-B7,2018-WIH1,Water-soil,401,2.3251662633465577,1.8902358414953764,-0.6620840848990539,-0.0792876808484714
CV-GE-B7,2018-WIH2,All-nonleaky,815,2.8503031039395483,2.3354445640145096,-1.4286026798578586,0.03417283894896833
CV-GE-B7,2018-WIH2,B6R-all-EC-reference,815,2.839564513744419,2.3251139459043677,-1.410337506031274,0.040568933399130494
CV-GE-B7,2018-WIH2,Canopy-growth,815,2.0926657269735887,1.6922093342977425,-0.30910385470562574,0.029414582684295178
CV-GE-B7,2018-WIH2,Grain-fill-maturity,815,2.4718136609416876,1.9708019563077406,-0.826441786398487,0.14070941813743879
CV-GE-B7,2018-WIH2,Process-MK,815,2.2014283852094083,1.6815797764916527,-0.4487168196964917,0.010403859590443583
CV-GE-B7,2018-WIH2,Reproductive-transition,815,2.4323115365942587,1.9084525415249334,-0.7685314111705495,0.07217325689607888
CV-GE-B7,2018-WIH2,Stage-MK,815,2.719856783120479,2.189894510550444,-1.2113956513147026,0.004510842209380079
CV-GE-B7,2018-WIH2,Thermal,815,3.188687267573571,2.704391463894686,-2.0394726068918305,0.06101440293688467
CV-GE-B7,2018-WIH2,Thermal+water-MK,815,2.960761505427434,2.453713189903436,-1.6204822940140842,0.04682680238067128
CV-GE-B7,2018-WIH2,Vegetative,815,4.40596215742362,4.032495269669271,-4.803044538520629,0.06144260143253479
CV-GE-B7,2018-WIH2,Water-soil,815,2.9451613817871127,2.4364210531246897,-1.5929406290479067,0.03697106364639214
CV-GE-B7,2019-DEH1,All-nonleaky,814,3.5024741996533724,3.052534315602268,-2.501568335869406,0.023614042245132267
CV-GE-B7,2019-DEH1,B6R-all-EC-reference,814,3.5163602482385903,3.066688915586364,-2.5293882891347175,0.02197132296844809
CV-GE-B7,2019-DEH1,Canopy-growth,814,3.3559921438145053,2.905688823686823,-2.214804649230066,0.05664492308563211
CV-GE-B7,2019-DEH1,Grain-fill-maturity,814,3.180207089493456,2.729144955506231,-1.886845352888125,0.06949111374856709
CV-GE-B7,2019-DEH1,Process-MK,814,3.0370552980854093,2.588482494069228,-1.632801494447139,0.07476284420558853
CV-GE-B7,2019-DEH1,Reproductive-transition,814,3.012887747566491,2.5605014689831935,-1.5910668576779727,0.02351740261823634
CV-GE-B7,2019-DEH1,Stage-MK,814,3.704089647122664,3.2663428006641526,-2.916297674731596,0.060336743980580684
CV-GE-B7,2019-DEH1,Thermal,814,2.387577300199254,1.95710335583985,-0.6271500322213506,0.036992135833974205
CV-GE-B7,2019-DEH1,Thermal+water-MK,814,2.539733985273278,2.1030054086520305,-0.841150023029954,0.07294491966404723
CV-GE-B7,2019-DEH1,Vegetative,814,2.6506214338537335,2.213819107776094,-1.0054328643807473,0.055546139019472564
CV-GE-B7,2019-DEH1,Water-soil,814,3.351869555895386,2.896636072052503,-2.206911201400888,0.014203587232528552
CV-GE-B7,2019-GAH2,All-nonleaky,390,2.8382031447708784,2.4952929943295517,-2.7980040200914824,-0.0965267872369714
CV-GE-B7,2019-GAH2,B6R-all-EC-reference,390,2.864370088552337,2.5215873064398657,-2.8683585942768106,-0.09397199781136288
CV-GE-B7,2019-GAH2,Canopy-growth,390,4.504061871947636,4.238554364005186,-8.564827934982398,-0.11211976662974994
CV-GE-B7,2019-GAH2,Grain-fill-maturity,390,3.1300693943775126,2.790052450593899,-3.6193024463979846,-0.12225811826180989
CV-GE-B7,2019-GAH2,Process-MK,390,2.730950160538981,2.385111491831675,-2.5163817309334795,-0.09334196527550502
CV-GE-B7,2019-GAH2,Reproductive-transition,390,2.737651338377546,2.390057729625779,-2.533659827104476,-0.06900997087463102
CV-GE-B7,2019-GAH2,Stage-MK,390,2.6556650743959382,2.3121766461715967,-2.325179316102322,-0.10814731014940952
CV-GE-B7,2019-GAH2,Thermal,390,3.3177617136193676,2.9806209650324993,-4.189898311566744,-0.08821626234775519
CV-GE-B7,2019-GAH2,Thermal+water-MK,390,2.406677347123049,2.0540617723217025,-1.73088999667707,-0.09267528778951244
CV-GE-B7,2019-GAH2,Vegetative,390,2.290814524603463,1.9439665596028357,-1.4742770240338636,-0.1064492466495629
CV-GE-B7,2019-GAH2,Water-soil,390,2.6238020438147474,2.2803867520208456,-2.245866086237939,-0.0737593254115083
CV-GE-B7,2019-IAH4,All-nonleaky,1140,1.7267568313886161,1.4223073052124982,-0.7534431561563675,-0.004527317490123582
CV-GE-B7,2019-IAH4,B6R-all-EC-reference,1140,1.707036648342489,1.4038525078798614,-0.7136219473663836,-0.002927385434829058
CV-GE-B7,2019-IAH4,Canopy-growth,1140,1.6540313675969855,1.355062697531581,-0.6088546439422544,-0.003617191389157916
CV-GE-B7,2019-IAH4,Grain-fill-maturity,1140,1.4734901972090866,1.1744448864373038,-0.2768028032327996,-0.008367871614820036
CV-GE-B7,2019-IAH4,Process-MK,1140,1.3937318141206705,1.0972302724586231,-0.1423199270544555,0.01833240375086607
CV-GE-B7,2019-IAH4,Reproductive-transition,1140,1.3658813442016635,1.0680980824002761,-0.09712288010841408,0.009449585538939292
CV-GE-B7,2019-IAH4,Stage-MK,1140,1.4249127696916266,1.1290787789081058,-0.19400427757211314,0.010295251745258275
CV-GE-B7,2019-IAH4,Thermal,1140,2.2502239523851744,1.9605921373064288,-1.9776991162361712,0.021797858198845492
CV-GE-B7,2019-IAH4,Thermal+water-MK,1140,1.8334763534181244,1.5301829044817872,-0.9768783808889825,0.015045427640083821
CV-GE-B7,2019-IAH4,Vegetative,1140,2.3689488587861334,2.0803170696397575,-2.300203313930599,0.021516928118777028
CV-GE-B7,2019-IAH4,Water-soil,1140,2.1056537524384455,1.8007468847900017,-1.607373473428364,-0.005203715067892608
CV-GE-B7,2019-ILH1,All-nonleaky,448,3.192432943583791,2.8286939767573096,-2.5746780895935486,0.21827494036990103
CV-GE-B7,2019-ILH1,B6R-all-EC-reference,448,3.185511035658242,2.8214753306056304,-2.55919349322598,0.21758150695916825
CV-GE-B7,2019-ILH1,Canopy-growth,448,3.08215551440255,2.7130575064607396,-2.3319806188963783,0.20921657499146865
CV-GE-B7,2019-ILH1,Grain-fill-maturity,448,4.211384279479392,3.889602108001065,-5.2207552411408455,0.20288160121778995
CV-GE-B7,2019-ILH1,Process-MK,448,3.528975907962112,3.173141110963062,-3.3680817508648797,0.21128142101529948
CV-GE-B7,2019-ILH1,Reproductive-transition,448,3.712782529244767,3.36472783909712,-3.834954533812458,0.19901823821277415
CV-GE-B7,2019-ILH1,Stage-MK,448,3.2559809640516546,2.892455449459336,-2.718408380170988,0.21780501668093827
CV-GE-B7,2019-ILH1,Thermal,448,4.152612720362236,3.82359862459398,-5.048340477452545,0.1916076470870985
CV-GE-B7,2019-ILH1,Thermal+water-MK,448,4.250439709808539,3.9281546960724847,-5.336670013268343,0.2031910459661856
CV-GE-B7,2019-ILH1,Vegetative,448,4.246613132176406,3.9274008256190536,-5.325265619122504,0.20586666588375524
CV-GE-B7,2019-ILH1,Water-soil,448,2.765850561244276,2.383429342014596,-1.6831860902169287,0.2168550185184191
CV-GE-B7,2019-INH1,All-nonleaky,440,3.8606634834159426,3.5529261852032326,-5.165511468528212,0.11026931064905632
CV-GE-B7,2019-INH1,B6R-all-EC-reference,440,3.8609631498462487,3.5531576051133165,-5.166468645203344,0.10931539525796757
CV-GE-B7,2019-INH1,Canopy-growth,440,3.7154448242813785,3.3941099330336475,-4.710404158322915,0.07382587980142442
CV-GE-B7,2019-INH1,Grain-fill-maturity,440,3.8159713727042432,3.4960253451775207,-5.023590370072727,0.0759457260943556
CV-GE-B7,2019-INH1,Process-MK,440,3.702036702455373,3.3765468013844533,-4.669263651743964,0.08727809502611449
CV-GE-B7,2019-INH1,Reproductive-transition,440,4.370573785273864,4.0890061613276965,-6.901728935870944,0.08252094936084842
CV-GE-B7,2019-INH1,Stage-MK,440,3.8951491547955523,3.587538127155359,-5.276151224389614,0.10593393764583663
CV-GE-B7,2019-INH1,Thermal,440,3.528394584592193,3.1839332207631617,-4.1499084428442,0.06414351918914567
CV-GE-B7,2019-INH1,Thermal+water-MK,440,3.4632843479352813,3.1173130363506045,-3.9615973234801674,0.0870729731637675
CV-GE-B7,2019-INH1,Vegetative,440,4.373554295134622,4.091587142148786,-6.91250976810209,0.08102238033482952
CV-GE-B7,2019-INH1,Water-soil,440,3.909252391312061,3.6052136002237956,-5.321681849176292,0.12174424953830351
CV-GE-B7,2019-MIH1,All-nonleaky,454,1.7799711707267631,1.4183778099790358,-0.01360454629390162,0.06825987270652639
CV-GE-B7,2019-MIH1,B6R-all-EC-reference,454,1.784082752574544,1.418086099013543,-0.01829263498647893,0.06824173332642769
CV-GE-B7,2019-MIH1,Canopy-growth,454,2.1347301063626523,1.7573066733356,-0.4579027771449926,0.06099126408070444
CV-GE-B7,2019-MIH1,Grain-fill-maturity,454,1.8874501601648443,1.5314359764519192,-0.13970800378645887,0.0384806516466558
CV-GE-B7,2019-MIH1,Process-MK,454,1.7976620525971232,1.451417387426732,-0.033852815703818484,0.074241511831119
CV-GE-B7,2019-MIH1,Reproductive-transition,454,1.8734516632104898,1.4631579145333318,-0.12286513688062262,0.05577984319411406
CV-GE-B7,2019-MIH1,Stage-MK,454,1.7771349842634714,1.4236995374085397,-0.010376987077269861,0.05778716130797624
CV-GE-B7,2019-MIH1,Thermal,454,1.982168091281554,1.5378676341922843,-0.2569661271500845,0.08019422593289653
CV-GE-B7,2019-MIH1,Thermal+water-MK,454,1.7799165239929073,1.4201402502570024,-0.01354231008634632,0.08882408278291429
CV-GE-B7,2019-MIH1,Vegetative,454,1.9482475134407902,1.592270711491433,-0.214313642980815,0.07758713954231826
CV-GE-B7,2019-MIH1,Water-soil,454,1.8596894362662149,1.5087687228936781,-0.10642877352973601,0.08673644871000374
CV-GE-B7,2019-MNH1,All-nonleaky,1001,3.4303787888623094,3.0442512794246093,-2.5183004619277556,-0.05646438798421371
CV-GE-B7,2019-MNH1,B6R-all-EC-reference,1001,3.4136734564806104,3.0239814798420497,-2.4841169085200887,-0.0668259360551051
CV-GE-B7,2019-MNH1,Canopy-growth,1001,4.338984068751551,4.012902549054806,-4.628917452733308,-0.013982545982191579
CV-GE-B7,2019-MNH1,Grain-fill-maturity,1001,2.5829601063608534,2.142123490445683,-0.9947302137618748,-0.16878349691391228
CV-GE-B7,2019-MNH1,Process-MK,1001,3.822291367470088,3.4536411154727324,-3.368137975787177,-0.03698182864835878
CV-GE-B7,2019-MNH1,Reproductive-transition,1001,3.3800505490279016,2.994451650430639,-2.415821432933903,-0.029255627695932526
CV-GE-B7,2019-MNH1,Stage-MK,1001,3.447111173352518,3.0731526710347725,-2.5527066508369813,-0.00028287260918549533
CV-GE-B7,2019-MNH1,Thermal,1001,2.8512637246240042,2.4350896793145234,-1.4306562623399661,-0.06749868727060115
CV-GE-B7,2019-MNH1,Thermal+water-MK,1001,2.947647760492377,2.5336025578370727,-1.597765460718016,-0.06325299099526438
CV-GE-B7,2019-MNH1,Vegetative,1001,3.9431482148665356,3.5739707708258788,-3.648736947472867,-0.0601500992693529
CV-GE-B7,2019-MNH1,Water-soil,1001,2.827216449951826,2.4208457853339684,-1.3898293302325473,-0.04453576268557694
CV-GE-B7,2019-MOH1,All-nonleaky,515,3.3624053143745494,2.94888681906577,-2.4242724790394687,-0.07412836326496854
CV-GE-B7,2019-MOH1,B6R-all-EC-reference,515,3.4066403797035547,2.992311211291748,-2.514963085769307,-0.06849139654617868
CV-GE-B7,2019-MOH1,Canopy-growth,515,2.354854076628139,2.01030715241355,-0.6795625766370206,-0.11778365454990834
CV-GE-B7,2019-MOH1,Grain-fill-maturity,515,2.6391428515281845,2.2554682079420654,-1.1095702162761882,-0.08426260022454417
CV-GE-B7,2019-MOH1,Process-MK,515,2.043177881489477,1.7091458593329711,-0.2643885244338968,-0.06971860352908477
CV-GE-B7,2019-MOH1,Reproductive-transition,515,3.1392864777397533,2.727560236779747,-1.9849020708337703,-0.1045753412084824
CV-GE-B7,2019-MOH1,Stage-MK,515,2.3981584771278883,2.0435147913449256,-0.741902918655651,-0.08077956257100519
CV-GE-B7,2019-MOH1,Thermal,515,3.069547384768744,2.6527202989346144,-1.8537562298911925,-0.08224720878837123
CV-GE-B7,2019-MOH1,Thermal+water-MK,515,2.8422046742073257,2.4368830106591624,-1.446689663812514,-0.06804409344651714
CV-GE-B7,2019-MOH1,Vegetative,515,3.631959310404328,3.2195052225718035,-2.9953068268470076,-0.08301728560147897
CV-GE-B7,2019-MOH1,Water-soil,515,4.282128069825175,3.881684114897857,-4.553764915890752,-0.09389727749070684
CV-GE-B7,2019-NEH1,All-nonleaky,308,2.6930775568341825,2.241897339426966,-0.5255700228819145,0.1175171089136465
CV-GE-B7,2019-NEH1,B6R-all-EC-reference,308,2.688682467169409,2.2377336159396073,-0.5205946401673549,0.11771002399640668
CV-GE-B7,2019-NEH1,Canopy-growth,308,2.9937282308570534,2.5293958513707087,-0.885207550660615,0.10417110996868768
CV-GE-B7,2019-NEH1,Grain-fill-maturity,308,2.6197121049318364,2.166459003914138,-0.4435823340607139,0.10400761208494318
CV-GE-B7,2019-NEH1,Process-MK,308,2.2073388330255526,1.6957404615696787,-0.024878617950392368,0.12076142485775856
CV-GE-B7,2019-NEH1,Reproductive-transition,308,2.573141016578549,2.120953417059625,-0.39271290640983003,0.11356238416520234
CV-GE-B7,2019-NEH1,Stage-MK,308,2.6075806674680067,2.1585042769941007,-0.4302433266523371,0.11724138317109874
CV-GE-B7,2019-NEH1,Thermal,308,2.6854978582112268,2.230983825105008,-0.5169946379181705,0.12133561400626366
CV-GE-B7,2019-NEH1,Thermal+water-MK,308,2.6255853193343515,2.175725194797227,-0.45006241453321727,0.12469492949690661
CV-GE-B7,2019-NEH1,Vegetative,308,4.281148234173408,3.8117443904913726,-2.855271394941354,0.10157204650663332
CV-GE-B7,2019-NEH1,Water-soil,308,3.8224124592077358,3.355265294408649,-2.073332304892095,0.11036794284560922
CV-GE-B7,2019-NEH2,All-nonleaky,170,1.684614456347363,1.3499403989138867,-0.26960145495534005,0.2301695390568872
CV-GE-B7,2019-NEH2,B6R-all-EC-reference,170,1.7135028410936883,1.378187120962707,-0.31351798220649374,0.2287457279747507
CV-GE-B7,2019-NEH2,Canopy-growth,170,1.562040062840582,1.2286901899208424,-0.09156776414421763,0.258283582248529
CV-GE-B7,2019-NEH2,Grain-fill-maturity,170,1.5701739421706957,1.2394858951995322,-0.1029654194125329,0.24974391802872756
CV-GE-B7,2019-NEH2,Process-MK,170,1.4631880566308286,1.123686132857161,0.0422180239469343,0.22165541319917104
CV-GE-B7,2019-NEH2,Reproductive-transition,170,2.3242437367744,1.9903716213013989,-1.4167387390216537,0.2316725690961277
CV-GE-B7,2019-NEH2,Stage-MK,170,1.5617672947807162,1.2299131251191746,-0.09118657184092283,0.2325443405592134
CV-GE-B7,2019-NEH2,Thermal,170,1.7556020749749492,1.417484491832841,-0.3788548020381417,0.20904470096938174
CV-GE-B7,2019-NEH2,Thermal+water-MK,170,1.6995480265637217,1.3641739805818411,-0.2922104479788292,0.21159272532990905
CV-GE-B7,2019-NEH2,Vegetative,170,2.545337474252128,2.206195192438256,-1.8983919050111053,0.20402089422184735
CV-GE-B7,2019-NEH2,Water-soil,170,2.455392401020196,2.122380783507321,-1.697169126922922,0.23739900930902433
CV-GE-B7,2019-NEH2L,All-nonleaky,174,2.3942424531873026,1.8137919521699757,-0.22368036285828996,0.1347411971799903
CV-GE-B7,2019-NEH2L,B6R-all-EC-reference,174,2.3701141112776973,1.79678184060165,-0.1991409893267262,0.13492569086800021
CV-GE-B7,2019-NEH2L,Canopy-growth,174,2.308199347853779,1.7497898282126516,-0.13730870782421434,0.19383810550038952
CV-GE-B7,2019-NEH2L,Grain-fill-maturity,174,2.613273256801045,1.9841271555594708,-0.4578115425737843,0.16423340338497117
CV-GE-B7,2019-NEH2L,Process-MK,174,3.585155437113831,2.982329404098474,-1.743770077364732,0.14442609975130274
CV-GE-B7,2019-NEH2L,Reproductive-transition,174,3.2368685382148294,2.62435200033224,-1.2365667240791711,0.1730970536645857
CV-GE-B7,2019-NEH2L,Stage-MK,174,2.4956341553947494,1.8914984618730266,-0.3295160297826576,0.12779328691774014
CV-GE-B7,2019-NEH2L,Thermal,174,2.5668666209450874,1.944467272826183,-0.40649548192309415,0.15299177988734441
CV-GE-B7,2019-NEH2L,Thermal+water-MK,174,2.4996324110581596,1.8917399738796554,-0.3337794777418839,0.13564562217036324
CV-GE-B7,2019-NEH2L,Vegetative,174,2.446612235743879,1.9769551405096373,-0.2777974675425947,0.12585663106900347
CV-GE-B7,2019-NEH2L,Water-soil,174,2.248894006832219,1.71419958254992,-0.07961699017231338,0.15250408026613563
CV-GE-B7,2019-NYH1,All-nonleaky,201,2.7499263418585396,2.403992392781762,-2.770154773558946,0.1684698354368805
CV-GE-B7,2019-NYH1,B6R-all-EC-reference,201,2.7607006481635232,2.414862405852699,-2.799755842198992,0.16432415432182637
CV-GE-B7,2019-NYH1,Canopy-growth,201,1.4689067172184853,1.116114037649204,-0.07573547467523101,0.18106292191886325
CV-GE-B7,2019-NYH1,Grain-fill-maturity,201,2.3350892405235957,1.9465385733577474,-1.7184667311628186,0.10028185142346924
CV-GE-B7,2019-NYH1,Process-MK,201,3.029054462707142,2.6953316344606857,-3.574369276421975,0.18268805527754123
CV-GE-B7,2019-NYH1,Reproductive-transition,201,2.25147626208456,1.8781888463386023,-1.5272709296935374,0.19430091828291912
CV-GE-B7,2019-NYH1,Stage-MK,201,3.036238604186061,2.7137599103775076,-3.596093472981827,0.20164815592179577
CV-GE-B7,2019-NYH1,Thermal,201,2.658543031654523,2.3047789877174076,-2.5237447800218193,0.16977457012716812
CV-GE-B7,2019-NYH1,Thermal+water-MK,201,2.9874179253489856,2.6519849447524884,-3.449477572806499,0.17313554024459868
CV-GE-B7,2019-NYH1,Vegetative,201,1.5356637629901848,1.161631716236631,-0.1757346831399429,0.1863870979841101
CV-GE-B7,2019-NYH1,Water-soil,201,2.9099366923568963,2.572379054475403,-3.22166860116097,0.17904717303501017
CV-GE-B7,2019-NYH2,All-nonleaky,402,3.332896864233151,2.9446111114093765,-2.3954519087298345,0.08288886979548828
CV-GE-B7,2019-NYH2,B6R-all-EC-reference,402,3.2511859353277686,2.8600435715587578,-2.231003655117563,0.08441114548588577
CV-GE-B7,2019-NYH2,Canopy-growth,402,4.129334141193836,3.7785112820209363,-4.212113784892949,0.07917526770631228
CV-GE-B7,2019-NYH2,Grain-fill-maturity,402,3.0845373656526585,2.6858223813618944,-1.9082645228953763,0.06823898722199098
CV-GE-B7,2019-NYH2,Process-MK,402,3.6202956018154064,3.2439800991225516,-3.006285541327709,0.07594180090312073
CV-GE-B7,2019-NYH2,Reproductive-transition,402,2.4763283228684987,2.078410641070432,-0.8744345648115133,0.07974167319870694
CV-GE-B7,2019-NYH2,Stage-MK,402,3.1739890373004904,2.781778239094796,-2.0793898865266613,0.08207028879605055
CV-GE-B7,2019-NYH2,Thermal,402,3.2361907325294417,2.8399846385693124,-2.2012681519045145,0.07370706875961015
CV-GE-B7,2019-NYH2,Thermal+water-MK,402,3.7762629308788624,3.4052639586237,-3.358913844730255,0.06572914009682301
CV-GE-B7,2019-NYH2,Vegetative,402,4.258090966998548,3.911274176365224,-4.542219278036245,0.08119840965756081
CV-GE-B7,2019-NYH2,Water-soil,402,3.7136484383034243,3.34165060968579,-3.215561309390922,0.07682711805738275
CV-GE-B7,2019-NYH3,All-nonleaky,573,2.8471959897541965,2.377149069889413,-0.8769495240236371,0.10911757251402425
CV-GE-B7,2019-NYH3,B6R-all-EC-reference,573,2.850201991012783,2.379991905232966,-0.8809148927973014,0.10748597934613806
CV-GE-B7,2019-NYH3,Canopy-growth,573,2.7514182769120494,2.2872436742377986,-0.7527949067886488,0.09841651706746611
CV-GE-B7,2019-NYH3,Grain-fill-maturity,573,2.9631258848298887,2.4893560100709853,-1.0329096227287842,0.09968101672258553
CV-GE-B7,2019-NYH3,Process-MK,573,2.7963434204596886,2.3254734662320558,-0.8105014604394976,0.0956576474078251
CV-GE-B7,2019-NYH3,Reproductive-transition,573,2.371916222063845,1.9159215704989963,-0.30261644774763896,0.10415098846471452
CV-GE-B7,2019-NYH3,Stage-MK,573,2.9950986223040332,2.5191814072049885,-1.077017336954666,0.1042512080637169
CV-GE-B7,2019-NYH3,Thermal,573,3.3690763802836345,2.8890624414629293,-1.628086049141983,0.09465536540329694
CV-GE-B7,2019-NYH3,Thermal+water-MK,573,3.2846736398815293,2.8027267959483244,-1.498056847819885,0.09352916544064936
CV-GE-B7,2019-NYH3,Vegetative,573,4.277412775892572,3.8270596583891683,-3.236236437324992,0.09162671303290992
CV-GE-B7,2019-NYH3,Water-soil,573,2.816557530946811,2.3472495651666163,-0.8367714488094455,0.10632254671221807
CV-GE-B7,2019-OHH1,All-nonleaky,367,3.262131214314988,2.974402452431633,-2.7630295043307513,0.09540062282293266
CV-GE-B7,2019-OHH1,B6R-all-EC-reference,367,3.2124243453529635,2.9222598076585706,-2.649224557181775,0.0938070276162253
CV-GE-B7,2019-OHH1,Canopy-growth,367,3.0688942205504866,2.7710378268178726,-2.3304169659625495,0.09578307594228913
CV-GE-B7,2019-OHH1,Grain-fill-maturity,367,2.457385248740197,2.133323180242277,-1.1354099675139593,0.07827930813363089
CV-GE-B7,2019-OHH1,Process-MK,367,2.313488642037062,1.9860961040802179,-0.8926465395578382,0.10052348429022012
CV-GE-B7,2019-OHH1,Reproductive-transition,367,2.8895529123730053,2.5821952017308702,-1.9525419353638305,0.08218486932113495
CV-GE-B7,2019-OHH1,Stage-MK,367,3.0352173942203975,2.737974415367884,-2.2577246684948906,0.09682855081866744
CV-GE-B7,2019-OHH1,Thermal,367,2.0341157002324097,1.6788089880936579,-0.4631406470040591,0.06500096409413209
CV-GE-B7,2019-OHH1,Thermal+water-MK,367,2.464723967451229,2.1409944280906634,-1.148183360074282,0.07701180833915543
CV-GE-B7,2019-OHH1,Vegetative,367,2.905909575631124,2.596784334389031,-1.9860629830265863,0.07202063260090753
CV-GE-B7,2019-OHH1,Water-soil,367,3.1103545328502116,2.8152598867693635,-2.4210117135657687,0.08171956518487795
CV-GE-B7,2019-SCH1,All-nonleaky,365,4.851431766209804,4.750506647057014,-23.571488563952066,0.1518262009462802
CV-GE-B7,2019-SCH1,B6R-all-EC-reference,365,4.847238313884043,4.7462967915723775,-23.529029002096586,0.1532199413535325
CV-GE-B7,2019-SCH1,Canopy-growth,365,4.342163320791994,4.227407637425582,-18.683572357000102,0.13973584744206682
CV-GE-B7,2019-SCH1,Grain-fill-maturity,365,5.331242211582523,5.236889544316451,-28.672110677267636,0.14361324973031167
CV-GE-B7,2019-SCH1,Process-MK,365,5.000141956313046,4.899886916826134,-25.100947962617106,0.14712871564133526
CV-GE-B7,2019-SCH1,Reproductive-transition,365,4.715222629827055,4.606322106007945,-22.211115774522632,0.09719817072125828
CV-GE-B7,2019-SCH1,Stage-MK,365,4.976201030200952,4.877446911824177,-24.851601087315434,0.15410333635950826
CV-GE-B7,2019-SCH1,Thermal,365,5.178901504071942,5.078492613099311,-27.000572750793104,0.13300647985115532
CV-GE-B7,2019-SCH1,Thermal+water-MK,365,5.493167426798624,5.40051745231766,-30.501938869125933,0.15293438267673806
CV-GE-B7,2019-SCH1,Vegetative,365,5.946592827868787,5.86184641341569,-35.91713737076274,0.12177316902326628
CV-GE-B7,2019-SCH1,Water-soil,365,4.627349713013684,4.521807234645808,-21.354052029989585,0.16232404557366767
CV-GE-B7,2019-TXH1,All-nonleaky,571,1.9106239374900156,1.540111986374929,-0.18228886534947475,0.017175445211786253
CV-GE-B7,2019-TXH1,B6R-all-EC-reference,571,1.9209360300228084,1.5530721979047248,-0.19508549493139493,0.01807393964742883
CV-GE-B7,2019-TXH1,Canopy-growth,571,1.9415205316962525,1.5731282020744557,-0.22083548917696816,0.00031966712241381757
CV-GE-B7,2019-TXH1,Grain-fill-maturity,571,1.7898665330636652,1.3603978481621903,-0.037562974940097194,0.007632745751345783
CV-GE-B7,2019-TXH1,Process-MK,571,1.9286147282159252,1.5609534204777937,-0.20465899663659592,0.010738456318317022
CV-GE-B7,2019-TXH1,Reproductive-transition,571,1.8812137052870748,1.4998785739098304,-0.1461710596431245,0.0196842837928029
CV-GE-B7,2019-TXH1,Stage-MK,571,1.9613626824228414,1.6025480936218561,-0.2459166406358788,0.01622589541947922
CV-GE-B7,2019-TXH1,Thermal,571,1.7949482375539632,1.3471708127214679,-0.04346293806377455,0.021087891837519447
CV-GE-B7,2019-TXH1,Thermal+water-MK,571,1.8110078777963619,1.3298753606473905,-0.062218471456766844,0.019226925905890254
CV-GE-B7,2019-TXH1,Vegetative,571,1.780347060049476,1.3361104439899285,-0.026555688286302725,0.0364138305128596
CV-GE-B7,2019-TXH1,Water-soil,571,1.782481707152997,1.351569962975043,-0.029018857280001864,0.01598460349134032
CV-GE-B7,2019-TXH2,All-nonleaky,438,1.5215748067956787,1.229948499592756,-0.1397126401532598,0.0010669190095148047
CV-GE-B7,2019-TXH2,B6R-all-EC-reference,438,1.5236350175278905,1.2315056441330539,-0.14280106910177626,0.0023093064650505516
CV-GE-B7,2019-TXH2,Canopy-growth,438,1.5069295149250235,1.221355507097963,-0.11787855618534127,-0.02649559954324135
CV-GE-B7,2019-TXH2,Grain-fill-maturity,438,1.6596506879775819,1.3413346167095153,-0.35594516774542484,-0.009049801406042413
CV-GE-B7,2019-TXH2,Process-MK,438,1.5950750308358472,1.2845592604772744,-0.2524805214961503,-0.004851059939859881
CV-GE-B7,2019-TXH2,Reproductive-transition,438,1.8520002572665357,1.4987707682642484,-0.6884602173365164,-0.010074529646036843
CV-GE-B7,2019-TXH2,Stage-MK,438,1.8432958247537914,1.492137244867943,-0.6726259325693398,0.0013454217693999965
CV-GE-B7,2019-TXH2,Thermal,438,1.5955057425684702,1.2831159179738252,-0.2531570174338471,0.003344859440699644
CV-GE-B7,2019-TXH2,Thermal+water-MK,438,1.509647814416102,1.2127132730964254,-0.12191520078022688,0.0009942676133781012
CV-GE-B7,2019-TXH2,Vegetative,438,1.564863622429473,1.266242159106866,-0.20548479471264725,-0.003786059260883168
CV-GE-B7,2019-TXH2,Water-soil,438,1.4755783290747806,1.1903114455122834,-0.07184820225765765,0.0008135065119757005
CV-GE-B7,2019-TXH3,All-nonleaky,445,1.6150296649349478,1.2726612486374747,-0.11694723788730554,0.0371715765362736
CV-GE-B7,2019-TXH3,B6R-all-EC-reference,445,1.647389266152591,1.2996837927033027,-0.1621551593950623,0.038214570046884035
CV-GE-B7,2019-TXH3,Canopy-growth,445,1.6266025619011997,1.2844884536620178,-0.13301211761920895,0.0210301493353275
CV-GE-B7,2019-TXH3,Grain-fill-maturity,445,2.199327883119753,1.8068960460861345,-1.0713410456905845,0.04364587928067706
CV-GE-B7,2019-TXH3,Process-MK,445,1.785156014269454,1.4057772322450082,-0.3646585657599646,0.033159017000356804
CV-GE-B7,2019-TXH3,Reproductive-transition,445,1.6242572347987374,1.2782425741975656,-0.12974719184293404,0.0042174253160658995
CV-GE-B7,2019-TXH3,Stage-MK,445,1.8166432183730472,1.4507712877200105,-0.4132237735513411,0.02450035953627797
CV-GE-B7,2019-TXH3,Thermal,445,1.592272514639801,1.2384275463208554,-0.08569152507025324,0.021593135491743895
CV-GE-B7,2019-TXH3,Thermal+water-MK,445,2.061050903443623,1.670967489098196,-0.8190686397242475,0.028880273900781947
CV-GE-B7,2019-TXH3,Vegetative,445,1.70289654748235,1.34407715599335,-0.24179006430453942,0.025945851285453264
CV-GE-B7,2019-TXH3,Water-soil,445,1.601680334621362,1.2553963028881636,-0.09855887612799097,0.0310480557148547
CV-GE-B7,2019-WIH1,All-nonleaky,580,3.035389897144896,2.620282155014461,-0.8921578855148657,0.040657489649109015
CV-GE-B7,2019-WIH1,B6R-all-EC-reference,580,3.0378557144319167,2.621577817253198,-0.8952333459289472,0.042030495850483116
CV-GE-B7,2019-WIH1,Canopy-growth,580,2.54474329241905,2.1472913696434057,-0.3298919585423341,0.05163841510998074
CV-GE-B7,2019-WIH1,Grain-fill-maturity,580,3.301863585468016,2.8783884095606527,-1.2389616597761406,0.03896022136394327
CV-GE-B7,2019-WIH1,Process-MK,580,2.8564486874689567,2.4447786838921783,-0.6756420762835873,0.03667133517093599
CV-GE-B7,2019-WIH1,Reproductive-transition,580,3.0140446693569594,2.5955261423410123,-0.865639689240113,0.0432451523226354
CV-GE-B7,2019-WIH1,Stage-MK,580,3.8389980193075646,3.3894662166262055,-2.0266637791539592,0.03279843577618899
CV-GE-B7,2019-WIH1,Thermal,580,2.5164400221162926,2.1065162809419697,-0.30047369122485335,0.037964492851173384
CV-GE-B7,2019-WIH1,Thermal+water-MK,580,2.7693621944932914,2.3567941870571656,-0.5750267050874425,0.03697789705590759
CV-GE-B7,2019-WIH1,Vegetative,580,2.3767222916672894,1.9619505989639179,-0.1600729023402423,0.03662545055971304
CV-GE-B7,2019-WIH1,Water-soil,580,3.2072999244508105,2.7882452286552897,-1.1125526986889787,0.033985242639468005
CV-GE-B7,2019-WIH2,All-nonleaky,1113,2.948074676784198,2.5197514026985046,-2.127738123954806,0.013241493253999748
CV-GE-B7,2019-WIH2,B6R-all-EC-reference,1113,2.9883870064898197,2.56083239069974,-2.2138610922086985,0.002805709057825492
CV-GE-B7,2019-WIH2,Canopy-growth,1113,2.4600557849868894,2.0259279011771016,-1.177927075329889,0.07153370859684823
CV-GE-B7,2019-WIH2,Grain-fill-maturity,1113,2.8479174137664973,2.3883117013215984,-1.9188259947309056,-0.11488906894016437
CV-GE-B7,2019-WIH2,Process-MK,1113,3.187488291136562,2.7628950219527053,-2.6563740613963214,0.02243494246368002
CV-GE-B7,2019-WIH2,Reproductive-transition,1113,2.529958313890115,2.094237415626974,-1.303457235674561,0.04468805669556755
CV-GE-B7,2019-WIH2,Stage-MK,1113,2.96915823941593,2.546736754314334,-2.1726349961183984,0.06806198120771213
CV-GE-B7,2019-WIH2,Thermal,1113,3.9976611583188078,3.6291997161767156,-4.751291555339623,-0.004327410261934017
CV-GE-B7,2019-WIH2,Thermal+water-MK,1113,3.7046407850502656,3.3122032166842144,-3.9390751072457775,0.00033665699481384253
CV-GE-B7,2019-WIH2,Vegetative,1113,3.757760211664709,3.373143694080003,-4.081729577065279,0.012068917344587985
CV-GE-B7,2019-WIH2,Water-soil,1113,2.317847932251726,1.8819981860206312,-0.9334070704846564,0.027026559661485556
CV-GE-B7,2020-DEH1,All-nonleaky,1143,1.9480345544768383,1.4969084423840446,-0.033652288304562905,0.4878254371078374
CV-GE-B7,2020-DEH1,B6R-all-EC-reference,1143,1.9566400866764704,1.5046045273999733,-0.042804872737201016,0.4909857042288693
CV-GE-B7,2020-DEH1,Canopy-growth,1143,2.29468725209109,1.8258268634105501,-0.43426091619092677,0.502616499656641
CV-GE-B7,2020-DEH1,Grain-fill-maturity,1143,1.846943462082271,1.4154260619762633,0.07084458889011713,0.4849024675242039
CV-GE-B7,2020-DEH1,Process-MK,1143,1.9835815305374491,1.52357080298311,-0.07171983796450965,0.4990085600508341
CV-GE-B7,2020-DEH1,Reproductive-transition,1143,1.8131608727139839,1.4014532973940672,0.10452423798107435,0.5203540033831707
CV-GE-B7,2020-DEH1,Stage-MK,1143,2.0931736214867755,1.6155291602165003,-0.19341547259766934,0.5061134226096048
CV-GE-B7,2020-DEH1,Thermal,1143,1.9913665423351286,1.5309661106297658,-0.0801487572032289,0.4718493300821021
CV-GE-B7,2020-DEH1,Thermal+water-MK,1143,1.9315727344438505,1.472336836644109,-0.016256393443959904,0.442557882168928
CV-GE-B7,2020-DEH1,Vegetative,1143,2.96540016837579,2.5279474432567164,-1.3952330405162274,0.50018438430028
CV-GE-B7,2020-DEH1,Water-soil,1143,2.1196889346434706,1.6248578963993232,-0.22384219759807045,0.47434776461713873
CV-GE-B7,2020-INH1,All-nonleaky,415,1.7551447371698534,1.365687629044153,-0.14648716973145204,0.07101089297810344
CV-GE-B7,2020-INH1,B6R-all-EC-reference,415,1.7229910789108012,1.342343203346445,-0.10486542754650885,0.07140962252143364
CV-GE-B7,2020-INH1,Canopy-growth,415,1.7757389544027646,1.3971174702635554,-0.17354992611489428,0.04320305218553629
CV-GE-B7,2020-INH1,Grain-fill-maturity,415,1.6581777859466238,1.2970492784366108,-0.023305980078599742,0.06471370778930727
CV-GE-B7,2020-INH1,Process-MK,415,1.7520719839501873,1.3801456978316957,-0.14247634566660605,0.07465902093918532
CV-GE-B7,2020-INH1,Reproductive-transition,415,1.663234172380994,1.3051286344484925,-0.02955635874604856,0.07773007677882093
CV-GE-B7,2020-INH1,Stage-MK,415,1.7474009409514166,1.359538645997767,-0.13639275717697052,0.08391756691235074
CV-GE-B7,2020-INH1,Thermal,415,1.7039003651593108,1.3248954804124442,-0.08051728477776776,0.056571319681738626
CV-GE-B7,2020-INH1,Thermal+water-MK,415,1.9188069163592951,1.5035282402521102,-0.3702691399799394,0.07528030373522837
CV-GE-B7,2020-INH1,Vegetative,415,2.0538976791431782,1.6205487349254173,-0.5700046363848741,0.08069475337808882
CV-GE-B7,2020-INH1,Water-soil,415,1.9463881256919018,1.531902977600007,-0.40994515489340344,0.0712425793786416
CV-GE-B7,2020-MIH1,All-nonleaky,415,3.3004714622746962,3.029586599829898,-5.844010365606323,0.023300293724562857
CV-GE-B7,2020-MIH1,B6R-all-EC-reference,415,3.344601514186417,3.075249371029892,-6.028254167936451,0.022282729352788074
CV-GE-B7,2020-MIH1,Canopy-growth,415,3.5410748196869792,3.2980374672963224,-6.878234450179208,0.0377123860371337
CV-GE-B7,2020-MIH1,Grain-fill-maturity,415,3.237730610191869,2.9618709851185105,-5.58627889832784,0.04519747123219497
CV-GE-B7,2020-MIH1,Process-MK,415,4.209173233263234,4.002098006369742,-10.131464220758193,0.042689540949942796
CV-GE-B7,2020-MIH1,Reproductive-transition,415,3.076346780335055,2.8039511597467093,-4.946059818234085,0.05511838734852536
CV-GE-B7,2020-MIH1,Stage-MK,415,3.2934350565831347,3.0254758246062003,-5.814859439816581,0.027198600438731894
CV-GE-B7,2020-MIH1,Thermal,415,2.6849904267694638,2.3710209015359256,-3.5294365250223994,0.015717237559292337
CV-GE-B7,2020-MIH1,Thermal+water-MK,415,2.8982487304020914,2.598348257179562,-4.277521403565876,0.0237417740214048
CV-GE-B7,2020-MIH1,Vegetative,415,3.3837987037302804,3.113926720271276,-6.193955286438771,0.0212034236195458
CV-GE-B7,2020-MIH1,Water-soil,415,3.4391550387192438,3.187334475051693,-6.43125567559628,0.04894148099593864
CV-GE-B7,2020-MNH1,All-nonleaky,392,1.6165002555539647,1.246633209461704,-0.20875702216808478,0.2513849027566199
CV-GE-B7,2020-MNH1,B6R-all-EC-reference,392,1.6179963702880706,1.248110010633299,-0.21099553226334788,0.250854295218299
CV-GE-B7,2020-MNH1,Canopy-growth,392,1.8698392444902021,1.4864707088827682,-0.6173201449531596,0.2658308456895509
CV-GE-B7,2020-MNH1,Grain-fill-maturity,392,1.88719022833885,1.4902592642923573,-0.6474749248182676,0.17193716432040776
CV-GE-B7,2020-MNH1,Process-MK,392,1.6813241542865047,1.3045713737630225,-0.3076465106770898,0.24761045081282498
CV-GE-B7,2020-MNH1,Reproductive-transition,392,2.019412975909593,1.6302655893759637,-0.8864171667944858,0.23577188071057012
CV-GE-B7,2020-MNH1,Stage-MK,392,1.5173533020659393,1.161354593821015,-0.06502765038787217,0.23822535487680233
CV-GE-B7,2020-MNH1,Thermal,392,1.4703441499504433,1.1278219833628869,-5.860438816340796e-05,0.23222430827478552
CV-GE-B7,2020-MNH1,Thermal+water-MK,392,1.5093096296592083,1.154103484244755,-0.05376590024746464,0.20834462086144281
CV-GE-B7,2020-MNH1,Vegetative,392,1.634626132696649,1.2636830470177582,-0.23601667622297628,0.26508524880009177
CV-GE-B7,2020-MNH1,Water-soil,392,1.6411842631292521,1.2616673385932873,-0.24595438490846155,0.22247890095256367
CV-GE-B7,2020-NEH1,All-nonleaky,246,1.81518412384847,1.4676189024904434,0.012691209816572124,0.13325549273315232
CV-GE-B7,2020-NEH1,B6R-all-EC-reference,246,1.810552548506463,1.445140614067093,0.017723163409253728,0.13487599790686525
CV-GE-B7,2020-NEH1,Canopy-growth,246,1.846872560845665,1.5315679415656016,-0.022081418287494214,0.17583571599848266
CV-GE-B7,2020-NEH1,Grain-fill-maturity,246,2.180688461872137,1.6491187236075724,-0.424947573758383,0.16106457188935328
CV-GE-B7,2020-NEH1,Process-MK,246,1.8508626721433457,1.4173669008163632,-0.026502539845830064,0.1789919305689051
CV-GE-B7,2020-NEH1,Reproductive-transition,246,1.8773893633826133,1.4214268642959742,-0.05613720202282102,0.15232581602696513
CV-GE-B7,2020-NEH1,Stage-MK,246,1.8066226113483872,1.4574367986898837,0.021982743420392192,0.16322712290069408
CV-GE-B7,2020-NEH1,Thermal,246,2.499557406686078,1.9537143768002894,-0.8721380315986682,0.155263764484943
CV-GE-B7,2020-NEH1,Thermal+water-MK,246,2.238540860374003,1.7068662825460477,-0.5015565294774458,0.1623878462355049
CV-GE-B7,2020-NEH1,Vegetative,246,1.844626691822315,1.407733103603882,-0.019597148002380882,0.1835934294566125
CV-GE-B7,2020-NEH1,Water-soil,246,1.9071758579133207,1.5972296141236804,-0.08991622037555036,0.09703712575817851
CV-GE-B7,2020-NEH2,All-nonleaky,245,2.4983559848874606,2.2846682868513652,-3.540291244704026,0.02362342892234043
CV-GE-B7,2020-NEH2,B6R-all-EC-reference,245,2.496599220545521,2.282908066810285,-3.5339083132911924,0.024581826202031157
CV-GE-B7,2020-NEH2,Canopy-growth,245,2.2206006000440235,1.9994363627829639,-2.5868728178115123,-0.004580331321122868
CV-GE-B7,2020-NEH2,Grain-fill-maturity,245,2.3524043313702054,2.1316409224940056,-3.0253070412612253,-0.008172075804250669
CV-GE-B7,2020-NEH2,Process-MK,245,2.5315174829819087,2.320307152497416,-3.6616207073384484,-0.05381665387365021
CV-GE-B7,2020-NEH2,Reproductive-transition,245,2.7020578897005496,2.4920808168960127,-4.310854100786165,-0.11706133728001032
CV-GE-B7,2020-NEH2,Stage-MK,245,2.442951925688338,2.2296273823975428,-3.341151212040435,-0.01988035012553176
CV-GE-B7,2020-NEH2,Thermal,245,1.6223302661735493,1.3821914248092604,-0.9144922521210943,0.0020446125653172027
CV-GE-B7,2020-NEH2,Thermal+water-MK,245,2.4240227361821884,2.208977852100785,-3.2741371140173623,-0.022820908882555526
CV-GE-B7,2020-NEH2,Vegetative,245,1.5068247980131637,1.2496394885029216,-0.6515837069857322,-0.0737494751220471
CV-GE-B7,2020-NEH2,Water-soil,245,1.9253000864074616,1.692644168616952,-1.6963231026208034,0.019313635015231794
CV-GE-B7,2020-NYH1,All-nonleaky,22,1.923153472190281,1.4391323921185866,-0.15598477684108403,0.20785748600146975
CV-GE-B7,2020-NYH1,B6R-all-EC-reference,22,1.9203938262525402,1.4330478632822496,-0.15266957615390409,0.20309276015708055
CV-GE-B7,2020-NYH1,Canopy-growth,22,3.0202167073229584,2.5056689836393002,-1.8510211531062266,0.057995166160471685
CV-GE-B7,2020-NYH1,Grain-fill-maturity,22,2.2074481971188344,1.6695040710672806,-0.5230188183570572,0.10027362373912031
CV-GE-B7,2020-NYH1,Process-MK,22,1.9492359014622176,1.4815140249301664,-0.18755308346697808,0.08549995547481327
CV-GE-B7,2020-NYH1,Reproductive-transition,22,2.048571996569039,1.5216504694983903,-0.31167636070029725,0.05776720890168194
CV-GE-B7,2020-NYH1,Stage-MK,22,2.1221160652729174,1.613471975894682,-0.40754566811228843,0.15923787713657703
CV-GE-B7,2020-NYH1,Thermal,22,1.866270005467738,1.452680341958879,-0.08861215848782256,0.12405903122199452
CV-GE-B7,2020-NYH1,Thermal+water-MK,22,1.815579740679069,1.4518520571472857,-0.030279086356529206,0.1189180523070848
CV-GE-B7,2020-NYH1,Vegetative,22,1.9703699799232028,1.75228657194582,-0.21344415021172036,0.09126437231493753
CV-GE-B7,2020-NYH1,Water-soil,22,1.8769426756043142,1.4549630881748195,-0.10109869002603267,0.07837023164051836
CV-GE-B7,2020-NYH2,All-nonleaky,386,2.229156778289752,1.7164144072743837,-0.09168738940908683,0.09963485272372556
CV-GE-B7,2020-NYH2,B6R-all-EC-reference,386,2.1834954029648515,1.6831992147129347,-0.04742185103051999,0.09748924680715376
CV-GE-B7,2020-NYH2,Canopy-growth,386,2.1835993016923267,1.6880579451147322,-0.04752153375618051,0.12214178923270166
CV-GE-B7,2020-NYH2,Grain-fill-maturity,386,2.1271166622998345,1.6716170747952817,0.005969557338025733,0.1273830296450823
CV-GE-B7,2020-NYH2,Process-MK,386,2.2190483225388546,1.7589941962248947,-0.0818089876740955,0.09387628513963381
CV-GE-B7,2020-NYH2,Reproductive-transition,386,2.1502505591425423,1.6941840091158757,-0.01576958457552924,0.11550926370023878
CV-GE-B7,2020-NYH2,Stage-MK,386,2.1263038421418132,1.643929816433333,0.00672909594183968,0.09947518550050394
CV-GE-B7,2020-NYH2,Thermal,386,2.616418780339708,2.140576785426054,-0.5039437095274131,0.10709155240739641
CV-GE-B7,2020-NYH2,Thermal+water-MK,386,2.969162136776622,2.485273377424788,-0.936800521693613,0.10397017182876211
CV-GE-B7,2020-NYH2,Vegetative,386,2.14666151168628,1.6539733849844382,-0.01238151177584701,0.10017487460747744
CV-GE-B7,2020-NYH2,Water-soil,386,2.75432144700081,2.2734039717696333,-0.6666573182634838,0.10383069931455517
CV-GE-B7,2020-NYH3,All-nonleaky,379,2.364400127956633,1.8509731923633495,-0.12760646152736888,-0.011139717695335147
CV-GE-B7,2020-NYH3,B6R-all-EC-reference,379,2.40833900469006,1.9054140823263355,-0.16990567141598745,-0.010630461708505163
CV-GE-B7,2020-NYH3,Canopy-growth,379,2.3535662061660862,1.7544930815529796,-0.11729652144858593,-0.01732859421361454
CV-GE-B7,2020-NYH3,Grain-fill-maturity,379,2.2847256342547824,1.7126110915466068,-0.05289173447942441,-0.012213257154726764
CV-GE-B7,2020-NYH3,Process-MK,379,2.27057479700076,1.724449831818333,-0.03988959655656488,-0.025540247981757178
CV-GE-B7,2020-NYH3,Reproductive-transition,379,2.295991518186867,1.7584597013939056,-0.06330086264796786,-0.05216735437592885
CV-GE-B7,2020-NYH3,Stage-MK,379,2.274312718880551,1.7287344019562962,-0.043316240399212,-0.023625662849548847
CV-GE-B7,2020-NYH3,Thermal,379,2.3978066451752262,1.8948990444912146,-0.15969537828828195,-0.009797543774588241
CV-GE-B7,2020-NYH3,Thermal+water-MK,379,2.3233643694676385,1.8002901944897116,-0.08880537757751483,-0.0214044768142868
CV-GE-B7,2020-NYH3,Vegetative,379,2.46246824785101,1.9648762092465608,-0.22308569263785305,-0.026374082208881624
CV-GE-B7,2020-NYH3,Water-soil,379,2.462531053968794,1.9682554524582423,-0.2231480838940776,-0.02257191298298344
CV-GE-B7,2020-OHH1,All-nonleaky,396,2.7847850565025065,2.5074385164095436,-3.8344403898157795,0.10142485082662112
CV-GE-B7,2020-OHH1,B6R-all-EC-reference,396,2.7075433541780787,2.4263533498637146,-3.5699735752233117,0.10189817757980014
CV-GE-B7,2020-OHH1,Canopy-growth,396,3.2245595609058415,2.9622517591585273,-5.481919847230195,0.0853733687449161
CV-GE-B7,2020-OHH1,Grain-fill-maturity,396,3.0646705055917387,2.780760242941357,-4.855047563562265,0.07823204098707137
CV-GE-B7,2020-OHH1,Process-MK,396,3.098499282340409,2.8370566479011807,-4.985020603312363,0.10706853307424057
CV-GE-B7,2020-OHH1,Reproductive-transition,396,2.623229889323782,2.3326644884344145,-3.289785275246741,0.08557947687197534
CV-GE-B7,2020-OHH1,Stage-MK,396,2.7545519718360354,2.4801523818245585,-3.7300397645042613,0.10150062540603803
CV-GE-B7,2020-OHH1,Thermal,396,2.3446204905622876,2.032827598896721,-2.426951532861205,0.0750388712168793
CV-GE-B7,2020-OHH1,Thermal+water-MK,396,1.8582221298174542,1.553073233813919,-1.152574076177061,0.08002482361268584
CV-GE-B7,2020-OHH1,Vegetative,396,3.669716554002302,3.4482010100072795,-7.3951390142949815,0.11593471823026612
CV-GE-B7,2020-OHH1,Water-soil,396,1.5637604131714524,1.2956341728150025,-0.5244152313121699,0.08372429324216606
CV-GE-B7,2020-SCH1,All-nonleaky,398,3.7790090396732388,3.5565008941717533,-7.988338091147954,0.0013875184371793816
CV-GE-B7,2020-SCH1,B6R-all-EC-reference,398,3.737135795195316,3.5123709536532726,-7.790251402865984,-0.001036465693143383
CV-GE-B7,2020-SCH1,Canopy-growth,398,4.884083635723538,4.7099273283307275,-14.01376876333773,-0.007037042599666167
CV-GE-B7,2020-SCH1,Grain-fill-maturity,398,4.717046490151293,4.539702604227269,-13.004378865456797,0.009173505527661552
CV-GE-B7,2020-SCH1,Process-MK,398,4.489274980671333,4.300957684004666,-11.684575978830637,-0.02109442386506856
CV-GE-B7,2020-SCH1,Reproductive-transition,398,3.1720957284766147,2.9189615405478198,-5.333096541602021,-0.03711649000491144
CV-GE-B7,2020-SCH1,Stage-MK,398,3.8405557193534943,3.621881921518034,-8.28349865499146,-0.023780104074970613
CV-GE-B7,2020-SCH1,Thermal,398,4.211448632492958,4.0113317659238925,-10.163144695778437,0.027888662297521436
CV-GE-B7,2020-SCH1,Thermal+water-MK,398,4.408699335627903,4.219293623542291,-11.23332466749158,0.016683095230756294
CV-GE-B7,2020-SCH1,Vegetative,398,4.65773246402501,4.470598330512657,-12.65439987121756,-0.03239274984159249
CV-GE-B7,2020-SCH1,Water-soil,398,4.260350419592312,4.064375434517486,-10.423894454179882,0.001133793475685273
CV-GE-B7,2020-TXH1,All-nonleaky,246,1.8325719692017783,1.411210554635817,-0.22085401874440724,0.11370944105708061
CV-GE-B7,2020-TXH1,B6R-all-EC-reference,246,1.8355754035877536,1.4139854716490938,-0.2248590562069055,0.11307011289462758
CV-GE-B7,2020-TXH1,Canopy-growth,246,2.3978996003508075,1.9729246062923673,-1.090276071627735,0.07029798721675778
CV-GE-B7,2020-TXH1,Grain-fill-maturity,246,1.7889896466560908,1.374565280304525,-0.16347568828083103,0.058292460282543535
CV-GE-B7,2020-TXH1,Process-MK,246,1.7391602365963155,1.336091743327491,-0.099564862283541,0.13733997722024605
CV-GE-B7,2020-TXH1,Reproductive-transition,246,2.738506775010693,2.336406650881885,-1.7262727194450784,0.2248295165155853
CV-GE-B7,2020-TXH1,Stage-MK,246,1.7261374192365795,1.3233247230915441,-0.083159449853617,0.16495735178625506
CV-GE-B7,2020-TXH1,Thermal,246,1.781306664731354,1.386501453394605,-0.15350383841848725,0.011797954327269856
CV-GE-B7,2020-TXH1,Thermal+water-MK,246,2.047277334412956,1.6587472946925763,-0.5236843788711203,0.06937200079855797
CV-GE-B7,2020-TXH1,Vegetative,246,1.6160069644380821,1.2414261271852527,0.050646152975285075,0.22684922664177662
CV-GE-B7,2020-TXH1,Water-soil,246,1.7213014092029404,1.3206138588805005,-0.07709871310753824,0.10057494396416233
CV-GE-B7,2020-TXH2,All-nonleaky,245,3.050292550711392,2.7254657565540006,-2.815110848888068,0.0067139179350246235
CV-GE-B7,2020-TXH2,B6R-all-EC-reference,245,3.069140395290242,2.7458093188720425,-2.8624038685885096,0.01646678099693844
CV-GE-B7,2020-TXH2,Canopy-growth,245,4.871631634415819,4.630781848929603,-8.731349190234857,0.014416016050562148
CV-GE-B7,2020-TXH2,Grain-fill-maturity,245,2.785103226943812,2.449945487161281,-2.1805832370518887,0.05198359121058896
CV-GE-B7,2020-TXH2,Process-MK,245,3.661540915856149,3.374026942724013,-4.497331869815456,0.08739014358591368
CV-GE-B7,2020-TXH2,Reproductive-transition,245,3.7382552762892027,3.456136406781224,-4.730098435995396,0.14654455832759503
CV-GE-B7,2020-TXH2,Stage-MK,245,3.149839938583453,2.836872900066239,-3.068189208783881,0.1001621920894668
CV-GE-B7,2020-TXH2,Thermal,245,1.7618479143835553,1.4125496895723153,-0.2728024602596175,-0.0078608327208459
CV-GE-B7,2020-TXH2,Thermal+water-MK,245,2.078617423189241,1.7173770675249957,-0.7716311155321451,0.02152920278314933
CV-GE-B7,2020-TXH2,Vegetative,245,3.136923630046927,2.8185513217095544,-3.034893389081102,0.07289713973116715
CV-GE-B7,2020-TXH2,Water-soil,245,2.8024837762684855,2.468174522363415,-2.220404219426844,0.023415365688440205
CV-GE-B7,2020-TXH3,All-nonleaky,246,1.9428795149553584,1.6215412089596561,-1.2922033097383072,-0.01931684475563279
CV-GE-B7,2020-TXH3,B6R-all-EC-reference,246,2.027832860573477,1.7059637807019432,-1.4970412089224139,-0.017140379421277864
CV-GE-B7,2020-TXH3,Canopy-growth,246,1.8385768117674726,1.5198928521517072,-1.0526975015645252,-0.04388962615394686
CV-GE-B7,2020-TXH3,Grain-fill-maturity,246,1.9995650321274507,1.6762716048781205,-1.4279093265639493,-0.00489215888329685
CV-GE-B7,2020-TXH3,Process-MK,246,1.6942579811819114,1.3806840244318646,-0.7430926719372741,-0.04437843237637233
CV-GE-B7,2020-TXH3,Reproductive-transition,246,1.5198446204683647,1.2267945211639226,-0.40268378968076557,-0.07839036414652345
CV-GE-B7,2020-TXH3,Stage-MK,246,1.9017889462667728,1.5760104866728233,-1.1962715427889776,-0.053256891876975986
CV-GE-B7,2020-TXH3,Thermal,246,1.5733596957406741,1.2485524105893664,-0.5032023234176484,-0.0340348904446999
CV-GE-B7,2020-TXH3,Thermal+water-MK,246,1.3323309578474916,1.0751879933527981,-0.07791777909526565,-0.018154711399882915
CV-GE-B7,2020-TXH3,Vegetative,246,1.8529080667625946,1.518971693995667,-1.084822766205635,-0.07174054238254358
CV-GE-B7,2020-TXH3,Water-soil,246,1.584137946529254,1.2819775393403965,-0.5238681469348427,-0.01870965458799811
CV-GE-B7,2020-WIH1,All-nonleaky,394,2.2080259370415254,1.7801141580113695,-0.11871204251268952,0.11848775969966165
CV-GE-B7,2020-WIH1,B6R-all-EC-reference,394,2.1896501095033503,1.7629039132541673,-0.1001690376517177,0.12379594693054655
CV-GE-B7,2020-WIH1,Canopy-growth,394,2.2586007869062725,1.7420302251121942,-0.1705471775284817,0.14309969699973818
CV-GE-B7,2020-WIH1,Grain-fill-maturity,394,2.076179913395834,1.6358290949002254,0.010900592009049248,0.13754794715539428
CV-GE-B7,2020-WIH1,Process-MK,394,2.2307087998410062,1.8007919068092995,-0.14181497078306005,0.11761852272685673
CV-GE-B7,2020-WIH1,Reproductive-transition,394,2.0769034073686696,1.6482067530358706,0.010211121755756447,0.1220918489029137
CV-GE-B7,2020-WIH1,Stage-MK,394,2.5490862963601355,2.101136481517601,-0.4910048233841364,0.08015090554622864
CV-GE-B7,2020-WIH1,Thermal,394,2.4351861849635146,1.9823426555310395,-0.3607373778065721,0.16168313287832992
CV-GE-B7,2020-WIH1,Thermal+water-MK,394,2.176498813321914,1.7459225755729644,-0.08699323518217916,0.14583607877892618
CV-GE-B7,2020-WIH1,Vegetative,394,2.292281051693088,1.862295113750325,-0.2057178788508125,0.12431022426433459
CV-GE-B7,2020-WIH1,Water-soil,394,2.2264353744847076,1.798981346094861,-0.1374443535199512,0.10073132221206167
CV-GE-B7,2020-WIH2,All-nonleaky,1147,2.7691122245225324,2.2885563613264694,-0.07592254914601382,0.02461532712504501
CV-GE-B7,2020-WIH2,B6R-all-EC-reference,1147,2.7744909604294583,2.2936218239721438,-0.08010636202612309,0.024368031576142268
CV-GE-B7,2020-WIH2,Canopy-growth,1147,2.8838986625594223,2.411896392849462,-0.16697052540191515,0.030610502879381114
CV-GE-B7,2020-WIH2,Grain-fill-maturity,1147,2.849161005431074,2.3656301269073547,-0.13902663419294248,0.02702314844805813
CV-GE-B7,2020-WIH2,Process-MK,1147,2.78611455227181,2.319198842343871,-0.08917542323838346,0.0359254623946694
CV-GE-B7,2020-WIH2,Reproductive-transition,1147,2.8019048999339518,2.3331612963471278,-0.10155624573546995,0.03866122514927756
CV-GE-B7,2020-WIH2,Stage-MK,1147,2.770757602001256,2.28170845657053,-0.07720153283039832,0.030071153105284923
CV-GE-B7,2020-WIH2,Thermal,1147,2.944014394674624,2.4700025950218047,-0.2161293058856546,0.036622070626273207
CV-GE-B7,2020-WIH2,Thermal+water-MK,1147,2.7570698911652505,2.2809952723343745,-0.0665849390799611,0.03343345016598675
CV-GE-B7,2020-WIH2,Vegetative,1147,2.9217313707235744,2.4165425744652596,-0.19778939341404445,0.032635731848728644
CV-GE-B7,2020-WIH2,Water-soil,1147,2.784561657493015,2.264564018649104,-0.0879616156680243,0.008665360615514001
CV-GE-B7,2021-DEH1,All-nonleaky,1138,2.7672212448907105,2.3938549778094385,-1.0158356472070853,0.32154746180032856
CV-GE-B7,2021-DEH1,B6R-all-EC-reference,1138,2.724643500423782,2.351572132471237,-0.9542797255374691,0.3208511878812248
CV-GE-B7,2021-DEH1,Canopy-growth,1138,2.50059590855518,2.1325707608970363,-0.6460930710881647,0.33821935186627555
CV-GE-B7,2021-DEH1,Grain-fill-maturity,1138,2.7784094873124547,2.4031493270159814,-1.032169181549388,0.3347324629901942
CV-GE-B7,2021-DEH1,Process-MK,1138,2.7255138980425944,2.35812387098611,-0.9555285289973194,0.3464429626274072
CV-GE-B7,2021-DEH1,Reproductive-transition,1138,2.4657011511510203,2.1044388504957015,-0.6004725511040707,0.3638141434260808
CV-GE-B7,2021-DEH1,Stage-MK,1138,3.0746703593445326,2.7035378628195934,-1.4886537491305183,0.33490423643526795
CV-GE-B7,2021-DEH1,Thermal,1138,2.718151022239923,2.350344918225957,-0.9449772231024407,0.34664141075828636
CV-GE-B7,2021-DEH1,Thermal+water-MK,1138,3.240525520779586,2.870762093458355,-1.7643832098566623,0.3361868562661455
CV-GE-B7,2021-DEH1,Vegetative,1138,2.554793802143927,2.1795990784589585,-0.7182211561898981,0.3534765449971297
CV-GE-B7,2021-DEH1,Water-soil,1138,2.9019165224431402,2.509393863878618,-1.2168544744183665,0.25627172132681186
CV-GE-B7,2021-GAH2,All-nonleaky,321,4.5990239627341785,4.068599727885367,-3.320889950843708,0.11969322009017644
CV-GE-B7,2021-GAH2,B6R-all-EC-reference,321,4.593689965475173,4.0626132705835465,-3.310872934230863,0.1186048263308899
CV-GE-B7,2021-GAH2,Canopy-growth,321,4.926518669965992,4.420882358612442,-3.9581781420696016,0.08088359597269949
CV-GE-B7,2021-GAH2,Grain-fill-maturity,321,4.318853865855553,3.7617069052232033,-2.8104729172441916,0.10118683062811809
CV-GE-B7,2021-GAH2,Process-MK,321,4.780633750393463,4.269820629437199,-3.668881022392683,0.14062927414679896
CV-GE-B7,2021-GAH2,Reproductive-transition,321,4.2269962863969,3.6694398866109035,-2.6501069784415683,0.16802404552870398
CV-GE-B7,2021-GAH2,Stage-MK,321,4.870515341329108,4.368026653066001,-3.8460924140648522,0.13984169348598996
CV-GE-B7,2021-GAH2,Thermal,321,3.775557579867877,3.1470285797248447,-1.9120850609115494,0.08179338110898988
CV-GE-B7,2021-GAH2,Thermal+water-MK,321,3.8578410213410206,3.2481618624742943,-2.04039853069742,0.12501702034252443
CV-GE-B7,2021-GAH2,Vegetative,321,4.251350853826587,3.689806308723389,-2.6922895911240237,0.14298145351819197
CV-GE-B7,2021-GAH2,Water-soil,321,4.156007632437189,3.582899024203635,-2.528535843495927,0.1249495563189344
CV-GE-B7,2021-IAH4,All-nonleaky,1124,1.576732974790199,1.2566102777158716,0.017747021207685232,0.45963886220300276
CV-GE-B7,2021-IAH4,B6R-all-EC-reference,1124,1.6403908983094764,1.3131410626870994,-0.06316765592108076,0.4607825467992333
CV-GE-B7,2021-IAH4,Canopy-growth,1124,2.053865470784288,1.713235600612383,-0.6666754615601942,0.47389967434637387
CV-GE-B7,2021-IAH4,Grain-fill-maturity,1124,2.046305910881715,1.6758424889142698,-0.6544291423135336,0.4588754131038192
CV-GE-B7,2021-IAH4,Process-MK,1124,1.6499106611897199,1.3194678944829497,-0.07554333070968777,0.4801487496687307
CV-GE-B7,2021-IAH4,Reproductive-transition,1124,1.5177469817727578,1.2118212246067912,0.08986501271865888,0.48691679108132674
CV-GE-B7,2021-IAH4,Stage-MK,1124,1.5621526904943268,1.2443146345516447,0.03582910772589942,0.4782678909968011
CV-GE-B7,2021-IAH4,Thermal,1124,1.9622892482068213,1.6093855951340812,-0.5213638850135971,0.4553681042941285
CV-GE-B7,2021-IAH4,Thermal+water-MK,1124,1.9683698549681012,1.6009829786796788,-0.5308070885872069,0.4370239754130472
CV-GE-B7,2021-IAH4,Vegetative,1124,1.464692402739172,1.1596993422570345,0.1523825055083452,0.47901025613143694
CV-GE-B7,2021-IAH4,Water-soil,1124,1.9861092259023765,1.6205539472671915,-0.5585233437856936,0.4547679685284133
CV-GE-B7,2021-ILH1,All-nonleaky,402,1.7933186170673387,1.3892747392824594,-0.26350787038933676,-0.1034851261523111
CV-GE-B7,2021-ILH1,B6R-all-EC-reference,402,1.7921151243184938,1.3880618517871357,-0.2618125639310356,-0.10353961433326614
CV-GE-B7,2021-ILH1,Canopy-growth,402,1.7440377704627108,1.3319556457298063,-0.1950189982433146,-0.1092634481642237
CV-GE-B7,2021-ILH1,Grain-fill-maturity,402,3.1039362868918356,2.73275185815373,-2.785198275544903,-0.053514002255479594
CV-GE-B7,2021-ILH1,Process-MK,402,1.7558429834235614,1.37687340463936,-0.2112516738891672,-0.09724630009499459
CV-GE-B7,2021-ILH1,Reproductive-transition,402,2.1589428498054755,1.7542387438464973,-0.8312402675511232,-0.07537252600844123
CV-GE-B7,2021-ILH1,Stage-MK,402,2.145531453896045,1.7434908390991768,-0.8085595317261671,-0.08772003496586406
CV-GE-B7,2021-ILH1,Thermal,402,1.7339620543122796,1.3144144756794538,-0.18125107242523075,-0.10645301289098213
CV-GE-B7,2021-ILH1,Thermal+water-MK,402,1.8929716328779722,1.5119887547569666,-0.40783335062090575,-0.09462474643380725
CV-GE-B7,2021-ILH1,Vegetative,402,1.7501180731243895,1.326347993191078,-0.20336600002777083,-0.08664561310754457
CV-GE-B7,2021-ILH1,Water-soil,402,2.1183519964645936,1.7271772096544964,-0.76302832660742,-0.09380653863614624
CV-GE-B7,2021-INH1,All-nonleaky,411,1.5925465801854228,1.248944870987441,-0.3209118942802551,0.10530801269730877
CV-GE-B7,2021-INH1,B6R-all-EC-reference,411,1.6427151997421658,1.2996059242163642,-0.40544584017020435,0.10444200832764686
CV-GE-B7,2021-INH1,Canopy-growth,411,1.8983424943055176,1.5534268082478149,-0.8768894892370809,0.07095961347269818
CV-GE-B7,2021-INH1,Grain-fill-maturity,411,1.783012666411315,1.4200607411097466,-0.6557639396036286,0.0700551582858289
CV-GE-B7,2021-INH1,Process-MK,411,1.4206394068937456,1.0890816290487246,-0.05113204888181855,0.11254633758585862
CV-GE-B7,2021-INH1,Reproductive-transition,411,1.4061820418486648,1.0755969777853613,-0.02984688059891516,0.09542515811631232
CV-GE-B7,2021-INH1,Stage-MK,411,1.7187896303690664,1.3827239599492256,-0.5386328943808689,0.11359607415601998
CV-GE-B7,2021-INH1,Thermal,411,1.4276397886133516,1.088163621814044,-0.06151674620557124,0.07340971889767883
CV-GE-B7,2021-INH1,Thermal+water-MK,411,1.455737608273578,1.1161572638941162,-0.10371200682117698,0.08104853244009731
CV-GE-B7,2021-INH1,Vegetative,411,1.3930697490935284,1.061809761359301,-0.010730302077664122,0.1267842890476923
CV-GE-B7,2021-INH1,Water-soil,411,1.6890174211754192,1.3508132104083257,-0.4857913353696466,0.1011675916693863
CV-GE-B7,2021-MIH1,All-nonleaky,417,1.7146884255418229,1.4051727509288858,-0.3675769029068048,0.2574353844220796
CV-GE-B7,2021-MIH1,B6R-all-EC-reference,417,1.6962857981822177,1.3861935723492105,-0.338379811175318,0.2572685315063865
CV-GE-B7,2021-MIH1,Canopy-growth,417,2.001671235564452,1.6846274040096731,-0.8636605896582239,0.25278396702020056
CV-GE-B7,2021-MIH1,Grain-fill-maturity,417,1.8336819825109887,1.5127388553223777,-0.563973392188905,0.2508571712904826
CV-GE-B7,2021-MIH1,Process-MK,417,2.1491555847919175,1.846695488485491,-1.1484093717519626,0.25647902886269724
CV-GE-B7,2021-MIH1,Reproductive-transition,417,1.5657894867842126,1.2617985399157434,-0.14037600407094608,0.2638148992832351
CV-GE-B7,2021-MIH1,Stage-MK,417,1.7296713147181089,1.422949541043591,-0.39158100118800765,0.2613097283307733
CV-GE-B7,2021-MIH1,Thermal,417,1.808261733208277,1.4864593577155853,-0.5209113759924466,0.2506196612912967
CV-GE-B7,2021-MIH1,Thermal+water-MK,417,2.231736756523425,1.9311886475025644,-1.3166864435351888,0.250293645934056
CV-GE-B7,2021-MIH1,Vegetative,417,2.417312039373919,2.11961859602484,-1.7179831177110407,0.2706853750534462
CV-GE-B7,2021-MIH1,Water-soil,417,2.1289702463622873,1.8364073695030305,-1.1082422313631382,0.207342802114233
CV-GE-B7,2021-MNH1,All-nonleaky,415,1.4332701747810206,1.111407722428346,-0.10621358165781292,0.05749857771133852
CV-GE-B7,2021-MNH1,B6R-all-EC-reference,415,1.4478394133640569,1.121727512627306,-0.12881727944005528,0.05820141752397918
CV-GE-B7,2021-MNH1,Canopy-growth,415,1.7302192498120343,1.3539444453470917,-0.612074610276903,0.04201299232662744
CV-GE-B7,2021-MNH1,Grain-fill-maturity,415,1.8857083076941912,1.5583630369519483,-0.9148373400318266,0.08837647993911457
CV-GE-B7,2021-MNH1,Process-MK,415,1.4834018842553112,1.1556130887924159,-0.18495132695983618,0.0530581086552802
CV-GE-B7,2021-MNH1,Reproductive-transition,415,1.4120037215671217,1.0960083217651513,-0.07362976124395848,0.06962498782975544
CV-GE-B7,2021-MNH1,Stage-MK,415,1.4405968945191379,1.1227269694496391,-0.11755217329086332,0.07114331042697414
CV-GE-B7,2021-MNH1,Thermal,415,1.4508551206281948,1.1223082989074706,-0.13352460778996478,0.049763437114601364
CV-GE-B7,2021-MNH1,Thermal+water-MK,415,1.6000770035125578,1.2774799069932024,-0.37868365247158153,0.057980440614768175
CV-GE-B7,2021-MNH1,Vegetative,415,1.555731307026353,1.2084234085248904,-0.30332294710571883,0.04421593909399903
CV-GE-B7,2021-MNH1,Water-soil,415,1.3973133888347067,1.0897800625884642,-0.051406118044304616,0.05553268490510553
CV-GE-B7,2021-NEH1,All-nonleaky,247,3.299691256654589,2.604925461273119,-0.16372464279450316,0.013732271073130123
CV-GE-B7,2021-NEH1,B6R-all-EC-reference,247,3.3466031349217995,2.626565134540462,-0.19704932485628368,0.01317449052252663
CV-GE-B7,2021-NEH1,Canopy-growth,247,3.0917002177483544,2.5325051513814203,-0.021641137738120708,0.08881424727590582
CV-GE-B7,2021-NEH1,Grain-fill-maturity,247,3.102174141527574,2.6182313710632563,-0.028575003342193872,0.0570039501564876
CV-GE-B7,2021-NEH1,Process-MK,247,3.2460336469616298,2.5817445804568395,-0.12618477919008408,-0.020538122599202492
CV-GE-B7,2021-NEH1,Reproductive-transition,247,3.263346906562968,2.5859534143224554,-0.13823020403161057,0.03453072401305403
CV-GE-B7,2021-NEH1,Stage-MK,247,3.223729511925224,2.579091683260058,-0.11076147630849231,-0.06450942314993505
CV-GE-B7,2021-NEH1,Thermal,247,3.107670539001788,2.61990710073509,-0.03222306767273664,0.012353010836048402
CV-GE-B7,2021-NEH1,Thermal+water-MK,247,3.249426118920902,2.5769330164875477,-0.12853998998176674,0.08123929728408233
CV-GE-B7,2021-NEH1,Vegetative,247,3.6717688834866604,2.7926217995034155,-0.44096785629232294,-0.13054706931159088
CV-GE-B7,2021-NEH1,Water-soil,247,3.1688364402350153,2.559665252492211,-0.07325585451568983,-0.03437321418139215
CV-GE-B7,2021-NEH2,All-nonleaky,247,2.084870559147349,1.6689888612889898,-0.3978595586735574,-0.08467088825948867
CV-GE-B7,2021-NEH2,B6R-all-EC-reference,247,2.1157736544363064,1.6966211925877193,-0.4396063621540478,-0.08959700994719118
CV-GE-B7,2021-NEH2,Canopy-growth,247,2.437964181079133,2.0208333654533175,-0.9114370001993175,0.004181477104835548
CV-GE-B7,2021-NEH2,Grain-fill-maturity,247,2.4584171906643917,2.0313229460189572,-0.9436430756593492,-0.030223470122183092
CV-GE-B7,2021-NEH2,Process-MK,247,2.7442901676667972,2.3392025815348947,-1.4219513016826033,-0.09705970037612946
CV-GE-B7,2021-NEH2,Reproductive-transition,247,2.6103945991955033,2.1962076742124057,-1.1913798894984065,-0.04429462020577468
CV-GE-B7,2021-NEH2,Stage-MK,247,2.2757956202494882,1.8540929297809126,-0.6656044093195748,-0.10417012980993182
CV-GE-B7,2021-NEH2,Thermal,247,4.916361269456155,4.619087614640281,-6.7730761914364805,-0.06498680382834573
CV-GE-B7,2021-NEH2,Thermal+water-MK,247,3.076667487474275,2.679165196613865,-2.044152966435508,-0.038880327406789615
CV-GE-B7,2021-NEH2,Vegetative,247,1.8525969287256663,1.408194980382632,-0.10374113069787749,-0.09879634616790361
CV-GE-B7,2021-NEH2,Water-soil,247,2.6647247287715925,2.254928604597609,-1.283547510189973,-0.0865641587710874
CV-GE-B7,2021-NYH1,All-nonleaky,22,2.781676824354173,2.438944089279452,-1.674760524319192,0.11390431657276641
CV-GE-B7,2021-NYH1,B6R-all-EC-reference,22,2.740672341378113,2.4000497827497997,-1.5964848597469317,0.10154456585838015
CV-GE-B7,2021-NYH1,Canopy-growth,22,2.8464939846910675,2.4562968540244365,-1.8008645150101623,0.020978394824213847
CV-GE-B7,2021-NYH1,Grain-fill-maturity,22,2.40987117654937,2.0480600903303667,-1.0075169241276902,0.030986639393050408
CV-GE-B7,2021-NYH1,Process-MK,22,2.4821796349605108,2.1754426938889937,-1.129795852070517,0.1343859742548155
CV-GE-B7,2021-NYH1,Reproductive-transition,22,1.9891404515016615,1.6015094471712978,-0.3677365709300575,0.017163190943740518
CV-GE-B7,2021-NYH1,Stage-MK,22,2.357297161365328,2.0509299347670122,-0.9208799661441633,0.07619355438129612
CV-GE-B7,2021-NYH1,Thermal,22,1.851160657949982,1.4431404785688924,-0.18456742129411974,0.07274733003366923
CV-GE-B7,2021-NYH1,Thermal+water-MK,22,2.1605707551136426,1.836086249790261,-0.6136470458630867,0.053979404335663214
CV-GE-B7,2021-NYH1,Vegetative,22,3.5625189947344293,3.21384337531877,-3.387184894979291,0.10576264171603507
CV-GE-B7,2021-NYH1,Water-soil,22,2.438690483608371,2.124955869159768,-1.055819247145581,0.03630130124458953
CV-GE-B7,2021-NYH2,All-nonleaky,396,2.1156648215701552,1.7232181364687988,-0.5664721323266644,0.10843793641824254
CV-GE-B7,2021-NYH2,B6R-all-EC-reference,396,2.118798347912253,1.7259904797479342,-0.5711157948846468,0.10793723385247918
CV-GE-B7,2021-NYH2,Canopy-growth,396,1.7003376405978736,1.3062064593191127,-0.011810731646086925,0.10914678573282227
CV-GE-B7,2021-NYH2,Grain-fill-maturity,396,1.7086129561175487,1.3326972866964937,-0.021683392362325637,0.1082259661545229
CV-GE-B7,2021-NYH2,Process-MK,396,2.065138719111641,1.6757813871420197,-0.4925448907062313,0.10676804493018666
CV-GE-B7,2021-NYH2,Reproductive-transition,396,1.7055564303813757,1.3352836135921284,-0.018031297377469224,0.10447627078470044
CV-GE-B7,2021-NYH2,Stage-MK,396,2.0541046876280373,1.6669710201062597,-0.4766381713985717,0.11341867661681371
CV-GE-B7,2021-NYH2,Thermal,396,2.0406381012297965,1.654112738132315,-0.45734013629821146,0.10913425566509574
CV-GE-B7,2021-NYH2,Thermal+water-MK,396,1.874069111291795,1.4979485773180106,-0.2291365938948544,0.10484079724014757
CV-GE-B7,2021-NYH2,Vegetative,396,2.6175329168547643,2.2190655950982916,-1.3978016085367893,0.0944705405482835
CV-GE-B7,2021-NYH2,Water-soil,396,1.7557662198741324,1.3834378085579921,-0.07885311972579934,0.10579061157197708
CV-GE-B7,2021-NYH3,All-nonleaky,357,2.8465214994008186,2.479229694945645,-2.2501999848522285,0.034738737709778277
CV-GE-B7,2021-NYH3,B6R-all-EC-reference,357,2.8132122589628485,2.444528225233649,-2.1745790784466714,0.03060338461710375
CV-GE-B7,2021-NYH3,Canopy-growth,357,1.778854617017216,1.3913027119695127,-0.2692935055501877,-0.05892960113589103
CV-GE-B7,2021-NYH3,Grain-fill-maturity,357,1.6835975496715576,1.2999085768660574,-0.13699280722002571,-0.025032953937462826
CV-GE-B7,2021-NYH3,Process-MK,357,2.5647025030864254,2.198086617169611,-1.63848809290586,0.07108869904288942
CV-GE-B7,2021-NYH3,Reproductive-transition,357,1.6728601875772295,1.3046029531747398,-0.1225364147746415,-0.03143608156328104
CV-GE-B7,2021-NYH3,Stage-MK,357,2.118895162254931,1.7382687709027116,-0.8009434915602589,0.04393091887633012
CV-GE-B7,2021-NYH3,Thermal,357,2.045288968181872,1.655638115537431,-0.6779943687867311,0.02720116282731447
CV-GE-B7,2021-NYH3,Thermal+water-MK,357,2.371549115214061,1.9800137144409462,-1.256032720058184,0.015060000368655848
CV-GE-B7,2021-NYH3,Vegetative,357,3.570876837834109,3.2454973848337265,-4.114826303582299,0.04712890869693841
CV-GE-B7,2021-NYH3,Water-soil,357,1.763878157215604,1.4076831946755346,-0.24801070831366467,0.015946648372590248
CV-GE-B7,2021-SCH1,All-nonleaky,397,1.7349172851504187,1.3314630308497202,-0.11583387015656599,0.05068150040855552
CV-GE-B7,2021-SCH1,B6R-all-EC-reference,397,1.7344119984745165,1.331088404294984,-0.11518400184580613,0.05063890181206512
CV-GE-B7,2021-SCH1,Canopy-growth,397,1.841166189075427,1.4341966029037514,-0.25668946375754076,0.04538440455517263
CV-GE-B7,2021-SCH1,Grain-fill-maturity,397,1.915226647220934,1.5069958180334595,-0.359822876713108,0.03763952888759679
CV-GE-B7,2021-SCH1,Process-MK,397,2.722913905751651,2.3236615365391033,-1.7485890479809032,0.06060976298991457
CV-GE-B7,2021-SCH1,Reproductive-transition,397,2.1038141472822574,1.6928004899163467,-0.6408041071022168,0.06661008384289756
CV-GE-B7,2021-SCH1,Stage-MK,397,1.7770445989278365,1.3723996775725629,-0.17068120805377318,0.0665905077558402
CV-GE-B7,2021-SCH1,Thermal,397,2.882236284934875,2.4838551817470136,-2.0796485284666737,0.050892713831523495
CV-GE-B7,2021-SCH1,Thermal+water-MK,397,2.2803978807030982,1.8688214909546976,-0.9278056528807261,0.059543928221933724
CV-GE-B7,2021-SCH1,Vegetative,397,1.8539345997191201,1.4480525589695235,-0.27418008045222675,0.09144574719265788
CV-GE-B7,2021-SCH1,Water-soil,397,1.6769138613458543,1.2833961800277902,-0.042469844984021066,0.04815769485554617
CV-GE-B7,2021-SCH1L,All-nonleaky,43,4.270092098378291,4.167485413657396,-27.8192980745507,0.09469563004270837
CV-GE-B7,2021-SCH1L,B6R-all-EC-reference,43,4.201750488815295,4.0961100879887065,-26.904190826119848,0.08658953753632381
CV-GE-B7,2021-SCH1L,Canopy-growth,43,5.344526731997462,5.245946295533787,-44.14684667506292,-0.018700323141870152
CV-GE-B7,2021-SCH1L,Grain-fill-maturity,43,4.105268364433383,3.937368314427717,-25.637411496682617,-0.012569160260405395
CV-GE-B7,2021-SCH1L,Process-MK,43,5.062820202512536,4.979362242937806,-39.512955180856515,0.16319720806624027
CV-GE-B7,2021-SCH1L,Reproductive-transition,43,4.584229264937014,4.470850921448605,-32.21555957402101,0.039398701514943936
CV-GE-B7,2021-SCH1L,Stage-MK,43,4.367765655333949,4.278673636853028,-29.152794838843604,0.21076985367971154
CV-GE-B7,2021-SCH1L,Thermal,43,5.437624491337386,5.333000525979826,-45.73339593910355,0.049894581892700365
CV-GE-B7,2021-SCH1L,Thermal+water-MK,43,5.242960302697213,5.143713628631023,-42.447226057483896,0.03674557531944797
CV-GE-B7,2021-SCH1L,Vegetative,43,4.818884263636615,4.741465101902593,-35.70302896401033,0.2691922849880496
CV-GE-B7,2021-SCH1L,Water-soil,43,3.6100956684558954,3.4947293960168166,-19.599009440962234,0.16736777341379824
CV-GE-B7,2021-TXH1,All-nonleaky,266,1.6903954002328585,1.3651616111855338,-0.09323700820843372,0.02441141966125315
CV-GE-B7,2021-TXH1,B6R-all-EC-reference,266,1.6806496822455015,1.3554050690731805,-0.08066756265728015,0.026300059411957497
CV-GE-B7,2021-TXH1,Canopy-growth,266,2.0322502352912317,1.6417399466915197,-0.5801273325861698,0.017946168457249282
CV-GE-B7,2021-TXH1,Grain-fill-maturity,266,2.2968331872038243,1.886890443370519,-1.0183507010417552,0.04779539546063399
CV-GE-B7,2021-TXH1,Process-MK,266,1.6882513246382875,1.3672363673396213,-0.09046547173906139,0.04285932387845505
CV-GE-B7,2021-TXH1,Reproductive-transition,266,1.6766998166035476,1.3366687175720138,-0.07559395830881699,0.06411049420653012
CV-GE-B7,2021-TXH1,Stage-MK,266,1.691223571811,1.3655379986220892,-0.09430848486477639,0.04783323140793715
CV-GE-B7,2021-TXH1,Thermal,266,1.6931973224061296,1.368126792058676,-0.09686421128139022,0.024052576563768874
CV-GE-B7,2021-TXH1,Thermal+water-MK,266,1.681912082303874,1.3628171327445735,-0.08229163360196634,0.028226858485429145
CV-GE-B7,2021-TXH1,Vegetative,266,2.109680712984801,1.7435442666684107,-0.7028295788683181,0.04261898305415697
CV-GE-B7,2021-TXH1,Water-soil,266,1.6321823683059549,1.3126395361838357,-0.019236773932077567,0.037288930246985354
CV-GE-B7,2021-TXH2,All-nonleaky,247,1.9372731505239158,1.4868381987427248,-0.31242944628462377,0.09828187843507855
CV-GE-B7,2021-TXH2,B6R-all-EC-reference,247,1.8022689079096483,1.3733806899014738,-0.13588255049182885,0.08698716249418706
CV-GE-B7,2021-TXH2,Canopy-growth,247,2.525786618950365,2.102765817187549,-1.2309383198028443,-0.025330739145182576
CV-GE-B7,2021-TXH2,Grain-fill-maturity,247,2.1239654794942555,1.6996885974704017,-0.5775718743116642,0.03454300385550656
CV-GE-B7,2021-TXH2,Process-MK,247,1.8943634454330818,1.5089313002727802,-0.2549339152836543,0.13761460624517036
CV-GE-B7,2021-TXH2,Reproductive-transition,247,1.8036513139483452,1.4134302394437104,-0.13762574553895424,0.06493158201208166
CV-GE-B7,2021-TXH2,Stage-MK,247,2.2163264029725878,1.8292179420844321,-0.7177568433839376,0.16873609140186116
CV-GE-B7,2021-TXH2,Thermal,247,2.0250282371524806,1.5744394106848094,-0.434023980319836,0.10915332668164
CV-GE-B7,2021-TXH2,Thermal+water-MK,247,1.7741964425205377,1.354021552780559,-0.10077271262884935,0.02227177970812968
CV-GE-B7,2021-TXH2,Vegetative,247,1.7387834183497322,1.3184149644671606,-0.05726833871969128,0.20481390910131156
CV-GE-B7,2021-TXH2,Water-soil,247,1.6907316542926698,1.3033849064254945,0.0003600263652784319,0.11444747603837821
CV-GE-B7,2021-TXH3,All-nonleaky,246,5.563119723785345,5.458733587734464,-27.866246907758867,0.03117136664456438
CV-GE-B7,2021-TXH3,B6R-all-EC-reference,246,5.582579911921583,5.478556828774454,-28.068552495742505,0.031864547522610163
CV-GE-B7,2021-TXH3,Canopy-growth,246,6.296474811696903,6.204674695569691,-35.978428424276444,0.023280872719602923
CV-GE-B7,2021-TXH3,Grain-fill-maturity,246,5.492626797072281,5.3873935036585365,-27.13932606084741,0.05365845285451673
CV-GE-B7,2021-TXH3,Process-MK,246,5.2200687499144145,5.1129374949955135,-24.415927017966506,0.08870744713214264
CV-GE-B7,2021-TXH3,Reproductive-transition,246,5.6185079648974545,5.51959903453848,-28.443911981930437,0.12132399499988536
CV-GE-B7,2021-TXH3,Stage-MK,246,5.554706293894382,5.452300011631316,-27.77900071935048,0.08017057585086093
CV-GE-B7,2021-TXH3,Thermal,246,5.466354373145987,5.362766791169602,-26.870776879386657,0.06450723822567511
CV-GE-B7,2021-TXH3,Thermal+water-MK,246,5.134216587656406,5.024829077531049,-23.586792729370668,0.08964400166745673
CV-GE-B7,2021-TXH3,Vegetative,246,5.06512876691741,4.951156344844439,-22.929547715096774,0.08646643342340131
CV-GE-B7,2021-TXH3,Water-soil,246,5.463452044042196,5.3594381906195165,-26.84118908200658,0.05290610116838479
CV-GE-B7,2021-WIH1,All-nonleaky,397,2.483531423071872,2.0734820823728626,-0.3661099663245275,0.08640517894489545
CV-GE-B7,2021-WIH1,B6R-all-EC-reference,397,2.514033425264867,2.1035744349579857,-0.39987235205127947,0.08627987381293277
CV-GE-B7,2021-WIH1,Canopy-growth,397,3.246728276267324,2.842560607624844,-1.3347384080629832,0.09259015983188675
CV-GE-B7,2021-WIH1,Grain-fill-maturity,397,2.2094000206720943,1.7851233981674077,-0.08117264393496759,0.08893749045792536
CV-GE-B7,2021-WIH1,Process-MK,397,2.411406986497907,1.9992470306501948,-0.28791550245912645,0.09835251453811718
CV-GE-B7,2021-WIH1,Reproductive-transition,397,2.6008627744757287,2.1976433167030316,-0.49823941666831906,0.12668435212656814
CV-GE-B7,2021-WIH1,Stage-MK,397,2.509800010093159,2.0995777149327353,-0.39516179318979083,0.09049049234657465
CV-GE-B7,2021-WIH1,Thermal,397,2.3312441536578907,1.9093530140306754,-0.2037099795324837,0.06443842001538753
CV-GE-B7,2021-WIH1,Thermal+water-MK,397,2.3097957471337818,1.894145326287642,-0.181662615355912,0.08496914398478798
CV-GE-B7,2021-WIH1,Vegetative,397,2.6387902986627174,2.2299050540522427,-0.5422546863959881,0.11830088847663306
CV-GE-B7,2021-WIH1,Water-soil,397,2.7949297185665216,2.391187145130041,-0.7301673979528276,0.08859579747260353
CV-GE-B7,2021-WIH2,All-nonleaky,1137,1.991698156262169,1.59394494452003,-0.1383914641767503,0.24974576226307274
CV-GE-B7,2021-WIH2,B6R-all-EC-reference,1137,1.9877814939212912,1.5895454315422057,-0.13391858663292977,0.25003032911626866
CV-GE-B7,2021-WIH2,Canopy-growth,1137,2.304139869131873,1.9097627244670232,-0.5235694838380793,0.25156498064216676
CV-GE-B7,2021-WIH2,Grain-fill-maturity,1137,2.4401867609336017,2.028359246770692,-0.708797976744546,0.24014691338631602
CV-GE-B7,2021-WIH2,Process-MK,1137,2.5858093651106366,2.2101497174144513,-0.9188348433969151,0.24383875744725483
CV-GE-B7,2021-WIH2,Reproductive-transition,1137,2.3063614198947078,1.9071307579998777,-0.5265088181014963,0.25109423338052284
CV-GE-B7,2021-WIH2,Stage-MK,1137,2.0320390675667066,1.6343472300919204,-0.18497365428574541,0.25160063948257777
CV-GE-B7,2021-WIH2,Thermal,1137,3.1146855906380404,2.727827603029511,-1.7840242602340783,0.2528669783481965
CV-GE-B7,2021-WIH2,Thermal+water-MK,1137,2.262974862208577,1.8661296816890123,-0.4696165951044302,0.24795212409178455
CV-GE-B7,2021-WIH2,Vegetative,1137,4.0863766118379266,3.7326370821419395,-3.7920502986014446,0.25670314467601324
CV-GE-B7,2021-WIH2,Water-soil,1137,1.9515384625021281,1.5565587362435018,-0.09294628514626369,0.24113213285301538
