regime,scenario,model,genotype_id,environment,observed,predicted,error
CV-G,gfold_0,G+E normalized-reference,W002,ME1,-0.25270276005343995,-0.3226166077664146,0.06991384771297465
CV-G,gfold_0,G+E normalized-reference,W002,ME2,0.40952243058809296,-0.2926658419233947,0.7021882725114876
CV-G,gfold_0,G+E normalized-reference,W002,ME3,0.3093855265025463,-0.3124764880088,0.6218620145113463
CV-G,gfold_0,G+E normalized-reference,W002,ME4,-1.7387588244246297,-0.33325479860100615,-1.4055040258236235
CV-G,gfold_0,G+E normalized-reference,W003,ME1,0.3418151273679119,-0.3091287853752939,0.6509439127432058
CV-G,gfold_0,G+E normalized-reference,W003,ME2,-0.648626326740878,-0.279178019532274,-0.36944830720860394
CV-G,gfold_0,G+E normalized-reference,W003,ME3,-0.799559211203025,-0.29898866561767934,-0.5005705455853456
CV-G,gfold_0,G+E normalized-reference,W003,ME4,-1.0535690742686032,-0.3197669762098855,-0.7338020980587178
CV-G,gfold_0,G+E normalized-reference,W008,ME1,0.647218151728196,-0.03698306386346344,0.6842012155916594
CV-G,gfold_0,G+E normalized-reference,W008,ME2,-0.4240405041502334,-0.007032298020443511,-0.4170082061297899
CV-G,gfold_0,G+E normalized-reference,W008,ME3,-0.7080833066455468,-0.026842944105848855,-0.6812403625396979
CV-G,gfold_0,G+E normalized-reference,W008,ME4,0.9643265399939988,-0.04762125469805499,1.0119477946920536
CV-G,gfold_0,G+E normalized-reference,W011,ME1,1.6857676043274525,-0.48085144383429246,2.166619048161745
CV-G,gfold_0,G+E normalized-reference,W011,ME2,-0.26919672131918876,-0.45090067799127254,0.18170395667208378
CV-G,gfold_0,G+E normalized-reference,W011,ME3,-0.21264372606166304,-0.4707113240766779,0.25806759801501483
CV-G,gfold_0,G+E normalized-reference,W011,ME4,0.347223096239814,-0.491489634668884,0.838712730908698
CV-G,gfold_0,G+E normalized-reference,W012,ME1,0.8910193500548484,-0.10033857371001491,0.9913579237648633
CV-G,gfold_0,G+E normalized-reference,W012,ME2,-0.18989837665605017,-0.07038780786699499,-0.11951056878905518
CV-G,gfold_0,G+E normalized-reference,W012,ME3,-0.38194594498595685,-0.09019845395240032,-0.2917474910335565
CV-G,gfold_0,G+E normalized-reference,W012,ME4,0.6924061162983242,-0.11097676454460646,0.8033828808429306
CV-G,gfold_0,G+E normalized-reference,W016,ME1,1.0013634987763806,0.011019968377635442,0.9903435303987452
CV-G,gfold_0,G+E normalized-reference,W016,ME2,0.1429331671730866,0.04097073422065538,0.10196243295243122
CV-G,gfold_0,G+E normalized-reference,W016,ME3,-0.15849303131392628,0.02116008813525003,-0.1796531194491763
CV-G,gfold_0,G+E normalized-reference,W016,ME4,-0.6343525210445544,0.0003817775430438909,-0.6347342985875983
CV-G,gfold_0,G+E normalized-reference,W026,ME1,-0.4852406948416862,0.06759327447395581,-0.552833969315642
CV-G,gfold_0,G+E normalized-reference,W026,ME2,-0.2743862378893214,0.09754404031697574,-0.37193027820629715
CV-G,gfold_0,G+E normalized-reference,W026,ME3,0.3088365021446311,0.0777333942315704,0.2311031079130607
CV-G,gfold_0,G+E normalized-reference,W026,ME4,-0.2668516672180447,0.05695508363936426,-0.32380675085740895
CV-G,gfold_0,G+E normalized-reference,W028,ME1,2.593962902049092,-0.30103629453938596,2.8949991965884783
CV-G,gfold_0,G+E normalized-reference,W028,ME2,0.06926734659216646,-0.27108552869636604,0.34035287528853253
CV-G,gfold_0,G+E normalized-reference,W028,ME3,-0.9879167986113145,-0.2908961747817714,-0.6970206238295431
CV-G,gfold_0,G+E normalized-reference,W028,ME4,0.38525073403836974,-0.3116744853739775,0.6969252194123472
CV-G,gfold_0,G+E normalized-reference,W029,ME1,0.9675492759192114,-0.05770089563954649,1.0252501715587579
CV-G,gfold_0,G+E normalized-reference,W029,ME2,1.3109161441053094,-0.027750129796526555,1.338666273901836
CV-G,gfold_0,G+E normalized-reference,W029,ME3,0.8031273548411803,-0.0475607758819319,0.8506881307231121
CV-G,gfold_0,G+E normalized-reference,W029,ME4,-0.6872482257523514,-0.06833908647413804,-0.6189091392782134
CV-G,gfold_0,G+E normalized-reference,W049,ME1,0.6860409841848755,-0.20422620254864643,0.8902671867335219
CV-G,gfold_0,G+E normalized-reference,W049,ME2,-0.40966807472246114,-0.17427543670562648,-0.23539263801683466
CV-G,gfold_0,G+E normalized-reference,W049,ME3,-0.6977194160737998,-0.19408608279103184,-0.503633333282768
CV-G,gfold_0,G+E normalized-reference,W049,ME4,0.07844935337149163,-0.21486439338323798,0.2933137467547296
CV-G,gfold_0,G+E normalized-reference,W054,ME1,0.30923880476948085,0.0748397884635096,0.23439901630597126
CV-G,gfold_0,G+E normalized-reference,W054,ME2,-0.9063491112354478,0.10479055430652952,-1.0111396655419773
CV-G,gfold_0,G+E normalized-reference,W054,ME3,-0.5979659135046567,0.08497990822112418,-0.6829458217257809
CV-G,gfold_0,G+E normalized-reference,W054,ME4,0.18436663002017992,0.06420159762891804,0.12016503239126188
CV-G,gfold_0,G+E normalized-reference,W055,ME1,-0.3655227092924547,-0.19817833093421763,-0.16734437835823704
CV-G,gfold_0,G+E normalized-reference,W055,ME2,0.10591672519904828,-0.16822756509119768,0.27414429029024595
CV-G,gfold_0,G+E normalized-reference,W055,ME3,1.6860092015424728,-0.18803821117660305,1.8740474127190758
CV-G,gfold_0,G+E normalized-reference,W055,ME4,-1.011088883099343,-0.2088165217688092,-0.8022723613305338
CV-G,gfold_0,G+E normalized-reference,W065,ME1,0.8241971683248178,-0.24720626478918195,1.0714034331139999
CV-G,gfold_0,G+E normalized-reference,W065,ME2,-0.28141107129523324,-0.217255498946162,-0.06415557234907124
CV-G,gfold_0,G+E normalized-reference,W065,ME3,-0.42371402883053055,-0.23706614503156737,-0.1866478837989632
CV-G,gfold_0,G+E normalized-reference,W065,ME4,-1.294203623838324,-0.2578444556237735,-1.0363591682145505
CV-G,gfold_0,G+E normalized-reference,W074,ME1,0.8733304068839006,0.06296672726790056,0.8103636796160001
CV-G,gfold_0,G+E normalized-reference,W074,ME2,-0.674903000886236,0.09291749311092048,-0.7678204939971565
CV-G,gfold_0,G+E normalized-reference,W074,ME3,0.35809665684261816,0.07310684702551515,0.284989809817103
CV-G,gfold_0,G+E normalized-reference,W074,ME4,-0.059745001863765974,0.05232853643330901,-0.11207353829707498
CV-G,gfold_0,G+E normalized-reference,W075,ME1,-0.9345740565224844,-0.22560089475496503,-0.7089731617675193
CV-G,gfold_0,G+E normalized-reference,W075,ME2,-0.4629492210687465,-0.19565012891194508,-0.26729909215680137
CV-G,gfold_0,G+E normalized-reference,W075,ME3,-0.20287953901933256,-0.21546077499735045,0.012581235978017885
CV-G,gfold_0,G+E normalized-reference,W075,ME4,-0.8562092527770483,-0.23623908558955659,-0.6199701671874918
CV-G,gfold_0,G+E normalized-reference,W078,ME1,1.0472716813982195,-0.22991919925492998,1.2771908806531496
CV-G,gfold_0,G+E normalized-reference,W078,ME2,-0.6132110404890881,-0.19996843341191003,-0.4132426070771781
CV-G,gfold_0,G+E normalized-reference,W078,ME3,-0.6509003081363932,-0.2197790794973154,-0.4311212286390778
CV-G,gfold_0,G+E normalized-reference,W078,ME4,-0.7263142682239334,-0.24055739008952154,-0.4857568781344119
CV-G,gfold_0,G+E normalized-reference,W084,ME1,0.9381410006934777,-0.2309218916246083,1.169062892318086
CV-G,gfold_0,G+E normalized-reference,W084,ME2,-0.60131945312899,-0.20097112578158835,-0.40034832734740167
CV-G,gfold_0,G+E normalized-reference,W084,ME3,0.6211468965133073,-0.22078177186699371,0.8419286683803011
CV-G,gfold_0,G+E normalized-reference,W084,ME4,0.024696178138241338,-0.24156008245919985,0.2662562605974412
CV-G,gfold_0,G+E normalized-reference,W093,ME1,-0.05990793883528156,-0.30960412029137646,0.2496961814560949
CV-G,gfold_0,G+E normalized-reference,W093,ME2,-2.278786383673444,-0.27965335444835654,-1.9991330292250873
CV-G,gfold_0,G+E normalized-reference,W093,ME3,-1.5833970637361743,-0.2994640005337619,-1.2839330632024124
CV-G,gfold_0,G+E normalized-reference,W093,ME4,-1.1028696961311497,-0.320242311125968,-0.7826273850051817
CV-G,gfold_0,G+E normalized-reference,W100,ME1,0.14921576408534248,0.13788486001186284,0.011330904073479642
CV-G,gfold_0,G+E normalized-reference,W100,ME2,-0.7213301881526994,0.1678356258548828,-0.8891658140075822
CV-G,gfold_0,G+E normalized-reference,W100,ME3,-0.3449248102052157,0.14802497976947743,-0.49294978997469313
CV-G,gfold_0,G+E normalized-reference,W100,ME4,-0.6463571084009043,0.1272466691772713,-0.7736037775781757
CV-G,gfold_0,G+E normalized-reference,W103,ME1,1.7113807379704693,0.2125724206831963,1.498808317287273
CV-G,gfold_0,G+E normalized-reference,W103,ME2,-0.07260897349228923,0.24252318652621624,-0.31513216001850547
CV-G,gfold_0,G+E normalized-reference,W103,ME3,-0.5613671051530811,0.22271254044081087,-0.784079645593892
CV-G,gfold_0,G+E normalized-reference,W103,ME4,-0.11737646121672823,0.20193422984860473,-0.31931069106533294
CV-G,gfold_0,G+E normalized-reference,W107,ME1,0.10373921773793388,-0.09246197569152415,0.19620119342945802
CV-G,gfold_0,G+E normalized-reference,W107,ME2,-0.9048998438030572,-0.06251120984850422,-0.842388633954553
CV-G,gfold_0,G+E normalized-reference,W107,ME3,-0.14108473590368073,-0.08232185593390956,-0.05876287996977117
CV-G,gfold_0,G+E normalized-reference,W107,ME4,-1.0358689946147441,-0.1031001665261157,-0.9327688280886284
CV-G,gfold_0,G+E normalized-reference,W113,ME1,-1.0811349318928232,-0.5387197886835208,-0.5424151432093024
CV-G,gfold_0,G+E normalized-reference,W113,ME2,-0.6417280669098465,-0.5087690228405009,-0.13295904406934567
CV-G,gfold_0,G+E normalized-reference,W113,ME3,-1.5484030958154327,-0.5285796689259062,-1.0198234268895265
CV-G,gfold_0,G+E normalized-reference,W113,ME4,-0.6702010823701685,-0.5493579795181124,-0.12084310285205613
CV-G,gfold_0,G+E normalized-reference,W114,ME1,-0.5719507215180579,-0.05330784288616578,-0.5186428786318922
CV-G,gfold_0,G+E normalized-reference,W114,ME2,0.2898597728953063,-0.02335707704314585,0.3132168499384521
CV-G,gfold_0,G+E normalized-reference,W114,ME3,0.4801996740432562,-0.04316772312855119,0.5233673971718074
CV-G,gfold_0,G+E normalized-reference,W114,ME4,-2.1425881084029244,-0.06394603372075733,-2.078642074682167
CV-G,gfold_0,G+E normalized-reference,W117,ME1,-0.115605306397947,-0.2763544689397007,0.16074916254175373
CV-G,gfold_0,G+E normalized-reference,W117,ME2,-0.4435897927906507,-0.24640370309668078,-0.19718608969396992
CV-G,gfold_0,G+E normalized-reference,W117,ME3,-0.03044365799062294,-0.26621434918208614,0.2357706911914632
CV-G,gfold_0,G+E normalized-reference,W117,ME4,-0.0933122195895492,-0.2869926597742923,0.19368044018474306
CV-G,gfold_0,G+E normalized-reference,W118,ME1,-0.4703614594948537,-0.10358861945297192,-0.36677284004188176
CV-G,gfold_0,G+E normalized-reference,W118,ME2,-0.31294054879816674,-0.073637853609952,-0.23930269518821473
CV-G,gfold_0,G+E normalized-reference,W118,ME3,0.6334365956020543,-0.09344849969535733,0.7268850952974116
CV-G,gfold_0,G+E normalized-reference,W118,ME4,-0.43080160502518294,-0.11422681028756347,-0.31657479473761946
CV-G,gfold_0,G+E normalized-reference,W119,ME1,-1.0630387846893945,-0.13200067792612716,-0.9310381067632674
CV-G,gfold_0,G+E normalized-reference,W119,ME2,-0.15133140838971607,-0.10204991208310722,-0.049281496306608844
CV-G,gfold_0,G+E normalized-reference,W119,ME3,0.6173797447651402,-0.12186055816851256,0.7392403029336528
CV-G,gfold_0,G+E normalized-reference,W119,ME4,-1.2844567799755995,-0.1426388687607187,-1.1418179112148807
CV-G,gfold_0,G+E normalized-reference,W131,ME1,-0.5614774338026641,-1.2840898350645622,0.7226124012618981
CV-G,gfold_0,G+E normalized-reference,W131,ME2,-2.630028053969067,-1.2541390692215422,-1.3758889847475246
CV-G,gfold_0,G+E normalized-reference,W131,ME3,-0.939045184228159,-1.2739497153069474,0.3349045310787885
CV-G,gfold_0,G+E normalized-reference,W131,ME4,-1.2969176360519157,-1.2947280258991536,-0.0021896101527620893
CV-G,gfold_0,G+E normalized-reference,W141,ME1,0.988813470495336,0.4397998504706295,0.5490136200247064
CV-G,gfold_0,G+E normalized-reference,W141,ME2,0.07536186422270219,0.46975061631364945,-0.39438875209094726
CV-G,gfold_0,G+E normalized-reference,W141,ME3,-0.33491567383396814,0.4499399702282441,-0.7848556440622123
CV-G,gfold_0,G+E normalized-reference,W141,ME4,-0.08806512930993898,0.429161659636038,-0.517226788945977
CV-G,gfold_0,G+E normalized-reference,W144,ME1,-0.8535404540588897,-0.3158037281838682,-0.5377367258750214
CV-G,gfold_0,G+E normalized-reference,W144,ME2,-2.186229457041489,-0.2858529623408483,-1.9003764947006407
CV-G,gfold_0,G+E normalized-reference,W144,ME3,-2.1605821479495377,-0.3056636084262536,-1.8549185395232841
CV-G,gfold_0,G+E normalized-reference,W144,ME4,-1.4804713954134605,-0.32644191901845976,-1.1540294763950008
CV-G,gfold_0,G+E normalized-reference,W148,ME1,0.6380560609973885,0.20228391699428017,0.4357721440031084
CV-G,gfold_0,G+E normalized-reference,W148,ME2,-0.7849903676392523,0.23223468283730012,-1.0172250504765525
CV-G,gfold_0,G+E normalized-reference,W148,ME3,-0.11007752947427116,0.21242403675189475,-0.3225015662261659
CV-G,gfold_0,G+E normalized-reference,W148,ME4,-0.4568403888715257,0.1916457261596886,-0.6484861150312143
CV-G,gfold_0,G+E normalized-reference,W156,ME1,1.400545611816896,0.02584578401053861,1.3746998278063574
CV-G,gfold_0,G+E normalized-reference,W156,ME2,-1.1285490219395795,0.055796549853558544,-1.1843455717931382
CV-G,gfold_0,G+E normalized-reference,W156,ME3,-0.19333496172016787,0.035985903768153193,-0.22932086548832106
CV-G,gfold_0,G+E normalized-reference,W156,ME4,0.3000307505315928,0.015207593175947057,0.28482315735564573
CV-G,gfold_0,G+E normalized-reference,W169,ME1,0.9551865614931063,0.34000766101023944,0.6151789004828669
CV-G,gfold_0,G+E normalized-reference,W169,ME2,2.111734495021843,0.36995842685325936,1.7417760681685834
CV-G,gfold_0,G+E normalized-reference,W169,ME3,0.34394872146553956,0.350147780767854,-0.006199059302314458
CV-G,gfold_0,G+E normalized-reference,W169,ME4,1.514122480851111,0.3293694701756479,1.184753010675463
CV-G,gfold_0,G+E normalized-reference,W179,ME1,-0.7676041150442303,-0.9421222987391383,0.174518183694908
CV-G,gfold_0,G+E normalized-reference,W179,ME2,-2.774005495396551,-0.9121715328961184,-1.8618339625004328
CV-G,gfold_0,G+E normalized-reference,W179,ME3,-2.2603272039900983,-0.9319821789815238,-1.3283450250085744
CV-G,gfold_0,G+E normalized-reference,W179,ME4,-1.6968057022939513,-0.9527604895737299,-0.7440452127202214
CV-G,gfold_0,G+E normalized-reference,W181,ME1,0.8223158856947588,-0.02150331272953227,0.8438191984242911
CV-G,gfold_0,G+E normalized-reference,W181,ME2,-0.6538981161346836,0.00844745311348766,-0.6623455692481713
CV-G,gfold_0,G+E normalized-reference,W181,ME3,0.061268749367188714,-0.011363192971917683,0.0726319423391064
CV-G,gfold_0,G+E normalized-reference,W181,ME4,1.1548737974943348,-0.03214150356412382,1.1870153010584588
CV-G,gfold_0,G+E normalized-reference,W189,ME1,0.7823610260277849,0.3655156341404947,0.4168453918872902
CV-G,gfold_0,G+E normalized-reference,W189,ME2,-0.41888895965256373,0.3954663999835146,-0.8143553596360784
CV-G,gfold_0,G+E normalized-reference,W189,ME3,-1.211749806069595,0.3756557538981093,-1.5874055599677044
CV-G,gfold_0,G+E normalized-reference,W189,ME4,-0.6046478540343456,0.35487744330590315,-0.9595252973402488
CV-G,gfold_0,G+E normalized-reference,W190,ME1,0.9656517051278523,0.2768406997193647,0.6888110054084875
CV-G,gfold_0,G+E normalized-reference,W190,ME2,0.6671123128290374,0.3067914655623846,0.36032084726665276
CV-G,gfold_0,G+E normalized-reference,W190,ME3,-1.5580574779861802,0.2869808194769793,-1.8450382974631596
CV-G,gfold_0,G+E normalized-reference,W190,ME4,-1.1068030471653405,0.26620250888477315,-1.3730055560501135
CV-G,gfold_0,G+E normalized-reference,W193,ME1,-0.1570098124205512,-0.4361547844666692,0.279144972046118
CV-G,gfold_0,G+E normalized-reference,W193,ME2,-0.9160826191438199,-0.4062040186236493,-0.5098786005201706
CV-G,gfold_0,G+E normalized-reference,W193,ME3,-1.2061159715045133,-0.42601466470905464,-0.7801013067954587
CV-G,gfold_0,G+E normalized-reference,W193,ME4,-0.3781812348897793,-0.4467929753012608,0.06861174041148149
CV-G,gfold_0,G+E normalized-reference,W196,ME1,-0.347442850250326,0.09961331272822886,-0.4470561629785549
CV-G,gfold_0,G+E normalized-reference,W196,ME2,-1.0922603780211093,0.1295640785712488,-1.2218244565923582
CV-G,gfold_0,G+E normalized-reference,W196,ME3,-1.6978982052118141,0.10975343248584345,-1.8076516376976575
CV-G,gfold_0,G+E normalized-reference,W196,ME4,-1.7898923878691095,0.08897512189363731,-1.8788675097627467
CV-G,gfold_0,G+E normalized-reference,W197,ME1,-0.4289650975528974,0.17461554285282063,-0.603580640405718
CV-G,gfold_0,G+E normalized-reference,W197,ME2,-1.6776062037384512,0.20456630869584058,-1.8821725124342916
CV-G,gfold_0,G+E normalized-reference,W197,ME3,-3.350596666997925,0.18475566261043522,-3.53535232960836
CV-G,gfold_0,G+E normalized-reference,W197,ME4,-1.0241948087452666,0.16397735201822908,-1.1881721607634956
CV-G,gfold_0,G+E normalized-reference,W216,ME1,0.5169128613344747,-0.021366692541171295,0.538279553875646
CV-G,gfold_0,G+E normalized-reference,W216,ME2,-0.9291956415015236,0.008584073301848637,-0.9377797148033722
CV-G,gfold_0,G+E normalized-reference,W216,ME3,-0.9682110474264022,-0.011226572783556706,-0.9569844746428455
CV-G,gfold_0,G+E normalized-reference,W216,ME4,-0.17364698111186105,-0.03200488337576285,-0.1416420977360982
CV-G,gfold_0,G+E normalized-reference,W217,ME1,-0.5394314074841748,0.18433128961995446,-0.7237626971041293
CV-G,gfold_0,G+E normalized-reference,W217,ME2,0.9225251295820237,0.2142820554629744,0.7082430741190493
CV-G,gfold_0,G+E normalized-reference,W217,ME3,0.5479323867529903,0.19447140937756904,0.35346097737542126
CV-G,gfold_0,G+E normalized-reference,W217,ME4,0.5948354105441891,0.1736930987853629,0.4211423117588262
CV-G,gfold_0,G+E normalized-reference,W222,ME1,1.0764112019625147,0.10703223178056799,0.9693789701819467
CV-G,gfold_0,G+E normalized-reference,W222,ME2,0.7959705407369501,0.13698299762358793,0.6589875431133622
CV-G,gfold_0,G+E normalized-reference,W222,ME3,0.8728112156536648,0.11717235153818258,0.7556388641154822
CV-G,gfold_0,G+E normalized-reference,W222,ME4,0.9624699983058604,0.09639404094597644,0.866075957359884
CV-G,gfold_0,G+E normalized-reference,W226,ME1,0.2524094099965209,0.19163415371453965,0.060775256281981244
CV-G,gfold_0,G+E normalized-reference,W226,ME2,0.38522030421088155,0.2215849195575596,0.16363538465332195
CV-G,gfold_0,G+E normalized-reference,W226,ME3,-0.13662496881168182,0.20177427347215424,-0.33839924228383605
CV-G,gfold_0,G+E normalized-reference,W226,ME4,-0.2595907012089289,0.1809959628799481,-0.44058666408887703
CV-G,gfold_0,G+E normalized-reference,W229,ME1,0.47540248226342524,0.4757404732848644,-0.0003379910214391657
CV-G,gfold_0,G+E normalized-reference,W229,ME2,-0.3425777513566244,0.5056912391278844,-0.8482689904845088
CV-G,gfold_0,G+E normalized-reference,W229,ME3,0.25118894456339397,0.485880593042479,-0.23469164847908502
CV-G,gfold_0,G+E normalized-reference,W229,ME4,0.7357123111847647,0.46510228245027285,0.2706100287344918
CV-G,gfold_0,G+E normalized-reference,W230,ME1,-1.436640340409493,0.32986537900584945,-1.7665057194153424
CV-G,gfold_0,G+E normalized-reference,W230,ME2,-0.10725848961604569,0.35981614484886937,-0.46707463446491504
CV-G,gfold_0,G+E normalized-reference,W230,ME3,0.20916746486132018,0.34000549876346403,-0.13083803390214385
CV-G,gfold_0,G+E normalized-reference,W230,ME4,0.6247918120205858,0.3192271881712579,0.30556462384932787
CV-G,gfold_0,G+E normalized-reference,W231,ME1,2.526904541980223,-0.15500896139947634,2.6819135033796995
CV-G,gfold_0,G+E normalized-reference,W231,ME2,-0.48935246878898664,-0.1250581955564564,-0.3642942732325303
CV-G,gfold_0,G+E normalized-reference,W231,ME3,-1.4003945754497167,-0.14486884164186176,-1.255525733807855
CV-G,gfold_0,G+E normalized-reference,W231,ME4,0.5373376851263885,-0.1656471522340679,0.7029848373604564
CV-G,gfold_0,G+E normalized-reference,W233,ME1,0.7591259639344545,0.31107450294723116,0.44805146098722337
CV-G,gfold_0,G+E normalized-reference,W233,ME2,-0.25534957222717314,0.3410252687902511,-0.5963748410174242
CV-G,gfold_0,G+E normalized-reference,W233,ME3,0.23183794757898152,0.32121462270484574,-0.08937667512586422
CV-G,gfold_0,G+E normalized-reference,W233,ME4,-0.10681148033889222,0.3004363121126396,-0.4072477924515318
CV-G,gfold_0,G+E normalized-reference,W234,ME1,0.8939023546048088,0.1476843816468697,0.7462179729579391
CV-G,gfold_0,G+E normalized-reference,W234,ME2,-0.40533925846152025,0.17763514748988965,-0.5829744059514099
CV-G,gfold_0,G+E normalized-reference,W234,ME3,0.7934560796132658,0.15782450140448429,0.6356315782087816
CV-G,gfold_0,G+E normalized-reference,W234,ME4,0.18930691891912374,0.13704619081227815,0.052260728106845594
CV-G,gfold_0,G+E normalized-reference,W235,ME1,-0.4590330433112487,0.2373918561460954,-0.6964248994573441
CV-G,gfold_0,G+E normalized-reference,W235,ME2,1.292917381757189,0.26734262198911535,1.0255747597680738
CV-G,gfold_0,G+E normalized-reference,W235,ME3,0.5675283330663183,0.24753197590370998,0.3199963571626083
CV-G,gfold_0,G+E normalized-reference,W235,ME4,0.462714149305722,0.22675366531150384,0.23596048399421818
CV-G,gfold_0,G+E normalized-reference,W239,ME1,1.8362539265709015,0.1626228862054955,1.673631040365406
CV-G,gfold_0,G+E normalized-reference,W239,ME2,2.1549783568800405,0.19257365204851545,1.962404704831525
CV-G,gfold_0,G+E normalized-reference,W239,ME3,-0.06302191873653193,0.1727630059631101,-0.23578492469964202
CV-G,gfold_0,G+E normalized-reference,W239,ME4,1.5566026720203727,0.15198469537090395,1.4046179766494689
CV-G,gfold_0,G+E normalized-reference,W251,ME1,-1.0649282114001044,-0.46905694898935973,-0.5958712624107447
CV-G,gfold_0,G+E normalized-reference,W251,ME2,-0.4595760352981592,-0.4391061831463398,-0.0204698521518194
CV-G,gfold_0,G+E normalized-reference,W251,ME3,-0.699594545419299,-0.45891682923174515,-0.24067771618755385
CV-G,gfold_0,G+E normalized-reference,W251,ME4,0.4479247494171651,-0.4796951398239513,0.9276198892411164
CV-G,gfold_0,G+E normalized-reference,W252,ME1,-0.15461545270956753,-0.01980332351969422,-0.13481212918987331
CV-G,gfold_0,G+E normalized-reference,W252,ME2,0.5145595117033442,0.010147442323325711,0.5044120693800185
CV-G,gfold_0,G+E normalized-reference,W252,ME3,0.3252818932963758,-0.009663203762079632,0.33494509705845543
CV-G,gfold_0,G+E normalized-reference,W252,ME4,0.7817718517951378,-0.03044151435428577,0.8122133661494235
CV-G,gfold_0,G+E normalized-reference,W256,ME1,0.137292830014317,0.20667541998316732,-0.06938258996885033
CV-G,gfold_0,G+E normalized-reference,W256,ME2,-0.5999841019139922,0.23662618582618727,-0.8366102877401795
CV-G,gfold_0,G+E normalized-reference,W256,ME3,0.2579461674300598,0.2168155397407819,0.041130627689277915
CV-G,gfold_0,G+E normalized-reference,W256,ME4,-0.012017720414895539,0.19603722914857577,-0.20805494956347131
CV-G,gfold_0,G+E normalized-reference,W274,ME1,1.1955509577856243,-0.2284917369716375,1.4240426947572618
CV-G,gfold_0,G+E normalized-reference,W274,ME2,-1.1044177698884592,-0.19854097112861754,-0.9058767987598416
CV-G,gfold_0,G+E normalized-reference,W274,ME3,-1.5616810387484295,-0.2183516172140229,-1.3433294215344065
CV-G,gfold_0,G+E normalized-reference,W274,ME4,-0.6838340770546731,-0.23912992780622905,-0.4447041492484441
CV-G,gfold_0,G+E normalized-reference,W275,ME1,0.24001411924781724,-0.14840970599975437,0.3884238252475716
CV-G,gfold_0,G+E normalized-reference,W275,ME2,-1.7310392383745936,-0.11845894015673443,-1.6125802982178592
CV-G,gfold_0,G+E normalized-reference,W275,ME3,-0.6204928052364007,-0.13826958624213978,-0.4822232189942609
CV-G,gfold_0,G+E normalized-reference,W275,ME4,-0.4879531955519739,-0.15904789683434592,-0.32890529871762797
CV-G,gfold_0,G+E normalized-reference,W279,ME1,-0.9041722034575,-0.5259636423389857,-0.3782085611185143
CV-G,gfold_0,G+E normalized-reference,W279,ME2,-0.8868567807037266,-0.49601287649596587,-0.3908439042077608
CV-G,gfold_0,G+E normalized-reference,W279,ME3,-0.2876995790531457,-0.5158235225813712,0.22812394352822551
CV-G,gfold_0,G+E normalized-reference,W279,ME4,1.2954281633501068,-0.5366018331735773,1.8320299965236841
CV-G,gfold_0,G+E normalized-reference,W282,ME1,0.9392404515811735,-0.40035344687947044,1.339593898460644
CV-G,gfold_0,G+E normalized-reference,W282,ME2,-0.7804716910159893,-0.3704026810364505,-0.4100690099795388
CV-G,gfold_0,G+E normalized-reference,W282,ME3,-0.7978699054863589,-0.39021332712185586,-0.4076565783645031
CV-G,gfold_0,G+E normalized-reference,W282,ME4,-0.8930883520736206,-0.410991637714062,-0.4820967143595586
CV-G,gfold_0,G+E normalized-reference,W301,ME1,0.4116750511802455,0.008113426327536553,0.40356162485270897
CV-G,gfold_0,G+E normalized-reference,W301,ME2,-0.668998343618024,0.03806419217055648,-0.7070625357885805
CV-G,gfold_0,G+E normalized-reference,W301,ME3,-0.626523626644899,0.018253546085151142,-0.6447771727300502
CV-G,gfold_0,G+E normalized-reference,W301,ME4,0.6900854391881516,-0.0025247645070549975,0.6926102036952065
CV-G,gfold_0,G+E normalized-reference,W311,ME1,1.6245078296811046,-0.34480796078194165,1.9693157904630463
CV-G,gfold_0,G+E normalized-reference,W311,ME2,0.5911808252577422,-0.3148571949389217,0.9060380201966639
CV-G,gfold_0,G+E normalized-reference,W311,ME3,-0.8288348792728519,-0.33466784102432706,-0.49416703824852487
CV-G,gfold_0,G+E normalized-reference,W311,ME4,-0.1378849535089993,-0.3554461516165332,0.2175611981075339
CV-G,gfold_0,G+E normalized-reference,W312,ME1,0.9392485956618243,-0.4161677808577489,1.3554163765195733
CV-G,gfold_0,G+E normalized-reference,W312,ME2,-0.9741292605843869,-0.386217015014729,-0.5879122455696579
CV-G,gfold_0,G+E normalized-reference,W312,ME3,-0.44522733713227575,-0.40602766110013433,-0.03919967603214142
CV-G,gfold_0,G+E normalized-reference,W312,ME4,-0.629553832782841,-0.42680597169234047,-0.20274786109050058
CV-G,gfold_0,G+E normalized-reference,W314,ME1,-0.062400027514061165,-0.2710766520900211,0.20867662457595992
CV-G,gfold_0,G+E normalized-reference,W314,ME2,-0.4162878726887524,-0.24112588624700113,-0.17516198644175127
CV-G,gfold_0,G+E normalized-reference,W314,ME3,-0.8449255162240982,-0.2609365323324065,-0.5839889838916916
CV-G,gfold_0,G+E normalized-reference,W314,ME4,0.4009841381751324,-0.28171484292461263,0.682698981099745
CV-G,gfold_0,G+E normalized-reference,W315,ME1,-0.15158585470791247,-0.22328223906243702,0.07169638435452455
CV-G,gfold_0,G+E normalized-reference,W315,ME2,0.7574795166155454,-0.19333147321941707,0.9508109898349624
CV-G,gfold_0,G+E normalized-reference,W315,ME3,0.47755591059667307,-0.21314211930482244,0.6906980299014955
CV-G,gfold_0,G+E normalized-reference,W315,ME4,-0.33193289342976523,-0.23392042989702858,-0.09801246353273665
CV-G,gfold_0,G+E normalized-reference,W316,ME1,-0.25829774345972123,-0.14368308601794155,-0.11461465744177968
CV-G,gfold_0,G+E normalized-reference,W316,ME2,-0.611723800984233,-0.11373232017492162,-0.4979914808093113
CV-G,gfold_0,G+E normalized-reference,W316,ME3,-1.199924666052931,-0.13354296626032697,-1.066381699792604
CV-G,gfold_0,G+E normalized-reference,W316,ME4,-0.3266858031501543,-0.1543212768525331,-0.17236452629762117
CV-G,gfold_0,G+E normalized-reference,W321,ME1,-1.0426785830653766,0.05478405545536597,-1.0974626385207427
CV-G,gfold_0,G+E normalized-reference,W321,ME2,-0.1855126022864137,0.0847348212983859,-0.2702474235847996
CV-G,gfold_0,G+E normalized-reference,W321,ME3,0.0811011984808501,0.06492417521298056,0.01617702326786953
CV-G,gfold_0,G+E normalized-reference,W321,ME4,-2.2422277568010442,0.044145864620774425,-2.2863736214218187
CV-G,gfold_0,G+E normalized-reference,W323,ME1,-0.5677320877415618,-0.029540370075376257,-0.5381917176661856
CV-G,gfold_0,G+E normalized-reference,W323,ME2,0.17726624935964166,0.0004103957676436752,0.17685585359199799
CV-G,gfold_0,G+E normalized-reference,W323,ME3,0.15025292799258408,-0.01940025031776167,0.16965317831034574
CV-G,gfold_0,G+E normalized-reference,W323,ME4,-1.7335117341450192,-0.04017856090996781,-1.6933331732350514
CV-G,gfold_0,G+E normalized-reference,W331,ME1,-0.3952241714215731,-0.3557277310291425,-0.03949644039243061
CV-G,gfold_0,G+E normalized-reference,W331,ME2,-0.5736884417324005,-0.3257769651861226,-0.24791147654627793
CV-G,gfold_0,G+E normalized-reference,W331,ME3,-0.8882477613280045,-0.34558761127152793,-0.5426601500564766
CV-G,gfold_0,G+E normalized-reference,W331,ME4,-1.469324278582564,-0.36636592186373407,-1.10295835671883
CV-G,gfold_0,G+E normalized-reference,W332,ME1,-0.43069164265061394,-0.0002743725748771608,-0.43041727007573677
CV-G,gfold_0,G+E normalized-reference,W332,ME2,-0.4849983378130693,0.02967639326814277,-0.5146747310812121
CV-G,gfold_0,G+E normalized-reference,W332,ME3,0.505657511193418,0.009865747182737427,0.49579176401068054
CV-G,gfold_0,G+E normalized-reference,W332,ME4,-0.588599781814847,-0.010912563409468713,-0.5776872184053783
CV-G,gfold_0,G+E normalized-reference,W340,ME1,0.8127547350121197,0.3484252971837037,0.464329437828416
CV-G,gfold_0,G+E normalized-reference,W340,ME2,-0.8750980955972533,0.3783760630267236,-1.2534741586239768
CV-G,gfold_0,G+E normalized-reference,W340,ME3,-0.48838065166451583,0.35856541694131827,-0.8469460686058341
CV-G,gfold_0,G+E normalized-reference,W340,ME4,-0.14921300448746808,0.33778710634911213,-0.48700011083658024
CV-G,gfold_0,G+E normalized-reference,W341,ME1,1.4213618819572946,0.017817508115278664,1.403544373842016
CV-G,gfold_0,G+E normalized-reference,W341,ME2,-0.419737002604269,0.04776827395829859,-0.4675052765625676
CV-G,gfold_0,G+E normalized-reference,W341,ME3,0.03109774926752954,0.027957627872893253,0.003140121394636288
CV-G,gfold_0,G+E normalized-reference,W341,ME4,0.43900390927162003,0.0071793172806871135,0.4318245919909329
CV-G,gfold_0,G+E normalized-reference,W342,ME1,0.9340689603686748,-0.3971007355497708,1.3311696959184456
CV-G,gfold_0,G+E normalized-reference,W342,ME2,-0.633937463375902,-0.3671499697067509,-0.26678749366915105
CV-G,gfold_0,G+E normalized-reference,W342,ME3,0.29294013535080016,-0.38696061579215624,0.6799007511429564
CV-G,gfold_0,G+E normalized-reference,W342,ME4,0.4180312815573153,-0.4077389263843624,0.8257702079416777
CV-G,gfold_0,G+E normalized-reference,W343,ME1,1.548043056461939,-0.19920860218939707,1.747251658651336
CV-G,gfold_0,G+E normalized-reference,W343,ME2,-0.32090835533694567,-0.16925783634637712,-0.15165051899056856
CV-G,gfold_0,G+E normalized-reference,W343,ME3,0.9831397720091377,-0.18906848243178248,1.1722082544409202
CV-G,gfold_0,G+E normalized-reference,W343,ME4,0.26856394225806685,-0.20984679302398862,0.47841073528205547
CV-G,gfold_0,G+E normalized-reference,W347,ME1,1.633808369782957,-0.0999826392839366,1.7337910090668938
CV-G,gfold_0,G+E normalized-reference,W347,ME2,0.6426329834469922,-0.07003187344091667,0.7126648568879088
CV-G,gfold_0,G+E normalized-reference,W347,ME3,0.25118894456339397,-0.08984251952632201,0.34103146408971596
CV-G,gfold_0,G+E normalized-reference,W347,ME4,0.6549055475383496,-0.11062083011852815,0.7655263776568778
CV-G,gfold_0,G+E normalized-reference,W354,ME1,0.20234774624338175,0.3092922996181316,-0.10694455337474984
CV-G,gfold_0,G+E normalized-reference,W354,ME2,-0.5286788785046079,0.3392430654611515,-0.8679219439657595
CV-G,gfold_0,G+E normalized-reference,W354,ME3,-0.6936904219395504,0.3194324193757462,-1.0131228413152966
CV-G,gfold_0,G+E normalized-reference,W354,ME4,-0.2558854845347211,0.29865410878354004,-0.5545395933182611
CV-G,gfold_0,G+E normalized-reference,W363,ME1,0.7960756578417226,-0.24516652239726988,1.0412421802389926
CV-G,gfold_0,G+E normalized-reference,W363,ME2,-1.0871657916321373,-0.21521575655424993,-0.8719500350778874
CV-G,gfold_0,G+E normalized-reference,W363,ME3,-0.18851199389908596,-0.2350264026396553,0.046514408740569335
CV-G,gfold_0,G+E normalized-reference,W363,ME4,0.39443117535217137,-0.25580471323186144,0.6502358885840328
CV-G,gfold_0,G+E normalized-reference,W364,ME1,0.19566960011070317,0.3792605373025874,-0.18359093719188424
CV-G,gfold_0,G+E normalized-reference,W364,ME2,-0.48058724872845643,0.40921130314560733,-0.8897985518740638
CV-G,gfold_0,G+E normalized-reference,W364,ME3,-0.9281829484699957,0.389400657060202,-1.3175836055301977
CV-G,gfold_0,G+E normalized-reference,W364,ME4,-0.17983807563967694,0.36862234646799585,-0.5484604221076728
CV-G,gfold_0,G+E normalized-reference,W365,ME1,0.42732797418879037,0.040799458461605154,0.3865285157271852
CV-G,gfold_0,G+E normalized-reference,W365,ME2,-0.01922023960735329,0.07075022430462509,-0.08997046391197838
CV-G,gfold_0,G+E normalized-reference,W365,ME3,-0.12552623025318374,0.05093957821921974,-0.17646580847240348
CV-G,gfold_0,G+E normalized-reference,W365,ME4,-0.7483410340154019,0.030161267627013603,-0.7785023016424155
CV-G,gfold_0,G+E normalized-reference,W367,ME1,2.234409885449567,0.1718247639727758,2.062585121476791
CV-G,gfold_0,G+E normalized-reference,W367,ME2,0.11041641578607922,0.20177552981579575,-0.09135911402971653
CV-G,gfold_0,G+E normalized-reference,W367,ME3,0.5535746678466565,0.18196488373039038,0.37160978411626616
CV-G,gfold_0,G+E normalized-reference,W367,ME4,-0.017264810694505774,0.16118657313818424,-0.17845138383269002
CV-G,gfold_0,G+E normalized-reference,W372,ME1,0.4184997907646172,0.11474047318763479,0.3037593175769824
CV-G,gfold_0,G+E normalized-reference,W372,ME2,2.302860593092614,0.14469123903065473,2.1581693540619593
CV-G,gfold_0,G+E normalized-reference,W372,ME3,1.2400240458139944,0.12488059294524938,1.115143452868745
CV-G,gfold_0,G+E normalized-reference,W372,ME4,0.2898669714592444,0.10410228235304324,0.18576468910620114
CV-G,gfold_0,G+E normalized-reference,W373,ME1,-0.9876408860353292,-0.13357784572608605,-0.8540630403092431
CV-G,gfold_0,G+E normalized-reference,W373,ME2,0.45441174891974717,-0.10362707988306612,0.5580388288028133
CV-G,gfold_0,G+E normalized-reference,W373,ME3,-0.19009994127275218,-0.12343772596847145,-0.06666221530428072
CV-G,gfold_0,G+E normalized-reference,W373,ME4,-1.244344466128922,-0.1442160365606776,-1.1001284295682443
CV-G,gfold_0,G+E normalized-reference,W376,ME1,-0.9486796042076059,-0.0406568291344304,-0.9080227750731755
CV-G,gfold_0,G+E normalized-reference,W376,ME2,-0.966269041584258,-0.01070606329141047,-0.9555629782928475
CV-G,gfold_0,G+E normalized-reference,W376,ME3,-1.0456403749498004,-0.030516709376815814,-1.0151236655729847
CV-G,gfold_0,G+E normalized-reference,W376,ME4,-0.390335289585429,-0.05129501996902196,-0.33904026961640704
CV-G,gfold_0,G+E normalized-reference,W389,ME1,0.5995182713634448,-0.4428414211934243,1.042359692556869
CV-G,gfold_0,G+E normalized-reference,W389,ME2,-1.9196338649477391,-0.41289065535040437,-1.5067432095973348
CV-G,gfold_0,G+E normalized-reference,W389,ME3,-1.342670999111231,-0.4327013014358097,-0.9099696976754212
CV-G,gfold_0,G+E normalized-reference,W389,ME4,-0.9835554258600077,-0.45347961202801584,-0.5300758138319919
CV-G,gfold_0,G+E normalized-reference,W392,ME1,0.6156598392109665,0.40902055491929695,0.2066392842916695
CV-G,gfold_0,G+E normalized-reference,W392,ME2,-0.568910289280631,0.4389713207623169,-1.007881610042948
CV-G,gfold_0,G+E normalized-reference,W392,ME3,-0.6912831612933005,0.41916067467691154,-1.110443835970212
CV-G,gfold_0,G+E normalized-reference,W392,ME4,-0.2186995838574817,0.3983823640847054,-0.6170819479421871
CV-G,gfold_0,G+E normalized-reference,W395,ME1,0.04472720935087633,-0.2402225022320905,0.28494971158296684
CV-G,gfold_0,G+E normalized-reference,W395,ME2,0.2432363965877775,-0.21027173638907054,0.453508132976848
CV-G,gfold_0,G+E normalized-reference,W395,ME3,-0.06516733699669865,-0.2300823824744759,0.16491504547777724
CV-G,gfold_0,G+E normalized-reference,W395,ME4,0.7629389670434328,-0.250860693066682,1.0137996601101147
CV-G,gfold_0,G+E normalized-reference,W396,ME1,1.2469563948459483,0.3325495269397413,0.914406867906207
CV-G,gfold_0,G+E normalized-reference,W396,ME2,2.0368472394433184,0.36250029278276125,1.6743469466605572
CV-G,gfold_0,G+E normalized-reference,W396,ME3,0.14429812534133513,0.3426896466973559,-0.19839152135602078
CV-G,gfold_0,G+E normalized-reference,W396,ME4,1.5754827569844874,0.32191133610514977,1.2535714208793376
CV-G,gfold_0,G+E normalized-reference,W397,ME1,0.6546618414419376,0.29367464559170015,0.3609871958502375
CV-G,gfold_0,G+E normalized-reference,W397,ME2,0.04138951672455981,0.32362541143472007,-0.28223589471016025
CV-G,gfold_0,G+E normalized-reference,W397,ME3,0.49967736895641757,0.30381476534931473,0.19586260360710284
CV-G,gfold_0,G+E normalized-reference,W397,ME4,1.270254716731286,0.2830364547571086,0.9872182619741775
CV-G,gfold_0,G+E normalized-reference,W398,ME1,-1.2270850012144416,-0.05058543425932719,-1.1764995669551144
CV-G,gfold_0,G+E normalized-reference,W398,ME2,-1.9297597509382436,-0.020634668416307258,-1.9091250825219364
CV-G,gfold_0,G+E normalized-reference,W398,ME3,-2.7585203528921474,-0.0404453145017126,-2.7180750383904346
CV-G,gfold_0,G+E normalized-reference,W398,ME4,-1.6391113093244416,-0.06122362509391874,-1.577887684230523
CV-G,gfold_0,G+E normalized-reference,W406,ME1,0.39373364150916074,0.15435238595334758,0.23938125555581316
CV-G,gfold_0,G+E normalized-reference,W406,ME2,-1.0395298267255575,0.18430315179636753,-1.223832978521925
CV-G,gfold_0,G+E normalized-reference,W406,ME3,-0.592340525468158,0.16449250571096216,-0.7568330311791202
CV-G,gfold_0,G+E normalized-reference,W406,ME4,-0.6871223585192565,0.14371419511875602,-0.8308365536380126
CV-G,gfold_0,G+E normalized-reference,W410,ME1,-0.6108224184586346,0.3987327159008695,-1.0095551343595042
CV-G,gfold_0,G+E normalized-reference,W410,ME2,0.0194986169488371,0.4286834817438894,-0.40918486479505234
CV-G,gfold_0,G+E normalized-reference,W410,ME3,0.9534924566816448,0.4088728356584841,0.5446196210231607
CV-G,gfold_0,G+E normalized-reference,W410,ME4,2.167058752526775,0.38809452506627795,1.778964227460497
CV-G,gfold_0,G+E normalized-reference,W413,ME1,-0.3323763010485524,-0.15688239630833353,-0.1754939047402189
CV-G,gfold_0,G+E normalized-reference,W413,ME2,0.9193987622824558,-0.12693163046531358,1.0463303927477694
CV-G,gfold_0,G+E normalized-reference,W413,ME3,-0.1338798470220988,-0.14674227655071895,0.012862429528620156
CV-G,gfold_0,G+E normalized-reference,W413,ME4,0.08015642772033077,-0.1675205871429251,0.24767701486325586
CV-G,gfold_0,G+E normalized-reference,W414,ME1,-0.6666908117149426,0.058339694776312435,-0.725030506491255
CV-G,gfold_0,G+E normalized-reference,W414,ME2,0.1803356585505129,0.08829046061933236,0.09204519793118053
CV-G,gfold_0,G+E normalized-reference,W414,ME3,0.27105517979138893,0.06847981453392703,0.2025753652574619
CV-G,gfold_0,G+E normalized-reference,W414,ME4,-0.2854485509076981,0.04770150394172089,-0.333150054849419
CV-G,gfold_0,G+E normalized-reference,W416,ME1,-0.9499419367082935,-0.16180074727203594,-0.7881411894362575
CV-G,gfold_0,G+E normalized-reference,W416,ME2,-0.2931634277229627,-0.131849981429016,-0.16131344629394673
CV-G,gfold_0,G+E normalized-reference,W416,ME3,-0.28393242730498,-0.15166062751442136,-0.13227179979055861
CV-G,gfold_0,G+E normalized-reference,W416,ME4,-0.22953989930771182,-0.1724389381066275,-0.05710096120108432
CV-G,gfold_0,G+E normalized-reference,W420,ME1,-1.016055583421809,-0.12238288728942344,-0.8936726961323855
CV-G,gfold_0,G+E normalized-reference,W420,ME2,0.19500553587925507,-0.09243212144640352,0.28743765732565857
CV-G,gfold_0,G+E normalized-reference,W420,ME3,-0.28896655834064544,-0.11224276753180885,-0.1767237908088366
CV-G,gfold_0,G+E normalized-reference,W420,ME4,-0.025745115524221367,-0.133021078124015,0.10727596259979363
CV-G,gfold_0,G+E normalized-reference,W423,ME1,-1.0137345204366706,0.13116745485861064,-1.1449019752952811
CV-G,gfold_0,G+E normalized-reference,W423,ME2,0.22816148381941473,0.1611182207016306,0.06704326311778414
CV-G,gfold_0,G+E normalized-reference,W423,ME3,0.19654835115782304,0.14130757461622523,0.055240776541597814
CV-G,gfold_0,G+E normalized-reference,W423,ME4,-0.1478520650296379,0.1205292640240191,-0.268381329053657
CV-G,gfold_0,G+E normalized-reference,W451,ME1,-0.26762271580352187,-0.818933850882491,0.5513111350789692
CV-G,gfold_0,G+E normalized-reference,W451,ME2,0.15267933243894802,-0.7889830850394711,0.9416624174784192
CV-G,gfold_0,G+E normalized-reference,W451,ME3,0.32632081631212523,-0.8087937311248765,1.1351145474370017
CV-G,gfold_0,G+E normalized-reference,W451,ME4,0.3311986241265204,-0.8295720417170827,1.160770665843603
CV-G,gfold_0,G+E normalized-reference,W469,ME1,0.296908666665976,0.3878278533444065,-0.09091918667843052
CV-G,gfold_0,G+E normalized-reference,W469,ME2,1.4976438104489564,0.4177786191874264,1.07986519126153
CV-G,gfold_0,G+E normalized-reference,W469,ME3,1.3897809975964597,0.3979679731020211,0.9918130244944385
CV-G,gfold_0,G+E normalized-reference,W469,ME4,0.759572018558165,0.37718966250981495,0.3823823560483501
CV-G,gfold_0,G+E normalized-reference,W482,ME1,-0.3583070538369021,-0.0470169702969285,-0.31129008353997356
CV-G,gfold_0,G+E normalized-reference,W482,ME2,1.0628066226229747,-0.01706620445390857,1.0798728270768831
CV-G,gfold_0,G+E normalized-reference,W482,ME3,-0.10021198408894004,-0.036876850539313916,-0.06333513354962612
CV-G,gfold_0,G+E normalized-reference,W482,ME4,0.32484232885526776,-0.057655161131520055,0.3824974899867878
CV-G,gfold_0,G+E normalized-reference,W490,ME1,-0.050240915104195885,0.15760560142426264,-0.20784651652845854
CV-G,gfold_0,G+E normalized-reference,W490,ME2,0.9018999655551156,0.1875563672672826,0.714343598287833
CV-G,gfold_0,G+E normalized-reference,W490,ME3,2.007585437767064,0.16774572118187722,1.839839716585187
CV-G,gfold_0,G+E normalized-reference,W490,ME4,1.0234369393358167,0.14696741058967108,0.8764695287461456
CV-G,gfold_0,G+E normalized-reference,W495,ME1,-0.7319574740408977,-0.38067916849308014,-0.3512783055478176
CV-G,gfold_0,G+E normalized-reference,W495,ME2,0.587295016508887,-0.3507284026500602,0.9380234191589473
CV-G,gfold_0,G+E normalized-reference,W495,ME3,-0.08742393981377662,-0.37053904873546556,0.28311510892168895
CV-G,gfold_0,G+E normalized-reference,W495,ME4,-0.3122661382588112,-0.3913173593276717,0.07905122106886048
CV-G,gfold_0,G+E normalized-reference,W501,ME1,0.05677230463164708,-0.309453770860928,0.3662260754925751
CV-G,gfold_0,G+E normalized-reference,W501,ME2,-0.32234496541184804,-0.2795030050179081,-0.04284196039393995
CV-G,gfold_0,G+E normalized-reference,W501,ME3,-0.662725448153058,-0.2993136511033134,-0.3634117970497446
CV-G,gfold_0,G+E normalized-reference,W501,ME4,-0.8419547886291413,-0.32009196169551957,-0.5218628269336217
CV-G,gfold_0,G+E normalized-reference,W509,ME1,-1.4683941108623129,0.22332720188693939,-1.6917213127492523
CV-G,gfold_0,G+E normalized-reference,W509,ME2,0.36976567071787464,0.2532779677299593,0.11648770298791533
CV-G,gfold_0,G+E normalized-reference,W509,ME3,1.1203367357881893,0.23346732164455397,0.8868694141436353
CV-G,gfold_0,G+E normalized-reference,W509,ME4,1.1805743131517366,0.21268901105234783,0.9678853020993887
CV-G,gfold_0,G+E normalized-reference,W510,ME1,0.5595226912932214,-0.5473567785109322,1.1068794698041535
CV-G,gfold_0,G+E normalized-reference,W510,ME2,1.031277145120041,-0.5174060126679123,1.5486831577879534
CV-G,gfold_0,G+E normalized-reference,W510,ME3,0.10330712212642852,-0.5372166587533177,0.6405237808797463
CV-G,gfold_0,G+E normalized-reference,W510,ME4,0.09567743090124745,-0.5579949693455238,0.6536724002467713
CV-G,gfold_0,G+E normalized-reference,W511,ME1,0.16762138635345467,0.6811329543011861,-0.5135115679477315
CV-G,gfold_0,G+E normalized-reference,W511,ME2,0.6725992773001421,0.7110837201442061,-0.03848444284406394
CV-G,gfold_0,G+E normalized-reference,W511,ME3,1.2596706712988222,0.6912730740588007,0.5683975972400215
CV-G,gfold_0,G+E normalized-reference,W511,ME4,0.10407906871027871,0.6704947634665945,-0.5664156947563158
CV-G,gfold_0,G+E normalized-reference,W516,ME1,0.09105888416649463,-0.06520983077540615,0.15626871494190078
CV-G,gfold_0,G+E normalized-reference,W516,ME2,1.1883233081540217,-0.03525906493238623,1.223582373086408
CV-G,gfold_0,G+E normalized-reference,W516,ME3,1.3063461882503116,-0.05506971101779157,1.3614158992681031
CV-G,gfold_0,G+E normalized-reference,W516,ME4,0.12649130290309799,-0.0758480216099977,0.2023393245130957
CV-G,gfold_0,G+E normalized-reference,W521,ME1,-1.3975976177752751,-0.09358978641398145,-1.3040078313612937
CV-G,gfold_0,G+E normalized-reference,W521,ME2,0.9135067623717303,-0.06363902057096153,0.9771457829426918
CV-G,gfold_0,G+E normalized-reference,W521,ME3,1.3454367225339685,-0.08344966665636687,1.4288863891903354
CV-G,gfold_0,G+E normalized-reference,W521,ME4,1.7810632821375,-0.10422797724857301,1.8852912593860731
CV-G,gfold_0,G+E normalized-reference,W523,ME1,-0.8174214563778803,0.04467899919969842,-0.8621004555775788
CV-G,gfold_0,G+E normalized-reference,W523,ME2,1.1078858013169515,0.07462976504271836,1.0332560362742331
CV-G,gfold_0,G+E normalized-reference,W523,ME3,0.7309517680966139,0.05481911895731301,0.6761326491393009
CV-G,gfold_0,G+E normalized-reference,W523,ME4,1.4315221091331063,0.03404080836510687,1.3974813007679994
CV-G,gfold_0,G+E normalized-reference,W525,ME1,-1.101902337549322,0.37208052080101645,-1.4739828583503385
CV-G,gfold_0,G+E normalized-reference,W525,ME2,0.20861219517899632,0.40203128664403637,-0.19341909146504005
CV-G,gfold_0,G+E normalized-reference,W525,ME3,1.2621455041737388,0.38222064055863103,0.8799248636151078
CV-G,gfold_0,G+E normalized-reference,W525,ME4,2.217932714802998,0.3614423299664249,1.856490384836573
CV-G,gfold_0,G+E normalized-reference,W526,ME1,-2.0641906189456543,0.14691228480645865,-2.211102903752113
CV-G,gfold_0,G+E normalized-reference,W526,ME2,0.386872089363083,0.1768630506494786,0.21000903871360438
CV-G,gfold_0,G+E normalized-reference,W526,ME3,0.6239595905315553,0.15705240456407324,0.46690718596748204
CV-G,gfold_0,G+E normalized-reference,W526,ME4,1.4695497469316623,0.1362740939718671,1.333275652959795
CV-G,gfold_0,G+E normalized-reference,W529,ME1,-1.424562668806125,0.09437839873506781,-1.518941067541193
CV-G,gfold_0,G+E normalized-reference,W529,ME2,0.17636124829923971,0.12432916457808774,0.05203208372115198
CV-G,gfold_0,G+E normalized-reference,W529,ME3,2.1109033753983715,0.1045185184926824,2.0063848569056892
CV-G,gfold_0,G+E normalized-reference,W529,ME4,1.5204158425058167,0.08374020790047626,1.4366756346053404
CV-G,gfold_0,G+E normalized-reference,W532,ME1,-0.4666314705573329,-0.046751080378616854,-0.41988039017871603
CV-G,gfold_0,G+E normalized-reference,W532,ME2,0.33179359825348265,-0.01680031453559692,0.3485939127890796
CV-G,gfold_0,G+E normalized-reference,W532,ME3,1.0825891995492807,-0.03661096062100226,1.119200160170283
CV-G,gfold_0,G+E normalized-reference,W532,ME4,0.9196279388414551,-0.0573892712132084,0.9770172100546635
CV-G,gfold_0,G+E normalized-reference,W540,ME1,-0.29142786354232486,-0.17362878678386165,-0.11779907675846321
CV-G,gfold_0,G+E normalized-reference,W540,ME2,1.626052702166041,-0.1436780209408417,1.7697307231068826
CV-G,gfold_0,G+E normalized-reference,W540,ME3,1.0842278260944478,-0.16348866702624706,1.2477164931206948
CV-G,gfold_0,G+E normalized-reference,W540,ME4,0.7549857312522991,-0.1842669776184532,0.9392527088707523
CV-G,gfold_0,G+E normalized-reference,W543,ME1,-1.7024794209739837,-0.35064423060509264,-1.3518351903688912
CV-G,gfold_0,G+E normalized-reference,W543,ME2,0.5776374527454426,-0.3206934647620727,0.8983309175075154
CV-G,gfold_0,G+E normalized-reference,W543,ME3,1.9071308733255052,-0.34050411084747806,2.2476349841729832
CV-G,gfold_0,G+E normalized-reference,W543,ME4,1.3292549822441466,-0.3612824214396842,1.6905374036838308
CV-G,gfold_0,G+E normalized-reference,W546,ME1,-0.5035730203839532,0.4010365541161232,-0.9046095745000764
CV-G,gfold_0,G+E normalized-reference,W546,ME2,0.8839708186731784,0.43098731995914313,0.45298349871403526
CV-G,gfold_0,G+E normalized-reference,W546,ME3,1.8385028285859375,0.4111766738737378,1.4273261547121998
CV-G,gfold_0,G+E normalized-reference,W546,ME4,2.397820591000678,0.39039836328153166,2.0074222277191462
CV-G,gfold_0,G+E normalized-reference,W547,ME1,-0.8805055050897409,-0.16780957562285398,-0.7126959294668869
CV-G,gfold_0,G+E normalized-reference,W547,ME2,0.12980115877915252,-0.13785880977983403,0.26765996855898655
CV-G,gfold_0,G+E normalized-reference,W547,ME3,0.5126343438032495,-0.1576694558652394,0.6703037996684889
CV-G,gfold_0,G+E normalized-reference,W547,ME4,2.6836336105491125,-0.17844776645744553,2.8620813770065583
CV-G,gfold_0,G+E normalized-reference,W558,ME1,-1.503560251107318,0.4929903956434578,-1.9965506467507759
CV-G,gfold_0,G+E normalized-reference,W558,ME2,0.9559595393869207,0.5229411614864777,0.43301837790044295
CV-G,gfold_0,G+E normalized-reference,W558,ME3,1.0457961210402897,0.5031305154010725,0.5426656056392173
CV-G,gfold_0,G+E normalized-reference,W558,ME4,1.2545213125945234,0.48235220480886626,0.7721691077856572
CV-G,gfold_0,G+E normalized-reference,W562,ME1,-1.821179396442014,0.21008056843798173,-2.031259964879996
CV-G,gfold_0,G+E normalized-reference,W562,ME2,0.5050411788722706,0.24003133428100168,0.265009844591269
CV-G,gfold_0,G+E normalized-reference,W562,ME3,-0.009715876847128569,0.22022068819559631,-0.2299365650427249
CV-G,gfold_0,G+E normalized-reference,W562,ME4,0.905436408310095,0.19944237760339018,0.7059940307067047
CV-G,gfold_0,G+E normalized-reference,W569,ME1,-1.7856386284871266,0.13660308232645185,-1.9222417108135785
CV-G,gfold_0,G+E normalized-reference,W569,ME2,0.48209971842503346,0.1665538481694718,0.3155458702555617
CV-G,gfold_0,G+E normalized-reference,W569,ME3,0.4813568484591723,0.14674320208406644,0.3346136463751059
CV-G,gfold_0,G+E normalized-reference,W569,ME4,1.3628851335864787,0.1259648914918603,1.2369202420946184
CV-G,gfold_0,G+E normalized-reference,W581,ME1,-1.6029750435970784,-0.003097257088636435,-1.599877786508442
CV-G,gfold_0,G+E normalized-reference,W581,ME2,0.726544934914554,0.0268535087543835,0.6996914261601704
CV-G,gfold_0,G+E normalized-reference,W581,ME3,0.3789426893862799,0.007042862668978153,0.37189982671730176
CV-G,gfold_0,G+E normalized-reference,W581,ME4,1.5685993926746529,-0.013735447923227987,1.5823348405978808
CV-G,gfold_0,G+E normalized-reference,W593,ME1,-1.148877394736258,0.1753407252041399,-1.324218119940398
CV-G,gfold_0,G+E normalized-reference,W593,ME2,0.5637649889384505,0.20529149104715985,0.3584734978912907
CV-G,gfold_0,G+E normalized-reference,W593,ME3,2.365591551771563,0.1854808449617545,2.1801107068098085
CV-G,gfold_0,G+E normalized-reference,W593,ME4,1.2241007756960924,0.16470253436954835,1.0593982413265441
CV-G,gfold_0,G+E normalized-reference,W596,ME1,-1.0521257166189197,0.11748309854771614,-1.169608815166636
CV-G,gfold_0,G+E normalized-reference,W596,ME2,0.08278540438949077,0.14743386439073608,-0.06464846000124531
CV-G,gfold_0,G+E normalized-reference,W596,ME3,2.138354593294199,0.12762321830533072,2.0107313749888687
CV-G,gfold_0,G+E normalized-reference,W596,ME4,0.5543848285085714,0.10684490771312459,0.4475399207954468
CV-G,gfold_0,G+E normalized-reference,W597,ME1,-1.2099742877696142,0.5151112837455243,-1.7250855715151385
CV-G,gfold_0,G+E normalized-reference,W597,ME2,0.45196255024579446,0.5450620495885442,-0.09309949934274975
CV-G,gfold_0,G+E normalized-reference,W597,ME3,2.0225695794738936,0.5252514035031388,1.4973181759707548
CV-G,gfold_0,G+E normalized-reference,W597,ME4,1.8487169199255822,0.5044730929109327,1.3442438270146495
CV-G,gfold_0,G+E+normalized-GxE-mixture,W002,ME1,-0.25270276005343995,-0.9121463358683205,0.6594435758148806
CV-G,gfold_0,G+E+normalized-GxE-mixture,W002,ME2,0.40952243058809296,0.28037574530203846,0.1291466852860545
CV-G,gfold_0,G+E+normalized-GxE-mixture,W002,ME3,0.3093855265025463,-0.5830988626901793,0.8924843891927257
CV-G,gfold_0,G+E+normalized-GxE-mixture,W002,ME4,-1.7387588244246297,-0.3119288706721193,-1.4268299537525104
CV-G,gfold_0,G+E+normalized-GxE-mixture,W003,ME1,0.3418151273679119,-0.8610264646916325,1.2028415920595443
CV-G,gfold_0,G+E+normalized-GxE-mixture,W003,ME2,-0.648626326740878,0.3092223249631133,-0.9578486517039912
CV-G,gfold_0,G+E+normalized-GxE-mixture,W003,ME3,-0.799559211203025,-0.5938281200622059,-0.2057310911408191
CV-G,gfold_0,G+E+normalized-GxE-mixture,W003,ME4,-1.0535690742686032,-0.2950361530213045,-0.7585329212472988
CV-G,gfold_0,G+E+normalized-GxE-mixture,W008,ME1,0.647218151728196,0.21169214241736342,0.4355260093108325
CV-G,gfold_0,G+E+normalized-GxE-mixture,W008,ME2,-0.4240405041502334,0.14618217023711372,-0.5702226743873471
CV-G,gfold_0,G+E+normalized-GxE-mixture,W008,ME3,-0.7080833066455468,-0.20527892766088246,-0.5028043789846643
CV-G,gfold_0,G+E+normalized-GxE-mixture,W008,ME4,0.9643265399939988,-0.23045282579011,1.1947793657841088
CV-G,gfold_0,G+E+normalized-GxE-mixture,W011,ME1,1.6857676043274525,0.9334628788521832,0.7523047254752694
CV-G,gfold_0,G+E+normalized-GxE-mixture,W011,ME2,-0.26919672131918876,-1.2997179665739151,1.0305212452547263
CV-G,gfold_0,G+E+normalized-GxE-mixture,W011,ME3,-0.21264372606166304,-0.7750619220258722,0.5624181959642092
CV-G,gfold_0,G+E+normalized-GxE-mixture,W011,ME4,0.347223096239814,-0.7783225982968888,1.1255456945367028
CV-G,gfold_0,G+E+normalized-GxE-mixture,W012,ME1,0.8910193500548484,0.36610168358935946,0.524917666465489
CV-G,gfold_0,G+E+normalized-GxE-mixture,W012,ME2,-0.18989837665605017,-0.4148988132917564,0.2250004366357062
CV-G,gfold_0,G+E+normalized-GxE-mixture,W012,ME3,-0.38194594498595685,-0.22462033830423572,-0.15732560668172113
CV-G,gfold_0,G+E+normalized-GxE-mixture,W012,ME4,0.6924061162983242,-0.18676927344057725,0.8791753897389014
CV-G,gfold_0,G+E+normalized-GxE-mixture,W016,ME1,1.0013634987763806,-0.031030114392532396,1.032393613168913
CV-G,gfold_0,G+E+normalized-GxE-mixture,W016,ME2,0.1429331671730866,0.04559642561701557,0.09733674155607103
CV-G,gfold_0,G+E+normalized-GxE-mixture,W016,ME3,-0.15849303131392628,0.3005670615324548,-0.4590600928463811
CV-G,gfold_0,G+E+normalized-GxE-mixture,W016,ME4,-0.6343525210445544,-0.14800026620765452,-0.4863522548368999
CV-G,gfold_0,G+E+normalized-GxE-mixture,W026,ME1,-0.4852406948416862,0.07018481780216673,-0.555425512643853
CV-G,gfold_0,G+E+normalized-GxE-mixture,W026,ME2,-0.2743862378893214,-0.15670698975018213,-0.1176792481391393
CV-G,gfold_0,G+E+normalized-GxE-mixture,W026,ME3,0.3088365021446311,0.2649769630759046,0.04385953906872647
CV-G,gfold_0,G+E+normalized-GxE-mixture,W026,ME4,-0.2668516672180447,0.3107343341705678,-0.5775860013886125
CV-G,gfold_0,G+E+normalized-GxE-mixture,W028,ME1,2.593962902049092,0.23346422633731473,2.3604986757117774
CV-G,gfold_0,G+E+normalized-GxE-mixture,W028,ME2,0.06926734659216646,-0.7003610558071722,0.7696284023993387
CV-G,gfold_0,G+E+normalized-GxE-mixture,W028,ME3,-0.9879167986113145,-0.4331420244256594,-0.5547747741856551
CV-G,gfold_0,G+E+normalized-GxE-mixture,W028,ME4,0.38525073403836974,-0.27037753538835835,0.6556282694267281
CV-G,gfold_0,G+E+normalized-GxE-mixture,W029,ME1,0.9675492759192114,-0.13340739699620915,1.1009566729154205
CV-G,gfold_0,G+E+normalized-GxE-mixture,W029,ME2,1.3109161441053094,0.21991809095665957,1.0909980531486498
CV-G,gfold_0,G+E+normalized-GxE-mixture,W029,ME3,0.8031273548411803,0.30069521256451204,0.5024321422766682
CV-G,gfold_0,G+E+normalized-GxE-mixture,W029,ME4,-0.6872482257523514,-0.5138301067399211,-0.17341811901243032
CV-G,gfold_0,G+E+normalized-GxE-mixture,W049,ME1,0.6860409841848755,0.04095691387989698,0.6450840703049785
CV-G,gfold_0,G+E+normalized-GxE-mixture,W049,ME2,-0.40966807472246114,-0.1927892303932434,-0.21687884432921775
CV-G,gfold_0,G+E+normalized-GxE-mixture,W049,ME3,-0.6977194160737998,-0.3757760742020114,-0.3219433418717884
CV-G,gfold_0,G+E+normalized-GxE-mixture,W049,ME4,0.07844935337149163,-0.3493163923479736,0.42776574571946524
CV-G,gfold_0,G+E+normalized-GxE-mixture,W054,ME1,0.30923880476948085,0.5368747982295344,-0.2276359934600536
CV-G,gfold_0,G+E+normalized-GxE-mixture,W054,ME2,-0.9063491112354478,0.3645917698574983,-1.2709408810929461
CV-G,gfold_0,G+E+normalized-GxE-mixture,W054,ME3,-0.5979659135046567,-0.2561701238381836,-0.34179578966647306
CV-G,gfold_0,G+E+normalized-GxE-mixture,W054,ME4,0.18436663002017992,-0.15474535630548106,0.339111986325661
CV-G,gfold_0,G+E+normalized-GxE-mixture,W055,ME1,-0.3655227092924547,0.2588160220614194,-0.6243387313538741
CV-G,gfold_0,G+E+normalized-GxE-mixture,W055,ME2,0.10591672519904828,-0.5740502933083214,0.6799670185073696
CV-G,gfold_0,G+E+normalized-GxE-mixture,W055,ME3,1.6860092015424728,-0.32191821619976513,2.0079274177422377
CV-G,gfold_0,G+E+normalized-GxE-mixture,W055,ME4,-1.011088883099343,-0.3524601849688837,-0.6586286981304592
CV-G,gfold_0,G+E+normalized-GxE-mixture,W065,ME1,0.8241971683248178,-0.5028955640916403,1.327092732416458
CV-G,gfold_0,G+E+normalized-GxE-mixture,W065,ME2,-0.28141107129523324,0.42382126816334603,-0.7052323394585793
CV-G,gfold_0,G+E+normalized-GxE-mixture,W065,ME3,-0.42371402883053055,0.10111637998896635,-0.5248304088194969
CV-G,gfold_0,G+E+normalized-GxE-mixture,W065,ME4,-1.294203623838324,-1.0191131931208768,-0.2750904307174473
CV-G,gfold_0,G+E+normalized-GxE-mixture,W074,ME1,0.8733304068839006,0.1536089608599902,0.7197214460239104
CV-G,gfold_0,G+E+normalized-GxE-mixture,W074,ME2,-0.674903000886236,-0.03070282234552221,-0.6442001785407138
CV-G,gfold_0,G+E+normalized-GxE-mixture,W074,ME3,0.35809665684261816,-0.19087734277548257,0.5489739996181007
CV-G,gfold_0,G+E+normalized-GxE-mixture,W074,ME4,-0.059745001863765974,0.21053236707364278,-0.2702773689374088
CV-G,gfold_0,G+E+normalized-GxE-mixture,W075,ME1,-0.9345740565224844,0.2630177930560922,-1.1975918495785765
CV-G,gfold_0,G+E+normalized-GxE-mixture,W075,ME2,-0.4629492210687465,-0.3819204918819431,-0.08102872918680337
CV-G,gfold_0,G+E+normalized-GxE-mixture,W075,ME3,-0.20287953901933256,-0.3638263004757635,0.16094676145643091
CV-G,gfold_0,G+E+normalized-GxE-mixture,W075,ME4,-0.8562092527770483,-0.4723739504187874,-0.3838353023582609
CV-G,gfold_0,G+E+normalized-GxE-mixture,W078,ME1,1.0472716813982195,0.10255753325646508,0.9447141481417544
CV-G,gfold_0,G+E+normalized-GxE-mixture,W078,ME2,-0.6132110404890881,-0.39077740227176166,-0.22243363821732648
CV-G,gfold_0,G+E+normalized-GxE-mixture,W078,ME3,-0.6509003081363932,-0.4248595651285664,-0.22604074300782684
CV-G,gfold_0,G+E+normalized-GxE-mixture,W078,ME4,-0.7263142682239334,-0.2890675564443104,-0.437246711779623
CV-G,gfold_0,G+E+normalized-GxE-mixture,W084,ME1,0.9381410006934777,-0.18459158842881287,1.1227325891222906
CV-G,gfold_0,G+E+normalized-GxE-mixture,W084,ME2,-0.60131945312899,-0.21512472459829823,-0.3861947285306918
CV-G,gfold_0,G+E+normalized-GxE-mixture,W084,ME3,0.6211468965133073,-0.6850951111586077,1.306242007671915
CV-G,gfold_0,G+E+normalized-GxE-mixture,W084,ME4,0.024696178138241338,-0.043094069819537575,0.06779024795777891
CV-G,gfold_0,G+E+normalized-GxE-mixture,W093,ME1,-0.05990793883528156,0.033944802270738705,-0.09385274110602027
CV-G,gfold_0,G+E+normalized-GxE-mixture,W093,ME2,-2.278786383673444,-0.38855332486219935,-1.8902330588112446
CV-G,gfold_0,G+E+normalized-GxE-mixture,W093,ME3,-1.5833970637361743,-0.3381917963614767,-1.2452052673746976
CV-G,gfold_0,G+E+normalized-GxE-mixture,W093,ME4,-1.1028696961311497,-0.6934778445873292,-0.4093918515438205
CV-G,gfold_0,G+E+normalized-GxE-mixture,W100,ME1,0.14921576408534248,0.6806914457622961,-0.5314756816769537
CV-G,gfold_0,G+E+normalized-GxE-mixture,W100,ME2,-0.7213301881526994,-0.02952475921945265,-0.6918054289332468
CV-G,gfold_0,G+E+normalized-GxE-mixture,W100,ME3,-0.3449248102052157,-0.020283649760196826,-0.3246411604450189
CV-G,gfold_0,G+E+normalized-GxE-mixture,W100,ME4,-0.6463571084009043,0.08904388174552165,-0.735400990146426
CV-G,gfold_0,G+E+normalized-GxE-mixture,W103,ME1,1.7113807379704693,0.23193807876719197,1.4794426592032774
CV-G,gfold_0,G+E+normalized-GxE-mixture,W103,ME2,-0.07260897349228923,0.17504128856279016,-0.2476502620550794
CV-G,gfold_0,G+E+normalized-GxE-mixture,W103,ME3,-0.5613671051530811,0.4636445686940344,-1.0250116738471156
CV-G,gfold_0,G+E+normalized-GxE-mixture,W103,ME4,-0.11737646121672823,0.04803044955096045,-0.16540691076768868
CV-G,gfold_0,G+E+normalized-GxE-mixture,W107,ME1,0.10373921773793388,0.22216223905884483,-0.11842302132091095
CV-G,gfold_0,G+E+normalized-GxE-mixture,W107,ME2,-0.9048998438030572,-0.16832485184319354,-0.7365749919598636
CV-G,gfold_0,G+E+normalized-GxE-mixture,W107,ME3,-0.14108473590368073,-0.1233848034783639,-0.017699932425316825
CV-G,gfold_0,G+E+normalized-GxE-mixture,W107,ME4,-1.0358689946147441,-0.1491799171457355,-0.8866890774690086
CV-G,gfold_0,G+E+normalized-GxE-mixture,W113,ME1,-1.0811349318928232,-0.8629567629555396,-0.2181781689372836
CV-G,gfold_0,G+E+normalized-GxE-mixture,W113,ME2,-0.6417280669098465,-0.6587556001454539,0.01702753323560735
CV-G,gfold_0,G+E+normalized-GxE-mixture,W113,ME3,-1.5484030958154327,-0.35220578892965476,-1.1961973068857779
CV-G,gfold_0,G+E+normalized-GxE-mixture,W113,ME4,-0.6702010823701685,-0.5639506137411531,-0.10625046862901544
CV-G,gfold_0,G+E+normalized-GxE-mixture,W114,ME1,-0.5719507215180579,0.34002144625862274,-0.9119721677766807
CV-G,gfold_0,G+E+normalized-GxE-mixture,W114,ME2,0.2898597728953063,-0.32965435432714696,0.6195141272224532
CV-G,gfold_0,G+E+normalized-GxE-mixture,W114,ME3,0.4801996740432562,-0.08997071677597437,0.5701703908192306
CV-G,gfold_0,G+E+normalized-GxE-mixture,W114,ME4,-2.1425881084029244,-0.2373149179354092,-1.905273190467515
CV-G,gfold_0,G+E+normalized-GxE-mixture,W117,ME1,-0.115605306397947,0.3196648001525264,-0.4352701065504734
CV-G,gfold_0,G+E+normalized-GxE-mixture,W117,ME2,-0.4435897927906507,-0.47620264201035967,0.03261284921970897
CV-G,gfold_0,G+E+normalized-GxE-mixture,W117,ME3,-0.03044365799062294,-0.5883794126409019,0.5579357546502789
CV-G,gfold_0,G+E+normalized-GxE-mixture,W117,ME4,-0.0933122195895492,-0.58596025626313,0.49264803667358076
CV-G,gfold_0,G+E+normalized-GxE-mixture,W118,ME1,-0.4703614594948537,0.45103969423646206,-0.9214011537313158
CV-G,gfold_0,G+E+normalized-GxE-mixture,W118,ME2,-0.31294054879816674,-0.18666297346970046,-0.12627757532846628
CV-G,gfold_0,G+E+normalized-GxE-mixture,W118,ME3,0.6334365956020543,-0.47240664816769806,1.1058432437697525
CV-G,gfold_0,G+E+normalized-GxE-mixture,W118,ME4,-0.43080160502518294,-0.2530755215963446,-0.17772608342883833
CV-G,gfold_0,G+E+normalized-GxE-mixture,W119,ME1,-1.0630387846893945,0.17682174880022106,-1.2398605334896156
CV-G,gfold_0,G+E+normalized-GxE-mixture,W119,ME2,-0.15133140838971607,0.03594632669209784,-0.1872777350818139
CV-G,gfold_0,G+E+normalized-GxE-mixture,W119,ME3,0.6173797447651402,-0.26623900515085785,0.8836187499159981
CV-G,gfold_0,G+E+normalized-GxE-mixture,W119,ME4,-1.2844567799755995,-0.45968977587440935,-0.8247670041011901
CV-G,gfold_0,G+E+normalized-GxE-mixture,W131,ME1,-0.5614774338026641,-0.6029734598680492,0.04149602606538505
CV-G,gfold_0,G+E+normalized-GxE-mixture,W131,ME2,-2.630028053969067,-2.0528750111672407,-0.5771530428018261
CV-G,gfold_0,G+E+normalized-GxE-mixture,W131,ME3,-0.939045184228159,-1.6998499797745092,0.7608047955463503
CV-G,gfold_0,G+E+normalized-GxE-mixture,W131,ME4,-1.2969176360519157,-1.1783545146441328,-0.11856312140778291
CV-G,gfold_0,G+E+normalized-GxE-mixture,W141,ME1,0.988813470495336,0.45046371839316396,0.5383497521021721
CV-G,gfold_0,G+E+normalized-GxE-mixture,W141,ME2,0.07536186422270219,0.46419938761780605,-0.38883752339510386
CV-G,gfold_0,G+E+normalized-GxE-mixture,W141,ME3,-0.33491567383396814,0.3706514562688356,-0.7055671301028037
CV-G,gfold_0,G+E+normalized-GxE-mixture,W141,ME4,-0.08806512930993898,0.5115323057287715,-0.5995974350387105
CV-G,gfold_0,G+E+normalized-GxE-mixture,W144,ME1,-0.8535404540588897,-0.006464609597681873,-0.8470758444612078
CV-G,gfold_0,G+E+normalized-GxE-mixture,W144,ME2,-2.186229457041489,-0.7198793428490882,-1.466350114192401
CV-G,gfold_0,G+E+normalized-GxE-mixture,W144,ME3,-2.1605821479495377,-0.7456157713380315,-1.4149663766115061
CV-G,gfold_0,G+E+normalized-GxE-mixture,W144,ME4,-1.4804713954134605,0.11877556873991262,-1.599246964153373
CV-G,gfold_0,G+E+normalized-GxE-mixture,W148,ME1,0.6380560609973885,0.18381839893942797,0.45423766205796057
CV-G,gfold_0,G+E+normalized-GxE-mixture,W148,ME2,-0.7849903676392523,0.23114507664984243,-1.0161354442890949
CV-G,gfold_0,G+E+normalized-GxE-mixture,W148,ME3,-0.11007752947427116,0.10955335543775076,-0.21963088491202193
CV-G,gfold_0,G+E+normalized-GxE-mixture,W148,ME4,-0.4568403888715257,0.3076954525660756,-0.7645358414376013
CV-G,gfold_0,G+E+normalized-GxE-mixture,W156,ME1,1.400545611816896,0.4840796184630243,0.9164659933538717
CV-G,gfold_0,G+E+normalized-GxE-mixture,W156,ME2,-1.1285490219395795,-0.07757162363064404,-1.0509773983089354
CV-G,gfold_0,G+E+normalized-GxE-mixture,W156,ME3,-0.19333496172016787,-0.1252617257357695,-0.06807323598439838
CV-G,gfold_0,G+E+normalized-GxE-mixture,W156,ME4,0.3000307505315928,-0.0777846932475242,0.37781544377911697
CV-G,gfold_0,G+E+normalized-GxE-mixture,W169,ME1,0.9551865614931063,-0.09275262674893786,1.0479391882420441
CV-G,gfold_0,G+E+normalized-GxE-mixture,W169,ME2,2.111734495021843,0.5787798076013323,1.5329546874205104
CV-G,gfold_0,G+E+normalized-GxE-mixture,W169,ME3,0.34394872146553956,0.5619333558547773,-0.21798463438923776
CV-G,gfold_0,G+E+normalized-GxE-mixture,W169,ME4,1.514122480851111,0.39680352721876344,1.1173189536323473
CV-G,gfold_0,G+E+normalized-GxE-mixture,W179,ME1,-0.7676041150442303,-0.3086714567549499,-0.4589326582892804
CV-G,gfold_0,G+E+normalized-GxE-mixture,W179,ME2,-2.774005495396551,-1.7008772837461614,-1.0731282116503897
CV-G,gfold_0,G+E+normalized-GxE-mixture,W179,ME3,-2.2603272039900983,-1.2341081717986,-1.0262190321914983
CV-G,gfold_0,G+E+normalized-GxE-mixture,W179,ME4,-1.6968057022939513,-0.763225534697056,-0.9335801675968953
CV-G,gfold_0,G+E+normalized-GxE-mixture,W181,ME1,0.8223158856947588,0.11642830817839762,0.7058875775163611
CV-G,gfold_0,G+E+normalized-GxE-mixture,W181,ME2,-0.6538981161346836,-0.36679921405138316,-0.28709890208330047
CV-G,gfold_0,G+E+normalized-GxE-mixture,W181,ME3,0.061268749367188714,0.14663236666109677,-0.08536361729390807
CV-G,gfold_0,G+E+normalized-GxE-mixture,W181,ME4,1.1548737974943348,0.05244221845978082,1.102431579034554
CV-G,gfold_0,G+E+normalized-GxE-mixture,W189,ME1,0.7823610260277849,0.5051235970204363,0.2772374290073486
CV-G,gfold_0,G+E+normalized-GxE-mixture,W189,ME2,-0.41888895965256373,0.49295472352446873,-0.9118436831770325
CV-G,gfold_0,G+E+normalized-GxE-mixture,W189,ME3,-1.211749806069595,0.38077574129019864,-1.5925255473597937
CV-G,gfold_0,G+E+normalized-GxE-mixture,W189,ME4,-0.6046478540343456,0.32750546005854986,-0.9321533140928955
CV-G,gfold_0,G+E+normalized-GxE-mixture,W190,ME1,0.9656517051278523,-0.5734228627740804,1.5390745679019326
CV-G,gfold_0,G+E+normalized-GxE-mixture,W190,ME2,0.6671123128290374,0.4055878354571429,0.2615244773718945
CV-G,gfold_0,G+E+normalized-GxE-mixture,W190,ME3,-1.5580574779861802,0.8264038692751366,-2.384461347261317
CV-G,gfold_0,G+E+normalized-GxE-mixture,W190,ME4,-1.1068030471653405,0.700925136913514,-1.8077281840788544
CV-G,gfold_0,G+E+normalized-GxE-mixture,W193,ME1,-0.1570098124205512,0.3764619520465717,-0.5334717644671229
CV-G,gfold_0,G+E+normalized-GxE-mixture,W193,ME2,-0.9160826191438199,-0.3449719201725237,-0.5711106989712962
CV-G,gfold_0,G+E+normalized-GxE-mixture,W193,ME3,-1.2061159715045133,-0.9018648076471582,-0.3042511638573552
CV-G,gfold_0,G+E+normalized-GxE-mixture,W193,ME4,-0.3781812348897793,-1.0480873560993136,0.6699061212095343
CV-G,gfold_0,G+E+normalized-GxE-mixture,W196,ME1,-0.347442850250326,-0.31585454784413475,-0.03158830240619126
CV-G,gfold_0,G+E+normalized-GxE-mixture,W196,ME2,-1.0922603780211093,0.37114834949290165,-1.463408727514011
CV-G,gfold_0,G+E+normalized-GxE-mixture,W196,ME3,-1.6978982052118141,0.054531875911128735,-1.752430081122943
CV-G,gfold_0,G+E+normalized-GxE-mixture,W196,ME4,-1.7898923878691095,0.30337468856262684,-2.0932670764317365
CV-G,gfold_0,G+E+normalized-GxE-mixture,W197,ME1,-0.4289650975528974,0.09982075236562046,-0.5287858499185178
CV-G,gfold_0,G+E+normalized-GxE-mixture,W197,ME2,-1.6776062037384512,0.38660685096327996,-2.064213054701731
CV-G,gfold_0,G+E+normalized-GxE-mixture,W197,ME3,-3.350596666997925,0.3340528331429313,-3.684649500140856
CV-G,gfold_0,G+E+normalized-GxE-mixture,W197,ME4,-1.0241948087452666,-0.05557963331880762,-0.9686151754264589
CV-G,gfold_0,G+E+normalized-GxE-mixture,W216,ME1,0.5169128613344747,0.27557126182865654,0.24134159950581813
CV-G,gfold_0,G+E+normalized-GxE-mixture,W216,ME2,-0.9291956415015236,0.03731594816109168,-0.9665115896626153
CV-G,gfold_0,G+E+normalized-GxE-mixture,W216,ME3,-0.9682110474264022,-0.05089664480000197,-0.9173144026264002
CV-G,gfold_0,G+E+normalized-GxE-mixture,W216,ME4,-0.17364698111186105,-0.42546356158942333,0.2518165804775623
CV-G,gfold_0,G+E+normalized-GxE-mixture,W217,ME1,-0.5394314074841748,-0.3759378730976367,-0.16349353438653813
CV-G,gfold_0,G+E+normalized-GxE-mixture,W217,ME2,0.9225251295820237,0.847230806307831,0.07529432327419272
CV-G,gfold_0,G+E+normalized-GxE-mixture,W217,ME3,0.5479323867529903,0.11893052359935848,0.4290018631536318
CV-G,gfold_0,G+E+normalized-GxE-mixture,W217,ME4,0.5948354105441891,0.24086114040709472,0.35397427013709437
CV-G,gfold_0,G+E+normalized-GxE-mixture,W222,ME1,1.0764112019625147,0.42836724144391286,0.6480439605186019
CV-G,gfold_0,G+E+normalized-GxE-mixture,W222,ME2,0.7959705407369501,0.0018167494644123865,0.7941537912725377
CV-G,gfold_0,G+E+normalized-GxE-mixture,W222,ME3,0.8728112156536648,0.06562469997002779,0.8071865156836371
CV-G,gfold_0,G+E+normalized-GxE-mixture,W222,ME4,0.9624699983058604,0.17053645495313838,0.791933543352722
CV-G,gfold_0,G+E+normalized-GxE-mixture,W226,ME1,0.2524094099965209,0.03452954493850515,0.21787986505801574
CV-G,gfold_0,G+E+normalized-GxE-mixture,W226,ME2,0.38522030421088155,0.44735468600399947,-0.06213438179311792
CV-G,gfold_0,G+E+normalized-GxE-mixture,W226,ME3,-0.13662496881168182,0.36958029200275977,-0.5062052608144416
CV-G,gfold_0,G+E+normalized-GxE-mixture,W226,ME4,-0.2595907012089289,0.03305545595952199,-0.2926461571684509
CV-G,gfold_0,G+E+normalized-GxE-mixture,W229,ME1,0.47540248226342524,-0.5088054100804702,0.9842078923438955
CV-G,gfold_0,G+E+normalized-GxE-mixture,W229,ME2,-0.3425777513566244,0.7877468527414125,-1.1303246040980368
CV-G,gfold_0,G+E+normalized-GxE-mixture,W229,ME3,0.25118894456339397,0.4456819844381926,-0.19449303987479866
CV-G,gfold_0,G+E+normalized-GxE-mixture,W229,ME4,0.7357123111847647,1.382385958816269,-0.6466736476315044
CV-G,gfold_0,G+E+normalized-GxE-mixture,W230,ME1,-1.436640340409493,0.5978190905375096,-2.0344594309470025
CV-G,gfold_0,G+E+normalized-GxE-mixture,W230,ME2,-0.10725848961604569,0.3490506407438315,-0.4563091303598772
CV-G,gfold_0,G+E+normalized-GxE-mixture,W230,ME3,0.20916746486132018,0.17740971255237897,0.031757752308941206
CV-G,gfold_0,G+E+normalized-GxE-mixture,W230,ME4,0.6247918120205858,0.2939860687883974,0.33080574323218837
CV-G,gfold_0,G+E+normalized-GxE-mixture,W231,ME1,2.526904541980223,0.3475865140192337,2.1793180279609894
CV-G,gfold_0,G+E+normalized-GxE-mixture,W231,ME2,-0.48935246878898664,-0.5643059064487674,0.0749534376597808
CV-G,gfold_0,G+E+normalized-GxE-mixture,W231,ME3,-1.4003945754497167,-0.0653155752648762,-1.3350790001848405
CV-G,gfold_0,G+E+normalized-GxE-mixture,W231,ME4,0.5373376851263885,-0.27313943718379124,0.8104771223101797
CV-G,gfold_0,G+E+normalized-GxE-mixture,W233,ME1,0.7591259639344545,0.3304886392162597,0.4286373247181948
CV-G,gfold_0,G+E+normalized-GxE-mixture,W233,ME2,-0.25534957222717314,0.3029602985459369,-0.55830987077311
CV-G,gfold_0,G+E+normalized-GxE-mixture,W233,ME3,0.23183794757898152,0.4079238672184056,-0.1760859196394241
CV-G,gfold_0,G+E+normalized-GxE-mixture,W233,ME4,-0.10681148033889222,0.2798545509729419,-0.3866660313118341
CV-G,gfold_0,G+E+normalized-GxE-mixture,W234,ME1,0.8939023546048088,0.13904890064788503,0.7548534539569238
CV-G,gfold_0,G+E+normalized-GxE-mixture,W234,ME2,-0.40533925846152025,0.01803569810030278,-0.423374956561823
CV-G,gfold_0,G+E+normalized-GxE-mixture,W234,ME3,0.7934560796132658,0.6129020800746526,0.18055399953861317
CV-G,gfold_0,G+E+normalized-GxE-mixture,W234,ME4,0.18930691891912374,0.08029492228416797,0.10901199663495577
CV-G,gfold_0,G+E+normalized-GxE-mixture,W235,ME1,-0.4590330433112487,-0.4798388252257273,0.02080578191447857
CV-G,gfold_0,G+E+normalized-GxE-mixture,W235,ME2,1.292917381757189,0.9111279826011696,0.3817893991560195
CV-G,gfold_0,G+E+normalized-GxE-mixture,W235,ME3,0.5675283330663183,0.2578926250509027,0.3096357080154156
CV-G,gfold_0,G+E+normalized-GxE-mixture,W235,ME4,0.462714149305722,0.36420262013458193,0.09851152917114009
CV-G,gfold_0,G+E+normalized-GxE-mixture,W239,ME1,1.8362539265709015,0.46478012643924643,1.371473800131655
CV-G,gfold_0,G+E+normalized-GxE-mixture,W239,ME2,2.1549783568800405,0.09455163558465125,2.0604267212953893
CV-G,gfold_0,G+E+normalized-GxE-mixture,W239,ME3,-0.06302191873653193,0.07958079442393913,-0.14260271316047107
CV-G,gfold_0,G+E+normalized-GxE-mixture,W239,ME4,1.5566026720203727,0.2780447361319941,1.2785579358883785
CV-G,gfold_0,G+E+normalized-GxE-mixture,W251,ME1,-1.0649282114001044,-0.060215883304008,-1.0047123280960963
CV-G,gfold_0,G+E+normalized-GxE-mixture,W251,ME2,-0.4595760352981592,-0.6818075465514539,0.2222315112532947
CV-G,gfold_0,G+E+normalized-GxE-mixture,W251,ME3,-0.699594545419299,-0.9023353733223723,0.20274082790307335
CV-G,gfold_0,G+E+normalized-GxE-mixture,W251,ME4,0.4479247494171651,-0.1448101022241684,0.5927348516413335
CV-G,gfold_0,G+E+normalized-GxE-mixture,W252,ME1,-0.15461545270956753,-0.07163000587235137,-0.08298544683721616
CV-G,gfold_0,G+E+normalized-GxE-mixture,W252,ME2,0.5145595117033442,-0.26218407948986266,0.7767435911932069
CV-G,gfold_0,G+E+normalized-GxE-mixture,W252,ME3,0.3252818932963758,0.36594599201780886,-0.04066409872143306
CV-G,gfold_0,G+E+normalized-GxE-mixture,W252,ME4,0.7817718517951378,0.05950895563513761,0.7222628961600002
CV-G,gfold_0,G+E+normalized-GxE-mixture,W256,ME1,0.137292830014317,0.10031649611337885,0.036976333900938144
CV-G,gfold_0,G+E+normalized-GxE-mixture,W256,ME2,-0.5999841019139922,0.3663419557809593,-0.9663260576949515
CV-G,gfold_0,G+E+normalized-GxE-mixture,W256,ME3,0.2579461674300598,0.3446849355886168,-0.08673876815855697
CV-G,gfold_0,G+E+normalized-GxE-mixture,W256,ME4,-0.012017720414895539,0.16626229103366422,-0.17828001144855976
CV-G,gfold_0,G+E+normalized-GxE-mixture,W274,ME1,1.1955509577856243,-0.31620183701936494,1.5117527948049891
CV-G,gfold_0,G+E+normalized-GxE-mixture,W274,ME2,-1.1044177698884592,-0.23544756855855567,-0.8689702013299035
CV-G,gfold_0,G+E+normalized-GxE-mixture,W274,ME3,-1.5616810387484295,-0.27447456540144105,-1.2872064733469883
CV-G,gfold_0,G+E+normalized-GxE-mixture,W274,ME4,-0.6838340770546731,-0.2193233554170959,-0.46451072163757723
CV-G,gfold_0,G+E+normalized-GxE-mixture,W275,ME1,0.24001411924781724,0.43447927462832353,-0.1944651553805063
CV-G,gfold_0,G+E+normalized-GxE-mixture,W275,ME2,-1.7310392383745936,-0.27288652554052467,-1.458152712834069
CV-G,gfold_0,G+E+normalized-GxE-mixture,W275,ME3,-0.6204928052364007,-0.3701419331766449,-0.2503508720597558
CV-G,gfold_0,G+E+normalized-GxE-mixture,W275,ME4,-0.4879531955519739,-0.32575146265304844,-0.16220173289892548
CV-G,gfold_0,G+E+normalized-GxE-mixture,W279,ME1,-0.9041722034575,-0.12085169562919887,-0.7833205078283012
CV-G,gfold_0,G+E+normalized-GxE-mixture,W279,ME2,-0.8868567807037266,-0.7903766363141687,-0.09648014438955799
CV-G,gfold_0,G+E+normalized-GxE-mixture,W279,ME3,-0.2876995790531457,-0.9485858826473113,0.6608863035941656
CV-G,gfold_0,G+E+normalized-GxE-mixture,W279,ME4,1.2954281633501068,-0.44788450943959857,1.7433126727897053
CV-G,gfold_0,G+E+normalized-GxE-mixture,W282,ME1,0.9392404515811735,0.46248973186602926,0.47675071971514427
CV-G,gfold_0,G+E+normalized-GxE-mixture,W282,ME2,-0.7804716910159893,-0.42482114107592256,-0.3556505499400668
CV-G,gfold_0,G+E+normalized-GxE-mixture,W282,ME3,-0.7978699054863589,-0.8524689069382625,0.05459900145190355
CV-G,gfold_0,G+E+normalized-GxE-mixture,W282,ME4,-0.8930883520736206,-0.9993010747463469,0.1062127226727263
CV-G,gfold_0,G+E+normalized-GxE-mixture,W301,ME1,0.4116750511802455,0.09797181214198218,0.3137032390382633
CV-G,gfold_0,G+E+normalized-GxE-mixture,W301,ME2,-0.668998343618024,0.002202054946461928,-0.671200398564486
CV-G,gfold_0,G+E+normalized-GxE-mixture,W301,ME3,-0.626523626644899,-0.025168963034774134,-0.6013546636101249
CV-G,gfold_0,G+E+normalized-GxE-mixture,W301,ME4,0.6900854391881516,-0.03562158599176156,0.7257070251799131
CV-G,gfold_0,G+E+normalized-GxE-mixture,W311,ME1,1.6245078296811046,0.5326301681488026,1.091877661532302
CV-G,gfold_0,G+E+normalized-GxE-mixture,W311,ME2,0.5911808252577422,-0.2265219195065668,0.817702744764309
CV-G,gfold_0,G+E+normalized-GxE-mixture,W311,ME3,-0.8288348792728519,-0.6520883313056575,-0.17674654796719447
CV-G,gfold_0,G+E+normalized-GxE-mixture,W311,ME4,-0.1378849535089993,-1.055501074772697,0.9176161212636976
CV-G,gfold_0,G+E+normalized-GxE-mixture,W312,ME1,0.9392485956618243,0.8602563844439493,0.07899221121787503
CV-G,gfold_0,G+E+normalized-GxE-mixture,W312,ME2,-0.9741292605843869,-0.3751281845064897,-0.5990010760778972
CV-G,gfold_0,G+E+normalized-GxE-mixture,W312,ME3,-0.44522733713227575,-0.9970546253946965,0.5518272882624207
CV-G,gfold_0,G+E+normalized-GxE-mixture,W312,ME4,-0.629553832782841,-1.3088997538246474,0.6793459210418064
CV-G,gfold_0,G+E+normalized-GxE-mixture,W314,ME1,-0.062400027514061165,0.26355003191398035,-0.3259500594280415
CV-G,gfold_0,G+E+normalized-GxE-mixture,W314,ME2,-0.4162878726887524,-0.47724390648535236,0.06095603379659997
CV-G,gfold_0,G+E+normalized-GxE-mixture,W314,ME3,-0.8449255162240982,-0.7331812217846668,-0.11174429443943135
CV-G,gfold_0,G+E+normalized-GxE-mixture,W314,ME4,0.4009841381751324,-0.14090869629186764,0.541892834467
CV-G,gfold_0,G+E+normalized-GxE-mixture,W315,ME1,-0.15158585470791247,0.4132923997440717,-0.5648782544519841
CV-G,gfold_0,G+E+normalized-GxE-mixture,W315,ME2,0.7574795166155454,-0.17857160815441767,0.936051124769963
CV-G,gfold_0,G+E+normalized-GxE-mixture,W315,ME3,0.47755591059667307,-0.6871482084760991,1.1647041190727723
CV-G,gfold_0,G+E+normalized-GxE-mixture,W315,ME4,-0.33193289342976523,-0.5209239884341667,0.18899109500440142
CV-G,gfold_0,G+E+normalized-GxE-mixture,W316,ME1,-0.25829774345972123,0.331399405550938,-0.5896971490106593
CV-G,gfold_0,G+E+normalized-GxE-mixture,W316,ME2,-0.611723800984233,-0.16644143285864982,-0.44528236812558314
CV-G,gfold_0,G+E+normalized-GxE-mixture,W316,ME3,-1.199924666052931,-0.36029688563960094,-0.8396277804133301
CV-G,gfold_0,G+E+normalized-GxE-mixture,W316,ME4,-0.3266858031501543,-0.3937723560099416,0.06708655285978732
CV-G,gfold_0,G+E+normalized-GxE-mixture,W321,ME1,-1.0426785830653766,0.32323944642100655,-1.3659180294863833
CV-G,gfold_0,G+E+normalized-GxE-mixture,W321,ME2,-0.1855126022864137,0.245967325738945,-0.4314799280253587
CV-G,gfold_0,G+E+normalized-GxE-mixture,W321,ME3,0.0811011984808501,-0.06340286872135577,0.14450406720220588
CV-G,gfold_0,G+E+normalized-GxE-mixture,W321,ME4,-2.2422277568010442,-0.1114083702718512,-2.130819386529193
CV-G,gfold_0,G+E+normalized-GxE-mixture,W323,ME1,-0.5677320877415618,-0.1378616570913575,-0.4298704306502043
CV-G,gfold_0,G+E+normalized-GxE-mixture,W323,ME2,0.17726624935964166,-0.0927266879610197,0.2699929373206614
CV-G,gfold_0,G+E+normalized-GxE-mixture,W323,ME3,0.15025292799258408,0.019595318627976577,0.1306576093646075
CV-G,gfold_0,G+E+normalized-GxE-mixture,W323,ME4,-1.7335117341450192,0.12034086408375118,-1.8538525982287704
CV-G,gfold_0,G+E+normalized-GxE-mixture,W331,ME1,-0.3952241714215731,-0.15735179984146336,-0.23787237158010976
CV-G,gfold_0,G+E+normalized-GxE-mixture,W331,ME2,-0.5736884417324005,-0.21299525188813007,-0.36069318984427046
CV-G,gfold_0,G+E+normalized-GxE-mixture,W331,ME3,-0.8882477613280045,-0.7558192933116803,-0.13242846801632424
CV-G,gfold_0,G+E+normalized-GxE-mixture,W331,ME4,-1.469324278582564,-0.3762605939909318,-1.0930636845916322
CV-G,gfold_0,G+E+normalized-GxE-mixture,W332,ME1,-0.43069164265061394,0.43579820704610805,-0.8664898496967219
CV-G,gfold_0,G+E+normalized-GxE-mixture,W332,ME2,-0.4849983378130693,0.15170046099613513,-0.6366987988092044
CV-G,gfold_0,G+E+normalized-GxE-mixture,W332,ME3,0.505657511193418,-0.1971669377050616,0.7028244488984796
CV-G,gfold_0,G+E+normalized-GxE-mixture,W332,ME4,-0.588599781814847,-0.18988137550881018,-0.3987184063060368
CV-G,gfold_0,G+E+normalized-GxE-mixture,W340,ME1,0.8127547350121197,0.2230054785186711,0.5897492564934486
CV-G,gfold_0,G+E+normalized-GxE-mixture,W340,ME2,-0.8750980955972533,0.4959374685135437,-1.371035564110797
CV-G,gfold_0,G+E+normalized-GxE-mixture,W340,ME3,-0.48838065166451583,0.4485075442734326,-0.9368881959379485
CV-G,gfold_0,G+E+normalized-GxE-mixture,W340,ME4,-0.14921300448746808,0.25967570099537074,-0.40888870548283884
CV-G,gfold_0,G+E+normalized-GxE-mixture,W341,ME1,1.4213618819572946,0.3562829878756111,1.0650788940816835
CV-G,gfold_0,G+E+normalized-GxE-mixture,W341,ME2,-0.419737002604269,-0.25301819386647717,-0.16671880873779182
CV-G,gfold_0,G+E+normalized-GxE-mixture,W341,ME3,0.03109774926752954,0.09270170739718674,-0.061603958129657195
CV-G,gfold_0,G+E+normalized-GxE-mixture,W341,ME4,0.43900390927162003,-0.011625348109354106,0.45062925738097415
CV-G,gfold_0,G+E+normalized-GxE-mixture,W342,ME1,0.9340689603686748,0.12917884908850855,0.8048901112801663
CV-G,gfold_0,G+E+normalized-GxE-mixture,W342,ME2,-0.633937463375902,-0.8932853610554828,0.2593478976795809
CV-G,gfold_0,G+E+normalized-GxE-mixture,W342,ME3,0.29294013535080016,-0.8926569972908781,1.1855971326416783
CV-G,gfold_0,G+E+normalized-GxE-mixture,W342,ME4,0.4180312815573153,-0.12867987704285735,0.5467111586001726
CV-G,gfold_0,G+E+normalized-GxE-mixture,W343,ME1,1.548043056461939,0.7378876323235515,0.8101554241383875
CV-G,gfold_0,G+E+normalized-GxE-mixture,W343,ME2,-0.32090835533694567,-0.5914568529982952,0.27054849766134953
CV-G,gfold_0,G+E+normalized-GxE-mixture,W343,ME3,0.9831397720091377,-0.6071321708421314,1.590271942851269
CV-G,gfold_0,G+E+normalized-GxE-mixture,W343,ME4,0.26856394225806685,-0.45023266658087646,0.7187966088389433
CV-G,gfold_0,G+E+normalized-GxE-mixture,W347,ME1,1.633808369782957,0.6169382034985069,1.0168701662844501
CV-G,gfold_0,G+E+normalized-GxE-mixture,W347,ME2,0.6426329834469922,-0.5674989757343205,1.2101319591813127
CV-G,gfold_0,G+E+normalized-GxE-mixture,W347,ME3,0.25118894456339397,-0.4198312323615735,0.6710201769249675
CV-G,gfold_0,G+E+normalized-GxE-mixture,W347,ME4,0.6549055475383496,-0.1872542787624148,0.8421598263007644
CV-G,gfold_0,G+E+normalized-GxE-mixture,W354,ME1,0.20234774624338175,0.4858596067226761,-0.28351186047929433
CV-G,gfold_0,G+E+normalized-GxE-mixture,W354,ME2,-0.5286788785046079,0.46066136746248276,-0.9893402459670907
CV-G,gfold_0,G+E+normalized-GxE-mixture,W354,ME3,-0.6936904219395504,0.3701861875329802,-1.0638766094725307
CV-G,gfold_0,G+E+normalized-GxE-mixture,W354,ME4,-0.2558854845347211,0.12230867446138304,-0.37819415899610415
CV-G,gfold_0,G+E+normalized-GxE-mixture,W363,ME1,0.7960756578417226,0.8710854129323414,-0.0750097550906188
CV-G,gfold_0,G+E+normalized-GxE-mixture,W363,ME2,-1.0871657916321373,-0.8192674906635001,-0.2678983009686372
CV-G,gfold_0,G+E+normalized-GxE-mixture,W363,ME3,-0.18851199389908596,-0.7949251014544456,0.6064131075553596
CV-G,gfold_0,G+E+normalized-GxE-mixture,W363,ME4,0.39443117535217137,-0.30593518826069105,0.7003663636128624
CV-G,gfold_0,G+E+normalized-GxE-mixture,W364,ME1,0.19566960011070317,0.28185579072665956,-0.08618619061595639
CV-G,gfold_0,G+E+normalized-GxE-mixture,W364,ME2,-0.48058724872845643,0.4135828830368102,-0.8941701317652666
CV-G,gfold_0,G+E+normalized-GxE-mixture,W364,ME3,-0.9281829484699957,0.39853333657291373,-1.3267162850429095
CV-G,gfold_0,G+E+normalized-GxE-mixture,W364,ME4,-0.17983807563967694,0.4253783120450791,-0.605216387684756
CV-G,gfold_0,G+E+normalized-GxE-mixture,W365,ME1,0.42732797418879037,0.14050451789289667,0.2868234562958937
CV-G,gfold_0,G+E+normalized-GxE-mixture,W365,ME2,-0.01922023960735329,0.14773783534934304,-0.16695807495669632
CV-G,gfold_0,G+E+normalized-GxE-mixture,W365,ME3,-0.12552623025318374,0.09802522921537542,-0.22355145946855914
CV-G,gfold_0,G+E+normalized-GxE-mixture,W365,ME4,-0.7483410340154019,-0.2759694889137587,-0.47237154510164314
CV-G,gfold_0,G+E+normalized-GxE-mixture,W367,ME1,2.234409885449567,0.7520802346106756,1.4823296508388912
CV-G,gfold_0,G+E+normalized-GxE-mixture,W367,ME2,0.11041641578607922,0.10171615429893559,0.008700261487143632
CV-G,gfold_0,G+E+normalized-GxE-mixture,W367,ME3,0.5535746678466565,0.22932727825987853,0.324247389586778
CV-G,gfold_0,G+E+normalized-GxE-mixture,W367,ME4,-0.017264810694505774,-0.14731228267084767,0.1300474719763419
CV-G,gfold_0,G+E+normalized-GxE-mixture,W372,ME1,0.4184997907646172,0.3221994656070957,0.09630032515752146
CV-G,gfold_0,G+E+normalized-GxE-mixture,W372,ME2,2.302860593092614,0.027989622416117386,2.2748709706764965
CV-G,gfold_0,G+E+normalized-GxE-mixture,W372,ME3,1.2400240458139944,-0.16832175019680196,1.4083457960107963
CV-G,gfold_0,G+E+normalized-GxE-mixture,W372,ME4,0.2898669714592444,0.26121750007408906,0.028649471385155334
CV-G,gfold_0,G+E+normalized-GxE-mixture,W373,ME1,-0.9876408860353292,-0.49781973790259526,-0.4898211481327339
CV-G,gfold_0,G+E+normalized-GxE-mixture,W373,ME2,0.45441174891974717,0.4136535109292465,0.040758237990500656
CV-G,gfold_0,G+E+normalized-GxE-mixture,W373,ME3,-0.19009994127275218,0.47876820779942086,-0.6688681490721731
CV-G,gfold_0,G+E+normalized-GxE-mixture,W373,ME4,-1.244344466128922,-0.9107717825552365,-0.3335726835736855
CV-G,gfold_0,G+E+normalized-GxE-mixture,W376,ME1,-0.9486796042076059,-0.05942091845447322,-0.8892586857531327
CV-G,gfold_0,G+E+normalized-GxE-mixture,W376,ME2,-0.966269041584258,-0.22217411438049847,-0.7440949272037595
CV-G,gfold_0,G+E+normalized-GxE-mixture,W376,ME3,-1.0456403749498004,-0.0031384538577911413,-1.0425019210920092
CV-G,gfold_0,G+E+normalized-GxE-mixture,W376,ME4,-0.390335289585429,0.03271012070438306,-0.4230454102898121
CV-G,gfold_0,G+E+normalized-GxE-mixture,W389,ME1,0.5995182713634448,-0.07878265754150678,0.6783009289049516
CV-G,gfold_0,G+E+normalized-GxE-mixture,W389,ME2,-1.9196338649477391,-0.6610830045072917,-1.2585508604404474
CV-G,gfold_0,G+E+normalized-GxE-mixture,W389,ME3,-1.342670999111231,-0.4700846683511924,-0.8725863307600386
CV-G,gfold_0,G+E+normalized-GxE-mixture,W389,ME4,-0.9835554258600077,-0.5796693024826451,-0.4038861233773625
CV-G,gfold_0,G+E+normalized-GxE-mixture,W392,ME1,0.6156598392109665,0.33650186794272247,0.279157971268244
CV-G,gfold_0,G+E+normalized-GxE-mixture,W392,ME2,-0.568910289280631,0.4908822821194765,-1.0597925714001075
CV-G,gfold_0,G+E+normalized-GxE-mixture,W392,ME3,-0.6912831612933005,0.4218554304461864,-1.113138591739487
CV-G,gfold_0,G+E+normalized-GxE-mixture,W392,ME4,-0.2186995838574817,0.40726459541850696,-0.6259641792759887
CV-G,gfold_0,G+E+normalized-GxE-mixture,W395,ME1,0.04472720935087633,-0.1685757271487833,0.21330293649965965
CV-G,gfold_0,G+E+normalized-GxE-mixture,W395,ME2,0.2432363965877775,-0.4675532724850986,0.7107896690728761
CV-G,gfold_0,G+E+normalized-GxE-mixture,W395,ME3,-0.06516733699669865,-0.16341800378344024,0.09825066678674159
CV-G,gfold_0,G+E+normalized-GxE-mixture,W395,ME4,0.7629389670434328,-0.17018984165046497,0.9331288086938978
CV-G,gfold_0,G+E+normalized-GxE-mixture,W396,ME1,1.2469563948459483,0.35265075636447707,0.8943056384814713
CV-G,gfold_0,G+E+normalized-GxE-mixture,W396,ME2,2.0368472394433184,0.348266479564319,1.6885807598789992
CV-G,gfold_0,G+E+normalized-GxE-mixture,W396,ME3,0.14429812534133513,0.25646124532382925,-0.11216311998249412
CV-G,gfold_0,G+E+normalized-GxE-mixture,W396,ME4,1.5754827569844874,0.4135045574438492,1.1619781995406382
CV-G,gfold_0,G+E+normalized-GxE-mixture,W397,ME1,0.6546618414419376,0.220235878869767,0.4344259625721706
CV-G,gfold_0,G+E+normalized-GxE-mixture,W397,ME2,0.04138951672455981,0.3263334410023045,-0.2849439242777447
CV-G,gfold_0,G+E+normalized-GxE-mixture,W397,ME3,0.49967736895641757,0.2569674867719697,0.2427098821844479
CV-G,gfold_0,G+E+normalized-GxE-mixture,W397,ME4,1.270254716731286,0.34938523754889944,0.9208694791823866
CV-G,gfold_0,G+E+normalized-GxE-mixture,W398,ME1,-1.2270850012144416,-0.09422438013649855,-1.132860621077943
CV-G,gfold_0,G+E+normalized-GxE-mixture,W398,ME2,-1.9297597509382436,0.0020251248852305344,-1.9317848758234741
CV-G,gfold_0,G+E+normalized-GxE-mixture,W398,ME3,-2.7585203528921474,-0.4337679003465338,-2.3247524525456136
CV-G,gfold_0,G+E+normalized-GxE-mixture,W398,ME4,-1.6391113093244416,0.1252467584005275,-1.764358067724969
CV-G,gfold_0,G+E+normalized-GxE-mixture,W406,ME1,0.39373364150916074,0.67485437433279,-0.2811207328236293
CV-G,gfold_0,G+E+normalized-GxE-mixture,W406,ME2,-1.0395298267255575,0.10263693825813046,-1.142166764983688
CV-G,gfold_0,G+E+normalized-GxE-mixture,W406,ME3,-0.592340525468158,0.010520609855213286,-0.6028611353233713
CV-G,gfold_0,G+E+normalized-GxE-mixture,W406,ME4,-0.6871223585192565,0.016479791029246942,-0.7036021495485034
CV-G,gfold_0,G+E+normalized-GxE-mixture,W410,ME1,-0.6108224184586346,0.6797481015545314,-1.290570520013166
CV-G,gfold_0,G+E+normalized-GxE-mixture,W410,ME2,0.0194986169488371,0.423673519871486,-0.4041749029226489
CV-G,gfold_0,G+E+normalized-GxE-mixture,W410,ME3,0.9534924566816448,0.2070477496352238,0.7464447070464211
CV-G,gfold_0,G+E+normalized-GxE-mixture,W410,ME4,2.167058752526775,0.5788318471149622,1.5882269054118128
CV-G,gfold_0,G+E+normalized-GxE-mixture,W413,ME1,-0.3323763010485524,-0.37922914114530387,0.04685284009675145
CV-G,gfold_0,G+E+normalized-GxE-mixture,W413,ME2,0.9193987622824558,0.16362311513214323,0.7557756471503125
CV-G,gfold_0,G+E+normalized-GxE-mixture,W413,ME3,-0.1338798470220988,-0.08641119350028752,-0.047468653521811274
CV-G,gfold_0,G+E+normalized-GxE-mixture,W413,ME4,0.08015642772033077,-0.479196735526187,0.5593531632465178
CV-G,gfold_0,G+E+normalized-GxE-mixture,W414,ME1,-0.6666908117149426,-0.23036848900939327,-0.4363223227055493
CV-G,gfold_0,G+E+normalized-GxE-mixture,W414,ME2,0.1803356585505129,0.5059996470811834,-0.32566398853067047
CV-G,gfold_0,G+E+normalized-GxE-mixture,W414,ME3,0.27105517979138893,0.6880899293117073,-0.4170347495203184
CV-G,gfold_0,G+E+normalized-GxE-mixture,W414,ME4,-0.2854485509076981,-0.3380664359943275,0.0526178850866294
CV-G,gfold_0,G+E+normalized-GxE-mixture,W416,ME1,-0.9499419367082935,-0.6352538712615282,-0.3146880654467653
CV-G,gfold_0,G+E+normalized-GxE-mixture,W416,ME2,-0.2931634277229627,0.22307816968616184,-0.5162415974091246
CV-G,gfold_0,G+E+normalized-GxE-mixture,W416,ME3,-0.28393242730498,0.12980861047781905,-0.413741037782799
CV-G,gfold_0,G+E+normalized-GxE-mixture,W416,ME4,-0.22953989930771182,-0.24012214782272606,0.010582248515014242
CV-G,gfold_0,G+E+normalized-GxE-mixture,W420,ME1,-1.016055583421809,-0.684646963072044,-0.33140862034976504
CV-G,gfold_0,G+E+normalized-GxE-mixture,W420,ME2,0.19500553587925507,0.33014318654140945,-0.13513765066215438
CV-G,gfold_0,G+E+normalized-GxE-mixture,W420,ME3,-0.28896655834064544,-0.06799666303423277,-0.22096989530641267
CV-G,gfold_0,G+E+normalized-GxE-mixture,W420,ME4,-0.025745115524221367,-0.19106072155037734,0.16531560602615597
CV-G,gfold_0,G+E+normalized-GxE-mixture,W423,ME1,-1.0137345204366706,-0.1523437152560268,-0.8613908051806438
CV-G,gfold_0,G+E+normalized-GxE-mixture,W423,ME2,0.22816148381941473,0.4773614945566547,-0.24920001073724
CV-G,gfold_0,G+E+normalized-GxE-mixture,W423,ME3,0.19654835115782304,0.10717390586678575,0.08937444529103729
CV-G,gfold_0,G+E+normalized-GxE-mixture,W423,ME4,-0.1478520650296379,0.22988002694594134,-0.3777320919755792
CV-G,gfold_0,G+E+normalized-GxE-mixture,W451,ME1,-0.26762271580352187,0.03586865397746355,-0.3034913697809854
CV-G,gfold_0,G+E+normalized-GxE-mixture,W451,ME2,0.15267933243894802,-1.4940961733165916,1.6467755057555395
CV-G,gfold_0,G+E+normalized-GxE-mixture,W451,ME3,0.32632081631212523,-0.7729723836977727,1.0992932000098978
CV-G,gfold_0,G+E+normalized-GxE-mixture,W451,ME4,0.3311986241265204,-1.392026802516419,1.7232254266429394
CV-G,gfold_0,G+E+normalized-GxE-mixture,W469,ME1,0.296908666665976,-0.2694011648324036,0.5663098314983797
CV-G,gfold_0,G+E+normalized-GxE-mixture,W469,ME2,1.4976438104489564,0.7011565386767175,0.796487271772239
CV-G,gfold_0,G+E+normalized-GxE-mixture,W469,ME3,1.3897809975964597,0.7288510961598802,0.6609299014365795
CV-G,gfold_0,G+E+normalized-GxE-mixture,W469,ME4,0.759572018558165,0.5569636688095558,0.2026083497486092
CV-G,gfold_0,G+E+normalized-GxE-mixture,W482,ME1,-0.3583070538369021,-0.5996323785719897,0.2413253247350876
CV-G,gfold_0,G+E+normalized-GxE-mixture,W482,ME2,1.0628066226229747,0.11057307650001273,0.952233546122962
CV-G,gfold_0,G+E+normalized-GxE-mixture,W482,ME3,-0.10021198408894004,0.09637489396393739,-0.19658687805287745
CV-G,gfold_0,G+E+normalized-GxE-mixture,W482,ME4,0.32484232885526776,0.3196404263953093,0.005201902459958441
CV-G,gfold_0,G+E+normalized-GxE-mixture,W490,ME1,-0.050240915104195885,0.586576815437028,-0.6368177305412239
CV-G,gfold_0,G+E+normalized-GxE-mixture,W490,ME2,0.9018999655551156,0.08194348029073552,0.8199564852643801
CV-G,gfold_0,G+E+normalized-GxE-mixture,W490,ME3,2.007585437767064,0.38067702196194403,1.6269084158051201
CV-G,gfold_0,G+E+normalized-GxE-mixture,W490,ME4,1.0234369393358167,-0.37483780725505167,1.3982747465908685
CV-G,gfold_0,G+E+normalized-GxE-mixture,W495,ME1,-0.7319574740408977,-0.6679945854690885,-0.0639628885718092
CV-G,gfold_0,G+E+normalized-GxE-mixture,W495,ME2,0.587295016508887,-0.020697538056256435,0.6079925545651435
CV-G,gfold_0,G+E+normalized-GxE-mixture,W495,ME3,-0.08742393981377662,-0.01693434577459384,-0.07048959403918278
CV-G,gfold_0,G+E+normalized-GxE-mixture,W495,ME4,-0.3122661382588112,-0.9685630376643132,0.656296899405502
CV-G,gfold_0,G+E+normalized-GxE-mixture,W501,ME1,0.05677230463164708,-0.6275744815991977,0.6843467862308448
CV-G,gfold_0,G+E+normalized-GxE-mixture,W501,ME2,-0.32234496541184804,-0.6730210159206179,0.3506760505087699
CV-G,gfold_0,G+E+normalized-GxE-mixture,W501,ME3,-0.662725448153058,-0.043368019729988896,-0.6193574284230691
CV-G,gfold_0,G+E+normalized-GxE-mixture,W501,ME4,-0.8419547886291413,0.24905010457009724,-1.0910048931992384
CV-G,gfold_0,G+E+normalized-GxE-mixture,W509,ME1,-1.4683941108623129,-0.10386651955547853,-1.3645275913068344
CV-G,gfold_0,G+E+normalized-GxE-mixture,W509,ME2,0.36976567071787464,0.30658290661893656,0.06318276409893808
CV-G,gfold_0,G+E+normalized-GxE-mixture,W509,ME3,1.1203367357881893,0.27179889212679853,0.8485378436613907
CV-G,gfold_0,G+E+normalized-GxE-mixture,W509,ME4,1.1805743131517366,0.48129256034892376,0.6992817528028128
CV-G,gfold_0,G+E+normalized-GxE-mixture,W510,ME1,0.5595226912932214,0.392970698021687,0.16655199327153442
CV-G,gfold_0,G+E+normalized-GxE-mixture,W510,ME2,1.031277145120041,-1.224873851360548,2.256150996480589
CV-G,gfold_0,G+E+normalized-GxE-mixture,W510,ME3,0.10330712212642852,-1.359569295296872,1.4628764174233007
CV-G,gfold_0,G+E+normalized-GxE-mixture,W510,ME4,0.09567743090124745,-0.26444940760004587,0.36012683850129334
CV-G,gfold_0,G+E+normalized-GxE-mixture,W511,ME1,0.16762138635345467,0.18224986586777375,-0.014628479514319087
CV-G,gfold_0,G+E+normalized-GxE-mixture,W511,ME2,0.6725992773001421,1.0281484883016174,-0.3555492110014753
CV-G,gfold_0,G+E+normalized-GxE-mixture,W511,ME3,1.2596706712988222,1.1318153041679802,0.127855367130842
CV-G,gfold_0,G+E+normalized-GxE-mixture,W511,ME4,0.10407906871027871,0.6775907524017086,-0.5735116836914299
CV-G,gfold_0,G+E+normalized-GxE-mixture,W516,ME1,0.09105888416649463,0.04840840026051724,0.04265048390597739
CV-G,gfold_0,G+E+normalized-GxE-mixture,W516,ME2,1.1883233081540217,0.4265920636584457,0.7617312444955759
CV-G,gfold_0,G+E+normalized-GxE-mixture,W516,ME3,1.3063461882503116,-0.00669660513606506,1.3130427933863766
CV-G,gfold_0,G+E+normalized-GxE-mixture,W516,ME4,0.12649130290309799,-0.6891397815122745,0.8156310844153725
CV-G,gfold_0,G+E+normalized-GxE-mixture,W521,ME1,-1.3975976177752751,0.2347852331297258,-1.632382850905001
CV-G,gfold_0,G+E+normalized-GxE-mixture,W521,ME2,0.9135067623717303,-0.07184229183022384,0.9853490542019542
CV-G,gfold_0,G+E+normalized-GxE-mixture,W521,ME3,1.3454367225339685,-0.2045216267392969,1.5499583492732654
CV-G,gfold_0,G+E+normalized-GxE-mixture,W521,ME4,1.7810632821375,-0.3588023873505364,2.1398656694880365
CV-G,gfold_0,G+E+normalized-GxE-mixture,W523,ME1,-0.8174214563778803,-0.8364012011277544,0.018979744749874072
CV-G,gfold_0,G+E+normalized-GxE-mixture,W523,ME2,1.1078858013169515,0.24451165278930148,0.86337414852765
CV-G,gfold_0,G+E+normalized-GxE-mixture,W523,ME3,0.7309517680966139,0.4393516704966448,0.2916000975999691
CV-G,gfold_0,G+E+normalized-GxE-mixture,W523,ME4,1.4315221091331063,0.33526524241218936,1.096256866720917
CV-G,gfold_0,G+E+normalized-GxE-mixture,W525,ME1,-1.101902337549322,-0.9098246059173388,-0.19207773163198316
CV-G,gfold_0,G+E+normalized-GxE-mixture,W525,ME2,0.20861219517899632,0.773440974492468,-0.5648287793134716
CV-G,gfold_0,G+E+normalized-GxE-mixture,W525,ME3,1.2621455041737388,0.9428389840646058,0.3193065201091331
CV-G,gfold_0,G+E+normalized-GxE-mixture,W525,ME4,2.217932714802998,0.7539669298524059,1.463965784950592
CV-G,gfold_0,G+E+normalized-GxE-mixture,W526,ME1,-2.0641906189456543,-0.8258876448040305,-1.2383029741416238
CV-G,gfold_0,G+E+normalized-GxE-mixture,W526,ME2,0.386872089363083,0.33322686489294373,0.05364522447013925
CV-G,gfold_0,G+E+normalized-GxE-mixture,W526,ME3,0.6239595905315553,0.2949381974488676,0.32902139308268763
CV-G,gfold_0,G+E+normalized-GxE-mixture,W526,ME4,1.4695497469316623,0.8020639245530911,0.6674858223785712
CV-G,gfold_0,G+E+normalized-GxE-mixture,W529,ME1,-1.424562668806125,-0.7928133498803099,-0.6317493189258151
CV-G,gfold_0,G+E+normalized-GxE-mixture,W529,ME2,0.17636124829923971,0.35234095979849717,-0.17597971149925745
CV-G,gfold_0,G+E+normalized-GxE-mixture,W529,ME3,2.1109033753983715,0.20463229593518653,1.906271079463185
CV-G,gfold_0,G+E+normalized-GxE-mixture,W529,ME4,1.5204158425058167,0.604073654777843,0.9163421877279737
CV-G,gfold_0,G+E+normalized-GxE-mixture,W532,ME1,-0.4666314705573329,-0.13195876789608213,-0.33467270266125076
CV-G,gfold_0,G+E+normalized-GxE-mixture,W532,ME2,0.33179359825348265,0.43606784421051453,-0.10427424595703189
CV-G,gfold_0,G+E+normalized-GxE-mixture,W532,ME3,1.0825891995492807,-0.10382655726134647,1.186415756810627
CV-G,gfold_0,G+E+normalized-GxE-mixture,W532,ME4,0.9196279388414551,-0.3888780069000525,1.3085059457415076
CV-G,gfold_0,G+E+normalized-GxE-mixture,W540,ME1,-0.29142786354232486,-0.6506098166208687,0.35918195307854384
CV-G,gfold_0,G+E+normalized-GxE-mixture,W540,ME2,1.626052702166041,-0.09816725700356789,1.7242199591696088
CV-G,gfold_0,G+E+normalized-GxE-mixture,W540,ME3,1.0842278260944478,0.16732732126405206,0.9169005048303958
CV-G,gfold_0,G+E+normalized-GxE-mixture,W540,ME4,0.7549857312522991,0.16964780347162353,0.5853379277806755
CV-G,gfold_0,G+E+normalized-GxE-mixture,W543,ME1,-1.7024794209739837,-0.46880237708143097,-1.2336770438925528
CV-G,gfold_0,G+E+normalized-GxE-mixture,W543,ME2,0.5776374527454426,-0.315998295690426,0.8936357484358686
CV-G,gfold_0,G+E+normalized-GxE-mixture,W543,ME3,1.9071308733255052,-0.43353499197036627,2.3406658652958714
CV-G,gfold_0,G+E+normalized-GxE-mixture,W543,ME4,1.3292549822441466,-0.4528375954608901,1.7820925777050367
CV-G,gfold_0,G+E+normalized-GxE-mixture,W546,ME1,-0.5035730203839532,0.06755881465299911,-0.5711318350369523
CV-G,gfold_0,G+E+normalized-GxE-mixture,W546,ME2,0.8839708186731784,0.6023342517360883,0.28163656693709005
CV-G,gfold_0,G+E+normalized-GxE-mixture,W546,ME3,1.8385028285859375,0.9053396517965616,0.9331631767893759
CV-G,gfold_0,G+E+normalized-GxE-mixture,W546,ME4,2.397820591000678,0.2531150745799548,2.144705516420723
CV-G,gfold_0,G+E+normalized-GxE-mixture,W547,ME1,-0.8805055050897409,-0.2909730381461142,-0.5895324669436267
CV-G,gfold_0,G+E+normalized-GxE-mixture,W547,ME2,0.12980115877915252,-0.2149484634582299,0.3447496222373824
CV-G,gfold_0,G+E+normalized-GxE-mixture,W547,ME3,0.5126343438032495,-0.3742972023017652,0.8869315461050147
CV-G,gfold_0,G+E+normalized-GxE-mixture,W547,ME4,2.6836336105491125,0.05377317057687589,2.6298604399722367
CV-G,gfold_0,G+E+normalized-GxE-mixture,W558,ME1,-1.503560251107318,-0.38451781647507705,-1.119042434632241
CV-G,gfold_0,G+E+normalized-GxE-mixture,W558,ME2,0.9559595393869207,0.8913043571072186,0.06465518227970213
CV-G,gfold_0,G+E+normalized-GxE-mixture,W558,ME3,1.0457961210402897,1.0313468501337828,0.014449270906506939
CV-G,gfold_0,G+E+normalized-GxE-mixture,W558,ME4,1.2545213125945234,0.572926659307952,0.6815946532865714
CV-G,gfold_0,G+E+normalized-GxE-mixture,W562,ME1,-1.821179396442014,-0.9606948257112725,-0.8604845707307415
CV-G,gfold_0,G+E+normalized-GxE-mixture,W562,ME2,0.5050411788722706,0.5911942686789926,-0.08615308980672198
CV-G,gfold_0,G+E+normalized-GxE-mixture,W562,ME3,-0.009715876847128569,0.6580615735783297,-0.6677774504254583
CV-G,gfold_0,G+E+normalized-GxE-mixture,W562,ME4,0.905436408310095,0.6723994953662799,0.23303691294381512
CV-G,gfold_0,G+E+normalized-GxE-mixture,W569,ME1,-1.7856386284871266,-1.1961409680054544,-0.5894976604816722
CV-G,gfold_0,G+E+normalized-GxE-mixture,W569,ME2,0.48209971842503346,0.33122439297420775,0.15087532545082571
CV-G,gfold_0,G+E+normalized-GxE-mixture,W569,ME3,0.4813568484591723,0.4709963203906091,0.01036052806856319
CV-G,gfold_0,G+E+normalized-GxE-mixture,W569,ME4,1.3628851335864787,1.1352788640298677,0.227606269556611
CV-G,gfold_0,G+E+normalized-GxE-mixture,W581,ME1,-1.6029750435970784,-1.252694628476908,-0.3502804151201704
CV-G,gfold_0,G+E+normalized-GxE-mixture,W581,ME2,0.726544934914554,0.2818755699261169,0.44466936498843707
CV-G,gfold_0,G+E+normalized-GxE-mixture,W581,ME3,0.3789426893862799,0.2695271647063965,0.10941552467988341
CV-G,gfold_0,G+E+normalized-GxE-mixture,W581,ME4,1.5685993926746529,0.7154800395276238,0.853119353147029
CV-G,gfold_0,G+E+normalized-GxE-mixture,W593,ME1,-1.148877394736258,-0.292250892530509,-0.8566265022057491
CV-G,gfold_0,G+E+normalized-GxE-mixture,W593,ME2,0.5637649889384505,0.2784855725892981,0.2852794163491524
CV-G,gfold_0,G+E+normalized-GxE-mixture,W593,ME3,2.365591551771563,0.5755260196741173,1.7900655320974455
CV-G,gfold_0,G+E+normalized-GxE-mixture,W593,ME4,1.2241007756960924,0.21118673423017903,1.0129140414659135
CV-G,gfold_0,G+E+normalized-GxE-mixture,W596,ME1,-1.0521257166189197,-0.6913089646184313,-0.36081675200048846
CV-G,gfold_0,G+E+normalized-GxE-mixture,W596,ME2,0.08278540438949077,0.303865302640532,-0.22107989825104124
CV-G,gfold_0,G+E+normalized-GxE-mixture,W596,ME3,2.138354593294199,0.594670926763033,1.5436836665311662
CV-G,gfold_0,G+E+normalized-GxE-mixture,W596,ME4,0.5543848285085714,0.305582926551665,0.24880190195690638
CV-G,gfold_0,G+E+normalized-GxE-mixture,W597,ME1,-1.2099742877696142,0.08958427389983198,-1.2995585616694463
CV-G,gfold_0,G+E+normalized-GxE-mixture,W597,ME2,0.45196255024579446,0.6350865299727134,-0.18312397972691896
CV-G,gfold_0,G+E+normalized-GxE-mixture,W597,ME3,2.0225695794738936,0.6588053241144042,1.3637642553594893
CV-G,gfold_0,G+E+normalized-GxE-mixture,W597,ME4,1.8487169199255822,0.8438380511061249,1.0048788688194574
CV-G,gfold_1,G+E normalized-reference,W032,ME1,3.2789208050843364,0.31573092253292084,2.9631898825514154
CV-G,gfold_1,G+E normalized-reference,W032,ME2,-0.2730255719593472,0.309391436028502,-0.5824170079878492
CV-G,gfold_1,G+E normalized-reference,W032,ME3,-1.408832657504465,0.3316563878615338,-1.7404890453659987
CV-G,gfold_1,G+E normalized-reference,W032,ME4,0.9739475166236292,0.302272565990614,0.6716749506330153
CV-G,gfold_1,G+E normalized-reference,W033,ME1,-1.3051134379183305,-1.0848284159452921,-0.22028502197303834
CV-G,gfold_1,G+E normalized-reference,W033,ME2,-2.87368218561558,-1.091167902449711,-1.782514283165869
CV-G,gfold_1,G+E normalized-reference,W033,ME3,-2.228348646773606,-1.0689029506166792,-1.1594456961569266
CV-G,gfold_1,G+E normalized-reference,W033,ME4,-1.224803578191063,-1.098286772487599,-0.1265168057034638
CV-G,gfold_1,G+E normalized-reference,W042,ME1,0.28221674517408457,0.0632620267693092,0.21895471840477537
CV-G,gfold_1,G+E normalized-reference,W042,ME2,1.061629488376578,0.05692254026489034,1.0047069481116877
CV-G,gfold_1,G+E normalized-reference,W042,ME3,1.1875964428972565,0.07918749209792215,1.1084089507993344
CV-G,gfold_1,G+E normalized-reference,W042,ME4,-1.6246916444330985,0.04980367022700234,-1.674495314660101
CV-G,gfold_1,G+E normalized-reference,W045,ME1,-0.28018903224586655,-0.23331958825039736,-0.04686944399546919
CV-G,gfold_1,G+E normalized-reference,W045,ME2,-0.6089201963006126,-0.23965907475481624,-0.3692611215457963
CV-G,gfold_1,G+E normalized-reference,W045,ME3,-1.45838844070287,-0.2173941229217844,-1.2409943177810856
CV-G,gfold_1,G+E normalized-reference,W045,ME4,-0.5331867324451682,-0.2467779447927042,-0.286408787652464
CV-G,gfold_1,G+E normalized-reference,W048,ME1,0.5356442468285734,0.16119370719338139,0.374450539635192
CV-G,gfold_1,G+E normalized-reference,W048,ME2,-0.12263085028538062,0.1548542206889625,-0.27748507097434316
CV-G,gfold_1,G+E normalized-reference,W048,ME3,-0.4988627936364293,0.17711917252199436,-0.6759819661584237
CV-G,gfold_1,G+E normalized-reference,W048,ME4,0.51088983277249,0.14773535065107454,0.36315448212141543
CV-G,gfold_1,G+E normalized-reference,W050,ME1,-0.45643508158402396,-0.2505269521165038,-0.20590812946752018
CV-G,gfold_1,G+E normalized-reference,W050,ME2,0.06876105229264243,-0.2568664386209226,0.325627490913565
CV-G,gfold_1,G+E normalized-reference,W050,ME3,0.4988327160980865,-0.2346014867878908,0.7334342028859773
CV-G,gfold_1,G+E normalized-reference,W050,ME4,-0.43450682169939076,-0.26398530865881065,-0.1705215130405801
CV-G,gfold_1,G+E normalized-reference,W051,ME1,0.5807135891434996,0.4504963036327556,0.13021728551074396
CV-G,gfold_1,G+E normalized-reference,W051,ME2,0.43938113690259234,0.44415681712833677,-0.0047756802257444275
CV-G,gfold_1,G+E normalized-reference,W051,ME3,0.6325159239864702,0.46642176896136855,0.1660941550251016
CV-G,gfold_1,G+E normalized-reference,W051,ME4,-0.2958247309358938,0.43703794709044874,-0.7328626780263425
CV-G,gfold_1,G+E normalized-reference,W058,ME1,0.03071124655290282,-0.040513188861507135,0.07122443541440995
CV-G,gfold_1,G+E normalized-reference,W058,ME2,0.23106001868419593,-0.046852675365926,0.2779126940501219
CV-G,gfold_1,G+E normalized-reference,W058,ME3,-0.17704160808292188,-0.024587723532894182,-0.1524538845500277
CV-G,gfold_1,G+E normalized-reference,W058,ME4,-1.814806233319674,-0.05397154540381399,-1.7608346879158598
CV-G,gfold_1,G+E normalized-reference,W060,ME1,0.2574668840799267,-0.25445444818420543,0.5119213322641321
CV-G,gfold_1,G+E normalized-reference,W060,ME2,-2.3790959417668787,-0.2607939346886243,-2.1183020070782543
CV-G,gfold_1,G+E normalized-reference,W060,ME3,-1.3131081490695713,-0.23852898285559246,-1.0745791662139788
CV-G,gfold_1,G+E normalized-reference,W060,ME4,0.6133850940214327,-0.2679128047265123,0.881297898747945
CV-G,gfold_1,G+E normalized-reference,W061,ME1,0.14228515145252696,0.16178197687773754,-0.019496825425210584
CV-G,gfold_1,G+E normalized-reference,W061,ME2,0.19935333817642859,0.15544249037331867,0.043910847803109915
CV-G,gfold_1,G+E normalized-reference,W061,ME3,3.0579703928043984,0.1777074422063505,2.880262950598048
CV-G,gfold_1,G+E normalized-reference,W061,ME4,-0.7652544434624218,0.1483236203354307,-0.9135780637978524
CV-G,gfold_1,G+E normalized-reference,W064,ME1,0.502253516165182,0.37278244534893384,0.12947107081624815
CV-G,gfold_1,G+E normalized-reference,W064,ME2,-0.0993033404347555,0.366442958844515,-0.46574629927927047
CV-G,gfold_1,G+E normalized-reference,W064,ME3,-0.6407644738363967,0.3887079106775468,-1.0294723845139435
CV-G,gfold_1,G+E normalized-reference,W064,ME4,0.021297762844700634,0.359324088806627,-0.33802632596192633
CV-G,gfold_1,G+E normalized-reference,W066,ME1,1.2391462215029736,-0.12014051332054265,1.3592867348235163
CV-G,gfold_1,G+E normalized-reference,W066,ME2,-0.9564849042459331,-0.12647999982496153,-0.8300049044209716
CV-G,gfold_1,G+E normalized-reference,W066,ME3,-0.9555328080228224,-0.1042150479919297,-0.8513177600308927
CV-G,gfold_1,G+E normalized-reference,W066,ME4,-0.458563196624501,-0.1335988698628495,-0.32496432676165155
CV-G,gfold_1,G+E normalized-reference,W068,ME1,0.702777069919819,-0.18241014498349734,0.8851872149033164
CV-G,gfold_1,G+E normalized-reference,W068,ME2,0.5612082027258494,-0.1887496314879162,0.7499578342137656
CV-G,gfold_1,G+E normalized-reference,W068,ME3,-0.7319869825363742,-0.16648467965488437,-0.5655023028814898
CV-G,gfold_1,G+E normalized-reference,W068,ME4,-0.83802143759495,-0.19586850152580418,-0.6421529360691458
CV-G,gfold_1,G+E normalized-reference,W069,ME1,0.5606872948261147,0.0053455901815310375,0.5553417046445837
CV-G,gfold_1,G+E normalized-reference,W069,ME2,-0.12619389641828938,-0.0009938963228878295,-0.12520000009540155
CV-G,gfold_1,G+E normalized-reference,W069,ME3,-0.40510632636145155,0.02127105551014399,-0.4263773818715955
CV-G,gfold_1,G+E normalized-reference,W069,ME4,0.10106612181808877,-0.008112766360775823,0.10917888817886459
CV-G,gfold_1,G+E normalized-reference,W076,ME1,1.7062011026773198,-0.02113581303911332,1.727336915716433
CV-G,gfold_1,G+E normalized-reference,W076,ME2,-0.30518791733668793,-0.027475299543532186,-0.27771261779315576
CV-G,gfold_1,G+E normalized-reference,W076,ME3,-0.6796185053197205,-0.0052103477105003675,-0.6744081576092201
CV-G,gfold_1,G+E normalized-reference,W076,ME4,0.06664930026891967,-0.034594169581420184,0.10124346985033986
CV-G,gfold_1,G+E normalized-reference,W081,ME1,1.3097065362511746,0.36227209647921493,0.9474344397719596
CV-G,gfold_1,G+E normalized-reference,W081,ME2,0.2438945791771601,0.3559326099747961,-0.112038030797636
CV-G,gfold_1,G+E normalized-reference,W081,ME3,1.3987765505377063,0.3781975618078279,1.0205789887298784
CV-G,gfold_1,G+E normalized-reference,W081,ME4,-0.28706909153378485,0.34881373993690806,-0.6358828314706929
CV-G,gfold_1,G+E normalized-reference,W104,ME1,0.5123928965739414,-0.09314537000503123,0.6055382665789726
CV-G,gfold_1,G+E normalized-reference,W104,ME2,-0.5399818987415089,-0.09948485650945009,-0.4404970422320588
CV-G,gfold_1,G+E normalized-reference,W104,ME3,0.5294429356840787,-0.07721990467641827,0.606662840360497
CV-G,gfold_1,G+E normalized-reference,W104,ME4,-0.1326378632293884,-0.10660372654733809,-0.026034136682050305
CV-G,gfold_1,G+E normalized-reference,W106,ME1,1.448050034246058,0.26078682934544667,1.1872632049006113
CV-G,gfold_1,G+E normalized-reference,W106,ME2,0.41126914592145514,0.2544473428410278,0.1568218030804273
CV-G,gfold_1,G+E normalized-reference,W106,ME3,0.009373277751200794,0.2767122946740596,-0.26733901692285883
CV-G,gfold_1,G+E normalized-reference,W106,ME4,-0.20606566033566145,0.24732847280313983,-0.4533941331388013
CV-G,gfold_1,G+E normalized-reference,W115,ME1,0.004397721974021596,0.11722193596306667,-0.11282421398904507
CV-G,gfold_1,G+E normalized-reference,W115,ME2,-2.239232141523036,0.11088244945864781,-2.3501145909816836
CV-G,gfold_1,G+E normalized-reference,W115,ME3,-2.160573701420955,0.13314740129167962,-2.2937211027126345
CV-G,gfold_1,G+E normalized-reference,W115,ME4,-0.6033262480868572,0.10376357942075981,-0.707089827507617
CV-G,gfold_1,G+E normalized-reference,W123,ME1,-0.12899417498590277,-0.13816670317963065,0.00917252819372788
CV-G,gfold_1,G+E normalized-reference,W123,ME2,-2.261382517127264,-0.14450618968404952,-2.1168763274432143
CV-G,gfold_1,G+E normalized-reference,W123,ME3,-2.0254292440876536,-0.12224123785101769,-1.903188006236636
CV-G,gfold_1,G+E normalized-reference,W123,ME4,-1.205136823020109,-0.1516250597219375,-1.0535117632981714
CV-G,gfold_1,G+E normalized-reference,W126,ME1,0.7035507575815313,0.3738147938872219,0.3297359636943094
CV-G,gfold_1,G+E normalized-reference,W126,ME2,-0.7164381194835368,0.36747530738280304,-1.0839134268663397
CV-G,gfold_1,G+E normalized-reference,W126,ME3,-1.0076225497962263,0.38974025921583483,-1.3973628090120611
CV-G,gfold_1,G+E normalized-reference,W126,ME4,-0.11498498378793998,0.360356437344915,-0.475341421132855
CV-G,gfold_1,G+E normalized-reference,W129,ME1,0.3675992867045699,-0.09623612443749079,0.4638354111420607
CV-G,gfold_1,G+E normalized-reference,W129,ME2,-0.7055021626137922,-0.10257561094190965,-0.6029265516718825
CV-G,gfold_1,G+E normalized-reference,W129,ME3,-1.0066174128948104,-0.08031065910887783,-0.9263067537859326
CV-G,gfold_1,G+E normalized-reference,W129,ME4,0.25807762840091447,-0.10969448097979764,0.36777210938071214
CV-G,gfold_1,G+E normalized-reference,W136,ME1,1.2001116429494054,-0.41278772065408176,1.6128993636034872
CV-G,gfold_1,G+E normalized-reference,W136,ME2,-0.5954780826482163,-0.4191272071585006,-0.17635087548971573
CV-G,gfold_1,G+E normalized-reference,W136,ME3,-0.12334702587868498,-0.3968622553254688,0.27351522944678386
CV-G,gfold_1,G+E normalized-reference,W136,ME4,-0.7200209065692281,-0.42624607719638863,-0.2937748293728395
CV-G,gfold_1,G+E normalized-reference,W137,ME1,1.2593842619172477,-0.44629456427778685,1.7056788261950346
CV-G,gfold_1,G+E normalized-reference,W137,ME2,-0.7298422610634676,-0.4526340507822057,-0.2772082102812619
CV-G,gfold_1,G+E normalized-reference,W137,ME3,-1.5665040065695122,-0.4303690989491739,-1.1361349076203382
CV-G,gfold_1,G+E normalized-reference,W137,ME4,-0.313572010802162,-0.4597529208200937,0.1461809100179317
CV-G,gfold_1,G+E normalized-reference,W146,ME1,0.32484286329413,0.30855809645300114,0.01628476684112884
CV-G,gfold_1,G+E normalized-reference,W146,ME2,-0.3760058324827775,0.3022186099485823,-0.6782244424313598
CV-G,gfold_1,G+E normalized-reference,W146,ME3,-0.9709561692159852,0.3244835617816141,-1.2954397309975993
CV-G,gfold_1,G+E normalized-reference,W146,ME4,-0.22216879946963794,0.29509973991069427,-0.5172685393803322
CV-G,gfold_1,G+E normalized-reference,W147,ME1,-0.13546057502168943,-0.12058698026273712,-0.014873594758952308
CV-G,gfold_1,G+E normalized-reference,W147,ME2,-2.2811596382024684,-0.126926466767156,-2.1542331714353122
CV-G,gfold_1,G+E normalized-reference,W147,ME3,-1.0190844890838067,-0.10466151493412416,-0.9144229741496825
CV-G,gfold_1,G+E normalized-reference,W147,ME4,-0.899649181598651,-0.13404533680504396,-0.7656038447936071
CV-G,gfold_1,G+E normalized-reference,W155,ME1,-0.43492656458841156,0.17181297952472308,-0.6067395441131347
CV-G,gfold_1,G+E normalized-reference,W155,ME2,-0.7343672663654739,0.1654734930203042,-0.8998407593857781
CV-G,gfold_1,G+E normalized-reference,W155,ME3,-0.16035971413084232,0.18773844485333605,-0.3480981589841784
CV-G,gfold_1,G+E normalized-reference,W155,ME4,-0.3288255461127541,0.15835462298241623,-0.48718016909517037
CV-G,gfold_1,G+E normalized-reference,W161,ME1,0.9529713715564129,-0.07599161586450884,1.0289629874209216
CV-G,gfold_1,G+E normalized-reference,W161,ME2,0.17511449858665887,-0.0823311023689277,0.25744560095558655
CV-G,gfold_1,G+E normalized-reference,W161,ME3,-0.05767526614328379,-0.06006615053589588,0.0023908843926120915
CV-G,gfold_1,G+E normalized-reference,W161,ME4,0.40682123110987123,-0.0894499724068157,0.4962712035166869
CV-G,gfold_1,G+E normalized-reference,W163,ME1,0.926380948235444,-0.062712986634062,0.989093934869506
CV-G,gfold_1,G+E normalized-reference,W163,ME2,0.6447467621475108,-0.06905247313848085,0.7137992352859917
CV-G,gfold_1,G+E normalized-reference,W163,ME3,-1.4454399123846235,-0.04678752130544904,-1.3986523910791746
CV-G,gfold_1,G+E normalized-reference,W163,ME4,0.2292304319161596,-0.07617134317636885,0.30540177509252847
CV-G,gfold_1,G+E normalized-reference,W170,ME1,-0.9970391551049749,0.11060673210959014,-1.107645887214565
CV-G,gfold_1,G+E normalized-reference,W170,ME2,-2.333371237841007,0.10426724560517128,-2.4376384834461784
CV-G,gfold_1,G+E normalized-reference,W170,ME3,-1.0502606260848832,0.1265321974382031,-1.1767928235230865
CV-G,gfold_1,G+E normalized-reference,W170,ME4,-0.9573357078660927,0.09714837556728328,-1.054484083433376
CV-G,gfold_1,G+E normalized-reference,W171,ME1,-0.48228439356587777,-0.08834603224828178,-0.39393836131759596
CV-G,gfold_1,G+E normalized-reference,W171,ME2,-2.0723132396483144,-0.09468551875270063,-1.9776277208956137
CV-G,gfold_1,G+E normalized-reference,W171,ME3,-1.2616181108255835,-0.07242056691966882,-1.1891975439059146
CV-G,gfold_1,G+E normalized-reference,W171,ME4,-0.1221515493722353,-0.10180438879058863,-0.020347160581646664
CV-G,gfold_1,G+E normalized-reference,W174,ME1,0.5784983992068063,-0.009180006432579609,0.587678405639386
CV-G,gfold_1,G+E normalized-reference,W174,ME2,0.4238758739796326,-0.015519492936998475,0.43939536691663106
CV-G,gfold_1,G+E normalized-reference,W174,ME3,0.47890735517000743,0.006745458896033344,0.4721618962739741
CV-G,gfold_1,G+E normalized-reference,W174,ME4,-0.026319384775212437,-0.02263836297488647,-0.0036810218003259683
CV-G,gfold_1,G+E normalized-reference,W175,ME1,-0.26662913796426974,-0.3646997184476726,0.09807058048340289
CV-G,gfold_1,G+E normalized-reference,W175,ME2,-0.9091527159190688,-0.3710392049520915,-0.5381135109669772
CV-G,gfold_1,G+E normalized-reference,W175,ME3,-1.7588905881120498,-0.3487742531190597,-1.4101163349929902
CV-G,gfold_1,G+E normalized-reference,W175,ME4,-0.11690445909262505,-0.3781580749899795,0.26125361589735446
CV-G,gfold_1,G+E normalized-reference,W182,ME1,-0.9739343983020377,-0.9129622213754515,-0.060972176926586186
CV-G,gfold_1,G+E normalized-reference,W182,ME2,-1.3916385260091175,-0.9193017078798704,-0.4723368181292471
CV-G,gfold_1,G+E normalized-reference,W182,ME3,-1.8680450769944406,-0.8970367560468385,-0.971008320947602
CV-G,gfold_1,G+E normalized-reference,W182,ME4,-0.5312200569280725,-0.9264205779177583,0.39520052098968583
CV-G,gfold_1,G+E normalized-reference,W183,ME1,1.2446271877801591,0.0470058713668595,1.1976213164132996
CV-G,gfold_1,G+E normalized-reference,W183,ME2,-0.394137497084525,0.04066638486244063,-0.4348038819469656
CV-G,gfold_1,G+E normalized-reference,W183,ME3,0.4471484076966806,0.06293133669547245,0.38421707100120817
CV-G,gfold_1,G+E normalized-reference,W183,ME4,-0.5280733761007202,0.033547514824552635,-0.5616208909252729
CV-G,gfold_1,G+E normalized-reference,W185,ME1,0.6157657122594117,0.2788941153912909,0.3368715968681208
CV-G,gfold_1,G+E normalized-reference,W185,ME2,0.15217303813942173,0.27255462888687204,-0.1203815907474503
CV-G,gfold_1,G+E normalized-reference,W185,ME3,0.20243558158040564,0.29481958071990383,-0.09238399913949819
CV-G,gfold_1,G+E normalized-reference,W185,ME4,0.139022959298029,0.265435758848984,-0.12641279955095502
CV-G,gfold_1,G+E normalized-reference,W195,ME1,0.5047456048439601,-0.10007821688126017,0.6048238217252203
CV-G,gfold_1,G+E normalized-reference,W195,ME2,-0.34168540765371125,-0.10641770338567903,-0.23526770426803223
CV-G,gfold_1,G+E normalized-reference,W195,ME3,-1.1620081992423568,-0.08415275155264722,-1.0778554476897095
CV-G,gfold_1,G+E normalized-reference,W195,ME4,-0.5325337961734922,-0.11353657342356703,-0.4189972227499251
CV-G,gfold_1,G+E normalized-reference,W199,ME1,0.6092911681429728,0.05628219049959211,0.5530089776433806
CV-G,gfold_1,G+E normalized-reference,W199,ME2,0.017074732989860796,0.04994270399517324,-0.03286797100531244
CV-G,gfold_1,G+E normalized-reference,W199,ME3,0.06689413740368748,0.07220765582820506,-0.005313518424517577
CV-G,gfold_1,G+E normalized-reference,W199,ME4,0.572218642097592,0.04282383395728524,0.5293948081403067
CV-G,gfold_1,G+E normalized-reference,W200,ME1,1.0039696045842548,0.10157682561013244,0.9023927789741223
CV-G,gfold_1,G+E normalized-reference,W200,ME2,0.23002211537016914,0.09523733910571358,0.13478477626445556
CV-G,gfold_1,G+E normalized-reference,W200,ME3,0.34821421840012096,0.1175022909387454,0.23071192746137556
CV-G,gfold_1,G+E normalized-reference,W200,ME4,0.2760845094354399,0.08811846906782558,0.1879660403676143
CV-G,gfold_1,G+E normalized-reference,W209,ME1,0.36454525646096697,0.4219007157798924,-0.05735545931892544
CV-G,gfold_1,G+E normalized-reference,W209,ME2,-0.8098557464246845,0.41556122927547356,-1.225416975700158
CV-G,gfold_1,G+E normalized-reference,W209,ME3,-0.7401547756764563,0.43782618110850535,-1.1779809567849617
CV-G,gfold_1,G+E normalized-reference,W209,ME4,-0.27233475855970657,0.40844235923758554,-0.6807771177972921
CV-G,gfold_1,G+E normalized-reference,W210,ME1,0.5902095871809442,0.5173874245104538,0.07282216267049035
CV-G,gfold_1,G+E normalized-reference,W210,ME2,-0.6701754778644194,0.5110479380060349,-1.1812234158704542
CV-G,gfold_1,G+E normalized-reference,W210,ME3,0.48982871662825406,0.5333128898390668,-0.043484173210812715
CV-G,gfold_1,G+E normalized-reference,W210,ME4,-0.4280954595136601,0.503929067968147,-0.9320245274818071
CV-G,gfold_1,G+E normalized-reference,W215,ME1,1.1515729222777444,-0.002586492792176855,1.1541594150699213
CV-G,gfold_1,G+E normalized-reference,W215,ME2,0.39902948123043197,-0.00892597929659572,0.4079554605270277
CV-G,gfold_1,G+E normalized-reference,W215,ME3,0.44175952246051514,0.013338972536436098,0.428420549924079
CV-G,gfold_1,G+E normalized-reference,W215,ME4,0.719145036628753,-0.016044849334483715,0.7351898859632366
CV-G,gfold_1,G+E normalized-reference,W224,ME1,0.9583301766238543,0.26130994582024913,0.6970202308036052
CV-G,gfold_1,G+E normalized-reference,W224,ME2,0.4067884413706568,0.2549704593158303,0.1518179820548265
CV-G,gfold_1,G+E normalized-reference,W224,ME3,-0.6646005774985572,0.2772354111488621,-0.9418359886474192
CV-G,gfold_1,G+E normalized-reference,W224,ME4,-1.776786462223186,0.2478515892779423,-2.024638051501128
CV-G,gfold_1,G+E normalized-reference,W228,ME1,1.0757026669459995,0.1947751761522193,0.8809274907937802
CV-G,gfold_1,G+E normalized-reference,W228,ME2,-0.6800672027413945,0.18843568964780041,-0.868502892389195
CV-G,gfold_1,G+E normalized-reference,W228,ME3,0.9277558840882347,0.21070064148083226,0.7170552426074025
CV-G,gfold_1,G+E normalized-reference,W228,ME4,-0.2857789523945702,0.18131681960991244,-0.4670957720044826
CV-G,gfold_1,G+E normalized-reference,W232,ME1,-0.4672097002834548,-0.019612714859965942,-0.44759698542348886
CV-G,gfold_1,G+E normalized-reference,W232,ME2,-0.6741815315094128,-0.025952201364384808,-0.648229330145028
CV-G,gfold_1,G+E normalized-reference,W232,ME3,0.08056906718010086,-0.0036872495313529895,0.08425631671145385
CV-G,gfold_1,G+E normalized-reference,W232,ME4,-0.12411822488933168,-0.033071071402272806,-0.09104715348705887
CV-G,gfold_1,G+E normalized-reference,W247,ME1,-1.1563536607725982,0.02211611842708077,-1.178469779199679
CV-G,gfold_1,G+E normalized-reference,W247,ME2,1.1383204173971626,0.015776631922661905,1.1225437854745006
CV-G,gfold_1,G+E normalized-reference,W247,ME3,1.4571167234627758,0.03804158375569372,1.419075139707082
CV-G,gfold_1,G+E normalized-reference,W247,ME4,2.2903063738321063,0.00865776188477391,2.2816486119473325
CV-G,gfold_1,G+E normalized-reference,W250,ME1,0.5522093068698729,0.43101005772564277,0.12119924914423014
CV-G,gfold_1,G+E normalized-reference,W250,ME2,-0.21156777267572885,0.4246705712212239,-0.6362383438969528
CV-G,gfold_1,G+E normalized-reference,W250,ME3,-0.42974485023902886,0.4469355230542557,-0.8766803732932846
CV-G,gfold_1,G+E normalized-reference,W250,ME4,0.18984972136184178,0.4175517011833359,-0.22770197982149412
CV-G,gfold_1,G+E normalized-reference,W257,ME1,0.8522535261627155,0.4519555673694262,0.40029795879328933
CV-G,gfold_1,G+E normalized-reference,W257,ME2,0.6658529057589677,0.44561608086500737,0.22023682489396035
CV-G,gfold_1,G+E normalized-reference,W257,ME3,0.7868593407896832,0.46788103269803916,0.31897830809164407
CV-G,gfold_1,G+E normalized-reference,W257,ME4,0.7067392474669155,0.43849721082711934,0.2682420366397962
CV-G,gfold_1,G+E normalized-reference,W259,ME1,0.47726747673218567,0.11133343692134659,0.36593403981083905
CV-G,gfold_1,G+E normalized-reference,W259,ME2,-0.46469593640210755,0.10499395041692773,-0.5696898868190353
CV-G,gfold_1,G+E normalized-reference,W259,ME3,-1.1657669044619396,0.12725890224995956,-1.2930258067118992
CV-G,gfold_1,G+E normalized-reference,W259,ME4,-0.5089336899683482,0.09787508037903973,-0.6068087703473879
CV-G,gfold_1,G+E normalized-reference,W260,ME1,-1.0910788543659937,0.047614024020234395,-1.138692878386228
CV-G,gfold_1,G+E normalized-reference,W260,ME2,-1.04520032288024,0.04127453751581553,-1.0864748603960555
CV-G,gfold_1,G+E normalized-reference,W260,ME3,-1.5575675793283468,0.06353948934884734,-1.621107068677194
CV-G,gfold_1,G+E normalized-reference,W260,ME4,-0.5241872252789396,0.03415566747792753,-0.5583428927568671
CV-G,gfold_1,G+E normalized-reference,W265,ME1,0.26048019392028027,-0.4245206699296867,0.685000863849967
CV-G,gfold_1,G+E normalized-reference,W265,ME2,0.2681144327306972,-0.4308601564341055,0.6989745891648027
CV-G,gfold_1,G+E normalized-reference,W265,ME3,-1.1188379916529498,-0.40859520460107374,-0.7102427870518762
CV-G,gfold_1,G+E normalized-reference,W265,ME4,-1.0373164677953268,-0.43797902647199355,-0.5993374413233332
CV-G,gfold_1,G+E normalized-reference,W266,ME1,-0.5750128958423102,-0.4832647376802963,-0.09174815816201387
CV-G,gfold_1,G+E normalized-reference,W266,ME2,-1.267779954309016,-0.48960422418471516,-0.7781757301243009
CV-G,gfold_1,G+E normalized-reference,W266,ME3,-1.1455881476763603,-0.4673392723516834,-0.6782488753246769
CV-G,gfold_1,G+E normalized-reference,W266,ME4,-0.2543121441210449,-0.4967230942226032,0.24241095010155828
CV-G,gfold_1,G+E normalized-reference,W278,ME1,2.2798131350711293,-0.11385043678941553,2.393663571860545
CV-G,gfold_1,G+E normalized-reference,W278,ME2,-0.8811546411553238,-0.12018992329383439,-0.7609647178614894
CV-G,gfold_1,G+E normalized-reference,W278,ME3,-1.2455359204029204,-0.09792497146080258,-1.1476109489421178
CV-G,gfold_1,G+E normalized-reference,W278,ME4,-0.7724682092591277,-0.12730879333172238,-0.6451594159274053
CV-G,gfold_1,G+E normalized-reference,W281,ME1,-0.1682486437170095,0.03697675477783159,-0.20522539849484112
CV-G,gfold_1,G+E normalized-reference,W281,ME2,-0.09756928245888206,0.030637268273412725,-0.12820655073229478
CV-G,gfold_1,G+E normalized-reference,W281,ME3,0.5104213533144165,0.05290222010644455,0.457519133207972
CV-G,gfold_1,G+E normalized-reference,W281,ME4,-1.6677303714492135,0.02351839823552473,-1.6912487696847383
CV-G,gfold_1,G+E normalized-reference,W283,ME1,0.918261299827786,-0.2722644411826673,1.1905257410104533
CV-G,gfold_1,G+E normalized-reference,W283,ME2,-0.2911635652398385,-0.27860392768708614,-0.012559637552752356
CV-G,gfold_1,G+E normalized-reference,W283,ME3,-1.7213542150877255,-0.25633897585405435,-1.465015239233671
CV-G,gfold_1,G+E normalized-reference,W283,ME4,-0.37978604211172917,-0.28572279772497416,-0.09406324438675501
CV-G,gfold_1,G+E normalized-reference,W284,ME1,1.0625662648581822,-0.15060630991764076,1.2131725747758229
CV-G,gfold_1,G+E normalized-reference,W284,ME2,-0.32454101693603876,-0.15694579642205964,-0.16759522051397913
CV-G,gfold_1,G+E normalized-reference,W284,ME3,-0.1334068414214321,-0.1346808445890278,0.001274003167595683
CV-G,gfold_1,G+E normalized-reference,W284,ME4,1.4590555663724403,-0.1640646664599476,1.623120232832388
CV-G,gfold_1,G+E normalized-reference,W285,ME1,1.2356279786623419,-0.35513067901096446,1.5907586576733064
CV-G,gfold_1,G+E normalized-reference,W285,ME2,-0.17458930277415685,-0.3614701655153833,0.18688086274122645
CV-G,gfold_1,G+E normalized-reference,W285,ME3,-0.5557332705879994,-0.3392052136823515,-0.21652805690564786
CV-G,gfold_1,G+E normalized-reference,W285,ME4,-0.2086852721244325,-0.3685890355532713,0.15990376342883883
CV-G,gfold_1,G+E normalized-reference,W288,ME1,-0.7560069441991898,-0.516821110225048,-0.23918583397414184
CV-G,gfold_1,G+E normalized-reference,W288,ME2,0.30044132375538307,-0.5231605967294669,0.8236019204848499
CV-G,gfold_1,G+E normalized-reference,W288,ME3,-0.35653034047871324,-0.500895644896435,0.14436530441772177
CV-G,gfold_1,G+E normalized-reference,W288,ME4,-2.48609552092087,-0.5302794667673548,-1.9558160541535154
CV-G,gfold_1,G+E normalized-reference,W294,ME1,0.08446217884031194,0.13516417431916444,-0.0507019954788525
CV-G,gfold_1,G+E normalized-reference,W294,ME2,0.6605937737226507,0.12882468781474557,0.5317690859079052
CV-G,gfold_1,G+E normalized-reference,W294,ME3,0.9711541479493911,0.1510896396477774,0.8200645083016137
CV-G,gfold_1,G+E normalized-reference,W294,ME4,-2.6827630726304075,0.12170581777685759,-2.804468890407265
CV-G,gfold_1,G+E normalized-reference,W297,ME1,0.12716159368620536,-0.10175535492767979,0.22891694861388515
CV-G,gfold_1,G+E normalized-reference,W297,ME2,-1.2652484828113897,-0.10809484143209865,-1.157153641379291
CV-G,gfold_1,G+E normalized-reference,W297,ME3,-0.6500556552780606,-0.08582988959906683,-0.5642257656789939
CV-G,gfold_1,G+E normalized-reference,W297,ME4,-1.0464890424070596,-0.11521371146998664,-0.931275330937073
CV-G,gfold_1,G+E normalized-reference,W298,ME1,1.7541371613809094,-0.5728941604531885,2.327031321834098
CV-G,gfold_1,G+E normalized-reference,W298,ME2,-0.9044821510059489,-0.5792336469576075,-0.3252485040483414
CV-G,gfold_1,G+E normalized-reference,W298,ME3,-0.7041134382113813,-0.5569686951245756,-0.1471447430868057
CV-G,gfold_1,G+E normalized-reference,W298,ME4,0.6656435958616905,-0.5863525169954954,1.251996112857186
CV-G,gfold_1,G+E normalized-reference,W300,ME1,-0.397260191583976,-0.7441542519985407,0.34689406041456466
CV-G,gfold_1,G+E normalized-reference,W300,ME2,-1.1990568318272115,-0.7504937385029596,-0.4485630933242518
CV-G,gfold_1,G+E normalized-reference,W300,ME3,-1.1588238579664407,-0.7282287866699277,-0.430595071296513
CV-G,gfold_1,G+E normalized-reference,W300,ME4,-0.6507624615591974,-0.7576126085408476,0.10685014698165018
CV-G,gfold_1,G+E normalized-reference,W306,ME1,0.22139675088281457,-0.22237386325616124,0.4437706141389758
CV-G,gfold_1,G+E normalized-reference,W306,ME2,-1.4221997156642086,-0.2287133497605801,-1.1934863659036283
CV-G,gfold_1,G+E normalized-reference,W306,ME3,-0.7049580910697139,-0.20644839792754827,-0.4985096931421656
CV-G,gfold_1,G+E normalized-reference,W306,ME4,-0.13395160247480797,-0.23583221979846808,0.1018806173236601
CV-G,gfold_1,G+E normalized-reference,W322,ME1,0.36149937029801327,-0.15769623017372186,0.5191956004717351
CV-G,gfold_1,G+E normalized-reference,W322,ME2,0.8221079839499407,-0.16403571667814074,0.9861437006280814
CV-G,gfold_1,G+E normalized-reference,W322,ME3,0.6480237504654676,-0.1417707648451089,0.7897945153105764
CV-G,gfold_1,G+E normalized-reference,W322,ME4,-0.6964208003640836,-0.1711545867160287,-0.5252662136480549
CV-G,gfold_1,G+E normalized-reference,W333,ME1,1.1801097808739682,-0.11470059388431222,1.2948103747582804
CV-G,gfold_1,G+E normalized-reference,W333,ME2,0.18842370998542793,-0.12104008038873108,0.309463790374159
CV-G,gfold_1,G+E normalized-reference,W333,ME3,-1.0495764572696338,-0.09877512855569927,-0.9508013287139345
CV-G,gfold_1,G+E normalized-reference,W333,ME4,-0.6665273325042338,-0.12815895042661907,-0.5383683820776147
CV-G,gfold_1,G+E normalized-reference,W335,ME1,-1.2333233669920391,0.3375114928283505,-1.5708348598203896
CV-G,gfold_1,G+E normalized-reference,W335,ME2,0.5764856332140236,0.3311720063239317,0.2453136268900919
CV-G,gfold_1,G+E normalized-reference,W335,ME3,0.2146577084404855,0.35343695815696347,-0.13877924971647795
CV-G,gfold_1,G+E normalized-reference,W335,ME4,-2.0075404339950196,0.32405313628604365,-2.331593570281063
CV-G,gfold_1,G+E normalized-reference,W338,ME1,0.3426295354328722,-0.26592587990031596,0.6085554153331882
CV-G,gfold_1,G+E normalized-reference,W338,ME2,0.33145184960130375,-0.2722653664047348,0.6037172160060386
CV-G,gfold_1,G+E normalized-reference,W338,ME3,0.6649590402750464,-0.250000414571703,0.9149594548467495
CV-G,gfold_1,G+E normalized-reference,W338,ME4,-2.2632082512174176,-0.27938423644262284,-1.9838240147747948
CV-G,gfold_1,G+E normalized-reference,W355,ME1,0.36082341160409537,0.26725128162210293,0.09357212998199244
CV-G,gfold_1,G+E normalized-reference,W355,ME2,-0.9454666745525154,0.2609117951176841,-1.2063784696701996
CV-G,gfold_1,G+E normalized-reference,W355,ME3,-0.1772527712975054,0.2831767469507159,-0.4604295182482213
CV-G,gfold_1,G+E normalized-reference,W355,ME4,-0.17507085418623797,0.25379292507979606,-0.42886377926603403
CV-G,gfold_1,G+E normalized-reference,W360,ME1,1.1992076499972983,-0.04738329601538191,1.2465909460126803
CV-G,gfold_1,G+E normalized-reference,W360,ME2,-0.7609983465205008,-0.053722782519800776,-0.7072755640007
CV-G,gfold_1,G+E normalized-reference,W360,ME3,-0.7399520589904557,-0.03145783068676895,-0.7084942283036867
CV-G,gfold_1,G+E normalized-reference,W360,ME4,0.5098120945891214,-0.060841652557688766,0.5706537471468102
CV-G,gfold_1,G+E normalized-reference,W361,ME1,1.7077566220813938,0.25932745404733704,1.4484291680340569
CV-G,gfold_1,G+E normalized-reference,W361,ME2,0.3831001968316201,0.2529879675429182,0.13011222928870192
CV-G,gfold_1,G+E normalized-reference,W361,ME3,-0.20830221036983157,0.27525291937595,-0.4835551297457815
CV-G,gfold_1,G+E normalized-reference,W361,ME4,-0.545380120651159,0.2458690975050302,-0.7912492181561892
CV-G,gfold_1,G+E normalized-reference,W375,ME1,-1.4323891303103982,-0.19995653256366108,-1.2324325977467372
CV-G,gfold_1,G+E normalized-reference,W375,ME2,0.38901751145732083,-0.20629601906807996,0.5953135305254008
CV-G,gfold_1,G+E normalized-reference,W375,ME3,-0.08121574130502755,-0.1840310672350481,0.10281532593002056
CV-G,gfold_1,G+E normalized-reference,W375,ME4,-1.647505080431404,-0.21341488910596793,-1.434090191325436
CV-G,gfold_1,G+E normalized-reference,W386,ME1,0.5493588786425111,-0.041340531901800495,0.5906994105443116
CV-G,gfold_1,G+E normalized-reference,W386,ME2,-0.4948394332600915,-0.04768001840621936,-0.4471594148538721
CV-G,gfold_1,G+E normalized-reference,W386,ME3,-2.209377743575444,-0.025415066573187543,-2.183962677002256
CV-G,gfold_1,G+E normalized-reference,W386,ME4,-0.765907379734098,-0.05479888844410735,-0.7111084912899905
CV-G,gfold_1,G+E normalized-reference,W388,ME1,0.0873126070676752,-0.15330553942447028,0.24061814649214547
CV-G,gfold_1,G+E normalized-reference,W388,ME2,-0.38628993544188317,-0.15964502592888916,-0.22664490951299401
CV-G,gfold_1,G+E normalized-reference,W388,ME3,-0.816367803083855,-0.1373800740958573,-0.6789877289879978
CV-G,gfold_1,G+E normalized-reference,W388,ME4,-0.5011849884309924,-0.16676389596677713,-0.33442109246421525
CV-G,gfold_1,G+E normalized-reference,W405,ME1,1.4818398248612796,0.5079849503365833,0.9738548745246963
CV-G,gfold_1,G+E normalized-reference,W405,ME2,1.9187097933278512,0.5016454638321644,1.4170643294956868
CV-G,gfold_1,G+E normalized-reference,W405,ME3,0.5428306834886591,0.5239104156651962,0.0189202678234629
CV-G,gfold_1,G+E normalized-reference,W405,ME4,1.6132429269127186,0.4945265937942764,1.1187163331184422
CV-G,gfold_1,G+E normalized-reference,W411,ME1,-1.530232115234783,-0.4451108754196653,-1.0851212398151178
CV-G,gfold_1,G+E normalized-reference,W411,ME2,-0.7556063122305567,-0.45145036192408416,-0.3041559503064726
CV-G,gfold_1,G+E normalized-reference,W411,ME3,1.849060989315101,-0.4291854100910524,2.2782463994061537
CV-G,gfold_1,G+E normalized-reference,W411,ME4,1.4066161303846103,-0.4585692319619722,1.8651853623465824
CV-G,gfold_1,G+E normalized-reference,W412,ME1,-0.336269171599065,0.14376565147001938,-0.4800348230690844
CV-G,gfold_1,G+E normalized-reference,W412,ME2,0.02449194447790443,0.1374261649656005,-0.11293422048769608
CV-G,gfold_1,G+E normalized-reference,W412,ME3,0.33839935218628936,0.15969111679863235,0.178708235387657
CV-G,gfold_1,G+E normalized-reference,W412,ME4,0.20503245635381828,0.13030729492771254,0.07472516142610575
CV-G,gfold_1,G+E normalized-reference,W415,ME1,-0.01355183177771391,-0.3171793710145141,0.3036275392368002
CV-G,gfold_1,G+E normalized-reference,W415,ME2,1.83232332847136,-0.32351885751893295,2.155842185990293
CV-G,gfold_1,G+E normalized-reference,W415,ME3,1.9449882144359945,-0.30125390568590116,2.2462421201218956
CV-G,gfold_1,G+E normalized-reference,W415,ME4,-0.07298466144485104,-0.33063772755682097,0.2576530661119699
CV-G,gfold_1,G+E normalized-reference,W417,ME1,-0.03804922637173485,0.044234694902067655,-0.0822839212738025
CV-G,gfold_1,G+E normalized-reference,W417,ME2,1.5770497426507435,0.03789520839764879,1.5391545342530948
CV-G,gfold_1,G+E normalized-reference,W417,ME3,1.1736427776775933,0.060160160230680604,1.1134826174469126
CV-G,gfold_1,G+E normalized-reference,W417,ME4,0.7372856515984407,0.030776338359760794,0.7065093132386799
CV-G,gfold_1,G+E normalized-reference,W419,ME1,-1.6789837482998657,0.1124730895083644,-1.79145683780823
CV-G,gfold_1,G+E normalized-reference,W419,ME2,-0.012062503947815505,0.10613360300394555,-0.11819610695176105
CV-G,gfold_1,G+E normalized-reference,W419,ME3,-0.5403605885663361,0.12839855483697737,-0.6687591434033134
CV-G,gfold_1,G+E normalized-reference,W419,ME4,-0.26471192425544493,0.09901473296605755,-0.3637266572215025
CV-G,gfold_1,G+E normalized-reference,W435,ME1,-0.8796096562182832,0.30055544712608967,-1.180165103344373
CV-G,gfold_1,G+E normalized-reference,W435,ME2,0.4319765827720364,0.2942159606216708,0.13776062215036555
CV-G,gfold_1,G+E normalized-reference,W435,ME3,-0.03741204407187156,0.3164809124547026,-0.35389295652657415
CV-G,gfold_1,G+E normalized-reference,W435,ME4,0.004502353928706192,0.2870970905837828,-0.2825947366550766
CV-G,gfold_1,G+E normalized-reference,W437,ME1,-0.704397905122626,-0.19965292757413416,-0.5047449775484918
CV-G,gfold_1,G+E normalized-reference,W437,ME2,0.3079471367458448,-0.20599241407855304,0.5139395508243978
CV-G,gfold_1,G+E normalized-reference,W437,ME3,-0.02109335084887578,-0.1837274622455212,0.1626341113966454
CV-G,gfold_1,G+E normalized-reference,W437,ME4,-0.19450160829514038,-0.213111284116441,0.01860967582130063
CV-G,gfold_1,G+E normalized-reference,W438,ME1,0.5673328646361946,-0.36323623532938265,0.9305690999655772
CV-G,gfold_1,G+E normalized-reference,W438,ME2,0.1924614070241416,-0.3695757218338015,0.5620371288579431
CV-G,gfold_1,G+E normalized-reference,W438,ME3,-1.3403313106936483,-0.3473107700007697,-0.9930205406928786
CV-G,gfold_1,G+E normalized-reference,W438,ME4,-0.8563744535204845,-0.3766945918716895,-0.47967986164879495
CV-G,gfold_1,G+E normalized-reference,W440,ME1,-1.6469042146210608,-0.07241954368103717,-1.5744846709400238
CV-G,gfold_1,G+E normalized-reference,W440,ME2,0.16898200888365905,-0.07875903018545603,0.2477410390691151
CV-G,gfold_1,G+E normalized-reference,W440,ME3,1.692327204922804,-0.05649407835242422,1.7488212832752281
CV-G,gfold_1,G+E normalized-reference,W440,ME4,1.0853872181243212,-0.08587790022334403,1.1712651183476652
CV-G,gfold_1,G+E normalized-reference,W445,ME1,-0.5518348423135264,-0.47676891157261414,-0.07506593074091228
CV-G,gfold_1,G+E normalized-reference,W445,ME2,0.4856247924854782,-0.483108398077033,0.9687331905625112
CV-G,gfold_1,G+E normalized-reference,W445,ME3,0.6847999359172923,-0.4608434462440012,1.1456433821612935
CV-G,gfold_1,G+E normalized-reference,W445,ME4,-0.2175353119513613,-0.490227268114921,0.2726919561635597
CV-G,gfold_1,G+E normalized-reference,W457,ME1,-0.3174482012178212,0.42799331452514944,-0.7454415157429706
CV-G,gfold_1,G+E normalized-reference,W457,ME2,1.459304674617408,0.4216538280207306,1.0376508465966774
CV-G,gfold_1,G+E normalized-reference,W457,ME3,1.705774078427467,0.4439187798537624,1.2618552985737046
CV-G,gfold_1,G+E normalized-reference,W457,ME4,0.3464757595433167,0.41453495798284257,-0.06805919843952585
CV-G,gfold_1,G+E normalized-reference,W462,ME1,0.1336687141252414,0.7090156440166943,-0.5753469298914529
CV-G,gfold_1,G+E normalized-reference,W462,ME2,1.8385444196767766,0.7026761575122753,1.1358682621645013
CV-G,gfold_1,G+E normalized-reference,W462,ME3,1.0706880407753672,0.7249411093453072,0.34574693143005997
CV-G,gfold_1,G+E normalized-reference,W462,ME4,0.5163650574120837,0.6955572874743874,-0.17919223006230367
CV-G,gfold_1,G+E normalized-reference,W463,ME1,0.15286431221636598,0.8067989046640275,-0.6539345924476615
CV-G,gfold_1,G+E normalized-reference,W463,ME2,1.6161989493615307,0.8004594181596085,0.8157395312019222
CV-G,gfold_1,G+E normalized-reference,W463,ME3,0.7807862867382699,0.8227243699926404,-0.04193808325437054
CV-G,gfold_1,G+E normalized-reference,W463,ME4,0.18464983129464213,0.7933405481217206,-0.6086907168270785
CV-G,gfold_1,G+E normalized-reference,W472,ME1,-0.246480682437141,0.5245308775198501,-0.7710115599569911
CV-G,gfold_1,G+E normalized-reference,W472,ME2,1.0721414237704705,0.5181913910154311,0.5539500327550394
CV-G,gfold_1,G+E normalized-reference,W472,ME3,0.9859862521417206,0.540456342848463,0.44552990929325764
CV-G,gfold_1,G+E normalized-reference,W472,ME4,0.7454355549412843,0.5110725209775432,0.23436303396374114
CV-G,gfold_1,G+E normalized-reference,W478,ME1,-1.1201287900431438,0.2718605964167433,-1.3919893864598871
CV-G,gfold_1,G+E normalized-reference,W478,ME2,1.5837391560832192,0.26552110991232447,1.3182180461708948
CV-G,gfold_1,G+E normalized-reference,W478,ME3,2.3682859943896455,0.28778606174535626,2.0804999326442895
CV-G,gfold_1,G+E normalized-reference,W478,ME4,1.8565836219939622,0.25840223987443645,1.5981813821195257
CV-G,gfold_1,G+E normalized-reference,W479,ME1,-1.7023491156835893,0.2286894007438422,-1.9310385164274315
CV-G,gfold_1,G+E normalized-reference,W479,ME2,-0.8799205488002311,0.22234991423942332,-1.1022704630396545
CV-G,gfold_1,G+E normalized-reference,W479,ME3,-1.1343204785461969,0.24461486607245517,-1.378935344618652
CV-G,gfold_1,G+E normalized-reference,W479,ME4,-0.5541042932449943,0.21523104420153535,-0.7693353374465297
CV-G,gfold_1,G+E normalized-reference,W480,ME1,-0.5553938055574061,0.13007144669911275,-0.6854652522565189
CV-G,gfold_1,G+E normalized-reference,W480,ME2,0.7247982195811928,0.12373196019469389,0.6010662593864989
CV-G,gfold_1,G+E normalized-reference,W480,ME3,-0.04519129689711931,0.14599691202772572,-0.19118820892484503
CV-G,gfold_1,G+E normalized-reference,W480,ME4,0.0719907909733504,0.11661309015680589,-0.04462229918345549
CV-G,gfold_1,G+E normalized-reference,W481,ME1,-0.6238692356593067,0.04480486372890182,-0.6686740993882085
CV-G,gfold_1,G+E normalized-reference,W481,ME2,0.6685995523338926,0.038465377224482955,0.6301341751094096
CV-G,gfold_1,G+E normalized-reference,W481,ME3,0.558971999611405,0.06073032905751477,0.49824167055389024
CV-G,gfold_1,G+E normalized-reference,W481,ME4,0.3609976915615497,0.03134650718659496,0.3296511843749548
CV-G,gfold_1,G+E normalized-reference,W483,ME1,0.06985169815491646,0.25091793324987427,-0.1810662350949578
CV-G,gfold_1,G+E normalized-reference,W483,ME2,1.4315977190758915,0.2445784467454554,1.187019272330436
CV-G,gfold_1,G+E normalized-reference,W483,ME3,0.6017874530003112,0.2668433985784872,0.334944054421824
CV-G,gfold_1,G+E normalized-reference,W483,ME4,0.624060208728226,0.23745957670756743,0.38660063202065853
CV-G,gfold_1,G+E normalized-reference,W486,ME1,0.2621904508566996,0.34476223131515377,-0.08257178045845415
CV-G,gfold_1,G+E normalized-reference,W486,ME2,2.429908818879724,0.3384227448107349,2.0914860740689893
CV-G,gfold_1,G+E normalized-reference,W486,ME3,2.0737977753317973,0.3606876966437667,1.7131100786880307
CV-G,gfold_1,G+E normalized-reference,W486,ME4,0.5986350276432176,0.3313038747728469,0.26733115287037074
CV-G,gfold_1,G+E normalized-reference,W492,ME1,0.4626162756435408,0.16669802595045335,0.29591824969308744
CV-G,gfold_1,G+E normalized-reference,W492,ME2,1.6708407616377905,0.16035853944603448,1.510482222191756
CV-G,gfold_1,G+E normalized-reference,W492,ME3,-0.4861169820041824,0.18262349127906632,-0.6687404732832487
CV-G,gfold_1,G+E normalized-reference,W492,ME4,1.3253216312099565,0.1532396694081465,1.17208196180181
CV-G,gfold_1,G+E normalized-reference,W493,ME1,0.414558055730206,-0.5014227878070614,0.9159808435372674
CV-G,gfold_1,G+E normalized-reference,W493,ME2,-0.22233918389812937,-0.5077622743114804,0.285423090413351
CV-G,gfold_1,G+E normalized-reference,W493,ME3,-1.0674493117519623,-0.4854973224784485,-0.5819519892735139
CV-G,gfold_1,G+E normalized-reference,W493,ME4,0.9141055139894508,-0.5148811443493683,1.428986658338819
CV-G,gfold_1,G+E normalized-reference,W494,ME1,-1.7667606495413364,-0.4439823332184351,-1.3227783163229012
CV-G,gfold_1,G+E normalized-reference,W494,ME2,0.07548210911883936,-0.45032181972285396,0.5258039288416934
CV-G,gfold_1,G+E normalized-reference,W494,ME3,-0.10884433630110421,-0.42805686788982217,0.319212531588718
CV-G,gfold_1,G+E normalized-reference,W494,ME4,1.2643546901799998,-0.457440689760742,1.7217953799407417
CV-G,gfold_1,G+E normalized-reference,W496,ME1,0.07713250625566485,-0.09786333073375394,0.17499583698941878
CV-G,gfold_1,G+E normalized-reference,W496,ME2,-0.30151095498638586,-0.1042028172381728,-0.19730813774821304
CV-G,gfold_1,G+E normalized-reference,W496,ME3,0.6887191251799566,-0.08193786540514099,0.7706569905850976
CV-G,gfold_1,G+E normalized-reference,W496,ME4,1.191587696047471,-0.1113216872760608,1.3029093833235317
CV-G,gfold_1,G+E normalized-reference,W497,ME1,0.07669272590058679,-0.037129611148611304,0.11382233704919809
CV-G,gfold_1,G+E normalized-reference,W497,ME2,1.2973158134843144,-0.04346909765303017,1.3407849111373444
CV-G,gfold_1,G+E normalized-reference,W497,ME3,1.222260996203249,-0.02120414581999835,1.2434651420232472
CV-G,gfold_1,G+E normalized-reference,W497,ME4,0.670481617633745,-0.05058796769091817,0.7210695853246631
CV-G,gfold_1,G+E normalized-reference,W498,ME1,0.7280318640142522,0.009650731658865049,0.7183811323553871
CV-G,gfold_1,G+E normalized-reference,W498,ME2,0.4544687070284439,0.0033112451544461815,0.4511574618739977
CV-G,gfold_1,G+E normalized-reference,W498,ME3,-1.779542350498295,0.025576196987478,-1.805118547485773
CV-G,gfold_1,G+E normalized-reference,W498,ME4,-0.9874887768941991,-0.003807624883441812,-0.9836811520107573
CV-G,gfold_1,G+E normalized-reference,W504,ME1,0.22973628946801242,0.056758433092134526,0.1729778563758779
CV-G,gfold_1,G+E normalized-reference,W504,ME2,-0.6235204581631704,0.05041894658771566,-0.673939404750886
CV-G,gfold_1,G+E normalized-reference,W504,ME3,-1.4609223992778704,0.07268389842074748,-1.5336062976986178
CV-G,gfold_1,G+E normalized-reference,W504,ME4,-0.29521899487662834,0.04330007654982766,-0.338519071426456
CV-G,gfold_1,G+E normalized-reference,W505,ME1,0.7185847304607064,-0.40204134675342235,1.1206260772141288
CV-G,gfold_1,G+E normalized-reference,W505,ME2,-0.0927531579346486,-0.4083808332578412,0.3156276753231926
CV-G,gfold_1,G+E normalized-reference,W505,ME3,-0.44593684553327567,-0.3861158814248094,-0.05982096410846627
CV-G,gfold_1,G+E normalized-reference,W505,ME4,0.15842224659865833,-0.4154997032957292,0.5739219498943875
CV-G,gfold_1,G+E normalized-reference,W515,ME1,-0.08609930220441896,-0.2277047390415861,0.14160543683716714
CV-G,gfold_1,G+E normalized-reference,W515,ME2,0.9101272479223992,-0.23404422554600499,1.144171473468404
CV-G,gfold_1,G+E normalized-reference,W515,ME3,0.34541841743903756,-0.21177927371297314,0.5571976911520107
CV-G,gfold_1,G+E normalized-reference,W515,ME4,0.3683923915058278,-0.24116309558389296,0.6095554870897207
CV-G,gfold_1,G+E normalized-reference,W518,ME1,-0.1406564984761391,0.45312131064646133,-0.5937778091226005
CV-G,gfold_1,G+E normalized-reference,W518,ME2,1.545222817246839,0.4467818241420425,1.0984409931047965
CV-G,gfold_1,G+E normalized-reference,W518,ME3,0.7390435424794451,0.46904677597507427,0.2699967665043709
CV-G,gfold_1,G+E normalized-reference,W518,ME4,0.5383682230973467,0.43966295410415446,0.09870526899319221
CV-G,gfold_1,G+E normalized-reference,W520,ME1,-1.0631446577378398,0.48821279317575034,-1.5513574509135901
CV-G,gfold_1,G+E normalized-reference,W520,ME2,1.0143162860859474,0.4818733066713315,0.5324429794146159
CV-G,gfold_1,G+E normalized-reference,W520,ME3,1.273995983776153,0.5041382585043633,0.7698577252717896
CV-G,gfold_1,G+E normalized-reference,W520,ME4,1.9184709671659197,0.47475443663344347,1.4437165305324762
CV-G,gfold_1,G+E normalized-reference,W533,ME1,0.21659988738019506,0.16271538785609685,0.05388449952409821
CV-G,gfold_1,G+E normalized-reference,W533,ME2,0.7705798816157614,0.15637590135167798,0.6142039802640834
CV-G,gfold_1,G+E normalized-reference,W533,ME3,0.5911110408709809,0.17864085318470982,0.4124701876862711
CV-G,gfold_1,G+E normalized-reference,W533,ME4,0.058782598200538355,0.14925703131379,-0.09047443311325165
CV-G,gfold_1,G+E normalized-reference,W545,ME1,-1.5147176415972805,0.22853886367581552,-1.743256505273096
CV-G,gfold_1,G+E normalized-reference,W545,ME2,0.3687910541912884,0.22219937717139665,0.14659167701989173
CV-G,gfold_1,G+E normalized-reference,W545,ME3,1.910298321544253,0.2444643290044285,1.6658339925398247
CV-G,gfold_1,G+E normalized-reference,W545,ME4,1.5691893953297815,0.21508050713350868,1.3541088881962728
CV-G,gfold_1,G+E normalized-reference,W549,ME1,-1.4492473772550856,-0.20929795190096376,-1.239949425354122
CV-G,gfold_1,G+E normalized-reference,W549,ME2,0.5536770750204113,-0.21563743840538263,0.7693145134257939
CV-G,gfold_1,G+E normalized-reference,W549,ME3,-0.4345509250029448,-0.1933724865723508,-0.241178438430594
CV-G,gfold_1,G+E normalized-reference,W549,ME4,2.5931744034647943,-0.2227563084432706,2.8159307119080648
CV-G,gfold_1,G+E normalized-reference,W551,ME1,-1.219258539710167,0.2483661379220233,-1.4676246776321902
CV-G,gfold_1,G+E normalized-reference,W551,ME2,0.6877817776071544,0.24202665141760443,0.44575512618955
CV-G,gfold_1,G+E normalized-reference,W551,ME3,0.9346060187693153,0.2642916032506363,0.670314415518679
CV-G,gfold_1,G+E normalized-reference,W551,ME4,1.9749145545065567,0.23490778137971646,1.7400067731268403
CV-G,gfold_1,G+E normalized-reference,W552,ME1,-2.126582420802298,-0.21053261828476244,-1.9160498025175354
CV-G,gfold_1,G+E normalized-reference,W552,ME2,0.4156485916123478,-0.2168721047891813,0.6325206964015291
CV-G,gfold_1,G+E normalized-reference,W552,ME3,0.24379823205297826,-0.19460715295614947,0.43840538500912773
CV-G,gfold_1,G+E normalized-reference,W552,ME4,1.7448135190063983,-0.22399097482706928,1.9688044938334675
CV-G,gfold_1,G+E normalized-reference,W553,ME1,-2.045141614306222,0.5418085718748719,-2.586950186181094
CV-G,gfold_1,G+E normalized-reference,W553,ME2,0.10633441799615763,0.5354690853704529,-0.4291346673742953
CV-G,gfold_1,G+E normalized-reference,W553,ME3,-0.00769715651571153,0.5577340372034848,-0.5654311937191964
CV-G,gfold_1,G+E normalized-reference,W553,ME4,0.7691457949753856,0.528350215332565,0.2407955796428206
CV-G,gfold_1,G+E normalized-reference,W564,ME1,-1.8422725653244976,0.35990809240689176,-2.202180657731389
CV-G,gfold_1,G+E normalized-reference,W564,ME2,1.0479532136106535,0.3535686059024729,0.6943846077081806
CV-G,gfold_1,G+E normalized-reference,W564,ME3,0.18802580381724174,0.3758335577355047,-0.18780775391826296
CV-G,gfold_1,G+E normalized-reference,W564,ME4,1.4563022206485077,0.3464497358645849,1.1098524847839228
CV-G,gfold_1,G+E normalized-reference,W565,ME1,-2.001456765701728,-0.13698927426665042,-1.8644674914350774
CV-G,gfold_1,G+E normalized-reference,W565,ME2,0.2028467688431519,-0.1433287607710693,0.34617552961422116
CV-G,gfold_1,G+E normalized-reference,W565,ME3,0.39330178797794274,-0.12106380893803746,0.5143655969159802
CV-G,gfold_1,G+E normalized-reference,W565,ME4,0.9561766366511554,-0.15044763080895726,1.1066242674601126
CV-G,gfold_1,G+E normalized-reference,W567,ME1,-1.8052577187720307,-0.016832593935951663,-1.788425124836079
CV-G,gfold_1,G+E normalized-reference,W567,ME2,-0.09448721591052203,-0.02317208044037053,-0.0713151354701515
CV-G,gfold_1,G+E normalized-reference,W567,ME3,0.12111240438009135,-0.0009071286073387107,0.12201953298743007
CV-G,gfold_1,G+E normalized-reference,W567,ME4,1.2716313895932525,-0.030290950478258524,1.301922340071511
CV-G,gfold_1,G+E normalized-reference,W579,ME1,-2.015155109354367,-0.0914869061689465,-1.9236682031854204
CV-G,gfold_1,G+E normalized-reference,W579,ME2,0.828594879662607,-0.09782639267336536,0.9264212723359724
CV-G,gfold_1,G+E normalized-reference,W579,ME3,-0.13355043240734935,-0.07556144084033355,-0.0579889915670158
CV-G,gfold_1,G+E normalized-reference,W579,ME4,0.3242837930084128,-0.10494526271125336,0.4292290557196662
CV-G,gfold_1,G+E normalized-reference,W580,ME1,-1.7434441466415098,-0.02525878060250266,-1.7181853660390072
CV-G,gfold_1,G+E normalized-reference,W580,ME2,0.5192807060464169,-0.031598267106921527,0.5508789731533383
CV-G,gfold_1,G+E normalized-reference,W580,ME3,-0.05056328907611873,-0.009333315273889708,-0.04122997380222902
CV-G,gfold_1,G+E normalized-reference,W580,ME4,0.11452604905708998,-0.038717137144809524,0.1532431862018995
CV-G,gfold_1,G+E normalized-reference,W587,ME1,-2.0059034337364126,0.07198277953000051,-2.077886213266413
CV-G,gfold_1,G+E normalized-reference,W587,ME2,-0.060584483878563994,0.06564329302558165,-0.12622777690414566
CV-G,gfold_1,G+E normalized-reference,W587,ME3,0.14319163009691935,0.08790824485861347,0.05528338523830588
CV-G,gfold_1,G+E normalized-reference,W587,ME4,0.7443656834599843,0.058524422987693656,0.6858412604722907
CV-G,gfold_1,G+E normalized-reference,W589,ME1,-0.8414709265361711,0.4002751266892239,-1.241746053225395
CV-G,gfold_1,G+E normalized-reference,W589,ME2,0.6547840466355984,0.39393564018480504,0.2608484064507934
CV-G,gfold_1,G+E normalized-reference,W589,ME3,0.7316528299690309,0.4162005920178368,0.3154522379511941
CV-G,gfold_1,G+E normalized-reference,W589,ME4,2.615987839463101,0.386816770146917,2.229171069316184
CV-G,gfold_1,G+E normalized-reference,W592,ME1,-1.0251036570235235,0.23376453733994235,-1.2588681943634659
CV-G,gfold_1,G+E normalized-reference,W592,ME2,1.052433918161452,0.22742505083552347,0.8250088673259285
CV-G,gfold_1,G+E normalized-reference,W592,ME3,1.9209747336735834,0.24969000266855532,1.671284731005028
CV-G,gfold_1,G+E normalized-reference,W592,ME4,1.7018770591171724,0.2203061807976355,1.481570878319537
CV-G,gfold_1,G+E normalized-reference,W594,ME1,-0.4903714656509386,0.611819643592295,-1.1021911092432335
CV-G,gfold_1,G+E normalized-reference,W594,ME2,0.9528331720873529,0.6054801570878761,0.3473530149994768
CV-G,gfold_1,G+E normalized-reference,W594,ME3,2.9378438632922617,0.627745108920908,2.310098754371354
CV-G,gfold_1,G+E normalized-reference,W594,ME4,1.7915574626967217,0.5983612870499881,1.1931961756467335
CV-G,gfold_1,G+E+normalized-GxE-mixture,W032,ME1,3.2789208050843364,0.7731186330917784,2.505802171992558
CV-G,gfold_1,G+E+normalized-GxE-mixture,W032,ME2,-0.2730255719593472,0.30313031358039066,-0.5761558855397378
CV-G,gfold_1,G+E+normalized-GxE-mixture,W032,ME3,-1.408832657504465,0.09442900448729662,-1.5032616619917616
CV-G,gfold_1,G+E+normalized-GxE-mixture,W032,ME4,0.9739475166236292,0.12558977792845186,0.8483577386951774
CV-G,gfold_1,G+E+normalized-GxE-mixture,W033,ME1,-1.3051134379183305,-0.19975825701894162,-1.105355180899389
CV-G,gfold_1,G+E+normalized-GxE-mixture,W033,ME2,-2.87368218561558,-1.8682534607401908,-1.005428724875389
CV-G,gfold_1,G+E+normalized-GxE-mixture,W033,ME3,-2.228348646773606,-0.9817013919988338,-1.246647254774772
CV-G,gfold_1,G+E+normalized-GxE-mixture,W033,ME4,-1.224803578191063,-1.4215952013509532,0.1967916231598903
CV-G,gfold_1,G+E+normalized-GxE-mixture,W042,ME1,0.28221674517408457,-0.43165300815392155,0.7138697533280061
CV-G,gfold_1,G+E+normalized-GxE-mixture,W042,ME2,1.061629488376578,-0.11410186222623803,1.175731350602816
CV-G,gfold_1,G+E+normalized-GxE-mixture,W042,ME3,1.1875964428972565,0.1610528750246336,1.026543567872623
CV-G,gfold_1,G+E+normalized-GxE-mixture,W042,ME4,-1.6246916444330985,0.7208658328514915,-2.34555747728459
CV-G,gfold_1,G+E+normalized-GxE-mixture,W045,ME1,-0.28018903224586655,-0.5452256633285755,0.2650366310827089
CV-G,gfold_1,G+E+normalized-GxE-mixture,W045,ME2,-0.6089201963006126,-0.38508910442604666,-0.2238310918745659
CV-G,gfold_1,G+E+normalized-GxE-mixture,W045,ME3,-1.45838844070287,0.002174683368784947,-1.460563124071655
CV-G,gfold_1,G+E+normalized-GxE-mixture,W045,ME4,-0.5331867324451682,-0.13814187057418262,-0.39504486187098564
CV-G,gfold_1,G+E+normalized-GxE-mixture,W048,ME1,0.5356442468285734,0.8259515428300815,-0.2903072960015082
CV-G,gfold_1,G+E+normalized-GxE-mixture,W048,ME2,-0.12263085028538062,-0.3142781757808481,0.19164732549546748
CV-G,gfold_1,G+E+normalized-GxE-mixture,W048,ME3,-0.4988627936364293,-0.08143540117796967,-0.41742739245845967
CV-G,gfold_1,G+E+normalized-GxE-mixture,W048,ME4,0.51088983277249,0.2761230850222942,0.2347667477501958
CV-G,gfold_1,G+E+normalized-GxE-mixture,W050,ME1,-0.45643508158402396,0.17622497322382766,-0.6326600548078516
CV-G,gfold_1,G+E+normalized-GxE-mixture,W050,ME2,0.06876105229264243,-0.15380968969914097,0.2225707419917834
CV-G,gfold_1,G+E+normalized-GxE-mixture,W050,ME3,0.4988327160980865,-0.7220008638600467,1.2208335799581331
CV-G,gfold_1,G+E+normalized-GxE-mixture,W050,ME4,-0.43450682169939076,-0.36114553062616683,-0.07336129107322392
CV-G,gfold_1,G+E+normalized-GxE-mixture,W051,ME1,0.5807135891434996,0.5776130310003109,0.0031005581431886586
CV-G,gfold_1,G+E+normalized-GxE-mixture,W051,ME2,0.43938113690259234,0.37845683116554557,0.06092430573704677
CV-G,gfold_1,G+E+normalized-GxE-mixture,W051,ME3,0.6325159239864702,0.6061226631628924,0.026393260823577736
CV-G,gfold_1,G+E+normalized-GxE-mixture,W051,ME4,-0.2958247309358938,0.40724313597416784,-0.7030678669100616
CV-G,gfold_1,G+E+normalized-GxE-mixture,W058,ME1,0.03071124655290282,0.4414222057588332,-0.41071095920593037
CV-G,gfold_1,G+E+normalized-GxE-mixture,W058,ME2,0.23106001868419593,0.07018851282674766,0.16087150585744825
CV-G,gfold_1,G+E+normalized-GxE-mixture,W058,ME3,-0.17704160808292188,-0.23798063348438567,0.06093902540146379
CV-G,gfold_1,G+E+normalized-GxE-mixture,W058,ME4,-1.814806233319674,-0.43752282942966575,-1.3772834038900081
CV-G,gfold_1,G+E+normalized-GxE-mixture,W060,ME1,0.2574668840799267,0.3977935432653084,-0.14032665918538173
CV-G,gfold_1,G+E+normalized-GxE-mixture,W060,ME2,-2.3790959417668787,-0.5746024856859764,-1.8044934560809023
CV-G,gfold_1,G+E+normalized-GxE-mixture,W060,ME3,-1.3131081490695713,-0.616125984866727,-0.6969821642028443
CV-G,gfold_1,G+E+normalized-GxE-mixture,W060,ME4,0.6133850940214327,-0.20089185145246247,0.8142769454738952
CV-G,gfold_1,G+E+normalized-GxE-mixture,W061,ME1,0.14228515145252696,0.7492132844934066,-0.6069281330408797
CV-G,gfold_1,G+E+normalized-GxE-mixture,W061,ME2,0.19935333817642859,-0.29731443637746674,0.4966677745538953
CV-G,gfold_1,G+E+normalized-GxE-mixture,W061,ME3,3.0579703928043984,-0.07551641264605045,3.133486805450449
CV-G,gfold_1,G+E+normalized-GxE-mixture,W061,ME4,-0.7652544434624218,0.3038058600145025,-1.0690603034769244
CV-G,gfold_1,G+E+normalized-GxE-mixture,W064,ME1,0.502253516165182,0.3994144787519408,0.10283903741324119
CV-G,gfold_1,G+E+normalized-GxE-mixture,W064,ME2,-0.0993033404347555,0.3965134166398929,-0.49581675707464845
CV-G,gfold_1,G+E+normalized-GxE-mixture,W064,ME3,-0.6407644738363967,0.255141811144262,-0.8959062849806587
CV-G,gfold_1,G+E+normalized-GxE-mixture,W064,ME4,0.021297762844700634,0.41272210828535216,-0.3914243454406515
CV-G,gfold_1,G+E+normalized-GxE-mixture,W066,ME1,1.2391462215029736,0.9378596896736359,0.30128653182933773
CV-G,gfold_1,G+E+normalized-GxE-mixture,W066,ME2,-0.9564849042459331,-0.5530734433933029,-0.40341146085263024
CV-G,gfold_1,G+E+normalized-GxE-mixture,W066,ME3,-0.9555328080228224,-0.6197583714218958,-0.33577443660092654
CV-G,gfold_1,G+E+normalized-GxE-mixture,W066,ME4,-0.458563196624501,-0.19616242563888395,-0.2624007709856171
CV-G,gfold_1,G+E+normalized-GxE-mixture,W068,ME1,0.702777069919819,-0.17283817043372268,0.8756152403535418
CV-G,gfold_1,G+E+normalized-GxE-mixture,W068,ME2,0.5612082027258494,-0.44634224189595073,1.0075504446218
CV-G,gfold_1,G+E+normalized-GxE-mixture,W068,ME3,-0.7319869825363742,0.002459925597158189,-0.7344469081335324
CV-G,gfold_1,G+E+normalized-GxE-mixture,W068,ME4,-0.83802143759495,-0.2580258418839509,-0.579995595710999
CV-G,gfold_1,G+E+normalized-GxE-mixture,W069,ME1,0.5606872948261147,-0.37439390825220953,0.9350812030783242
CV-G,gfold_1,G+E+normalized-GxE-mixture,W069,ME2,-0.12619389641828938,0.3434062963994295,-0.46960019281771886
CV-G,gfold_1,G+E+normalized-GxE-mixture,W069,ME3,-0.40510632636145155,0.08104996781697311,-0.48615629417842465
CV-G,gfold_1,G+E+normalized-GxE-mixture,W069,ME4,0.10106612181808877,-0.00902671554800728,0.11009283736609606
CV-G,gfold_1,G+E+normalized-GxE-mixture,W076,ME1,1.7062011026773198,-0.3272782169361618,2.0334793196134817
CV-G,gfold_1,G+E+normalized-GxE-mixture,W076,ME2,-0.30518791733668793,0.27121112304416645,-0.5763990403808543
CV-G,gfold_1,G+E+normalized-GxE-mixture,W076,ME3,-0.6796185053197205,0.040670510982348376,-0.7202890163020689
CV-G,gfold_1,G+E+normalized-GxE-mixture,W076,ME4,0.06664930026891967,-0.10368228802159023,0.1703315882905099
CV-G,gfold_1,G+E+normalized-GxE-mixture,W081,ME1,1.3097065362511746,1.3189879028183704,-0.009281366567195803
CV-G,gfold_1,G+E+normalized-GxE-mixture,W081,ME2,0.2438945791771601,0.13545089001584612,0.10844368916131397
CV-G,gfold_1,G+E+normalized-GxE-mixture,W081,ME3,1.3987765505377063,0.027569244122146386,1.3712073064155599
CV-G,gfold_1,G+E+normalized-GxE-mixture,W081,ME4,-0.28706909153378485,0.04294306105536384,-0.3300121525891487
CV-G,gfold_1,G+E+normalized-GxE-mixture,W104,ME1,0.5123928965739414,0.4078843932746968,0.1045085032992446
CV-G,gfold_1,G+E+normalized-GxE-mixture,W104,ME2,-0.5399818987415089,-0.3746789604570317,-0.16530293828447723
CV-G,gfold_1,G+E+normalized-GxE-mixture,W104,ME3,0.5294429356840787,-0.14392179078423897,0.6733647264683177
CV-G,gfold_1,G+E+normalized-GxE-mixture,W104,ME4,-0.1326378632293884,-0.3463715823920816,0.2137337191626932
CV-G,gfold_1,G+E+normalized-GxE-mixture,W106,ME1,1.448050034246058,-0.24633899401135612,1.694389028257414
CV-G,gfold_1,G+E+normalized-GxE-mixture,W106,ME2,0.41126914592145514,0.13059507334951917,0.280674072571936
CV-G,gfold_1,G+E+normalized-GxE-mixture,W106,ME3,0.009373277751200794,0.8719344422243598,-0.862561164473159
CV-G,gfold_1,G+E+normalized-GxE-mixture,W106,ME4,-0.20606566033566145,0.3562388536155288,-0.5623045139511903
CV-G,gfold_1,G+E+normalized-GxE-mixture,W115,ME1,0.004397721974021596,0.9664535647583496,-0.9620558427843281
CV-G,gfold_1,G+E+normalized-GxE-mixture,W115,ME2,-2.239232141523036,-0.03423626825207793,-2.204995873270958
CV-G,gfold_1,G+E+normalized-GxE-mixture,W115,ME3,-2.160573701420955,-0.5123005939907167,-1.6482731074302381
CV-G,gfold_1,G+E+normalized-GxE-mixture,W115,ME4,-0.6033262480868572,0.07261892718382386,-0.6759451752706811
CV-G,gfold_1,G+E+normalized-GxE-mixture,W123,ME1,-0.12899417498590277,0.47559276389336946,-0.6045869388792722
CV-G,gfold_1,G+E+normalized-GxE-mixture,W123,ME2,-2.261382517127264,-0.2787771040326055,-1.9826054130946584
CV-G,gfold_1,G+E+normalized-GxE-mixture,W123,ME3,-2.0254292440876536,-0.0963193188406205,-1.9291099252470332
CV-G,gfold_1,G+E+normalized-GxE-mixture,W123,ME4,-1.205136823020109,-0.6886217975816565,-0.5165150254384524
CV-G,gfold_1,G+E+normalized-GxE-mixture,W126,ME1,0.7035507575815313,0.6203071395628882,0.0832436180186431
CV-G,gfold_1,G+E+normalized-GxE-mixture,W126,ME2,-0.7164381194835368,0.39834139801860263,-1.1147795175021393
CV-G,gfold_1,G+E+normalized-GxE-mixture,W126,ME3,-1.0076225497962263,0.35210392674138286,-1.3597264765376091
CV-G,gfold_1,G+E+normalized-GxE-mixture,W126,ME4,-0.11498498378793998,0.15736331076459972,-0.2723482945525397
CV-G,gfold_1,G+E+normalized-GxE-mixture,W129,ME1,0.3675992867045699,0.2998502026058306,0.06774908409873931
CV-G,gfold_1,G+E+normalized-GxE-mixture,W129,ME2,-0.7055021626137922,-0.13411198651657172,-0.5713901760972204
CV-G,gfold_1,G+E+normalized-GxE-mixture,W129,ME3,-1.0066174128948104,-0.37404424878038484,-0.6325731641144257
CV-G,gfold_1,G+E+normalized-GxE-mixture,W129,ME4,0.25807762840091447,-0.3358243235168576,0.5939019519177721
CV-G,gfold_1,G+E+normalized-GxE-mixture,W136,ME1,1.2001116429494054,-0.05809714675349963,1.258208789702905
CV-G,gfold_1,G+E+normalized-GxE-mixture,W136,ME2,-0.5954780826482163,-0.5198045555761817,-0.07567352707203467
CV-G,gfold_1,G+E+normalized-GxE-mixture,W136,ME3,-0.12334702587868498,-0.44846627184036264,0.3251192459616776
CV-G,gfold_1,G+E+normalized-GxE-mixture,W136,ME4,-0.7200209065692281,-0.6754769819885574,-0.04454392458067069
CV-G,gfold_1,G+E+normalized-GxE-mixture,W137,ME1,1.2593842619172477,0.04905840247034788,1.2103258594468997
CV-G,gfold_1,G+E+normalized-GxE-mixture,W137,ME2,-0.7298422610634676,-0.3726960934953713,-0.3571461675680963
CV-G,gfold_1,G+E+normalized-GxE-mixture,W137,ME3,-1.5665040065695122,-0.37174678696558433,-1.1947572196039278
CV-G,gfold_1,G+E+normalized-GxE-mixture,W137,ME4,-0.313572010802162,-1.0506189352752058,0.7370469244730438
CV-G,gfold_1,G+E+normalized-GxE-mixture,W146,ME1,0.32484286329413,0.6127308674255302,-0.2878880041314002
CV-G,gfold_1,G+E+normalized-GxE-mixture,W146,ME2,-0.3760058324827775,0.24697960552174256,-0.6229854380045201
CV-G,gfold_1,G+E+normalized-GxE-mixture,W146,ME3,-0.9709561692159852,0.1678494478679902,-1.1388056170839753
CV-G,gfold_1,G+E+normalized-GxE-mixture,W146,ME4,-0.22216879946963794,0.2164872017760928,-0.43865600124573073
CV-G,gfold_1,G+E+normalized-GxE-mixture,W147,ME1,-0.13546057502168943,0.3215329228856081,-0.4569934979072975
CV-G,gfold_1,G+E+normalized-GxE-mixture,W147,ME2,-2.2811596382024684,-0.5037501892331953,-1.777409448969273
CV-G,gfold_1,G+E+normalized-GxE-mixture,W147,ME3,-1.0190844890838067,-0.11783637186436184,-0.9012481172194449
CV-G,gfold_1,G+E+normalized-GxE-mixture,W147,ME4,-0.899649181598651,-0.29382616532284345,-0.6058230162758076
CV-G,gfold_1,G+E+normalized-GxE-mixture,W155,ME1,-0.43492656458841156,0.40974235712470924,-0.8446689217131208
CV-G,gfold_1,G+E+normalized-GxE-mixture,W155,ME2,-0.7343672663654739,0.07389241487965895,-0.8082596812451328
CV-G,gfold_1,G+E+normalized-GxE-mixture,W155,ME3,-0.16035971413084232,0.32756110998613147,-0.4879208241169738
CV-G,gfold_1,G+E+normalized-GxE-mixture,W155,ME4,-0.3288255461127541,-0.07727125555122209,-0.251554290561532
CV-G,gfold_1,G+E+normalized-GxE-mixture,W161,ME1,0.9529713715564129,0.1828016776328169,0.770169693923596
CV-G,gfold_1,G+E+normalized-GxE-mixture,W161,ME2,0.17511449858665887,-0.5705195503030539,0.7456340488897127
CV-G,gfold_1,G+E+normalized-GxE-mixture,W161,ME3,-0.05767526614328379,-0.2584294677082412,0.20075420156495744
CV-G,gfold_1,G+E+normalized-GxE-mixture,W161,ME4,0.40682123110987123,0.16426682888406643,0.2425544022258048
CV-G,gfold_1,G+E+normalized-GxE-mixture,W163,ME1,0.926380948235444,0.47593005389698323,0.4504508943384608
CV-G,gfold_1,G+E+normalized-GxE-mixture,W163,ME2,0.6447467621475108,-0.0037611793330606493,0.6485079414805714
CV-G,gfold_1,G+E+normalized-GxE-mixture,W163,ME3,-1.4454399123846235,-0.4149769656338279,-1.0304629467507955
CV-G,gfold_1,G+E+normalized-GxE-mixture,W163,ME4,0.2292304319161596,-0.32933681037064144,0.5585672422868011
CV-G,gfold_1,G+E+normalized-GxE-mixture,W170,ME1,-0.9970391551049749,0.027036938738163326,-1.0240760938431381
CV-G,gfold_1,G+E+normalized-GxE-mixture,W170,ME2,-2.333371237841007,0.09361369026303447,-2.4269849281040416
CV-G,gfold_1,G+E+normalized-GxE-mixture,W170,ME3,-1.0502606260848832,0.1623319744531393,-1.2125926005380225
CV-G,gfold_1,G+E+normalized-GxE-mixture,W170,ME4,-0.9573357078660927,0.2253654975415777,-1.1827012054076704
CV-G,gfold_1,G+E+normalized-GxE-mixture,W171,ME1,-0.48228439356587777,-0.430949490713522,-0.05133490285235576
CV-G,gfold_1,G+E+normalized-GxE-mixture,W171,ME2,-2.0723132396483144,-0.16568912712643427,-1.9066241125218801
CV-G,gfold_1,G+E+normalized-GxE-mixture,W171,ME3,-1.2616181108255835,0.5224365468486392,-1.7840546576742227
CV-G,gfold_1,G+E+normalized-GxE-mixture,W171,ME4,-0.1221515493722353,-0.2497261630125942,0.1275746136403589
CV-G,gfold_1,G+E+normalized-GxE-mixture,W174,ME1,0.5784983992068063,0.02771558902522992,0.5507828101815764
CV-G,gfold_1,G+E+normalized-GxE-mixture,W174,ME2,0.4238758739796326,-0.04747577588788643,0.47135164986751904
CV-G,gfold_1,G+E+normalized-GxE-mixture,W174,ME3,0.47890735517000743,-0.3118251614434797,0.7907325166134871
CV-G,gfold_1,G+E+normalized-GxE-mixture,W174,ME4,-0.026319384775212437,0.29799236972779836,-0.3243117545030108
CV-G,gfold_1,G+E+normalized-GxE-mixture,W175,ME1,-0.26662913796426974,-0.5462875232690099,0.27965838530474013
CV-G,gfold_1,G+E+normalized-GxE-mixture,W175,ME2,-0.9091527159190688,-0.8197078976659006,-0.08944481825316819
CV-G,gfold_1,G+E+normalized-GxE-mixture,W175,ME3,-1.7588905881120498,-0.4385366865174019,-1.320353901594648
CV-G,gfold_1,G+E+normalized-GxE-mixture,W175,ME4,-0.11690445909262505,0.1894615082410249,-0.30636596733364996
CV-G,gfold_1,G+E+normalized-GxE-mixture,W182,ME1,-0.9739343983020377,-0.8160310578974768,-0.1579033404045609
CV-G,gfold_1,G+E+normalized-GxE-mixture,W182,ME2,-1.3916385260091175,-1.2317121655083973,-0.15992636050072018
CV-G,gfold_1,G+E+normalized-GxE-mixture,W182,ME3,-1.8680450769944406,-1.2250401079407134,-0.6430049690537272
CV-G,gfold_1,G+E+normalized-GxE-mixture,W182,ME4,-0.5312200569280725,-0.6880634582471118,0.1568434013190393
CV-G,gfold_1,G+E+normalized-GxE-mixture,W183,ME1,1.2446271877801591,0.2754242906478528,0.9692028971323063
CV-G,gfold_1,G+E+normalized-GxE-mixture,W183,ME2,-0.394137497084525,-0.14930392693743386,-0.24483357014709115
CV-G,gfold_1,G+E+normalized-GxE-mixture,W183,ME3,0.4471484076966806,-0.23560140147047706,0.6827498091671577
CV-G,gfold_1,G+E+normalized-GxE-mixture,W183,ME4,-0.5280733761007202,0.1510134744029761,-0.6790868505036963
CV-G,gfold_1,G+E+normalized-GxE-mixture,W185,ME1,0.6157657122594117,0.3673289660601517,0.24843674619925998
CV-G,gfold_1,G+E+normalized-GxE-mixture,W185,ME2,0.15217303813942173,0.2768222597992647,-0.12464922165984299
CV-G,gfold_1,G+E+normalized-GxE-mixture,W185,ME3,0.20243558158040564,0.4439658690177419,-0.24153028743733623
CV-G,gfold_1,G+E+normalized-GxE-mixture,W185,ME4,0.139022959298029,0.0074108816259480965,0.13161207767208088
CV-G,gfold_1,G+E+normalized-GxE-mixture,W195,ME1,0.5047456048439601,0.7836466013463647,-0.2789009965024045
CV-G,gfold_1,G+E+normalized-GxE-mixture,W195,ME2,-0.34168540765371125,-0.14800161887801586,-0.1936837887756954
CV-G,gfold_1,G+E+normalized-GxE-mixture,W195,ME3,-1.1620081992423568,-0.613671849159357,-0.5483363500829997
CV-G,gfold_1,G+E+normalized-GxE-mixture,W195,ME4,-0.5325337961734922,-0.5197712837669879,-0.012762512406504278
CV-G,gfold_1,G+E+normalized-GxE-mixture,W199,ME1,0.6092911681429728,-0.412224103722068,1.0215152718650409
CV-G,gfold_1,G+E+normalized-GxE-mixture,W199,ME2,0.017074732989860796,0.23473764666238214,-0.21766291367252136
CV-G,gfold_1,G+E+normalized-GxE-mixture,W199,ME3,0.06689413740368748,0.25912634020382386,-0.19223220280013636
CV-G,gfold_1,G+E+normalized-GxE-mixture,W199,ME4,0.572218642097592,0.12313230311326952,0.4490863389843225
CV-G,gfold_1,G+E+normalized-GxE-mixture,W200,ME1,1.0039696045842548,0.7992036753921878,0.20476592919206693
CV-G,gfold_1,G+E+normalized-GxE-mixture,W200,ME2,0.23002211537016914,0.16164422419014982,0.06837789118001933
CV-G,gfold_1,G+E+normalized-GxE-mixture,W200,ME3,0.34821421840012096,-0.2822992440378424,0.6305134624379634
CV-G,gfold_1,G+E+normalized-GxE-mixture,W200,ME4,0.2760845094354399,-0.30279748542345214,0.578881994858892
CV-G,gfold_1,G+E+normalized-GxE-mixture,W209,ME1,0.36454525646096697,0.3757064046965043,-0.011161148235537321
CV-G,gfold_1,G+E+normalized-GxE-mixture,W209,ME2,-0.8098557464246845,0.40605522743599853,-1.215910973860683
CV-G,gfold_1,G+E+normalized-GxE-mixture,W209,ME3,-0.7401547756764563,0.3678559603907267,-1.108010736067183
CV-G,gfold_1,G+E+normalized-GxE-mixture,W209,ME4,-0.27233475855970657,0.5410596087680276,-0.8133943673277342
CV-G,gfold_1,G+E+normalized-GxE-mixture,W210,ME1,0.5902095871809442,0.5353940436528276,0.05481554352811657
CV-G,gfold_1,G+E+normalized-GxE-mixture,W210,ME2,-0.6701754778644194,0.5505283173047248,-1.2207037951691442
CV-G,gfold_1,G+E+normalized-GxE-mixture,W210,ME3,0.48982871662825406,0.3928447866103206,0.09698393001793348
CV-G,gfold_1,G+E+normalized-GxE-mixture,W210,ME4,-0.4280954595136601,0.6159538844704135,-1.0440493439840737
CV-G,gfold_1,G+E+normalized-GxE-mixture,W215,ME1,1.1515729222777444,0.12574887272715948,1.025824049550585
CV-G,gfold_1,G+E+normalized-GxE-mixture,W215,ME2,0.39902948123043197,0.04689298788838363,0.35213649334204833
CV-G,gfold_1,G+E+normalized-GxE-mixture,W215,ME3,0.44175952246051514,-0.13583185280979762,0.5775913752703128
CV-G,gfold_1,G+E+normalized-GxE-mixture,W215,ME4,0.719145036628753,-0.041810950268496835,0.7609559868972497
CV-G,gfold_1,G+E+normalized-GxE-mixture,W224,ME1,0.9583301766238543,0.37238628447608374,0.5859438921477707
CV-G,gfold_1,G+E+normalized-GxE-mixture,W224,ME2,0.4067884413706568,0.36211676254838643,0.044671678822270355
CV-G,gfold_1,G+E+normalized-GxE-mixture,W224,ME3,-0.6646005774985572,0.5185238088459662,-1.1831243863445233
CV-G,gfold_1,G+E+normalized-GxE-mixture,W224,ME4,-1.776786462223186,-0.24508557293316263,-1.5317008892900232
CV-G,gfold_1,G+E+normalized-GxE-mixture,W228,ME1,1.0757026669459995,0.6039670004412766,0.4717356665047229
CV-G,gfold_1,G+E+normalized-GxE-mixture,W228,ME2,-0.6800672027413945,0.18662599194518925,-0.8666931946865838
CV-G,gfold_1,G+E+normalized-GxE-mixture,W228,ME3,0.9277558840882347,0.3470898136691204,0.5806660704191143
CV-G,gfold_1,G+E+normalized-GxE-mixture,W228,ME4,-0.2857789523945702,-0.12107565431223068,-0.16470329808233952
CV-G,gfold_1,G+E+normalized-GxE-mixture,W232,ME1,-0.4672097002834548,0.24714873929392228,-0.7143584395773771
CV-G,gfold_1,G+E+normalized-GxE-mixture,W232,ME2,-0.6741815315094128,-0.5685405029236746,-0.1056410285857382
CV-G,gfold_1,G+E+normalized-GxE-mixture,W232,ME3,0.08056906718010086,-0.3209846390928917,0.4015537062729926
CV-G,gfold_1,G+E+normalized-GxE-mixture,W232,ME4,-0.12411822488933168,0.6102360399900052,-0.7343542648793369
CV-G,gfold_1,G+E+normalized-GxE-mixture,W247,ME1,-1.1563536607725982,0.22918594883834897,-1.3855396096109471
CV-G,gfold_1,G+E+normalized-GxE-mixture,W247,ME2,1.1383204173971626,-0.3325145939524529,1.4708350113496156
CV-G,gfold_1,G+E+normalized-GxE-mixture,W247,ME3,1.4571167234627758,0.05713039428560569,1.3999863291771701
CV-G,gfold_1,G+E+normalized-GxE-mixture,W247,ME4,2.2903063738321063,0.07795647934490081,2.2123498944872053
CV-G,gfold_1,G+E+normalized-GxE-mixture,W250,ME1,0.5522093068698729,0.6586174973006755,-0.10640819043080263
CV-G,gfold_1,G+E+normalized-GxE-mixture,W250,ME2,-0.21156777267572885,0.5513912844640805,-0.7629590571398093
CV-G,gfold_1,G+E+normalized-GxE-mixture,W250,ME3,-0.42974485023902886,0.4238676182643189,-0.8536124685033477
CV-G,gfold_1,G+E+normalized-GxE-mixture,W250,ME4,0.18984972136184178,0.15399411872519211,0.035855602636649664
CV-G,gfold_1,G+E+normalized-GxE-mixture,W257,ME1,0.8522535261627155,0.5673358210584065,0.284917705104309
CV-G,gfold_1,G+E+normalized-GxE-mixture,W257,ME2,0.6658529057589677,0.421267407064689,0.2445854986942787
CV-G,gfold_1,G+E+normalized-GxE-mixture,W257,ME3,0.7868593407896832,0.3767024205654525,0.4101569202242307
CV-G,gfold_1,G+E+normalized-GxE-mixture,W257,ME4,0.7067392474669155,0.4922505955001723,0.21448865196674322
CV-G,gfold_1,G+E+normalized-GxE-mixture,W259,ME1,0.47726747673218567,0.5274856442673964,-0.050218167535210745
CV-G,gfold_1,G+E+normalized-GxE-mixture,W259,ME2,-0.46469593640210755,0.22810280211926137,-0.692798738521369
CV-G,gfold_1,G+E+normalized-GxE-mixture,W259,ME3,-1.1657669044619396,-0.048949059298195846,-1.1168178451637438
CV-G,gfold_1,G+E+normalized-GxE-mixture,W259,ME4,-0.5089336899683482,-0.2495872709333412,-0.259346419035007
CV-G,gfold_1,G+E+normalized-GxE-mixture,W260,ME1,-1.0910788543659937,-0.18432529013617557,-0.9067535642298181
CV-G,gfold_1,G+E+normalized-GxE-mixture,W260,ME2,-1.04520032288024,0.3290914546261455,-1.3742917775063854
CV-G,gfold_1,G+E+normalized-GxE-mixture,W260,ME3,-1.5575675793283468,-0.22820333232303044,-1.3293642470053164
CV-G,gfold_1,G+E+normalized-GxE-mixture,W260,ME4,-0.5241872252789396,0.5437053774366774,-1.067892602715617
CV-G,gfold_1,G+E+normalized-GxE-mixture,W265,ME1,0.26048019392028027,-0.16781371134091094,0.4282939052611912
CV-G,gfold_1,G+E+normalized-GxE-mixture,W265,ME2,0.2681144327306972,-0.46495933420750096,0.7330737669381981
CV-G,gfold_1,G+E+normalized-GxE-mixture,W265,ME3,-1.1188379916529498,-0.23125318176926352,-0.8875848098836863
CV-G,gfold_1,G+E+normalized-GxE-mixture,W265,ME4,-1.0373164677953268,-0.8793069150630466,-0.15800955273228023
CV-G,gfold_1,G+E+normalized-GxE-mixture,W266,ME1,-0.5750128958423102,0.23592709394587189,-0.810939989788182
CV-G,gfold_1,G+E+normalized-GxE-mixture,W266,ME2,-1.267779954309016,-0.9818295472045045,-0.2859504071045115
CV-G,gfold_1,G+E+normalized-GxE-mixture,W266,ME3,-1.1455881476763603,-0.929102807309694,-0.21648534036666633
CV-G,gfold_1,G+E+normalized-GxE-mixture,W266,ME4,-0.2543121441210449,-0.4525594961599178,0.1982473520388729
CV-G,gfold_1,G+E+normalized-GxE-mixture,W278,ME1,2.2798131350711293,0.39783905085466403,1.8819740842164652
CV-G,gfold_1,G+E+normalized-GxE-mixture,W278,ME2,-0.8811546411553238,-0.5829885934821165,-0.2981660476732073
CV-G,gfold_1,G+E+normalized-GxE-mixture,W278,ME3,-1.2455359204029204,-0.14693851128022054,-1.0985974091226998
CV-G,gfold_1,G+E+normalized-GxE-mixture,W278,ME4,-0.7724682092591277,-0.12845664398871623,-0.6440115652704115
CV-G,gfold_1,G+E+normalized-GxE-mixture,W281,ME1,-0.1682486437170095,-0.0002415029987461949,-0.1680071407182633
CV-G,gfold_1,G+E+normalized-GxE-mixture,W281,ME2,-0.09756928245888206,0.1196770295067556,-0.21724631196563765
CV-G,gfold_1,G+E+normalized-GxE-mixture,W281,ME3,0.5104213533144165,0.07719235110740906,0.43322900220700744
CV-G,gfold_1,G+E+normalized-GxE-mixture,W281,ME4,-1.6677303714492135,-0.05808560237332552,-1.609644769075888
CV-G,gfold_1,G+E+normalized-GxE-mixture,W283,ME1,0.918261299827786,-0.4070435985217449,1.3253048983495308
CV-G,gfold_1,G+E+normalized-GxE-mixture,W283,ME2,-0.2911635652398385,-0.11719567746376566,-0.17396788777607283
CV-G,gfold_1,G+E+normalized-GxE-mixture,W283,ME3,-1.7213542150877255,-0.053042564828375965,-1.6683116502593496
CV-G,gfold_1,G+E+normalized-GxE-mixture,W283,ME4,-0.37978604211172917,-0.5797413173717901,0.19995527526006096
CV-G,gfold_1,G+E+normalized-GxE-mixture,W284,ME1,1.0625662648581822,0.05418494315544604,1.0083813217027362
CV-G,gfold_1,G+E+normalized-GxE-mixture,W284,ME2,-0.32454101693603876,-0.1710339605320123,-0.15350705640402645
CV-G,gfold_1,G+E+normalized-GxE-mixture,W284,ME3,-0.1334068414214321,0.004968161815388089,-0.1383750032368202
CV-G,gfold_1,G+E+normalized-GxE-mixture,W284,ME4,1.4590555663724403,-0.5122525156712691,1.9713080820437092
CV-G,gfold_1,G+E+normalized-GxE-mixture,W285,ME1,1.2356279786623419,-0.5753101165458893,1.8109380952082312
CV-G,gfold_1,G+E+normalized-GxE-mixture,W285,ME2,-0.17458930277415685,-0.4257676129284532,0.25117831015429637
CV-G,gfold_1,G+E+normalized-GxE-mixture,W285,ME3,-0.5557332705879994,-0.6087107537870375,0.05297748319903817
CV-G,gfold_1,G+E+normalized-GxE-mixture,W285,ME4,-0.2086852721244325,0.0904210723959612,-0.2991063445203937
CV-G,gfold_1,G+E+normalized-GxE-mixture,W288,ME1,-0.7560069441991898,-0.3965830954093483,-0.3594238487898415
CV-G,gfold_1,G+E+normalized-GxE-mixture,W288,ME2,0.30044132375538307,-0.3318600738243195,0.6323013975797025
CV-G,gfold_1,G+E+normalized-GxE-mixture,W288,ME3,-0.35653034047871324,-0.338911383026634,-0.017618957452079254
CV-G,gfold_1,G+E+normalized-GxE-mixture,W288,ME4,-2.48609552092087,-1.2493306588207187,-1.2367648621001515
CV-G,gfold_1,G+E+normalized-GxE-mixture,W294,ME1,0.08446217884031194,0.046559843901844984,0.03790233493846696
CV-G,gfold_1,G+E+normalized-GxE-mixture,W294,ME2,0.6605937737226507,0.38807775467223793,0.2725160190504128
CV-G,gfold_1,G+E+normalized-GxE-mixture,W294,ME3,0.9711541479493911,0.21898608223465835,0.7521680657147328
CV-G,gfold_1,G+E+normalized-GxE-mixture,W294,ME4,-2.6827630726304075,-0.044623406283305314,-2.638139666347102
CV-G,gfold_1,G+E+normalized-GxE-mixture,W297,ME1,0.12716159368620536,-0.14911741429021205,0.2762790079764174
CV-G,gfold_1,G+E+normalized-GxE-mixture,W297,ME2,-1.2652484828113897,0.03489747356110597,-1.3001459563724957
CV-G,gfold_1,G+E+normalized-GxE-mixture,W297,ME3,-0.6500556552780606,0.03271492936982437,-0.682770584647885
CV-G,gfold_1,G+E+normalized-GxE-mixture,W297,ME4,-1.0464890424070596,-0.4177264194822961,-0.6287626229247636
CV-G,gfold_1,G+E+normalized-GxE-mixture,W298,ME1,1.7541371613809094,-0.06475719272675506,1.8188943541076643
CV-G,gfold_1,G+E+normalized-GxE-mixture,W298,ME2,-0.9044821510059489,-1.0005283674202643,0.09604621641431543
CV-G,gfold_1,G+E+normalized-GxE-mixture,W298,ME3,-0.7041134382113813,-0.5037734112199047,-0.20034002699147657
CV-G,gfold_1,G+E+normalized-GxE-mixture,W298,ME4,0.6656435958616905,-0.8362920609478427,1.5019356568095332
CV-G,gfold_1,G+E+normalized-GxE-mixture,W300,ME1,-0.397260191583976,-0.7614825984190307,0.36422240683505464
CV-G,gfold_1,G+E+normalized-GxE-mixture,W300,ME2,-1.1990568318272115,-1.1991491613015377,9.232947432624705e-05
CV-G,gfold_1,G+E+normalized-GxE-mixture,W300,ME3,-1.1588238579664407,-0.81017950211606,-0.34864435585038067
CV-G,gfold_1,G+E+normalized-GxE-mixture,W300,ME4,-0.6507624615591974,-0.47209558834968635,-0.17866687320951102
CV-G,gfold_1,G+E+normalized-GxE-mixture,W306,ME1,0.22139675088281457,0.07971848714520513,0.14167826373760944
CV-G,gfold_1,G+E+normalized-GxE-mixture,W306,ME2,-1.4221997156642086,-0.8421457240715325,-0.580053991592676
CV-G,gfold_1,G+E+normalized-GxE-mixture,W306,ME3,-0.7049580910697139,-0.33152773645363826,-0.3734303546160756
CV-G,gfold_1,G+E+normalized-GxE-mixture,W306,ME4,-0.13395160247480797,0.11151668103824981,-0.24546828351305777
CV-G,gfold_1,G+E+normalized-GxE-mixture,W322,ME1,0.36149937029801327,0.32616017360457766,0.035339196693435604
CV-G,gfold_1,G+E+normalized-GxE-mixture,W322,ME2,0.8221079839499407,-0.14802591191750392,0.9701338958674446
CV-G,gfold_1,G+E+normalized-GxE-mixture,W322,ME3,0.6480237504654676,-0.25473105864567047,0.902754809111138
CV-G,gfold_1,G+E+normalized-GxE-mixture,W322,ME4,-0.6964208003640836,-0.5745241524813843,-0.12189664788269927
CV-G,gfold_1,G+E+normalized-GxE-mixture,W333,ME1,1.1801097808739682,-0.31789944302335793,1.4980092238973262
CV-G,gfold_1,G+E+normalized-GxE-mixture,W333,ME2,0.18842370998542793,0.1051340491069473,0.08328966087848062
CV-G,gfold_1,G+E+normalized-GxE-mixture,W333,ME3,-1.0495764572696338,0.5307653857678799,-1.5803418430375138
CV-G,gfold_1,G+E+normalized-GxE-mixture,W333,ME4,-0.6665273325042338,-0.7637558696170235,0.09722853711278967
CV-G,gfold_1,G+E+normalized-GxE-mixture,W335,ME1,-1.2333233669920391,0.8741980179068048,-2.107521384898844
CV-G,gfold_1,G+E+normalized-GxE-mixture,W335,ME2,0.5764856332140236,0.2347643862258,0.3417212469882236
CV-G,gfold_1,G+E+normalized-GxE-mixture,W335,ME3,0.2146577084404855,0.2749015561499554,-0.06024384770946986
CV-G,gfold_1,G+E+normalized-GxE-mixture,W335,ME4,-2.0075404339950196,0.0566877738446689,-2.0642282078396885
CV-G,gfold_1,G+E+normalized-GxE-mixture,W338,ME1,0.3426295354328722,-0.0484347221978021,0.3910642576306743
CV-G,gfold_1,G+E+normalized-GxE-mixture,W338,ME2,0.33145184960130375,-0.4232055220432984,0.7546573716446021
CV-G,gfold_1,G+E+normalized-GxE-mixture,W338,ME3,0.6649590402750464,0.003975238356926317,0.66098380191812
CV-G,gfold_1,G+E+normalized-GxE-mixture,W338,ME4,-2.2632082512174176,-0.7403729374462742,-1.5228353137711435
CV-G,gfold_1,G+E+normalized-GxE-mixture,W355,ME1,0.36082341160409537,0.4307868666500892,-0.06996345504599383
CV-G,gfold_1,G+E+normalized-GxE-mixture,W355,ME2,-0.9454666745525154,0.19728763313200934,-1.1427543076845248
CV-G,gfold_1,G+E+normalized-GxE-mixture,W355,ME3,-0.1772527712975054,0.22361483373265684,-0.4008676050301623
CV-G,gfold_1,G+E+normalized-GxE-mixture,W355,ME4,-0.17507085418623797,0.16636903234786987,-0.34143988653410784
CV-G,gfold_1,G+E+normalized-GxE-mixture,W360,ME1,1.1992076499972983,0.4260052576758566,0.7732023923214417
CV-G,gfold_1,G+E+normalized-GxE-mixture,W360,ME2,-0.7609983465205008,-0.22989801181560668,-0.5311003347048942
CV-G,gfold_1,G+E+normalized-GxE-mixture,W360,ME3,-0.7399520589904557,-0.07520071207138682,-0.6647513469190689
CV-G,gfold_1,G+E+normalized-GxE-mixture,W360,ME4,0.5098120945891214,-0.33542176009199315,0.8452338546811144
CV-G,gfold_1,G+E+normalized-GxE-mixture,W361,ME1,1.7077566220813938,0.368782037412667,1.3389745846687267
CV-G,gfold_1,G+E+normalized-GxE-mixture,W361,ME2,0.3831001968316201,0.15578554319519106,0.22731465363642905
CV-G,gfold_1,G+E+normalized-GxE-mixture,W361,ME3,-0.20830221036983157,0.3528255517901267,-0.5611277621599583
CV-G,gfold_1,G+E+normalized-GxE-mixture,W361,ME4,-0.545380120651159,0.2253288644424585,-0.7707089850936175
CV-G,gfold_1,G+E+normalized-GxE-mixture,W375,ME1,-1.4323891303103982,-0.4896196864676741,-0.9427694438427241
CV-G,gfold_1,G+E+normalized-GxE-mixture,W375,ME2,0.38901751145732083,0.36224585228748374,0.026771659169837092
CV-G,gfold_1,G+E+normalized-GxE-mixture,W375,ME3,-0.08121574130502755,0.2464263498244514,-0.32764209112947895
CV-G,gfold_1,G+E+normalized-GxE-mixture,W375,ME4,-1.647505080431404,-0.9470489607337965,-0.7004561196976075
CV-G,gfold_1,G+E+normalized-GxE-mixture,W386,ME1,0.5493588786425111,0.48010625507005844,0.06925262357245265
CV-G,gfold_1,G+E+normalized-GxE-mixture,W386,ME2,-0.4948394332600915,0.09078557758283155,-0.5856250108429231
CV-G,gfold_1,G+E+normalized-GxE-mixture,W386,ME3,-2.209377743575444,-0.3060939886242527,-1.9032837549511912
CV-G,gfold_1,G+E+normalized-GxE-mixture,W386,ME4,-0.765907379734098,-0.43289968063059797,-0.3330076991035
CV-G,gfold_1,G+E+normalized-GxE-mixture,W388,ME1,0.0873126070676752,-0.07122198377672861,0.1585345908444038
CV-G,gfold_1,G+E+normalized-GxE-mixture,W388,ME2,-0.38628993544188317,-0.12137684509310931,-0.26491309034877386
CV-G,gfold_1,G+E+normalized-GxE-mixture,W388,ME3,-0.816367803083855,0.03295012861500836,-0.8493179316988634
CV-G,gfold_1,G+E+normalized-GxE-mixture,W388,ME4,-0.5011849884309924,-0.4509280523596715,-0.05025693607132087
CV-G,gfold_1,G+E+normalized-GxE-mixture,W405,ME1,1.4818398248612796,0.08436372607325332,1.3974760987880264
CV-G,gfold_1,G+E+normalized-GxE-mixture,W405,ME2,1.9187097933278512,0.6999842183148284,1.2187255750130228
CV-G,gfold_1,G+E+normalized-GxE-mixture,W405,ME3,0.5428306834886591,0.524765367230835,0.01806531625782415
CV-G,gfold_1,G+E+normalized-GxE-mixture,W405,ME4,1.6132429269127186,0.8457364006933737,0.7675065262193449
CV-G,gfold_1,G+E+normalized-GxE-mixture,W411,ME1,-1.530232115234783,-0.8576510211389359,-0.6725810940958472
CV-G,gfold_1,G+E+normalized-GxE-mixture,W411,ME2,-0.7556063122305567,-0.5988207192091829,-0.15678559302137385
CV-G,gfold_1,G+E+normalized-GxE-mixture,W411,ME3,1.849060989315101,-0.6731911173540669,2.522252106669168
CV-G,gfold_1,G+E+normalized-GxE-mixture,W411,ME4,1.4066161303846103,0.17978117001373445,1.226834960370876
CV-G,gfold_1,G+E+normalized-GxE-mixture,W412,ME1,-0.336269171599065,-0.41323412578953794,0.07696495419047295
CV-G,gfold_1,G+E+normalized-GxE-mixture,W412,ME2,0.02449194447790443,0.6633569186643933,-0.6388649741864888
CV-G,gfold_1,G+E+normalized-GxE-mixture,W412,ME3,0.33839935218628936,0.3680788594751739,-0.02967950728888452
CV-G,gfold_1,G+E+normalized-GxE-mixture,W412,ME4,0.20503245635381828,0.034660722085388396,0.1703717342684299
CV-G,gfold_1,G+E+normalized-GxE-mixture,W415,ME1,-0.01355183177771391,-0.7224390929204716,0.7088872611427577
CV-G,gfold_1,G+E+normalized-GxE-mixture,W415,ME2,1.83232332847136,-0.10506341321586161,1.9373867416872217
CV-G,gfold_1,G+E+normalized-GxE-mixture,W415,ME3,1.9449882144359945,0.17133871520406252,1.773649499231932
CV-G,gfold_1,G+E+normalized-GxE-mixture,W415,ME4,-0.07298466144485104,-0.5132082999809799,0.4402236385361289
CV-G,gfold_1,G+E+normalized-GxE-mixture,W417,ME1,-0.03804922637173485,0.2572431986724161,-0.29529242504415093
CV-G,gfold_1,G+E+normalized-GxE-mixture,W417,ME2,1.5770497426507435,-0.008120145787373106,1.5851698884381167
CV-G,gfold_1,G+E+normalized-GxE-mixture,W417,ME3,1.1736427776775933,0.2697040696595356,0.9039387080180576
CV-G,gfold_1,G+E+normalized-GxE-mixture,W417,ME4,0.7372856515984407,-0.23413026027267714,0.9714159118711179
CV-G,gfold_1,G+E+normalized-GxE-mixture,W419,ME1,-1.6789837482998657,-0.4996459740423164,-1.1793377742575493
CV-G,gfold_1,G+E+normalized-GxE-mixture,W419,ME2,-0.012062503947815505,0.8375683134247343,-0.8496308173725498
CV-G,gfold_1,G+E+normalized-GxE-mixture,W419,ME3,-0.5403605885663361,0.3493585246186391,-0.8897191131849751
CV-G,gfold_1,G+E+normalized-GxE-mixture,W419,ME4,-0.26471192425544493,-0.09560530308099875,-0.1691066211744462
CV-G,gfold_1,G+E+normalized-GxE-mixture,W435,ME1,-0.8796096562182832,0.04645246971229806,-0.9260621259305813
CV-G,gfold_1,G+E+normalized-GxE-mixture,W435,ME2,0.4319765827720364,0.5694019446411827,-0.13742536186914628
CV-G,gfold_1,G+E+normalized-GxE-mixture,W435,ME3,-0.03741204407187156,0.1659111937389869,-0.20332323781085848
CV-G,gfold_1,G+E+normalized-GxE-mixture,W435,ME4,0.004502353928706192,0.49667219702596604,-0.49216984309725986
CV-G,gfold_1,G+E+normalized-GxE-mixture,W437,ME1,-0.704397905122626,-1.1276747839743848,0.4232768788517588
CV-G,gfold_1,G+E+normalized-GxE-mixture,W437,ME2,0.3079471367458448,-0.4713602630064688,0.7793073997523137
CV-G,gfold_1,G+E+normalized-GxE-mixture,W437,ME3,-0.02109335084887578,0.1493462133820534,-0.17043956423092918
CV-G,gfold_1,G+E+normalized-GxE-mixture,W437,ME4,-0.19450160829514038,0.5728047974839343,-0.7673064057790747
CV-G,gfold_1,G+E+normalized-GxE-mixture,W438,ME1,0.5673328646361946,0.34240162125440343,0.22493124338179116
CV-G,gfold_1,G+E+normalized-GxE-mixture,W438,ME2,0.1924614070241416,-0.6571446506928301,0.8496060577169717
CV-G,gfold_1,G+E+normalized-GxE-mixture,W438,ME3,-1.3403313106936483,-0.5825065470318312,-0.7578247636618171
CV-G,gfold_1,G+E+normalized-GxE-mixture,W438,ME4,-0.8563744535204845,-0.7059566656933192,-0.1504177878271653
CV-G,gfold_1,G+E+normalized-GxE-mixture,W440,ME1,-1.6469042146210608,0.544155926242758,-2.1910601408638186
CV-G,gfold_1,G+E+normalized-GxE-mixture,W440,ME2,0.16898200888365905,-0.19716978330891988,0.36615179219257893
CV-G,gfold_1,G+E+normalized-GxE-mixture,W440,ME3,1.692327204922804,-0.6274212220270624,2.3197484269498663
CV-G,gfold_1,G+E+normalized-GxE-mixture,W440,ME4,1.0853872181243212,-0.048204453610770095,1.1335916717350913
CV-G,gfold_1,G+E+normalized-GxE-mixture,W445,ME1,-0.5518348423135264,-0.07929914177323515,-0.47253570054029126
CV-G,gfold_1,G+E+normalized-GxE-mixture,W445,ME2,0.4856247924854782,-0.3312860717588048,0.816910864244283
CV-G,gfold_1,G+E+normalized-GxE-mixture,W445,ME3,0.6847999359172923,-0.4127326957216736,1.0975326316389657
CV-G,gfold_1,G+E+normalized-GxE-mixture,W445,ME4,-0.2175353119513613,-1.281372164445635,1.0638368524942738
CV-G,gfold_1,G+E+normalized-GxE-mixture,W457,ME1,-0.3174482012178212,0.3455746787350742,-0.6630228799528954
CV-G,gfold_1,G+E+normalized-GxE-mixture,W457,ME2,1.459304674617408,0.7021796663581074,0.7571250082593007
CV-G,gfold_1,G+E+normalized-GxE-mixture,W457,ME3,1.705774078427467,0.6313046384536232,1.074469439973844
CV-G,gfold_1,G+E+normalized-GxE-mixture,W457,ME4,0.3464757595433167,0.19229425155688945,0.15418150798642727
CV-G,gfold_1,G+E+normalized-GxE-mixture,W462,ME1,0.1336687141252414,0.07154705216323876,0.06212166196200264
CV-G,gfold_1,G+E+normalized-GxE-mixture,W462,ME2,1.8385444196767766,0.7254156099066308,1.1131288097701457
CV-G,gfold_1,G+E+normalized-GxE-mixture,W462,ME3,1.0706880407753672,0.8903487625900984,0.18033927818526874
CV-G,gfold_1,G+E+normalized-GxE-mixture,W462,ME4,0.5163650574120837,1.2904847596774305,-0.7741197022653468
CV-G,gfold_1,G+E+normalized-GxE-mixture,W463,ME1,0.15286431221636598,0.17358478813625638,-0.020720475919890402
CV-G,gfold_1,G+E+normalized-GxE-mixture,W463,ME2,1.6161989493615307,0.9721470087857323,0.6440519405757984
CV-G,gfold_1,G+E+normalized-GxE-mixture,W463,ME3,0.7807862867382699,0.906602683307539,-0.12581639656926913
CV-G,gfold_1,G+E+normalized-GxE-mixture,W463,ME4,0.18464983129464213,1.408545808675616,-1.2238959773809739
CV-G,gfold_1,G+E+normalized-GxE-mixture,W472,ME1,-0.246480682437141,-0.355279849850905,0.108799167413764
CV-G,gfold_1,G+E+normalized-GxE-mixture,W472,ME2,1.0721414237704705,0.7565198628742619,0.31562156089620863
CV-G,gfold_1,G+E+normalized-GxE-mixture,W472,ME3,0.9859862521417206,0.9430330297066307,0.04295322243508992
CV-G,gfold_1,G+E+normalized-GxE-mixture,W472,ME4,0.7454355549412843,0.9124275565529216,-0.1669920016116373
CV-G,gfold_1,G+E+normalized-GxE-mixture,W478,ME1,-1.1201287900431438,-1.7557062797897094,0.6355774897465656
CV-G,gfold_1,G+E+normalized-GxE-mixture,W478,ME2,1.5837391560832192,0.5066972994138711,1.0770418566693483
CV-G,gfold_1,G+E+normalized-GxE-mixture,W478,ME3,2.3682859943896455,1.2065250265505834,1.1617609678390621
CV-G,gfold_1,G+E+normalized-GxE-mixture,W478,ME4,1.8565836219939622,1.176053371585749,0.6805302504082131
CV-G,gfold_1,G+E+normalized-GxE-mixture,W479,ME1,-1.7023491156835893,0.29969098578319797,-2.002040101466787
CV-G,gfold_1,G+E+normalized-GxE-mixture,W479,ME2,-0.8799205488002311,0.5109257949150662,-1.3908463437152974
CV-G,gfold_1,G+E+normalized-GxE-mixture,W479,ME3,-1.1343204785461969,-0.2145919324911898,-0.9197285460550071
CV-G,gfold_1,G+E+normalized-GxE-mixture,W479,ME4,-0.5541042932449943,0.35770289944222955,-0.9118071926872239
CV-G,gfold_1,G+E+normalized-GxE-mixture,W480,ME1,-0.5553938055574061,-0.7160145142045822,0.16062070864717604
CV-G,gfold_1,G+E+normalized-GxE-mixture,W480,ME2,0.7247982195811928,0.5331777777625145,0.19162044181867832
CV-G,gfold_1,G+E+normalized-GxE-mixture,W480,ME3,-0.04519129689711931,0.1420210105306806,-0.18721230742779993
CV-G,gfold_1,G+E+normalized-GxE-mixture,W480,ME4,0.0719907909733504,0.7141456329741163,-0.6421548420007659
CV-G,gfold_1,G+E+normalized-GxE-mixture,W481,ME1,-0.6238692356593067,-0.8233780111057261,0.19950877544641932
CV-G,gfold_1,G+E+normalized-GxE-mixture,W481,ME2,0.6685995523338926,0.306503578845849,0.36209597348804357
CV-G,gfold_1,G+E+normalized-GxE-mixture,W481,ME3,0.558971999611405,0.14769348557717585,0.4112785140342291
CV-G,gfold_1,G+E+normalized-GxE-mixture,W481,ME4,0.3609976915615497,0.6783127258973789,-0.3173150343358292
CV-G,gfold_1,G+E+normalized-GxE-mixture,W483,ME1,0.06985169815491646,0.6029966616222615,-0.5331449634673451
CV-G,gfold_1,G+E+normalized-GxE-mixture,W483,ME2,1.4315977190758915,0.24011825025252134,1.19147946882337
CV-G,gfold_1,G+E+normalized-GxE-mixture,W483,ME3,0.6017874530003112,-0.0808978355862955,0.6826852885866067
CV-G,gfold_1,G+E+normalized-GxE-mixture,W483,ME4,0.624060208728226,0.142553809009737,0.48150639971848896
CV-G,gfold_1,G+E+normalized-GxE-mixture,W486,ME1,0.2621904508566996,0.17517740854456368,0.08701304231213594
CV-G,gfold_1,G+E+normalized-GxE-mixture,W486,ME2,2.429908818879724,0.28455823824080967,2.1453505806389144
CV-G,gfold_1,G+E+normalized-GxE-mixture,W486,ME3,2.0737977753317973,0.831846117628219,1.2419516577035783
CV-G,gfold_1,G+E+normalized-GxE-mixture,W486,ME4,0.5986350276432176,0.15500041209662543,0.4436346155465922
CV-G,gfold_1,G+E+normalized-GxE-mixture,W492,ME1,0.4626162756435408,-0.2522910595469891,0.71490733519053
CV-G,gfold_1,G+E+normalized-GxE-mixture,W492,ME2,1.6708407616377905,0.9493624151520369,0.7214783464857536
CV-G,gfold_1,G+E+normalized-GxE-mixture,W492,ME3,-0.4861169820041824,0.25412438182348024,-0.7402413638276626
CV-G,gfold_1,G+E+normalized-GxE-mixture,W492,ME4,1.3253216312099565,-0.25740429537602766,1.582725926585984
CV-G,gfold_1,G+E+normalized-GxE-mixture,W493,ME1,0.414558055730206,0.09474008203182713,0.31981797369837883
CV-G,gfold_1,G+E+normalized-GxE-mixture,W493,ME2,-0.22233918389812937,-0.7306241593183146,0.5082849754201852
CV-G,gfold_1,G+E+normalized-GxE-mixture,W493,ME3,-1.0674493117519623,-0.8809529547968089,-0.18649635695515343
CV-G,gfold_1,G+E+normalized-GxE-mixture,W493,ME4,0.9141055139894508,-0.6172545780133326,1.5313600920027834
CV-G,gfold_1,G+E+normalized-GxE-mixture,W494,ME1,-1.7667606495413364,-1.5838036323887092,-0.18295701715262713
CV-G,gfold_1,G+E+normalized-GxE-mixture,W494,ME2,0.07548210911883936,-0.1308592513847625,0.20634136050360186
CV-G,gfold_1,G+E+normalized-GxE-mixture,W494,ME3,-0.10884433630110421,0.1539659476389657,-0.2628102839400699
CV-G,gfold_1,G+E+normalized-GxE-mixture,W494,ME4,1.2643546901799998,-0.45218349096314714,1.716538181143147
CV-G,gfold_1,G+E+normalized-GxE-mixture,W496,ME1,0.07713250625566485,-0.2304943102994528,0.30762681655511764
CV-G,gfold_1,G+E+normalized-GxE-mixture,W496,ME2,-0.30151095498638586,-0.01813303129154524,-0.2833779236948406
CV-G,gfold_1,G+E+normalized-GxE-mixture,W496,ME3,0.6887191251799566,-0.2230912973588161,0.9118104225387726
CV-G,gfold_1,G+E+normalized-GxE-mixture,W496,ME4,1.191587696047471,0.20081960455075135,0.9907680914967196
CV-G,gfold_1,G+E+normalized-GxE-mixture,W497,ME1,0.07669272590058679,-0.036307687791892994,0.11300041369247979
CV-G,gfold_1,G+E+normalized-GxE-mixture,W497,ME2,1.2973158134843144,0.034876547418933236,1.2624392660653811
CV-G,gfold_1,G+E+normalized-GxE-mixture,W497,ME3,1.222260996203249,0.1988452470437724,1.0234157491594764
CV-G,gfold_1,G+E+normalized-GxE-mixture,W497,ME4,0.670481617633745,-0.43021639165169206,1.100698009285437
CV-G,gfold_1,G+E+normalized-GxE-mixture,W498,ME1,0.7280318640142522,-0.06618585791085471,0.794217721925107
CV-G,gfold_1,G+E+normalized-GxE-mixture,W498,ME2,0.4544687070284439,-0.16053201140419837,0.6150007184326423
CV-G,gfold_1,G+E+normalized-GxE-mixture,W498,ME3,-1.779542350498295,0.06163839090624741,-1.8411807414045425
CV-G,gfold_1,G+E+normalized-GxE-mixture,W498,ME4,-0.9874887768941991,0.15378383333192344,-1.1412726102261226
CV-G,gfold_1,G+E+normalized-GxE-mixture,W504,ME1,0.22973628946801242,1.0787593832560094,-0.849023093787997
CV-G,gfold_1,G+E+normalized-GxE-mixture,W504,ME2,-0.6235204581631704,-0.3750170003480112,-0.24850345781515915
CV-G,gfold_1,G+E+normalized-GxE-mixture,W504,ME3,-1.4609223992778704,-0.43162057359366557,-1.0293018256842048
CV-G,gfold_1,G+E+normalized-GxE-mixture,W504,ME4,-0.29521899487662834,-0.1672481394400331,-0.12797085543659523
CV-G,gfold_1,G+E+normalized-GxE-mixture,W505,ME1,0.7185847304607064,0.20050407764137773,0.5180806528193287
CV-G,gfold_1,G+E+normalized-GxE-mixture,W505,ME2,-0.0927531579346486,-0.8422118685083099,0.7494587105736613
CV-G,gfold_1,G+E+normalized-GxE-mixture,W505,ME3,-0.44593684553327567,-0.4751935351364178,0.02925668960314215
CV-G,gfold_1,G+E+normalized-GxE-mixture,W505,ME4,0.15842224659865833,-0.7076277198421443,0.8660499664408027
CV-G,gfold_1,G+E+normalized-GxE-mixture,W515,ME1,-0.08609930220441896,-0.1904861750403033,0.10438687283588434
CV-G,gfold_1,G+E+normalized-GxE-mixture,W515,ME2,0.9101272479223992,-0.23177304389136116,1.1419002918137604
CV-G,gfold_1,G+E+normalized-GxE-mixture,W515,ME3,0.34541841743903756,-0.044189466923194656,0.3896078843622322
CV-G,gfold_1,G+E+normalized-GxE-mixture,W515,ME4,0.3683923915058278,-0.4310910979441959,0.7994834894500238
CV-G,gfold_1,G+E+normalized-GxE-mixture,W518,ME1,-0.1406564984761391,-0.6385222439575571,0.497865745481418
CV-G,gfold_1,G+E+normalized-GxE-mixture,W518,ME2,1.545222817246839,0.8386135167040245,0.7066093005428145
CV-G,gfold_1,G+E+normalized-GxE-mixture,W518,ME3,0.7390435424794451,0.7713464661377021,-0.03230292365825693
CV-G,gfold_1,G+E+normalized-GxE-mixture,W518,ME4,0.5383682230973467,0.9649503253775531,-0.42658210228020643
CV-G,gfold_1,G+E+normalized-GxE-mixture,W520,ME1,-1.0631446577378398,0.07115078314897763,-1.1342954408868176
CV-G,gfold_1,G+E+normalized-GxE-mixture,W520,ME2,1.0143162860859474,0.6417410815144715,0.37257520457147586
CV-G,gfold_1,G+E+normalized-GxE-mixture,W520,ME3,1.273995983776153,0.9258016957051725,0.3481942880709805
CV-G,gfold_1,G+E+normalized-GxE-mixture,W520,ME4,1.9184709671659197,0.4667125627818556,1.4517584043840641
CV-G,gfold_1,G+E+normalized-GxE-mixture,W533,ME1,0.21659988738019506,-0.34821492502077406,0.5648148124009691
CV-G,gfold_1,G+E+normalized-GxE-mixture,W533,ME2,0.7705798816157614,0.6820077882032968,0.08857209341246464
CV-G,gfold_1,G+E+normalized-GxE-mixture,W533,ME3,0.5911110408709809,0.5004619501048053,0.09064909076617556
CV-G,gfold_1,G+E+normalized-GxE-mixture,W533,ME4,0.058782598200538355,-0.09249634457174676,0.1512789427722851
CV-G,gfold_1,G+E+normalized-GxE-mixture,W545,ME1,-1.5147176415972805,0.07718107089534235,-1.591898712492623
CV-G,gfold_1,G+E+normalized-GxE-mixture,W545,ME2,0.3687910541912884,0.3052065930913873,0.06358446109990107
CV-G,gfold_1,G+E+normalized-GxE-mixture,W545,ME3,1.910298321544253,0.06301470143055489,1.8472836201136982
CV-G,gfold_1,G+E+normalized-GxE-mixture,W545,ME4,1.5691893953297815,0.5208913994996751,1.0482979958301064
CV-G,gfold_1,G+E+normalized-GxE-mixture,W549,ME1,-1.4492473772550856,-0.9261584072366333,-0.5230889700184522
CV-G,gfold_1,G+E+normalized-GxE-mixture,W549,ME2,0.5536770750204113,-0.45118415859866734,1.0048612336190788
CV-G,gfold_1,G+E+normalized-GxE-mixture,W549,ME3,-0.4345509250029448,-0.1157513775417011,-0.31879954746124367
CV-G,gfold_1,G+E+normalized-GxE-mixture,W549,ME4,2.5931744034647943,0.5481503153962554,2.045024088068539
CV-G,gfold_1,G+E+normalized-GxE-mixture,W551,ME1,-1.219258539710167,-0.8108876498161521,-0.4083708898940148
CV-G,gfold_1,G+E+normalized-GxE-mixture,W551,ME2,0.6877817776071544,0.6180678533590644,0.06971392424808998
CV-G,gfold_1,G+E+normalized-GxE-mixture,W551,ME3,0.9346060187693153,0.7904434029281067,0.1441626158412086
CV-G,gfold_1,G+E+normalized-GxE-mixture,W551,ME4,1.9749145545065567,0.3918816246953662,1.5830329298111905
CV-G,gfold_1,G+E+normalized-GxE-mixture,W552,ME1,-2.126582420802298,-0.955915130466008,-1.17066729033629
CV-G,gfold_1,G+E+normalized-GxE-mixture,W552,ME2,0.4156485916123478,-0.19810865372544306,0.6137572453377909
CV-G,gfold_1,G+E+normalized-GxE-mixture,W552,ME3,0.24379823205297826,-0.333576044538692,0.5773742765916703
CV-G,gfold_1,G+E+normalized-GxE-mixture,W552,ME4,1.7448135190063983,0.4319662639541741,1.312847255052224
CV-G,gfold_1,G+E+normalized-GxE-mixture,W553,ME1,-2.045141614306222,-0.8645480778172058,-1.1805935364890163
CV-G,gfold_1,G+E+normalized-GxE-mixture,W553,ME2,0.10633441799615763,1.3574620843299836,-1.251127666333826
CV-G,gfold_1,G+E+normalized-GxE-mixture,W553,ME3,-0.00769715651571153,0.714467094168296,-0.7221642506840076
CV-G,gfold_1,G+E+normalized-GxE-mixture,W553,ME4,0.7691457949753856,1.063609178427464,-0.29446338345207834
CV-G,gfold_1,G+E+normalized-GxE-mixture,W564,ME1,-1.8422725653244976,-0.245878139807169,-1.5963944255173286
CV-G,gfold_1,G+E+normalized-GxE-mixture,W564,ME2,1.0479532136106535,0.31275154670010513,0.7352016669105483
CV-G,gfold_1,G+E+normalized-GxE-mixture,W564,ME3,0.18802580381724174,0.15634877284584042,0.031677030971401315
CV-G,gfold_1,G+E+normalized-GxE-mixture,W564,ME4,1.4563022206485077,1.3275668434555368,0.1287353771929709
CV-G,gfold_1,G+E+normalized-GxE-mixture,W565,ME1,-2.001456765701728,-1.4956652428948378,-0.5057915228068901
CV-G,gfold_1,G+E+normalized-GxE-mixture,W565,ME2,0.2028467688431519,-0.0814962068993443,0.2843429757424962
CV-G,gfold_1,G+E+normalized-GxE-mixture,W565,ME3,0.39330178797794274,0.11371762531697537,0.27958416266096736
CV-G,gfold_1,G+E+normalized-GxE-mixture,W565,ME4,0.9561766366511554,0.8242183726381033,0.1319582640130521
CV-G,gfold_1,G+E+normalized-GxE-mixture,W567,ME1,-1.8052577187720307,-1.3211383299032362,-0.48411938886879446
CV-G,gfold_1,G+E+normalized-GxE-mixture,W567,ME2,-0.09448721591052203,0.06255302173308368,-0.1570402376436057
CV-G,gfold_1,G+E+normalized-GxE-mixture,W567,ME3,0.12111240438009135,0.18121481760088934,-0.060102413220797984
CV-G,gfold_1,G+E+normalized-GxE-mixture,W567,ME4,1.2716313895932525,0.9539760639759532,0.31765532561729926
CV-G,gfold_1,G+E+normalized-GxE-mixture,W579,ME1,-2.015155109354367,-1.0074774396803121,-1.0076776696740548
CV-G,gfold_1,G+E+normalized-GxE-mixture,W579,ME2,0.828594879662607,0.2709978205963732,0.5575970590662338
CV-G,gfold_1,G+E+normalized-GxE-mixture,W579,ME3,-0.13355043240734935,-0.17681233059848647,0.04326189819113713
CV-G,gfold_1,G+E+normalized-GxE-mixture,W579,ME4,0.3242837930084128,0.4369196685728618,-0.11263587556444898
CV-G,gfold_1,G+E+normalized-GxE-mixture,W580,ME1,-1.7434441466415098,0.17069177099569618,-1.914135917637206
CV-G,gfold_1,G+E+normalized-GxE-mixture,W580,ME2,0.5192807060464169,0.4635040044824879,0.05577670156392894
CV-G,gfold_1,G+E+normalized-GxE-mixture,W580,ME3,-0.05056328907611873,-0.04766556393741912,-0.002897725138699604
CV-G,gfold_1,G+E+normalized-GxE-mixture,W580,ME4,0.11452604905708998,-0.6134269937888861,0.7279530428459761
CV-G,gfold_1,G+E+normalized-GxE-mixture,W587,ME1,-2.0059034337364126,-1.3509281104291797,-0.6549753233072328
CV-G,gfold_1,G+E+normalized-GxE-mixture,W587,ME2,-0.060584483878563994,0.46291363838208893,-0.523498122260653
CV-G,gfold_1,G+E+normalized-GxE-mixture,W587,ME3,0.14319163009691935,0.44086516290791383,-0.2976735328109945
CV-G,gfold_1,G+E+normalized-GxE-mixture,W587,ME4,0.7443656834599843,0.7807869440724794,-0.036421260612495066
CV-G,gfold_1,G+E+normalized-GxE-mixture,W589,ME1,-0.8414709265361711,-0.05316402463313268,-0.7883069019030384
CV-G,gfold_1,G+E+normalized-GxE-mixture,W589,ME2,0.6547840466355984,0.4407374276546767,0.2140466189809217
CV-G,gfold_1,G+E+normalized-GxE-mixture,W589,ME3,0.7316528299690309,0.18938128013591607,0.5422715498331149
CV-G,gfold_1,G+E+normalized-GxE-mixture,W589,ME4,2.615987839463101,1.1105300391407467,1.5054578003223542
CV-G,gfold_1,G+E+normalized-GxE-mixture,W592,ME1,-1.0251036570235235,-0.8729323338809192,-0.1521713231426043
CV-G,gfold_1,G+E+normalized-GxE-mixture,W592,ME2,1.052433918161452,0.5585584024045046,0.4938755157569473
CV-G,gfold_1,G+E+normalized-GxE-mixture,W592,ME3,1.9209747336735834,0.5777465891381135,1.34322814453547
CV-G,gfold_1,G+E+normalized-GxE-mixture,W592,ME4,1.7018770591171724,0.618822814517444,1.0830542445997282
CV-G,gfold_1,G+E+normalized-GxE-mixture,W594,ME1,-0.4903714656509386,-0.07618102087636913,-0.41419044477456946
CV-G,gfold_1,G+E+normalized-GxE-mixture,W594,ME2,0.9528331720873529,0.6064121973857052,0.3464209747016477
CV-G,gfold_1,G+E+normalized-GxE-mixture,W594,ME3,2.9378438632922617,0.954552848409432,1.9832910148828296
CV-G,gfold_1,G+E+normalized-GxE-mixture,W594,ME4,1.7915574626967217,1.05354073500275,0.7380167276939718
CV-G,gfold_2,G+E normalized-reference,W004,ME1,0.7854394885133357,0.3790326888421672,0.4064067996711685
CV-G,gfold_2,G+E normalized-reference,W004,ME2,0.09394919369402198,0.3655138845533703,-0.2715646908593483
CV-G,gfold_2,G+E normalized-reference,W004,ME3,0.5704677250133174,0.359551179483968,0.21091654552934946
CV-G,gfold_2,G+E normalized-reference,W004,ME4,0.5517573500177323,0.35308817680753696,0.19866917321019534
CV-G,gfold_2,G+E normalized-reference,W006,ME1,2.336096876440566,0.20202447246079944,2.1340724039797663
CV-G,gfold_2,G+E normalized-reference,W006,ME2,0.6264758666133936,0.18850566817200257,0.43797019844139107
CV-G,gfold_2,G+E normalized-reference,W006,ME3,0.07353310887018515,0.1825429631026002,-0.10900985423241506
CV-G,gfold_2,G+E normalized-reference,W006,ME4,0.7195855719445825,0.1760799604261692,0.5435056115184134
CV-G,gfold_2,G+E normalized-reference,W009,ME1,-0.9676390239598921,-0.06298798382101695,-0.9046510401388752
CV-G,gfold_2,G+E normalized-reference,W009,ME2,-1.7892630828199947,-0.07650678810981383,-1.7127562947101809
CV-G,gfold_2,G+E normalized-reference,W009,ME3,-1.9360396320902578,-0.08246949317921617,-1.8535701389110415
CV-G,gfold_2,G+E normalized-reference,W009,ME4,-1.5027577623731856,-0.08893249585564719,-1.4138252665175384
CV-G,gfold_2,G+E normalized-reference,W019,ME1,0.9500232143612553,0.021715883190314637,0.9283073311709407
CV-G,gfold_2,G+E normalized-reference,W019,ME2,-0.8514098510582172,0.008197078901517756,-0.859606929959735
CV-G,gfold_2,G+E normalized-reference,W019,ME3,-0.767698905386699,0.002234373832115416,-0.7699332792188145
CV-G,gfold_2,G+E normalized-reference,W019,ME4,-1.0320693775157166,-0.0042286288443156,-1.027840748671401
CV-G,gfold_2,G+E normalized-reference,W020,ME1,1.8423619870581072,-0.20169562009782344,2.0440576071559304
CV-G,gfold_2,G+E normalized-reference,W020,ME2,0.32309166498039293,-0.2152144243866203,0.5383060893670133
CV-G,gfold_2,G+E normalized-reference,W020,ME3,-0.22068482127299466,-0.22117712945602266,0.0004923081830280063
CV-G,gfold_2,G+E normalized-reference,W020,ME4,0.09811610854244561,-0.22764013213245368,0.3257562406748993
CV-G,gfold_2,G+E normalized-reference,W022,ME1,-0.43795616259006515,-0.10385652527841727,-0.3340996373116479
CV-G,gfold_2,G+E normalized-reference,W022,ME2,-0.862459724145355,-0.11737532956721415,-0.7450843945781408
CV-G,gfold_2,G+E normalized-reference,W022,ME3,-0.9282505206986612,-0.1233380346366165,-0.8049124860620447
CV-G,gfold_2,G+E normalized-reference,W022,ME4,0.3972553213947196,-0.1298010373130475,0.5270563587077671
CV-G,gfold_2,G+E normalized-reference,W023,ME1,1.6509760917923297,-0.19607327346604125,1.847049365258371
CV-G,gfold_2,G+E normalized-reference,W023,ME2,0.221041720232341,-0.20959207775483812,0.43063379798717916
CV-G,gfold_2,G+E normalized-reference,W023,ME3,-0.41496342521819896,-0.21555478282424048,-0.19940864239395847
CV-G,gfold_2,G+E normalized-reference,W023,ME4,0.6959854657394379,-0.2220177855006715,0.9180032512401094
CV-G,gfold_2,G+E normalized-reference,W027,ME1,0.8585733327468119,0.4170383968827139,0.44153493586409803
CV-G,gfold_2,G+E normalized-reference,W027,ME2,8.855924078961156e-05,0.403519592593917,-0.4034310333531274
CV-G,gfold_2,G+E normalized-reference,W027,ME3,0.06547512060168752,0.3975568875245147,-0.33208176692282715
CV-G,gfold_2,G+E normalized-reference,W027,ME4,-0.4499727579658295,0.39109388484808366,-0.8410666428139131
CV-G,gfold_2,G+E normalized-reference,W036,ME1,0.34510533595035325,-0.4463055429111258,0.7914108788614791
CV-G,gfold_2,G+E normalized-reference,W036,ME2,-1.0594208640181544,-0.45982434719992266,-0.5995965168182318
CV-G,gfold_2,G+E normalized-reference,W036,ME3,0.23345123453839747,-0.465787052269325,0.6992382868077225
CV-G,gfold_2,G+E normalized-reference,W036,ME4,-0.8364480971812744,-0.472250054945756,-0.36419804223551844
CV-G,gfold_2,G+E normalized-reference,W037,ME1,-1.4010181316481083,-0.293224109330743,-1.1077940223173652
CV-G,gfold_2,G+E normalized-reference,W037,ME2,-1.4064349769127418,-0.30674291361953987,-1.099692063293202
CV-G,gfold_2,G+E normalized-reference,W037,ME3,-1.7641105427765482,-0.3127056186889422,-1.4514049240876061
CV-G,gfold_2,G+E normalized-reference,W037,ME4,-0.8793216234539528,-0.3191686213653732,-0.5601530020885797
CV-G,gfold_2,G+E normalized-reference,W038,ME1,1.4950495236749437,-0.13561749254860608,1.6306670162235497
CV-G,gfold_2,G+E normalized-reference,W038,ME2,-1.4137319435046494,-0.14913629683740295,-1.2645956466672463
CV-G,gfold_2,G+E normalized-reference,W038,ME3,-1.2334742775859238,-0.1550990019068053,-1.0783752756791185
CV-G,gfold_2,G+E normalized-reference,W038,ME4,-0.03247114579268723,-0.16156200458323633,0.1290908587905491
CV-G,gfold_2,G+E normalized-reference,W039,ME1,0.5656063195384781,0.08170438717074877,0.48390193236772927
CV-G,gfold_2,G+E normalized-reference,W039,ME2,-0.36052588427479415,0.06818558288195188,-0.428711467156746
CV-G,gfold_2,G+E normalized-reference,W039,ME3,-0.8247467594385198,0.062222877812549544,-0.8869696372510694
CV-G,gfold_2,G+E normalized-reference,W039,ME4,-0.41439953121260803,0.05575987513611853,-0.47015940634872655
CV-G,gfold_2,G+E normalized-reference,W043,ME1,1.142190941369396,-0.2016878797761673,1.3438788211455632
CV-G,gfold_2,G+E normalized-reference,W043,ME2,-0.05952126584956081,-0.21520668406496418,0.15568541821540338
CV-G,gfold_2,G+E normalized-reference,W043,ME3,0.4015371533466911,-0.22116938913436654,0.6227065424810576
CV-G,gfold_2,G+E normalized-reference,W043,ME4,0.18150315046728918,-0.22763239181079756,0.40913554227808674
CV-G,gfold_2,G+E normalized-reference,W059,ME1,-0.6702009104749236,-0.22797768230811016,-0.4422232281668134
CV-G,gfold_2,G+E normalized-reference,W059,ME2,-0.12266249367909973,-0.24149648659690703,0.1188339929178073
CV-G,gfold_2,G+E normalized-reference,W059,ME3,0.8378932664901717,-0.2474591916663094,1.085352458156481
CV-G,gfold_2,G+E normalized-reference,W059,ME4,-0.9835554258600077,-0.2539221943427404,-0.7296332315172673
CV-G,gfold_2,G+E normalized-reference,W072,ME1,0.16075592636583644,-0.24224542835376445,0.40300135471960086
CV-G,gfold_2,G+E normalized-reference,W072,ME2,-0.2761899113313803,-0.2557642326425613,-0.020425678688819005
CV-G,gfold_2,G+E normalized-reference,W072,ME3,0.5789395931823991,-0.26172693771196365,0.8406665308943627
CV-G,gfold_2,G+E normalized-reference,W072,ME4,-2.5818096849868675,-0.26818994038839467,-2.3136197445984727
CV-G,gfold_2,G+E normalized-reference,W082,ME1,-1.575635364856345,0.06812776942983277,-1.6437631342861778
CV-G,gfold_2,G+E normalized-reference,W082,ME2,-0.4044722294735835,0.05460896514103589,-0.4590811946146194
CV-G,gfold_2,G+E normalized-reference,W082,ME3,-0.17478638495117227,0.04864626007163355,-0.22343264502280583
CV-G,gfold_2,G+E normalized-reference,W082,ME4,-1.2067730970503319,0.04218325739520253,-1.2489563544455344
CV-G,gfold_2,G+E normalized-reference,W083,ME1,-0.32102345262299814,-0.05246937334792749,-0.26855407927507063
CV-G,gfold_2,G+E normalized-reference,W083,ME2,-0.8237978256978608,-0.06598817763672438,-0.7578096480611364
CV-G,gfold_2,G+E normalized-reference,W083,ME3,-0.2850473690779795,-0.07195088270612672,-0.2130964863718528
CV-G,gfold_2,G+E normalized-reference,W083,ME4,-0.27423850046025544,-0.07841388538255772,-0.19582461507769772
CV-G,gfold_2,G+E normalized-reference,W091,ME1,0.14509485927664081,0.03471795256362928,0.11037690671301154
CV-G,gfold_2,G+E normalized-reference,W091,ME2,-2.283532892731493,0.0211991482748324,-2.3047320410063254
CV-G,gfold_2,G+E normalized-reference,W091,ME3,-0.5492970158075015,0.015236443205430059,-0.5645334590129315
CV-G,gfold_2,G+E normalized-reference,W091,ME4,-0.8183546824239967,0.008773440528999043,-0.8271281229529958
CV-G,gfold_2,G+E normalized-reference,W092,ME1,0.8987806589139243,-0.23977944407628005,1.1385601029902044
CV-G,gfold_2,G+E normalized-reference,W092,ME2,-0.8534983150437588,-0.2532982483650769,-0.600200066678682
CV-G,gfold_2,G+E normalized-reference,W092,ME3,-0.9969630307240622,-0.25926095343447925,-0.737702077289583
CV-G,gfold_2,G+E normalized-reference,W092,ME4,0.10336319882205586,-0.26572395611091026,0.3690871549329661
CV-G,gfold_2,G+E normalized-reference,W095,ME1,0.9078287325156386,-0.4994762730625957,1.4073050055782343
CV-G,gfold_2,G+E normalized-reference,W095,ME2,-0.12277640989649309,-0.5129950773513926,0.3902186674548995
CV-G,gfold_2,G+E normalized-reference,W095,ME3,0.18433467082632615,-0.5189577824207949,0.7032924532471211
CV-G,gfold_2,G+E normalized-reference,W095,ME4,0.011582385790249792,-0.5254207850972259,0.5370031708874757
CV-G,gfold_2,G+E normalized-reference,W101,ME1,1.9633911695919264,0.24385663459609896,1.7195345349958275
CV-G,gfold_2,G+E normalized-reference,W101,ME2,0.13447172369227128,0.2303378303073021,-0.09586610661503081
CV-G,gfold_2,G+E normalized-reference,W101,ME3,0.1008407357800961,0.22437512523789974,-0.12353438945780364
CV-G,gfold_2,G+E normalized-reference,W101,ME4,-0.24015208039795774,0.21791212256146872,-0.45806420295942646
CV-G,gfold_2,G+E normalized-reference,W108,ME1,0.8526281538725978,-0.1321484096234384,0.9847765634960363
CV-G,gfold_2,G+E normalized-reference,W108,ME2,0.22433263317925403,-0.14566721391223528,0.3699998470914893
CV-G,gfold_2,G+E normalized-reference,W108,ME3,-0.22712952258207705,-0.15162991898163763,-0.07549960360043942
CV-G,gfold_2,G+E normalized-reference,W108,ME4,-0.5390867589964545,-0.15809292165806865,-0.3809938373383859
CV-G,gfold_2,G+E normalized-reference,W128,ME1,-0.43034144718268247,-0.36120247027545377,-0.0691389769072287
CV-G,gfold_2,G+E normalized-reference,W128,ME2,-0.5816309335562019,-0.37472127456425064,-0.20690965899195124
CV-G,gfold_2,G+E normalized-reference,W128,ME3,-1.1272845202362811,-0.38068397963365297,-0.7466005406026281
CV-G,gfold_2,G+E normalized-reference,W128,ME4,-0.5459701233062877,-0.387146982310084,-0.1588231409962037
CV-G,gfold_2,G+E normalized-reference,W130,ME1,-0.6770093618979953,0.1185833191996386,-0.7955926810976339
CV-G,gfold_2,G+E normalized-reference,W130,ME2,-0.5809347788943552,0.10506451491084172,-0.6859992938051969
CV-G,gfold_2,G+E normalized-reference,W130,ME3,0.062096509168355345,0.09910180984143938,-0.03700530067308403
CV-G,gfold_2,G+E normalized-reference,W130,ME4,-2.1176742629523604,0.09263880716500836,-2.2103130701173686
CV-G,gfold_2,G+E normalized-reference,W132,ME1,0.35493524129442927,-0.32672710799183813,0.6816623492862675
CV-G,gfold_2,G+E normalized-reference,W132,ME2,-1.0969056282192537,-0.340245912280635,-0.7566597159386188
CV-G,gfold_2,G+E normalized-reference,W132,ME3,0.6356242465051369,-0.34620861735003733,0.9818328638551743
CV-G,gfold_2,G+E normalized-reference,W132,ME4,-0.6911737100844733,-0.35267162002646835,-0.3385020900580049
CV-G,gfold_2,G+E normalized-reference,W133,ME1,0.6006177222511422,-0.29996776985110823,0.9005854921022505
CV-G,gfold_2,G+E normalized-reference,W133,ME2,-1.3169537881504032,-0.3134865741399051,-1.003467214010498
CV-G,gfold_2,G+E normalized-reference,W133,ME3,-0.6892728874904679,-0.31944927920930744,-0.36982360828116045
CV-G,gfold_2,G+E normalized-reference,W133,ME4,-0.5994007637547354,-0.32591228188573845,-0.27348848186899694
CV-G,gfold_2,G+E normalized-reference,W152,ME1,1.0771115928983819,-0.23292532649811235,1.3100369193964942
CV-G,gfold_2,G+E normalized-reference,W152,ME2,0.2734684949481772,-0.24644413078690922,0.5199126257350865
CV-G,gfold_2,G+E normalized-reference,W152,ME3,0.14814129584675167,-0.2524068358563116,0.40054813170306325
CV-G,gfold_2,G+E normalized-reference,W152,ME4,-0.39748612176558745,-0.2588698385327426,-0.13861628323284486
CV-G,gfold_2,G+E normalized-reference,W154,ME1,0.06533173339438465,0.07895774128836942,-0.01362600789398477
CV-G,gfold_2,G+E normalized-reference,W154,ME2,-0.5974652877738541,0.06543893699957254,-0.6629042247734267
CV-G,gfold_2,G+E normalized-reference,W154,ME3,-0.928512363084745,0.0594762319301702,-0.9879885950149152
CV-G,gfold_2,G+E normalized-reference,W154,ME4,-0.8088910398357336,0.053013229253739184,-0.8619042690894728
CV-G,gfold_2,G+E normalized-reference,W157,ME1,0.8671164733482509,0.1442370283685189,0.722879444979732
CV-G,gfold_2,G+E normalized-reference,W157,ME2,0.017365852212088022,0.13071822407972203,-0.113352371867634
CV-G,gfold_2,G+E normalized-reference,W157,ME3,-0.8729510980635914,0.12475551901031967,-0.9977066170739111
CV-G,gfold_2,G+E normalized-reference,W157,ME4,-0.3791331058400538,0.11829251633388865,-0.4974256221739424
CV-G,gfold_2,G+E normalized-reference,W162,ME1,0.32594231418182734,0.190008280908849,0.13593403327297834
CV-G,gfold_2,G+E normalized-reference,W162,ME2,-1.9813384827023757,0.17648947662005213,-2.157827959322428
CV-G,gfold_2,G+E normalized-reference,W162,ME3,-1.273696646699747,0.17052677155064977,-1.4442234182503968
CV-G,gfold_2,G+E normalized-reference,W162,ME4,0.5150513181666635,0.16406376887421875,0.35098754929244474
CV-G,gfold_2,G+E normalized-reference,W172,ME1,-0.6308731450179689,0.14813512282176627,-0.7790082678397352
CV-G,gfold_2,G+E normalized-reference,W172,ME2,-0.7664599962766292,0.1346163185329694,-0.9010763148095986
CV-G,gfold_2,G+E normalized-reference,W172,ME3,-0.585498837315659,0.12865361346356705,-0.7141524507792261
CV-G,gfold_2,G+E normalized-reference,W172,ME4,-0.41822274841784135,0.12219061078713603,-0.5404133592049774
CV-G,gfold_2,G+E normalized-reference,W176,ME1,0.04524028643180243,0.30297785228672464,-0.2577375658549222
CV-G,gfold_2,G+E normalized-reference,W176,ME2,-1.0688759100617886,0.28945904799792777,-1.3583349580597164
CV-G,gfold_2,G+E normalized-reference,W176,ME3,-1.538149010115268,0.28349634292852544,-1.8216453530437935
CV-G,gfold_2,G+E normalized-reference,W176,ME4,-0.6277680914133182,0.2770333402520944,-0.9048014316654127
CV-G,gfold_2,G+E normalized-reference,W178,ME1,0.15653729258933885,-0.34383971921781203,0.5003770118071509
CV-G,gfold_2,G+E normalized-reference,W178,ME2,-0.5449562402343447,-0.3573585235066089,-0.18759771672773584
CV-G,gfold_2,G+E normalized-reference,W178,ME3,-0.06704246634219774,-0.36332122857601123,0.2962787622338135
CV-G,gfold_2,G+E normalized-reference,W178,ME4,-0.6849747488545886,-0.36978423125244225,-0.3151905176021464
CV-G,gfold_2,G+E normalized-reference,W180,ME1,-0.8810593025739135,-1.353024773114482,0.4719654705405685
CV-G,gfold_2,G+E normalized-reference,W180,ME2,-2.949626330544363,-1.3665435774032788,-1.583082753141084
CV-G,gfold_2,G+E normalized-reference,W180,ME3,-2.3006424849183382,-1.3725062824726812,-0.928136202445657
CV-G,gfold_2,G+E normalized-reference,W180,ME4,-1.6784448196663495,-1.3789692851491122,-0.2994755345172373
CV-G,gfold_2,G+E normalized-reference,W188,ME1,0.8868577248428988,0.016742576756056282,0.8701151480868425
CV-G,gfold_2,G+E normalized-reference,W188,ME2,-0.032263646498871555,0.0032237724672593985,-0.03548741896613095
CV-G,gfold_2,G+E normalized-reference,W188,ME3,-0.10903015992993796,-0.0027389326021429426,-0.10629122732779502
CV-G,gfold_2,G+E normalized-reference,W188,ME4,-0.5395194276102152,-0.009201935278573959,-0.5303174923316413
CV-G,gfold_2,G+E normalized-reference,W192,ME1,0.5140054245425649,-0.4434739524909028,0.9574793770334677
CV-G,gfold_2,G+E normalized-reference,W192,ME2,-0.5678280852153964,-0.4569927567796997,-0.11083532843569671
CV-G,gfold_2,G+E normalized-reference,W192,ME3,-1.6528444217483242,-0.462955461849102,-1.1898889598992222
CV-G,gfold_2,G+E normalized-reference,W192,ME4,-1.3559100348627087,-0.46941846452553304,-0.8864915703371756
CV-G,gfold_2,G+E normalized-reference,W203,ME1,0.22288711764169133,0.37790272217375803,-0.1550156045320667
CV-G,gfold_2,G+E normalized-reference,W203,ME2,-1.9441574950809923,0.36438391788496116,-2.3085414129659534
CV-G,gfold_2,G+E normalized-reference,W203,ME3,-1.5355390327830185,0.35842121281555883,-1.8939602455985773
CV-G,gfold_2,G+E normalized-reference,W203,ME4,-0.5941536734751245,0.3519582101391278,-0.9461118836142524
CV-G,gfold_2,G+E normalized-reference,W214,ME1,1.094442196520746,0.4021916731954277,0.6922505233253183
CV-G,gfold_2,G+E normalized-reference,W214,ME2,0.6404116172078261,0.38867286890663083,0.2517387483011953
CV-G,gfold_2,G+E normalized-reference,W214,ME3,0.8081783789340117,0.3827101638372285,0.4254682150967832
CV-G,gfold_2,G+E normalized-reference,W214,ME4,0.7291986818721446,0.3762471611607975,0.35295152071134717
CV-G,gfold_2,G+E normalized-reference,W220,ME1,0.08302067656533246,-0.18816827638110764,0.2711889529464401
CV-G,gfold_2,G+E normalized-reference,W220,ME2,-0.35315930221670117,-0.2016870806699045,-0.15147222154679665
CV-G,gfold_2,G+E normalized-reference,W220,ME3,0.17830384941782781,-0.20764978573930687,0.38595363515713466
CV-G,gfold_2,G+E normalized-reference,W220,ME4,-0.34458255035572233,-0.2141127884157379,-0.13046976193998444
CV-G,gfold_2,G+E normalized-reference,W221,ME1,0.6424864408707738,0.41774800859279543,0.22473843227797835
CV-G,gfold_2,G+E normalized-reference,W221,ME2,-0.3566907049558908,0.40422920430399856,-0.7609199092598893
CV-G,gfold_2,G+E normalized-reference,W221,ME3,0.8762320597299136,0.3982664992345962,0.47796556049531735
CV-G,gfold_2,G+E normalized-reference,W221,ME4,0.0513092312355759,0.3918034965581652,-0.3404942653225893
CV-G,gfold_2,G+E normalized-reference,W237,ME1,1.1157796878227189,0.3806795581417246,0.7351001296809943
CV-G,gfold_2,G+E normalized-reference,W237,ME2,0.48195415881391984,0.36716075385292773,0.11479340496099211
CV-G,gfold_2,G+E normalized-reference,W237,ME3,0.26840296981622275,0.3611980487835254,-0.09279507896730266
CV-G,gfold_2,G+E normalized-reference,W237,ME4,0.8166134752559995,0.3547350461070944,0.4618784291489051
CV-G,gfold_2,G+E normalized-reference,W238,ME1,0.5957231297807281,0.43131956177590197,0.16440356800482608
CV-G,gfold_2,G+E normalized-reference,W238,ME2,-0.18922753670917877,0.4178007574871051,-0.6070282941962839
CV-G,gfold_2,G+E normalized-reference,W238,ME3,0.7495341309799431,0.41183805241770277,0.3376960785622404
CV-G,gfold_2,G+E normalized-reference,W238,ME4,-0.4792998232767549,0.40537504974127175,-0.8846748730180267
CV-G,gfold_2,G+E normalized-reference,W242,ME1,0.06949335860633282,-0.16190689156236984,0.23140025016870266
CV-G,gfold_2,G+E normalized-reference,W242,ME2,0.5003199845291967,-0.1754256958511667,0.6757456803803634
CV-G,gfold_2,G+E normalized-reference,W242,ME3,0.2636222346380582,-0.18138840092056907,0.44501063555862724
CV-G,gfold_2,G+E normalized-reference,W242,ME4,0.2908503092177919,-0.1878514035970001,0.478701712814792
CV-G,gfold_2,G+E normalized-reference,W244,ME1,1.219136215346889,-0.003136248454145261,1.2222724638010343
CV-G,gfold_2,G+E normalized-reference,W244,ME2,0.3642976922830024,-0.016655052742942142,0.38095274502594456
CV-G,gfold_2,G+E normalized-reference,W244,ME3,0.10337469435509486,-0.022617757812344486,0.12599245216743934
CV-G,gfold_2,G+E normalized-reference,W244,ME4,0.48935866921132964,-0.0290807604887755,0.5184394297001051
CV-G,gfold_2,G+E normalized-reference,W270,ME1,-0.37194838892499626,-0.007670691006396942,-0.3642776979185993
CV-G,gfold_2,G+E normalized-reference,W270,ME2,-2.0905081910375016,-0.021189495295193823,-2.0693186957423078
CV-G,gfold_2,G+E normalized-reference,W270,ME3,-0.48957161219476547,-0.027152200364596167,-0.4624194118301693
CV-G,gfold_2,G+E normalized-reference,W270,ME4,-0.5548201631332172,-0.03361520304102718,-0.5212049600921901
CV-G,gfold_2,G+E normalized-reference,W271,ME1,0.40696777256477257,-0.23398822962106755,0.6409560021858401
CV-G,gfold_2,G+E normalized-reference,W271,ME2,-0.8202474369224396,-0.24750703390986442,-0.5727404030125752
CV-G,gfold_2,G+E normalized-reference,W271,ME3,-0.7556372625697024,-0.2534697389792668,-0.5021675235904357
CV-G,gfold_2,G+E normalized-reference,W271,ME4,-0.16506440915525686,-0.2599327416556978,0.09486833250044094
CV-G,gfold_2,G+E normalized-reference,W286,ME1,0.3014530636684557,-0.3133411776025196,0.6147942412709753
CV-G,gfold_2,G+E normalized-reference,W286,ME2,-0.8867618505225658,-0.3268599818913165,-0.5599018686312494
CV-G,gfold_2,G+E normalized-reference,W286,ME3,-2.1155283644860483,-0.3328226869607188,-1.7827056775253296
CV-G,gfold_2,G+E normalized-reference,W286,ME4,0.24955012335878898,-0.33928568963714983,0.5888358129959388
CV-G,gfold_2,G+E normalized-reference,W287,ME1,1.5152875640892192,-0.2902823047582837,1.8055698688475028
CV-G,gfold_2,G+E normalized-reference,W287,ME2,0.01636592097052534,-0.3038011090470806,0.32016703001760594
CV-G,gfold_2,G+E normalized-reference,W287,ME3,-2.1521356193662067,-0.3097638141164829,-1.8423718052497238
CV-G,gfold_2,G+E normalized-reference,W287,ME4,-0.027751124551658162,-0.3162268167929139,0.28847569224125574
CV-G,gfold_2,G+E normalized-reference,W290,ME1,0.14298554238839276,0.15750378047289335,-0.01451823808450059
CV-G,gfold_2,G+E normalized-reference,W290,ME2,-0.22502254368561264,0.14398497618409647,-0.36900751986970914
CV-G,gfold_2,G+E normalized-reference,W290,ME3,-0.5032718815569279,0.13802227111469412,-0.641294152671622
CV-G,gfold_2,G+E normalized-reference,W290,ME4,0.3595816851892409,0.1315592684382631,0.22802241675097779
CV-G,gfold_2,G+E normalized-reference,W293,ME1,0.8461698979174604,0.05391956303239534,0.7922503348850651
CV-G,gfold_2,G+E normalized-reference,W293,ME2,-2.0360815538385406,0.040400758743598456,-2.0764823125821392
CV-G,gfold_2,G+E normalized-reference,W293,ME3,-0.8401025484030156,0.03443805367419612,-0.8745406020772117
CV-G,gfold_2,G+E normalized-reference,W293,ME4,0.6055183919530507,0.0279750509977651,0.5775433409552856
CV-G,gfold_2,G+E normalized-reference,W304,ME1,1.3452798805286592,0.008103245224287417,1.3371766353043717
CV-G,gfold_2,G+E normalized-reference,W304,ME2,-1.4753606171143565,-0.005415559064509464,-1.469945058049847
CV-G,gfold_2,G+E normalized-reference,W304,ME3,0.19459720305507383,-0.011378264133911804,0.20597546718898563
CV-G,gfold_2,G+E normalized-reference,W304,ME4,0.7707191353890623,-0.017841266810342822,0.7885604021994052
CV-G,gfold_2,G+E normalized-reference,W317,ME1,-0.29379779101136066,-0.2874375111177553,-0.006360279893605381
CV-G,gfold_2,G+E normalized-reference,W317,ME2,0.9552127552951211,-0.30095631540655216,1.2561690707016733
CV-G,gfold_2,G+E normalized-reference,W317,ME3,1.2256058215222476,-0.3069190204759545,1.532524841998202
CV-G,gfold_2,G+E normalized-reference,W317,ME4,-1.8528260044161615,-0.3133820231523855,-1.539443981263776
CV-G,gfold_2,G+E normalized-reference,W320,ME1,-0.21795196792156646,0.06754442772631737,-0.2854963956478838
CV-G,gfold_2,G+E normalized-reference,W320,ME2,-0.7185329121478228,0.05402562343752049,-0.7725585355853433
CV-G,gfold_2,G+E normalized-reference,W320,ME3,0.17673279510132764,0.04806291836811815,0.12866987673320948
CV-G,gfold_2,G+E normalized-reference,W320,ME4,-1.312100371043892,0.04159991569168713,-1.3537002867355792
CV-G,gfold_2,G+E normalized-reference,W325,ME1,0.17486147405095656,-0.33075053591310033,0.5056120099640569
CV-G,gfold_2,G+E normalized-reference,W325,ME2,-0.41129454515968505,-0.3442693402018972,-0.06702520495778785
CV-G,gfold_2,G+E normalized-reference,W325,ME3,-0.1120117845198536,-0.35023204527129953,0.23822026075144592
CV-G,gfold_2,G+E normalized-reference,W325,ME4,0.04828841764131719,-0.35669504794773055,0.40498346558904774
CV-G,gfold_2,G+E normalized-reference,W328,ME1,0.7714153816347115,-0.04487938807076373,0.8162947697054752
CV-G,gfold_2,G+E normalized-reference,W328,ME2,0.7744340469708973,-0.05839819235956061,0.8328322393304579
CV-G,gfold_2,G+E normalized-reference,W328,ME3,1.1924363037755052,-0.06436089742896295,1.2567972012044681
CV-G,gfold_2,G+E normalized-reference,W328,ME4,-0.8026212782872341,-0.07082390010539397,-0.7317973781818401
CV-G,gfold_2,G+E normalized-reference,W334,ME1,0.7888355701442222,-0.04775566956774559,0.8365912397119678
CV-G,gfold_2,G+E normalized-reference,W334,ME2,0.23763551589927928,-0.06127447385654247,0.2989099897558217
CV-G,gfold_2,G+E normalized-reference,W334,ME3,-0.5649906659153311,-0.06723717892594482,-0.49775348698938626
CV-G,gfold_2,G+E normalized-reference,W334,ME4,0.3459172236964618,-0.07370018160237582,0.4196174052988376
CV-G,gfold_2,G+E normalized-reference,W337,ME1,-0.6706406908300031,-0.23352783110581343,-0.4371128597241897
CV-G,gfold_2,G+E normalized-reference,W337,ME2,0.05425572061124421,-0.2470466353946103,0.30130235600585453
CV-G,gfold_2,G+E normalized-reference,W337,ME3,0.42424142217868743,-0.25300934046401263,0.6772507626427
CV-G,gfold_2,G+E normalized-reference,W337,ME4,-1.6994253140827222,-0.25947234314044365,-1.4399529709422785
CV-G,gfold_2,G+E normalized-reference,W339,ME1,0.6585221356698515,-0.09727198747650267,0.7557941231463542
CV-G,gfold_2,G+E normalized-reference,W339,ME2,-0.15685001625454117,-0.11079079176529956,-0.046059224489241615
CV-G,gfold_2,G+E normalized-reference,W339,ME3,-0.05215968297836793,-0.1167534968347019,0.06459381385633398
CV-G,gfold_2,G+E normalized-reference,W339,ME4,0.5779849347137154,-0.12321649951113292,0.7012014342248483
CV-G,gfold_2,G+E normalized-reference,W352,ME1,-0.7664965200758838,0.008860482825802414,-0.7753570029016862
CV-G,gfold_2,G+E normalized-reference,W352,ME2,-0.10218921794204906,-0.004658321462994468,-0.0975308964790546
CV-G,gfold_2,G+E normalized-reference,W352,ME3,1.5962648353445779,-0.01062102653239681,1.6068858618769746
CV-G,gfold_2,G+E normalized-reference,W352,ME4,-1.491941047029161,-0.017084029208827824,-1.474857017820333
CV-G,gfold_2,G+E normalized-reference,W356,ME1,-0.11187531746042761,0.16261761053663143,-0.27449292799705904
CV-G,gfold_2,G+E normalized-reference,W356,ME2,-0.8903185679767308,0.14909880624783456,-1.0394173742245654
CV-G,gfold_2,G+E normalized-reference,W356,ME3,-0.28544435592139683,0.1431361011784322,-0.42858045709982906
CV-G,gfold_2,G+E normalized-reference,W356,ME4,-0.4883071971450517,0.13667309850200118,-0.6249802956470529
CV-G,gfold_2,G+E normalized-reference,W362,ME1,1.1535112134723502,-0.053832515157675564,1.2073437286300257
CV-G,gfold_2,G+E normalized-reference,W362,ME2,-0.969844745074655,-0.06735131944647245,-0.9024934256281826
CV-G,gfold_2,G+E normalized-reference,W362,ME3,-1.239505098994422,-0.07331402451587479,-1.1661910744785473
CV-G,gfold_2,G+E normalized-reference,W362,ME4,0.12958291681597156,-0.07977702719230581,0.20935994400827737
CV-G,gfold_2,G+E normalized-reference,W366,ME1,1.1668104971731592,-0.10817059856250878,1.274981095735668
CV-G,gfold_2,G+E normalized-reference,W366,ME2,0.5991802751902414,-0.12168940285130567,0.7208696780415471
CV-G,gfold_2,G+E normalized-reference,W366,ME3,-0.010653441519878112,-0.127652107920708,0.11699866640082988
CV-G,gfold_2,G+E normalized-reference,W366,ME4,-0.8742082671095057,-0.13411511059713901,-0.7400931565123667
CV-G,gfold_2,G+E normalized-reference,W368,ME1,1.0881712544205484,-0.11632240851563705,1.2044936629361855
CV-G,gfold_2,G+E normalized-reference,W368,ME2,-0.7045275460872065,-0.12984121280443392,-0.5746863332827725
CV-G,gfold_2,G+E normalized-reference,W368,ME3,-1.1813423031696024,-0.13580391787383628,-1.045538385295766
CV-G,gfold_2,G+E normalized-reference,W368,ME4,-1.0803158613011001,-0.1422669205502673,-0.9380489407508328
CV-G,gfold_2,G+E normalized-reference,W374,ME1,-0.8595589296589503,-0.20196529491772425,-0.6575936347412261
CV-G,gfold_2,G+E normalized-reference,W374,ME2,0.4668033019006278,-0.21548409920652112,0.6822874011071489
CV-G,gfold_2,G+E normalized-reference,W374,ME3,0.5852491500341488,-0.22144680427592348,0.8066959543100722
CV-G,gfold_2,G+E normalized-reference,W374,ME4,-0.7082208534666563,-0.2279098069523545,-0.4803110465143018
CV-G,gfold_2,G+E normalized-reference,W378,ME1,-0.09864118640481433,0.0017656768061580057,-0.10040686321097234
CV-G,gfold_2,G+E normalized-reference,W378,ME2,-0.5151165199560768,-0.011753127482638875,-0.5033633924734379
CV-G,gfold_2,G+E normalized-reference,W378,ME3,-0.9245678342363294,-0.01771583255204122,-0.9068520016842881
CV-G,gfold_2,G+E normalized-reference,W378,ME4,-0.30022221739211963,-0.024178835228472233,-0.2760433821636474
CV-G,gfold_2,G+E normalized-reference,W381,ME1,-0.47157492751164415,-0.337373067643248,-0.13420185986839617
CV-G,gfold_2,G+E normalized-reference,W381,ME2,-0.8907742328463031,-0.35089187193204485,-0.5398823609142582
CV-G,gfold_2,G+E normalized-reference,W381,ME3,-0.852772341278013,-0.3568545770014472,-0.49591776427656586
CV-G,gfold_2,G+E normalized-reference,W381,ME4,-0.09855144316709136,-0.3633175796778782,0.26476613651078684
CV-G,gfold_2,G+E normalized-reference,W383,ME1,0.03905078513810063,0.2046215697549948,-0.16557078461689417
CV-G,gfold_2,G+E normalized-reference,W383,ME2,0.4160029976220155,0.19110276546619792,0.22490023215581756
CV-G,gfold_2,G+E normalized-reference,W383,ME3,-0.3379564241239671,0.18514006039679556,-0.5230964845207626
CV-G,gfold_2,G+E normalized-reference,W383,ME4,0.6185692506844961,0.17867705772036455,0.4398921929641315
CV-G,gfold_2,G+E normalized-reference,W384,ME1,-1.1003631063065464,-0.02853854023787076,-1.0718245660686756
CV-G,gfold_2,G+E normalized-reference,W384,ME2,-1.605009929865278,-0.042057344526667644,-1.5629525853386104
CV-G,gfold_2,G+E normalized-reference,W384,ME3,-1.6143620375226666,-0.04802004959606998,-1.5663419879265965
CV-G,gfold_2,G+E normalized-reference,W384,ME4,-0.05356964074008553,-0.054483052272501,0.0009134115324154687
CV-G,gfold_2,G+E normalized-reference,W390,ME1,0.7458511124755932,0.07865100943389915,0.6672001030416941
CV-G,gfold_2,G+E normalized-reference,W390,ME2,0.043718470502375345,0.06513220514510226,-0.021413734642726917
CV-G,gfold_2,G+E normalized-reference,W390,ME3,-0.8386919781296001,0.059169500075699925,-0.8978614782052999
CV-G,gfold_2,G+E normalized-reference,W390,ME4,-0.056598321036412325,0.05270649739926891,-0.10930481843568124
CV-G,gfold_2,G+E normalized-reference,W393,ME1,-0.17097691073462892,0.42849250095078656,-0.5994694116854155
CV-G,gfold_2,G+E normalized-reference,W393,ME2,0.2843285076729935,0.4149736966619897,-0.13064518898899619
CV-G,gfold_2,G+E normalized-reference,W393,ME3,0.3277905122856262,0.40901099159258736,-0.08122047930696114
CV-G,gfold_2,G+E normalized-reference,W393,ME4,0.43542455983050643,0.40254798891615634,0.03287657091435009
CV-G,gfold_2,G+E normalized-reference,W394,ME1,-0.08289053442847352,0.4377937061563541,-0.5206842405848277
CV-G,gfold_2,G+E normalized-reference,W394,ME2,0.03283314306258371,0.42427490186755723,-0.3914417588049735
CV-G,gfold_2,G+E normalized-reference,W394,ME3,0.31778137591437794,0.4183121967981549,-0.10053082088377696
CV-G,gfold_2,G+E normalized-reference,W394,ME4,0.5342460712135143,0.4118491941217239,0.12239687709179042
CV-G,gfold_2,G+E normalized-reference,W399,ME1,1.132841536783646,0.41471685572970907,0.7181246810539369
CV-G,gfold_2,G+E normalized-reference,W399,ME2,2.299487407322027,0.4011980514409122,1.8982893558811147
CV-G,gfold_2,G+E normalized-reference,W399,ME3,0.47372118661984175,0.39523534637150987,0.07848584024833188
CV-G,gfold_2,G+E normalized-reference,W399,ME4,0.7935325713873685,0.38877234369507885,0.4047602276922897
CV-G,gfold_2,G+E normalized-reference,W400,ME1,0.20878971403722194,0.2836300945596478,-0.07484038052242589
CV-G,gfold_2,G+E normalized-reference,W400,ME2,-0.8134757506662899,0.27011129027085096,-1.0835870409371409
CV-G,gfold_2,G+E normalized-reference,W400,ME3,-0.4093295906531172,0.2641485852014486,-0.6734781758545658
CV-G,gfold_2,G+E normalized-reference,W400,ME4,-0.5505328105059495,0.2576855825250176,-0.8082183930309671
CV-G,gfold_2,G+E normalized-reference,W403,ME1,0.7123707969250567,0.10265027603384955,0.6097205208912071
CV-G,gfold_2,G+E normalized-reference,W403,ME2,2.353274847967837,0.08913147174505266,2.2641433762227843
CV-G,gfold_2,G+E normalized-reference,W403,ME3,0.292492469335884,0.08316876667565032,0.2093237026602337
CV-G,gfold_2,G+E normalized-reference,W403,ME4,0.7541990610454606,0.0767057639992193,0.6774932970462413
CV-G,gfold_2,G+E normalized-reference,W407,ME1,0.8491343432739153,0.2893032668271576,0.5598310764467578
CV-G,gfold_2,G+E normalized-reference,W407,ME2,0.37837900248854744,0.27578446253836075,0.10259453995018669
CV-G,gfold_2,G+E normalized-reference,W407,ME3,0.4321051402897683,0.2698217574689584,0.1622833828208099
CV-G,gfold_2,G+E normalized-reference,W407,ME4,0.5189846692008548,0.2633587547925274,0.25562591440832744
CV-G,gfold_2,G+E normalized-reference,W418,ME1,-0.8542327009141062,0.005526453203892306,-0.8597591541179985
CV-G,gfold_2,G+E normalized-reference,W418,ME2,0.5635118417886885,-0.007992351084904575,0.5715041928735931
CV-G,gfold_2,G+E normalized-reference,W418,ME3,-0.4893857885659317,-0.013955056154306917,-0.47543073241162476
CV-G,gfold_2,G+E normalized-reference,W418,ME4,0.11843579998507499,-0.020418058830737933,0.13885385881581291
CV-G,gfold_2,G+E normalized-reference,W421,ME1,-0.7322262287023361,0.05690861067033242,-0.7891348393726685
CV-G,gfold_2,G+E normalized-reference,W421,ME2,0.5014021885944325,0.043389806381535535,0.458012382212897
CV-G,gfold_2,G+E normalized-reference,W421,ME3,0.7517640145259437,0.0374271013121332,0.7143369132138104
CV-G,gfold_2,G+E normalized-reference,W421,ME4,-0.3591359491822277,0.03096409863570218,-0.39010004781792984
CV-G,gfold_2,G+E normalized-reference,W422,ME1,0.18329874160394888,0.1955068234206033,-0.01220808181665442
CV-G,gfold_2,G+E normalized-reference,W422,ME2,1.9038373982792973,0.18198801913180643,1.721849379147491
CV-G,gfold_2,G+E normalized-reference,W422,ME3,0.6236893016168898,0.17602531406240407,0.4476639875544858
CV-G,gfold_2,G+E normalized-reference,W422,ME4,0.3901674228311079,0.16956231138597305,0.22060511144513484
CV-G,gfold_2,G+E normalized-reference,W427,ME1,-0.5985411448390269,0.08819370720909847,-0.6867348520481253
CV-G,gfold_2,G+E normalized-reference,W427,ME2,0.19678389460633755,0.07467490292030159,0.12210899168603596
CV-G,gfold_2,G+E normalized-reference,W427,ME3,0.1611320568079141,0.06871219785089924,0.09241985895701485
CV-G,gfold_2,G+E normalized-reference,W427,ME4,0.17928474048400575,0.06224919517446823,0.11703554530953753
CV-G,gfold_2,G+E normalized-reference,W429,ME1,-1.0413592420001396,0.08206267351081309,-1.1234219155109528
CV-G,gfold_2,G+E normalized-reference,W429,ME2,0.3234523996688045,0.0685438692220162,0.2549085304467883
CV-G,gfold_2,G+E normalized-reference,W429,ME3,-0.037031950285621784,0.06258116415261386,-0.09961311443823564
CV-G,gfold_2,G+E normalized-reference,W429,ME4,-0.19399813936276414,0.05611816147618285,-0.250116300838947
CV-G,gfold_2,G+E normalized-reference,W431,ME1,-1.0437698898724235,-0.02020756987887981,-1.0235623199935437
CV-G,gfold_2,G+E normalized-reference,W431,ME2,0.4575760882917803,-0.033726374167676695,0.491302462459457
CV-G,gfold_2,G+E normalized-reference,W431,ME3,0.0238252881572805,-0.03968907923707903,0.06351436739435953
CV-G,gfold_2,G+E normalized-reference,W431,ME4,-0.40857030497993724,-0.04615208191351005,-0.3624182230664272
CV-G,gfold_2,G+E normalized-reference,W432,ME1,-0.380581114413579,0.11242321007865277,-0.49300432449223175
CV-G,gfold_2,G+E normalized-reference,W432,ME2,1.3095048487453835,0.09890440578985589,1.2106004429555277
CV-G,gfold_2,G+E normalized-reference,W432,ME3,0.6673240682783796,0.09294170072045355,0.574382367557926
CV-G,gfold_2,G+E normalized-reference,W432,ME4,-0.14617645748907251,0.08647869804402253,-0.23265515553309504
CV-G,gfold_2,G+E normalized-reference,W433,ME1,-0.8926564734189554,0.05168208109939611,-0.9443385545183515
CV-G,gfold_2,G+E normalized-reference,W433,ME2,0.43648260203781,0.03816327681059922,0.39831932522721075
CV-G,gfold_2,G+E normalized-reference,W433,ME3,-0.24169978438832343,0.032200571741196886,-0.2739003561295203
CV-G,gfold_2,G+E normalized-reference,W433,ME4,0.502779262939989,0.025737569064765868,0.4770416938752231
CV-G,gfold_2,G+E normalized-reference,W436,ME1,-0.10514016276320107,0.26768101693107427,-0.3728211796942753
CV-G,gfold_2,G+E normalized-reference,W436,ME2,1.712521439846205,0.2541622126422774,1.4583592272039276
CV-G,gfold_2,G+E normalized-reference,W436,ME3,0.3901765724021114,0.24819950757287504,0.14197706482923636
CV-G,gfold_2,G+E normalized-reference,W436,ME4,0.6863487557056707,0.24173650489644402,0.4446122508092266
CV-G,gfold_2,G+E normalized-reference,W443,ME1,-0.16270252479462838,-0.00025663292415147206,-0.1624458918704769
CV-G,gfold_2,G+E normalized-reference,W443,ME2,0.8099252773676141,-0.013775437212948355,0.8237007145805625
CV-G,gfold_2,G+E normalized-reference,W443,ME3,1.6516233836797303,-0.019738142282350695,1.6713615259620809
CV-G,gfold_2,G+E normalized-reference,W443,ME4,-0.8104879803556154,-0.02620114495878171,-0.7842868353968337
CV-G,gfold_2,G+E normalized-reference,W446,ME1,-0.008673527468599925,0.35007115540548306,-0.358744682874083
CV-G,gfold_2,G+E normalized-reference,W446,ME2,1.907792822494339,0.3365523511166862,1.5712404713776529
CV-G,gfold_2,G+E normalized-reference,W446,ME3,0.7195574010376993,0.33058964604728386,0.3889677549904154
CV-G,gfold_2,G+E normalized-reference,W446,ME4,0.17579979146771263,0.32412664337085284,-0.1483268519031402
CV-G,gfold_2,G+E normalized-reference,W449,ME1,0.12509299720120523,-0.5038396446466021,0.6289326418478074
CV-G,gfold_2,G+E normalized-reference,W449,ME2,-1.4031757073595486,-0.5173584489353991,-0.8858172584241495
CV-G,gfold_2,G+E normalized-reference,W449,ME3,-0.9981708843114786,-0.5233211540048014,-0.4748497303066772
CV-G,gfold_2,G+E normalized-reference,W449,ME4,-2.3110613998993825,-0.5297841566812324,-1.7812772432181503
CV-G,gfold_2,G+E normalized-reference,W454,ME1,-1.2862436030531907,0.38325711686538466,-1.6695007199185754
CV-G,gfold_2,G+E normalized-reference,W454,ME2,0.7295257426030093,0.3697383125765878,0.3597874300264215
CV-G,gfold_2,G+E normalized-reference,W454,ME3,1.4784695477214393,0.36377560750718546,1.114693940214254
CV-G,gfold_2,G+E normalized-reference,W454,ME4,1.1902818235041195,0.35731260483075444,0.832969218673365
CV-G,gfold_2,G+E normalized-reference,W456,ME1,0.3544140201328539,0.30780479814654027,0.04660922198631362
CV-G,gfold_2,G+E normalized-reference,W456,ME2,1.2343707746958408,0.2942859938577434,0.9400847808380974
CV-G,gfold_2,G+E normalized-reference,W456,ME3,1.1406084043881837,0.28832328878834107,0.8522851155998425
CV-G,gfold_2,G+E normalized-reference,W456,ME4,0.389742620919416,0.28186028611191005,0.10788233480750598
CV-G,gfold_2,G+E normalized-reference,W464,ME1,-0.8488657517660154,0.42930532211353356,-1.278171073879549
CV-G,gfold_2,G+E normalized-reference,W464,ME2,0.6863768109259724,0.4157865178247367,0.27059029310123567
CV-G,gfold_2,G+E normalized-reference,W464,ME3,1.7880601598862824,0.40982381275533436,1.378236347130948
CV-G,gfold_2,G+E normalized-reference,W464,ME4,0.4570422571144192,0.40336081007890334,0.05368144703551586
CV-G,gfold_2,G+E normalized-reference,W466,ME1,-0.17420196667187293,-0.20971692761148203,0.0355149609396091
CV-G,gfold_2,G+E normalized-reference,W466,ME2,1.461146320131931,-0.2232357319002789,1.68438205203221
CV-G,gfold_2,G+E normalized-reference,W466,ME3,0.38304770227777957,-0.22919843696968126,0.6122461392474609
CV-G,gfold_2,G+E normalized-reference,W466,ME4,0.1882999810543706,-0.23566143964611228,0.42396142070048287
CV-G,gfold_2,G+E normalized-reference,W468,ME1,0.04701569601341622,0.42765380863746705,-0.38063811262405084
CV-G,gfold_2,G+E normalized-reference,W468,ME2,1.0038992808732146,0.4141350043486702,0.5897642765245443
CV-G,gfold_2,G+E normalized-reference,W468,ME3,1.4324106273565322,0.40817229927926785,1.0242383280772644
CV-G,gfold_2,G+E normalized-reference,W468,ME4,0.06763263802746716,0.40170929660283683,-0.33407665857536967
CV-G,gfold_2,G+E normalized-reference,W474,ME1,-0.26507361856019424,0.32282364329340896,-0.5878972618536031
CV-G,gfold_2,G+E normalized-reference,W474,ME2,1.0483076196203214,0.3093048390046121,0.7390027806157093
CV-G,gfold_2,G+E normalized-reference,W474,ME3,0.9011746586364905,0.30334213393520976,0.5978325247012808
CV-G,gfold_2,G+E normalized-reference,W474,ME4,0.7805525129745386,0.29687913125877874,0.4836733817157599
CV-G,gfold_2,G+E normalized-reference,W475,ME1,0.18180837484507215,0.5543528823573438,-0.37254450751227164
CV-G,gfold_2,G+E normalized-reference,W475,ME2,1.3919548754230655,0.5408340780685469,0.8511207973545186
CV-G,gfold_2,G+E normalized-reference,W475,ME3,0.16777947480299704,0.5348713729991446,-0.3670918981961475
CV-G,gfold_2,G+E normalized-reference,W475,ME4,0.570118232645334,0.5284083703227136,0.04170986232262042
CV-G,gfold_2,G+E normalized-reference,W484,ME1,-0.4499931137901852,0.27686603155414274,-0.7268591453443279
CV-G,gfold_2,G+E normalized-reference,W484,ME2,0.9858055883439324,0.2633472272653459,0.7224583610785865
CV-G,gfold_2,G+E normalized-reference,W484,ME3,0.4674707554681761,0.25738452219594354,0.21008623327223258
CV-G,gfold_2,G+E normalized-reference,W484,ME4,0.3790675062126212,0.2509215195195125,0.12814598669310867
CV-G,gfold_2,G+E normalized-reference,W500,ME1,1.0885377380497812,-0.24049151198956537,1.3290292500393466
CV-G,gfold_2,G+E normalized-reference,W500,ME2,-0.3922642081762817,-0.25401031627836224,-0.13825389189791948
CV-G,gfold_2,G+E normalized-reference,W500,ME3,-0.24884554756982202,-0.25997302134776457,0.011127473777942543
CV-G,gfold_2,G+E normalized-reference,W500,ME4,1.2997548494877165,-0.2664360240241956,1.566190873511912
CV-G,gfold_2,G+E normalized-reference,W503,ME1,-1.008359427207929,-0.3515845749096017,-0.6567748522983273
CV-G,gfold_2,G+E normalized-reference,W503,ME2,-2.051270382824297,-0.3651033791983986,-1.6861670036258982
CV-G,gfold_2,G+E normalized-reference,W503,ME3,-1.3912385384653865,-0.3710660842678009,-1.0201724541975856
CV-G,gfold_2,G+E normalized-reference,W503,ME4,-0.46435308934683,-0.37752908694423193,-0.08682400240259808
CV-G,gfold_2,G+E normalized-reference,W506,ME1,0.44054581708310364,-0.1675464667132608,0.6080922837963645
CV-G,gfold_2,G+E normalized-reference,W506,ME2,0.1312567548902864,-0.18106527100205766,0.31232202589234404
CV-G,gfold_2,G+E normalized-reference,W506,ME3,-1.924079347616261,-0.18702797607146002,-1.737051371544801
CV-G,gfold_2,G+E normalized-reference,W506,ME4,-0.7475543638085629,-0.19349097874789103,-0.5540633850606719
CV-G,gfold_2,G+E normalized-reference,W508,ME1,-1.7867462234554732,0.4078609447751221,-2.194607168230595
CV-G,gfold_2,G+E normalized-reference,W508,ME2,0.19312591829226916,0.3943421404863252,-0.20121622219405605
CV-G,gfold_2,G+E normalized-reference,W508,ME3,0.5028025845322519,0.3883794354169229,0.11442314911532903
CV-G,gfold_2,G+E normalized-reference,W508,ME4,1.2122377889769722,0.38191643274049186,0.8303213562364804
CV-G,gfold_2,G+E normalized-reference,W512,ME1,0.7003338457249367,0.2228759779054531,0.47745786781948363
CV-G,gfold_2,G+E normalized-reference,W512,ME2,0.8502199749310789,0.20935717361665623,0.6408628013144226
CV-G,gfold_2,G+E normalized-reference,W512,ME3,1.727760392329879,0.20339446854725388,1.524365923782625
CV-G,gfold_2,G+E normalized-reference,W512,ME4,0.5619683293024913,0.19693146587082286,0.3650368634316684
CV-G,gfold_2,G+E normalized-reference,W513,ME1,0.011328334606835667,0.27835219537084477,-0.2670238607640091
CV-G,gfold_2,G+E normalized-reference,W513,ME2,1.3825124867369198,0.2648333910820479,1.117679095654872
CV-G,gfold_2,G+E normalized-reference,W513,ME3,1.2704568882997376,0.25887068601264557,1.011586202287092
CV-G,gfold_2,G+E normalized-reference,W513,ME4,-0.15853504643850008,0.25240768333621455,-0.41094272977471463
CV-G,gfold_2,G+E normalized-reference,W527,ME1,-2.157301893012618,0.16526827056567,-2.322570163578288
CV-G,gfold_2,G+E normalized-reference,W527,ME2,0.6181663114224368,0.15174946627687314,0.4664168451455637
CV-G,gfold_2,G+E normalized-reference,W527,ME3,0.1582771301467489,0.14578676120747078,0.01249036893927813
CV-G,gfold_2,G+E normalized-reference,W527,ME4,0.8112326510412262,0.13932375853103976,0.6719088925101865
CV-G,gfold_2,G+E normalized-reference,W528,ME1,-1.8478349724081802,0.063754134594398,-1.9115891070025781
CV-G,gfold_2,G+E normalized-reference,W528,ME2,0.7566061589488636,0.05023533030560111,0.7063708286432625
CV-G,gfold_2,G+E normalized-reference,W528,ME3,-0.05504839575386742,0.04427262523619877,-0.09932102099006619
CV-G,gfold_2,G+E normalized-reference,W528,ME4,0.7628524333206811,0.037809622559767754,0.7250428107609134
CV-G,gfold_2,G+E normalized-reference,W530,ME1,-2.0769768255655374,-0.32225990682862027,-1.7547169187369172
CV-G,gfold_2,G+E normalized-reference,W530,ME2,0.41949009960999495,-0.33577871111741714,0.7552688107274121
CV-G,gfold_2,G+E normalized-reference,W530,ME3,-0.44079290962602663,-0.34174141618681947,-0.09905149343920716
CV-G,gfold_2,G+E normalized-reference,W530,ME4,0.4346142895174631,-0.3482044188632505,0.7828187083807137
CV-G,gfold_2,G+E normalized-reference,W534,ME1,0.04028054131619112,-0.14963951549631838,0.1899200568125095
CV-G,gfold_2,G+E normalized-reference,W534,ME2,1.8999199461367207,-0.16315831978511525,2.063078265921836
CV-G,gfold_2,G+E normalized-reference,W534,ME3,0.9748706205260559,-0.1691210248545176,1.1439916453805734
CV-G,gfold_2,G+E normalized-reference,W534,ME4,0.4959430988425651,-0.17558402753094862,0.6715271263735137
CV-G,gfold_2,G+E normalized-reference,W536,ME1,0.29428627269680174,0.025722669873444355,0.2685636028233574
CV-G,gfold_2,G+E normalized-reference,W536,ME2,1.975984335961642,0.012203865584647474,1.9637804703769945
CV-G,gfold_2,G+E normalized-reference,W536,ME3,1.1094407139156917,0.006241160515245132,1.1031995534004466
CV-G,gfold_2,G+E normalized-reference,W536,ME4,0.49440122523716273,-0.00022184216118588396,0.4946230673983486
CV-G,gfold_2,G+E normalized-reference,W538,ME1,-0.6929961922131744,-0.02175416537830422,-0.6712420268348702
CV-G,gfold_2,G+E normalized-reference,W538,ME2,0.6743713073484808,-0.035272969667101105,0.709644277015582
CV-G,gfold_2,G+E normalized-reference,W538,ME3,1.8891820000859245,-0.04123567473650344,1.930417674822428
CV-G,gfold_2,G+E normalized-reference,W538,ME4,2.2981730759004892,-0.04769867741293446,2.345871753313424
CV-G,gfold_2,G+E normalized-reference,W539,ME1,-0.6286335228393262,-0.008692773746514771,-0.6199407490928114
CV-G,gfold_2,G+E normalized-reference,W539,ME2,1.0885959885050411,-0.022211578035311652,1.1108075665403527
CV-G,gfold_2,G+E normalized-reference,W539,ME3,1.9842054466484027,-0.028174283104713996,2.0123797297531167
CV-G,gfold_2,G+E normalized-reference,W539,ME4,2.5590801167004287,-0.034637285781145014,2.5937174024815737
CV-G,gfold_2,G+E normalized-reference,W548,ME1,-1.2218972218406412,-0.3397151062563462,-0.882182115584295
CV-G,gfold_2,G+E normalized-reference,W548,ME2,0.3781258553387854,-0.3532339105451431,0.7313597658839285
CV-G,gfold_2,G+E normalized-reference,W548,ME3,0.8777102022319961,-0.3591966156145454,1.2369068178465414
CV-G,gfold_2,G+E normalized-reference,W548,ME4,1.5442755498792187,-0.36565961829097643,1.909935168170195
CV-G,gfold_2,G+E normalized-reference,W550,ME1,-1.4484003928675266,-0.06314109990603883,-1.3852592929614878
CV-G,gfold_2,G+E normalized-reference,W550,ME2,0.8365057280926893,-0.07665990419483572,0.913165632287525
CV-G,gfold_2,G+E normalized-reference,W550,ME3,1.0729179243213662,-0.08262260926423806,1.1555405335856044
CV-G,gfold_2,G+E normalized-reference,W550,ME4,1.4409621516151645,-0.08908561194066908,1.5300477635558336
CV-G,gfold_2,G+E normalized-reference,W555,ME1,-2.3112983140160472,0.09829230119093685,-2.409590615206984
CV-G,gfold_2,G+E normalized-reference,W555,ME2,0.12136503001331247,0.08477349690213996,0.03659153311117251
CV-G,gfold_2,G+E normalized-reference,W555,ME3,0.5844551763473157,0.07881079183273762,0.505644384514578
CV-G,gfold_2,G+E normalized-reference,W555,ME4,1.4273920905472062,0.0723477891563066,1.3550443013908995
CV-G,gfold_2,G+E normalized-reference,W556,ME1,-1.5694458635626432,0.45333366620410515,-2.022779529766748
CV-G,gfold_2,G+E normalized-reference,W556,ME2,0.30082737315877106,0.4398148619153083,-0.13898748875653721
CV-G,gfold_2,G+E normalized-reference,W556,ME3,0.9035396866398238,0.43385215684590595,0.4696875297939178
CV-G,gfold_2,G+E normalized-reference,W556,ME4,1.7595635853846139,0.4273891541694749,1.332174431215139
CV-G,gfold_2,G+E normalized-reference,W557,ME1,-2.050321249599372,0.04039598437974212,-2.090717233979114
CV-G,gfold_2,G+E normalized-reference,W557,ME2,0.2700889804988472,0.026877180090945238,0.24321180040790197
CV-G,gfold_2,G+E normalized-reference,W557,ME3,0.6539025343594655,0.020914475021542894,0.6329880593379227
CV-G,gfold_2,G+E normalized-reference,W557,ME4,0.050129225925318634,0.01445147234511188,0.03567775358020675
CV-G,gfold_2,G+E normalized-reference,W566,ME1,-1.5091145141103515,-0.051529817706386566,-1.457584696403965
CV-G,gfold_2,G+E normalized-reference,W566,ME2,-0.039225193117343994,-0.06504862199518345,0.025823428877839456
CV-G,gfold_2,G+E normalized-reference,W566,ME3,0.9078474162173232,-0.0710113270645858,0.978858743281909
CV-G,gfold_2,G+E normalized-reference,W566,ME4,1.3676051548275066,-0.07747432974101681,1.4450794845685233
CV-G,gfold_2,G+E normalized-reference,W573,ME1,-1.7408461849142838,0.41877913289191815,-2.159625317806202
CV-G,gfold_2,G+E normalized-reference,W573,ME2,0.5521645208005797,0.4052603286031213,0.14690419219745837
CV-G,gfold_2,G+E normalized-reference,W573,ME3,0.6844958608882918,0.39929762353371895,0.2851982373545729
CV-G,gfold_2,G+E normalized-reference,W573,ME4,1.9489544376808983,0.39283462085728793,1.5561198168236103
CV-G,gfold_2,G+E normalized-reference,W576,ME1,-1.7027155993128222,-0.3916492258378885,-1.3110663734749337
CV-G,gfold_2,G+E normalized-reference,W576,ME2,0.4243505248854375,-0.4051680301266854,0.8295185550121229
CV-G,gfold_2,G+E normalized-reference,W576,ME3,0.08415884182801656,-0.4111307351960877,0.49528957702410426
CV-G,gfold_2,G+E normalized-reference,W576,ME4,0.3435572130759473,-0.41759373787251874,0.761150950948466
CV-G,gfold_2,G+E normalized-reference,W583,ME1,-2.1487913287337777,0.4507114237966761,-2.5995027525304537
CV-G,gfold_2,G+E normalized-reference,W583,ME2,0.13085804812941076,0.43719261950787924,-0.3063345713784685
CV-G,gfold_2,G+E normalized-reference,W583,ME3,-0.10947782594485483,0.4312299144384769,-0.5407077403833318
CV-G,gfold_2,G+E normalized-reference,W583,ME4,1.787883712830787,0.4247669117620459,1.3631168010687411
CV-G,gfold_2,G+E normalized-reference,W584,ME1,-1.462473364230048,0.5950300759043703,-2.0575034401344183
CV-G,gfold_2,G+E normalized-reference,W584,ME2,0.6090150419585175,0.5815112716155734,0.027503770342944156
CV-G,gfold_2,G+E normalized-reference,W584,ME3,0.9256442519424007,0.575548566546171,0.3500956853962297
CV-G,gfold_2,G+E normalized-reference,W584,ME4,1.3320083279680808,0.5690855638697401,0.7629227640983407
CV-G,gfold_2,G+E normalized-reference,W590,ME1,-0.8955720542915144,0.39792084885807655,-1.293492903149591
CV-G,gfold_2,G+E normalized-reference,W590,ME2,0.1349273885618447,0.3844020445692797,-0.249474656007435
CV-G,gfold_2,G+E normalized-reference,W590,ME3,1.0812462015045308,0.37843933949987735,0.7028068620046535
CV-G,gfold_2,G+E normalized-reference,W590,ME4,2.792201965794846,0.37197633682344633,2.4202256289713997
CV-G,gfold_2,G+E normalized-reference,W591,ME1,-1.107521753197551,0.31617364236482676,-1.4236953955623777
CV-G,gfold_2,G+E normalized-reference,W591,ME2,0.9965326988151226,0.3026548380760299,0.6938778607390927
CV-G,gfold_2,G+E normalized-reference,W591,ME3,1.961915057716992,0.29669213300662756,1.6652229247103643
CV-G,gfold_2,G+E normalized-reference,W591,ME4,1.935250642677778,0.29022913033019654,1.6450215123475815
CV-G,gfold_2,G+E+normalized-GxE-mixture,W004,ME1,0.7854394885133357,0.424775173233188,0.3606643152801477
CV-G,gfold_2,G+E+normalized-GxE-mixture,W004,ME2,0.09394919369402198,0.36161309294259064,-0.26766389924856865
CV-G,gfold_2,G+E+normalized-GxE-mixture,W004,ME3,0.5704677250133174,0.25106861304758193,0.3193991119657355
CV-G,gfold_2,G+E+normalized-GxE-mixture,W004,ME4,0.5517573500177323,0.5769414851828435,-0.0251841351651112
CV-G,gfold_2,G+E+normalized-GxE-mixture,W006,ME1,2.336096876440566,0.6031658705597585,1.7329310058808074
CV-G,gfold_2,G+E+normalized-GxE-mixture,W006,ME2,0.6264758666133936,0.08719428885007934,0.5392815777633143
CV-G,gfold_2,G+E+normalized-GxE-mixture,W006,ME3,0.07353310887018515,-0.12466470772559994,0.1981978165957851
CV-G,gfold_2,G+E+normalized-GxE-mixture,W006,ME4,0.7195855719445825,0.0440781024686139,0.6755074694759686
CV-G,gfold_2,G+E+normalized-GxE-mixture,W009,ME1,-0.9676390239598921,0.006682024056356945,-0.9743210480162491
CV-G,gfold_2,G+E+normalized-GxE-mixture,W009,ME2,-1.7892630828199947,-0.4000458112342829,-1.3892172715857118
CV-G,gfold_2,G+E+normalized-GxE-mixture,W009,ME3,-1.9360396320902578,0.17687002327092904,-2.112909655361187
CV-G,gfold_2,G+E+normalized-GxE-mixture,W009,ME4,-1.5027577623731856,-0.1455269685756995,-1.3572307937974861
CV-G,gfold_2,G+E+normalized-GxE-mixture,W019,ME1,0.9500232143612553,0.5610473949035684,0.3889758194576869
CV-G,gfold_2,G+E+normalized-GxE-mixture,W019,ME2,-0.8514098510582172,-0.17319641015138612,-0.6782134409068311
CV-G,gfold_2,G+E+normalized-GxE-mixture,W019,ME3,-0.767698905386699,-0.1031670179474804,-0.6645318874392186
CV-G,gfold_2,G+E+normalized-GxE-mixture,W019,ME4,-1.0320693775157166,-0.29629239482063263,-0.735776982695084
CV-G,gfold_2,G+E+normalized-GxE-mixture,W020,ME1,1.8423619870581072,-0.1716539499496282,2.0140159370077355
CV-G,gfold_2,G+E+normalized-GxE-mixture,W020,ME2,0.32309166498039293,-0.08498642122205809,0.408078086202451
CV-G,gfold_2,G+E+normalized-GxE-mixture,W020,ME3,-0.22068482127299466,0.01433902193108883,-0.23502384320408348
CV-G,gfold_2,G+E+normalized-GxE-mixture,W020,ME4,0.09811610854244561,-0.5735539061046268,0.6716700146470723
CV-G,gfold_2,G+E+normalized-GxE-mixture,W022,ME1,-0.43795616259006515,-0.587209303849378,0.14925314125931283
CV-G,gfold_2,G+E+normalized-GxE-mixture,W022,ME2,-0.862459724145355,-0.1064438264702645,-0.7560158976750905
CV-G,gfold_2,G+E+normalized-GxE-mixture,W022,ME3,-0.9282505206986612,0.0013572340834602879,-0.9296077547821215
CV-G,gfold_2,G+E+normalized-GxE-mixture,W022,ME4,0.3972553213947196,0.015460573336384432,0.38179474805833513
CV-G,gfold_2,G+E+normalized-GxE-mixture,W023,ME1,1.6509760917923297,-0.057908099009942204,1.708884190802272
CV-G,gfold_2,G+E+normalized-GxE-mixture,W023,ME2,0.221041720232341,-0.07833768158495925,0.2993794018173003
CV-G,gfold_2,G+E+normalized-GxE-mixture,W023,ME3,-0.41496342521819896,0.014681900019366012,-0.429645325237565
CV-G,gfold_2,G+E+normalized-GxE-mixture,W023,ME4,0.6959854657394379,-0.6449964866647226,1.3409819524041606
CV-G,gfold_2,G+E+normalized-GxE-mixture,W027,ME1,0.8585733327468119,0.4645571309802465,0.39401620176656543
CV-G,gfold_2,G+E+normalized-GxE-mixture,W027,ME2,8.855924078961156e-05,0.4502047268988903,-0.4501161676581007
CV-G,gfold_2,G+E+normalized-GxE-mixture,W027,ME3,0.06547512060168752,0.3563003364896709,-0.2908252158879834
CV-G,gfold_2,G+E+normalized-GxE-mixture,W027,ME4,-0.4499727579658295,0.3700056881920296,-0.8199784461578591
CV-G,gfold_2,G+E+normalized-GxE-mixture,W036,ME1,0.34510533595035325,0.026438451776183258,0.31866688417417
CV-G,gfold_2,G+E+normalized-GxE-mixture,W036,ME2,-1.0594208640181544,-0.8261815596416219,-0.2332393043765325
CV-G,gfold_2,G+E+normalized-GxE-mixture,W036,ME3,0.23345123453839747,-0.7854361843547543,1.0188874188931518
CV-G,gfold_2,G+E+normalized-GxE-mixture,W036,ME4,-0.8364480971812744,-0.3229159051504911,-0.5135321920307834
CV-G,gfold_2,G+E+normalized-GxE-mixture,W037,ME1,-1.4010181316481083,-0.7544372281259858,-0.6465809035221225
CV-G,gfold_2,G+E+normalized-GxE-mixture,W037,ME2,-1.4064349769127418,-0.5506238324954015,-0.8558111444173403
CV-G,gfold_2,G+E+normalized-GxE-mixture,W037,ME3,-1.7641105427765482,-0.22204873321280963,-1.5420618095637386
CV-G,gfold_2,G+E+normalized-GxE-mixture,W037,ME4,-0.8793216234539528,0.21646656801500477,-1.0957881914689576
CV-G,gfold_2,G+E+normalized-GxE-mixture,W038,ME1,1.4950495236749437,1.0211817845172513,0.4738677391576924
CV-G,gfold_2,G+E+normalized-GxE-mixture,W038,ME2,-1.4137319435046494,-0.7928452313453747,-0.6208867121592747
CV-G,gfold_2,G+E+normalized-GxE-mixture,W038,ME3,-1.2334742775859238,-0.4467066658158372,-0.7867676117700866
CV-G,gfold_2,G+E+normalized-GxE-mixture,W038,ME4,-0.03247114579268723,-0.288868478679314,0.25639733288662675
CV-G,gfold_2,G+E+normalized-GxE-mixture,W039,ME1,0.5656063195384781,0.4097401093025302,0.15586621023594788
CV-G,gfold_2,G+E+normalized-GxE-mixture,W039,ME2,-0.36052588427479415,0.2000143050306121,-0.5605401893054063
CV-G,gfold_2,G+E+normalized-GxE-mixture,W039,ME3,-0.8247467594385198,0.19216542001749098,-1.0169121794560108
CV-G,gfold_2,G+E+normalized-GxE-mixture,W039,ME4,-0.41439953121260803,-0.38436169032295575,-0.03003784088965228
CV-G,gfold_2,G+E+normalized-GxE-mixture,W043,ME1,1.142190941369396,0.7461917519200194,0.3959991894493766
CV-G,gfold_2,G+E+normalized-GxE-mixture,W043,ME2,-0.05952126584956081,-0.5902054383947782,0.5306841725452174
CV-G,gfold_2,G+E+normalized-GxE-mixture,W043,ME3,0.4015371533466911,-0.9911481315617011,1.3926852849083922
CV-G,gfold_2,G+E+normalized-GxE-mixture,W043,ME4,0.18150315046728918,-0.1492046770922318,0.330707827559521
CV-G,gfold_2,G+E+normalized-GxE-mixture,W059,ME1,-0.6702009104749236,0.8599922973925183,-1.5301932078674418
CV-G,gfold_2,G+E+normalized-GxE-mixture,W059,ME2,-0.12266249367909973,-0.7684608582662462,0.6457983645871465
CV-G,gfold_2,G+E+normalized-GxE-mixture,W059,ME3,0.8378932664901717,-0.9951396894207503,1.833032955910922
CV-G,gfold_2,G+E+normalized-GxE-mixture,W059,ME4,-0.9835554258600077,-0.10399578657225458,-0.879559639287753
CV-G,gfold_2,G+E+normalized-GxE-mixture,W072,ME1,0.16075592636583644,-0.6035358059181257,0.7642917322839622
CV-G,gfold_2,G+E+normalized-GxE-mixture,W072,ME2,-0.2761899113313803,0.30669104958734067,-0.582880960918721
CV-G,gfold_2,G+E+normalized-GxE-mixture,W072,ME3,0.5789395931823991,-0.05033136159102615,0.6292709547734252
CV-G,gfold_2,G+E+normalized-GxE-mixture,W072,ME4,-2.5818096849868675,-0.7217853355698777,-1.8600243494169897
CV-G,gfold_2,G+E+normalized-GxE-mixture,W082,ME1,-1.575635364856345,0.2612279997748609,-1.8368633646312058
CV-G,gfold_2,G+E+normalized-GxE-mixture,W082,ME2,-0.4044722294735835,0.18644702353929887,-0.5909192530128824
CV-G,gfold_2,G+E+normalized-GxE-mixture,W082,ME3,-0.17478638495117227,0.35880025605691207,-0.5335866410080843
CV-G,gfold_2,G+E+normalized-GxE-mixture,W082,ME4,-1.2067730970503319,-0.40193264006236945,-0.8048404569879624
CV-G,gfold_2,G+E+normalized-GxE-mixture,W083,ME1,-0.32102345262299814,-0.36657445029134633,0.04555099766834819
CV-G,gfold_2,G+E+normalized-GxE-mixture,W083,ME2,-0.8237978256978608,-0.3499799276380113,-0.4738178980598495
CV-G,gfold_2,G+E+normalized-GxE-mixture,W083,ME3,-0.2850473690779795,0.4654297030749886,-0.7504770721529681
CV-G,gfold_2,G+E+normalized-GxE-mixture,W083,ME4,-0.27423850046025544,0.04740468712177994,-0.32164318758203536
CV-G,gfold_2,G+E+normalized-GxE-mixture,W091,ME1,0.14509485927664081,1.0840183738933404,-0.9389235146166997
CV-G,gfold_2,G+E+normalized-GxE-mixture,W091,ME2,-2.283532892731493,-0.3731624312500891,-1.9103704614814037
CV-G,gfold_2,G+E+normalized-GxE-mixture,W091,ME3,-0.5492970158075015,-0.37330144624062067,-0.17599556956688078
CV-G,gfold_2,G+E+normalized-GxE-mixture,W091,ME4,-0.8183546824239967,-0.20309374764133112,-0.6152609347826655
CV-G,gfold_2,G+E+normalized-GxE-mixture,W092,ME1,0.8987806589139243,0.01182107429943742,0.8869595846144869
CV-G,gfold_2,G+E+normalized-GxE-mixture,W092,ME2,-0.8534983150437588,-0.45967953100880266,-0.3938187840349562
CV-G,gfold_2,G+E+normalized-GxE-mixture,W092,ME3,-0.9969630307240622,-0.37586873490014366,-0.6210942958239185
CV-G,gfold_2,G+E+normalized-GxE-mixture,W092,ME4,0.10336319882205586,-0.3544780112470339,0.45784121006908973
CV-G,gfold_2,G+E+normalized-GxE-mixture,W095,ME1,0.9078287325156386,0.12915874180629733,0.7786699907093413
CV-G,gfold_2,G+E+normalized-GxE-mixture,W095,ME2,-0.12277640989649309,-1.0769510676356648,0.9541746577391718
CV-G,gfold_2,G+E+normalized-GxE-mixture,W095,ME3,0.18433467082632615,-0.9185198629606488,1.1028545337869748
CV-G,gfold_2,G+E+normalized-GxE-mixture,W095,ME4,0.011582385790249792,-0.5147136427287865,0.5262960285190363
CV-G,gfold_2,G+E+normalized-GxE-mixture,W101,ME1,1.9633911695919264,0.4273243672032976,1.5360668023886288
CV-G,gfold_2,G+E+normalized-GxE-mixture,W101,ME2,0.13447172369227128,0.3146947770439802,-0.1802230533517089
CV-G,gfold_2,G+E+normalized-GxE-mixture,W101,ME3,0.1008407357800961,0.25874141740020334,-0.15790068162010723
CV-G,gfold_2,G+E+normalized-GxE-mixture,W101,ME4,-0.24015208039795774,0.029578919676532277,-0.26973100007449
CV-G,gfold_2,G+E+normalized-GxE-mixture,W108,ME1,0.8526281538725978,0.005443055972208184,0.8471850979003896
CV-G,gfold_2,G+E+normalized-GxE-mixture,W108,ME2,0.22433263317925403,-0.21694659435895708,0.44127922753821114
CV-G,gfold_2,G+E+normalized-GxE-mixture,W108,ME3,-0.22712952258207705,-0.43234956538575464,0.2052200428036776
CV-G,gfold_2,G+E+normalized-GxE-mixture,W108,ME4,-0.5390867589964545,-0.24393070228006297,-0.29515605671639156
CV-G,gfold_2,G+E+normalized-GxE-mixture,W128,ME1,-0.43034144718268247,0.45585192473749775,-0.8861933719201802
CV-G,gfold_2,G+E+normalized-GxE-mixture,W128,ME2,-0.5816309335562019,-0.6168759528760771,0.035245019319875226
CV-G,gfold_2,G+E+normalized-GxE-mixture,W128,ME3,-1.1272845202362811,-0.7021841818000597,-0.4251003384362214
CV-G,gfold_2,G+E+normalized-GxE-mixture,W128,ME4,-0.5459701233062877,-0.5991496437905539,0.05317952048426622
CV-G,gfold_2,G+E+normalized-GxE-mixture,W130,ME1,-0.6770093618979953,0.006130311663670958,-0.6831396735616663
CV-G,gfold_2,G+E+normalized-GxE-mixture,W130,ME2,-0.5809347788943552,0.0644667920688656,-0.6454015709632208
CV-G,gfold_2,G+E+normalized-GxE-mixture,W130,ME3,0.062096509168355345,-0.08192532083942936,0.1440218300077847
CV-G,gfold_2,G+E+normalized-GxE-mixture,W130,ME4,-2.1176742629523604,0.5091383497289587,-2.626812612681319
CV-G,gfold_2,G+E+normalized-GxE-mixture,W132,ME1,0.35493524129442927,-0.14580811946139924,0.5007433607558285
CV-G,gfold_2,G+E+normalized-GxE-mixture,W132,ME2,-1.0969056282192537,-0.22507630072106688,-0.8718293274981869
CV-G,gfold_2,G+E+normalized-GxE-mixture,W132,ME3,0.6356242465051369,-0.6747355182790629,1.3103597647841998
CV-G,gfold_2,G+E+normalized-GxE-mixture,W132,ME4,-0.6911737100844733,-0.46205949339606484,-0.22911421668840842
CV-G,gfold_2,G+E+normalized-GxE-mixture,W133,ME1,0.6006177222511422,-0.38374483680847027,0.9843625590596125
CV-G,gfold_2,G+E+normalized-GxE-mixture,W133,ME2,-1.3169537881504032,-0.5255434376052867,-0.7914103505451165
CV-G,gfold_2,G+E+normalized-GxE-mixture,W133,ME3,-0.6892728874904679,-0.1273529242632046,-0.5619199632272633
CV-G,gfold_2,G+E+normalized-GxE-mixture,W133,ME4,-0.5994007637547354,-0.2430548721310076,-0.35634589162372776
CV-G,gfold_2,G+E+normalized-GxE-mixture,W152,ME1,1.0771115928983819,-0.6089135790971132,1.686025171995495
CV-G,gfold_2,G+E+normalized-GxE-mixture,W152,ME2,0.2734684949481772,0.4754068818697942,-0.20193838692161697
CV-G,gfold_2,G+E+normalized-GxE-mixture,W152,ME3,0.14814129584675167,-0.0006374190695640188,0.1487787149163157
CV-G,gfold_2,G+E+normalized-GxE-mixture,W152,ME4,-0.39748612176558745,-0.8429568846277771,0.4454707628621896
CV-G,gfold_2,G+E+normalized-GxE-mixture,W154,ME1,0.06533173339438465,-0.8022350464442829,0.8675667798386676
CV-G,gfold_2,G+E+normalized-GxE-mixture,W154,ME2,-0.5974652877738541,0.5412021995419148,-1.138667487315769
CV-G,gfold_2,G+E+normalized-GxE-mixture,W154,ME3,-0.928512363084745,0.1678535210604067,-1.0963658841451518
CV-G,gfold_2,G+E+normalized-GxE-mixture,W154,ME4,-0.8088910398357336,0.39217884795527747,-1.201069887791011
CV-G,gfold_2,G+E+normalized-GxE-mixture,W157,ME1,0.8671164733482509,0.7621766848104218,0.10493978853782915
CV-G,gfold_2,G+E+normalized-GxE-mixture,W157,ME2,0.017365852212088022,0.09123505961268226,-0.07386920740059424
CV-G,gfold_2,G+E+normalized-GxE-mixture,W157,ME3,-0.8729510980635914,-0.08520624405233011,-0.7877448540112613
CV-G,gfold_2,G+E+normalized-GxE-mixture,W157,ME4,-0.3791331058400538,-0.20207243660012328,-0.1770606692399305
CV-G,gfold_2,G+E+normalized-GxE-mixture,W162,ME1,0.32594231418182734,0.39748106462998145,-0.07153875044815411
CV-G,gfold_2,G+E+normalized-GxE-mixture,W162,ME2,-1.9813384827023757,-0.21889885441771695,-1.7624396282846586
CV-G,gfold_2,G+E+normalized-GxE-mixture,W162,ME3,-1.273696646699747,-0.09716984644377741,-1.1765268002559697
CV-G,gfold_2,G+E+normalized-GxE-mixture,W162,ME4,0.5150513181666635,0.5815796845278633,-0.06652836636119985
CV-G,gfold_2,G+E+normalized-GxE-mixture,W172,ME1,-0.6308731450179689,0.6064870401082461,-1.237360185126215
CV-G,gfold_2,G+E+normalized-GxE-mixture,W172,ME2,-0.7664599962766292,-0.021546494515764767,-0.7449135017608645
CV-G,gfold_2,G+E+normalized-GxE-mixture,W172,ME3,-0.585498837315659,-0.1687620706872087,-0.4167367666284503
CV-G,gfold_2,G+E+normalized-GxE-mixture,W172,ME4,-0.41822274841784135,0.03606230675677228,-0.45428505517461365
CV-G,gfold_2,G+E+normalized-GxE-mixture,W176,ME1,0.04524028643180243,0.7059094515463934,-0.660669165114591
CV-G,gfold_2,G+E+normalized-GxE-mixture,W176,ME2,-1.0688759100617886,0.23011319858913512,-1.2989891086509238
CV-G,gfold_2,G+E+normalized-GxE-mixture,W176,ME3,-1.538149010115268,0.06790951683186333,-1.6060585269471312
CV-G,gfold_2,G+E+normalized-GxE-mixture,W176,ME4,-0.6277680914133182,0.20028353068987756,-0.8280516221031958
CV-G,gfold_2,G+E+normalized-GxE-mixture,W178,ME1,0.15653729258933885,0.07492750397018083,0.08160978861915802
CV-G,gfold_2,G+E+normalized-GxE-mixture,W178,ME2,-0.5449562402343447,-0.45259740272606225,-0.0923588375082825
CV-G,gfold_2,G+E+normalized-GxE-mixture,W178,ME3,-0.06704246634219774,-0.49923329138697875,0.432190825044781
CV-G,gfold_2,G+E+normalized-GxE-mixture,W178,ME4,-0.6849747488545886,-0.6299637034007968,-0.055011045453791874
CV-G,gfold_2,G+E+normalized-GxE-mixture,W180,ME1,-0.8810593025739135,-0.9760119195811999,0.09495261700728641
CV-G,gfold_2,G+E+normalized-GxE-mixture,W180,ME2,-2.949626330544363,-2.3680068771163403,-0.5816194534280226
CV-G,gfold_2,G+E+normalized-GxE-mixture,W180,ME3,-2.3006424849183382,-1.4954670670831243,-0.805175417835214
CV-G,gfold_2,G+E+normalized-GxE-mixture,W180,ME4,-1.6784448196663495,-1.0137615744502408,-0.6646832452161087
CV-G,gfold_2,G+E+normalized-GxE-mixture,W188,ME1,0.8868577248428988,-0.4477650152107612,1.33462274005366
CV-G,gfold_2,G+E+normalized-GxE-mixture,W188,ME2,-0.032263646498871555,0.1792146039750955,-0.21147825047396707
CV-G,gfold_2,G+E+normalized-GxE-mixture,W188,ME3,-0.10903015992993796,0.28095498281706066,-0.38998514274699864
CV-G,gfold_2,G+E+normalized-GxE-mixture,W188,ME4,-0.5395194276102152,0.09228098171782248,-0.6318004093280377
CV-G,gfold_2,G+E+normalized-GxE-mixture,W192,ME1,0.5140054245425649,-0.07777371777317944,0.5917791423157444
CV-G,gfold_2,G+E+normalized-GxE-mixture,W192,ME2,-0.5678280852153964,-0.6493428696739157,0.08151478445851934
CV-G,gfold_2,G+E+normalized-GxE-mixture,W192,ME3,-1.6528444217483242,-0.5568243009894163,-1.096020120758908
CV-G,gfold_2,G+E+normalized-GxE-mixture,W192,ME4,-1.3559100348627087,-0.7153747779056678,-0.6405352569570408
CV-G,gfold_2,G+E+normalized-GxE-mixture,W203,ME1,0.22288711764169133,0.40554992740783297,-0.18266280976614163
CV-G,gfold_2,G+E+normalized-GxE-mixture,W203,ME2,-1.9441574950809923,0.3369829021515412,-2.2811403972325337
CV-G,gfold_2,G+E+normalized-GxE-mixture,W203,ME3,-1.5355390327830185,0.22131967614803114,-1.7568587089310497
CV-G,gfold_2,G+E+normalized-GxE-mixture,W203,ME4,-0.5941536734751245,0.5417997346773262,-1.1359534081524507
CV-G,gfold_2,G+E+normalized-GxE-mixture,W214,ME1,1.094442196520746,0.41291195124109076,0.6815302452796552
CV-G,gfold_2,G+E+normalized-GxE-mixture,W214,ME2,0.6404116172078261,0.46280773459622004,0.1776038826116061
CV-G,gfold_2,G+E+normalized-GxE-mixture,W214,ME3,0.8081783789340117,0.4008519782191147,0.40732640071489695
CV-G,gfold_2,G+E+normalized-GxE-mixture,W214,ME4,0.7291986818721446,0.28979572857400393,0.4394029532981407
CV-G,gfold_2,G+E+normalized-GxE-mixture,W220,ME1,0.08302067656533246,-0.3367293874307522,0.41975006399608467
CV-G,gfold_2,G+E+normalized-GxE-mixture,W220,ME2,-0.35315930221670117,-0.17367505688093612,-0.17948424533576504
CV-G,gfold_2,G+E+normalized-GxE-mixture,W220,ME3,0.17830384941782781,0.13967136052028664,0.03863248889754117
CV-G,gfold_2,G+E+normalized-GxE-mixture,W220,ME4,-0.34458255035572233,-0.5570652919759509,0.21248274162022857
CV-G,gfold_2,G+E+normalized-GxE-mixture,W221,ME1,0.6424864408707738,0.6606166102336866,-0.018130169362912785
CV-G,gfold_2,G+E+normalized-GxE-mixture,W221,ME2,-0.3566907049558908,0.4355459379353951,-0.7922366428912859
CV-G,gfold_2,G+E+normalized-GxE-mixture,W221,ME3,0.8762320597299136,0.37197156086932126,0.5042604988605923
CV-G,gfold_2,G+E+normalized-GxE-mixture,W221,ME4,0.0513092312355759,0.2904375530221201,-0.2391283217865442
CV-G,gfold_2,G+E+normalized-GxE-mixture,W237,ME1,1.1157796878227189,0.404534813127959,0.7112448746947598
CV-G,gfold_2,G+E+normalized-GxE-mixture,W237,ME2,0.48195415881391984,0.311383006089666,0.17057115272425383
CV-G,gfold_2,G+E+normalized-GxE-mixture,W237,ME3,0.26840296981622275,0.3345273030509689,-0.06612433323474615
CV-G,gfold_2,G+E+normalized-GxE-mixture,W237,ME4,0.8166134752559995,0.3617892354022853,0.4548242398537142
CV-G,gfold_2,G+E+normalized-GxE-mixture,W238,ME1,0.5957231297807281,0.5534936160810189,0.042229513699709176
CV-G,gfold_2,G+E+normalized-GxE-mixture,W238,ME2,-0.18922753670917877,0.45345379612165826,-0.6426813328308371
CV-G,gfold_2,G+E+normalized-GxE-mixture,W238,ME3,0.7495341309799431,0.39093587433519345,0.3585982566447497
CV-G,gfold_2,G+E+normalized-GxE-mixture,W238,ME4,-0.4792998232767549,0.34461907545927273,-0.8239188987360276
CV-G,gfold_2,G+E+normalized-GxE-mixture,W242,ME1,0.06949335860633282,-0.13823529910567384,0.20772865771200666
CV-G,gfold_2,G+E+normalized-GxE-mixture,W242,ME2,0.5003199845291967,-0.1787031338915777,0.6790231184207743
CV-G,gfold_2,G+E+normalized-GxE-mixture,W242,ME3,0.2636222346380582,0.10758895984762336,0.15603327479043483
CV-G,gfold_2,G+E+normalized-GxE-mixture,W242,ME4,0.2908503092177919,-0.529962317769431,0.8208126269872229
CV-G,gfold_2,G+E+normalized-GxE-mixture,W244,ME1,1.219136215346889,0.09062911480910779,1.1285071005377811
CV-G,gfold_2,G+E+normalized-GxE-mixture,W244,ME2,0.3642976922830024,-0.09809364362216638,0.4623913359051688
CV-G,gfold_2,G+E+normalized-GxE-mixture,W244,ME3,0.10337469435509486,0.3617115099364805,-0.25833681558138566
CV-G,gfold_2,G+E+normalized-GxE-mixture,W244,ME4,0.48935866921132964,-0.4007611527759833,0.890119821987313
CV-G,gfold_2,G+E+normalized-GxE-mixture,W270,ME1,-0.37194838892499626,0.10537401775553272,-0.477322406680529
CV-G,gfold_2,G+E+normalized-GxE-mixture,W270,ME2,-2.0905081910375016,-0.14315406405194678,-1.9473541269855548
CV-G,gfold_2,G+E+normalized-GxE-mixture,W270,ME3,-0.48957161219476547,-0.221128381917065,-0.26844323027770045
CV-G,gfold_2,G+E+normalized-GxE-mixture,W270,ME4,-0.5548201631332172,0.17172697293523065,-0.7265471360684479
CV-G,gfold_2,G+E+normalized-GxE-mixture,W271,ME1,0.40696777256477257,0.2282021487635692,0.17876562380120337
CV-G,gfold_2,G+E+normalized-GxE-mixture,W271,ME2,-0.8202474369224396,-0.3925117120956112,-0.4277357248268284
CV-G,gfold_2,G+E+normalized-GxE-mixture,W271,ME3,-0.7556372625697024,-0.5632669334306117,-0.1923703291390907
CV-G,gfold_2,G+E+normalized-GxE-mixture,W271,ME4,-0.16506440915525686,-0.32149986139478676,0.1564354522395299
CV-G,gfold_2,G+E+normalized-GxE-mixture,W286,ME1,0.3014530636684557,0.16885305577507073,0.13260000789338497
CV-G,gfold_2,G+E+normalized-GxE-mixture,W286,ME2,-0.8867618505225658,-0.7891316836047785,-0.09763016691778736
CV-G,gfold_2,G+E+normalized-GxE-mixture,W286,ME3,-2.1155283644860483,-0.5533993432201154,-1.562129021265933
CV-G,gfold_2,G+E+normalized-GxE-mixture,W286,ME4,0.24955012335878898,-0.34766968454380154,0.5972198079025905
CV-G,gfold_2,G+E+normalized-GxE-mixture,W287,ME1,1.5152875640892192,-0.07284605171736996,1.588133615806589
CV-G,gfold_2,G+E+normalized-GxE-mixture,W287,ME2,0.01636592097052534,-0.26270969064105815,0.2790756116115835
CV-G,gfold_2,G+E+normalized-GxE-mixture,W287,ME3,-2.1521356193662067,-0.1931819787663252,-1.9589536405998815
CV-G,gfold_2,G+E+normalized-GxE-mixture,W287,ME4,-0.027751124551658162,-0.7033903048056385,0.6756391802539803
CV-G,gfold_2,G+E+normalized-GxE-mixture,W290,ME1,0.14298554238839276,0.1536094758629255,-0.010623933474532748
CV-G,gfold_2,G+E+normalized-GxE-mixture,W290,ME2,-0.22502254368561264,-0.04479958806056688,-0.18022295562504576
CV-G,gfold_2,G+E+normalized-GxE-mixture,W290,ME3,-0.5032718815569279,-0.14277126163552864,-0.36050061992139926
CV-G,gfold_2,G+E+normalized-GxE-mixture,W290,ME4,0.3595816851892409,0.4592612069074112,-0.0996795217181703
CV-G,gfold_2,G+E+normalized-GxE-mixture,W293,ME1,0.8461698979174604,0.5834416236967948,0.2627282742206657
CV-G,gfold_2,G+E+normalized-GxE-mixture,W293,ME2,-2.0360815538385406,0.008026848720913807,-2.0441084025594543
CV-G,gfold_2,G+E+normalized-GxE-mixture,W293,ME3,-0.8401025484030156,-0.09221244003927405,-0.7478901083637415
CV-G,gfold_2,G+E+normalized-GxE-mixture,W293,ME4,0.6055183919530507,-0.3501505195675893,0.95566891152064
CV-G,gfold_2,G+E+normalized-GxE-mixture,W304,ME1,1.3452798805286592,0.37562860908347234,0.9696512714451868
CV-G,gfold_2,G+E+normalized-GxE-mixture,W304,ME2,-1.4753606171143565,-0.6136177064588934,-0.8617429106554632
CV-G,gfold_2,G+E+normalized-GxE-mixture,W304,ME3,0.19459720305507383,-0.15746290145767503,0.35206010451274883
CV-G,gfold_2,G+E+normalized-GxE-mixture,W304,ME4,0.7707191353890623,0.2771420746060798,0.4935770607829825
CV-G,gfold_2,G+E+normalized-GxE-mixture,W317,ME1,-0.29379779101136066,-0.22385656037709079,-0.06994123063426988
CV-G,gfold_2,G+E+normalized-GxE-mixture,W317,ME2,0.9552127552951211,-0.10825536959996007,1.0634681248950812
CV-G,gfold_2,G+E+normalized-GxE-mixture,W317,ME3,1.2256058215222476,-0.8289620724169918,2.0545678939392396
CV-G,gfold_2,G+E+normalized-GxE-mixture,W317,ME4,-1.8528260044161615,-0.11976270849890594,-1.7330632959172556
CV-G,gfold_2,G+E+normalized-GxE-mixture,W320,ME1,-0.21795196792156646,0.2535836736939323,-0.47153564161549877
CV-G,gfold_2,G+E+normalized-GxE-mixture,W320,ME2,-0.7185329121478228,0.14807024717221995,-0.8666031593200427
CV-G,gfold_2,G+E+normalized-GxE-mixture,W320,ME3,0.17673279510132764,0.1409060004468915,0.03582679465443614
CV-G,gfold_2,G+E+normalized-GxE-mixture,W320,ME4,-1.312100371043892,-0.39568435105307476,-0.9164160199908173
CV-G,gfold_2,G+E+normalized-GxE-mixture,W325,ME1,0.17486147405095656,0.2882937228762265,-0.11343224882526995
CV-G,gfold_2,G+E+normalized-GxE-mixture,W325,ME2,-0.41129454515968505,-0.37971173465649766,-0.0315828105031874
CV-G,gfold_2,G+E+normalized-GxE-mixture,W325,ME3,-0.1120117845198536,-0.5980356073745818,0.4860238228547282
CV-G,gfold_2,G+E+normalized-GxE-mixture,W325,ME4,0.04828841764131719,-0.6044491726487199,0.6527375902900371
CV-G,gfold_2,G+E+normalized-GxE-mixture,W328,ME1,0.7714153816347115,0.3289968367657937,0.44241854486891774
CV-G,gfold_2,G+E+normalized-GxE-mixture,W328,ME2,0.7744340469708973,-0.17022098996487947,0.9446550369357768
CV-G,gfold_2,G+E+normalized-GxE-mixture,W328,ME3,1.1924363037755052,-0.19976168857398008,1.3921979923494854
CV-G,gfold_2,G+E+normalized-GxE-mixture,W328,ME4,-0.8026212782872341,-0.04289197725157388,-0.7597293010356602
CV-G,gfold_2,G+E+normalized-GxE-mixture,W334,ME1,0.7888355701442222,-0.05179022329998101,0.8406257934442032
CV-G,gfold_2,G+E+normalized-GxE-mixture,W334,ME2,0.23763551589927928,-0.4651451182388263,0.7027806341381055
CV-G,gfold_2,G+E+normalized-GxE-mixture,W334,ME3,-0.5649906659153311,0.13011382670855515,-0.6951044926238863
CV-G,gfold_2,G+E+normalized-GxE-mixture,W334,ME4,0.3459172236964618,-0.043614921578037306,0.3895321452744991
CV-G,gfold_2,G+E+normalized-GxE-mixture,W337,ME1,-0.6706406908300031,-0.5304524309872614,-0.14018825984274175
CV-G,gfold_2,G+E+normalized-GxE-mixture,W337,ME2,0.05425572061124421,-0.08991519428863935,0.14417091489988357
CV-G,gfold_2,G+E+normalized-GxE-mixture,W337,ME3,0.42424142217868743,-0.06018749693570573,0.4844289191143932
CV-G,gfold_2,G+E+normalized-GxE-mixture,W337,ME4,-1.6994253140827222,-0.4308697659401417,-1.2685555481425805
CV-G,gfold_2,G+E+normalized-GxE-mixture,W339,ME1,0.6585221356698515,0.5204329152653401,0.13808922040451144
CV-G,gfold_2,G+E+normalized-GxE-mixture,W339,ME2,-0.15685001625454117,-0.1715761459128375,0.014726129658296339
CV-G,gfold_2,G+E+normalized-GxE-mixture,W339,ME3,-0.05215968297836793,-0.3090786449858099,0.25691896200744196
CV-G,gfold_2,G+E+normalized-GxE-mixture,W339,ME4,0.5779849347137154,-0.5230528855250494,1.1010378202387647
CV-G,gfold_2,G+E+normalized-GxE-mixture,W352,ME1,-0.7664965200758838,0.5712205773934406,-1.3377170974693242
CV-G,gfold_2,G+E+normalized-GxE-mixture,W352,ME2,-0.10218921794204906,-0.24126593540013502,0.13907671745808597
CV-G,gfold_2,G+E+normalized-GxE-mixture,W352,ME3,1.5962648353445779,-0.2562425597242457,1.8525073950688236
CV-G,gfold_2,G+E+normalized-GxE-mixture,W352,ME4,-1.491941047029161,-0.12403056688851957,-1.3679104801406414
CV-G,gfold_2,G+E+normalized-GxE-mixture,W356,ME1,-0.11187531746042761,0.09863256805260318,-0.2105078855130308
CV-G,gfold_2,G+E+normalized-GxE-mixture,W356,ME2,-0.8903185679767308,-0.01203448477791267,-0.8782840831988181
CV-G,gfold_2,G+E+normalized-GxE-mixture,W356,ME3,-0.28544435592139683,0.16006154444769513,-0.445505900369092
CV-G,gfold_2,G+E+normalized-GxE-mixture,W356,ME4,-0.4883071971450517,0.260070178724387,-0.7483773758694388
CV-G,gfold_2,G+E+normalized-GxE-mixture,W362,ME1,1.1535112134723502,0.39589393103153603,0.7576172824408142
CV-G,gfold_2,G+E+normalized-GxE-mixture,W362,ME2,-0.969844745074655,-0.3829250722928,-0.5869196727818551
CV-G,gfold_2,G+E+normalized-GxE-mixture,W362,ME3,-1.239505098994422,-0.10468853638300395,-1.1348165626114182
CV-G,gfold_2,G+E+normalized-GxE-mixture,W362,ME4,0.12958291681597156,-0.29740323886848646,0.426986155684458
CV-G,gfold_2,G+E+normalized-GxE-mixture,W366,ME1,1.1668104971731592,0.207161940804363,0.9596485563687962
CV-G,gfold_2,G+E+normalized-GxE-mixture,W366,ME2,0.5991802751902414,-0.2937275042294308,0.8929077794196723
CV-G,gfold_2,G+E+normalized-GxE-mixture,W366,ME3,-0.010653441519878112,-0.5043297329171725,0.4936762913972944
CV-G,gfold_2,G+E+normalized-GxE-mixture,W366,ME4,-0.8742082671095057,-0.08625522750524936,-0.7879530396042563
CV-G,gfold_2,G+E+normalized-GxE-mixture,W368,ME1,1.0881712544205484,-0.06310764300134195,1.1512788974218904
CV-G,gfold_2,G+E+normalized-GxE-mixture,W368,ME2,-0.7045275460872065,-0.3402485189486982,-0.3642790271385083
CV-G,gfold_2,G+E+normalized-GxE-mixture,W368,ME3,-1.1813423031696024,0.05897883225809759,-1.2403211354277
CV-G,gfold_2,G+E+normalized-GxE-mixture,W368,ME4,-1.0803158613011001,-0.07401092854006527,-1.006304932761035
CV-G,gfold_2,G+E+normalized-GxE-mixture,W374,ME1,-0.8595589296589503,-0.5203522206665784,-0.33920670899237193
CV-G,gfold_2,G+E+normalized-GxE-mixture,W374,ME2,0.4668033019006278,0.46382151372254316,0.0029817881780846434
CV-G,gfold_2,G+E+normalized-GxE-mixture,W374,ME3,0.5852491500341488,0.02030402202177272,0.5649451280123761
CV-G,gfold_2,G+E+normalized-GxE-mixture,W374,ME4,-0.7082208534666563,-0.8243641614945539,0.11614330802789763
CV-G,gfold_2,G+E+normalized-GxE-mixture,W378,ME1,-0.09864118640481433,0.21941785577305684,-0.3180590421778712
CV-G,gfold_2,G+E+normalized-GxE-mixture,W378,ME2,-0.5151165199560768,-0.06728565620558126,-0.4478308637504955
CV-G,gfold_2,G+E+normalized-GxE-mixture,W378,ME3,-0.9245678342363294,-0.013043335542353077,-0.9115244986939763
CV-G,gfold_2,G+E+normalized-GxE-mixture,W378,ME4,-0.30022221739211963,-0.18268931706994754,-0.11753290032217209
CV-G,gfold_2,G+E+normalized-GxE-mixture,W381,ME1,-0.47157492751164415,0.44545405388614584,-0.91702898139779
CV-G,gfold_2,G+E+normalized-GxE-mixture,W381,ME2,-0.8907742328463031,-0.5724080892200614,-0.3183661436262417
CV-G,gfold_2,G+E+normalized-GxE-mixture,W381,ME3,-0.852772341278013,-0.4340837695302564,-0.41868857174775664
CV-G,gfold_2,G+E+normalized-GxE-mixture,W381,ME4,-0.09855144316709136,-0.6949370424637552,0.5963855992966638
CV-G,gfold_2,G+E+normalized-GxE-mixture,W383,ME1,0.03905078513810063,0.0023813346004632613,0.03666945053763737
CV-G,gfold_2,G+E+normalized-GxE-mixture,W383,ME2,0.4160029976220155,0.46010682212636217,-0.04410382450434669
CV-G,gfold_2,G+E+normalized-GxE-mixture,W383,ME3,-0.3379564241239671,0.6368124970475385,-0.9747689211715056
CV-G,gfold_2,G+E+normalized-GxE-mixture,W383,ME4,0.6185692506844961,-0.15597359597174912,0.7745428466562452
CV-G,gfold_2,G+E+normalized-GxE-mixture,W384,ME1,-1.1003631063065464,-0.08099184043132283,-1.0193712658752236
CV-G,gfold_2,G+E+normalized-GxE-mixture,W384,ME2,-1.605009929865278,-0.4115219826626496,-1.1934879472026285
CV-G,gfold_2,G+E+normalized-GxE-mixture,W384,ME3,-1.6143620375226666,-0.13073853862992837,-1.4836234988927381
CV-G,gfold_2,G+E+normalized-GxE-mixture,W384,ME4,-0.05356964074008553,0.41555852599733933,-0.46912816673742486
CV-G,gfold_2,G+E+normalized-GxE-mixture,W390,ME1,0.7458511124755932,0.5245412524422133,0.22130986003337993
CV-G,gfold_2,G+E+normalized-GxE-mixture,W390,ME2,0.043718470502375345,0.1445282989068642,-0.10080982840448885
CV-G,gfold_2,G+E+normalized-GxE-mixture,W390,ME3,-0.8386919781296001,0.04109450655941976,-0.8797864846890198
CV-G,gfold_2,G+E+normalized-GxE-mixture,W390,ME4,-0.056598321036412325,-0.5230699126892722,0.46647159165285984
CV-G,gfold_2,G+E+normalized-GxE-mixture,W393,ME1,-0.17097691073462892,0.17443686951633855,-0.3454137802509675
CV-G,gfold_2,G+E+normalized-GxE-mixture,W393,ME2,0.2843285076729935,0.5987876897448275,-0.31445918207183404
CV-G,gfold_2,G+E+normalized-GxE-mixture,W393,ME3,0.3277905122856262,0.4186165115272574,-0.09082599924163115
CV-G,gfold_2,G+E+normalized-GxE-mixture,W393,ME4,0.43542455983050643,0.49670160744279335,-0.06127704761228692
CV-G,gfold_2,G+E+normalized-GxE-mixture,W394,ME1,-0.08289053442847352,0.3516077100533568,-0.4344982444818303
CV-G,gfold_2,G+E+normalized-GxE-mixture,W394,ME2,0.03283314306258371,0.44087133179288684,-0.4080381887303031
CV-G,gfold_2,G+E+normalized-GxE-mixture,W394,ME3,0.31778137591437794,0.43267816546364535,-0.11489678954926741
CV-G,gfold_2,G+E+normalized-GxE-mixture,W394,ME4,0.5342460712135143,0.5213001132275017,0.012945957986012613
CV-G,gfold_2,G+E+normalized-GxE-mixture,W399,ME1,1.132841536783646,0.426333451921174,0.706508084862472
CV-G,gfold_2,G+E+normalized-GxE-mixture,W399,ME2,2.299487407322027,0.5157302609066517,1.783757146415375
CV-G,gfold_2,G+E+normalized-GxE-mixture,W399,ME3,0.47372118661984175,0.3505534514523387,0.12316773516750307
CV-G,gfold_2,G+E+normalized-GxE-mixture,W399,ME4,0.7935325713873685,0.3532120357347571,0.4403205356526114
CV-G,gfold_2,G+E+normalized-GxE-mixture,W400,ME1,0.20878971403722194,0.6083275323444295,-0.3995378183072076
CV-G,gfold_2,G+E+normalized-GxE-mixture,W400,ME2,-0.8134757506662899,0.24115463450103136,-1.054630385167321
CV-G,gfold_2,G+E+normalized-GxE-mixture,W400,ME3,-0.4093295906531172,0.13615845797866769,-0.5454880486317849
CV-G,gfold_2,G+E+normalized-GxE-mixture,W400,ME4,-0.5505328105059495,0.09581801883123447,-0.646350829337184
CV-G,gfold_2,G+E+normalized-GxE-mixture,W403,ME1,0.7123707969250567,0.23698400168546016,0.4753867952395965
CV-G,gfold_2,G+E+normalized-GxE-mixture,W403,ME2,2.353274847967837,-0.07334367846524721,2.426618526433084
CV-G,gfold_2,G+E+normalized-GxE-mixture,W403,ME3,0.292492469335884,-0.1750606658873919,0.4675531352232759
CV-G,gfold_2,G+E+normalized-GxE-mixture,W403,ME4,0.7541990610454606,0.37410506524839837,0.38009399579706227
CV-G,gfold_2,G+E+normalized-GxE-mixture,W407,ME1,0.8491343432739153,0.5110640520099491,0.33807029126396626
CV-G,gfold_2,G+E+normalized-GxE-mixture,W407,ME2,0.37837900248854744,0.050736853698925444,0.327642148789622
CV-G,gfold_2,G+E+normalized-GxE-mixture,W407,ME3,0.4321051402897683,0.16953529254366564,0.2625698477461027
CV-G,gfold_2,G+E+normalized-GxE-mixture,W407,ME4,0.5189846692008548,0.47016383493878044,0.0488208342620744
CV-G,gfold_2,G+E+normalized-GxE-mixture,W418,ME1,-0.8542327009141062,-0.5730708305502904,-0.2811618703638158
CV-G,gfold_2,G+E+normalized-GxE-mixture,W418,ME2,0.5635118417886885,0.45119181522741914,0.11232002656126938
CV-G,gfold_2,G+E+normalized-GxE-mixture,W418,ME3,-0.4893857885659317,0.3811059042461227,-0.8704916928120543
CV-G,gfold_2,G+E+normalized-GxE-mixture,W418,ME4,0.11843579998507499,-0.13186274015383626,0.25029854013891123
CV-G,gfold_2,G+E+normalized-GxE-mixture,W421,ME1,-0.7322262287023361,0.0025798199699286397,-0.7348060486722647
CV-G,gfold_2,G+E+normalized-GxE-mixture,W421,ME2,0.5014021885944325,0.20124117912474337,0.30016100946968916
CV-G,gfold_2,G+E+normalized-GxE-mixture,W421,ME3,0.7517640145259437,0.12899215960971172,0.622771854916232
CV-G,gfold_2,G+E+normalized-GxE-mixture,W421,ME4,-0.3591359491822277,-0.019340077756795727,-0.33979587142543194
CV-G,gfold_2,G+E+normalized-GxE-mixture,W422,ME1,0.18329874160394888,-0.0034958948512590904,0.18679463645520797
CV-G,gfold_2,G+E+normalized-GxE-mixture,W422,ME2,1.9038373982792973,0.17558885113916226,1.728248547140135
CV-G,gfold_2,G+E+normalized-GxE-mixture,W422,ME3,0.6236893016168898,0.06665663708340533,0.5570326645334845
CV-G,gfold_2,G+E+normalized-GxE-mixture,W422,ME4,0.3901674228311079,0.47423957566606845,-0.08407215283496056
CV-G,gfold_2,G+E+normalized-GxE-mixture,W427,ME1,-0.5985411448390269,-0.11099566944997374,-0.48754547538905313
CV-G,gfold_2,G+E+normalized-GxE-mixture,W427,ME2,0.19678389460633755,0.4800931381595126,-0.28330924355317505
CV-G,gfold_2,G+E+normalized-GxE-mixture,W427,ME3,0.1611320568079141,0.34947641752761727,-0.18834436071970317
CV-G,gfold_2,G+E+normalized-GxE-mixture,W427,ME4,0.17928474048400575,-0.4182126488108893,0.597497389294895
CV-G,gfold_2,G+E+normalized-GxE-mixture,W429,ME1,-1.0413592420001396,-0.21319993886317673,-0.828159303136963
CV-G,gfold_2,G+E+normalized-GxE-mixture,W429,ME2,0.3234523996688045,0.4329354147459626,-0.10948301507715807
CV-G,gfold_2,G+E+normalized-GxE-mixture,W429,ME3,-0.037031950285621784,0.41530400041727905,-0.45233595070290084
CV-G,gfold_2,G+E+normalized-GxE-mixture,W429,ME4,-0.19399813936276414,-0.3656744210307696,0.17167628166800544
CV-G,gfold_2,G+E+normalized-GxE-mixture,W431,ME1,-1.0437698898724235,-0.4640064398920266,-0.5797634499803969
CV-G,gfold_2,G+E+normalized-GxE-mixture,W431,ME2,0.4575760882917803,0.6071828047635562,-0.14960671647177592
CV-G,gfold_2,G+E+normalized-GxE-mixture,W431,ME3,0.0238252881572805,0.3927743131294653,-0.3689490249721848
CV-G,gfold_2,G+E+normalized-GxE-mixture,W431,ME4,-0.40857030497993724,-0.6726244887009059,0.2640541837209686
CV-G,gfold_2,G+E+normalized-GxE-mixture,W432,ME1,-0.380581114413579,-0.2697539143809549,-0.11082720003262408
CV-G,gfold_2,G+E+normalized-GxE-mixture,W432,ME2,1.3095048487453835,0.7668499141659305,0.542654934579453
CV-G,gfold_2,G+E+normalized-GxE-mixture,W432,ME3,0.6673240682783796,0.5658490847242639,0.10147498355411577
CV-G,gfold_2,G+E+normalized-GxE-mixture,W432,ME4,-0.14617645748907251,-0.5440179089092682,0.39784145142019567
CV-G,gfold_2,G+E+normalized-GxE-mixture,W433,ME1,-0.8926564734189554,0.08508101726914927,-0.9777374906881047
CV-G,gfold_2,G+E+normalized-GxE-mixture,W433,ME2,0.43648260203781,0.5425942600932231,-0.10611165805541312
CV-G,gfold_2,G+E+normalized-GxE-mixture,W433,ME3,-0.24169978438832343,0.2820154853546207,-0.5237152697429441
CV-G,gfold_2,G+E+normalized-GxE-mixture,W433,ME4,0.502779262939989,-0.708129767386254,1.2109090303262429
CV-G,gfold_2,G+E+normalized-GxE-mixture,W436,ME1,-0.10514016276320107,0.328334485503497,-0.433474648266698
CV-G,gfold_2,G+E+normalized-GxE-mixture,W436,ME2,1.712521439846205,0.11632416214766897,1.596197277698536
CV-G,gfold_2,G+E+normalized-GxE-mixture,W436,ME3,0.3901765724021114,0.37580247667151223,0.014374095730599168
CV-G,gfold_2,G+E+normalized-GxE-mixture,W436,ME4,0.6863487557056707,0.10533222403318315,0.5810165316724876
CV-G,gfold_2,G+E+normalized-GxE-mixture,W443,ME1,-0.16270252479462838,-0.4843630782301716,0.32166055343554323
CV-G,gfold_2,G+E+normalized-GxE-mixture,W443,ME2,0.8099252773676141,0.3860081899694244,0.42391708739818973
CV-G,gfold_2,G+E+normalized-GxE-mixture,W443,ME3,1.6516233836797303,0.32886948420609996,1.3227538994736303
CV-G,gfold_2,G+E+normalized-GxE-mixture,W443,ME4,-0.8104879803556154,-0.30286072595317026,-0.5076272544024452
CV-G,gfold_2,G+E+normalized-GxE-mixture,W446,ME1,-0.008673527468599925,-0.24525466551995334,0.23658113805135342
CV-G,gfold_2,G+E+normalized-GxE-mixture,W446,ME2,1.907792822494339,0.8044323430319895,1.1033604794623495
CV-G,gfold_2,G+E+normalized-GxE-mixture,W446,ME3,0.7195574010376993,0.9048376553651976,-0.18528025432749828
CV-G,gfold_2,G+E+normalized-GxE-mixture,W446,ME4,0.17579979146771263,0.2264484730523379,-0.050648681584625266
CV-G,gfold_2,G+E+normalized-GxE-mixture,W449,ME1,0.12509299720120523,-0.5355605495950827,0.660653546796288
CV-G,gfold_2,G+E+normalized-GxE-mixture,W449,ME2,-1.4031757073595486,-0.7849468749661488,-0.6182288323933998
CV-G,gfold_2,G+E+normalized-GxE-mixture,W449,ME3,-0.9981708843114786,-0.35729046861256175,-0.6408804156989168
CV-G,gfold_2,G+E+normalized-GxE-mixture,W449,ME4,-2.3110613998993825,-0.5793178857420664,-1.731743514157316
CV-G,gfold_2,G+E+normalized-GxE-mixture,W454,ME1,-1.2862436030531907,-0.40497178359334063,-0.8812718194598501
CV-G,gfold_2,G+E+normalized-GxE-mixture,W454,ME2,0.7295257426030093,0.8159771864815165,-0.08645144387850723
CV-G,gfold_2,G+E+normalized-GxE-mixture,W454,ME3,1.4784695477214393,0.689015400645651,0.7894541470757883
CV-G,gfold_2,G+E+normalized-GxE-mixture,W454,ME4,1.1902818235041195,0.4807416263354325,0.709540197168687
CV-G,gfold_2,G+E+normalized-GxE-mixture,W456,ME1,0.3544140201328539,0.24907148265886495,0.10534253747398895
CV-G,gfold_2,G+E+normalized-GxE-mixture,W456,ME2,1.2343707746958408,0.6557330489250807,0.5786377257707601
CV-G,gfold_2,G+E+normalized-GxE-mixture,W456,ME3,1.1406084043881837,0.5245214060974583,0.6160869982907253
CV-G,gfold_2,G+E+normalized-GxE-mixture,W456,ME4,0.389742620919416,-0.09875499298112844,0.48849761390054447
CV-G,gfold_2,G+E+normalized-GxE-mixture,W464,ME1,-0.8488657517660154,-0.18134896156579197,-0.6675167902002235
CV-G,gfold_2,G+E+normalized-GxE-mixture,W464,ME2,0.6863768109259724,0.7916159522448751,-0.10523914131890277
CV-G,gfold_2,G+E+normalized-GxE-mixture,W464,ME3,1.7880601598862824,0.8367863103836517,0.9512738495026307
CV-G,gfold_2,G+E+normalized-GxE-mixture,W464,ME4,0.4570422571144192,0.45488257263766463,0.0021596844767545753
CV-G,gfold_2,G+E+normalized-GxE-mixture,W466,ME1,-0.17420196667187293,0.09670600410353752,-0.27090797077541046
CV-G,gfold_2,G+E+normalized-GxE-mixture,W466,ME2,1.461146320131931,-0.1595365733686005,1.6206828935005315
CV-G,gfold_2,G+E+normalized-GxE-mixture,W466,ME3,0.38304770227777957,-0.1548278279828388,0.5378755302606184
CV-G,gfold_2,G+E+normalized-GxE-mixture,W466,ME4,0.1882999810543706,-0.8830153419751068,1.0713153230294774
CV-G,gfold_2,G+E+normalized-GxE-mixture,W468,ME1,0.04701569601341622,0.10351787653410685,-0.05650218052069063
CV-G,gfold_2,G+E+normalized-GxE-mixture,W468,ME2,1.0038992808732146,0.3331839413271952,0.6707153395460194
CV-G,gfold_2,G+E+normalized-GxE-mixture,W468,ME3,1.4324106273565322,0.286267423525275,1.1461432038312571
CV-G,gfold_2,G+E+normalized-GxE-mixture,W468,ME4,0.06763263802746716,1.0512375674449246,-0.9836049294174574
CV-G,gfold_2,G+E+normalized-GxE-mixture,W474,ME1,-0.26507361856019424,-0.2710076748657663,0.0059340563055720885
CV-G,gfold_2,G+E+normalized-GxE-mixture,W474,ME2,1.0483076196203214,0.7232297480976411,0.3250778715226803
CV-G,gfold_2,G+E+normalized-GxE-mixture,W474,ME3,0.9011746586364905,0.555958519843794,0.3452161387926965
CV-G,gfold_2,G+E+normalized-GxE-mixture,W474,ME4,0.7805525129745386,0.348511866479046,0.4320406464954927
CV-G,gfold_2,G+E+normalized-GxE-mixture,W475,ME1,0.18180837484507215,0.28619470169455963,-0.10438632684948748
CV-G,gfold_2,G+E+normalized-GxE-mixture,W475,ME2,1.3919548754230655,0.7829878838193265,0.608966991603739
CV-G,gfold_2,G+E+normalized-GxE-mixture,W475,ME3,0.16777947480299704,0.46456536234155543,-0.2967858875385584
CV-G,gfold_2,G+E+normalized-GxE-mixture,W475,ME4,0.570118232645334,0.8789320553140415,-0.3088138226687075
CV-G,gfold_2,G+E+normalized-GxE-mixture,W484,ME1,-0.4499931137901852,-0.23596388750082498,-0.21402922628936022
CV-G,gfold_2,G+E+normalized-GxE-mixture,W484,ME2,0.9858055883439324,0.2858614515535371,0.6999441367903954
CV-G,gfold_2,G+E+normalized-GxE-mixture,W484,ME3,0.4674707554681761,0.5438155843183384,-0.0763448288501623
CV-G,gfold_2,G+E+normalized-GxE-mixture,W484,ME4,0.3790675062126212,0.806882998022268,-0.42781549180964684
CV-G,gfold_2,G+E+normalized-GxE-mixture,W500,ME1,1.0885377380497812,-0.42915913067171707,1.5176968687214982
CV-G,gfold_2,G+E+normalized-GxE-mixture,W500,ME2,-0.3922642081762817,-0.15358026611716577,-0.23868394205911594
CV-G,gfold_2,G+E+normalized-GxE-mixture,W500,ME3,-0.24884554756982202,0.12095151247032923,-0.3697970600401512
CV-G,gfold_2,G+E+normalized-GxE-mixture,W500,ME4,1.2997548494877165,-0.7893725963905203,2.089127445878237
CV-G,gfold_2,G+E+normalized-GxE-mixture,W503,ME1,-1.008359427207929,0.833305352170342,-1.841664779378271
CV-G,gfold_2,G+E+normalized-GxE-mixture,W503,ME2,-2.051270382824297,-0.7699485329453462,-1.2813218498789507
CV-G,gfold_2,G+E+normalized-GxE-mixture,W503,ME3,-1.3912385384653865,-0.9154018055727386,-0.47583673289264783
CV-G,gfold_2,G+E+normalized-GxE-mixture,W503,ME4,-0.46435308934683,-0.6521038930581027,0.18775080371127267
CV-G,gfold_2,G+E+normalized-GxE-mixture,W506,ME1,0.44054581708310364,-0.2932577127010634,0.733803529784167
CV-G,gfold_2,G+E+normalized-GxE-mixture,W506,ME2,0.1312567548902864,-0.24010586189086652,0.3713626167811529
CV-G,gfold_2,G+E+normalized-GxE-mixture,W506,ME3,-1.924079347616261,-0.4443417586624291,-1.479737588953832
CV-G,gfold_2,G+E+normalized-GxE-mixture,W506,ME4,-0.7475543638085629,0.24826633415941332,-0.9958206979679762
CV-G,gfold_2,G+E+normalized-GxE-mixture,W508,ME1,-1.7867462234554732,0.045257109757217445,-1.8320033332126906
CV-G,gfold_2,G+E+normalized-GxE-mixture,W508,ME2,0.19312591829226916,0.5152593573844486,-0.32213343909217945
CV-G,gfold_2,G+E+normalized-GxE-mixture,W508,ME3,0.5028025845322519,0.48336811181709255,0.019434472715159357
CV-G,gfold_2,G+E+normalized-GxE-mixture,W508,ME4,1.2122377889769722,0.5033222149308324,0.7089155740461398
CV-G,gfold_2,G+E+normalized-GxE-mixture,W512,ME1,0.7003338457249367,0.13885655536958783,0.5614772903553489
CV-G,gfold_2,G+E+normalized-GxE-mixture,W512,ME2,0.8502199749310789,0.309767813135779,0.5404521617953
CV-G,gfold_2,G+E+normalized-GxE-mixture,W512,ME3,1.727760392329879,0.46553856534682114,1.2622218269830578
CV-G,gfold_2,G+E+normalized-GxE-mixture,W512,ME4,0.5619683293024913,-0.03539590728204426,0.5973642365845355
CV-G,gfold_2,G+E+normalized-GxE-mixture,W513,ME1,0.011328334606835667,0.2713066970348921,-0.2599783624280564
CV-G,gfold_2,G+E+normalized-GxE-mixture,W513,ME2,1.3825124867369198,0.39031135627480573,0.9922011304621141
CV-G,gfold_2,G+E+normalized-GxE-mixture,W513,ME3,1.2704568882997376,0.5398202479441819,0.7306366403555556
CV-G,gfold_2,G+E+normalized-GxE-mixture,W513,ME4,-0.15853504643850008,0.012713077628358611,-0.1712481240668587
CV-G,gfold_2,G+E+normalized-GxE-mixture,W527,ME1,-2.157301893012618,-0.9279180349233389,-1.229383858089279
CV-G,gfold_2,G+E+normalized-GxE-mixture,W527,ME2,0.6181663114224368,0.11797181521601591,0.5001944962064209
CV-G,gfold_2,G+E+normalized-GxE-mixture,W527,ME3,0.1582771301467489,0.45177456058583937,-0.2934974304390905
CV-G,gfold_2,G+E+normalized-GxE-mixture,W527,ME4,0.8112326510412262,0.9759106339849226,-0.1646779829436964
CV-G,gfold_2,G+E+normalized-GxE-mixture,W528,ME1,-1.8478349724081802,-1.1318562256949483,-0.7159787467132319
CV-G,gfold_2,G+E+normalized-GxE-mixture,W528,ME2,0.7566061589488636,0.1900335579534302,0.5665726009954335
CV-G,gfold_2,G+E+normalized-GxE-mixture,W528,ME3,-0.05504839575386742,0.37554510027790516,-0.4305934960317726
CV-G,gfold_2,G+E+normalized-GxE-mixture,W528,ME4,0.7628524333206811,0.7170045410339763,0.04584789228670483
CV-G,gfold_2,G+E+normalized-GxE-mixture,W530,ME1,-2.0769768255655374,-1.0250797513823504,-1.051897074183187
CV-G,gfold_2,G+E+normalized-GxE-mixture,W530,ME2,0.41949009960999495,-0.6549145302868876,1.0744046298968826
CV-G,gfold_2,G+E+normalized-GxE-mixture,W530,ME3,-0.44079290962602663,-0.01460352181917605,-0.42618938780685056
CV-G,gfold_2,G+E+normalized-GxE-mixture,W530,ME4,0.4346142895174631,0.07935613947522979,0.3552581500422333
CV-G,gfold_2,G+E+normalized-GxE-mixture,W534,ME1,0.04028054131619112,-1.958109404278133,1.9983899455943241
CV-G,gfold_2,G+E+normalized-GxE-mixture,W534,ME2,1.8999199461367207,0.6359981052675789,1.2639218408691417
CV-G,gfold_2,G+E+normalized-GxE-mixture,W534,ME3,0.9748706205260559,0.3176469158512752,0.6572237046747806
CV-G,gfold_2,G+E+normalized-GxE-mixture,W534,ME4,0.4959430988425651,0.27847071888767605,0.21747237995488905
CV-G,gfold_2,G+E+normalized-GxE-mixture,W536,ME1,0.29428627269680174,0.006818747566127034,0.2874675251306747
CV-G,gfold_2,G+E+normalized-GxE-mixture,W536,ME2,1.975984335961642,-0.009962406163904428,1.9859467421255466
CV-G,gfold_2,G+E+normalized-GxE-mixture,W536,ME3,1.1094407139156917,-0.046991185950606626,1.1564318998662984
CV-G,gfold_2,G+E+normalized-GxE-mixture,W536,ME4,0.49440122523716273,-0.03530709905047424,0.5297083242876369
CV-G,gfold_2,G+E+normalized-GxE-mixture,W538,ME1,-0.6929961922131744,-0.27666791041267536,-0.4163282818004991
CV-G,gfold_2,G+E+normalized-GxE-mixture,W538,ME2,0.6743713073484808,0.1312828311115754,0.5430884762369055
CV-G,gfold_2,G+E+normalized-GxE-mixture,W538,ME3,1.8891820000859245,0.15749962199484746,1.731682378091077
CV-G,gfold_2,G+E+normalized-GxE-mixture,W538,ME4,2.2981730759004892,-0.15028283011508553,2.4484559060155746
CV-G,gfold_2,G+E+normalized-GxE-mixture,W539,ME1,-0.6286335228393262,-0.025719940227722934,-0.6029135826116032
CV-G,gfold_2,G+E+normalized-GxE-mixture,W539,ME2,1.0885959885050411,-0.26158830139220524,1.3501842898972463
CV-G,gfold_2,G+E+normalized-GxE-mixture,W539,ME3,1.9842054466484027,-0.176241108645611,2.1604465552940137
CV-G,gfold_2,G+E+normalized-GxE-mixture,W539,ME4,2.5590801167004287,0.41658188721229916,2.1424982294881296
CV-G,gfold_2,G+E+normalized-GxE-mixture,W548,ME1,-1.2218972218406412,-0.28580685001734085,-0.9360903718233003
CV-G,gfold_2,G+E+normalized-GxE-mixture,W548,ME2,0.3781258553387854,-0.476944783195304,0.8550706385340894
CV-G,gfold_2,G+E+normalized-GxE-mixture,W548,ME3,0.8777102022319961,-0.3702110977953697,1.247921300027366
CV-G,gfold_2,G+E+normalized-GxE-mixture,W548,ME4,1.5442755498792187,-0.2671748955379043,1.811450445417123
CV-G,gfold_2,G+E+normalized-GxE-mixture,W550,ME1,-1.4484003928675266,-0.6888888241010807,-0.759511568766446
CV-G,gfold_2,G+E+normalized-GxE-mixture,W550,ME2,0.8365057280926893,0.1945439980313132,0.6419617300613761
CV-G,gfold_2,G+E+normalized-GxE-mixture,W550,ME3,1.0729179243213662,-0.029228273297755278,1.1021461976191216
CV-G,gfold_2,G+E+normalized-GxE-mixture,W550,ME4,1.4409621516151645,0.13943835328195447,1.30152379833321
CV-G,gfold_2,G+E+normalized-GxE-mixture,W555,ME1,-2.3112983140160472,-1.2045316054306612,-1.106766708585386
CV-G,gfold_2,G+E+normalized-GxE-mixture,W555,ME2,0.12136503001331247,0.5049256463611468,-0.38356061634783434
CV-G,gfold_2,G+E+normalized-GxE-mixture,W555,ME3,0.5844551763473157,0.28232196436300555,0.30213321198431015
CV-G,gfold_2,G+E+normalized-GxE-mixture,W555,ME4,1.4273920905472062,0.8014358536241558,0.6259562369230504
CV-G,gfold_2,G+E+normalized-GxE-mixture,W556,ME1,-1.5694458635626432,-0.5056020624043237,-1.0638438011583196
CV-G,gfold_2,G+E+normalized-GxE-mixture,W556,ME2,0.30082737315877106,0.718329839767362,-0.4175024666085909
CV-G,gfold_2,G+E+normalized-GxE-mixture,W556,ME3,0.9035396866398238,0.9790654084534669,-0.07552572181364314
CV-G,gfold_2,G+E+normalized-GxE-mixture,W556,ME4,1.7595635853846139,0.8297337954351809,0.929829789949433
CV-G,gfold_2,G+E+normalized-GxE-mixture,W557,ME1,-2.050321249599372,-1.3085516863053066,-0.7417695632940655
CV-G,gfold_2,G+E+normalized-GxE-mixture,W557,ME2,0.2700889804988472,0.3917759412178428,-0.1216869607189956
CV-G,gfold_2,G+E+normalized-GxE-mixture,W557,ME3,0.6539025343594655,0.38426066022637917,0.2696418741330864
CV-G,gfold_2,G+E+normalized-GxE-mixture,W557,ME4,0.050129225925318634,0.6398146559525957,-0.589685430027277
CV-G,gfold_2,G+E+normalized-GxE-mixture,W566,ME1,-1.5091145141103515,-1.0767816572488962,-0.4323328568614553
CV-G,gfold_2,G+E+normalized-GxE-mixture,W566,ME2,-0.039225193117343994,-0.3441463535996204,0.3049211604822764
CV-G,gfold_2,G+E+normalized-GxE-mixture,W566,ME3,0.9078474162173232,-0.075057789484134,0.9829052057014572
CV-G,gfold_2,G+E+normalized-GxE-mixture,W566,ME4,1.3676051548275066,1.258415921662509,0.10918923316499751
CV-G,gfold_2,G+E+normalized-GxE-mixture,W573,ME1,-1.7408461849142838,-0.07042251373684563,-1.670423671177438
CV-G,gfold_2,G+E+normalized-GxE-mixture,W573,ME2,0.5521645208005797,0.6774216042316948,-0.1252570834311152
CV-G,gfold_2,G+E+normalized-GxE-mixture,W573,ME3,0.6844958608882918,0.2924753748710794,0.39202048601721246
CV-G,gfold_2,G+E+normalized-GxE-mixture,W573,ME4,1.9489544376808983,0.8933759073833827,1.0555785302975156
CV-G,gfold_2,G+E+normalized-GxE-mixture,W576,ME1,-1.7027155993128222,-1.3156495135673134,-0.3870660857455088
CV-G,gfold_2,G+E+normalized-GxE-mixture,W576,ME2,0.4243505248854375,-0.6785203981464851,1.1028709230319227
CV-G,gfold_2,G+E+normalized-GxE-mixture,W576,ME3,0.08415884182801656,0.020408989349034963,0.0637498524789816
CV-G,gfold_2,G+E+normalized-GxE-mixture,W576,ME4,0.3435572130759473,-0.008597665638546671,0.35215487871449397
CV-G,gfold_2,G+E+normalized-GxE-mixture,W583,ME1,-2.1487913287337777,0.3609959347179532,-2.509787263451731
CV-G,gfold_2,G+E+normalized-GxE-mixture,W583,ME2,0.13085804812941076,0.5812943388803463,-0.45043629075093555
CV-G,gfold_2,G+E+normalized-GxE-mixture,W583,ME3,-0.10947782594485483,0.6308403646386518,-0.7403181905835066
CV-G,gfold_2,G+E+normalized-GxE-mixture,W583,ME4,1.787883712830787,0.2093634495463262,1.5785202632844608
CV-G,gfold_2,G+E+normalized-GxE-mixture,W584,ME1,-1.462473364230048,-0.5591579273808442,-0.9033154368492038
CV-G,gfold_2,G+E+normalized-GxE-mixture,W584,ME2,0.6090150419585175,0.727960070446666,-0.11894502848814847
CV-G,gfold_2,G+E+normalized-GxE-mixture,W584,ME3,0.9256442519424007,0.8916744836457264,0.03396976829667431
CV-G,gfold_2,G+E+normalized-GxE-mixture,W584,ME4,1.3320083279680808,1.4317814670722337,-0.09977313910415297
CV-G,gfold_2,G+E+normalized-GxE-mixture,W590,ME1,-0.8955720542915144,-0.0507485105455933,-0.8448235437459212
CV-G,gfold_2,G+E+normalized-GxE-mixture,W590,ME2,0.1349273885618447,0.6538622295485021,-0.5189348409866574
CV-G,gfold_2,G+E+normalized-GxE-mixture,W590,ME3,1.0812462015045308,0.2680500108511952,0.8131961906533356
CV-G,gfold_2,G+E+normalized-GxE-mixture,W590,ME4,2.792201965794846,0.8518066802338994,1.9403952855609465
CV-G,gfold_2,G+E+normalized-GxE-mixture,W591,ME1,-1.107521753197551,-0.20789599929696295,-0.8996257539005881
CV-G,gfold_2,G+E+normalized-GxE-mixture,W591,ME2,0.9965326988151226,0.6440097988026743,0.35252290001244835
CV-G,gfold_2,G+E+normalized-GxE-mixture,W591,ME3,1.961915057716992,0.5341136248657592,1.4278014328512327
CV-G,gfold_2,G+E+normalized-GxE-mixture,W591,ME4,1.935250642677778,0.33032824744190686,1.604922395235871
CV-G,gfold_3,G+E normalized-reference,W001,ME1,1.6716294803197338,-0.2814000078572945,1.9530294881770283
CV-G,gfold_3,G+E normalized-reference,W001,ME2,-1.7274698635629413,-0.28504657051830745,-1.442423293044634
CV-G,gfold_3,G+E normalized-reference,W001,ME3,-1.8902847867543517,-0.2774453023645104,-1.6128394843898413
CV-G,gfold_3,G+E normalized-reference,W001,ME4,0.050915896132156344,-0.23475014670086075,0.2856660428330171
CV-G,gfold_3,G+E normalized-reference,W005,ME1,0.998317612613427,-0.12225703395523614,1.1205746465686632
CV-G,gfold_3,G+E normalized-reference,W005,ME2,-0.28248061800298024,-0.12590359661624906,-0.15657702138673119
CV-G,gfold_3,G+E normalized-reference,W005,ME3,1.6186819222047384,-0.11830232846245205,1.7369842506671904
CV-G,gfold_3,G+E normalized-reference,W005,ME4,-0.11428484730385398,-0.07560717279880234,-0.038677674505051635
CV-G,gfold_3,G+E normalized-reference,W013,ME1,1.1741808901610542,-0.3389533140074044,1.5131342041684586
CV-G,gfold_3,G+E normalized-reference,W013,ME2,-0.2076376631756647,-0.34259987666841735,0.13496221349275264
CV-G,gfold_3,G+E normalized-reference,W013,ME3,0.7516035304828591,-0.3349986085146203,1.0866021389974794
CV-G,gfold_3,G+E normalized-reference,W013,ME4,-0.1916381287422496,-0.29230345285097065,0.10066532410872103
CV-G,gfold_3,G+E normalized-reference,W014,ME1,0.31602282395060466,0.041180152504545944,0.27484267144605873
CV-G,gfold_3,G+E normalized-reference,W014,ME2,-0.6536512976636655,0.03753358984353301,-0.6911848875071985
CV-G,gfold_3,G+E normalized-reference,W014,ME3,-0.43037833988277874,0.04513485799733004,-0.47551319788010876
CV-G,gfold_3,G+E normalized-reference,W014,ME4,0.006807297634742042,0.08783001366097974,-0.0810227160262377
CV-G,gfold_3,G+E normalized-reference,W015,ME1,0.7976148890844981,-0.3745112988699044,1.1721261879544025
CV-G,gfold_3,G+E normalized-reference,W015,ME2,-0.6338235471585086,-0.37815786153091735,-0.2556656856275913
CV-G,gfold_3,G+E normalized-reference,W015,ME3,-0.697905239702633,-0.3705565933771203,-0.32734864632551264
CV-G,gfold_3,G+E normalized-reference,W015,ME4,-0.23608499542860478,-0.32786143771347065,0.09177644228486587
CV-G,gfold_3,G+E normalized-reference,W018,ME1,1.8136703909295409,-0.16843080074727176,1.9821011916768125
CV-G,gfold_3,G+E normalized-reference,W018,ME2,-0.35961455453564845,-0.17207736340828472,-0.18753719112736372
CV-G,gfold_3,G+E normalized-reference,W018,ME3,-0.5233577265280902,-0.16447609525448767,-0.3588816312736025
CV-G,gfold_3,G+E normalized-reference,W018,ME4,-0.5764535938212662,-0.12178093959083798,-0.4546726542304282
CV-G,gfold_3,G+E normalized-reference,W021,ME1,0.6658680964157973,0.5966823998165125,0.06918569659928475
CV-G,gfold_3,G+E normalized-reference,W021,ME2,-0.4888968039194143,0.5930358371554996,-1.081932641074914
CV-G,gfold_3,G+E normalized-reference,W021,ME3,-0.718396518045794,0.6006371053092966,-1.3190336233550906
CV-G,gfold_3,G+E normalized-reference,W021,ME4,0.26606233100032195,0.6433322609729463,-0.3772699299726243
CV-G,gfold_3,G+E normalized-reference,W030,ME1,-0.5190467736182077,-0.0034432947813395377,-0.5156034788368682
CV-G,gfold_3,G+E normalized-reference,W030,ME2,0.41790792992397896,-0.007089857442352472,0.4249977873663314
CV-G,gfold_3,G+E normalized-reference,W030,ME3,0.5699440402411526,0.0005114107114445546,0.5694326295297081
CV-G,gfold_3,G+E normalized-reference,W030,ME4,-1.1923848989672625,0.043206566375094256,-1.2355914653423568
CV-G,gfold_3,G+E normalized-reference,W035,ME1,0.26570869369733,-0.34104836266578836,0.6067570563631184
CV-G,gfold_3,G+E normalized-reference,W035,ME2,-0.3621966554632271,-0.3446949253268013,-0.017501730136425808
CV-G,gfold_3,G+E normalized-reference,W035,ME3,-0.07067447363303,-0.33709365717300427,0.2664191835399743
CV-G,gfold_3,G+E normalized-reference,W035,ME4,0.011094650262009738,-0.2943985015093546,0.3054931517713643
CV-G,gfold_3,G+E normalized-reference,W040,ME1,0.12124899113458985,0.0018475768165134403,0.11940141431807641
CV-G,gfold_3,G+E normalized-reference,W040,ME2,-0.3822269236881942,-0.0017989858444994941,-0.3804279378436947
CV-G,gfold_3,G+E normalized-reference,W040,ME3,-0.6295052512348155,0.005802282309297533,-0.6353075335441131
CV-G,gfold_3,G+E normalized-reference,W040,ME4,-0.2185186497099088,0.048497437972947234,-0.26701608768285606
CV-G,gfold_3,G+E normalized-reference,W041,ME1,0.7482861925898263,0.34113427685574027,0.40715191573408605
CV-G,gfold_3,G+E normalized-reference,W041,ME2,1.4223008900008585,0.33748771419472734,1.084813175806131
CV-G,gfold_3,G+E normalized-reference,W041,ME3,1.167983603526761,0.34508898234852436,0.8228946211782366
CV-G,gfold_3,G+E normalized-reference,W041,ME4,-0.9540552931035775,0.38778413801217404,-1.3418394311157515
CV-G,gfold_3,G+E normalized-reference,W047,ME1,0.004511739103114679,-0.16083543822005686,0.16534717732317153
CV-G,gfold_3,G+E normalized-reference,W047,ME2,-0.7633779297282691,-0.1644820008810698,-0.5988959288471993
CV-G,gfold_3,G+E normalized-reference,W047,ME3,-0.7506031315340369,-0.15688073272727276,-0.5937223988067641
CV-G,gfold_3,G+E normalized-reference,W047,ME4,-0.39312796881970424,-0.11418557706362308,-0.27894239175608115
CV-G,gfold_3,G+E normalized-reference,W052,ME1,0.139231121208924,-0.07016994715237831,0.20940106836130232
CV-G,gfold_3,G+E normalized-reference,W052,ME2,-0.48340351076956456,-0.07381650981339125,-0.4095870009561733
CV-G,gfold_3,G+E normalized-reference,W052,ME3,-0.5166005036614257,-0.06621524165959422,-0.4503852620018315
CV-G,gfold_3,G+E normalized-reference,W052,ME4,-0.31881910108177297,-0.023520085995944517,-0.29529901508582845
CV-G,gfold_3,G+E normalized-reference,W056,ME1,-1.092259746060187,-0.34801511393676265,-0.7442446321234244
CV-G,gfold_3,G+E normalized-reference,W056,ME2,-0.28348687792328675,-0.3516616765977756,0.06817479867448883
CV-G,gfold_3,G+E normalized-reference,W056,ME3,1.5632389085837513,-0.34406040844397856,1.90729931702773
CV-G,gfold_3,G+E normalized-reference,W056,ME4,-1.3650904761765097,-0.3013652527803289,-1.063725223396181
CV-G,gfold_3,G+E normalized-reference,W057,ME1,0.44940657682987684,-0.4296088104147497,0.8790153872446265
CV-G,gfold_3,G+E normalized-reference,W057,ME2,-0.13420600370827623,-0.4332553730757626,0.2990493693674864
CV-G,gfold_3,G+E normalized-reference,W057,ME3,0.22090813959215116,-0.4256541049219656,0.6465622445141168
CV-G,gfold_3,G+E normalized-reference,W057,ME4,-0.5565665709923975,-0.3829589492583159,-0.17360762173408156
CV-G,gfold_3,G+E normalized-reference,W071,ME1,0.5258713500490438,0.17386934198614365,0.35200200806290016
CV-G,gfold_3,G+E normalized-reference,W071,ME2,1.2510341858289644,0.1702227793251307,1.0808114065038337
CV-G,gfold_3,G+E normalized-reference,W071,ME3,1.4130089512006208,0.17782404747892774,1.235184903721693
CV-G,gfold_3,G+E normalized-reference,W071,ME4,-2.090140805713025,0.22051920314257745,-2.3106600088556024
CV-G,gfold_3,G+E normalized-reference,W077,ME1,-0.15064114135255904,0.3155441690112369,-0.46618531036379596
CV-G,gfold_3,G+E normalized-reference,W077,ME2,0.32447764562534365,0.31189760635022395,0.012580039275119692
CV-G,gfold_3,G+E normalized-reference,W077,ME3,1.2641726710337384,0.319498874504021,0.9446737965297174
CV-G,gfold_3,G+E normalized-reference,W077,ME4,-0.07680787865008504,0.36219403016767066,-0.4390019088177557
CV-G,gfold_3,G+E normalized-reference,W085,ME1,-0.07534097166628811,-0.5019477900738938,0.42660681840760567
CV-G,gfold_3,G+E normalized-reference,W085,ME2,-1.1528891203892548,-0.5055943527349067,-0.6472947676543481
CV-G,gfold_3,G+E normalized-reference,W085,ME3,0.22778361385898288,-0.4979930845811097,0.7257766984400926
CV-G,gfold_3,G+E normalized-reference,W085,ME4,0.08238270440568299,-0.45529792891746,0.537680633323143
CV-G,gfold_3,G+E normalized-reference,W086,ME1,0.9299969200438688,0.4259605423561385,0.5040363776877304
CV-G,gfold_3,G+E normalized-reference,W086,ME2,-0.08236779611563717,0.4223139796951256,-0.5046817758107628
CV-G,gfold_3,G+E normalized-reference,W086,ME3,1.1544860508505967,0.4299152478489226,0.7245708030016742
CV-G,gfold_3,G+E normalized-reference,W086,ME4,0.6251851471240046,0.4726104035125723,0.15257474361143236
CV-G,gfold_3,G+E normalized-reference,W096,ME1,-0.01652442121482098,-0.46348552501163115,0.44696110379681014
CV-G,gfold_3,G+E normalized-reference,W096,ME2,-0.596522314640988,-0.4671320876726441,-0.12939022696834396
CV-G,gfold_3,G+E normalized-reference,W096,ME3,-0.39243653348645485,-0.45953081951884706,0.0670942860323922
CV-G,gfold_3,G+E normalized-reference,W096,ME4,-0.9079485522807936,-0.4168356638551974,-0.49111288842559625
CV-G,gfold_3,G+E normalized-reference,W098,ME1,0.47585040669915263,-0.018713630711667494,0.4945640374108201
CV-G,gfold_3,G+E normalized-reference,W098,ME2,0.35041257111852275,-0.02236019337268043,0.37277276449120317
CV-G,gfold_3,G+E normalized-reference,W098,ME3,-0.8464374448405143,-0.014758925218883402,-0.8316785196216309
CV-G,gfold_3,G+E normalized-reference,W098,ME4,0.024688311436172554,0.0279362304447663,-0.0032479190085937457
CV-G,gfold_3,G+E normalized-reference,W102,ME1,1.255768290108823,-0.061294855716589755,1.3170631458254127
CV-G,gfold_3,G+E normalized-reference,W102,ME2,-0.07896296695132968,-0.06494141837760269,-0.014021548573726991
CV-G,gfold_3,G+E normalized-reference,W102,ME3,0.5583976356677377,-0.05734015022380566,0.6157377858915434
CV-G,gfold_3,G+E normalized-reference,W102,ME4,-0.8065546293214246,-0.014644994560155958,-0.7919096347612686
CV-G,gfold_3,G+E normalized-reference,W109,ME1,-0.7609666893148012,-0.01444699386591566,-0.7465196954488855
CV-G,gfold_3,G+E normalized-reference,W109,ME2,0.017422810320783577,-0.018093556526928595,0.03551636684771217
CV-G,gfold_3,G+E normalized-reference,W109,ME3,0.48547875440783805,-0.010492288373131568,0.4959710427809696
CV-G,gfold_3,G+E normalized-reference,W109,ME4,-1.494891060304804,0.03220286729051813,-1.5270939275953221
CV-G,gfold_3,G+E normalized-reference,W110,ME1,0.268111197488963,-0.06467732340987896,0.332788520898842
CV-G,gfold_3,G+E normalized-reference,W110,ME2,-0.5164645285285623,-0.0683238860708919,-0.4481406424576704
CV-G,gfold_3,G+E normalized-reference,W110,ME3,-0.05165289126336848,-0.06072261791709487,0.009069726653726393
CV-G,gfold_3,G+E normalized-reference,W110,ME4,-1.3647600746896376,-0.01802746225344517,-1.3467326124361925
CV-G,gfold_3,G+E normalized-reference,W111,ME1,0.1083487673856123,0.3474933067225475,-0.23914453933693522
CV-G,gfold_3,G+E normalized-reference,W111,ME2,0.9387771765967842,0.3438467440615346,0.5949304325352496
CV-G,gfold_3,G+E normalized-reference,W111,ME3,1.2584797107685726,0.3514480122153316,0.907031698553241
CV-G,gfold_3,G+E normalized-reference,W111,ME4,-1.3664042154219294,0.3941431678789813,-1.7605473833009107
CV-G,gfold_3,G+E normalized-reference,W116,ME1,-0.07556900592447717,0.057572230348588035,-0.1331412362730652
CV-G,gfold_3,G+E normalized-reference,W116,ME2,1.1867348097892616,0.053925667687575105,1.1328091421016866
CV-G,gfold_3,G+E normalized-reference,W116,ME3,0.9659173002277245,0.06152693584137213,0.9043903643863523
CV-G,gfold_3,G+E normalized-reference,W116,ME4,-0.3306191541843449,0.10422209150502183,-0.4348412456893667
CV-G,gfold_3,G+E normalized-reference,W120,ME1,1.3191048053208203,-0.2451861155815695,1.5642909209023899
CV-G,gfold_3,G+E normalized-reference,W120,ME2,0.3107697274656989,-0.24883267824258243,0.5596024057082813
CV-G,gfold_3,G+E normalized-reference,W120,ME3,-0.314728470519806,-0.2412314100887854,-0.07349706043102061
CV-G,gfold_3,G+E normalized-reference,W120,ME4,-0.5501001418921881,-0.19853625442513573,-0.3515638874670524
CV-G,gfold_3,G+E normalized-reference,W121,ME1,1.8092807314594008,0.14876680625547295,1.6605139252039278
CV-G,gfold_3,G+E normalized-reference,W121,ME2,-0.030124553083377532,0.14512024359446002,-0.17524479667783754
CV-G,gfold_3,G+E normalized-reference,W121,ME3,-0.545335593901919,0.15272151174825704,-0.6980571056501761
CV-G,gfold_3,G+E normalized-reference,W121,ME4,0.6148011003937416,0.19541666741190672,0.41938443298183486
CV-G,gfold_3,G+E normalized-reference,W122,ME1,0.10748549483675186,0.4528955406400432,-0.3454100458032914
CV-G,gfold_3,G+E normalized-reference,W122,ME2,0.8530172509359556,0.4492489779790303,0.4037682729569253
CV-G,gfold_3,G+E normalized-reference,W122,ME3,0.6971656537632893,0.4568502461328273,0.240315407630462
CV-G,gfold_3,G+E normalized-reference,W122,ME4,-0.9691357609686646,0.499545401796477,-1.4686811627651415
CV-G,gfold_3,G+E normalized-reference,W124,ME1,1.1001186207335232,-0.35154078575222214,1.4516594064857453
CV-G,gfold_3,G+E normalized-reference,W124,ME2,-0.6767762897944802,-0.35518734841323507,-0.32158894138124516
CV-G,gfold_3,G+E normalized-reference,W124,ME3,-0.019581422232458942,-0.34758608025943805,0.3280046580269791
CV-G,gfold_3,G+E normalized-reference,W124,ME4,-0.7409935342835337,-0.30489092459578837,-0.4361026096877453
CV-G,gfold_3,G+E normalized-reference,W127,ME1,2.398537542781108,0.19469498497303606,2.203842557808072
CV-G,gfold_3,G+E normalized-reference,W127,ME2,0.6391711961739891,0.19104842231202313,0.448122773861966
CV-G,gfold_3,G+E normalized-reference,W127,ME3,0.18361671589674317,0.19864969046582015,-0.015032974569076984
CV-G,gfold_3,G+E normalized-reference,W127,ME4,0.050357360285301446,0.24134484612946983,-0.1909874858441684
CV-G,gfold_3,G+E normalized-reference,W134,ME1,1.617992565161419,0.2033610343631595,1.4146315307982595
CV-G,gfold_3,G+E normalized-reference,W134,ME2,0.28636001354983914,0.19971447170214657,0.08664554184769258
CV-G,gfold_3,G+E normalized-reference,W134,ME3,-0.47690181931976794,0.2073157398559436,-0.6842175591757116
CV-G,gfold_3,G+E normalized-reference,W134,ME4,-0.3801793772151487,0.25001089551959327,-0.6301902727347419
CV-G,gfold_3,G+E normalized-reference,W135,ME1,1.738524958775611,-0.01030753915465112,1.7488324979302623
CV-G,gfold_3,G+E normalized-reference,W135,ME2,0.013321826494629393,-0.013954101815664054,0.02727592831029345
CV-G,gfold_3,G+E normalized-reference,W135,ME3,-0.5546098822864167,-0.006352833661867027,-0.5482570486245497
CV-G,gfold_3,G+E normalized-reference,W135,ME4,0.34041053224859497,0.036342322001782675,0.3040682102468123
CV-G,gfold_3,G+E normalized-reference,W138,ME1,0.6408820569828011,-0.36532340446217726,1.0062054614449782
CV-G,gfold_3,G+E normalized-reference,W138,ME2,-0.5049336758568758,-0.3689699671231902,-0.13596370873368557
CV-G,gfold_3,G+E normalized-reference,W138,ME3,0.6090852536963093,-0.36136869896939317,0.9704539526657024
CV-G,gfold_3,G+E normalized-reference,W138,ME4,-0.2742463671623236,-0.3186735433057435,0.0444271761434199
CV-G,gfold_3,G+E normalized-reference,W139,ME1,0.29973466265138987,-0.07573254654145051,0.3754672091928404
CV-G,gfold_3,G+E normalized-reference,W139,ME2,-0.4674425829770324,-0.07937910920246344,-0.38806347377456896
CV-G,gfold_3,G+E normalized-reference,W139,ME3,0.6211468965133073,-0.07177784104866641,0.6929247375619738
CV-G,gfold_3,G+E normalized-reference,W139,ME4,0.2685560755559988,-0.02908268538501671,0.2976387609410155
CV-G,gfold_3,G+E normalized-reference,W140,ME1,0.18610030534741487,-0.20005170320457147,0.38615200855198634
CV-G,gfold_3,G+E normalized-reference,W140,ME2,-1.6087375216455324,-0.20369826586558443,-1.405039255779948
CV-G,gfold_3,G+E normalized-reference,W140,ME3,-1.259016580021917,-0.19609699771178737,-1.0629195823101296
CV-G,gfold_3,G+E normalized-reference,W140,ME4,0.13089665606139114,-0.15340184204813767,0.2842984981095288
CV-G,gfold_3,G+E normalized-reference,W142,ME1,1.6714747427873913,0.36191501044856855,1.3095597323388226
CV-G,gfold_3,G+E normalized-reference,W142,ME2,-0.13766146230253548,0.3582684477875556,-0.49592991009009113
CV-G,gfold_3,G+E normalized-reference,W142,ME3,-0.2556027704364871,0.36586971594135265,-0.6214724863778398
CV-G,gfold_3,G+E normalized-reference,W142,ME4,-0.015164401242247784,0.4085648716050023,-0.4237292728472501
CV-G,gfold_3,G+E normalized-reference,W145,ME1,-0.7810907125999806,-0.0031160373029817286,-0.7779746752969989
CV-G,gfold_3,G+E normalized-reference,W145,ME2,-2.249516244482142,-0.006762599963994663,-2.2427536445181473
CV-G,gfold_3,G+E normalized-reference,W145,ME3,-1.1994770000380148,0.0008386681898023638,-1.200315668227817
CV-G,gfold_3,G+E normalized-reference,W145,ME4,-1.030755638270297,0.043533823853452065,-1.074289462123749
CV-G,gfold_3,G+E normalized-reference,W149,ME1,0.5843132727906273,0.03167566215579813,0.5526376106348292
CV-G,gfold_3,G+E normalized-reference,W149,ME2,-2.175945354082383,0.028029099494785194,-2.2039744535771684
CV-G,gfold_3,G+E normalized-reference,W149,ME3,-1.2089371120513464,0.03563036764858222,-1.2445674796999286
CV-G,gfold_3,G+E normalized-reference,W149,ME4,-0.6308597053261925,0.07832552331223191,-0.7091852286384244
CV-G,gfold_3,G+E normalized-reference,W151,ME1,-0.07536540390823601,-0.4568119232021077,0.38144651929387163
CV-G,gfold_3,G+E normalized-reference,W151,ME2,-2.0675667305902654,-0.4604584858631206,-1.6071082447271448
CV-G,gfold_3,G+E normalized-reference,W151,ME3,-1.2934023978846596,-0.4528572177093236,-0.8405451801753361
CV-G,gfold_3,G+E normalized-reference,W151,ME4,-0.8262213844923779,-0.4101620620456739,-0.416059322446704
CV-G,gfold_3,G+E normalized-reference,W166,ME1,-2.224246235952392,0.08585784316563523,-2.310104079118027
CV-G,gfold_3,G+E normalized-reference,W166,ME2,-2.5271870243780064,0.0822112805046223,-2.6093983048826286
CV-G,gfold_3,G+E normalized-reference,W166,ME3,-2.2671688921425965,0.08981254865841932,-2.356981440801016
CV-G,gfold_3,G+E normalized-reference,W166,ME4,-1.8428116926831115,0.13250770432206904,-1.9753193970051806
CV-G,gfold_3,G+E normalized-reference,W168,ME1,0.623722479054078,0.1862864686105961,0.43743601044348185
CV-G,gfold_3,G+E normalized-reference,W168,ME2,-0.39804862054835655,0.18263990594958318,-0.5806885264979398
CV-G,gfold_3,G+E normalized-reference,W168,ME3,-0.35333755267421413,0.1902411741033802,-0.5435787267775943
CV-G,gfold_3,G+E normalized-reference,W168,ME4,0.3942974414170083,0.23293632976702988,0.1613611116499784
CV-G,gfold_3,G+E normalized-reference,W173,ME1,-0.15331239980563044,-0.19877318028292995,0.04546078047729951
CV-G,gfold_3,G+E normalized-reference,W173,ME2,-0.25165362384063844,-0.20241974294394288,-0.04923388089669556
CV-G,gfold_3,G+E normalized-reference,W173,ME3,-0.24218968304615685,-0.19481847479014586,-0.04737120825601099
CV-G,gfold_3,G+E normalized-reference,W173,ME4,-0.1768801956619657,-0.15212331912649618,-0.024756876535469513
CV-G,gfold_3,G+E normalized-reference,W177,ME1,1.053053978659442,-0.31049797140477514,1.363551950064217
CV-G,gfold_3,G+E normalized-reference,W177,ME2,0.00270230356208855,-0.3141445340657881,0.31684683762787663
CV-G,gfold_3,G+E normalized-reference,W177,ME3,-0.31923047025472223,-0.30654326591199105,-0.012687204342731184
CV-G,gfold_3,G+E normalized-reference,W177,ME4,-0.6361067956058029,-0.26384811024834137,-0.3722586853574615
CV-G,gfold_3,G+E normalized-reference,W186,ME1,-0.3243055171247901,0.14602038749334806,-0.47032590461813817
CV-G,gfold_3,G+E normalized-reference,W186,ME2,-0.7054325471476078,0.14237382483233513,-0.8478063719799429
CV-G,gfold_3,G+E normalized-reference,W186,ME3,-1.010435243814476,0.14997509298613215,-1.160410336800608
CV-G,gfold_3,G+E normalized-reference,W186,ME4,-0.4604197383126394,0.19267024864978183,-0.6530899869624212
CV-G,gfold_3,G+E normalized-reference,W191,ME1,0.37423671243400053,0.3131448121935277,0.06109190024047284
CV-G,gfold_3,G+E normalized-reference,W191,ME2,-0.5956299709380749,0.30949824953251476,-0.9051282204705897
CV-G,gfold_3,G+E normalized-reference,W191,ME3,-0.3839900049031236,0.3170995176863118,-0.7010895225894354
CV-G,gfold_3,G+E normalized-reference,W191,ME4,-1.0203479914338283,0.35979467334996146,-1.3801426647837898
CV-G,gfold_3,G+E normalized-reference,W194,ME1,0.7324459557263389,0.08915146402446929,0.6432944917018696
CV-G,gfold_3,G+E normalized-reference,W194,ME2,-0.6745739095915452,0.08550490136345636,-0.7600788109550015
CV-G,gfold_3,G+E normalized-reference,W194,ME3,-1.4886776922026967,0.09310616951725338,-1.5817838617199502
CV-G,gfold_3,G+E normalized-reference,W194,ME4,-0.8865353892506589,0.1358013251809031,-1.022336714431562
CV-G,gfold_3,G+E normalized-reference,W198,ME1,1.4489621712788143,0.3219461617221575,1.1270160095566568
CV-G,gfold_3,G+E normalized-reference,W198,ME2,2.143377888742169,0.3182995990611446,1.8250782896810243
CV-G,gfold_3,G+E normalized-reference,W198,ME3,0.22186259732206748,0.3259008672149416,-0.10403826989287412
CV-G,gfold_3,G+E normalized-reference,W198,ME4,1.4464688430630315,0.3685960228785913,1.07787282018444
CV-G,gfold_3,G+E normalized-reference,W201,ME1,0.2495345495272083,0.21187260989963397,0.03766193962757433
CV-G,gfold_3,G+E normalized-reference,W201,ME2,-0.15299585089940518,0.20822604723862104,-0.3612218981380262
CV-G,gfold_3,G+E normalized-reference,W201,ME3,0.5758988428924009,0.21582731539241806,0.36007152749998284
CV-G,gfold_3,G+E normalized-reference,W201,ME4,0.0012848727827377002,0.25852247105606774,-0.25723759827333004
CV-G,gfold_3,G+E normalized-reference,W204,ME1,0.8061091652020398,0.3107020550887768,0.495407110113263
CV-G,gfold_3,G+E normalized-reference,W204,ME2,-0.32156020924758333,0.30705549242776387,-0.6286157016753472
CV-G,gfold_3,G+E normalized-reference,W204,ME3,0.5958073107633124,0.3146567605815609,0.2811505501817515
CV-G,gfold_3,G+E normalized-reference,W204,ME4,0.406097494519581,0.35735191624521057,0.04874557827437043
CV-G,gfold_3,G+E normalized-reference,W206,ME1,1.270818551149298,-0.058292139918679514,1.3291106910679775
CV-G,gfold_3,G+E normalized-reference,W206,ME2,-2.1234173205066416,-0.06193870257969245,-2.0614786179269493
CV-G,gfold_3,G+E normalized-reference,W206,ME3,-1.0829402451737922,-0.05433743442589543,-1.0286028107478968
CV-G,gfold_3,G+E normalized-reference,W206,ME4,-0.8419547886291413,-0.011642278762245724,-0.8303125098668955
CV-G,gfold_3,G+E normalized-reference,W212,ME1,0.8616355070710643,0.30652117256893646,0.5551143345021279
CV-G,gfold_3,G+E normalized-reference,W212,ME2,0.5139076577927054,0.30287460990792353,0.2110330478847819
CV-G,gfold_3,G+E normalized-reference,W212,ME3,0.1652708558137473,0.31047587806172056,-0.14520502224797324
CV-G,gfold_3,G+E normalized-reference,W212,ME4,0.7225591853264305,0.35317103372537023,0.36938815160106026
CV-G,gfold_3,G+E normalized-reference,W213,ME1,1.0264146908545742,0.09638174591940916,0.930032944935165
CV-G,gfold_3,G+E normalized-reference,W213,ME2,0.36083590500999824,0.09273518325839623,0.268100721751602
CV-G,gfold_3,G+E normalized-reference,W213,ME3,0.9103391421494047,0.10033645141219326,0.8100026907372114
CV-G,gfold_3,G+E normalized-reference,W213,ME4,0.781732518284796,0.14303160707584295,0.638700911208953
CV-G,gfold_3,G+E normalized-reference,W219,ME1,0.33301952026633597,-0.2010894135509165,0.5341089338172524
CV-G,gfold_3,G+E normalized-reference,W219,ME2,0.31073808407197756,-0.20473597621192946,0.515474060283907
CV-G,gfold_3,G+E normalized-reference,W219,ME3,0.3660363937109506,-0.1971347080581324,0.563171101769083
CV-G,gfold_3,G+E normalized-reference,W219,ME4,0.11969447231601589,-0.1544395523944827,0.2741340247104986
CV-G,gfold_3,G+E normalized-reference,W225,ME1,0.6895836592674551,0.28474619340172513,0.40483746586573
CV-G,gfold_3,G+E normalized-reference,W225,ME2,-0.4081998212538374,0.2810996307407122,-0.6892994519945497
CV-G,gfold_3,G+E normalized-reference,W225,ME3,-0.06123970120544897,0.28870089889450923,-0.3499406000999582
CV-G,gfold_3,G+E normalized-reference,W225,ME4,-1.2229155696946508,0.3313960545581589,-1.5543116242528097
CV-G,gfold_3,G+E normalized-reference,W227,ME1,0.5613143890361353,-0.05592246093737299,0.6172368499735083
CV-G,gfold_3,G+E normalized-reference,W227,ME2,-0.1766081512935137,-0.05956902359838592,-0.11703912769512778
CV-G,gfold_3,G+E normalized-reference,W227,ME3,0.4533650527340126,-0.0519677554445889,0.5053328081786015
CV-G,gfold_3,G+E normalized-reference,W227,ME4,-0.4077128344544833,-0.009272599780939195,-0.3984402346735441
CV-G,gfold_3,G+E normalized-reference,W243,ME1,0.105807814222934,-0.39739337741352815,0.5032011916364622
CV-G,gfold_3,G+E normalized-reference,W243,ME2,0.4818845433477355,-0.4010399400745411,0.8829244834222766
CV-G,gfold_3,G+E normalized-reference,W243,ME3,-0.1538221010073438,-0.39343867192074405,0.23961657091340025
CV-G,gfold_3,G+E normalized-reference,W243,ME4,-0.5057162088223804,-0.3507435162570944,-0.15497269256528606
CV-G,gfold_3,G+E normalized-reference,W249,ME1,-0.4484213062248097,0.26214836309913786,-0.7105696693239476
CV-G,gfold_3,G+E normalized-reference,W249,ME2,0.6315451382873913,0.25850180043812493,0.3730433378492664
CV-G,gfold_3,G+E normalized-reference,W249,ME3,1.0688129114298666,0.26610306859192195,0.8027098428379447
CV-G,gfold_3,G+E normalized-reference,W249,ME4,0.03136714149222922,0.30879822425557163,-0.2774310827633424
CV-G,gfold_3,G+E normalized-reference,W254,ME1,0.8122335138505444,-0.12704649990545555,0.939280013756
CV-G,gfold_3,G+E normalized-reference,W254,ME2,-0.3479571282890808,-0.1306930625664685,-0.2172640657226123
CV-G,gfold_3,G+E normalized-reference,W254,ME3,0.013436057999783153,-0.12309179441267147,0.13652785241245463
CV-G,gfold_3,G+E normalized-reference,W254,ME4,-0.26432645585409414,-0.08039663874902177,-0.1839298171050724
CV-G,gfold_3,G+E normalized-reference,W255,ME1,1.112774522063013,0.35057792417043265,0.7621965978925803
CV-G,gfold_3,G+E normalized-reference,W255,ME2,-0.561075384995478,0.3469313615094197,-0.9080067465048978
CV-G,gfold_3,G+E normalized-reference,W255,ME3,0.1625003944384145,0.35453262966321675,-0.19203223522480226
CV-G,gfold_3,G+E normalized-reference,W255,ME4,-0.4336729512801425,0.3972277853268664,-0.8309007366070089
CV-G,gfold_3,G+E normalized-reference,W261,ME1,0.22731749751507793,-0.24575327641813358,0.4730707739332115
CV-G,gfold_3,G+E normalized-reference,W261,ME2,1.084621578253768,-0.24939983907914653,1.3340214173329146
CV-G,gfold_3,G+E normalized-reference,W261,ME3,0.1292295183486723,-0.24179857092534948,0.37102808927402176
CV-G,gfold_3,G+E normalized-reference,W261,ME4,0.6606482400482687,-0.19910341526169978,0.8597516553099684
CV-G,gfold_3,G+E normalized-reference,W262,ME1,0.33104865274913176,-0.0812742765608447,0.41232292930997644
CV-G,gfold_3,G+E normalized-reference,W262,ME2,-0.02358069926201445,-0.08492083922185763,0.06134013995984318
CV-G,gfold_3,G+E normalized-reference,W262,ME3,0.2723559451932222,-0.0773195710680606,0.3496755162612828
CV-G,gfold_3,G+E normalized-reference,W262,ME4,0.046494809569726334,-0.0346244154044109,0.08111922497413723
CV-G,gfold_3,G+E normalized-reference,W263,ME1,0.5681717049431042,-0.14812454929952115,0.7162962542426253
CV-G,gfold_3,G+E normalized-reference,W263,ME2,0.6325134261352326,-0.1517711119605341,0.7842845380957668
CV-G,gfold_3,G+E normalized-reference,W263,ME3,-1.4979857667015282,-0.14416984380673706,-1.353815922894791
CV-G,gfold_3,G+E normalized-reference,W263,ME4,-0.5994007637547354,-0.10147468814308737,-0.49792607561164803
CV-G,gfold_3,G+E normalized-reference,W269,ME1,-0.1518057448854522,0.05990316212086701,-0.21170890700631922
CV-G,gfold_3,G+E normalized-reference,W269,ME2,2.4513756971795924,0.056256599459854076,2.3951190977197383
CV-G,gfold_3,G+E normalized-reference,W269,ME3,-0.03230189427895601,0.0638578676136511,-0.09615976189260711
CV-G,gfold_3,G+E normalized-reference,W269,ME4,1.300148184591136,0.1065530232773008,1.1935951613138351
CV-G,gfold_3,G+E normalized-reference,W289,ME1,0.5617053049073161,0.21071914087558388,0.3509861640317322
CV-G,gfold_3,G+E normalized-reference,W289,ME2,-0.3997953358817187,0.20707257821457092,-0.6068679140962896
CV-G,gfold_3,G+E normalized-reference,W289,ME3,-0.5727276860976623,0.21467384636836798,-0.7874015324660303
CV-G,gfold_3,G+E normalized-reference,W289,ME4,0.09530769590403353,0.2573690020320177,-0.16206130612798414
CV-G,gfold_3,G+E normalized-reference,W299,ME1,-0.2784869193900994,-0.05711792314520332,-0.2213689962448961
CV-G,gfold_3,G+E normalized-reference,W299,ME2,-0.4033014239059308,-0.060764485806216254,-0.3425369380997146
CV-G,gfold_3,G+E normalized-reference,W299,ME3,-0.801704629463191,-0.05316321765241923,-0.7485414118107717
CV-G,gfold_3,G+E normalized-reference,W299,ME4,-0.6884124976584712,-0.010468061988769525,-0.6779444356697018
CV-G,gfold_3,G+E normalized-reference,W302,ME1,-0.8003921837395503,-0.04520979884857711,-0.7551823848909732
CV-G,gfold_3,G+E normalized-reference,W302,ME2,-0.4864919059966695,-0.04885636150959004,-0.4376355444870795
CV-G,gfold_3,G+E normalized-reference,W302,ME3,-1.2653430299308328,-0.04125509335579301,-1.22408793657504
CV-G,gfold_3,G+E normalized-reference,W302,ME4,-0.7026040281898321,0.0014400623078566904,-0.7040440904976888
CV-G,gfold_3,G+E normalized-reference,W303,ME1,-1.255776597343008,0.09353802715419486,-1.3493146244972027
CV-G,gfold_3,G+E normalized-reference,W303,ME2,-1.047927983418932,0.08989146449318193,-1.1378194479121138
CV-G,gfold_3,G+E normalized-reference,W303,ME3,-1.2611619982820832,0.09749273264697896,-1.3586547309290622
CV-G,gfold_3,G+E normalized-reference,W303,ME4,-0.7252207966364285,0.14018788831062867,-0.8654086849470571
CV-G,gfold_3,G+E normalized-reference,W307,ME1,0.529128982308885,0.43108090166131,0.09804808064757503
CV-G,gfold_3,G+E normalized-reference,W307,ME2,-0.3628928101250738,0.4274343390002971,-0.7903271491253709
CV-G,gfold_3,G+E normalized-reference,W307,ME3,-0.5341608365861715,0.4350356071540941,-0.9691964437402656
CV-G,gfold_3,G+E normalized-reference,W307,ME4,-0.009067707139252375,0.4777307628177438,-0.48679846995699616
CV-G,gfold_3,G+E normalized-reference,W308,ME1,0.2569863833216007,0.3843402762889381,-0.1273538929673374
CV-G,gfold_3,G+E normalized-reference,W308,ME2,-0.17723469048917492,0.38069371362792515,-0.5579284041171001
CV-G,gfold_3,G+E normalized-reference,W308,ME3,-0.7532722345663698,0.38829498178172217,-1.141567216348092
CV-G,gfold_3,G+E normalized-reference,W308,ME4,0.11230763907380584,0.43099013744537185,-0.31868249837156604
CV-G,gfold_3,G+E normalized-reference,W310,ME1,1.4606977914948989,-0.11882750852188526,1.5795253000167842
CV-G,gfold_3,G+E normalized-reference,W310,ME2,-0.21608644929899126,-0.12247407118289819,-0.09361237811609308
CV-G,gfold_3,G+E normalized-reference,W310,ME3,-1.2849558693013277,-0.11487280302910116,-1.1700830662722266
CV-G,gfold_3,G+E normalized-reference,W310,ME4,-1.6030582137450489,-0.07217764736545146,-1.5308805663795975
CV-G,gfold_3,G+E normalized-reference,W319,ME1,-1.6812478027204563,0.008985107072645191,-1.6902329097931015
CV-G,gfold_3,G+E normalized-reference,W319,ME2,0.38090414530743055,0.005338544411632257,0.37556560089579827
CV-G,gfold_3,G+E normalized-reference,W319,ME3,0.8645082780562494,0.012939812565429283,0.8515684654908201
CV-G,gfold_3,G+E normalized-reference,W319,ME4,-1.6535388409178535,0.055634968229078985,-1.7091738091469324
CV-G,gfold_3,G+E normalized-reference,W324,ME1,0.869437536333388,-0.2110996603349518,1.08053719666834
CV-G,gfold_3,G+E normalized-reference,W324,ME2,-0.8083178774898768,-0.21474622299596474,-0.593571654493912
CV-G,gfold_3,G+E normalized-reference,W324,ME3,-0.3029033305031427,-0.20714495484216772,-0.095758375660975
CV-G,gfold_3,G+E normalized-reference,W324,ME4,0.0561551197096985,-0.16444979917851804,0.22060491888821654
CV-G,gfold_3,G+E normalized-reference,W330,ME1,-0.7261670326990275,-0.17400826313676274,-0.5521587695622647
CV-G,gfold_3,G+E normalized-reference,W330,ME2,0.5869469391779631,-0.1776548257977757,0.7646017649757388
CV-G,gfold_3,G+E normalized-reference,W330,ME3,0.5831037317739829,-0.17005355764397864,0.7531572894179616
CV-G,gfold_3,G+E normalized-reference,W330,ME4,-1.1303952866684164,-0.12735840198032894,-1.0030368846880875
CV-G,gfold_3,G+E normalized-reference,W344,ME1,0.8937964815563652,0.36971807195418344,0.5240784096021818
CV-G,gfold_3,G+E normalized-reference,W344,ME2,0.05443292361607808,0.3660715092931705,-0.3116385856770924
CV-G,gfold_3,G+E normalized-reference,W344,ME3,0.1939974995256575,0.37367277744696753,-0.17967527792131002
CV-G,gfold_3,G+E normalized-reference,W344,ME4,0.11909660295881917,0.4163679331106172,-0.297271330151798
CV-G,gfold_3,G+E normalized-reference,W345,ME1,-1.1022769652592055,-0.2668057647862433,-0.8354712004729622
CV-G,gfold_3,G+E normalized-reference,W345,ME2,0.602616747748268,-0.2704523274472562,0.8730690751955242
CV-G,gfold_3,G+E normalized-reference,W345,ME3,0.4881140713258382,-0.2628510592934592,0.7509651306192974
CV-G,gfold_3,G+E normalized-reference,W345,ME4,-2.0626073484736898,-0.22015590362980952,-1.8424514448438802
CV-G,gfold_3,G+E normalized-reference,W346,ME1,0.8811487243075244,0.5308465970556248,0.3503021272518997
CV-G,gfold_3,G+E normalized-reference,W346,ME2,0.6804594963002706,0.5272000343946118,0.15325946190565876
CV-G,gfold_3,G+E normalized-reference,W346,ME3,0.39060734535986,0.5348013025484089,-0.14419395718854883
CV-G,gfold_3,G+E normalized-reference,W346,ME4,0.20038323543140474,0.5774964582120585,-0.3771132227806538
CV-G,gfold_3,G+E normalized-reference,W349,ME1,-0.06457449704750653,-0.15672464367222458,0.09215014662471804
CV-G,gfold_3,G+E normalized-reference,W349,ME2,-0.3762083502025878,-0.16037120633323754,-0.21583714386935027
CV-G,gfold_3,G+E normalized-reference,W349,ME3,-1.8742025963316886,-0.15276993817944048,-1.721432658152248
CV-G,gfold_3,G+E normalized-reference,W349,ME4,0.17874980474335508,-0.1100747825157908,0.2888245872591459
CV-G,gfold_3,G+E normalized-reference,W353,ME1,-0.5724800867602826,0.5129306584632767,-1.0854107452235593
CV-G,gfold_3,G+E normalized-reference,W353,ME2,0.1338388558178651,0.5092840958022637,-0.37544523998439866
CV-G,gfold_3,G+E normalized-reference,W353,ME3,0.7475407502342775,0.5168853639560608,0.2306553862782167
CV-G,gfold_3,G+E normalized-reference,W353,ME4,-0.967822021723245,0.5595805196197104,-1.5274025413429555
CV-G,gfold_3,G+E normalized-reference,W357,ME1,-0.15157771062726316,0.155102719965932,-0.30668043059319516
CV-G,gfold_3,G+E normalized-reference,W357,ME2,-1.0485355365783626,0.15145615730491907,-1.1999916938832818
CV-G,gfold_3,G+E normalized-reference,W357,ME3,-0.7274849828014595,0.1590574254587161,-0.8865424082601756
CV-G,gfold_3,G+E normalized-reference,W357,ME4,-0.4582721286479708,0.20175258112236577,-0.6600247097703366
CV-G,gfold_3,G+E normalized-reference,W358,ME1,0.3981477332212473,0.21907437953258763,0.17907335368865968
CV-G,gfold_3,G+E normalized-reference,W358,ME2,-0.9178926212646227,0.2154278168715747,-1.1333204381361974
CV-G,gfold_3,G+E normalized-reference,W358,ME3,-0.8300511793888522,0.22302908502537172,-1.0530802644142239
CV-G,gfold_3,G+E normalized-reference,W358,ME4,-0.3216747139325956,0.2657242406890214,-0.587398954621617
CV-G,gfold_3,G+E normalized-reference,W359,ME1,0.10942378603136031,0.18529087651725062,-0.07586709048589031
CV-G,gfold_3,G+E normalized-reference,W359,ME2,-2.191767050942546,0.1816443138562377,-2.373411364798784
CV-G,gfold_3,G+E normalized-reference,W359,ME3,-1.4510653004211223,0.18924558201003472,-1.640310882431157
CV-G,gfold_3,G+E normalized-reference,W359,ME4,-0.2899719045970181,0.2319407376736844,-0.5219126422707026
CV-G,gfold_3,G+E normalized-reference,W369,ME1,1.5059788799067169,-0.34944607080932605,1.855424950716043
CV-G,gfold_3,G+E normalized-reference,W369,ME2,-1.0773436822213476,-0.353092633470339,-0.7242510487510085
CV-G,gfold_3,G+E normalized-reference,W369,ME3,-2.518149042467704,-0.34549136531654195,-2.1726576771511623
CV-G,gfold_3,G+E normalized-reference,W369,ME4,-0.24801878246633907,-0.3027962096528923,0.05477742718655321
CV-G,gfold_3,G+E normalized-reference,W370,ME1,0.367517845898074,-0.3954341849337517,0.7629520308318257
CV-G,gfold_3,G+E normalized-reference,W370,ME2,-0.3077383748705453,-0.39908074759476464,0.09134237272421936
CV-G,gfold_3,G+E normalized-reference,W370,ME3,-0.33693439416538445,-0.3914794794409676,0.05454508527558316
CV-G,gfold_3,G+E normalized-reference,W370,ME4,0.6035517164359556,-0.34878432377731794,0.9523360402132736
CV-G,gfold_3,G+E normalized-reference,W377,ME1,-0.8604547785304051,-0.08607318576968719,-0.7743815927607179
CV-G,gfold_3,G+E normalized-reference,W377,ME2,-1.1326120336932695,-0.08971974843070012,-1.0428922852625693
CV-G,gfold_3,G+E normalized-reference,W377,ME3,-1.0597122915696302,-0.08211848027690309,-0.9775938112927272
CV-G,gfold_3,G+E normalized-reference,W377,ME4,-1.2020373424051667,-0.03942332461325339,-1.1626140177919133
CV-G,gfold_3,G+E normalized-reference,W379,ME1,0.029961991133138355,0.08073204097406213,-0.05077004984092377
CV-G,gfold_3,G+E normalized-reference,W379,ME2,-0.9210632893153995,0.0770854783130492,-0.9981487676284487
CV-G,gfold_3,G+E normalized-reference,W379,ME3,-0.4943945800158474,0.08468674646684622,-0.5790813264826936
CV-G,gfold_3,G+E normalized-reference,W379,ME4,-0.30165395716856463,0.12738190213049594,-0.4290358592990606
CV-G,gfold_3,G+E normalized-reference,W391,ME1,0.5788078742714912,-0.6772215341277734,1.2560294083992645
CV-G,gfold_3,G+E normalized-reference,W391,ME2,0.25110294426665075,-0.6808680967887863,0.9319710410554372
CV-G,gfold_3,G+E normalized-reference,W391,ME3,-0.42960125925311243,-0.6732668286349893,0.2436655693818769
CV-G,gfold_3,G+E normalized-reference,W391,ME4,-0.9025283945556787,-0.6305716729713396,-0.27195672158433903
CV-G,gfold_3,G+E normalized-reference,W401,ME1,-0.07231137366463306,0.2775308460434678,-0.3498422197081008
CV-G,gfold_3,G+E normalized-reference,W401,ME2,2.233086909939294,0.27388428338245485,1.959202626556839
CV-G,gfold_3,G+E normalized-reference,W401,ME3,0.9859524660273871,0.2814855515362519,0.7044669144911352
CV-G,gfold_3,G+E normalized-reference,W401,ME4,0.051899233890704534,0.32418070719990155,-0.272281473309197
CV-G,gfold_3,G+E normalized-reference,W404,ME1,1.5656912792296387,0.2430060093500785,1.3226852698795601
CV-G,gfold_3,G+E normalized-reference,W404,ME2,2.122278073809454,0.23935944668906556,1.8829186271203886
CV-G,gfold_3,G+E normalized-reference,W404,ME3,0.095156222043514,0.24696071484286258,-0.1518044927993486
CV-G,gfold_3,G+E normalized-reference,W404,ME4,1.8980175417881282,0.28965587050651226,1.608361671281616
CV-G,gfold_3,G+E normalized-reference,W424,ME1,-0.9516359054834128,-0.057479921278504126,-0.8941559842049087
CV-G,gfold_3,G+E normalized-reference,W424,ME2,0.0024364990548377532,-0.06112648393951706,0.06356298299435481
CV-G,gfold_3,G+E normalized-reference,W424,ME3,0.14240610293866926,-0.05352521578572003,0.1959313187243893
CV-G,gfold_3,G+E normalized-reference,W424,ME4,0.31206680469621634,-0.010830060122070329,0.32289686481828667
CV-G,gfold_3,G+E normalized-reference,W425,ME1,-0.017623872102518333,-0.05135009359592921,0.033726221493410875
CV-G,gfold_3,G+E normalized-reference,W425,ME2,1.4630449237551506,-0.05499665625694214,1.5180415800120928
CV-G,gfold_3,G+E normalized-reference,W425,ME3,1.0359305756549586,-0.047395388103145114,1.0833259637581036
CV-G,gfold_3,G+E normalized-reference,W425,ME4,-0.016934409207633682,-0.004700232439495411,-0.012234176768138271
CV-G,gfold_3,G+E normalized-reference,W426,ME1,-0.9697076204448922,0.266508477158856,-1.2362160976037482
CV-G,gfold_3,G+E normalized-reference,W426,ME2,0.3311860450940529,0.2628619144978431,0.06832413059620984
CV-G,gfold_3,G+E normalized-reference,W426,ME3,0.03698497969011068,0.2704631826516401,-0.23347820296152944
CV-G,gfold_3,G+E normalized-reference,W426,ME4,0.12064634326629034,0.3131583383152898,-0.19251199504899943
CV-G,gfold_3,G+E normalized-reference,W428,ME1,-0.8434417940533767,-0.10755044088306044,-0.7358913531703163
CV-G,gfold_3,G+E normalized-reference,W428,ME2,0.29988440002590616,-0.11119700354407337,0.4110814035699795
CV-G,gfold_3,G+E normalized-reference,W428,ME3,0.024154702772029957,-0.10359573539027635,0.1277504381623063
CV-G,gfold_3,G+E normalized-reference,W428,ME4,-0.24336956154392553,-0.060900579726626644,-0.18246898181729887
CV-G,gfold_3,G+E normalized-reference,W430,ME1,-0.8572378666738105,0.07861566684767714,-0.9358535335214877
CV-G,gfold_3,G+E normalized-reference,W430,ME2,0.273778600206637,0.0749691041866642,0.19880949601997283
CV-G,gfold_3,G+E normalized-reference,W430,ME3,0.25864722930247525,0.08257037234046123,0.17607685696201403
CV-G,gfold_3,G+E normalized-reference,W430,ME4,-0.6387814743090532,0.12526552800411095,-0.7640470023131641
CV-G,gfold_3,G+E normalized-reference,W434,ME1,-0.9589655780680585,-0.09984347625764596,-0.8591221018104125
CV-G,gfold_3,G+E normalized-reference,W434,ME2,0.24002775646453645,-0.10349003891865889,0.3435177953831953
CV-G,gfold_3,G+E normalized-reference,W434,ME3,-0.26644811313748434,-0.09588877076486187,-0.1705593423726225
CV-G,gfold_3,G+E normalized-reference,W434,ME4,0.6260190175432536,-0.05319361510121216,0.6792126326444657
CV-G,gfold_3,G+E normalized-reference,W441,ME1,-0.1405261931857474,0.06796563776423424,-0.20849183094998164
CV-G,gfold_3,G+E normalized-reference,W441,ME2,1.1898295336951092,0.06431907510322131,1.125510458591888
CV-G,gfold_3,G+E normalized-reference,W441,ME3,0.5097202914419995,0.07192034325701833,0.43779994818498114
CV-G,gfold_3,G+E normalized-reference,W441,ME4,-0.09874811071880044,0.11461549892066804,-0.2133636096394685
CV-G,gfold_3,G+E normalized-reference,W442,ME1,-1.5050098974629482,0.03469475649700085,-1.539704653959949
CV-G,gfold_3,G+E normalized-reference,W442,ME2,0.20619463989876383,0.03104819383598792,0.1751464460627759
CV-G,gfold_3,G+E normalized-reference,W442,ME3,1.7519259106067904,0.038649461989784945,1.7132764486170053
CV-G,gfold_3,G+E normalized-reference,W442,ME4,0.8402057147590752,0.08134461765343465,0.7588610971056406
CV-G,gfold_3,G+E normalized-reference,W444,ME1,-1.3819365506860797,-0.3671834533741199,-1.0147530973119598
CV-G,gfold_3,G+E normalized-reference,W444,ME2,1.0617117612002522,-0.3708300160351328,1.432541777235385
CV-G,gfold_3,G+E normalized-reference,W444,ME3,-0.4131051889298666,-0.3632287478813358,-0.049876441048530784
CV-G,gfold_3,G+E normalized-reference,W444,ME4,-2.0072100325081474,-0.3205335922176861,-1.6866764402904613
CV-G,gfold_3,G+E normalized-reference,W447,ME1,-0.8943422981134241,-0.14895300966061711,-0.745389288452807
CV-G,gfold_3,G+E normalized-reference,W447,ME2,1.4092511544305966,-0.15259957232163007,1.5618507267522266
CV-G,gfold_3,G+E normalized-reference,W447,ME3,4.875384608494055,-0.14499830416783302,5.020382912661888
CV-G,gfold_3,G+E normalized-reference,W447,ME4,-0.6688873431247483,-0.10230314850418333,-0.566584194620565
CV-G,gfold_3,G+E normalized-reference,W452,ME1,-0.18952098237378498,-0.21741640928009273,0.027895426906307752
CV-G,gfold_3,G+E normalized-reference,W452,ME2,2.0976278701013205,-0.2210629719411057,2.318690842042426
CV-G,gfold_3,G+E normalized-reference,W452,ME3,1.1739384061780092,-0.21346170378730864,1.3874001099653177
CV-G,gfold_3,G+E normalized-reference,W452,ME4,-0.10936815851111582,-0.17076654812365893,0.06139838961254311
CV-G,gfold_3,G+E normalized-reference,W453,ME1,0.3815175205347489,0.22927067896984962,0.1522468415648993
CV-G,gfold_3,G+E normalized-reference,W453,ME2,1.5860301377885717,0.22562411630883666,1.360406021479735
CV-G,gfold_3,G+E normalized-reference,W453,ME3,1.5987143286337429,0.23322538446263372,1.365488944171109
CV-G,gfold_3,G+E normalized-reference,W453,ME4,0.8344944890574307,0.2759205401262834,0.5585739489311473
CV-G,gfold_3,G+E normalized-reference,W460,ME1,0.9802784739745464,0.3325199601508215,0.6477585138237248
CV-G,gfold_3,G+E normalized-reference,W460,ME2,0.169754107690435,0.3288733974898086,-0.1591192897993736
CV-G,gfold_3,G+E normalized-reference,W460,ME3,0.7245155133161162,0.3364746656436056,0.38804084767251057
CV-G,gfold_3,G+E normalized-reference,W460,ME4,1.3428014432059008,0.3791698213072553,0.9636316218986455
CV-G,gfold_3,G+E normalized-reference,W465,ME1,-0.549196160183055,0.12350711221679499,-0.67270327239985
CV-G,gfold_3,G+E normalized-reference,W465,ME2,1.4330912872594905,0.11986054955578206,1.3132307377037085
CV-G,gfold_3,G+E normalized-reference,W465,ME3,-0.01515544125479358,0.1274618177095791,-0.14261725896437266
CV-G,gfold_3,G+E normalized-reference,W465,ME4,-0.5143617143955314,0.17015697337322877,-0.6845186877687601
CV-G,gfold_3,G+E normalized-reference,W467,ME1,-0.38400162828641343,0.6209496645742074,-1.0049512928606208
CV-G,gfold_3,G+E normalized-reference,W467,ME2,1.1888042877385714,0.6173031019131945,0.5715011858253769
CV-G,gfold_3,G+E normalized-reference,W467,ME3,1.411953135127704,0.6249043700669915,0.7870487650607124
CV-G,gfold_3,G+E normalized-reference,W467,ME4,0.731102423772693,0.6675995257306412,0.06350289804205178
CV-G,gfold_3,G+E normalized-reference,W471,ME1,-0.124954710983697,0.29145347744979555,-0.41640818843349253
CV-G,gfold_3,G+E normalized-reference,W471,ME2,1.0765145407826204,0.2878069147887826,0.7887076259938378
CV-G,gfold_3,G+E normalized-reference,W471,ME3,0.6808385140117097,0.29540818294257964,0.38543033106913005
CV-G,gfold_3,G+E normalized-reference,W471,ME4,0.895744631361849,0.3381033386062293,0.5576412927556197
CV-G,gfold_3,G+E normalized-reference,W476,ME1,-0.14867841791600267,0.46684686661301056,-0.6155252845290132
CV-G,gfold_3,G+E normalized-reference,W476,ME2,1.2076321070021656,0.4632003039519976,0.744431803050168
CV-G,gfold_3,G+E normalized-reference,W476,ME3,1.2745281150769037,0.47080157210579465,0.803726542971109
CV-G,gfold_3,G+E normalized-reference,W476,ME4,0.8550029813497011,0.5134967277694443,0.34150625358025677
CV-G,gfold_3,G+E normalized-reference,W485,ME1,-0.9317154842144731,-0.11695341999182628,-0.8147620642226469
CV-G,gfold_3,G+E normalized-reference,W485,ME2,0.7339051882939019,-0.12059998265283921,0.8545051709467412
CV-G,gfold_3,G+E normalized-reference,W485,ME3,0.2628704935941416,-0.11299871449904218,0.3758692080931838
CV-G,gfold_3,G+E normalized-reference,W485,ME4,0.06889917706047614,-0.07030355883539248,0.13920273589586862
CV-G,gfold_3,G+E normalized-reference,W487,ME1,-0.26387643870470245,0.05886631948193036,-0.3227427581866328
CV-G,gfold_3,G+E normalized-reference,W487,ME2,1.2477116294883301,0.055219756820917426,1.1924918726674127
CV-G,gfold_3,G+E normalized-reference,W487,ME3,0.6283855715092214,0.06282102497471445,0.5655645465345069
CV-G,gfold_3,G+E normalized-reference,W487,ME4,-0.12355968904247606,0.10551618063836415,-0.2290758696808402
CV-G,gfold_3,G+E normalized-reference,W491,ME1,0.07964902717639381,0.08125369354025681,-0.0016046663638629999
CV-G,gfold_3,G+E normalized-reference,W491,ME2,1.272709910527388,0.07760713087924388,1.1951027796481442
CV-G,gfold_3,G+E normalized-reference,W491,ME3,1.5891444117488291,0.08520839903304091,1.5039360127157881
CV-G,gfold_3,G+E normalized-reference,W491,ME4,0.15219968526256802,0.12790355469669062,0.0242961305658774
CV-G,gfold_3,G+E normalized-reference,W517,ME1,-0.3560837198195595,0.5279957021410266,-0.8840794219605861
CV-G,gfold_3,G+E normalized-reference,W517,ME2,1.2586286003218419,0.5243491394800137,0.7342794608418282
CV-G,gfold_3,G+E normalized-reference,W517,ME3,0.30337159815121556,0.5319504076338107,-0.22857880948259518
CV-G,gfold_3,G+E normalized-reference,W517,ME4,1.3390883598296244,0.5746455632974604,0.764442796532164
CV-G,gfold_3,G+E normalized-reference,W524,ME1,-1.8219205077811278,-0.6881485367136205,-1.1337719710675072
CV-G,gfold_3,G+E normalized-reference,W524,ME2,-0.14534447829782987,-0.6917950993746335,0.5464506210768036
CV-G,gfold_3,G+E normalized-reference,W524,ME3,-0.07123194451953051,-0.6841938312208364,0.6129618867013059
CV-G,gfold_3,G+E normalized-reference,W524,ME4,1.9022104939905746,-0.6414986755571868,2.5437091695477614
CV-G,gfold_3,G+E normalized-reference,W541,ME1,-0.5933045009813293,-0.42705976044484245,-0.1662447405364868
CV-G,gfold_3,G+E normalized-reference,W541,ME2,0.5333746736094507,-0.4307063231058554,0.9640809967153061
CV-G,gfold_3,G+E normalized-reference,W541,ME3,0.7788351386355192,-0.42310505495205836,1.2019401935875775
CV-G,gfold_3,G+E normalized-reference,W541,ME4,1.1725188102337143,-0.3804098992884087,1.552928709522123
CV-G,gfold_3,G+E normalized-reference,W554,ME1,-2.289097550165217,0.03566139718972314,-2.32475894735494
CV-G,gfold_3,G+E normalized-reference,W554,ME2,0.5153252818313763,0.032014834528710207,0.48331044730266604
CV-G,gfold_3,G+E normalized-reference,W554,ME3,-0.009149959432045036,0.03961610268250723,-0.04876606211455227
CV-G,gfold_3,G+E normalized-reference,W554,ME4,1.212041121425263,0.08231125834615693,1.1297298630791062
CV-G,gfold_3,G+E normalized-reference,W559,ME1,-2.006636400994877,0.5871697500363552,-2.5938061510312322
CV-G,gfold_3,G+E normalized-reference,W559,ME2,1.475702281243281,0.5835231873753423,0.8921790938679387
CV-G,gfold_3,G+E normalized-reference,W559,ME3,-0.06654412115578129,0.5911244555291393,-0.6576685766849206
CV-G,gfold_3,G+E normalized-reference,W559,ME4,-0.7646644408072932,0.633819611192789,-1.3984840520000823
CV-G,gfold_3,G+E normalized-reference,W560,ME1,-1.177055913783901,0.09831666190750699,-1.2753725756914078
CV-G,gfold_3,G+E normalized-reference,W560,ME2,0.3080610529632381,0.09467009924649405,0.21339095371674405
CV-G,gfold_3,G+E normalized-reference,W560,ME3,0.7700845350231875,0.10227136740029108,0.6678131676228964
CV-G,gfold_3,G+E normalized-reference,W560,ME4,1.405561992307448,0.14496652306394078,1.2605954692435073
CV-G,gfold_3,G+E normalized-reference,W563,ME1,-2.418661729219824,0.28003291138337943,-2.698694640603203
CV-G,gfold_3,G+E normalized-reference,W563,ME2,0.6355701779686163,0.2763863487223665,0.35918382924624975
CV-G,gfold_3,G+E normalized-reference,W563,ME3,0.5096527192133324,0.28398761687616353,0.2256651023371689
CV-G,gfold_3,G+E normalized-reference,W563,ME4,1.3973019551356471,0.3266827725398132,1.070619182595834
CV-G,gfold_3,G+E normalized-reference,W571,ME1,-2.0155215929835992,0.01615313784472922,-2.0316747308283283
CV-G,gfold_3,G+E normalized-reference,W571,ME2,0.39112496147909465,0.012506575183716284,0.37861838629537836
CV-G,gfold_3,G+E normalized-reference,W571,ME3,-0.18840218902750308,0.02010784333751331,-0.2085100323650164
CV-G,gfold_3,G+E normalized-reference,W571,ME4,0.9986568278204154,0.06280299900116301,0.9358538288192524
CV-G,gfold_3,G+E normalized-reference,W577,ME1,-1.4524724331923298,0.4037813890682378,-1.8562538222605676
CV-G,gfold_3,G+E normalized-reference,W577,ME2,0.986248595856017,0.40013482640722486,0.5861137694487921
CV-G,gfold_3,G+E normalized-reference,W577,ME3,0.7816309395966025,0.4077360945610219,0.37389484503558057
CV-G,gfold_3,G+E normalized-reference,W577,ME4,2.3877197455448753,0.45043125022467156,1.9372884953202036
CV-G,gfold_3,G+E normalized-reference,W585,ME1,-2.2687292044605485,0.04265051900879495,-2.3113797234693436
CV-G,gfold_3,G+E normalized-reference,W585,ME2,0.2297436535054296,0.03900395634778202,0.1907396971576476
CV-G,gfold_3,G+E normalized-reference,W585,ME3,0.11161005972384323,0.04660522450157904,0.06500483522226419
CV-G,gfold_3,G+E normalized-reference,W585,ME4,1.1666109169803598,0.08930038016522875,1.077310536815131
CV-G,gfold_3,G+E normalized-reference,W586,ME1,-1.9222392932229935,-0.010335107187817053,-1.9119041860351764
CV-G,gfold_3,G+E normalized-reference,W586,ME2,0.6403166870266653,-0.013981669848829988,0.6542983568754953
CV-G,gfold_3,G+E normalized-reference,W586,ME3,0.3150193610676296,-0.006380401695032961,0.3213997627626626
CV-G,gfold_3,G+E normalized-reference,W586,ME4,0.9123197726199288,0.03631475396861674,0.8760050186513121
CV-G,gfold_3,G+E+normalized-GxE-mixture,W001,ME1,1.6716294803197338,-0.07073656208773624,1.74236604240747
CV-G,gfold_3,G+E+normalized-GxE-mixture,W001,ME2,-1.7274698635629413,-0.648348304687595,-1.0791215588753462
CV-G,gfold_3,G+E+normalized-GxE-mixture,W001,ME3,-1.8902847867543517,-0.36625258185200055,-1.5240322049023511
CV-G,gfold_3,G+E+normalized-GxE-mixture,W001,ME4,0.050915896132156344,0.0030464751034276136,0.04786942102872873
CV-G,gfold_3,G+E+normalized-GxE-mixture,W005,ME1,0.998317612613427,0.5360733297410318,0.46224428287239516
CV-G,gfold_3,G+E+normalized-GxE-mixture,W005,ME2,-0.28248061800298024,-0.45934269265823724,0.176862074655257
CV-G,gfold_3,G+E+normalized-GxE-mixture,W005,ME3,1.6186819222047384,-0.2514116263037897,1.8700935485085282
CV-G,gfold_3,G+E+normalized-GxE-mixture,W005,ME4,-0.11428484730385398,-0.28872686365295186,0.1744420163490979
CV-G,gfold_3,G+E+normalized-GxE-mixture,W013,ME1,1.1741808901610542,0.5169003535955348,0.6572805365655194
CV-G,gfold_3,G+E+normalized-GxE-mixture,W013,ME2,-0.2076376631756647,-0.5860748755160737,0.37843721234040906
CV-G,gfold_3,G+E+normalized-GxE-mixture,W013,ME3,0.7516035304828591,-0.9594613550099216,1.7110648854927808
CV-G,gfold_3,G+E+normalized-GxE-mixture,W013,ME4,-0.1916381287422496,-0.19556573573165936,0.003927606989409749
CV-G,gfold_3,G+E+normalized-GxE-mixture,W014,ME1,0.31602282395060466,0.47645830120470795,-0.1604354772541033
CV-G,gfold_3,G+E+normalized-GxE-mixture,W014,ME2,-0.6536512976636655,-0.03532066559047453,-0.6183306320731909
CV-G,gfold_3,G+E+normalized-GxE-mixture,W014,ME3,-0.43037833988277874,-0.2016848390268997,-0.22869350085587903
CV-G,gfold_3,G+E+normalized-GxE-mixture,W014,ME4,0.006807297634742042,-0.07874477086556302,0.08555206850030506
CV-G,gfold_3,G+E+normalized-GxE-mixture,W015,ME1,0.7976148890844981,0.13898480950834538,0.6586300795761527
CV-G,gfold_3,G+E+normalized-GxE-mixture,W015,ME2,-0.6338235471585086,-0.5100416952148444,-0.1237818519436642
CV-G,gfold_3,G+E+normalized-GxE-mixture,W015,ME3,-0.697905239702633,-0.6485497649281108,-0.04935547477452218
CV-G,gfold_3,G+E+normalized-GxE-mixture,W015,ME4,-0.23608499542860478,-0.48121535952866945,0.24513036410006467
CV-G,gfold_3,G+E+normalized-GxE-mixture,W018,ME1,1.8136703909295409,0.17314409782990825,1.6405262930996325
CV-G,gfold_3,G+E+normalized-GxE-mixture,W018,ME2,-0.35961455453564845,-0.06796997232893011,-0.29164458220671835
CV-G,gfold_3,G+E+normalized-GxE-mixture,W018,ME3,-0.5233577265280902,-0.4371583433749343,-0.0861993831531559
CV-G,gfold_3,G+E+normalized-GxE-mixture,W018,ME4,-0.5764535938212662,-0.3684177406044917,-0.20803585321677448
CV-G,gfold_3,G+E+normalized-GxE-mixture,W021,ME1,0.6658680964157973,0.6537877536179468,0.012080342797850419
CV-G,gfold_3,G+E+normalized-GxE-mixture,W021,ME2,-0.4888968039194143,0.7738802307396894,-1.2627770346591036
CV-G,gfold_3,G+E+normalized-GxE-mixture,W021,ME3,-0.718396518045794,0.6551456052483088,-1.3735421232941027
CV-G,gfold_3,G+E+normalized-GxE-mixture,W021,ME4,0.26606233100032195,0.6860597209256134,-0.41999738992529145
CV-G,gfold_3,G+E+normalized-GxE-mixture,W030,ME1,-0.5190467736182077,-0.10759361845030066,-0.41145315516790704
CV-G,gfold_3,G+E+normalized-GxE-mixture,W030,ME2,0.41790792992397896,0.23435496875381723,0.18355296117016173
CV-G,gfold_3,G+E+normalized-GxE-mixture,W030,ME3,0.5699440402411526,0.17227880363037898,0.3976652366107737
CV-G,gfold_3,G+E+normalized-GxE-mixture,W030,ME4,-1.1923848989672625,-0.25961867623118834,-0.9327662227360742
CV-G,gfold_3,G+E+normalized-GxE-mixture,W035,ME1,0.26570869369733,0.22270713743496198,0.04300155626236804
CV-G,gfold_3,G+E+normalized-GxE-mixture,W035,ME2,-0.3621966554632271,-0.5597915220708909,0.1975948666076638
CV-G,gfold_3,G+E+normalized-GxE-mixture,W035,ME3,-0.07067447363303,-0.7764921577658747,0.7058176841328446
CV-G,gfold_3,G+E+normalized-GxE-mixture,W035,ME4,0.011094650262009738,-0.18370734863988086,0.1948019989018906
CV-G,gfold_3,G+E+normalized-GxE-mixture,W040,ME1,0.12124899113458985,0.15432153982015998,-0.03307254868557012
CV-G,gfold_3,G+E+normalized-GxE-mixture,W040,ME2,-0.3822269236881942,0.012661229595031746,-0.39488815328322596
CV-G,gfold_3,G+E+normalized-GxE-mixture,W040,ME3,-0.6295052512348155,-0.04633616698467674,-0.5831690842501387
CV-G,gfold_3,G+E+normalized-GxE-mixture,W040,ME4,-0.2185186497099088,0.0543231185969532,-0.272841768306862
CV-G,gfold_3,G+E+normalized-GxE-mixture,W041,ME1,0.7482861925898263,0.2535623230476791,0.4947238695421472
CV-G,gfold_3,G+E+normalized-GxE-mixture,W041,ME2,1.4223008900008585,0.3794433209772606,1.042857569023598
CV-G,gfold_3,G+E+normalized-GxE-mixture,W041,ME3,1.167983603526761,0.24714905965650086,0.9208345438702601
CV-G,gfold_3,G+E+normalized-GxE-mixture,W041,ME4,-0.9540552931035775,0.485963143377696,-1.4400184364812736
CV-G,gfold_3,G+E+normalized-GxE-mixture,W047,ME1,0.004511739103114679,0.040513218809965196,-0.03600147970685052
CV-G,gfold_3,G+E+normalized-GxE-mixture,W047,ME2,-0.7633779297282691,-0.3519203215716229,-0.4114576081566462
CV-G,gfold_3,G+E+normalized-GxE-mixture,W047,ME3,-0.7506031315340369,-0.04200452621047998,-0.7085986053235569
CV-G,gfold_3,G+E+normalized-GxE-mixture,W047,ME4,-0.39312796881970424,-0.35319673513506,-0.03993123368464424
CV-G,gfold_3,G+E+normalized-GxE-mixture,W052,ME1,0.139231121208924,0.32519305043160385,-0.18596192922267984
CV-G,gfold_3,G+E+normalized-GxE-mixture,W052,ME2,-0.48340351076956456,0.0002762841979749818,-0.48367979496753954
CV-G,gfold_3,G+E+normalized-GxE-mixture,W052,ME3,-0.5166005036614257,-0.2654941947917012,-0.2511063088697245
CV-G,gfold_3,G+E+normalized-GxE-mixture,W052,ME4,-0.31881910108177297,-0.3560271758621006,0.037208074780327616
CV-G,gfold_3,G+E+normalized-GxE-mixture,W056,ME1,-1.092259746060187,0.1493263377538981,-1.241586083814085
CV-G,gfold_3,G+E+normalized-GxE-mixture,W056,ME2,-0.28348687792328675,-0.18432999268856443,-0.09915688523472233
CV-G,gfold_3,G+E+normalized-GxE-mixture,W056,ME3,1.5632389085837513,-0.50363515729603,2.066874065879781
CV-G,gfold_3,G+E+normalized-GxE-mixture,W056,ME4,-1.3650904761765097,-0.8353173538541561,-0.5297731223223536
CV-G,gfold_3,G+E+normalized-GxE-mixture,W057,ME1,0.44940657682987684,-0.46710276597212835,0.9165093428020052
CV-G,gfold_3,G+E+normalized-GxE-mixture,W057,ME2,-0.13420600370827623,-0.501672533495349,0.3674665297870728
CV-G,gfold_3,G+E+normalized-GxE-mixture,W057,ME3,0.22090813959215116,-0.26846681080790047,0.48937495040005163
CV-G,gfold_3,G+E+normalized-GxE-mixture,W057,ME4,-0.5565665709923975,-0.6100063662214817,0.053439795229084264
CV-G,gfold_3,G+E+normalized-GxE-mixture,W071,ME1,0.5258713500490438,0.23568170573553154,0.2901896443135123
CV-G,gfold_3,G+E+normalized-GxE-mixture,W071,ME2,1.2510341858289644,0.2562066180566528,0.9948275677723116
CV-G,gfold_3,G+E+normalized-GxE-mixture,W071,ME3,1.4130089512006208,0.133777513787353,1.2792314374132678
CV-G,gfold_3,G+E+normalized-GxE-mixture,W071,ME4,-2.090140805713025,0.08565285048160093,-2.175793656194626
CV-G,gfold_3,G+E+normalized-GxE-mixture,W077,ME1,-0.15064114135255904,0.23998144126728044,-0.3906225826198395
CV-G,gfold_3,G+E+normalized-GxE-mixture,W077,ME2,0.32447764562534365,0.27863970058651455,0.0458379450388291
CV-G,gfold_3,G+E+normalized-GxE-mixture,W077,ME3,1.2641726710337384,0.3749845005846344,0.889188170449104
CV-G,gfold_3,G+E+normalized-GxE-mixture,W077,ME4,-0.07680787865008504,0.4695634947511126,-0.5463713734011977
CV-G,gfold_3,G+E+normalized-GxE-mixture,W085,ME1,-0.07534097166628811,0.18296327696640952,-0.25830424863269763
CV-G,gfold_3,G+E+normalized-GxE-mixture,W085,ME2,-1.1528891203892548,-0.8812487769960038,-0.27164034339325105
CV-G,gfold_3,G+E+normalized-GxE-mixture,W085,ME3,0.22778361385898288,-0.5718605079401812,0.7996441217991641
CV-G,gfold_3,G+E+normalized-GxE-mixture,W085,ME4,0.08238270440568299,-0.7803274504313128,0.8627101548369958
CV-G,gfold_3,G+E+normalized-GxE-mixture,W086,ME1,0.9299969200438688,0.4858741517359011,0.4441227683079677
CV-G,gfold_3,G+E+normalized-GxE-mixture,W086,ME2,-0.08236779611563717,0.6111052436093914,-0.6934730397250286
CV-G,gfold_3,G+E+normalized-GxE-mixture,W086,ME3,1.1544860508505967,0.4722259313900612,0.6822601194605356
CV-G,gfold_3,G+E+normalized-GxE-mixture,W086,ME4,0.6251851471240046,0.26613232371173146,0.3590528234122732
CV-G,gfold_3,G+E+normalized-GxE-mixture,W096,ME1,-0.01652442121482098,0.22101473467443458,-0.23753915588925556
CV-G,gfold_3,G+E+normalized-GxE-mixture,W096,ME2,-0.596522314640988,-0.7732202502104651,0.1766979355694771
CV-G,gfold_3,G+E+normalized-GxE-mixture,W096,ME3,-0.39243653348645485,-0.9771419390548945,0.5847054055684398
CV-G,gfold_3,G+E+normalized-GxE-mixture,W096,ME4,-0.9079485522807936,-0.364990001909843,-0.5429585503709506
CV-G,gfold_3,G+E+normalized-GxE-mixture,W098,ME1,0.47585040669915263,-0.2050324934642487,0.6808829001634014
CV-G,gfold_3,G+E+normalized-GxE-mixture,W098,ME2,0.35041257111852275,-0.13222316046603577,0.4826357315845585
CV-G,gfold_3,G+E+normalized-GxE-mixture,W098,ME3,-0.8464374448405143,0.2395552442184541,-1.0859926890589684
CV-G,gfold_3,G+E+normalized-GxE-mixture,W098,ME4,0.024688311436172554,-0.047661047704480736,0.0723493591406533
CV-G,gfold_3,G+E+normalized-GxE-mixture,W102,ME1,1.255768290108823,-0.12533080777784958,1.3810990978866726
CV-G,gfold_3,G+E+normalized-GxE-mixture,W102,ME2,-0.07896296695132968,-0.2311913980299649,0.15222843107863523
CV-G,gfold_3,G+E+normalized-GxE-mixture,W102,ME3,0.5583976356677377,-0.017649376566448556,0.5760470122341863
CV-G,gfold_3,G+E+normalized-GxE-mixture,W102,ME4,-0.8065546293214246,0.09282488242041312,-0.8993795117418377
CV-G,gfold_3,G+E+normalized-GxE-mixture,W109,ME1,-0.7609666893148012,0.3319473381953327,-1.092914027510134
CV-G,gfold_3,G+E+normalized-GxE-mixture,W109,ME2,0.017422810320783577,-0.14730986316812006,0.16473267348890364
CV-G,gfold_3,G+E+normalized-GxE-mixture,W109,ME3,0.48547875440783805,-0.04222616191770265,0.5277049163255407
CV-G,gfold_3,G+E+normalized-GxE-mixture,W109,ME4,-1.494891060304804,-0.15199365411898047,-1.3428974061858234
CV-G,gfold_3,G+E+normalized-GxE-mixture,W110,ME1,0.268111197488963,0.5288556561068609,-0.2607444586178979
CV-G,gfold_3,G+E+normalized-GxE-mixture,W110,ME2,-0.5164645285285623,-0.38457826280291696,-0.13188626572564532
CV-G,gfold_3,G+E+normalized-GxE-mixture,W110,ME3,-0.05165289126336848,-0.251753907177896,0.2001010159145275
CV-G,gfold_3,G+E+normalized-GxE-mixture,W110,ME4,-1.3647600746896376,-0.14387430462384915,-1.2208857700657885
CV-G,gfold_3,G+E+normalized-GxE-mixture,W111,ME1,0.1083487673856123,0.24826436148543174,-0.13991559409981943
CV-G,gfold_3,G+E+normalized-GxE-mixture,W111,ME2,0.9387771765967842,0.4714126617164154,0.4673645148803688
CV-G,gfold_3,G+E+normalized-GxE-mixture,W111,ME3,1.2584797107685726,0.5813552211615352,0.6771244896070374
CV-G,gfold_3,G+E+normalized-GxE-mixture,W111,ME4,-1.3664042154219294,0.19071458954351966,-1.557118804965449
CV-G,gfold_3,G+E+normalized-GxE-mixture,W116,ME1,-0.07556900592447717,0.2487455435820794,-0.3243145495065566
CV-G,gfold_3,G+E+normalized-GxE-mixture,W116,ME2,1.1867348097892616,-0.010188201383418126,1.1969230111726796
CV-G,gfold_3,G+E+normalized-GxE-mixture,W116,ME3,0.9659173002277245,0.020255786860517586,0.9456615133672069
CV-G,gfold_3,G+E+normalized-GxE-mixture,W116,ME4,-0.3306191541843449,0.01987399872431325,-0.3504931529086581
CV-G,gfold_3,G+E+normalized-GxE-mixture,W120,ME1,1.3191048053208203,-0.10256137686367393,1.4216661821844943
CV-G,gfold_3,G+E+normalized-GxE-mixture,W120,ME2,0.3107697274656989,-0.2362597089980763,0.5470294364637752
CV-G,gfold_3,G+E+normalized-GxE-mixture,W120,ME3,-0.314728470519806,-0.4442472599305258,0.12951878941071976
CV-G,gfold_3,G+E+normalized-GxE-mixture,W120,ME4,-0.5501001418921881,-0.13864732233674631,-0.41145281955544183
CV-G,gfold_3,G+E+normalized-GxE-mixture,W121,ME1,1.8092807314594008,0.5876690651596601,1.2216116662997407
CV-G,gfold_3,G+E+normalized-GxE-mixture,W121,ME2,-0.030124553083377532,-0.06304417726333669,0.03291962417995916
CV-G,gfold_3,G+E+normalized-GxE-mixture,W121,ME3,-0.545335593901919,0.014698826738963127,-0.5600344206408822
CV-G,gfold_3,G+E+normalized-GxE-mixture,W121,ME4,0.6148011003937416,0.07736779550053202,0.5374333048932096
CV-G,gfold_3,G+E+normalized-GxE-mixture,W122,ME1,0.10748549483675186,0.5449321256822032,-0.4374466308454513
CV-G,gfold_3,G+E+normalized-GxE-mixture,W122,ME2,0.8530172509359556,0.5982877309957957,0.2547295199401599
CV-G,gfold_3,G+E+normalized-GxE-mixture,W122,ME3,0.6971656537632893,0.7331487238693363,-0.035983070106046955
CV-G,gfold_3,G+E+normalized-GxE-mixture,W122,ME4,-0.9691357609686646,0.10439631881219252,-1.0735320797808572
CV-G,gfold_3,G+E+normalized-GxE-mixture,W124,ME1,1.1001186207335232,-0.16125069143997622,1.2613693121734995
CV-G,gfold_3,G+E+normalized-GxE-mixture,W124,ME2,-0.6767762897944802,-0.4540691945589655,-0.22270709523551474
CV-G,gfold_3,G+E+normalized-GxE-mixture,W124,ME3,-0.019581422232458942,-0.5857133971730201,0.5661319749405611
CV-G,gfold_3,G+E+normalized-GxE-mixture,W124,ME4,-0.7409935342835337,-0.26377782455982657,-0.4772157097237071
CV-G,gfold_3,G+E+normalized-GxE-mixture,W127,ME1,2.398537542781108,0.19859580773427263,2.1999417350468358
CV-G,gfold_3,G+E+normalized-GxE-mixture,W127,ME2,0.6391711961739891,0.17587789223040667,0.4632933039435824
CV-G,gfold_3,G+E+normalized-GxE-mixture,W127,ME3,0.18361671589674317,0.07977662041998612,0.10384009547675704
CV-G,gfold_3,G+E+normalized-GxE-mixture,W127,ME4,0.050357360285301446,0.3601664585862264,-0.30980909830092496
CV-G,gfold_3,G+E+normalized-GxE-mixture,W134,ME1,1.617992565161419,0.42773926778871363,1.1902532973727054
CV-G,gfold_3,G+E+normalized-GxE-mixture,W134,ME2,0.28636001354983914,0.3703330167052478,-0.08397300315540868
CV-G,gfold_3,G+E+normalized-GxE-mixture,W134,ME3,-0.47690181931976794,0.04028826069342714,-0.5171900800131951
CV-G,gfold_3,G+E+normalized-GxE-mixture,W134,ME4,-0.3801793772151487,0.038357012737161446,-0.4185363899523102
CV-G,gfold_3,G+E+normalized-GxE-mixture,W135,ME1,1.738524958775611,0.6768440029862351,1.061680955789376
CV-G,gfold_3,G+E+normalized-GxE-mixture,W135,ME2,0.013321826494629393,-0.4467588583425724,0.46008068483720177
CV-G,gfold_3,G+E+normalized-GxE-mixture,W135,ME3,-0.5546098822864167,-0.16653058138889748,-0.38807930089751924
CV-G,gfold_3,G+E+normalized-GxE-mixture,W135,ME4,0.34041053224859497,-0.03218410616941868,0.37259463841801366
CV-G,gfold_3,G+E+normalized-GxE-mixture,W138,ME1,0.6408820569828011,0.3756003783662585,0.2652816786165426
CV-G,gfold_3,G+E+normalized-GxE-mixture,W138,ME2,-0.5049336758568758,-0.5104611422285742,0.005527466371698431
CV-G,gfold_3,G+E+normalized-GxE-mixture,W138,ME3,0.6090852536963093,-0.6719388662079798,1.281024119904289
CV-G,gfold_3,G+E+normalized-GxE-mixture,W138,ME4,-0.2742463671623236,-0.5614173504598204,0.28717098329749685
CV-G,gfold_3,G+E+normalized-GxE-mixture,W139,ME1,0.29973466265138987,0.043772266763936044,0.25596239588745384
CV-G,gfold_3,G+E+normalized-GxE-mixture,W139,ME2,-0.4674425829770324,-0.2805219515908287,-0.18692063138620368
CV-G,gfold_3,G+E+normalized-GxE-mixture,W139,ME3,0.6211468965133073,0.27364746770996323,0.3474994288033441
CV-G,gfold_3,G+E+normalized-GxE-mixture,W139,ME4,0.2685560755559988,-0.30918734515364443,0.5777434207096432
CV-G,gfold_3,G+E+normalized-GxE-mixture,W140,ME1,0.18610030534741487,-0.1709479272396786,0.3570482325870935
CV-G,gfold_3,G+E+normalized-GxE-mixture,W140,ME2,-1.6087375216455324,-0.4073632024402029,-1.2013743192053294
CV-G,gfold_3,G+E+normalized-GxE-mixture,W140,ME3,-1.259016580021917,-0.33193147766989056,-0.9270851023520266
CV-G,gfold_3,G+E+normalized-GxE-mixture,W140,ME4,0.13089665606139114,0.16987003539841977,-0.03897337933702863
CV-G,gfold_3,G+E+normalized-GxE-mixture,W142,ME1,1.6714747427873913,0.7567473737754524,0.9147273690119389
CV-G,gfold_3,G+E+normalized-GxE-mixture,W142,ME2,-0.13766146230253548,0.30420914999552506,-0.44187061229806057
CV-G,gfold_3,G+E+normalized-GxE-mixture,W142,ME3,-0.2556027704364871,0.41975811729587076,-0.6753608877323578
CV-G,gfold_3,G+E+normalized-GxE-mixture,W142,ME4,-0.015164401242247784,0.026119884596679063,-0.04128428583892685
CV-G,gfold_3,G+E+normalized-GxE-mixture,W145,ME1,-0.7810907125999806,-0.37103836707508797,-0.41005234552489267
CV-G,gfold_3,G+E+normalized-GxE-mixture,W145,ME2,-2.249516244482142,-0.03644714956782963,-2.2130690949143124
CV-G,gfold_3,G+E+normalized-GxE-mixture,W145,ME3,-1.1994770000380148,0.29866694944938615,-1.498143949487401
CV-G,gfold_3,G+E+normalized-GxE-mixture,W145,ME4,-1.030755638270297,0.16445575797462575,-1.1952113962449227
CV-G,gfold_3,G+E+normalized-GxE-mixture,W149,ME1,0.5843132727906273,0.12634595182740893,0.45796732096321835
CV-G,gfold_3,G+E+normalized-GxE-mixture,W149,ME2,-2.175945354082383,-0.007283018902039463,-2.1686623351803433
CV-G,gfold_3,G+E+normalized-GxE-mixture,W149,ME3,-1.2089371120513464,-0.18849128200107074,-1.0204458300502757
CV-G,gfold_3,G+E+normalized-GxE-mixture,W149,ME4,-0.6308597053261925,0.10709346360728718,-0.7379531689334797
CV-G,gfold_3,G+E+normalized-GxE-mixture,W151,ME1,-0.07536540390823601,0.3250217885614355,-0.40038719246967147
CV-G,gfold_3,G+E+normalized-GxE-mixture,W151,ME2,-2.0675667305902654,-0.8398956698640223,-1.227671060726243
CV-G,gfold_3,G+E+normalized-GxE-mixture,W151,ME3,-1.2934023978846596,-0.6888526228044694,-0.6045497750801903
CV-G,gfold_3,G+E+normalized-GxE-mixture,W151,ME4,-0.8262213844923779,-0.6281125829205527,-0.1981088015718252
CV-G,gfold_3,G+E+normalized-GxE-mixture,W166,ME1,-2.224246235952392,-1.8992149578797035,-0.3250312780726883
CV-G,gfold_3,G+E+normalized-GxE-mixture,W166,ME2,-2.5271870243780064,0.400619621065142,-2.927806645443148
CV-G,gfold_3,G+E+normalized-GxE-mixture,W166,ME3,-2.2671688921425965,0.6710563521223931,-2.9382252442649897
CV-G,gfold_3,G+E+normalized-GxE-mixture,W166,ME4,-1.8428116926831115,1.1270563606435766,-2.969868053326688
CV-G,gfold_3,G+E+normalized-GxE-mixture,W168,ME1,0.623722479054078,0.2188772451936136,0.40484523386046434
CV-G,gfold_3,G+E+normalized-GxE-mixture,W168,ME2,-0.39804862054835655,0.12640745103852458,-0.5244560715868811
CV-G,gfold_3,G+E+normalized-GxE-mixture,W168,ME3,-0.35333755267421413,0.056416998679824096,-0.4097545513540382
CV-G,gfold_3,G+E+normalized-GxE-mixture,W168,ME4,0.3942974414170083,0.2924306326603737,0.10186680875663456
CV-G,gfold_3,G+E+normalized-GxE-mixture,W173,ME1,-0.15331239980563044,-0.13557873101813805,-0.017733668787492385
CV-G,gfold_3,G+E+normalized-GxE-mixture,W173,ME2,-0.25165362384063844,-0.25077824416791533,-0.0008753796727231089
CV-G,gfold_3,G+E+normalized-GxE-mixture,W173,ME3,-0.24218968304615685,-0.33448278217941524,0.0922930991332584
CV-G,gfold_3,G+E+normalized-GxE-mixture,W173,ME4,-0.1768801956619657,-0.033783151314650914,-0.1430970443473148
CV-G,gfold_3,G+E+normalized-GxE-mixture,W177,ME1,1.053053978659442,0.040411346491657396,1.0126426321677846
CV-G,gfold_3,G+E+normalized-GxE-mixture,W177,ME2,0.00270230356208855,-0.41382839375402947,0.416530697316118
CV-G,gfold_3,G+E+normalized-GxE-mixture,W177,ME3,-0.31923047025472223,-0.6679143347594734,0.34868386450475114
CV-G,gfold_3,G+E+normalized-GxE-mixture,W177,ME4,-0.6361067956058029,-0.2368946008631253,-0.39921219474267755
CV-G,gfold_3,G+E+normalized-GxE-mixture,W186,ME1,-0.3243055171247901,0.09346217779228888,-0.417767694917079
CV-G,gfold_3,G+E+normalized-GxE-mixture,W186,ME2,-0.7054325471476078,0.33372854922907935,-1.039161096376687
CV-G,gfold_3,G+E+normalized-GxE-mixture,W186,ME3,-1.010435243814476,0.26905039293439814,-1.279485636748874
CV-G,gfold_3,G+E+normalized-GxE-mixture,W186,ME4,-0.4604197383126394,-0.06333898484601176,-0.39708075346662763
CV-G,gfold_3,G+E+normalized-GxE-mixture,W191,ME1,0.37423671243400053,0.19869664301901352,0.175540069414987
CV-G,gfold_3,G+E+normalized-GxE-mixture,W191,ME2,-0.5956299709380749,0.29619611051902855,-0.8918260814571035
CV-G,gfold_3,G+E+normalized-GxE-mixture,W191,ME3,-0.3839900049031236,0.26461846808478817,-0.6486084729879118
CV-G,gfold_3,G+E+normalized-GxE-mixture,W191,ME4,-1.0203479914338283,0.4682905254014952,-1.4886385168353233
CV-G,gfold_3,G+E+normalized-GxE-mixture,W194,ME1,0.7324459557263389,0.5758313198150404,0.15661463591129843
CV-G,gfold_3,G+E+normalized-GxE-mixture,W194,ME2,-0.6745739095915452,0.4309911440936046,-1.1055650536851498
CV-G,gfold_3,G+E+normalized-GxE-mixture,W194,ME3,-1.4886776922026967,-0.3533346823837328,-1.135343009818964
CV-G,gfold_3,G+E+normalized-GxE-mixture,W194,ME4,-0.8865353892506589,-0.1746500574951329,-0.711885331755526
CV-G,gfold_3,G+E+normalized-GxE-mixture,W198,ME1,1.4489621712788143,0.6516614355230138,0.7973007357558005
CV-G,gfold_3,G+E+normalized-GxE-mixture,W198,ME2,2.143377888742169,0.2127454091449804,1.9306324795971883
CV-G,gfold_3,G+E+normalized-GxE-mixture,W198,ME3,0.22186259732206748,0.2819396758128922,-0.06007707849082472
CV-G,gfold_3,G+E+normalized-GxE-mixture,W198,ME4,1.4464688430630315,0.23265638885875128,1.2138124542042803
CV-G,gfold_3,G+E+normalized-GxE-mixture,W201,ME1,0.2495345495272083,0.2505114315241485,-0.0009768819969402098
CV-G,gfold_3,G+E+normalized-GxE-mixture,W201,ME2,-0.15299585089940518,0.16224627666421337,-0.3152421275636186
CV-G,gfold_3,G+E+normalized-GxE-mixture,W201,ME3,0.5758988428924009,0.2854606369119505,0.2904382059804504
CV-G,gfold_3,G+E+normalized-GxE-mixture,W201,ME4,0.0012848727827377002,0.2947282544750047,-0.293443381692267
CV-G,gfold_3,G+E+normalized-GxE-mixture,W204,ME1,0.8061091652020398,0.2659765706535389,0.5401325945485009
CV-G,gfold_3,G+E+normalized-GxE-mixture,W204,ME2,-0.32156020924758333,0.3144608805053918,-0.6360210897529751
CV-G,gfold_3,G+E+normalized-GxE-mixture,W204,ME3,0.5958073107633124,0.23325692037819523,0.36255039038511716
CV-G,gfold_3,G+E+normalized-GxE-mixture,W204,ME4,0.406097494519581,0.43196329500125763,-0.025865800481676637
CV-G,gfold_3,G+E+normalized-GxE-mixture,W206,ME1,1.270818551149298,1.0019164155179252,0.2689021356313728
CV-G,gfold_3,G+E+normalized-GxE-mixture,W206,ME2,-2.1234173205066416,-0.6474424944746978,-1.4759748260319436
CV-G,gfold_3,G+E+normalized-GxE-mixture,W206,ME3,-1.0829402451737922,-0.3644454800763529,-0.7184947650974393
CV-G,gfold_3,G+E+normalized-GxE-mixture,W206,ME4,-0.8419547886291413,-0.07676540216237328,-0.765189386466768
CV-G,gfold_3,G+E+normalized-GxE-mixture,W212,ME1,0.8616355070710643,0.4545917561366884,0.4070437509343759
CV-G,gfold_3,G+E+normalized-GxE-mixture,W212,ME2,0.5139076577927054,0.3506103203890378,0.16329733740366764
CV-G,gfold_3,G+E+normalized-GxE-mixture,W212,ME3,0.1652708558137473,0.18198016506905001,-0.0167093092553027
CV-G,gfold_3,G+E+normalized-GxE-mixture,W212,ME4,0.7225591853264305,0.30389468446235074,0.41866450086407975
CV-G,gfold_3,G+E+normalized-GxE-mixture,W213,ME1,1.0264146908545742,0.06582568287913738,0.9605890079754368
CV-G,gfold_3,G+E+normalized-GxE-mixture,W213,ME2,0.36083590500999824,0.036423647906248746,0.3244122571037495
CV-G,gfold_3,G+E+normalized-GxE-mixture,W213,ME3,0.9103391421494047,-0.06331961350305454,0.9736587556524592
CV-G,gfold_3,G+E+normalized-GxE-mixture,W213,ME4,0.781732518284796,0.27021234792764703,0.5115201703571489
CV-G,gfold_3,G+E+normalized-GxE-mixture,W219,ME1,0.33301952026633597,-0.47236012351148743,0.8053796437778233
CV-G,gfold_3,G+E+normalized-GxE-mixture,W219,ME2,0.31073808407197756,-0.047373446777388944,0.35811153084936653
CV-G,gfold_3,G+E+normalized-GxE-mixture,W219,ME3,0.3660363937109506,-0.0062678939901621,0.3723042877011127
CV-G,gfold_3,G+E+normalized-GxE-mixture,W219,ME4,0.11969447231601589,-0.35768827279664206,0.47738274511265794
CV-G,gfold_3,G+E+normalized-GxE-mixture,W225,ME1,0.6895836592674551,0.36273098133990767,0.32685267792754746
CV-G,gfold_3,G+E+normalized-GxE-mixture,W225,ME2,-0.4081998212538374,0.4079236199570013,-0.8161234412108387
CV-G,gfold_3,G+E+normalized-GxE-mixture,W225,ME3,-0.06123970120544897,0.32655226681027827,-0.38779196801572724
CV-G,gfold_3,G+E+normalized-GxE-mixture,W225,ME4,-1.2229155696946508,0.09742138047600256,-1.3203369501706532
CV-G,gfold_3,G+E+normalized-GxE-mixture,W227,ME1,0.5613143890361353,0.014734800798096307,0.546579588238039
CV-G,gfold_3,G+E+normalized-GxE-mixture,W227,ME2,-0.1766081512935137,-0.4211201771076853,0.24451202581417159
CV-G,gfold_3,G+E+normalized-GxE-mixture,W227,ME3,0.4533650527340126,0.17111650430230543,0.2822485484317072
CV-G,gfold_3,G+E+normalized-GxE-mixture,W227,ME4,-0.4077128344544833,0.204963126504699,-0.6126759609591823
CV-G,gfold_3,G+E+normalized-GxE-mixture,W243,ME1,0.105807814222934,-0.2207934732445732,0.3266012874675072
CV-G,gfold_3,G+E+normalized-GxE-mixture,W243,ME2,0.4818845433477355,-0.11311974684865973,0.5950042901963952
CV-G,gfold_3,G+E+normalized-GxE-mixture,W243,ME3,-0.1538221010073438,-0.5336500602059139,0.37982795919857004
CV-G,gfold_3,G+E+normalized-GxE-mixture,W243,ME4,-0.5057162088223804,-0.7835628838683435,0.27784667504596305
CV-G,gfold_3,G+E+normalized-GxE-mixture,W249,ME1,-0.4484213062248097,0.2177825037434447,-0.6662038099682543
CV-G,gfold_3,G+E+normalized-GxE-mixture,W249,ME2,0.6315451382873913,0.36945089756869215,0.2620942407186992
CV-G,gfold_3,G+E+normalized-GxE-mixture,W249,ME3,1.0688129114298666,0.1973691626013613,0.8714437488285053
CV-G,gfold_3,G+E+normalized-GxE-mixture,W249,ME4,0.03136714149222922,0.22394248776771858,-0.19257534627548936
CV-G,gfold_3,G+E+normalized-GxE-mixture,W254,ME1,0.8122335138505444,0.17080208130983865,0.6414314325407058
CV-G,gfold_3,G+E+normalized-GxE-mixture,W254,ME2,-0.3479571282890808,-0.4090188318299922,0.061061703540911394
CV-G,gfold_3,G+E+normalized-GxE-mixture,W254,ME3,0.013436057999783153,-0.2497115588538541,0.26314761685363725
CV-G,gfold_3,G+E+normalized-GxE-mixture,W254,ME4,-0.26432645585409414,-0.15780603675743976,-0.10652041909665438
CV-G,gfold_3,G+E+normalized-GxE-mixture,W255,ME1,1.112774522063013,0.303320478130875,0.809454043932138
CV-G,gfold_3,G+E+normalized-GxE-mixture,W255,ME2,-0.561075384995478,0.30501786548830995,-0.8660932504837879
CV-G,gfold_3,G+E+normalized-GxE-mixture,W255,ME3,0.1625003944384145,0.23758359826742242,-0.07508320382900793
CV-G,gfold_3,G+E+normalized-GxE-mixture,W255,ME4,-0.4336729512801425,0.5808442588687487,-1.0145172101488913
CV-G,gfold_3,G+E+normalized-GxE-mixture,W261,ME1,0.22731749751507793,0.7676364538322022,-0.5403189563171243
CV-G,gfold_3,G+E+normalized-GxE-mixture,W261,ME2,1.084621578253768,-0.7067733975534609,1.791394975807229
CV-G,gfold_3,G+E+normalized-GxE-mixture,W261,ME3,0.1292295183486723,-0.6479446951704523,0.7771742135191246
CV-G,gfold_3,G+E+normalized-GxE-mixture,W261,ME4,0.6606482400482687,-0.37955358353195323,1.040201823580222
CV-G,gfold_3,G+E+normalized-GxE-mixture,W262,ME1,0.33104865274913176,0.008386595092923273,0.3226620576562085
CV-G,gfold_3,G+E+normalized-GxE-mixture,W262,ME2,-0.02358069926201445,-0.004421582691651833,-0.019159116570362615
CV-G,gfold_3,G+E+normalized-GxE-mixture,W262,ME3,0.2723559451932222,0.11632505019203375,0.15603089500118844
CV-G,gfold_3,G+E+normalized-GxE-mixture,W262,ME4,0.046494809569726334,-0.32661775391317077,0.3731125634828971
CV-G,gfold_3,G+E+normalized-GxE-mixture,W263,ME1,0.5681717049431042,-0.33497850788703804,0.9031502128301423
CV-G,gfold_3,G+E+normalized-GxE-mixture,W263,ME2,0.6325134261352326,-0.03977965795355766,0.6722930840887903
CV-G,gfold_3,G+E+normalized-GxE-mixture,W263,ME3,-1.4979857667015282,-0.1752831231281447,-1.3227026435733835
CV-G,gfold_3,G+E+normalized-GxE-mixture,W263,ME4,-0.5994007637547354,-0.11174211707496788,-0.4876586466797675
CV-G,gfold_3,G+E+normalized-GxE-mixture,W269,ME1,-0.1518057448854522,-0.18202539704460105,0.030219652159148847
CV-G,gfold_3,G+E+normalized-GxE-mixture,W269,ME2,2.4513756971795924,0.4648334654595943,1.986542231719998
CV-G,gfold_3,G+E+normalized-GxE-mixture,W269,ME3,-0.03230189427895601,0.01607281493529472,-0.04837470921425073
CV-G,gfold_3,G+E+normalized-GxE-mixture,W269,ME4,1.300148184591136,-0.01980611657486353,1.3199543011659995
CV-G,gfold_3,G+E+normalized-GxE-mixture,W289,ME1,0.5617053049073161,0.5741679321037013,-0.012462627196385245
CV-G,gfold_3,G+E+normalized-GxE-mixture,W289,ME2,-0.3997953358817187,0.3534595564503137,-0.7532548923320324
CV-G,gfold_3,G+E+normalized-GxE-mixture,W289,ME3,-0.5727276860976623,-0.019295042794788983,-0.5534326433028733
CV-G,gfold_3,G+E+normalized-GxE-mixture,W289,ME4,0.09530769590403353,-0.05728790607716644,0.15259560198119998
CV-G,gfold_3,G+E+normalized-GxE-mixture,W299,ME1,-0.2784869193900994,0.1625316579999469,-0.4410185773900463
CV-G,gfold_3,G+E+normalized-GxE-mixture,W299,ME2,-0.4033014239059308,-0.17603709825773162,-0.2272643256481992
CV-G,gfold_3,G+E+normalized-GxE-mixture,W299,ME3,-0.801704629463191,0.0029429464730641505,-0.8046475759362551
CV-G,gfold_3,G+E+normalized-GxE-mixture,W299,ME4,-0.6884124976584712,-0.3040900893137287,-0.3843224083447425
CV-G,gfold_3,G+E+normalized-GxE-mixture,W302,ME1,-0.8003921837395503,0.5738471166604643,-1.3742393004000146
CV-G,gfold_3,G+E+normalized-GxE-mixture,W302,ME2,-0.4864919059966695,0.14108314627166552,-0.627575052268335
CV-G,gfold_3,G+E+normalized-GxE-mixture,W302,ME3,-1.2653430299308328,-0.42677832293455453,-0.8385647069962783
CV-G,gfold_3,G+E+normalized-GxE-mixture,W302,ME4,-0.7026040281898321,-0.317334363516895,-0.38526966467293716
CV-G,gfold_3,G+E+normalized-GxE-mixture,W303,ME1,-1.255776597343008,0.04556555541148562,-1.3013421527544935
CV-G,gfold_3,G+E+normalized-GxE-mixture,W303,ME2,-1.047927983418932,0.21048080211896408,-1.258408785537896
CV-G,gfold_3,G+E+normalized-GxE-mixture,W303,ME3,-1.2611619982820832,0.1399592721168388,-1.401121270398922
CV-G,gfold_3,G+E+normalized-GxE-mixture,W303,ME4,-0.7252207966364285,0.14175739168641568,-0.8669781883228441
CV-G,gfold_3,G+E+normalized-GxE-mixture,W307,ME1,0.529128982308885,0.683293646642907,-0.15416466433402198
CV-G,gfold_3,G+E+normalized-GxE-mixture,W307,ME2,-0.3628928101250738,0.2800206242856248,-0.6429134344106986
CV-G,gfold_3,G+E+normalized-GxE-mixture,W307,ME3,-0.5341608365861715,0.6394541446839158,-1.1736149812700873
CV-G,gfold_3,G+E+normalized-GxE-mixture,W307,ME4,-0.009067707139252375,0.3161570377390338,-0.3252247448782862
CV-G,gfold_3,G+E+normalized-GxE-mixture,W308,ME1,0.2569863833216007,0.5038477339141201,-0.2468613505925194
CV-G,gfold_3,G+E+normalized-GxE-mixture,W308,ME2,-0.17723469048917492,0.3379560445944546,-0.5151907350836296
CV-G,gfold_3,G+E+normalized-GxE-mixture,W308,ME3,-0.7532722345663698,0.6639467857418437,-1.4172190203082136
CV-G,gfold_3,G+E+normalized-GxE-mixture,W308,ME4,0.11230763907380584,0.1313780086941123,-0.019070369620306477
CV-G,gfold_3,G+E+normalized-GxE-mixture,W310,ME1,1.4606977914948989,0.47506058668904927,0.9856372048058496
CV-G,gfold_3,G+E+normalized-GxE-mixture,W310,ME2,-0.21608644929899126,-0.033102858974626635,-0.18298359032436462
CV-G,gfold_3,G+E+normalized-GxE-mixture,W310,ME3,-1.2849558693013277,-0.18070960220371213,-1.1042462670976154
CV-G,gfold_3,G+E+normalized-GxE-mixture,W310,ME4,-1.6030582137450489,-0.6372618896284936,-0.9657963241165552
CV-G,gfold_3,G+E+normalized-GxE-mixture,W319,ME1,-1.6812478027204563,0.26508900249734824,-1.9463368052178045
CV-G,gfold_3,G+E+normalized-GxE-mixture,W319,ME2,0.38090414530743055,-0.04311187634532491,0.4240160216527555
CV-G,gfold_3,G+E+normalized-GxE-mixture,W319,ME3,0.8645082780562494,0.09051802826644326,0.7739902497898061
CV-G,gfold_3,G+E+normalized-GxE-mixture,W319,ME4,-1.6535388409178535,-0.2558224088245874,-1.397716432093266
CV-G,gfold_3,G+E+normalized-GxE-mixture,W324,ME1,0.869437536333388,-0.11456785890112482,0.9840053952345129
CV-G,gfold_3,G+E+normalized-GxE-mixture,W324,ME2,-0.8083178774898768,-0.35130208933702567,-0.45701578815285115
CV-G,gfold_3,G+E+normalized-GxE-mixture,W324,ME3,-0.3029033305031427,0.012706409839378695,-0.3156097403425214
CV-G,gfold_3,G+E+normalized-GxE-mixture,W324,ME4,0.0561551197096985,-0.3397901187602863,0.3959452384699848
CV-G,gfold_3,G+E+normalized-GxE-mixture,W330,ME1,-0.7261670326990275,0.05556012959717109,-0.7817271622961985
CV-G,gfold_3,G+E+normalized-GxE-mixture,W330,ME2,0.5869469391779631,-0.18230572721402338,0.7692526663919865
CV-G,gfold_3,G+E+normalized-GxE-mixture,W330,ME3,0.5831037317739829,0.12703297349974138,0.4560707582742415
CV-G,gfold_3,G+E+normalized-GxE-mixture,W330,ME4,-1.1303952866684164,-0.6723661482641602,-0.4580291384042562
CV-G,gfold_3,G+E+normalized-GxE-mixture,W344,ME1,0.8937964815563652,0.27334631501086737,0.6204501665454978
CV-G,gfold_3,G+E+normalized-GxE-mixture,W344,ME2,0.05443292361607808,0.3802821347603341,-0.325849211144256
CV-G,gfold_3,G+E+normalized-GxE-mixture,W344,ME3,0.1939974995256575,0.4948257955241656,-0.30082829599850813
CV-G,gfold_3,G+E+normalized-GxE-mixture,W344,ME4,0.11909660295881917,0.3937759277186664,-0.2746793247598472
CV-G,gfold_3,G+E+normalized-GxE-mixture,W345,ME1,-1.1022769652592055,0.07860086706453646,-1.1808778323237419
CV-G,gfold_3,G+E+normalized-GxE-mixture,W345,ME2,0.602616747748268,-0.37294105210298073,0.9755577998512488
CV-G,gfold_3,G+E+normalized-GxE-mixture,W345,ME3,0.4881140713258382,-0.360189136985632,0.8483032083114701
CV-G,gfold_3,G+E+normalized-GxE-mixture,W345,ME4,-2.0626073484736898,-0.34431854000819256,-1.7182888084654973
CV-G,gfold_3,G+E+normalized-GxE-mixture,W346,ME1,0.8811487243075244,1.26745561080968,-0.3863068865021555
CV-G,gfold_3,G+E+normalized-GxE-mixture,W346,ME2,0.6804594963002706,0.5845297046359347,0.0959297916643359
CV-G,gfold_3,G+E+normalized-GxE-mixture,W346,ME3,0.39060734535986,0.6197665448627099,-0.22915919950284985
CV-G,gfold_3,G+E+normalized-GxE-mixture,W346,ME4,0.20038323543140474,-0.13509501409342922,0.33547824952483396
CV-G,gfold_3,G+E+normalized-GxE-mixture,W349,ME1,-0.06457449704750653,0.5771680492531142,-0.6417425463006207
CV-G,gfold_3,G+E+normalized-GxE-mixture,W349,ME2,-0.3762083502025878,-0.39595561272051316,0.019747262517925357
CV-G,gfold_3,G+E+normalized-GxE-mixture,W349,ME3,-1.8742025963316886,-0.7212808277572572,-1.1529217685744313
CV-G,gfold_3,G+E+normalized-GxE-mixture,W349,ME4,0.17874980474335508,-0.023630581249087672,0.20238038599244276
CV-G,gfold_3,G+E+normalized-GxE-mixture,W353,ME1,-0.5724800867602826,0.5376963308526845,-1.1101764176129671
CV-G,gfold_3,G+E+normalized-GxE-mixture,W353,ME2,0.1338388558178651,0.6148911619677209,-0.4810523061498558
CV-G,gfold_3,G+E+normalized-GxE-mixture,W353,ME3,0.7475407502342775,0.49941206593261966,0.2481286843016578
CV-G,gfold_3,G+E+normalized-GxE-mixture,W353,ME4,-0.967822021723245,0.5993223235307616,-1.5671443452540066
CV-G,gfold_3,G+E+normalized-GxE-mixture,W357,ME1,-0.15157771062726316,0.020593138359682964,-0.17217084898694612
CV-G,gfold_3,G+E+normalized-GxE-mixture,W357,ME2,-1.0485355365783626,0.07773956101994985,-1.1262750975983125
CV-G,gfold_3,G+E+normalized-GxE-mixture,W357,ME3,-0.7274849828014595,0.07069977167572916,-0.7981847544771886
CV-G,gfold_3,G+E+normalized-GxE-mixture,W357,ME4,-0.4582721286479708,0.5997910564379484,-1.0580631850859192
CV-G,gfold_3,G+E+normalized-GxE-mixture,W358,ME1,0.3981477332212473,0.33638894659510865,0.06175878662613865
CV-G,gfold_3,G+E+normalized-GxE-mixture,W358,ME2,-0.9178926212646227,0.22638179234420713,-1.1442744136088299
CV-G,gfold_3,G+E+normalized-GxE-mixture,W358,ME3,-0.8300511793888522,0.11704177251484484,-0.947092951903697
CV-G,gfold_3,G+E+normalized-GxE-mixture,W358,ME4,-0.3216747139325956,0.2317813320530827,-0.5534560459856783
CV-G,gfold_3,G+E+normalized-GxE-mixture,W359,ME1,0.10942378603136031,0.4376079715903377,-0.3281841855589774
CV-G,gfold_3,G+E+normalized-GxE-mixture,W359,ME2,-2.191767050942546,0.04385098249436063,-2.2356180334369067
CV-G,gfold_3,G+E+normalized-GxE-mixture,W359,ME3,-1.4510653004211223,0.05525883310390367,-1.506324133525026
CV-G,gfold_3,G+E+normalized-GxE-mixture,W359,ME4,-0.2899719045970181,0.19122683769041277,-0.48119874228743087
CV-G,gfold_3,G+E+normalized-GxE-mixture,W369,ME1,1.5059788799067169,-0.01999872975937207,1.5259776096660889
CV-G,gfold_3,G+E+normalized-GxE-mixture,W369,ME2,-1.0773436822213476,-0.30905061942844614,-0.7682930627929014
CV-G,gfold_3,G+E+normalized-GxE-mixture,W369,ME3,-2.518149042467704,-0.460317998868888,-2.0578310435988163
CV-G,gfold_3,G+E+normalized-GxE-mixture,W369,ME4,-0.24801878246633907,-0.5525542205084465,0.3045354380421074
CV-G,gfold_3,G+E+normalized-GxE-mixture,W370,ME1,0.367517845898074,-0.37523552243123925,0.7427533683293133
CV-G,gfold_3,G+E+normalized-GxE-mixture,W370,ME2,-0.3077383748705453,-0.17433649092655806,-0.13340188394398722
CV-G,gfold_3,G+E+normalized-GxE-mixture,W370,ME3,-0.33693439416538445,-0.06112237562013405,-0.2758120185452504
CV-G,gfold_3,G+E+normalized-GxE-mixture,W370,ME4,0.6035517164359556,-1.02698438054844,1.6305360969843956
CV-G,gfold_3,G+E+normalized-GxE-mixture,W377,ME1,-0.8604547785304051,-0.021233466127776685,-0.8392213124026284
CV-G,gfold_3,G+E+normalized-GxE-mixture,W377,ME2,-1.1326120336932695,-0.19529848038086323,-0.9373135533124062
CV-G,gfold_3,G+E+normalized-GxE-mixture,W377,ME3,-1.0597122915696302,-0.11864597872943448,-0.9410663128401957
CV-G,gfold_3,G+E+normalized-GxE-mixture,W377,ME4,-1.2020373424051667,0.05109787285191373,-1.2531352152570805
CV-G,gfold_3,G+E+normalized-GxE-mixture,W379,ME1,0.029961991133138355,0.42214861676747534,-0.392186625634337
CV-G,gfold_3,G+E+normalized-GxE-mixture,W379,ME2,-0.9210632893153995,0.16134457049734502,-1.0824078598127445
CV-G,gfold_3,G+E+normalized-GxE-mixture,W379,ME3,-0.4943945800158474,0.14083805533026722,-0.6352326353461146
CV-G,gfold_3,G+E+normalized-GxE-mixture,W379,ME4,-0.30165395716856463,-0.30586618758091993,0.0042122304123553
CV-G,gfold_3,G+E+normalized-GxE-mixture,W391,ME1,0.5788078742714912,-0.11771231605996679,0.696520190331458
CV-G,gfold_3,G+E+normalized-GxE-mixture,W391,ME2,0.25110294426665075,-1.0954794575909446,1.3465824018575954
CV-G,gfold_3,G+E+normalized-GxE-mixture,W391,ME3,-0.42960125925311243,-0.8122861125944968,0.38268485334138436
CV-G,gfold_3,G+E+normalized-GxE-mixture,W391,ME4,-0.9025283945556787,-0.7191863353281969,-0.1833420592274818
CV-G,gfold_3,G+E+normalized-GxE-mixture,W401,ME1,-0.07231137366463306,0.3390106085415462,-0.4113219822061792
CV-G,gfold_3,G+E+normalized-GxE-mixture,W401,ME2,2.233086909939294,0.33841557562243796,1.8946713343168557
CV-G,gfold_3,G+E+normalized-GxE-mixture,W401,ME3,0.9859524660273871,0.2491724602677694,0.7367800057596177
CV-G,gfold_3,G+E+normalized-GxE-mixture,W401,ME4,0.051899233890704534,0.33066219653793033,-0.2787629626472258
CV-G,gfold_3,G+E+normalized-GxE-mixture,W404,ME1,1.5656912792296387,-0.36336142651087816,1.929052705740517
CV-G,gfold_3,G+E+normalized-GxE-mixture,W404,ME2,2.122278073809454,0.24471860430979175,1.8775594694996625
CV-G,gfold_3,G+E+normalized-GxE-mixture,W404,ME3,0.095156222043514,0.3113018200450504,-0.21614559800153643
CV-G,gfold_3,G+E+normalized-GxE-mixture,W404,ME4,1.8980175417881282,0.9090496542215906,0.9889678875665376
CV-G,gfold_3,G+E+normalized-GxE-mixture,W424,ME1,-0.9516359054834128,0.13648373285192894,-1.0881196383353418
CV-G,gfold_3,G+E+normalized-GxE-mixture,W424,ME2,0.0024364990548377532,-0.0817757210568529,0.08421222011169066
CV-G,gfold_3,G+E+normalized-GxE-mixture,W424,ME3,0.14240610293866926,-0.14402693915293488,0.28643304209160414
CV-G,gfold_3,G+E+normalized-GxE-mixture,W424,ME4,0.31206680469621634,-0.0752439261151461,0.38731073081136247
CV-G,gfold_3,G+E+normalized-GxE-mixture,W425,ME1,-0.017623872102518333,-0.08706010570392841,0.06943623360141007
CV-G,gfold_3,G+E+normalized-GxE-mixture,W425,ME2,1.4630449237551506,-0.0018559666964347368,1.4649008904515854
CV-G,gfold_3,G+E+normalized-GxE-mixture,W425,ME3,1.0359305756549586,-0.005617375341625293,1.041547950996584
CV-G,gfold_3,G+E+normalized-GxE-mixture,W425,ME4,-0.016934409207633682,-0.07865173058760334,0.06171732137996966
CV-G,gfold_3,G+E+normalized-GxE-mixture,W426,ME1,-0.9697076204448922,0.5453493522155423,-1.5150569726604344
CV-G,gfold_3,G+E+normalized-GxE-mixture,W426,ME2,0.3311860450940529,0.24699438668283874,0.08419165841121418
CV-G,gfold_3,G+E+normalized-GxE-mixture,W426,ME3,0.03698497969011068,0.07220451726567693,-0.035219537575566257
CV-G,gfold_3,G+E+normalized-GxE-mixture,W426,ME4,0.12064634326629034,0.33350213789511973,-0.2128557946288294
CV-G,gfold_3,G+E+normalized-GxE-mixture,W428,ME1,-0.8434417940533767,-0.03462652639395207,-0.8088152676594247
CV-G,gfold_3,G+E+normalized-GxE-mixture,W428,ME2,0.29988440002590616,0.11951871042099833,0.18036568960490784
CV-G,gfold_3,G+E+normalized-GxE-mixture,W428,ME3,0.024154702772029957,-0.0741196934228241,0.09827439619485405
CV-G,gfold_3,G+E+normalized-GxE-mixture,W428,ME4,-0.24336956154392553,-0.48017138697256445,0.23680182542863892
CV-G,gfold_3,G+E+normalized-GxE-mixture,W430,ME1,-0.8572378666738105,-0.2124487533724866,-0.6447891133013239
CV-G,gfold_3,G+E+normalized-GxE-mixture,W430,ME2,0.273778600206637,0.3487463481965966,-0.07496774798995959
CV-G,gfold_3,G+E+normalized-GxE-mixture,W430,ME3,0.25864722930247525,0.21045597249455922,0.04819125680791603
CV-G,gfold_3,G+E+normalized-GxE-mixture,W430,ME4,-0.6387814743090532,0.003210518571015595,-0.6419919928800688
CV-G,gfold_3,G+E+normalized-GxE-mixture,W434,ME1,-0.9589655780680585,-0.021156739814763036,-0.9378088382532954
CV-G,gfold_3,G+E+normalized-GxE-mixture,W434,ME2,0.24002775646453645,-0.13846969080549842,0.37849744727003487
CV-G,gfold_3,G+E+normalized-GxE-mixture,W434,ME3,-0.26644811313748434,-0.14676782858722603,-0.11968028455025831
CV-G,gfold_3,G+E+normalized-GxE-mixture,W434,ME4,0.6260190175432536,-0.09289882856447475,0.7189178461077284
CV-G,gfold_3,G+E+normalized-GxE-mixture,W441,ME1,-0.1405261931857474,-0.19614740630255328,0.05562121311680587
CV-G,gfold_3,G+E+normalized-GxE-mixture,W441,ME2,1.1898295336951092,0.05608823699178074,1.1337412967033285
CV-G,gfold_3,G+E+normalized-GxE-mixture,W441,ME3,0.5097202914419995,0.29970213440696064,0.21001815703503884
CV-G,gfold_3,G+E+normalized-GxE-mixture,W441,ME4,-0.09874811071880044,0.09676759617504802,-0.19551570689384845
CV-G,gfold_3,G+E+normalized-GxE-mixture,W442,ME1,-1.5050098974629482,-0.31167315931527007,-1.193336738147678
CV-G,gfold_3,G+E+normalized-GxE-mixture,W442,ME2,0.20619463989876383,0.10423590786834173,0.10195873203042209
CV-G,gfold_3,G+E+normalized-GxE-mixture,W442,ME3,1.7519259106067904,0.0555475513256348,1.6963783592811557
CV-G,gfold_3,G+E+normalized-GxE-mixture,W442,ME4,0.8402057147590752,0.2605633323151303,0.579642382443945
CV-G,gfold_3,G+E+normalized-GxE-mixture,W444,ME1,-1.3819365506860797,-0.8689817071506513,-0.5129548435354284
CV-G,gfold_3,G+E+normalized-GxE-mixture,W444,ME2,1.0617117612002522,0.3553771356484023,0.7063346255518499
CV-G,gfold_3,G+E+normalized-GxE-mixture,W444,ME3,-0.4131051889298666,-0.07746449055225581,-0.3356406983776108
CV-G,gfold_3,G+E+normalized-GxE-mixture,W444,ME4,-2.0072100325081474,-0.8928803811494868,-1.1143296513586607
CV-G,gfold_3,G+E+normalized-GxE-mixture,W447,ME1,-0.8943422981134241,-0.052017523675313815,-0.8423247744381104
CV-G,gfold_3,G+E+normalized-GxE-mixture,W447,ME2,1.4092511544305966,-0.04101346402329213,1.4502646184538888
CV-G,gfold_3,G+E+normalized-GxE-mixture,W447,ME3,4.875384608494055,-0.37828211997350636,5.253666728467561
CV-G,gfold_3,G+E+normalized-GxE-mixture,W447,ME4,-0.6688873431247483,-0.05248016999676135,-0.616407173127987
CV-G,gfold_3,G+E+normalized-GxE-mixture,W452,ME1,-0.18952098237378498,0.10996261175640722,-0.2994835941301922
CV-G,gfold_3,G+E+normalized-GxE-mixture,W452,ME2,2.0976278701013205,-0.43516907235600233,2.5327969424573227
CV-G,gfold_3,G+E+normalized-GxE-mixture,W452,ME3,1.1739384061780092,-0.5887764371683605,1.7627148433463695
CV-G,gfold_3,G+E+normalized-GxE-mixture,W452,ME4,-0.10936815851111582,0.09963941745972153,-0.20900757597083736
CV-G,gfold_3,G+E+normalized-GxE-mixture,W453,ME1,0.3815175205347489,-0.44749406661983765,0.8290115871545866
CV-G,gfold_3,G+E+normalized-GxE-mixture,W453,ME2,1.5860301377885717,0.5037429875435626,1.082287150245009
CV-G,gfold_3,G+E+normalized-GxE-mixture,W453,ME3,1.5987143286337429,0.515825861904753,1.0828884667289898
CV-G,gfold_3,G+E+normalized-GxE-mixture,W453,ME4,0.8344944890574307,0.45426674162008124,0.3802277474373495
CV-G,gfold_3,G+E+normalized-GxE-mixture,W460,ME1,0.9802784739745464,0.29267554380415595,0.6876029301703904
CV-G,gfold_3,G+E+normalized-GxE-mixture,W460,ME2,0.169754107690435,0.276883734232777,-0.10712962654234201
CV-G,gfold_3,G+E+normalized-GxE-mixture,W460,ME3,0.7245155133161162,0.21769728409969957,0.5068182292164166
CV-G,gfold_3,G+E+normalized-GxE-mixture,W460,ME4,1.3428014432059008,0.5388031683972809,0.8039982748086199
CV-G,gfold_3,G+E+normalized-GxE-mixture,W465,ME1,-0.549196160183055,-0.3003503487604532,-0.24884581142260176
CV-G,gfold_3,G+E+normalized-GxE-mixture,W465,ME2,1.4330912872594905,0.4033063717862821,1.0297849154732084
CV-G,gfold_3,G+E+normalized-GxE-mixture,W465,ME3,-0.01515544125479358,0.4779195141014404,-0.49307495535623397
CV-G,gfold_3,G+E+normalized-GxE-mixture,W465,ME4,-0.5143617143955314,0.06673905508739317,-0.5811007694829246
CV-G,gfold_3,G+E+normalized-GxE-mixture,W467,ME1,-0.38400162828641343,-0.10889161233600993,-0.2751100159504035
CV-G,gfold_3,G+E+normalized-GxE-mixture,W467,ME2,1.1888042877385714,0.6755473080530319,0.5132569796855395
CV-G,gfold_3,G+E+normalized-GxE-mixture,W467,ME3,1.411953135127704,0.9299539331961478,0.4819992019315561
CV-G,gfold_3,G+E+normalized-GxE-mixture,W467,ME4,0.731102423772693,1.0722778297082782,-0.34117540593558526
CV-G,gfold_3,G+E+normalized-GxE-mixture,W471,ME1,-0.124954710983697,-0.4070801373409836,0.2821254263572866
CV-G,gfold_3,G+E+normalized-GxE-mixture,W471,ME2,1.0765145407826204,0.5544504931494364,0.522064047633184
CV-G,gfold_3,G+E+normalized-GxE-mixture,W471,ME3,0.6808385140117097,0.7057510169072644,-0.02491250289555469
CV-G,gfold_3,G+E+normalized-GxE-mixture,W471,ME4,0.895744631361849,0.4534702572228669,0.44227437413898213
CV-G,gfold_3,G+E+normalized-GxE-mixture,W476,ME1,-0.14867841791600267,0.061650424595497647,-0.2103288425115003
CV-G,gfold_3,G+E+normalized-GxE-mixture,W476,ME2,1.2076321070021656,0.6696951539429027,0.5379369530592629
CV-G,gfold_3,G+E+normalized-GxE-mixture,W476,ME3,1.2745281150769037,0.6486481127018955,0.6258800023750082
CV-G,gfold_3,G+E+normalized-GxE-mixture,W476,ME4,0.8550029813497011,0.6421754944416677,0.21282748690803344
CV-G,gfold_3,G+E+normalized-GxE-mixture,W485,ME1,-0.9317154842144731,-0.7044289498398164,-0.22728653437465673
CV-G,gfold_3,G+E+normalized-GxE-mixture,W485,ME2,0.7339051882939019,-0.010104474813860738,0.7440096631077627
CV-G,gfold_3,G+E+normalized-GxE-mixture,W485,ME3,0.2628704935941416,0.282087403170528,-0.019216909576386387
CV-G,gfold_3,G+E+normalized-GxE-mixture,W485,ME4,0.06889917706047614,-0.10688388427551092,0.17578306133598706
CV-G,gfold_3,G+E+normalized-GxE-mixture,W487,ME1,-0.26387643870470245,0.25263328464503515,-0.5165097233497375
CV-G,gfold_3,G+E+normalized-GxE-mixture,W487,ME2,1.2477116294883301,0.2930134301987496,0.9546981992895806
CV-G,gfold_3,G+E+normalized-GxE-mixture,W487,ME3,0.6283855715092214,0.10155703047918223,0.5268285410300392
CV-G,gfold_3,G+E+normalized-GxE-mixture,W487,ME4,-0.12355968904247606,-0.28950738788260766,0.1659476988401316
CV-G,gfold_3,G+E+normalized-GxE-mixture,W491,ME1,0.07964902717639381,0.2518732683627449,-0.17222424118635105
CV-G,gfold_3,G+E+normalized-GxE-mixture,W491,ME2,1.272709910527388,0.1200837394674978,1.1526261710598902
CV-G,gfold_3,G+E+normalized-GxE-mixture,W491,ME3,1.5891444117488291,-0.23864664664289864,1.8277910583917278
CV-G,gfold_3,G+E+normalized-GxE-mixture,W491,ME4,0.15219968526256802,0.2920475403216253,-0.13984785505905725
CV-G,gfold_3,G+E+normalized-GxE-mixture,W517,ME1,-0.3560837198195595,-0.5524406037873231,0.19635688396776357
CV-G,gfold_3,G+E+normalized-GxE-mixture,W517,ME2,1.2586286003218419,1.0629060603333174,0.1957225399885245
CV-G,gfold_3,G+E+normalized-GxE-mixture,W517,ME3,0.30337159815121556,1.0222135289762673,-0.7188419308250518
CV-G,gfold_3,G+E+normalized-GxE-mixture,W517,ME4,1.3390883598296244,0.7213747164734744,0.61771364335615
CV-G,gfold_3,G+E+normalized-GxE-mixture,W524,ME1,-1.8219205077811278,-0.722427354910646,-1.0994931528704819
CV-G,gfold_3,G+E+normalized-GxE-mixture,W524,ME2,-0.14534447829782987,-0.8571542213941812,0.7118097430963513
CV-G,gfold_3,G+E+normalized-GxE-mixture,W524,ME3,-0.07123194451953051,-0.8075392168381607,0.7363072723186301
CV-G,gfold_3,G+E+normalized-GxE-mixture,W524,ME4,1.9022104939905746,-0.51069750584248,2.4129079998330547
CV-G,gfold_3,G+E+normalized-GxE-mixture,W541,ME1,-0.5933045009813293,-0.6647705931549345,0.07146609217360522
CV-G,gfold_3,G+E+normalized-GxE-mixture,W541,ME2,0.5333746736094507,-0.42368157291898334,0.957056246528434
CV-G,gfold_3,G+E+normalized-GxE-mixture,W541,ME3,0.7788351386355192,-0.0522769106131598,0.831112049248679
CV-G,gfold_3,G+E+normalized-GxE-mixture,W541,ME4,1.1725188102337143,-0.5895661651116371,1.7620849753453514
CV-G,gfold_3,G+E+normalized-GxE-mixture,W554,ME1,-2.289097550165217,-0.7137081699089447,-1.5753893802562722
CV-G,gfold_3,G+E+normalized-GxE-mixture,W554,ME2,0.5153252818313763,0.5489983660817959,-0.033673084250419594
CV-G,gfold_3,G+E+normalized-GxE-mixture,W554,ME3,-0.009149959432045036,-0.05975946502379603,0.050609505591750995
CV-G,gfold_3,G+E+normalized-GxE-mixture,W554,ME4,1.212041121425263,0.41718019409543855,0.7948609273298246
CV-G,gfold_3,G+E+normalized-GxE-mixture,W559,ME1,-2.006636400994877,-0.4199914906749746,-1.5866449103199025
CV-G,gfold_3,G+E+normalized-GxE-mixture,W559,ME2,1.475702281243281,0.953366955895202,0.5223353253480789
CV-G,gfold_3,G+E+normalized-GxE-mixture,W559,ME3,-0.06654412115578129,1.1496069187148243,-1.2161510398706057
CV-G,gfold_3,G+E+normalized-GxE-mixture,W559,ME4,-0.7646644408072932,0.8326006459437946,-1.5972650867510878
CV-G,gfold_3,G+E+normalized-GxE-mixture,W560,ME1,-1.177055913783901,-1.1799102073668273,0.002854293582926326
CV-G,gfold_3,G+E+normalized-GxE-mixture,W560,ME2,0.3080610529632381,-0.043531587971705726,0.3515926409349438
CV-G,gfold_3,G+E+normalized-GxE-mixture,W560,ME3,0.7700845350231875,0.3610574643399739,0.40902707068321364
CV-G,gfold_3,G+E+normalized-GxE-mixture,W560,ME4,1.405561992307448,1.3480241244171922,0.057537867890255834
CV-G,gfold_3,G+E+normalized-GxE-mixture,W563,ME1,-2.418661729219824,-0.3720863700469161,-2.0465753591729077
CV-G,gfold_3,G+E+normalized-GxE-mixture,W563,ME2,0.6355701779686163,0.26246350785713257,0.3731066701114837
CV-G,gfold_3,G+E+normalized-GxE-mixture,W563,ME3,0.5096527192133324,0.4157950504275305,0.09385766878580193
CV-G,gfold_3,G+E+normalized-GxE-mixture,W563,ME4,1.3973019551356471,1.0120095540526413,0.3852924010830059
CV-G,gfold_3,G+E+normalized-GxE-mixture,W571,ME1,-2.0155215929835992,-1.0166381595464122,-0.998883433437187
CV-G,gfold_3,G+E+normalized-GxE-mixture,W571,ME2,0.39112496147909465,0.21825591551408008,0.17286904596501457
CV-G,gfold_3,G+E+normalized-GxE-mixture,W571,ME3,-0.18840218902750308,0.24652992797641976,-0.43493211700392287
CV-G,gfold_3,G+E+normalized-GxE-mixture,W571,ME4,0.9986568278204154,0.6230957153716998,0.3755611124487156
CV-G,gfold_3,G+E+normalized-GxE-mixture,W577,ME1,-1.4524724331923298,0.17070067612630568,-1.6231731093186355
CV-G,gfold_3,G+E+normalized-GxE-mixture,W577,ME2,0.986248595856017,0.5160089137973174,0.4702396820586996
CV-G,gfold_3,G+E+normalized-GxE-mixture,W577,ME3,0.7816309395966025,0.49013679795972676,0.2914941416368757
CV-G,gfold_3,G+E+normalized-GxE-mixture,W577,ME4,2.3877197455448753,0.48625193180189175,1.9014678137429835
CV-G,gfold_3,G+E+normalized-GxE-mixture,W585,ME1,-2.2687292044605485,-1.0827825736035126,-1.1859466308570359
CV-G,gfold_3,G+E+normalized-GxE-mixture,W585,ME2,0.2297436535054296,0.161172995258672,0.0685706582467576
CV-G,gfold_3,G+E+normalized-GxE-mixture,W585,ME3,0.11161005972384323,0.303868084024984,-0.19225802430114075
CV-G,gfold_3,G+E+normalized-GxE-mixture,W585,ME4,1.1666109169803598,0.8281838083126084,0.3384271086677514
CV-G,gfold_3,G+E+normalized-GxE-mixture,W586,ME1,-1.9222392932229935,-1.0626957040398897,-0.8595435891831038
CV-G,gfold_3,G+E+normalized-GxE-mixture,W586,ME2,0.6403166870266653,0.20114597391834388,0.43917071310832145
CV-G,gfold_3,G+E+normalized-GxE-mixture,W586,ME3,0.3150193610676296,0.28459024568609265,0.030429115381536975
CV-G,gfold_3,G+E+normalized-GxE-mixture,W586,ME4,0.9123197726199288,0.5539912105906732,0.35832856202925556
CV-G,gfold_4,G+E normalized-reference,W007,ME1,0.6174108165506322,0.3309526624079906,0.28645815414264164
CV-G,gfold_4,G+E normalized-reference,W007,ME2,-0.3135924027088055,0.3245201790033436,-0.6381125817121491
CV-G,gfold_4,G+E normalized-reference,W007,ME3,0.05432570287169062,0.320435836981388,-0.26611013410969736
CV-G,gfold_4,G+E normalized-reference,W007,ME4,0.0033538154267226572,0.33433679566671937,-0.3309829802399967
CV-G,gfold_4,G+E normalized-reference,W010,ME1,-1.0508226637149842,-0.8558131089595775,-0.1950095547554067
CV-G,gfold_4,G+E normalized-reference,W010,ME2,-1.6176229866022003,-0.8622455923642245,-0.7553773942379758
CV-G,gfold_4,G+E normalized-reference,W010,ME3,-1.9872087022480789,-0.8663299343861801,-1.1208787678618988
CV-G,gfold_4,G+E normalized-reference,W010,ME4,-0.5624036639271369,-0.8524289757008489,0.29002531177371194
CV-G,gfold_4,G+E normalized-reference,W017,ME1,2.3397128482489933,-0.22340691078645408,2.5631197590354473
CV-G,gfold_4,G+E normalized-reference,W017,ME2,-0.1947081725015398,-0.22983939419110103,0.03513122168956123
CV-G,gfold_4,G+E normalized-reference,W017,ME3,-0.37300951774479224,-0.23392373621305668,-0.13908578153173556
CV-G,gfold_4,G+E normalized-reference,W017,ME4,0.4352593590870711,-0.2200227775277253,0.6552821366147964
CV-G,gfold_4,G+E normalized-reference,W024,ME1,-0.4015276898443709,-0.46809359680285434,0.06656590695848341
CV-G,gfold_4,G+E normalized-reference,W024,ME2,-1.953574569052161,-0.4745260802075013,-1.4790484888446598
CV-G,gfold_4,G+E normalized-reference,W024,ME3,-1.5283848230729375,-0.47861042222945693,-1.0497744008434806
CV-G,gfold_4,G+E normalized-reference,W024,ME4,-0.9611117248589154,-0.46470946354412557,-0.4964022613147898
CV-G,gfold_4,G+E normalized-reference,W025,ME1,-1.127238572450251,-0.5697926513908895,-0.5574459210593614
CV-G,gfold_4,G+E normalized-reference,W025,ME2,-0.23620531902637532,-0.5762251347955365,0.3400198157691612
CV-G,gfold_4,G+E normalized-reference,W025,ME3,0.6009343536133955,-0.5803094768174921,1.1812438304308877
CV-G,gfold_4,G+E normalized-reference,W025,ME4,-1.3375570189371746,-0.5664085181321609,-0.7711485008050137
CV-G,gfold_4,G+E normalized-reference,W031,ME1,0.9857757284130315,-0.009944128845961377,0.9957198572589929
CV-G,gfold_4,G+E normalized-reference,W031,ME2,0.3983523126048168,-0.016376612250608335,0.4147289248554251
CV-G,gfold_4,G+E normalized-reference,W031,ME3,0.9539401226965609,-0.02046095427256397,0.9744010769691249
CV-G,gfold_4,G+E normalized-reference,W031,ME4,0.6522780690475105,-0.006559995587232621,0.6588380646347431
CV-G,gfold_4,G+E normalized-reference,W034,ME1,0.4341119933699142,-0.7273258678332066,1.1614378612031209
CV-G,gfold_4,G+E normalized-reference,W034,ME2,-0.3815434263838341,-0.7337583512378536,0.3522149248540195
CV-G,gfold_4,G+E normalized-reference,W034,ME3,0.13568266618633773,-0.7378426932598092,0.873525359446147
CV-G,gfold_4,G+E normalized-reference,W034,ME4,-0.5413366357880117,-0.723941734574478,0.18260509878646625
CV-G,gfold_4,G+E normalized-reference,W044,ME1,-1.2752653823375188,-0.1628191990049348,-1.112446183332584
CV-G,gfold_4,G+E normalized-reference,W044,ME2,-0.035174838721142666,-0.16925168240958174,0.13407684368843908
CV-G,gfold_4,G+E normalized-reference,W044,ME3,0.8075702288760123,-0.1733360244315374,0.9809062533075497
CV-G,gfold_4,G+E normalized-reference,W044,ME4,-1.2559399849777169,-0.15943506574620603,-1.0965049192315108
CV-G,gfold_4,G+E normalized-reference,W046,ME1,0.409679751421092,0.04235741112239285,0.36732234029869915
CV-G,gfold_4,G+E normalized-reference,W046,ME2,-0.6993633442320486,0.03592492771774589,-0.7352882719497945
CV-G,gfold_4,G+E normalized-reference,W046,ME3,-0.6145380025851526,0.031840585695790256,-0.6463785882809429
CV-G,gfold_4,G+E normalized-reference,W046,ME4,-0.051909766603657696,0.0457415443811216,-0.0976513109847793
CV-G,gfold_4,G+E normalized-reference,W053,ME1,0.025385017808058567,-0.08400979613523582,0.1093948139432944
CV-G,gfold_4,G+E normalized-reference,W053,ME2,-0.34734324645090614,-0.09044227953988278,-0.2569009669110234
CV-G,gfold_4,G+E normalized-reference,W053,ME3,-0.33672323095080087,-0.09452662156183841,-0.24219660938896245
CV-G,gfold_4,G+E normalized-reference,W053,ME4,-0.6915591784858242,-0.08062566287650706,-0.6109335156093171
CV-G,gfold_4,G+E normalized-reference,W062,ME1,1.1229709110363206,0.2968855887146614,0.8260853223216592
CV-G,gfold_4,G+E normalized-reference,W062,ME2,1.043269991340045,0.29045310531001445,0.7528168860300305
CV-G,gfold_4,G+E normalized-reference,W062,ME3,1.2077920927400025,0.2863687632880588,0.9214233294519437
CV-G,gfold_4,G+E normalized-reference,W062,ME4,-0.3358583777618871,0.3002697219733902,-0.6361280997352773
CV-G,gfold_4,G+E normalized-reference,W063,ME1,1.0832603737888356,0.1607196371909573,0.9225407365978783
CV-G,gfold_4,G+E normalized-reference,W063,ME2,0.9219428911375693,0.15428715378631036,0.7676557373512589
CV-G,gfold_4,G+E normalized-reference,W063,ME3,0.21655817737173513,0.1502028117643547,0.06635536560738042
CV-G,gfold_4,G+E normalized-reference,W063,ME4,-0.07550987280880234,0.16410377044968608,-0.2396136432584884
CV-G,gfold_4,G+E normalized-reference,W067,ME1,-0.8797969700732243,-0.4164173092055747,-0.46337966086764965
CV-G,gfold_4,G+E normalized-reference,W067,ME2,-0.28198065238220005,-0.42284979261022165,0.1408691402280216
CV-G,gfold_4,G+E normalized-reference,W067,ME3,-0.6099346445072371,-0.4269341346321773,-0.18300050987505984
CV-G,gfold_4,G+E normalized-reference,W067,ME4,-2.8990973795108976,-0.4130331759468459,-2.4860642035640517
CV-G,gfold_4,G+E normalized-reference,W070,ME1,0.38118361322811606,0.12495671398415698,0.2562268992439591
CV-G,gfold_4,G+E normalized-reference,W070,ME2,-0.45527253375219584,0.11852423057951002,-0.5737967643317059
CV-G,gfold_4,G+E normalized-reference,W070,ME3,-0.5903218051367416,0.11443988855755438,-0.704761693694296
CV-G,gfold_4,G+E normalized-reference,W070,ME4,0.23840300652789242,0.12834084724288572,0.1100621592850067
CV-G,gfold_4,G+E normalized-reference,W073,ME1,0.33457503967041147,-0.2867139673890245,0.6212890070594359
CV-G,gfold_4,G+E normalized-reference,W073,ME2,-0.2542863541981711,-0.29314645079367146,0.03886009659550038
CV-G,gfold_4,G+E normalized-reference,W073,ME3,-0.9465288085529907,-0.2972307928156271,-0.6492980157373636
CV-G,gfold_4,G+E normalized-reference,W073,ME4,-1.0614357763369846,-0.2833298341302957,-0.7781059422066889
CV-G,gfold_4,G+E normalized-reference,W079,ME1,-0.13540356645714433,-0.10705371428827648,-0.028349852168867845
CV-G,gfold_4,G+E normalized-reference,W079,ME2,0.17594988418087532,-0.11348619769292344,0.28943608187379877
CV-G,gfold_4,G+E normalized-reference,W079,ME3,1.155178666194431,-0.11757053971487907,1.2727492059093102
CV-G,gfold_4,G+E normalized-reference,W079,ME4,-0.9842476956420256,-0.10366958102954772,-0.8805781146124779
CV-G,gfold_4,G+E normalized-reference,W080,ME1,-0.40858860776757955,-0.4252201962977745,0.016631588530194974
CV-G,gfold_4,G+E normalized-reference,W080,ME2,-0.7041984547925146,-0.4316526797024215,-0.27254577509009315
CV-G,gfold_4,G+E normalized-reference,W080,ME3,-0.712061621608296,-0.4357370217243771,-0.2763245998839189
CV-G,gfold_4,G+E normalized-reference,W080,ME4,-1.2064269621593235,-0.42183606303904575,-0.7845908991202778
CV-G,gfold_4,G+E normalized-reference,W087,ME1,0.8599333942152956,0.7250540952263909,0.13487929898890472
CV-G,gfold_4,G+E normalized-reference,W087,ME2,-0.27144973095207503,0.7186216118217439,-0.9900713427738189
CV-G,gfold_4,G+E normalized-reference,W087,ME3,-0.05258200940753501,0.7145372697997883,-0.7671192792073233
CV-G,gfold_4,G+E normalized-reference,W087,ME4,0.1424056411874335,0.7284382284851195,-0.586032587297686
CV-G,gfold_4,G+E normalized-reference,W088,ME1,1.4928506218995488,0.3081805661252357,1.184670055774313
CV-G,gfold_4,G+E normalized-reference,W088,ME2,-0.19478411664646908,0.30174808272058873,-0.49653219936705784
CV-G,gfold_4,G+E normalized-reference,W088,ME3,0.020598714238448546,0.2976637406986331,-0.27706502646018455
CV-G,gfold_4,G+E normalized-reference,W088,ME4,0.6437269638991793,0.31156469938396447,0.3321622645152148
CV-G,gfold_4,G+E normalized-reference,W089,ME1,-0.7229582649230821,-1.4144960803558795,0.6915378154327974
CV-G,gfold_4,G+E normalized-reference,W089,ME2,-2.8246349253490743,-1.4209285637605265,-1.403706361588548
CV-G,gfold_4,G+E normalized-reference,W089,ME3,-1.316520546617237,-1.425012905782482,0.10849235916524513
CV-G,gfold_4,G+E normalized-reference,W089,ME4,-1.4280240927235608,-1.4111119470971507,-0.01691214562641008
CV-G,gfold_4,G+E normalized-reference,W090,ME1,-0.6055287660363904,-0.029197264846375696,-0.5763315011900146
CV-G,gfold_4,G+E normalized-reference,W090,ME2,-0.32331958193843435,-0.03562974825102265,-0.2876898336874117
CV-G,gfold_4,G+E normalized-reference,W090,ME3,0.9570484452152278,-0.039714090272978286,0.9967625354882061
CV-G,gfold_4,G+E normalized-reference,W090,ME4,-1.1133560099883029,-0.025813131587646938,-1.087542878400656
CV-G,gfold_4,G+E normalized-reference,W094,ME1,1.2993228334229248,0.6882517002973022,0.6110711331256226
CV-G,gfold_4,G+E normalized-reference,W094,ME2,0.12579510513415798,0.6818192168926552,-0.5560241117584972
CV-G,gfold_4,G+E normalized-reference,W094,ME3,0.04509364713010937,0.6777348748706996,-0.6326412277405903
CV-G,gfold_4,G+E normalized-reference,W094,ME4,0.13394893646392358,0.6916358335560309,-0.5576868970921073
CV-G,gfold_4,G+E normalized-reference,W097,ME1,0.41013581993747006,-0.5865370060268149,0.996672825964285
CV-G,gfold_4,G+E normalized-reference,W097,ME2,-0.3978334454710586,-0.5929694894314619,0.1951360439604033
CV-G,gfold_4,G+E normalized-reference,W097,ME3,-0.6868571803156359,-0.5970538314534175,-0.08980334886221841
CV-G,gfold_4,G+E normalized-reference,W097,ME4,-0.4001136002564273,-0.5831528727680863,0.18303927251165897
CV-G,gfold_4,G+E normalized-reference,W099,ME1,0.5299678226157947,0.1629553605692762,0.3670124620465185
CV-G,gfold_4,G+E normalized-reference,W099,ME2,-0.1884870812961242,0.15652287716462926,-0.34500995846075344
CV-G,gfold_4,G+E normalized-reference,W099,ME3,-0.6989357161897987,0.1524385351426736,-0.8513742513324722
CV-G,gfold_4,G+E normalized-reference,W099,ME4,-1.2921189477902029,0.16633949382800498,-1.4584584416182078
CV-G,gfold_4,G+E normalized-reference,W105,ME1,0.6205218553587818,-0.38633270693067306,1.006854562289455
CV-G,gfold_4,G+E normalized-reference,W105,ME2,-0.0716596716806794,-0.39276519033532004,0.32110551865464065
CV-G,gfold_4,G+E normalized-reference,W105,ME3,0.46307011407626053,-0.39684953235727566,0.8599196464335361
CV-G,gfold_4,G+E normalized-reference,W105,ME4,0.5019375258186719,-0.3829485736719443,0.8848860994906163
CV-G,gfold_4,G+E normalized-reference,W112,ME1,0.7907575731775291,-0.5472130071393355,1.3379705803168647
CV-G,gfold_4,G+E normalized-reference,W112,ME2,-0.26957644204383174,-0.5536454905439825,0.28406904850015074
CV-G,gfold_4,G+E normalized-reference,W112,ME3,-0.14410859313651292,-0.5577298325659381,0.4136212394294252
CV-G,gfold_4,G+E normalized-reference,W112,ME4,-0.00245967740181196,-0.5438288738806069,0.5413691964787949
CV-G,gfold_4,G+E normalized-reference,W125,ME1,1.0141497053962651,0.09026997446888925,0.9238797309273759
CV-G,gfold_4,G+E normalized-reference,W125,ME2,0.43950138179872955,0.08383749106424229,0.35566389073448723
CV-G,gfold_4,G+E normalized-reference,W125,ME3,-0.34899603698238185,0.07975314904228666,-0.4287491860246685
CV-G,gfold_4,G+E normalized-reference,W125,ME4,0.4416313877624592,0.09365410772761801,0.3479772800348412
CV-G,gfold_4,G+E normalized-reference,W143,ME1,-0.7254747858438096,0.22864887926328814,-0.9541236651070978
CV-G,gfold_4,G+E normalized-reference,W143,ME2,-2.721002810915005,0.2222163958586412,-2.9432192067736462
CV-G,gfold_4,G+E normalized-reference,W143,ME3,-2.1099029764495496,0.21813205383668555,-2.328035030286235
CV-G,gfold_4,G+E normalized-reference,W143,ME4,-1.9721402746873031,0.2320330125220169,-2.2041732872093203
CV-G,gfold_4,G+E normalized-reference,W150,ME1,0.03753598613727311,-0.5964699342705019,0.634005920407775
CV-G,gfold_4,G+E normalized-reference,W150,ME2,-2.2598003474412476,-0.6029024176751488,-1.6568979297660986
CV-G,gfold_4,G+E normalized-reference,W150,ME3,-1.2722860764263308,-0.6069867596971045,-0.6652993167292264
CV-G,gfold_4,G+E normalized-reference,W150,ME4,-0.6872482257523514,-0.5930858010117732,-0.09416242474057823
CV-G,gfold_4,G+E normalized-reference,W153,ME1,1.725315259961947,0.3770362511340835,1.3482790088278636
CV-G,gfold_4,G+E normalized-reference,W153,ME2,-0.3121494639551593,0.37060376772943654,-0.6827532316845959
CV-G,gfold_4,G+E normalized-reference,W153,ME3,-0.9093640827863332,0.3665194257074809,-1.275883508493814
CV-G,gfold_4,G+E normalized-reference,W153,ME4,-0.08753806027135781,0.3804203843928123,-0.4679584446641701
CV-G,gfold_4,G+E normalized-reference,W158,ME1,-0.43877871473567476,0.1962704539285207,-0.6350491686641955
CV-G,gfold_4,G+E normalized-reference,W158,ME2,-0.9264806383203201,0.18983797052387374,-1.1163186088441939
CV-G,gfold_4,G+E normalized-reference,W158,ME3,-0.6064124420879877,0.1857536285019181,-0.7921660705899058
CV-G,gfold_4,G+E normalized-reference,W158,ME4,-0.09425622383775488,0.19965458718724946,-0.2939108110250043
CV-G,gfold_4,G+E normalized-reference,W159,ME1,-0.45084824225839343,-0.49201848008722787,0.041170237828834444
CV-G,gfold_4,G+E normalized-reference,W159,ME2,-2.3468196801721457,-0.49845096349187484,-1.848368716680271
CV-G,gfold_4,G+E normalized-reference,W159,ME3,-1.3606874445794765,-0.5025353055138304,-0.8581521390656461
CV-G,gfold_4,G+E normalized-reference,W159,ME4,-1.7754727229777658,-0.4886343468284991,-1.2868383761492668
CV-G,gfold_4,G+E normalized-reference,W160,ME1,0.17598535718060326,0.08781477716579247,0.08817058001481079
CV-G,gfold_4,G+E normalized-reference,W160,ME2,-2.017728385480751,0.08138229376114552,-2.0991106792418965
CV-G,gfold_4,G+E normalized-reference,W160,ME3,-1.211749806069595,0.07729795173918988,-1.2890477578087849
CV-G,gfold_4,G+E normalized-reference,W160,ME4,-0.46173347755805894,0.09119891042452123,-0.5529323879825802
CV-G,gfold_4,G+E normalized-reference,W164,ME1,0.2006456333876131,-0.058161661517727836,0.25880729490534093
CV-G,gfold_4,G+E normalized-reference,W164,ME2,-0.9798250714540458,-0.0645941449223748,-0.915230926531671
CV-G,gfold_4,G+E normalized-reference,W164,ME3,-0.7725303197363654,-0.06867848694433043,-0.703851832792035
CV-G,gfold_4,G+E normalized-reference,W164,ME4,-0.9345694720801964,-0.05477752825899908,-0.8797919438211973
CV-G,gfold_4,G+E normalized-reference,W165,ME1,-0.14388155441338457,0.3007923408861243,-0.44467389529950885
CV-G,gfold_4,G+E normalized-reference,W165,ME2,-2.1210187512626404,0.2943598574814773,-2.415378608744118
CV-G,gfold_4,G+E normalized-reference,W165,ME3,-0.35684286203629667,0.2902755154595217,-0.6471183774958184
CV-G,gfold_4,G+E normalized-reference,W165,ME4,-2.676469710975702,0.30417647414485305,-2.980646185120555
CV-G,gfold_4,G+E normalized-reference,W167,ME1,0.3232629116481066,-0.4211209583924745,0.7443838700405812
CV-G,gfold_4,G+E normalized-reference,W167,ME2,-0.5789285877324871,-0.42755344179712146,-0.15137514593536566
CV-G,gfold_4,G+E normalized-reference,W167,ME3,-0.6482480981612279,-0.4316377838190771,-0.21661031434215078
CV-G,gfold_4,G+E normalized-reference,W167,ME4,-0.4132195259023508,-0.4177368251337457,0.004517299231394933
CV-G,gfold_4,G+E normalized-reference,W184,ME1,0.6420385164350464,0.2299286962841278,0.41210982015091857
CV-G,gfold_4,G+E normalized-reference,W184,ME2,-0.6595875983255989,0.22349621287948085,-0.8830838112050797
CV-G,gfold_4,G+E normalized-reference,W184,ME3,0.5654335939776535,0.2194118708575252,0.34602172312012824
CV-G,gfold_4,G+E normalized-reference,W184,ME4,-0.04531747027035415,0.23331282954285656,-0.2786302998132107
CV-G,gfold_4,G+E normalized-reference,W187,ME1,1.4995124798709274,0.005803756825466783,1.4937087230454607
CV-G,gfold_4,G+E normalized-reference,W187,ME2,0.3381222769975478,-0.0006287265791801739,0.338751003576728
CV-G,gfold_4,G+E normalized-reference,W187,ME3,-0.6477075203318948,-0.004713068601135811,-0.642994451730759
CV-G,gfold_4,G+E normalized-reference,W187,ME4,-1.294290157561076,0.00918789008419554,-1.3034780476452714
CV-G,gfold_4,G+E normalized-reference,W202,ME1,0.10798228375637937,0.16860577017502698,-0.06062348641864761
CV-G,gfold_4,G+E normalized-reference,W202,ME2,1.6505826609780379,0.16217328677038004,1.4884093742076578
CV-G,gfold_4,G+E normalized-reference,W202,ME3,1.6463443033151486,0.1580889447484244,1.4882553585667242
CV-G,gfold_4,G+E normalized-reference,W202,ME4,0.23480005698057385,0.17198990343375575,0.0628101535468181
CV-G,gfold_4,G+E normalized-reference,W205,ME1,-1.688113262708076,-0.8520279100686962,-0.8360853526393798
CV-G,gfold_4,G+E normalized-reference,W205,ME2,-1.3984988137676844,-0.8584603934733431,-0.5400384202943412
CV-G,gfold_4,G+E normalized-reference,W205,ME3,-1.1770768062350196,-0.8625447354952988,-0.3145320707397209
CV-G,gfold_4,G+E normalized-reference,W205,ME4,-0.902315993599832,-0.8486437768099675,-0.053672216789864446
CV-G,gfold_4,G+E normalized-reference,W207,ME1,-0.6828323795624641,-0.07914476923672246,-0.6036876103257417
CV-G,gfold_4,G+E normalized-reference,W207,ME2,-0.6054837237425847,-0.08557725264136942,-0.5199064711012154
CV-G,gfold_4,G+E normalized-reference,W207,ME3,-0.13213986213393236,-0.08966159466332506,-0.0424782674706073
CV-G,gfold_4,G+E normalized-reference,W207,ME4,-0.9421057726617056,-0.0757606359779937,-0.8663451366837118
CV-G,gfold_4,G+E normalized-reference,W208,ME1,0.15941215305865145,0.2885973815303032,-0.12918522847165173
CV-G,gfold_4,G+E normalized-reference,W208,ME2,-1.6664867151851284,0.2821648981256562,-1.9486516133107845
CV-G,gfold_4,G+E normalized-reference,W208,ME3,-0.6866544636296353,0.2780805561037006,-0.964735019733336
CV-G,gfold_4,G+E normalized-reference,W208,ME4,-0.20606566033566145,0.29198151478903195,-0.49804717512469343
CV-G,gfold_4,G+E normalized-reference,W211,ME1,-0.1524898476600194,0.4078066409411826,-0.560296488601202
CV-G,gfold_4,G+E normalized-reference,W211,ME2,1.6467348243016455,0.4013741575365356,1.24536066676511
CV-G,gfold_4,G+E normalized-reference,W211,ME3,1.7548568560252062,0.39728981551458,1.3575670405106264
CV-G,gfold_4,G+E normalized-reference,W211,ME4,-0.0867513900645187,0.41119077419991135,-0.49794216426443005
CV-G,gfold_4,G+E normalized-reference,W218,ME1,0.6100892880466359,0.007728866160794258,0.6023604218858416
CV-G,gfold_4,G+E normalized-reference,W218,ME2,0.298517405417187,0.0012963827561473015,0.2972210226610397
CV-G,gfold_4,G+E normalized-reference,W218,ME3,0.2319984316220647,-0.002787959265808336,0.23478639088787304
CV-G,gfold_4,G+E normalized-reference,W218,ME4,0.5117709034041489,0.011112999419523015,0.5006579039846258
CV-G,gfold_4,G+E normalized-reference,W223,ME1,0.07968974757964321,-0.2216884889306965,0.30137823651033974
CV-G,gfold_4,G+E normalized-reference,W223,ME2,-0.08191213124606374,-0.22812097233534345,0.14620884108927973
CV-G,gfold_4,G+E normalized-reference,W223,ME3,0.16245816179549796,-0.2322053143572991,0.39466347615279707
CV-G,gfold_4,G+E normalized-reference,W223,ME4,-0.12370915638177525,-0.21830435567196774,0.09459519929019249
CV-G,gfold_4,G+E normalized-reference,W236,ME1,1.404014990173629,0.2424225505575053,1.1615924396161237
CV-G,gfold_4,G+E normalized-reference,W236,ME2,2.2013865581102707,0.23599006715285836,1.9653964909574124
CV-G,gfold_4,G+E normalized-reference,W236,ME3,-0.05764992655753401,0.2319057251309027,-0.2895556516884367
CV-G,gfold_4,G+E normalized-reference,W236,ME4,1.606949565258014,0.24580668381623408,1.3611428814417799
CV-G,gfold_4,G+E normalized-reference,W240,ME1,1.3316222572792678,0.08935378708650975,1.242268470192758
CV-G,gfold_4,G+E normalized-reference,W240,ME2,1.831165180261196,0.08292130368186279,1.7482438765793331
CV-G,gfold_4,G+E normalized-reference,W240,ME3,0.24719373654347795,0.07883696165990715,0.16835677488357081
CV-G,gfold_4,G+E normalized-reference,W240,ME4,1.6399897139452146,0.0927379203452385,1.547251793599976
CV-G,gfold_4,G+E normalized-reference,W241,ME1,1.4679623114343485,0.2094668030638792,1.2584955083704694
CV-G,gfold_4,G+E normalized-reference,W241,ME2,2.3226883435977705,0.20303431965923224,2.1196540239385384
CV-G,gfold_4,G+E normalized-reference,W241,ME3,0.6970896350060393,0.1989499776372766,0.49813965736876265
CV-G,gfold_4,G+E normalized-reference,W241,ME4,0.999640165578963,0.21285093632260796,0.786789229256355
CV-G,gfold_4,G+E normalized-reference,W245,ME1,0.8245799401153493,-0.011856110017824151,0.8364360501331735
CV-G,gfold_4,G+E normalized-reference,W245,ME2,1.390265118198401,-0.018288593422471106,1.408553711620872
CV-G,gfold_4,G+E normalized-reference,W245,ME3,0.6879504910788741,-0.022372935444426745,0.7103234265233008
CV-G,gfold_4,G+E normalized-reference,W245,ME4,0.3026503623203639,-0.008471976759095393,0.3111223390794593
CV-G,gfold_4,G+E normalized-reference,W246,ME1,1.3000069361974917,0.25888263015902757,1.0411243060384643
CV-G,gfold_4,G+E normalized-reference,W246,ME2,0.5598158934021549,0.2524501467543806,0.3073657466477743
CV-G,gfold_4,G+E normalized-reference,W246,ME3,0.9199935243201531,0.24836580473242498,0.6716277195877282
CV-G,gfold_4,G+E normalized-reference,W246,ME4,0.80577315980577,0.26226676341775634,0.5435063963880137
CV-G,gfold_4,G+E normalized-reference,W248,ME1,-0.6659415562951781,0.042706821337216844,-0.708648377632395
CV-G,gfold_4,G+E normalized-reference,W248,ME2,0.5778209844290203,0.036274337932569886,0.5415466464964505
CV-G,gfold_4,G+E normalized-reference,W248,ME3,0.5500524654274072,0.03218999591061425,0.5178624695167929
CV-G,gfold_4,G+E normalized-reference,W248,ME4,-0.12229315000946639,0.0460909545959456,-0.16838410460541198
CV-G,gfold_4,G+E normalized-reference,W253,ME1,1.4390019606443423,0.3483233764423625,1.0906785842019797
CV-G,gfold_4,G+E normalized-reference,W253,ME2,2.4397752290417216,0.3418908930377155,2.097884336004006
CV-G,gfold_4,G+E normalized-reference,W253,ME3,0.016831562490282094,0.3378065510157599,-0.3209749885254778
CV-G,gfold_4,G+E normalized-reference,W253,ME4,1.5219891829194936,0.35170750970109127,1.1702816732184023
CV-G,gfold_4,G+E normalized-reference,W258,ME1,0.46397633711202585,-0.0901037036163641,0.5540800407283899
CV-G,gfold_4,G+E normalized-reference,W258,ME2,-0.7187860592975854,-0.09653618702101106,-0.6222498722765744
CV-G,gfold_4,G+E normalized-reference,W258,ME3,-1.4529404297666215,-0.1006205290429667,-1.3523199007236548
CV-G,gfold_4,G+E normalized-reference,W258,ME4,-0.8104879803556154,-0.08671957035763535,-0.7237684099979801
CV-G,gfold_4,G+E normalized-reference,W264,ME1,0.556664118985209,-0.22461427030752615,0.7812783892927351
CV-G,gfold_4,G+E normalized-reference,W264,ME2,0.045212038685974426,-0.2310467537121731,0.27625879239814755
CV-G,gfold_4,G+E normalized-reference,W264,ME3,-1.4951815192118618,-0.23513109573412874,-1.260050423477733
CV-G,gfold_4,G+E normalized-reference,W264,ME4,-0.5063140781795771,-0.22123013704879738,-0.28508394113077973
CV-G,gfold_4,G+E normalized-reference,W267,ME1,0.5231512271120737,0.3174009382941669,0.20575028881790686
CV-G,gfold_4,G+E normalized-reference,W267,ME2,0.3420903585700772,0.3109684548895199,0.031121903680557284
CV-G,gfold_4,G+E normalized-reference,W267,ME3,0.7941824810714333,0.3068841128675643,0.487298368203869
CV-G,gfold_4,G+E normalized-reference,W267,ME4,0.2971830043828389,0.32078507155289565,-0.02360206717005675
CV-G,gfold_4,G+E normalized-reference,W268,ME1,1.1476311872433334,0.16246925527162256,0.9851619319717108
CV-G,gfold_4,G+E normalized-reference,W268,ME2,1.7299063203561518,0.15603677186697562,1.573869548489176
CV-G,gfold_4,G+E normalized-reference,W268,ME3,-0.31718641033755546,0.15195242984501997,-0.46913884018257546
CV-G,gfold_4,G+E normalized-reference,W268,ME4,1.1852943343927658,0.16585338853035134,1.0194409458624145
CV-G,gfold_4,G+E normalized-reference,W272,ME1,-0.45474925688955536,-0.5442084488731036,0.08945919198354824
CV-G,gfold_4,G+E normalized-reference,W272,ME2,-0.06924844507918962,-0.5506409322777506,0.481392487198561
CV-G,gfold_4,G+E normalized-reference,W272,ME3,-0.03768233298653844,-0.5547252742997062,0.5170429413131677
CV-G,gfold_4,G+E normalized-reference,W272,ME4,1.5786294378118395,-0.5408243156143749,2.1194537534262143
CV-G,gfold_4,G+E normalized-reference,W273,ME1,-0.7698518813035222,-0.018574150064730732,-0.7512777312387915
CV-G,gfold_4,G+E normalized-reference,W273,ME2,-1.5513047620431406,-0.02500663346937769,-1.526298128573763
CV-G,gfold_4,G+E normalized-reference,W273,ME3,-0.5423624158405863,-0.029090975491333326,-0.513271440349253
CV-G,gfold_4,G+E normalized-reference,W273,ME4,-1.4516241989287055,-0.015190016806001974,-1.4364341821227036
CV-G,gfold_4,G+E normalized-reference,W276,ME1,-0.001987237255272065,-0.04722608284862789,0.04523884559335583
CV-G,gfold_4,G+E normalized-reference,W276,ME2,-1.794326025815247,-0.05365856625327485,-1.740667459561972
CV-G,gfold_4,G+E normalized-reference,W276,ME3,-0.6416091266947295,-0.05774290827523049,-0.5838662184194989
CV-G,gfold_4,G+E normalized-reference,W276,ME4,-0.6020203755435065,-0.043841949589899135,-0.5581784259536073
CV-G,gfold_4,G+E normalized-reference,W277,ME1,-0.5857956586223904,-0.2777095591185727,-0.30808609950381766
CV-G,gfold_4,G+E normalized-reference,W277,ME2,-1.1958102196315052,-0.2841420425232197,-0.9116681771082855
CV-G,gfold_4,G+E normalized-reference,W277,ME3,-1.162278488157023,-0.2882263845451753,-0.8740521036118476
CV-G,gfold_4,G+E normalized-reference,W277,ME4,-0.21065194764152748,-0.27432542585984393,0.06367347821831645
CV-G,gfold_4,G+E normalized-reference,W280,ME1,-0.1259401447422998,-0.1803598669145817,0.05441972217228189
CV-G,gfold_4,G+E normalized-reference,W280,ME2,-0.26238073431182996,-0.18679235031922864,-0.07558838399260132
CV-G,gfold_4,G+E normalized-reference,W280,ME3,0.5939068418320628,-0.1908766923411843,0.7847835341732471
CV-G,gfold_4,G+E normalized-reference,W280,ME4,-1.5487937028773537,-0.17697573365585292,-1.371817969221501
CV-G,gfold_4,G+E normalized-reference,W291,ME1,0.9183020202310339,-0.1875025332192646,1.1058045534502985
CV-G,gfold_4,G+E normalized-reference,W291,ME2,-1.7677455750901723,-0.19393501662391155,-1.5738105584662607
CV-G,gfold_4,G+E normalized-reference,W291,ME3,-0.8569956055696786,-0.1980193586458672,-0.6589762469238114
CV-G,gfold_4,G+E normalized-reference,W291,ME4,-0.5587535141674078,-0.18411839996053583,-0.374635114206872
CV-G,gfold_4,G+E normalized-reference,W292,ME1,1.0085221456673867,0.0017270379305573602,1.0067951077368293
CV-G,gfold_4,G+E normalized-reference,W292,ME2,-0.2828350240126491,-0.0047054454740895965,-0.2781295785385595
CV-G,gfold_4,G+E normalized-reference,W292,ME3,-0.610846869594237,-0.008789787496045233,-0.6020570820981918
CV-G,gfold_4,G+E normalized-reference,W292,ME4,0.08500231619445406,0.0051111711892861175,0.07989114500516795
CV-G,gfold_4,G+E normalized-reference,W295,ME1,0.1308834385430769,-0.13226143992902425,0.26314487847210116
CV-G,gfold_4,G+E normalized-reference,W295,ME2,0.7316585073397596,-0.1386939233336712,0.8703524306734307
CV-G,gfold_4,G+E normalized-reference,W295,ME3,0.9363037710145666,-0.14277826535562685,1.0790820363701934
CV-G,gfold_4,G+E normalized-reference,W295,ME4,-1.4162240396209889,-0.12887730667029548,-1.2873467329506934
CV-G,gfold_4,G+E normalized-reference,W296,ME1,0.06292922960275023,0.016597008442957365,0.046332221159792866
CV-G,gfold_4,G+E normalized-reference,W296,ME2,-0.5341785003332004,0.01016452503831041,-0.5443430253715108
CV-G,gfold_4,G+E normalized-reference,W296,ME3,-0.25608422256573676,0.006080183016354772,-0.26216440558209153
CV-G,gfold_4,G+E normalized-reference,W296,ME4,-0.05135123075680209,0.019981141701686123,-0.07133237245848821
CV-G,gfold_4,G+E normalized-reference,W305,ME1,-1.474013526510542,-0.012215565118467796,-1.4617979613920742
CV-G,gfold_4,G+E normalized-reference,W305,ME2,-0.9100577169794701,-0.018648048523114753,-0.8914096684563554
CV-G,gfold_4,G+E normalized-reference,W305,ME3,-0.8350346312530166,-0.02273239054507039,-0.8123022407079462
CV-G,gfold_4,G+E normalized-reference,W305,ME4,1.0720138246080724,-0.008831431859739038,1.0808452564678115
CV-G,gfold_4,G+E normalized-reference,W309,ME1,1.1562231923286694,-0.1441497967097493,1.3003729890384188
CV-G,gfold_4,G+E normalized-reference,W309,ME2,0.47954926089117506,-0.15058228011439626,0.6301315410055713
CV-G,gfold_4,G+E normalized-reference,W309,ME3,0.20164160789357255,-0.1546666221363519,0.35630823002992446
CV-G,gfold_4,G+E normalized-reference,W309,ME4,-3.5756337573917047,-0.14076566345102054,-3.4348680939406844
CV-G,gfold_4,G+E normalized-reference,W313,ME1,0.10518072001291338,-0.26457188382140784,0.36975260383432124
CV-G,gfold_4,G+E normalized-reference,W313,ME2,-0.20317594466109895,-0.2710043672260548,0.06782842256495586
CV-G,gfold_4,G+E normalized-reference,W313,ME3,-0.4575930549782728,-0.27508870924801043,-0.18250434573026236
CV-G,gfold_4,G+E normalized-reference,W313,ME4,0.21611663956816807,-0.26118775056267907,0.47730439013084713
CV-G,gfold_4,G+E normalized-reference,W318,ME1,0.09478072902336472,-0.25393373069962194,0.34871445972298665
CV-G,gfold_4,G+E normalized-reference,W318,ME2,0.25946312888756146,-0.2603662141042689,0.5198293429918304
CV-G,gfold_4,G+E normalized-reference,W318,ME3,0.08440379115693365,-0.26445055612622453,0.3488543472831582
CV-G,gfold_4,G+E normalized-reference,W318,ME4,-1.6941782238031122,-0.25054959744089317,-1.4436286263622191
CV-G,gfold_4,G+E normalized-reference,W326,ME1,-0.39023184998336463,-0.19808429428767202,-0.1921475556956926
CV-G,gfold_4,G+E normalized-reference,W326,ME2,-0.20335314766593282,-0.20451677769231896,0.001163630026386142
CV-G,gfold_4,G+E normalized-reference,W326,ME3,0.26059837740522446,-0.2086011197142746,0.46919949711949904
CV-G,gfold_4,G+E normalized-reference,W326,ME4,-0.8870703249913088,-0.19470016102894325,-0.6923701639623655
CV-G,gfold_4,G+E normalized-reference,W327,ME1,0.2115098369741906,-0.46733920470877643,0.678849041682967
CV-G,gfold_4,G+E normalized-reference,W327,ME2,0.8295694961891933,-0.4737716881134234,1.3033411843026168
CV-G,gfold_4,G+E normalized-reference,W327,ME3,1.1601874576443458,-0.47785603013537903,1.6380434877797247
CV-G,gfold_4,G+E normalized-reference,W327,ME4,-0.33822625508446974,-0.46395507145004766,0.12572881636557792
CV-G,gfold_4,G+E normalized-reference,W329,ME1,-1.657556672110748,-0.5114080139927336,-1.1461486581180145
CV-G,gfold_4,G+E normalized-reference,W329,ME2,-0.2708042057201801,-0.5178404973973806,0.24703629167720048
CV-G,gfold_4,G+E normalized-reference,W329,ME3,-0.6632491329252244,-0.5219248394193362,-0.14132429350588815
CV-G,gfold_4,G+E normalized-reference,W329,ME4,-2.213388427018358,-0.508023880734005,-1.7053645462843532
CV-G,gfold_4,G+E normalized-reference,W336,ME1,-0.3008831411765201,-0.1483706268715163,-0.1525125143050038
CV-G,gfold_4,G+E normalized-reference,W336,ME2,0.746284083917295,-0.15480311027616325,0.9010871941934582
CV-G,gfold_4,G+E normalized-reference,W336,ME3,0.38925590078652716,-0.1588874522981189,0.548143353084646
CV-G,gfold_4,G+E normalized-reference,W336,ME4,-1.4660438638200486,-0.14498649361278754,-1.321057370207261
CV-G,gfold_4,G+E normalized-reference,W348,ME1,0.9668733172252935,-0.04548119715182446,1.012354514377118
CV-G,gfold_4,G+E normalized-reference,W348,ME2,0.07469102427583192,-0.051913680556471414,0.12660470483230335
CV-G,gfold_4,G+E normalized-reference,W348,ME3,-0.9414608914029917,-0.05599802257842705,-0.8854628688245647
CV-G,gfold_4,G+E normalized-reference,W348,ME4,-0.07495133696194672,-0.0420970638930957,-0.032854273068851025
CV-G,gfold_4,G+E normalized-reference,W350,ME1,-0.3812652171881476,-0.3855307985231721,0.004265581335024526
CV-G,gfold_4,G+E normalized-reference,W350,ME2,-1.5057382750858699,-0.3919632819278191,-1.1137749931580507
CV-G,gfold_4,G+E normalized-reference,W350,ME3,-0.9879167986113145,-0.3960476239497747,-0.5918691746615399
CV-G,gfold_4,G+E normalized-reference,W350,ME4,0.36951732990160646,-0.38214666526444335,0.7516639951660498
CV-G,gfold_4,G+E normalized-reference,W351,ME1,0.9022093168674095,-0.16735854289864238,1.0695678597660518
CV-G,gfold_4,G+E normalized-reference,W351,ME2,-0.601920677609676,-0.17379102630328933,-0.4281296513063867
CV-G,gfold_4,G+E normalized-reference,W351,ME3,-1.386314212301304,-0.17787536832524498,-1.208438843976059
CV-G,gfold_4,G+E normalized-reference,W351,ME4,-0.5213866793425955,-0.1639744096399136,-0.3574122697026819
CV-G,gfold_4,G+E normalized-reference,W371,ME1,0.2933089830188497,-0.0530499369961,0.3463589200149497
CV-G,gfold_4,G+E normalized-reference,W371,ME2,-0.6237862626704211,-0.05948242040074696,-0.5643038422696742
CV-G,gfold_4,G+E normalized-reference,W371,ME3,-0.3055555404783089,-0.0635667624227026,-0.2419887780556063
CV-G,gfold_4,G+E normalized-reference,W371,ME4,-0.3424192072869176,-0.04966580373737124,-0.2927534035495464
CV-G,gfold_4,G+E normalized-reference,W380,ME1,-0.7226813661809958,-0.538939426690387,-0.1837419394906088
CV-G,gfold_4,G+E normalized-reference,W380,ME2,-1.3392054226145362,-0.5453719100950339,-0.7938335125195023
CV-G,gfold_4,G+E normalized-reference,W380,ME3,-1.7157288270512268,-0.5494562521169896,-1.1662725749342373
CV-G,gfold_4,G+E normalized-reference,W380,ME4,-0.7243161258985648,-0.5355552934316583,-0.18876083246690645
CV-G,gfold_4,G+E normalized-reference,W382,ME1,-0.05317278413805646,0.5102455655925796,-0.5634183497306361
CV-G,gfold_4,G+E normalized-reference,W382,ME2,-1.2624891788789776,0.5038130821879326,-1.7663022610669104
CV-G,gfold_4,G+E normalized-reference,W382,ME3,-1.1322426325146966,0.49972874016597696,-1.6319713726806735
CV-G,gfold_4,G+E normalized-reference,W382,ME4,-1.4662326646696904,0.5136296988513083,-1.9798623635209986
CV-G,gfold_4,G+E normalized-reference,W385,ME1,-0.0389206430012417,0.0036183435606590266,-0.04253898656190073
CV-G,gfold_4,G+E normalized-reference,W385,ME2,-1.200873162626758,-0.00281413984398793,-1.1980590227827699
CV-G,gfold_4,G+E normalized-reference,W385,ME3,-0.958353948569655,-0.006898481865943567,-0.9514554667037114
CV-G,gfold_4,G+E normalized-reference,W385,ME4,-0.47114991993391137,0.007002476819387784,-0.4781523967532991
CV-G,gfold_4,G+E normalized-reference,W387,ME1,1.2658669501143358,-0.18196644623554567,1.4478333963498815
CV-G,gfold_4,G+E normalized-reference,W387,ME2,1.8712447027473609,-0.18839892964019261,2.0596436323875533
CV-G,gfold_4,G+E normalized-reference,W387,ME3,0.34203135947712243,-0.19248327166214826,0.5345146311392707
CV-G,gfold_4,G+E normalized-reference,W387,ME4,0.9272665065498537,-0.1785823129768169,1.1058488195266705
CV-G,gfold_4,G+E normalized-reference,W402,ME1,0.05677230463164708,0.3279215570331702,-0.27114925240152316
CV-G,gfold_4,G+E normalized-reference,W402,ME2,-0.8668138551212717,0.32148907362852325,-1.188302928749795
CV-G,gfold_4,G+E normalized-reference,W402,ME3,-0.3630764001307948,0.3174047316065676,-0.6804811317373625
CV-G,gfold_4,G+E normalized-reference,W402,ME4,-0.3931987691383198,0.331305690291899,-0.7245044594302188
CV-G,gfold_4,G+E normalized-reference,W408,ME1,0.7120938981829689,-0.11116032605593432,0.8232542242389032
CV-G,gfold_4,G+E normalized-reference,W408,ME2,0.70710956249153,-0.11759280946058127,0.8247023719521113
CV-G,gfold_4,G+E normalized-reference,W408,ME3,0.37231216444836523,-0.12167715148253691,0.4939893159309021
CV-G,gfold_4,G+E normalized-reference,W408,ME4,0.6167913760170415,-0.10777619279720556,0.724567568814247
CV-G,gfold_4,G+E normalized-reference,W409,ME1,-1.2779936493551367,-0.3169047714464189,-0.9610888779087179
CV-G,gfold_4,G+E normalized-reference,W409,ME2,0.5551643145252666,-0.32333725485106585,0.8785015693763325
CV-G,gfold_4,G+E normalized-reference,W409,ME3,-0.41193112145678373,-0.32742159687302147,-0.08450952458376226
CV-G,gfold_4,G+E normalized-reference,W409,ME4,-1.0401956807523545,-0.3135206381876901,-0.7266750425646644
CV-G,gfold_4,G+E normalized-reference,W439,ME1,0.04300880833381053,-0.09642226114776775,0.1394310694815783
CV-G,gfold_4,G+E normalized-reference,W439,ME2,1.0807357695049118,-0.10285474455241471,1.1835905140573264
CV-G,gfold_4,G+E normalized-reference,W439,ME3,1.289267307454817,-0.10693908657437035,1.3962063940291873
CV-G,gfold_4,G+E normalized-reference,W439,ME4,0.47309819603598585,-0.093038127889039,0.5661363239250249
CV-G,gfold_4,G+E normalized-reference,W448,ME1,1.1745473737902856,-0.05740656443556627,1.231953938225852
CV-G,gfold_4,G+E normalized-reference,W448,ME2,-0.3829294070287847,-0.06383904784021323,-0.3190903591885715
CV-G,gfold_4,G+E normalized-reference,W448,ME3,-1.2615843247112501,-0.06792338986216886,-1.1936609348490812
CV-G,gfold_4,G+E normalized-reference,W448,ME4,0.37681762942106406,-0.05402243117683751,0.4308400605979016
CV-G,gfold_4,G+E normalized-reference,W450,ME1,-0.8801797418637559,-0.229919388905981,-0.650260352957775
CV-G,gfold_4,G+E normalized-reference,W450,ME2,-0.38176493013987695,-0.23635187231062793,-0.14541305782924902
CV-G,gfold_4,G+E normalized-reference,W450,ME3,-0.7210064953780436,-0.24043621433258358,-0.48057028104546007
CV-G,gfold_4,G+E normalized-reference,W450,ME4,1.103480632881599,-0.22653525564725221,1.330015888528851
CV-G,gfold_4,G+E normalized-reference,W455,ME1,-0.20081682223479125,0.5548641377058363,-0.7556809599406276
CV-G,gfold_4,G+E normalized-reference,W455,ME2,1.2622802479571689,0.5484316543011893,0.7138485936559795
CV-G,gfold_4,G+E normalized-reference,W455,ME3,1.4468541912340296,0.5443473122792337,0.9025068789547959
CV-G,gfold_4,G+E normalized-reference,W455,ME4,1.2356097608221348,0.558248270964565,0.6773614898575698
CV-G,gfold_4,G+E normalized-reference,W458,ME1,-0.31915845815423916,0.2995567846904512,-0.6187152428446904
CV-G,gfold_4,G+E normalized-reference,W458,ME2,0.7401009647843434,0.29312430128580425,0.44697666349853915
CV-G,gfold_4,G+E normalized-reference,W458,ME3,1.165474984537512,0.2890399592638486,0.8764350252736635
CV-G,gfold_4,G+E normalized-reference,W458,ME4,0.6077682687446079,0.30294091794918,0.3048273507954279
CV-G,gfold_4,G+E normalized-reference,W459,ME1,1.47973050797303,0.3525932720488566,1.1271372359241734
CV-G,gfold_4,G+E normalized-reference,W459,ME2,2.7066302969639775,0.3461607886442096,2.3604695083197678
CV-G,gfold_4,G+E normalized-reference,W459,ME3,0.6879504910788741,0.342076446622254,0.34587404445662007
CV-G,gfold_4,G+E normalized-reference,W459,ME4,1.597509522775956,0.35597740530758537,1.2415321174683704
CV-G,gfold_4,G+E normalized-reference,W461,ME1,2.082612366221532,-0.061420596326431015,2.144032962547963
CV-G,gfold_4,G+E normalized-reference,W461,ME2,-0.03632665825256279,-0.06785307973107797,0.031526421478515185
CV-G,gfold_4,G+E normalized-reference,W461,ME3,-0.3614631131713788,-0.07193742175303361,-0.28952569141834517
CV-G,gfold_4,G+E normalized-reference,W461,ME4,1.5849227994665442,-0.05803646306770226,1.6429592625342464
CV-G,gfold_4,G+E normalized-reference,W470,ME1,-0.3342575836786114,0.29914470740750887,-0.6334022910861203
CV-G,gfold_4,G+E normalized-reference,W470,ME2,0.8158868927445239,0.2927122240028619,0.523174668741662
CV-G,gfold_4,G+E normalized-reference,W470,ME3,0.5600109226271545,0.2886278819809063,0.2713830406462482
CV-G,gfold_4,G+E normalized-reference,W470,ME4,0.04698254509796639,0.30252884066623764,-0.25554629556827124
CV-G,gfold_4,G+E normalized-reference,W473,ME1,-1.2022944197170344,0.43296276942694006,-1.6352571891439744
CV-G,gfold_4,G+E normalized-reference,W473,ME2,0.669909588833915,0.4265302860222931,0.24337930281162196
CV-G,gfold_4,G+E normalized-reference,W473,ME3,1.2072430683820856,0.42244594400033747,0.7847971243817482
CV-G,gfold_4,G+E normalized-reference,W473,ME4,1.6803852290663543,0.43634690268566884,1.2440383263806856
CV-G,gfold_4,G+E normalized-reference,W477,ME1,-0.4917559593613715,-0.07554652446072378,-0.4162094349006477
CV-G,gfold_4,G+E normalized-reference,W477,ME2,0.8760599702430972,-0.08197900786537074,0.9580389781084679
CV-G,gfold_4,G+E normalized-reference,W477,ME3,0.776503896746521,-0.08606334988732638,0.8625672466338473
CV-G,gfold_4,G+E normalized-reference,W477,ME4,-0.9737220482745313,-0.07216239120199502,-0.9015596570725364
CV-G,gfold_4,G+E normalized-reference,W488,ME1,0.394873812800106,0.31549426453488183,0.0793795482652242
CV-G,gfold_4,G+E normalized-reference,W488,ME2,1.9763007698988446,0.30906178113023486,1.6672389887686099
CV-G,gfold_4,G+E normalized-reference,W488,ME3,1.4092417994524535,0.30497743910827924,1.1042643603441742
CV-G,gfold_4,G+E normalized-reference,W488,ME4,0.04403253182232322,0.3188783977936106,-0.27484586597128735
CV-G,gfold_4,G+E normalized-reference,W489,ME1,-0.2186930792606787,0.20084442445692824,-0.41953750371760695
CV-G,gfold_4,G+E normalized-reference,W489,ME2,0.9137156087702856,0.1944119410522813,0.7193036677180042
CV-G,gfold_4,G+E normalized-reference,W489,ME3,0.14587762618641906,0.19032759903032564,-0.04444997284390659
CV-G,gfold_4,G+E normalized-reference,W489,ME4,-0.3171356268391395,0.204228557715657,-0.5213641845547965
CV-G,gfold_4,G+E normalized-reference,W499,ME1,1.687876921215702,-0.17030203481497877,1.858178956030681
CV-G,gfold_4,G+E normalized-reference,W499,ME2,-0.25607104160399624,-0.1767345182196257,-0.07933652338437053
CV-G,gfold_4,G+E normalized-reference,W499,ME3,-1.3370371645461494,-0.18081886024158136,-1.156218304304568
CV-G,gfold_4,G+E normalized-reference,W499,ME4,0.02338243889282106,-0.16691790155625,0.19030034044907107
CV-G,gfold_4,G+E normalized-reference,W502,ME1,0.5774152364804089,-0.5421411478293965,1.1195563843098055
CV-G,gfold_4,G+E normalized-reference,W502,ME2,-1.6145915494837932,-0.5485736312340435,-1.0660179182497498
CV-G,gfold_4,G+E normalized-reference,W502,ME3,-1.4144664920695476,-0.5526579732559991,-0.8618085188135485
CV-G,gfold_4,G+E normalized-reference,W502,ME4,0.06271594923472902,-0.5387570145706678,0.6014729638053968
CV-G,gfold_4,G+E normalized-reference,W507,ME1,0.20433490192188597,0.11318910494164357,0.0911457969802424
CV-G,gfold_4,G+E normalized-reference,W507,ME2,1.448488962643801,0.10675662153699661,1.3417323411068043
CV-G,gfold_4,G+E normalized-reference,W507,ME3,1.087184111098613,0.10267227951504097,0.9845118315835719
CV-G,gfold_4,G+E normalized-reference,W507,ME4,0.06763263802746716,0.11657323820037233,-0.04894060017290516
CV-G,gfold_4,G+E normalized-reference,W514,ME1,-1.8922527882711393,-0.1036363728382442,-1.7886164154328952
CV-G,gfold_4,G+E normalized-reference,W514,ME2,0.5232361302614574,-0.11006885624289116,0.6333049865043486
CV-G,gfold_4,G+E normalized-reference,W514,ME3,0.10787669409001106,-0.1141531982648468,0.22202989235485787
CV-G,gfold_4,G+E normalized-reference,W514,ME4,1.3638684713450255,-0.10025223957951544,1.4641207109245409
CV-G,gfold_4,G+E normalized-reference,W519,ME1,-2.025921583973149,0.2547386423766108,-2.2806602263497595
CV-G,gfold_4,G+E normalized-reference,W519,ME2,0.7358797360620509,0.24830615897196387,0.4875735770900871
CV-G,gfold_4,G+E normalized-reference,W519,ME3,0.5149824787494153,0.24422181695000822,0.27076066179940705
CV-G,gfold_4,G+E normalized-reference,W519,ME4,1.092954985514104,0.2581227756353396,0.8348322098787645
CV-G,gfold_4,G+E normalized-reference,W522,ME1,-1.3571541132693217,0.07925980183336251,-1.4364139151026842
CV-G,gfold_4,G+E normalized-reference,W522,ME2,1.1833806100549058,0.07282731842871555,1.1105532916261902
CV-G,gfold_4,G+E normalized-reference,W522,ME3,2.001098503815065,0.06874297640675991,1.932355527408305
CV-G,gfold_4,G+E normalized-reference,W522,ME4,1.705550808983107,0.08264393509209127,1.6229068738910157
CV-G,gfold_4,G+E normalized-reference,W531,ME1,-0.10364165192367358,0.04362524291586782,-0.14726689483954142
CV-G,gfold_4,G+E normalized-reference,W531,ME2,1.2738174293075992,0.03719275951122086,1.2366246697963783
CV-G,gfold_4,G+E normalized-reference,W531,ME3,0.8378256942615047,0.03310841748926523,0.8047172767722395
CV-G,gfold_4,G+E normalized-reference,W531,ME4,0.4139091296734829,0.04700937617459658,0.36689975349888637
CV-G,gfold_4,G+E normalized-reference,W535,ME1,-0.2776480790831897,0.498449383092876,-0.7760974621760657
CV-G,gfold_4,G+E normalized-reference,W535,ME2,1.44903322901579,0.49201689968822904,0.9570163293275609
CV-G,gfold_4,G+E normalized-reference,W535,ME3,1.0950900618526118,0.4879325576662734,0.6071575041863384
CV-G,gfold_4,G+E normalized-reference,W535,ME4,-0.10936815851111582,0.5018335163516048,-0.6112016748627206
CV-G,gfold_4,G+E normalized-reference,W537,ME1,-0.706295475913985,0.028612914549810395,-0.7349083904637954
CV-G,gfold_4,G+E normalized-reference,W537,ME2,0.8895463846467002,0.022180431145163437,0.8673659535015368
CV-G,gfold_4,G+E normalized-reference,W537,ME3,1.9229681144192505,0.0180960891232078,1.9048720252960427
CV-G,gfold_4,G+E normalized-reference,W537,ME4,2.506900281880854,0.03199704780853915,2.474903234072315
CV-G,gfold_4,G+E normalized-reference,W542,ME1,-1.4823530650957413,-0.08480226118089847,-1.3975508039148428
CV-G,gfold_4,G+E normalized-reference,W542,ME2,1.0681100554105007,-0.09123474458554542,1.1593447999960462
CV-G,gfold_4,G+E normalized-reference,W542,ME3,2.4846622652107855,-0.09531908660750106,2.5799813518182866
CV-G,gfold_4,G+E normalized-reference,W542,ME4,1.3017215250048113,-0.08141812792216971,1.383139652926981
CV-G,gfold_4,G+E normalized-reference,W544,ME1,-0.5626583254968559,0.5988650116059326,-1.1615233371027887
CV-G,gfold_4,G+E normalized-reference,W544,ME2,-0.08958881856261547,0.5924325282012857,-0.6820213467639011
CV-G,gfold_4,G+E normalized-reference,W544,ME3,1.9377495394400805,0.58834818617933,1.3494013532607505
CV-G,gfold_4,G+E normalized-reference,W544,ME4,2.125097763694028,0.6022491448646613,1.5228486188293666
CV-G,gfold_4,G+E normalized-reference,W561,ME1,-1.636455359147615,0.42551563222456823,-2.061970991372183
CV-G,gfold_4,G+E normalized-reference,W561,ME2,0.8531185097958601,0.41908314881992126,0.43403536097593887
CV-G,gfold_4,G+E normalized-reference,W561,ME3,0.9615419984215595,0.41499880679796564,0.5465431916235939
CV-G,gfold_4,G+E normalized-reference,W561,ME4,1.1325874305346098,0.428899765483297,0.7036876650513127
CV-G,gfold_4,G+E normalized-reference,W568,ME1,-1.840798486726918,0.3441556326612912,-2.1849541193882094
CV-G,gfold_4,G+E normalized-reference,W568,ME2,0.31597190139331927,0.3377231492566442,-0.02175124786332494
CV-G,gfold_4,G+E normalized-reference,W568,ME3,0.8401231500361722,0.3336388072346886,0.5064843428014836
CV-G,gfold_4,G+E normalized-reference,W568,ME4,1.1783244363601795,0.34753976592001995,0.8307846704401596
CV-G,gfold_4,G+E normalized-reference,W570,ME1,-1.4261914849360469,0.03741340351565614,-1.463604888451703
CV-G,gfold_4,G+E normalized-reference,W570,ME2,0.30964322264925526,0.030980920111009183,0.2786623025382461
CV-G,gfold_4,G+E normalized-reference,W570,ME3,0.3911901558321103,0.026896578089053543,0.36429357774305676
CV-G,gfold_4,G+E normalized-reference,W570,ME4,1.0427103594033518,0.0407975367743849,1.0019128226289669
CV-G,gfold_4,G+E normalized-reference,W572,ME1,-1.6947506884375068,0.0688227474860943,-1.763573435923601
CV-G,gfold_4,G+E normalized-reference,W572,ME2,0.5137431121453592,0.062390264081447336,0.45135284806391185
CV-G,gfold_4,G+E normalized-reference,W572,ME3,0.7292624623799486,0.0583059220594917,0.6709565403204569
CV-G,gfold_4,G+E normalized-reference,W572,ME4,1.7434368461444318,0.07220688074482305,1.6712299653996088
CV-G,gfold_4,G+E normalized-reference,W574,ME1,-0.061316864787662406,-0.13375532977482052,0.07243846498715811
CV-G,gfold_4,G+E normalized-reference,W574,ME2,0.3493177096958004,-0.14018781317946746,0.48950552287526783
CV-G,gfold_4,G+E normalized-reference,W574,ME3,1.2219062420027489,-0.1442721552014231,1.366178397204172
CV-G,gfold_4,G+E normalized-reference,W574,ME4,-1.7321979948995998,-0.13037119651609175,-1.6018267983835082
CV-G,gfold_4,G+E normalized-reference,W575,ME1,-1.6457151788462183,0.33823174995228655,-1.9839469287985048
CV-G,gfold_4,G+E normalized-reference,W575,ME2,0.4306792036295026,0.3317992665476396,0.09887993708186305
CV-G,gfold_4,G+E normalized-reference,W575,ME3,0.2991229942737987,0.32771492452568396,-0.028591930251885278
CV-G,gfold_4,G+E normalized-reference,W575,ME4,0.8403394486942383,0.3416158832110153,0.49872356548322294
CV-G,gfold_4,G+E normalized-reference,W578,ME1,-2.3227733236513446,0.009118797176959414,-2.331892120828304
CV-G,gfold_4,G+E normalized-reference,W578,ME2,0.24635643520860157,0.002686313772312457,0.2436701214362891
CV-G,gfold_4,G+E normalized-reference,W578,ME3,0.19438603984049102,-0.0013980282496431802,0.1957840680901342
CV-G,gfold_4,G+E normalized-reference,W578,ME4,1.0267802877148795,0.012502930435688172,1.0142773572791914
CV-G,gfold_4,G+E normalized-reference,W582,ME1,-1.6694063094559266,0.19348347141090352,-1.86288978086683
CV-G,gfold_4,G+E normalized-reference,W582,ME2,0.5358934877495878,0.18705098800625658,0.3488424997433312
CV-G,gfold_4,G+E normalized-reference,W582,ME3,0.7045563662737035,0.18296664598430093,0.5215897202894026
CV-G,gfold_4,G+E normalized-reference,W582,ME4,1.45492554778654,0.1968676046696323,1.2580579431169077
CV-G,gfold_4,G+E normalized-reference,W588,ME1,-2.132503167434563,0.07578884162833395,-2.208292009062897
CV-G,gfold_4,G+E normalized-reference,W588,ME2,0.49792141528519684,0.06935635822368699,0.4285650570615098
CV-G,gfold_4,G+E normalized-reference,W588,ME3,0.4266655758821018,0.06527201620173136,0.36139355968037046
CV-G,gfold_4,G+E normalized-reference,W588,ME4,1.264551357731709,0.07917297488706271,1.1853783828446463
CV-G,gfold_4,G+E normalized-reference,W595,ME1,-1.2485039333229087,0.36543169148102367,-1.6139356248039323
CV-G,gfold_4,G+E normalized-reference,W595,ME2,1.4190416204476648,0.3589992080763767,1.0600424123712882
CV-G,gfold_4,G+E normalized-reference,W595,ME3,1.574548810356833,0.3549148660544211,1.219633944302412
CV-G,gfold_4,G+E normalized-reference,W595,ME4,1.65965646911617,0.36881582473975244,1.2908406443764175
CV-G,gfold_4,G+E normalized-reference,W598,ME1,-0.9023967938758849,0.5475384083067442,-1.449935202182629
CV-G,gfold_4,G+E normalized-reference,W598,ME2,0.5279066951745784,0.5411059249020972,-0.013199229727518746
CV-G,gfold_4,G+E normalized-reference,W598,ME3,1.7190773609462144,0.5370215828801416,1.182055778066073
CV-G,gfold_4,G+E normalized-reference,W598,ME4,2.6928140518629142,0.5509225415654728,2.1418915102974414
CV-G,gfold_4,G+E normalized-reference,W599,ME1,0.2222763115929722,-0.5994374400899402,0.8217137516829124
CV-G,gfold_4,G+E normalized-reference,W599,ME2,-0.5428108181401058,-0.6058699234945871,0.06305910535448134
CV-G,gfold_4,G+E normalized-reference,W599,ME3,-0.3043476868908917,-0.6099542655165427,0.30560657862565105
CV-G,gfold_4,G+E normalized-reference,W599,ME4,0.3813173830041784,-0.5960533068312115,0.9773706898353899
CV-G,gfold_4,G+E+normalized-GxE-mixture,W007,ME1,0.6174108165506322,0.5958366353927795,0.0215741811578527
CV-G,gfold_4,G+E+normalized-GxE-mixture,W007,ME2,-0.3135924027088055,0.4198083435950771,-0.7334007463038826
CV-G,gfold_4,G+E+normalized-GxE-mixture,W007,ME3,0.05432570287169062,0.1370915015623947,-0.08276579869070408
CV-G,gfold_4,G+E+normalized-GxE-mixture,W007,ME4,0.0033538154267226572,0.1376674508643716,-0.13431363543764893
CV-G,gfold_4,G+E+normalized-GxE-mixture,W010,ME1,-1.0508226637149842,-0.5731924057783812,-0.4776302579366031
CV-G,gfold_4,G+E+normalized-GxE-mixture,W010,ME2,-1.6176229866022003,-0.9057272423317049,-0.7118957442704954
CV-G,gfold_4,G+E+normalized-GxE-mixture,W010,ME3,-1.9872087022480789,-0.997552559074701,-0.9896561431733779
CV-G,gfold_4,G+E+normalized-GxE-mixture,W010,ME4,-0.5624036639271369,-0.848729181901012,0.28632551797387507
CV-G,gfold_4,G+E+normalized-GxE-mixture,W017,ME1,2.3397128482489933,0.3656293943199059,1.9740834539290875
CV-G,gfold_4,G+E+normalized-GxE-mixture,W017,ME2,-0.1947081725015398,-0.43013424535407646,0.23542607285253667
CV-G,gfold_4,G+E+normalized-GxE-mixture,W017,ME3,-0.37300951774479224,-0.39544776877357524,0.022438251028782996
CV-G,gfold_4,G+E+normalized-GxE-mixture,W017,ME4,0.4352593590870711,-0.4155131906071211,0.8507725496941922
CV-G,gfold_4,G+E+normalized-GxE-mixture,W024,ME1,-0.4015276898443709,-0.18183161305239276,-0.21969607679197817
CV-G,gfold_4,G+E+normalized-GxE-mixture,W024,ME2,-1.953574569052161,-0.4599856570968643,-1.4935889119552967
CV-G,gfold_4,G+E+normalized-GxE-mixture,W024,ME3,-1.5283848230729375,-0.5120034662016629,-1.0163813568712747
CV-G,gfold_4,G+E+normalized-GxE-mixture,W024,ME4,-0.9611117248589154,-0.686583911946227,-0.27452781291268835
CV-G,gfold_4,G+E+normalized-GxE-mixture,W025,ME1,-1.127238572450251,-0.7071640243161934,-0.42007454813405753
CV-G,gfold_4,G+E+normalized-GxE-mixture,W025,ME2,-0.23620531902637532,-0.46222497556635184,0.22601965653997652
CV-G,gfold_4,G+E+normalized-GxE-mixture,W025,ME3,0.6009343536133955,-0.5206317721080584,1.121566125721454
CV-G,gfold_4,G+E+normalized-GxE-mixture,W025,ME4,-1.3375570189371746,-0.4965852558120319,-0.8409717631251428
CV-G,gfold_4,G+E+normalized-GxE-mixture,W031,ME1,0.9857757284130315,-0.2822215478806055,1.2679972762936371
CV-G,gfold_4,G+E+normalized-GxE-mixture,W031,ME2,0.3983523126048168,0.4097605945698559,-0.011408281965039124
CV-G,gfold_4,G+E+normalized-GxE-mixture,W031,ME3,0.9539401226965609,0.2607275318876442,0.6932125908089167
CV-G,gfold_4,G+E+normalized-GxE-mixture,W031,ME4,0.6522780690475105,-0.4426234586685051,1.0949015277160157
CV-G,gfold_4,G+E+normalized-GxE-mixture,W034,ME1,0.4341119933699142,0.49505318782724195,-0.06094119445732776
CV-G,gfold_4,G+E+normalized-GxE-mixture,W034,ME2,-0.3815434263838341,-1.248681341967694,0.86713791558386
CV-G,gfold_4,G+E+normalized-GxE-mixture,W034,ME3,0.13568266618633773,-1.3329488488246104,1.4686315150109481
CV-G,gfold_4,G+E+normalized-GxE-mixture,W034,ME4,-0.5413366357880117,-0.726901262450013,0.18556462666200124
CV-G,gfold_4,G+E+normalized-GxE-mixture,W044,ME1,-1.2752653823375188,0.1605729432406298,-1.4358383255781486
CV-G,gfold_4,G+E+normalized-GxE-mixture,W044,ME2,-0.035174838721142666,-0.18175052759072693,0.14657568886958428
CV-G,gfold_4,G+E+normalized-GxE-mixture,W044,ME3,0.8075702288760123,-0.012346127827737328,0.8199163567037496
CV-G,gfold_4,G+E+normalized-GxE-mixture,W044,ME4,-1.2559399849777169,-0.6227226909783625,-0.6332172939993543
CV-G,gfold_4,G+E+normalized-GxE-mixture,W046,ME1,0.409679751421092,0.08778374186555538,0.3218960095555366
CV-G,gfold_4,G+E+normalized-GxE-mixture,W046,ME2,-0.6993633442320486,-0.7940555337374792,0.09469218950543057
CV-G,gfold_4,G+E+normalized-GxE-mixture,W046,ME3,-0.6145380025851526,0.37947125276306315,-0.9940092553482157
CV-G,gfold_4,G+E+normalized-GxE-mixture,W046,ME4,-0.051909766603657696,0.4894177816381723,-0.5413275482418299
CV-G,gfold_4,G+E+normalized-GxE-mixture,W053,ME1,0.025385017808058567,0.3179060260302981,-0.29252100822223953
CV-G,gfold_4,G+E+normalized-GxE-mixture,W053,ME2,-0.34734324645090614,-0.023843882326390398,-0.32349936412451574
CV-G,gfold_4,G+E+normalized-GxE-mixture,W053,ME3,-0.33672323095080087,-0.06338283422695654,-0.27334039672384436
CV-G,gfold_4,G+E+normalized-GxE-mixture,W053,ME4,-0.6915591784858242,-0.5623207568332866,-0.12923842165253752
CV-G,gfold_4,G+E+normalized-GxE-mixture,W062,ME1,1.1229709110363206,0.2959841263520437,0.8269867846842769
CV-G,gfold_4,G+E+normalized-GxE-mixture,W062,ME2,1.043269991340045,0.23435237974860476,0.8089176115914402
CV-G,gfold_4,G+E+normalized-GxE-mixture,W062,ME3,1.2077920927400025,0.2409192919780123,0.9668728007619902
CV-G,gfold_4,G+E+normalized-GxE-mixture,W062,ME4,-0.3358583777618871,0.4151060238983595,-0.7509644016602466
CV-G,gfold_4,G+E+normalized-GxE-mixture,W063,ME1,1.0832603737888356,0.3337158286789096,0.749544545109926
CV-G,gfold_4,G+E+normalized-GxE-mixture,W063,ME2,0.9219428911375693,0.057246670842659046,0.8646962202949103
CV-G,gfold_4,G+E+normalized-GxE-mixture,W063,ME3,0.21655817737173513,0.136356370696203,0.08020180667553214
CV-G,gfold_4,G+E+normalized-GxE-mixture,W063,ME4,-0.07550987280880234,0.13972859389391384,-0.21523846670271618
CV-G,gfold_4,G+E+normalized-GxE-mixture,W067,ME1,-0.8797969700732243,-0.23640569210175716,-0.6433912779714672
CV-G,gfold_4,G+E+normalized-GxE-mixture,W067,ME2,-0.28198065238220005,-0.07859578618292345,-0.2033848661992766
CV-G,gfold_4,G+E+normalized-GxE-mixture,W067,ME3,-0.6099346445072371,-0.38578494741253644,-0.22414969709470067
CV-G,gfold_4,G+E+normalized-GxE-mixture,W067,ME4,-2.8990973795108976,-0.8971585284795563,-2.0019388510313414
CV-G,gfold_4,G+E+normalized-GxE-mixture,W070,ME1,0.38118361322811606,-0.04479792273471653,0.4259815359628326
CV-G,gfold_4,G+E+normalized-GxE-mixture,W070,ME2,-0.45527253375219584,0.03487111159182299,-0.49014364534401883
CV-G,gfold_4,G+E+normalized-GxE-mixture,W070,ME3,-0.5903218051367416,-0.03539362795630271,-0.5549281771804389
CV-G,gfold_4,G+E+normalized-GxE-mixture,W070,ME4,0.23840300652789242,0.4995425817026373,-0.2611395751747449
CV-G,gfold_4,G+E+normalized-GxE-mixture,W073,ME1,0.33457503967041147,0.513610921090969,-0.17903588142055749
CV-G,gfold_4,G+E+normalized-GxE-mixture,W073,ME2,-0.2542863541981711,-0.676674808496371,0.4223884542981999
CV-G,gfold_4,G+E+normalized-GxE-mixture,W073,ME3,-0.9465288085529907,-0.6655642500274627,-0.28096455852552804
CV-G,gfold_4,G+E+normalized-GxE-mixture,W073,ME4,-1.0614357763369846,-0.3612323102219259,-0.7002034661150587
CV-G,gfold_4,G+E+normalized-GxE-mixture,W079,ME1,-0.13540356645714433,0.3207889423029923,-0.4561925087601366
CV-G,gfold_4,G+E+normalized-GxE-mixture,W079,ME2,0.17594988418087532,0.030883653299047645,0.14506623088182768
CV-G,gfold_4,G+E+normalized-GxE-mixture,W079,ME3,1.155178666194431,-0.4598606315671973,1.6150392977616284
CV-G,gfold_4,G+E+normalized-GxE-mixture,W079,ME4,-0.9842476956420256,-0.345513730660903,-0.6387339649811226
CV-G,gfold_4,G+E+normalized-GxE-mixture,W080,ME1,-0.40858860776757955,0.029903874439699534,-0.4384924822072791
CV-G,gfold_4,G+E+normalized-GxE-mixture,W080,ME2,-0.7041984547925146,-0.7455211580013658,0.04132270320885112
CV-G,gfold_4,G+E+normalized-GxE-mixture,W080,ME3,-0.712061621608296,-0.43099266212654835,-0.28106895948174765
CV-G,gfold_4,G+E+normalized-GxE-mixture,W080,ME4,-1.2064269621593235,-0.5481672571611892,-0.6582597049981344
CV-G,gfold_4,G+E+normalized-GxE-mixture,W087,ME1,0.8599333942152956,-0.9495900774767757,1.8095234716920712
CV-G,gfold_4,G+E+normalized-GxE-mixture,W087,ME2,-0.27144973095207503,1.1264904402684905,-1.3979401712205655
CV-G,gfold_4,G+E+normalized-GxE-mixture,W087,ME3,-0.05258200940753501,1.3360524107541503,-1.3886344201616854
CV-G,gfold_4,G+E+normalized-GxE-mixture,W087,ME4,0.1424056411874335,1.3026697721346605,-1.160264130947227
CV-G,gfold_4,G+E+normalized-GxE-mixture,W088,ME1,1.4928506218995488,0.3216715736262816,1.1711790482732671
CV-G,gfold_4,G+E+normalized-GxE-mixture,W088,ME2,-0.19478411664646908,0.051006553797330975,-0.24579067044380004
CV-G,gfold_4,G+E+normalized-GxE-mixture,W088,ME3,0.020598714238448546,0.5340987199008145,-0.513500005662366
CV-G,gfold_4,G+E+normalized-GxE-mixture,W088,ME4,0.6437269638991793,0.2939499581922627,0.34977700570691656
CV-G,gfold_4,G+E+normalized-GxE-mixture,W089,ME1,-0.7229582649230821,-0.9327872987682991,0.209829033845217
CV-G,gfold_4,G+E+normalized-GxE-mixture,W089,ME2,-2.8246349253490743,-1.9854440477669995,-0.8391908775820749
CV-G,gfold_4,G+E+normalized-GxE-mixture,W089,ME3,-1.316520546617237,-1.6973550206981494,0.3808344740809124
CV-G,gfold_4,G+E+normalized-GxE-mixture,W089,ME4,-1.4280240927235608,-0.9017234976485108,-0.52630059507505
CV-G,gfold_4,G+E+normalized-GxE-mixture,W090,ME1,-0.6055287660363904,0.40098745466113384,-1.0065162206975242
CV-G,gfold_4,G+E+normalized-GxE-mixture,W090,ME2,-0.32331958193843435,-0.1414367992039931,-0.18188278273444125
CV-G,gfold_4,G+E+normalized-GxE-mixture,W090,ME3,0.9570484452152278,-0.0834186504280499,1.0404670956432778
CV-G,gfold_4,G+E+normalized-GxE-mixture,W090,ME4,-1.1133560099883029,-0.3386505727218185,-0.7747054372664843
CV-G,gfold_4,G+E+normalized-GxE-mixture,W094,ME1,1.2993228334229248,0.553809468112879,0.7455133653100458
CV-G,gfold_4,G+E+normalized-GxE-mixture,W094,ME2,0.12579510513415798,0.4989000919967333,-0.3731049868625753
CV-G,gfold_4,G+E+normalized-GxE-mixture,W094,ME3,0.04509364713010937,0.8178161450314352,-0.7727224979013259
CV-G,gfold_4,G+E+normalized-GxE-mixture,W094,ME4,0.13394893646392358,0.8342914838580929,-0.7003425473941693
CV-G,gfold_4,G+E+normalized-GxE-mixture,W097,ME1,0.41013581993747006,0.5759811420824444,-0.16584532214497438
CV-G,gfold_4,G+E+normalized-GxE-mixture,W097,ME2,-0.3978334454710586,-1.200877304411748,0.8030438589406894
CV-G,gfold_4,G+E+normalized-GxE-mixture,W097,ME3,-0.6868571803156359,-1.0290072925000218,0.34215011218438585
CV-G,gfold_4,G+E+normalized-GxE-mixture,W097,ME4,-0.4001136002564273,-0.6800910148418281,0.2799774145854008
CV-G,gfold_4,G+E+normalized-GxE-mixture,W099,ME1,0.5299678226157947,-0.23427311480329727,0.7642409374190919
CV-G,gfold_4,G+E+normalized-GxE-mixture,W099,ME2,-0.1884870812961242,0.2521810677423291,-0.4406681490384533
CV-G,gfold_4,G+E+normalized-GxE-mixture,W099,ME3,-0.6989357161897987,0.5465932380264323,-1.245528954216231
CV-G,gfold_4,G+E+normalized-GxE-mixture,W099,ME4,-1.2921189477902029,0.026270988326409696,-1.3183899361166125
CV-G,gfold_4,G+E+normalized-GxE-mixture,W105,ME1,0.6205218553587818,-0.3679698329433266,0.9884916883021084
CV-G,gfold_4,G+E+normalized-GxE-mixture,W105,ME2,-0.0716596716806794,-0.4375199979742996,0.3658603262936202
CV-G,gfold_4,G+E+normalized-GxE-mixture,W105,ME3,0.46307011407626053,-0.3682333140469766,0.8313034281232372
CV-G,gfold_4,G+E+normalized-GxE-mixture,W105,ME4,0.5019375258186719,-0.30663599579596085,0.8085735216146328
CV-G,gfold_4,G+E+normalized-GxE-mixture,W112,ME1,0.7907575731775291,-0.18162794824934322,0.9723855214268724
CV-G,gfold_4,G+E+normalized-GxE-mixture,W112,ME2,-0.26957644204383174,-0.531768038028909,0.2621915959850773
CV-G,gfold_4,G+E+normalized-GxE-mixture,W112,ME3,-0.14410859313651292,-0.6409228947901602,0.49681430165364726
CV-G,gfold_4,G+E+normalized-GxE-mixture,W112,ME4,-0.00245967740181196,-0.78651597170881,0.7840562943069981
CV-G,gfold_4,G+E+normalized-GxE-mixture,W125,ME1,1.0141497053962651,0.5547033520687636,0.4594463533275015
CV-G,gfold_4,G+E+normalized-GxE-mixture,W125,ME2,0.43950138179872955,-0.31493702821759073,0.7544384100163203
CV-G,gfold_4,G+E+normalized-GxE-mixture,W125,ME3,-0.34899603698238185,-0.3901915267409327,0.04119548975855086
CV-G,gfold_4,G+E+normalized-GxE-mixture,W125,ME4,0.4416313877624592,0.4283946582223994,0.013236729540059777
CV-G,gfold_4,G+E+normalized-GxE-mixture,W143,ME1,-0.7254747858438096,-0.20492667349863053,-0.5205481123451792
CV-G,gfold_4,G+E+normalized-GxE-mixture,W143,ME2,-2.721002810915005,-0.04697563902887013,-2.674027171886135
CV-G,gfold_4,G+E+normalized-GxE-mixture,W143,ME3,-2.1099029764495496,0.43182169062231407,-2.541724667071864
CV-G,gfold_4,G+E+normalized-GxE-mixture,W143,ME4,-1.9721402746873031,0.6634857101307813,-2.6356259848180845
CV-G,gfold_4,G+E+normalized-GxE-mixture,W150,ME1,0.03753598613727311,-0.49497333114935066,0.5325093172866238
CV-G,gfold_4,G+E+normalized-GxE-mixture,W150,ME2,-2.2598003474412476,-1.0428013316892761,-1.2169990157519714
CV-G,gfold_4,G+E+normalized-GxE-mixture,W150,ME3,-1.2722860764263308,-0.6386667467753686,-0.6336193296509622
CV-G,gfold_4,G+E+normalized-GxE-mixture,W150,ME4,-0.6872482257523514,-0.15380003866004816,-0.5334481870923033
CV-G,gfold_4,G+E+normalized-GxE-mixture,W153,ME1,1.725315259961947,0.40116090220412426,1.3241543577578228
CV-G,gfold_4,G+E+normalized-GxE-mixture,W153,ME2,-0.3121494639551593,0.36012776593501605,-0.6722772298901754
CV-G,gfold_4,G+E+normalized-GxE-mixture,W153,ME3,-0.9093640827863332,0.5099101902688092,-1.4192742730551424
CV-G,gfold_4,G+E+normalized-GxE-mixture,W153,ME4,-0.08753806027135781,0.20710705284036296,-0.29464511311172076
CV-G,gfold_4,G+E+normalized-GxE-mixture,W158,ME1,-0.43877871473567476,0.4247661465840962,-0.8635448613197709
CV-G,gfold_4,G+E+normalized-GxE-mixture,W158,ME2,-0.9264806383203201,0.19734949401860105,-1.1238301323389213
CV-G,gfold_4,G+E+normalized-GxE-mixture,W158,ME3,-0.6064124420879877,0.333853027799862,-0.9402654698878496
CV-G,gfold_4,G+E+normalized-GxE-mixture,W158,ME4,-0.09425622383775488,-0.305571772099967,0.2113155482622121
CV-G,gfold_4,G+E+normalized-GxE-mixture,W159,ME1,-0.45084824225839343,0.043414502109169445,-0.4942627443675629
CV-G,gfold_4,G+E+normalized-GxE-mixture,W159,ME2,-2.3468196801721457,-0.8086651803169074,-1.5381544998552383
CV-G,gfold_4,G+E+normalized-GxE-mixture,W159,ME3,-1.3606874445794765,-0.6611748856630618,-0.6995125589164147
CV-G,gfold_4,G+E+normalized-GxE-mixture,W159,ME4,-1.7754727229777658,-0.5093368802772973,-1.2661358427004685
CV-G,gfold_4,G+E+normalized-GxE-mixture,W160,ME1,0.17598535718060326,0.3356872456514429,-0.15970188847083966
CV-G,gfold_4,G+E+normalized-GxE-mixture,W160,ME2,-2.017728385480751,-0.22699626258579272,-1.7907321228949582
CV-G,gfold_4,G+E+normalized-GxE-mixture,W160,ME3,-1.211749806069595,-0.10051091777086546,-1.1112388882987296
CV-G,gfold_4,G+E+normalized-GxE-mixture,W160,ME4,-0.46173347755805894,0.35345027067256746,-0.8151837482306263
CV-G,gfold_4,G+E+normalized-GxE-mixture,W164,ME1,0.2006456333876131,0.3116565633906358,-0.1110109300030227
CV-G,gfold_4,G+E+normalized-GxE-mixture,W164,ME2,-0.9798250714540458,-0.0072543674735994655,-0.9725707039804464
CV-G,gfold_4,G+E+normalized-GxE-mixture,W164,ME3,-0.7725303197363654,-0.16288413765505871,-0.6096461820813067
CV-G,gfold_4,G+E+normalized-GxE-mixture,W164,ME4,-0.9345694720801964,-0.37572479609369613,-0.5588446759865002
CV-G,gfold_4,G+E+normalized-GxE-mixture,W165,ME1,-0.14388155441338457,0.24278411605978303,-0.3866656704731676
CV-G,gfold_4,G+E+normalized-GxE-mixture,W165,ME2,-2.1210187512626404,0.20423033457846132,-2.3252490858411017
CV-G,gfold_4,G+E+normalized-GxE-mixture,W165,ME3,-0.35684286203629667,0.30598745641600195,-0.6628303184522986
CV-G,gfold_4,G+E+normalized-GxE-mixture,W165,ME4,-2.676469710975702,0.4498050084332044,-3.126274719408906
CV-G,gfold_4,G+E+normalized-GxE-mixture,W167,ME1,0.3232629116481066,-0.26342406315687067,0.5866869748049772
CV-G,gfold_4,G+E+normalized-GxE-mixture,W167,ME2,-0.5789285877324871,-0.8342978135249295,0.25536922579244237
CV-G,gfold_4,G+E+normalized-GxE-mixture,W167,ME3,-0.6482480981612279,-0.4427503156985579,-0.20549778246266998
CV-G,gfold_4,G+E+normalized-GxE-mixture,W167,ME4,-0.4132195259023508,-0.08028937784954732,-0.33293014805280347
CV-G,gfold_4,G+E+normalized-GxE-mixture,W184,ME1,0.6420385164350464,0.37017031925036487,0.2718681971846815
CV-G,gfold_4,G+E+normalized-GxE-mixture,W184,ME2,-0.6595875983255989,0.10427421460697237,-0.7638618129325713
CV-G,gfold_4,G+E+normalized-GxE-mixture,W184,ME3,0.5654335939776535,0.1631814733003592,0.40225212067729427
CV-G,gfold_4,G+E+normalized-GxE-mixture,W184,ME4,-0.04531747027035415,0.25722774670561493,-0.3025452169759691
CV-G,gfold_4,G+E+normalized-GxE-mixture,W187,ME1,1.4995124798709274,0.2298472806792626,1.2696651991916648
CV-G,gfold_4,G+E+normalized-GxE-mixture,W187,ME2,0.3381222769975478,0.1823809670231495,0.15574130997439833
CV-G,gfold_4,G+E+normalized-GxE-mixture,W187,ME3,-0.6477075203318948,-0.3923377720376345,-0.25536974829426035
CV-G,gfold_4,G+E+normalized-GxE-mixture,W187,ME4,-1.294290157561076,-0.0508001700646149,-1.243489987496461
CV-G,gfold_4,G+E+normalized-GxE-mixture,W202,ME1,0.10798228375637937,0.28696683320038197,-0.1789845494440026
CV-G,gfold_4,G+E+normalized-GxE-mixture,W202,ME2,1.6505826609780379,-0.057616387855274065,1.7081990488333119
CV-G,gfold_4,G+E+normalized-GxE-mixture,W202,ME3,1.6463443033151486,0.19041379071575754,1.455930512599391
CV-G,gfold_4,G+E+normalized-GxE-mixture,W202,ME4,0.23480005698057385,0.2427898104906427,-0.007989753510068837
CV-G,gfold_4,G+E+normalized-GxE-mixture,W205,ME1,-1.688113262708076,-0.6721542424026521,-1.0159590203054238
CV-G,gfold_4,G+E+normalized-GxE-mixture,W205,ME2,-1.3984988137676844,-1.1345900884840756,-0.26390872528360876
CV-G,gfold_4,G+E+normalized-GxE-mixture,W205,ME3,-1.1770768062350196,-0.9584397244917195,-0.2186370817433001
CV-G,gfold_4,G+E+normalized-GxE-mixture,W205,ME4,-0.902315993599832,-0.6032779826402447,-0.29903801095958726
CV-G,gfold_4,G+E+normalized-GxE-mixture,W207,ME1,-0.6828323795624641,0.43962920752480356,-1.1224615870872676
CV-G,gfold_4,G+E+normalized-GxE-mixture,W207,ME2,-0.6054837237425847,-0.2785608980812842,-0.32692282566130054
CV-G,gfold_4,G+E+normalized-GxE-mixture,W207,ME3,-0.13213986213393236,-0.022837096788483353,-0.10930276534544901
CV-G,gfold_4,G+E+normalized-GxE-mixture,W207,ME4,-0.9421057726617056,-0.45200610237978855,-0.49009967028191703
CV-G,gfold_4,G+E+normalized-GxE-mixture,W208,ME1,0.15941215305865145,0.28950368645660873,-0.1300915333979573
CV-G,gfold_4,G+E+normalized-GxE-mixture,W208,ME2,-1.6664867151851284,0.3058286131357647,-1.9723153283208932
CV-G,gfold_4,G+E+normalized-GxE-mixture,W208,ME3,-0.6866544636296353,0.30405849854628697,-0.9907129621759223
CV-G,gfold_4,G+E+normalized-GxE-mixture,W208,ME4,-0.20606566033566145,0.20729643299144263,-0.41336209332710405
CV-G,gfold_4,G+E+normalized-GxE-mixture,W211,ME1,-0.1524898476600194,-0.06323399765303539,-0.08925585000698402
CV-G,gfold_4,G+E+normalized-GxE-mixture,W211,ME2,1.6467348243016455,0.5624850589391909,1.0842497653624545
CV-G,gfold_4,G+E+normalized-GxE-mixture,W211,ME3,1.7548568560252062,0.5240318280637809,1.2308250279614255
CV-G,gfold_4,G+E+normalized-GxE-mixture,W211,ME4,-0.0867513900645187,0.5616447107479137,-0.6483961008124324
CV-G,gfold_4,G+E+normalized-GxE-mixture,W218,ME1,0.6100892880466359,0.23321780228058564,0.37687148576605023
CV-G,gfold_4,G+E+normalized-GxE-mixture,W218,ME2,0.298517405417187,0.23303084768956375,0.06548655772762327
CV-G,gfold_4,G+E+normalized-GxE-mixture,W218,ME3,0.2319984316220647,-0.28487073997065826,0.5168691715927229
CV-G,gfold_4,G+E+normalized-GxE-mixture,W218,ME4,0.5117709034041489,-0.21026720694996925,0.7220381103541181
CV-G,gfold_4,G+E+normalized-GxE-mixture,W223,ME1,0.07968974757964321,-0.00034593170805410824,0.08003567928769732
CV-G,gfold_4,G+E+normalized-GxE-mixture,W223,ME2,-0.08191213124606374,-0.07381787928804479,-0.008094251958018953
CV-G,gfold_4,G+E+normalized-GxE-mixture,W223,ME3,0.16245816179549796,-0.4298064592991343,0.5922646210946323
CV-G,gfold_4,G+E+normalized-GxE-mixture,W223,ME4,-0.12370915638177525,-0.3110037386399999,0.18729458225822465
CV-G,gfold_4,G+E+normalized-GxE-mixture,W236,ME1,1.404014990173629,0.3741776851399451,1.0298373050336838
CV-G,gfold_4,G+E+normalized-GxE-mixture,W236,ME2,2.2013865581102707,0.12721825420502425,2.0741683039052465
CV-G,gfold_4,G+E+normalized-GxE-mixture,W236,ME3,-0.05764992655753401,0.1460208739955559,-0.20367080055308992
CV-G,gfold_4,G+E+normalized-GxE-mixture,W236,ME4,1.606949565258014,0.3212190826525256,1.2857304826054883
CV-G,gfold_4,G+E+normalized-GxE-mixture,W240,ME1,1.3316222572792678,0.5112949843935216,0.8203272728857461
CV-G,gfold_4,G+E+normalized-GxE-mixture,W240,ME2,1.831165180261196,-0.35705861119751087,2.188223791458707
CV-G,gfold_4,G+E+normalized-GxE-mixture,W240,ME3,0.24719373654347795,-0.08561474409737212,0.33280848064085006
CV-G,gfold_4,G+E+normalized-GxE-mixture,W240,ME4,1.6399897139452146,0.299788129122936,1.3402015848222786
CV-G,gfold_4,G+E+normalized-GxE-mixture,W241,ME1,1.4679623114343485,0.42593777292396373,1.0420245385103848
CV-G,gfold_4,G+E+normalized-GxE-mixture,W241,ME2,2.3226883435977705,0.0018333790205336317,2.320854964577237
CV-G,gfold_4,G+E+normalized-GxE-mixture,W241,ME3,0.6970896350060393,0.07917497307514568,0.6179146619308936
CV-G,gfold_4,G+E+normalized-GxE-mixture,W241,ME4,0.999640165578963,0.3388330837107768,0.6608070818681862
CV-G,gfold_4,G+E+normalized-GxE-mixture,W245,ME1,0.8245799401153493,0.15352964684381923,0.6710502932715301
CV-G,gfold_4,G+E+normalized-GxE-mixture,W245,ME2,1.390265118198401,0.04537841434532256,1.3448867038530783
CV-G,gfold_4,G+E+normalized-GxE-mixture,W245,ME3,0.6879504910788741,0.05113422594052908,0.636816265138345
CV-G,gfold_4,G+E+normalized-GxE-mixture,W245,ME4,0.3026503623203639,-0.3285912530480611,0.631241615368425
CV-G,gfold_4,G+E+normalized-GxE-mixture,W246,ME1,1.3000069361974917,0.30438735957701235,0.9956195766204794
CV-G,gfold_4,G+E+normalized-GxE-mixture,W246,ME2,0.5598158934021549,0.2259357190036609,0.33388017439849393
CV-G,gfold_4,G+E+normalized-GxE-mixture,W246,ME3,0.9199935243201531,0.14664816154343857,0.7733453627767146
CV-G,gfold_4,G+E+normalized-GxE-mixture,W246,ME4,0.80577315980577,0.32123445397910033,0.4845387058266697
CV-G,gfold_4,G+E+normalized-GxE-mixture,W248,ME1,-0.6659415562951781,0.24560870204590535,-0.9115502583410835
CV-G,gfold_4,G+E+normalized-GxE-mixture,W248,ME2,0.5778209844290203,0.3459231318955684,0.2318978525334519
CV-G,gfold_4,G+E+normalized-GxE-mixture,W248,ME3,0.5500524654274072,0.11722118438581722,0.43283128104158997
CV-G,gfold_4,G+E+normalized-GxE-mixture,W248,ME4,-0.12229315000946639,-0.5344814600916995,0.4121883100822331
CV-G,gfold_4,G+E+normalized-GxE-mixture,W253,ME1,1.4390019606443423,0.3047052956933677,1.1342966649509747
CV-G,gfold_4,G+E+normalized-GxE-mixture,W253,ME2,2.4397752290417216,0.47906597031091686,1.9607092587308048
CV-G,gfold_4,G+E+normalized-GxE-mixture,W253,ME3,0.016831562490282094,0.3284148529470091,-0.311583290456727
CV-G,gfold_4,G+E+normalized-GxE-mixture,W253,ME4,1.5219891829194936,0.21067803381179986,1.3113111491076936
CV-G,gfold_4,G+E+normalized-GxE-mixture,W258,ME1,0.46397633711202585,0.22091683478539267,0.24305950232663318
CV-G,gfold_4,G+E+normalized-GxE-mixture,W258,ME2,-0.7187860592975854,-0.4898396803290916,-0.22894637896849385
CV-G,gfold_4,G+E+normalized-GxE-mixture,W258,ME3,-1.4529404297666215,-0.6228379888902128,-0.8301024408764087
CV-G,gfold_4,G+E+normalized-GxE-mixture,W258,ME4,-0.8104879803556154,0.46181606723813795,-1.2723040475937535
CV-G,gfold_4,G+E+normalized-GxE-mixture,W264,ME1,0.556664118985209,-0.30361833990756876,0.8602824588927778
CV-G,gfold_4,G+E+normalized-GxE-mixture,W264,ME2,0.045212038685974426,-0.11140987968348381,0.15662191836945824
CV-G,gfold_4,G+E+normalized-GxE-mixture,W264,ME3,-1.4951815192118618,-0.36504975913759524,-1.1301317600742666
CV-G,gfold_4,G+E+normalized-GxE-mixture,W264,ME4,-0.5063140781795771,-0.07689567533868133,-0.4294184028408957
CV-G,gfold_4,G+E+normalized-GxE-mixture,W267,ME1,0.5231512271120737,0.3107704815396185,0.21238074557245523
CV-G,gfold_4,G+E+normalized-GxE-mixture,W267,ME2,0.3420903585700772,0.2527074710689341,0.0893828875011431
CV-G,gfold_4,G+E+normalized-GxE-mixture,W267,ME3,0.7941824810714333,0.2855224534536968,0.5086600276177364
CV-G,gfold_4,G+E+normalized-GxE-mixture,W267,ME4,0.2971830043828389,0.39152234898980764,-0.09433934460696874
CV-G,gfold_4,G+E+normalized-GxE-mixture,W268,ME1,1.1476311872433334,0.33814406641270567,0.8094871208306277
CV-G,gfold_4,G+E+normalized-GxE-mixture,W268,ME2,1.7299063203561518,-0.11049015598139116,1.8403964763375429
CV-G,gfold_4,G+E+normalized-GxE-mixture,W268,ME3,-0.31718641033755546,0.024959117123495935,-0.34214552746105137
CV-G,gfold_4,G+E+normalized-GxE-mixture,W268,ME4,1.1852943343927658,0.3862674314270353,0.7990269029657304
CV-G,gfold_4,G+E+normalized-GxE-mixture,W272,ME1,-0.45474925688955536,-0.4578860829610094,0.0031368260714540463
CV-G,gfold_4,G+E+normalized-GxE-mixture,W272,ME2,-0.06924844507918962,-0.5988740520644917,0.5296256069853021
CV-G,gfold_4,G+E+normalized-GxE-mixture,W272,ME3,-0.03768233298653844,-0.5905141919542112,0.5528318589676727
CV-G,gfold_4,G+E+normalized-GxE-mixture,W272,ME4,1.5786294378118395,-0.4882195857925243,2.0668490236043637
CV-G,gfold_4,G+E+normalized-GxE-mixture,W273,ME1,-0.7698518813035222,-0.0745674114016512,-0.695284469901871
CV-G,gfold_4,G+E+normalized-GxE-mixture,W273,ME2,-1.5513047620431406,-0.14747769294686053,-1.40382706909628
CV-G,gfold_4,G+E+normalized-GxE-mixture,W273,ME3,-0.5423624158405863,-0.02629390459949028,-0.516068511241096
CV-G,gfold_4,G+E+normalized-GxE-mixture,W273,ME4,-1.4516241989287055,0.17906163624651136,-1.630685835175217
CV-G,gfold_4,G+E+normalized-GxE-mixture,W276,ME1,-0.001987237255272065,-0.5288742388613613,0.5268870016060893
CV-G,gfold_4,G+E+normalized-GxE-mixture,W276,ME2,-1.794326025815247,0.3361440066936748,-2.1304700325089216
CV-G,gfold_4,G+E+normalized-GxE-mixture,W276,ME3,-0.6416091266947295,-0.16238197745031682,-0.4792271492444127
CV-G,gfold_4,G+E+normalized-GxE-mixture,W276,ME4,-0.6020203755435065,0.1790030623598034,-0.7810234379033099
CV-G,gfold_4,G+E+normalized-GxE-mixture,W277,ME1,-0.5857956586223904,0.3076184040708482,-0.8934140626932385
CV-G,gfold_4,G+E+normalized-GxE-mixture,W277,ME2,-1.1958102196315052,-0.7511025677649247,-0.44470765186658057
CV-G,gfold_4,G+E+normalized-GxE-mixture,W277,ME3,-1.162278488157023,-0.004811197628873855,-1.1574672905281491
CV-G,gfold_4,G+E+normalized-GxE-mixture,W277,ME4,-0.21065194764152748,-0.633722922782332,0.4230709751408045
CV-G,gfold_4,G+E+normalized-GxE-mixture,W280,ME1,-0.1259401447422998,-0.01439095009558225,-0.11154919464671756
CV-G,gfold_4,G+E+normalized-GxE-mixture,W280,ME2,-0.26238073431182996,-0.09770018338555003,-0.16468055092627992
CV-G,gfold_4,G+E+normalized-GxE-mixture,W280,ME3,0.5939068418320628,-0.10923257020295557,0.7031394120350183
CV-G,gfold_4,G+E+normalized-GxE-mixture,W280,ME4,-1.5487937028773537,-0.4871336579375028,-1.061660044939851
CV-G,gfold_4,G+E+normalized-GxE-mixture,W291,ME1,0.9183020202310339,-0.13134302203190967,1.0496450422629435
CV-G,gfold_4,G+E+normalized-GxE-mixture,W291,ME2,-1.7677455750901723,-0.30927868564919303,-1.4584668894409791
CV-G,gfold_4,G+E+normalized-GxE-mixture,W291,ME3,-0.8569956055696786,0.01949721549716622,-0.8764928210668448
CV-G,gfold_4,G+E+normalized-GxE-mixture,W291,ME4,-0.5587535141674078,-0.29618516440960163,-0.2625683497578062
CV-G,gfold_4,G+E+normalized-GxE-mixture,W292,ME1,1.0085221456673867,-0.11066867498134389,1.1191908206487307
CV-G,gfold_4,G+E+normalized-GxE-mixture,W292,ME2,-0.2828350240126491,-0.05863145422869173,-0.22420356978395736
CV-G,gfold_4,G+E+normalized-GxE-mixture,W292,ME3,-0.610846869594237,0.01689913116562267,-0.6277460007598596
CV-G,gfold_4,G+E+normalized-GxE-mixture,W292,ME4,0.08500231619445406,0.1636894529156679,-0.07868713672121383
CV-G,gfold_4,G+E+normalized-GxE-mixture,W295,ME1,0.1308834385430769,0.31682738565099133,-0.18594394710791443
CV-G,gfold_4,G+E+normalized-GxE-mixture,W295,ME2,0.7316585073397596,-0.07795469587839761,0.8096132032181572
CV-G,gfold_4,G+E+normalized-GxE-mixture,W295,ME3,0.9363037710145666,-0.11208059064338506,1.0483843616579518
CV-G,gfold_4,G+E+normalized-GxE-mixture,W295,ME4,-1.4162240396209889,-0.6331207797055602,-0.7831032599154286
CV-G,gfold_4,G+E+normalized-GxE-mixture,W296,ME1,0.06292922960275023,0.15174473373420827,-0.08881550413145804
CV-G,gfold_4,G+E+normalized-GxE-mixture,W296,ME2,-0.5341785003332004,-0.04180135749883605,-0.4923771428343643
CV-G,gfold_4,G+E+normalized-GxE-mixture,W296,ME3,-0.25608422256573676,0.1567962760245292,-0.412880498590266
CV-G,gfold_4,G+E+normalized-GxE-mixture,W296,ME4,-0.05135123075680209,-0.2412808741455022,0.1899296433887001
CV-G,gfold_4,G+E+normalized-GxE-mixture,W305,ME1,-1.474013526510542,0.18573296684507146,-1.6597464933556134
CV-G,gfold_4,G+E+normalized-GxE-mixture,W305,ME2,-0.9100577169794701,-0.1291938942153149,-0.7808638227641552
CV-G,gfold_4,G+E+normalized-GxE-mixture,W305,ME3,-0.8350346312530166,0.04039662704236636,-0.8754312582953829
CV-G,gfold_4,G+E+normalized-GxE-mixture,W305,ME4,1.0720138246080724,-0.19636304934597487,1.2683768739540473
CV-G,gfold_4,G+E+normalized-GxE-mixture,W309,ME1,1.1562231923286694,0.7554554707316928,0.4007677215969766
CV-G,gfold_4,G+E+normalized-GxE-mixture,W309,ME2,0.47954926089117506,-0.11465034958571373,0.5941996104768887
CV-G,gfold_4,G+E+normalized-GxE-mixture,W309,ME3,0.20164160789357255,-0.6084964648382627,0.8101380727318352
CV-G,gfold_4,G+E+normalized-GxE-mixture,W309,ME4,-3.5756337573917047,-0.6426406722408262,-2.9329930851508785
CV-G,gfold_4,G+E+normalized-GxE-mixture,W313,ME1,0.10518072001291338,0.15246529569352824,-0.04728457568061485
CV-G,gfold_4,G+E+normalized-GxE-mixture,W313,ME2,-0.20317594466109895,-0.49263979016636245,0.2894638455052635
CV-G,gfold_4,G+E+normalized-GxE-mixture,W313,ME3,-0.4575930549782728,-0.4829796296548792,0.025386574676606377
CV-G,gfold_4,G+E+normalized-GxE-mixture,W313,ME4,0.21611663956816807,-0.26012364558880213,0.4762402851569702
CV-G,gfold_4,G+E+normalized-GxE-mixture,W318,ME1,0.09478072902336472,0.5880972844805895,-0.4933165554572248
CV-G,gfold_4,G+E+normalized-GxE-mixture,W318,ME2,0.25946312888756146,-0.6295828727048844,0.889046001592446
CV-G,gfold_4,G+E+normalized-GxE-mixture,W318,ME3,0.08440379115693365,-0.5936153108093106,0.6780191019662443
CV-G,gfold_4,G+E+normalized-GxE-mixture,W318,ME4,-1.6941782238031122,-0.3504935443319062,-1.343684679471206
CV-G,gfold_4,G+E+normalized-GxE-mixture,W326,ME1,-0.39023184998336463,0.3768519520350425,-0.7670838020184072
CV-G,gfold_4,G+E+normalized-GxE-mixture,W326,ME2,-0.20335314766593282,-0.4243460182056387,0.2209928705397059
CV-G,gfold_4,G+E+normalized-GxE-mixture,W326,ME3,0.26059837740522446,-0.2208134851582506,0.48141186256347507
CV-G,gfold_4,G+E+normalized-GxE-mixture,W326,ME4,-0.8870703249913088,-0.5752024703671933,-0.3118678546241155
CV-G,gfold_4,G+E+normalized-GxE-mixture,W327,ME1,0.2115098369741906,0.08593668339636806,0.12557315357782253
CV-G,gfold_4,G+E+normalized-GxE-mixture,W327,ME2,0.8295694961891933,-0.681947956530837,1.5115174527200304
CV-G,gfold_4,G+E+normalized-GxE-mixture,W327,ME3,1.1601874576443458,-0.46886101935362734,1.6290484769979732
CV-G,gfold_4,G+E+normalized-GxE-mixture,W327,ME4,-0.33822625508446974,-0.7610982542963671,0.4228719992118974
CV-G,gfold_4,G+E+normalized-GxE-mixture,W329,ME1,-1.657556672110748,-0.24849317413332267,-1.4090634979774252
CV-G,gfold_4,G+E+normalized-GxE-mixture,W329,ME2,-0.2708042057201801,-0.6137507554997701,0.34294654977959
CV-G,gfold_4,G+E+normalized-GxE-mixture,W329,ME3,-0.6632491329252244,-0.3596676001254848,-0.30358153279973954
CV-G,gfold_4,G+E+normalized-GxE-mixture,W329,ME4,-2.213388427018358,-0.7922110011804153,-1.4211774258379428
CV-G,gfold_4,G+E+normalized-GxE-mixture,W336,ME1,-0.3008831411765201,0.6886244776868928,-0.9895076188634129
CV-G,gfold_4,G+E+normalized-GxE-mixture,W336,ME2,0.746284083917295,-0.35445519627523703,1.100739280192532
CV-G,gfold_4,G+E+normalized-GxE-mixture,W336,ME3,0.38925590078652716,-0.7691145136123958,1.1583704143989229
CV-G,gfold_4,G+E+normalized-GxE-mixture,W336,ME4,-1.4660438638200486,-0.15437314359669949,-1.311670720223349
CV-G,gfold_4,G+E+normalized-GxE-mixture,W348,ME1,0.9668733172252935,0.23710350153092175,0.7297698156943717
CV-G,gfold_4,G+E+normalized-GxE-mixture,W348,ME2,0.07469102427583192,-0.2826523341312032,0.3573433584070351
CV-G,gfold_4,G+E+normalized-GxE-mixture,W348,ME3,-0.9414608914029917,-0.5088981081584208,-0.43256278324457087
CV-G,gfold_4,G+E+normalized-GxE-mixture,W348,ME4,-0.07495133696194672,0.32233363595895503,-0.39728497292090176
CV-G,gfold_4,G+E+normalized-GxE-mixture,W350,ME1,-0.3812652171881476,-0.5389384043481081,0.15767318715996054
CV-G,gfold_4,G+E+normalized-GxE-mixture,W350,ME2,-1.5057382750858699,-0.5149656387186142,-0.9907726363672557
CV-G,gfold_4,G+E+normalized-GxE-mixture,W350,ME3,-0.9879167986113145,-0.4305597012953156,-0.5573570973159989
CV-G,gfold_4,G+E+normalized-GxE-mixture,W350,ME4,0.36951732990160646,-0.0661952923678949,0.43571262226950136
CV-G,gfold_4,G+E+normalized-GxE-mixture,W351,ME1,0.9022093168674095,0.19190822472666944,0.71030109214074
CV-G,gfold_4,G+E+normalized-GxE-mixture,W351,ME2,-0.601920677609676,-0.47859607667971243,-0.12332460092996361
CV-G,gfold_4,G+E+normalized-GxE-mixture,W351,ME3,-1.386314212301304,-0.09273116575948641,-1.2935830465418174
CV-G,gfold_4,G+E+normalized-GxE-mixture,W351,ME4,-0.5213866793425955,-0.3328760846912949,-0.1885105946513006
CV-G,gfold_4,G+E+normalized-GxE-mixture,W371,ME1,0.2933089830188497,0.21162982903714933,0.08167915398170039
CV-G,gfold_4,G+E+normalized-GxE-mixture,W371,ME2,-0.6237862626704211,-0.12573481590438265,-0.4980514467660385
CV-G,gfold_4,G+E+normalized-GxE-mixture,W371,ME3,-0.3055555404783089,-0.09815577549619466,-0.20739976498211427
CV-G,gfold_4,G+E+normalized-GxE-mixture,W371,ME4,-0.3424192072869176,-0.15662145628296192,-0.18579775100395568
CV-G,gfold_4,G+E+normalized-GxE-mixture,W380,ME1,-0.7226813661809958,0.7013622609831565,-1.4240436271641523
CV-G,gfold_4,G+E+normalized-GxE-mixture,W380,ME2,-1.3392054226145362,-0.9670543818391412,-0.37215104077539507
CV-G,gfold_4,G+E+normalized-GxE-mixture,W380,ME3,-1.7157288270512268,-1.1706650447029656,-0.5450637823482611
CV-G,gfold_4,G+E+normalized-GxE-mixture,W380,ME4,-0.7243161258985648,-0.7059579966334173,-0.01835812926514746
CV-G,gfold_4,G+E+normalized-GxE-mixture,W382,ME1,-0.05317278413805646,1.288804740447305,-1.3419775245853616
CV-G,gfold_4,G+E+normalized-GxE-mixture,W382,ME2,-1.2624891788789776,0.023954123128353107,-1.2864433020073307
CV-G,gfold_4,G+E+normalized-GxE-mixture,W382,ME3,-1.1322426325146966,-0.021758576635962788,-1.1104840558787339
CV-G,gfold_4,G+E+normalized-GxE-mixture,W382,ME4,-1.4662326646696904,0.6292087286705345,-2.095441393340225
CV-G,gfold_4,G+E+normalized-GxE-mixture,W385,ME1,-0.0389206430012417,-0.09032002833567435,0.05139938533443265
CV-G,gfold_4,G+E+normalized-GxE-mixture,W385,ME2,-1.200873162626758,0.1723640934237054,-1.3732372560504633
CV-G,gfold_4,G+E+normalized-GxE-mixture,W385,ME3,-0.958353948569655,0.011280386765003168,-0.9696343353346581
CV-G,gfold_4,G+E+normalized-GxE-mixture,W385,ME4,-0.47114991993391137,-0.08922790356600106,-0.3819220163679103
CV-G,gfold_4,G+E+normalized-GxE-mixture,W387,ME1,1.2658669501143358,-0.2282726664127621,1.494139616527098
CV-G,gfold_4,G+E+normalized-GxE-mixture,W387,ME2,1.8712447027473609,0.18720196981624918,1.6840427329311116
CV-G,gfold_4,G+E+normalized-GxE-mixture,W387,ME3,0.34203135947712243,-0.5639035434545012,0.9059349029316237
CV-G,gfold_4,G+E+normalized-GxE-mixture,W387,ME4,0.9272665065498537,-0.10483136246711894,1.0320978690169726
CV-G,gfold_4,G+E+normalized-GxE-mixture,W402,ME1,0.05677230463164708,0.49572341522223257,-0.4389511105905855
CV-G,gfold_4,G+E+normalized-GxE-mixture,W402,ME2,-0.8668138551212717,0.23270206097986681,-1.0995159161011385
CV-G,gfold_4,G+E+normalized-GxE-mixture,W402,ME3,-0.3630764001307948,0.36933437374964084,-0.7324107738804356
CV-G,gfold_4,G+E+normalized-GxE-mixture,W402,ME4,-0.3931987691383198,0.178328116830493,-0.5715268859688127
CV-G,gfold_4,G+E+normalized-GxE-mixture,W408,ME1,0.7120938981829689,0.046572110367191256,0.6655217878157776
CV-G,gfold_4,G+E+normalized-GxE-mixture,W408,ME2,0.70710956249153,-0.48265401510028527,1.1897635775918154
CV-G,gfold_4,G+E+normalized-GxE-mixture,W408,ME3,0.37231216444836523,0.29240102169753396,0.07991114275083128
CV-G,gfold_4,G+E+normalized-GxE-mixture,W408,ME4,0.6167913760170415,-0.33571709533673905,0.9525084713537806
CV-G,gfold_4,G+E+normalized-GxE-mixture,W409,ME1,-1.2779936493551367,-1.0111254518124182,-0.2668681975427185
CV-G,gfold_4,G+E+normalized-GxE-mixture,W409,ME2,0.5551643145252666,0.5646777448641725,-0.009513430338905948
CV-G,gfold_4,G+E+normalized-GxE-mixture,W409,ME3,-0.41193112145678373,-0.23207551228218823,-0.1798556091745955
CV-G,gfold_4,G+E+normalized-GxE-mixture,W409,ME4,-1.0401956807523545,-0.5765621121192073,-0.4636335686331472
CV-G,gfold_4,G+E+normalized-GxE-mixture,W439,ME1,0.04300880833381053,0.6998439308785334,-0.6568351225447229
CV-G,gfold_4,G+E+normalized-GxE-mixture,W439,ME2,1.0807357695049118,-0.3233266746174806,1.4040624441223923
CV-G,gfold_4,G+E+normalized-GxE-mixture,W439,ME3,1.289267307454817,-0.3319708722935919,1.621238179748409
CV-G,gfold_4,G+E+normalized-GxE-mixture,W439,ME4,0.47309819603598585,-0.5189284314578777,0.9920266274938636
CV-G,gfold_4,G+E+normalized-GxE-mixture,W448,ME1,1.1745473737902856,0.33502426068779606,0.8395231131024896
CV-G,gfold_4,G+E+normalized-GxE-mixture,W448,ME2,-0.3829294070287847,-0.11261427457039083,-0.2703151324583939
CV-G,gfold_4,G+E+normalized-GxE-mixture,W448,ME3,-1.2615843247112501,-0.15129578394090884,-1.1102885407703413
CV-G,gfold_4,G+E+normalized-GxE-mixture,W448,ME4,0.37681762942106406,-0.25176807850517285,0.6285857079262369
CV-G,gfold_4,G+E+normalized-GxE-mixture,W450,ME1,-0.8801797418637559,0.44783676541713185,-1.3280165072808878
CV-G,gfold_4,G+E+normalized-GxE-mixture,W450,ME2,-0.38176493013987695,-0.4966932608986618,0.11492833075878484
CV-G,gfold_4,G+E+normalized-GxE-mixture,W450,ME3,-0.7210064953780436,-0.4202618689206616,-0.30074462645738204
CV-G,gfold_4,G+E+normalized-GxE-mixture,W450,ME4,1.103480632881599,-0.45964442952714135,1.5631250624087403
CV-G,gfold_4,G+E+normalized-GxE-mixture,W455,ME1,-0.20081682223479125,-0.5302347754955455,0.3294179532607543
CV-G,gfold_4,G+E+normalized-GxE-mixture,W455,ME2,1.2622802479571689,0.9819499480044117,0.28033029995275716
CV-G,gfold_4,G+E+normalized-GxE-mixture,W455,ME3,1.4468541912340296,0.8017137767917669,0.6451404144422627
CV-G,gfold_4,G+E+normalized-GxE-mixture,W455,ME4,1.2356097608221348,0.8736260280346473,0.3619837327874875
CV-G,gfold_4,G+E+normalized-GxE-mixture,W458,ME1,-0.31915845815423916,0.5829076286475391,-0.9020660868017782
CV-G,gfold_4,G+E+normalized-GxE-mixture,W458,ME2,0.7401009647843434,0.12009339860940213,0.6200075661749412
CV-G,gfold_4,G+E+normalized-GxE-mixture,W458,ME3,1.165474984537512,-0.1525974059267793,1.3180723904642915
CV-G,gfold_4,G+E+normalized-GxE-mixture,W458,ME4,0.6077682687446079,0.5120336055251934,0.09573466321941448
CV-G,gfold_4,G+E+normalized-GxE-mixture,W459,ME1,1.47973050797303,0.32150837400323967,1.1582221339697905
CV-G,gfold_4,G+E+normalized-GxE-mixture,W459,ME2,2.7066302969639775,0.3001051531225393,2.406525143841438
CV-G,gfold_4,G+E+normalized-GxE-mixture,W459,ME3,0.6879504910788741,0.30683062148575263,0.38111986959312144
CV-G,gfold_4,G+E+normalized-GxE-mixture,W459,ME4,1.597509522775956,0.41688351338611496,1.180626009389841
CV-G,gfold_4,G+E+normalized-GxE-mixture,W461,ME1,2.082612366221532,-0.04606039535146441,2.128672761572996
CV-G,gfold_4,G+E+normalized-GxE-mixture,W461,ME2,-0.03632665825256279,-0.03948552660174726,0.003158868349184475
CV-G,gfold_4,G+E+normalized-GxE-mixture,W461,ME3,-0.3614631131713788,-0.006765637995825242,-0.35469747517555356
CV-G,gfold_4,G+E+normalized-GxE-mixture,W461,ME4,1.5849227994665442,-0.1393132263581958,1.72423602582474
CV-G,gfold_4,G+E+normalized-GxE-mixture,W470,ME1,-0.3342575836786114,-0.35077932797014955,0.016521744291538132
CV-G,gfold_4,G+E+normalized-GxE-mixture,W470,ME2,0.8158868927445239,0.6414737637204335,0.17441312902409034
CV-G,gfold_4,G+E+normalized-GxE-mixture,W470,ME3,0.5600109226271545,0.4030906563815126,0.15692026624564187
CV-G,gfold_4,G+E+normalized-GxE-mixture,W470,ME4,0.04698254509796639,0.45958091521381816,-0.41259837011585176
CV-G,gfold_4,G+E+normalized-GxE-mixture,W473,ME1,-1.2022944197170344,0.3143332106865419,-1.5166276304035764
CV-G,gfold_4,G+E+normalized-GxE-mixture,W473,ME2,0.669909588833915,0.5908444233688628,0.07906516546505227
CV-G,gfold_4,G+E+normalized-GxE-mixture,W473,ME3,1.2072430683820856,0.5370780140612025,0.6701650543208831
CV-G,gfold_4,G+E+normalized-GxE-mixture,W473,ME4,1.6803852290663543,0.22158999755367786,1.4587952315126764
CV-G,gfold_4,G+E+normalized-GxE-mixture,W477,ME1,-0.4917559593613715,-0.565343708677565,0.0735877493161935
CV-G,gfold_4,G+E+normalized-GxE-mixture,W477,ME2,0.8760599702430972,0.29812144979962985,0.5779385204434674
CV-G,gfold_4,G+E+normalized-GxE-mixture,W477,ME3,0.776503896746521,0.22089955323456253,0.5556043435119584
CV-G,gfold_4,G+E+normalized-GxE-mixture,W477,ME4,-0.9737220482745313,-0.3312333098332329,-0.6424887384412985
CV-G,gfold_4,G+E+normalized-GxE-mixture,W488,ME1,0.394873812800106,0.21262221698321157,0.18225159581689446
CV-G,gfold_4,G+E+normalized-GxE-mixture,W488,ME2,1.9763007698988446,0.6939930990523951,1.2823076708464494
CV-G,gfold_4,G+E+normalized-GxE-mixture,W488,ME3,1.4092417994524535,0.24110573417573672,1.1681360652767168
CV-G,gfold_4,G+E+normalized-GxE-mixture,W488,ME4,0.04403253182232322,0.030188691773639125,0.013843840048684098
CV-G,gfold_4,G+E+normalized-GxE-mixture,W489,ME1,-0.2186930792606787,0.2367319618472975,-0.4554250411079762
CV-G,gfold_4,G+E+normalized-GxE-mixture,W489,ME2,0.9137156087702856,0.27105748718553097,0.6426581215847547
CV-G,gfold_4,G+E+normalized-GxE-mixture,W489,ME3,0.14587762618641906,0.08794205885011146,0.0579355673363076
CV-G,gfold_4,G+E+normalized-GxE-mixture,W489,ME4,-0.3171356268391395,0.1313025035321584,-0.44843813037129787
CV-G,gfold_4,G+E+normalized-GxE-mixture,W499,ME1,1.687876921215702,0.39811064904962395,1.289766272166078
CV-G,gfold_4,G+E+normalized-GxE-mixture,W499,ME2,-0.25607104160399624,-0.20641860895991582,-0.049652432644080424
CV-G,gfold_4,G+E+normalized-GxE-mixture,W499,ME3,-1.3370371645461494,-0.14127422715423085,-1.1957629373919185
CV-G,gfold_4,G+E+normalized-GxE-mixture,W499,ME4,0.02338243889282106,-0.7339202302849662,0.7573026691777873
CV-G,gfold_4,G+E+normalized-GxE-mixture,W502,ME1,0.5774152364804089,-0.14663717265114706,0.724052409131556
CV-G,gfold_4,G+E+normalized-GxE-mixture,W502,ME2,-1.6145915494837932,-0.6835075779636699,-0.9310839715201233
CV-G,gfold_4,G+E+normalized-GxE-mixture,W502,ME3,-1.4144664920695476,-0.5530603995338855,-0.861406092535662
CV-G,gfold_4,G+E+normalized-GxE-mixture,W502,ME4,0.06271594923472902,-0.6755652880892102,0.7382812373239392
CV-G,gfold_4,G+E+normalized-GxE-mixture,W507,ME1,0.20433490192188597,0.44242351869262075,-0.23808861677073478
CV-G,gfold_4,G+E+normalized-GxE-mixture,W507,ME2,1.448488962643801,0.08253752975104195,1.3659514328927589
CV-G,gfold_4,G+E+normalized-GxE-mixture,W507,ME3,1.087184111098613,0.021082775379864877,1.066101335718748
CV-G,gfold_4,G+E+normalized-GxE-mixture,W507,ME4,0.06763263802746716,-0.10308707823836932,0.17071971626583649
CV-G,gfold_4,G+E+normalized-GxE-mixture,W514,ME1,-1.8922527882711393,-0.25280602357789655,-1.6394467646932427
CV-G,gfold_4,G+E+normalized-GxE-mixture,W514,ME2,0.5232361302614574,0.14640159411360695,0.37683453614785045
CV-G,gfold_4,G+E+normalized-GxE-mixture,W514,ME3,0.10787669409001106,0.10909639391055397,-0.0012196998205429022
CV-G,gfold_4,G+E+normalized-GxE-mixture,W514,ME4,1.3638684713450255,-0.44342467619157405,1.8072931475365996
CV-G,gfold_4,G+E+normalized-GxE-mixture,W519,ME1,-2.025921583973149,0.11805357066718268,-2.1439751546403314
CV-G,gfold_4,G+E+normalized-GxE-mixture,W519,ME2,0.7358797360620509,0.31789413498509195,0.417985601076959
CV-G,gfold_4,G+E+normalized-GxE-mixture,W519,ME3,0.5149824787494153,0.42727864075370053,0.08770383799571474
CV-G,gfold_4,G+E+normalized-GxE-mixture,W519,ME4,1.092954985514104,0.12349959711195643,0.9694553884021476
CV-G,gfold_4,G+E+normalized-GxE-mixture,W522,ME1,-1.3571541132693217,-0.7519511046553856,-0.605203008613936
CV-G,gfold_4,G+E+normalized-GxE-mixture,W522,ME2,1.1833806100549058,0.30361828145839737,0.8797623285965084
CV-G,gfold_4,G+E+normalized-GxE-mixture,W522,ME3,2.001098503815065,0.30825487181727584,1.692843631997789
CV-G,gfold_4,G+E+normalized-GxE-mixture,W522,ME4,1.705550808983107,0.42627746246628395,1.2792733465168231
CV-G,gfold_4,G+E+normalized-GxE-mixture,W531,ME1,-0.10364165192367358,0.16789500949632385,-0.27153666141999744
CV-G,gfold_4,G+E+normalized-GxE-mixture,W531,ME2,1.2738174293075992,0.23103322960670344,1.0427841997008958
CV-G,gfold_4,G+E+normalized-GxE-mixture,W531,ME3,0.8378256942615047,-0.30081617909181707,1.1386418733533217
CV-G,gfold_4,G+E+normalized-GxE-mixture,W531,ME4,0.4139091296734829,-0.00832821244197636,0.42223734211545927
CV-G,gfold_4,G+E+normalized-GxE-mixture,W535,ME1,-0.2776480790831897,0.41434620358671115,-0.6919942826699008
CV-G,gfold_4,G+E+normalized-GxE-mixture,W535,ME2,1.44903322901579,0.5135316396563662,0.9355015893594237
CV-G,gfold_4,G+E+normalized-GxE-mixture,W535,ME3,1.0950900618526118,0.4513318842595897,0.6437581775930221
CV-G,gfold_4,G+E+normalized-GxE-mixture,W535,ME4,-0.10936815851111582,0.5681631711081769,-0.6775313296192927
CV-G,gfold_4,G+E+normalized-GxE-mixture,W537,ME1,-0.706295475913985,0.36165597705236047,-1.0679514529663454
CV-G,gfold_4,G+E+normalized-GxE-mixture,W537,ME2,0.8895463846467002,-0.27254413756056783,1.1620905222072682
CV-G,gfold_4,G+E+normalized-GxE-mixture,W537,ME3,1.9229681144192505,-0.12134345649883962,2.04431157091809
CV-G,gfold_4,G+E+normalized-GxE-mixture,W537,ME4,2.506900281880854,0.12796466225384093,2.378935619627013
CV-G,gfold_4,G+E+normalized-GxE-mixture,W542,ME1,-1.4823530650957413,0.45090635123007355,-1.9332594163258148
CV-G,gfold_4,G+E+normalized-GxE-mixture,W542,ME2,1.0681100554105007,-0.1507908309826,1.2189008863931008
CV-G,gfold_4,G+E+normalized-GxE-mixture,W542,ME3,2.4846622652107855,-0.5311282450806929,3.0157905102914784
CV-G,gfold_4,G+E+normalized-GxE-mixture,W542,ME4,1.3017215250048113,-0.12857426789305615,1.4302957928978675
CV-G,gfold_4,G+E+normalized-GxE-mixture,W544,ME1,-0.5626583254968559,-0.8646985214164107,0.3020401959195548
CV-G,gfold_4,G+E+normalized-GxE-mixture,W544,ME2,-0.08958881856261547,0.9239376965312014,-1.0135265150938169
CV-G,gfold_4,G+E+normalized-GxE-mixture,W544,ME3,1.9377495394400805,1.1174504104775629,0.8202991289625177
CV-G,gfold_4,G+E+normalized-GxE-mixture,W544,ME4,2.125097763694028,1.098848008130603,1.026249755563425
CV-G,gfold_4,G+E+normalized-GxE-mixture,W561,ME1,-1.636455359147615,-0.29655203238842975,-1.339903326759185
CV-G,gfold_4,G+E+normalized-GxE-mixture,W561,ME2,0.8531185097958601,0.6467342417732782,0.20638426802258192
CV-G,gfold_4,G+E+normalized-GxE-mixture,W561,ME3,0.9615419984215595,0.591278789471694,0.37026320894986553
CV-G,gfold_4,G+E+normalized-GxE-mixture,W561,ME4,1.1325874305346098,0.6610059247762593,0.47158150575835045
CV-G,gfold_4,G+E+normalized-GxE-mixture,W568,ME1,-1.840798486726918,-0.7487693545500776,-1.0920291321768403
CV-G,gfold_4,G+E+normalized-GxE-mixture,W568,ME2,0.31597190139331927,0.6608130629934665,-0.3448411616001473
CV-G,gfold_4,G+E+normalized-GxE-mixture,W568,ME3,0.8401231500361722,0.92640360454944,-0.08628045451326782
CV-G,gfold_4,G+E+normalized-GxE-mixture,W568,ME4,1.1783244363601795,0.5048476449668564,0.6734767913933231
CV-G,gfold_4,G+E+normalized-GxE-mixture,W570,ME1,-1.4261914849360469,-1.1676853296780683,-0.2585061552579786
CV-G,gfold_4,G+E+normalized-GxE-mixture,W570,ME2,0.30964322264925526,0.3155940222327388,-0.005950799583483546
CV-G,gfold_4,G+E+normalized-GxE-mixture,W570,ME3,0.3911901558321103,0.3315059673226529,0.05968418850945739
CV-G,gfold_4,G+E+normalized-GxE-mixture,W570,ME4,1.0427103594033518,0.644821150457924,0.3978892089454278
CV-G,gfold_4,G+E+normalized-GxE-mixture,W572,ME1,-1.6947506884375068,-1.6076460597760862,-0.08710462866142055
CV-G,gfold_4,G+E+normalized-GxE-mixture,W572,ME2,0.5137431121453592,0.13034161891452925,0.38340149323082995
CV-G,gfold_4,G+E+normalized-GxE-mixture,W572,ME3,0.7292624623799486,0.43907092331871883,0.2901915390612298
CV-G,gfold_4,G+E+normalized-GxE-mixture,W572,ME4,1.7434368461444318,1.2753894911215242,0.4680473550229076
CV-G,gfold_4,G+E+normalized-GxE-mixture,W574,ME1,-0.061316864787662406,-0.09321229536614925,0.031895430578486844
CV-G,gfold_4,G+E+normalized-GxE-mixture,W574,ME2,0.3493177096958004,0.03651394749642754,0.31280376219937284
CV-G,gfold_4,G+E+normalized-GxE-mixture,W574,ME3,1.2219062420027489,0.2786805077024975,0.9432257343002514
CV-G,gfold_4,G+E+normalized-GxE-mixture,W574,ME4,-1.7321979948995998,-0.7751913303503744,-0.9570066645492254
CV-G,gfold_4,G+E+normalized-GxE-mixture,W575,ME1,-1.6457151788462183,-0.8305729317147945,-0.8151422471314238
CV-G,gfold_4,G+E+normalized-GxE-mixture,W575,ME2,0.4306792036295026,0.7024466278085199,-0.2717674241790172
CV-G,gfold_4,G+E+normalized-GxE-mixture,W575,ME3,0.2991229942737987,1.0056872960323109,-0.7065643017585121
CV-G,gfold_4,G+E+normalized-GxE-mixture,W575,ME4,0.8403394486942383,0.43528945768535937,0.4050499910088789
CV-G,gfold_4,G+E+normalized-GxE-mixture,W578,ME1,-2.3227733236513446,-2.1160209718991174,-0.20675235175222717
CV-G,gfold_4,G+E+normalized-GxE-mixture,W578,ME2,0.24635643520860157,0.34032362033019375,-0.09396718512159219
CV-G,gfold_4,G+E+normalized-GxE-mixture,W578,ME3,0.19438603984049102,0.6625365984195776,-0.46815055857908655
CV-G,gfold_4,G+E+normalized-GxE-mixture,W578,ME4,1.0267802877148795,1.1560911848607276,-0.1293108971458481
CV-G,gfold_4,G+E+normalized-GxE-mixture,W582,ME1,-1.6694063094559266,-1.2149537386122162,-0.4544525708437104
CV-G,gfold_4,G+E+normalized-GxE-mixture,W582,ME2,0.5358934877495878,0.5087150343396526,0.027178453409935188
CV-G,gfold_4,G+E+normalized-GxE-mixture,W582,ME3,0.7045563662737035,0.47247767748411784,0.2320786887895857
CV-G,gfold_4,G+E+normalized-GxE-mixture,W582,ME4,1.45492554778654,0.9204246227699111,0.5345009250166288
CV-G,gfold_4,G+E+normalized-GxE-mixture,W588,ME1,-2.132503167434563,-1.171081033525084,-0.9614221339094788
CV-G,gfold_4,G+E+normalized-GxE-mixture,W588,ME2,0.49792141528519684,0.37309856904540506,0.12482284623979178
CV-G,gfold_4,G+E+normalized-GxE-mixture,W588,ME3,0.4266655758821018,0.38476481254658496,0.041900763335516844
CV-G,gfold_4,G+E+normalized-GxE-mixture,W588,ME4,1.264551357731709,0.6798449788656964,0.5847063788660125
CV-G,gfold_4,G+E+normalized-GxE-mixture,W595,ME1,-1.2485039333229087,-0.3726903759482582,-0.8758135573746504
CV-G,gfold_4,G+E+normalized-GxE-mixture,W595,ME2,1.4190416204476648,0.6558416110772096,0.7632000093704552
CV-G,gfold_4,G+E+normalized-GxE-mixture,W595,ME3,1.574548810356833,0.59312812646896,0.9814206838878731
CV-G,gfold_4,G+E+normalized-GxE-mixture,W595,ME4,1.65965646911617,0.552642304036634,1.107014165079536
CV-G,gfold_4,G+E+normalized-GxE-mixture,W598,ME1,-0.9023967938758849,-0.5676046879050948,-0.3347921059707901
CV-G,gfold_4,G+E+normalized-GxE-mixture,W598,ME2,0.5279066951745784,1.0708713418127043,-0.5429646466381258
CV-G,gfold_4,G+E+normalized-GxE-mixture,W598,ME3,1.7190773609462144,0.872439578708493,0.8466377822377215
CV-G,gfold_4,G+E+normalized-GxE-mixture,W598,ME4,2.6928140518629142,0.7075029344256568,1.9853111174372575
CV-G,gfold_4,G+E+normalized-GxE-mixture,W599,ME1,0.2222763115929722,0.07351850007033221,0.14875781152264
CV-G,gfold_4,G+E+normalized-GxE-mixture,W599,ME2,-0.5428108181401058,-0.6853860267536791,0.1425752086135733
CV-G,gfold_4,G+E+normalized-GxE-mixture,W599,ME3,-0.3043476868908917,-0.9713917980333663,0.6670441111424745
CV-G,gfold_4,G+E+normalized-GxE-mixture,W599,ME4,0.3813173830041784,-0.721766257275254,1.1030836402794324
CV2,sparse_cell,G+E normalized-reference,W001,ME1,1.6716294803197338,-0.35704346809027493,2.0286729484100086
CV2,sparse_cell,G+E normalized-reference,W002,ME2,0.40952243058809296,-0.34632655452566596,0.7558489851137589
CV2,sparse_cell,G+E normalized-reference,W003,ME3,-0.799559211203025,-0.34622836186027606,-0.4533308493427489
CV2,sparse_cell,G+E normalized-reference,W004,ME4,0.5517573500177323,0.2843245456735462,0.2674328043441861
CV2,sparse_cell,G+E normalized-reference,W005,ME1,0.998317612613427,-0.045178729466360236,1.0434963420797871
CV2,sparse_cell,G+E normalized-reference,W006,ME2,0.6264758666133936,0.27496089668573503,0.35151496992765857
CV2,sparse_cell,G+E normalized-reference,W007,ME3,0.05432570287169062,0.29582834549922843,-0.24150264262753782
CV2,sparse_cell,G+E normalized-reference,W008,ME4,0.9643265399939988,-0.15051973979275993,1.1148462797867587
CV2,sparse_cell,G+E normalized-reference,W009,ME1,-0.9676390239598921,-0.5784675053028181,-0.389171518657074
CV2,sparse_cell,G+E normalized-reference,W010,ME2,-1.6176229866022003,-0.8722854886589594,-0.7453374979432409
CV2,sparse_cell,G+E normalized-reference,W011,ME3,-0.21264372606166304,-0.07142116021918067,-0.14122256584248238
CV2,sparse_cell,G+E normalized-reference,W012,ME4,0.6924061162983242,-0.17727066878312453,0.8696767850814486
CV2,sparse_cell,G+E normalized-reference,W013,ME1,1.1741808901610542,-0.20168399651403193,1.3758648866750862
CV2,sparse_cell,G+E normalized-reference,W014,ME2,-0.6536512976636655,0.13825367278803224,-0.7919049704516977
CV2,sparse_cell,G+E normalized-reference,W015,ME3,-0.697905239702633,-0.19502979065068682,-0.5028754490519461
CV2,sparse_cell,G+E normalized-reference,W016,ME4,-0.6343525210445544,0.07711468129694929,-0.7114672023415037
CV2,sparse_cell,G+E normalized-reference,W017,ME1,2.3397128482489933,-0.13746991787028914,2.4771827661192822
CV2,sparse_cell,G+E normalized-reference,W018,ME2,-0.35961455453564845,-0.005528504059546434,-0.35408605047610203
CV2,sparse_cell,G+E normalized-reference,W019,ME3,-0.767698905386699,-0.17157406451738585,-0.5961248408693132
CV2,sparse_cell,G+E normalized-reference,W020,ME4,0.09811610854244561,-0.08137664223276873,0.17949275077521434
CV2,sparse_cell,G+E normalized-reference,W021,ME1,0.6658680964157973,0.3425613577773596,0.3233067386384377
CV2,sparse_cell,G+E normalized-reference,W022,ME2,-0.862459724145355,-0.16968366485206543,-0.6927760592932896
CV2,sparse_cell,G+E normalized-reference,W023,ME3,-0.41496342521819896,-0.052384321349525274,-0.3625791038686737
CV2,sparse_cell,G+E normalized-reference,W024,ME4,-0.9611117248589154,-0.7015533159003373,-0.25955840895857807
CV2,sparse_cell,G+E normalized-reference,W025,ME1,-1.127238572450251,-0.5109976486855482,-0.6162409237647027
CV2,sparse_cell,G+E normalized-reference,W026,ME2,-0.2743862378893214,-0.09382794039043092,-0.18055829749889052
CV2,sparse_cell,G+E normalized-reference,W027,ME3,0.06547512060168752,0.3381462492774541,-0.2726711286757666
CV2,sparse_cell,G+E normalized-reference,W028,ME4,0.38525073403836974,-0.11636984709849221,0.5016205811368619
CV2,sparse_cell,G+E normalized-reference,W029,ME1,0.9675492759192114,-0.004299796497668823,0.9718490724168802
CV2,sparse_cell,G+E normalized-reference,W030,ME2,0.41790792992397896,-0.008897269988227215,0.42680519991220617
CV2,sparse_cell,G+E normalized-reference,W031,ME3,0.9539401226965609,0.028856324224384895,0.925083798472176
CV2,sparse_cell,G+E normalized-reference,W032,ME4,0.9739475166236292,0.24547697926406065,0.7284705373595686
CV2,sparse_cell,G+E normalized-reference,W033,ME1,-1.3051134379183305,-1.2493503590320985,-0.055763078886232
CV2,sparse_cell,G+E normalized-reference,W034,ME2,-0.3815434263838341,-0.42188525703808627,0.040341830654252175
CV2,sparse_cell,G+E normalized-reference,W035,ME3,-0.07067447363303,-0.38719994929428636,0.31652547566125633
CV2,sparse_cell,G+E normalized-reference,W036,ME4,-0.8364480971812744,-0.43145562525854564,-0.4049924719227288
CV2,sparse_cell,G+E normalized-reference,W037,ME1,-1.4010181316481083,-0.5949275395905393,-0.8060905920575689
CV2,sparse_cell,G+E normalized-reference,W038,ME2,-1.4137319435046494,-0.07126485383932342,-1.342467089665326
CV2,sparse_cell,G+E normalized-reference,W039,ME3,-0.8247467594385198,0.008786684802026499,-0.8335334442405463
CV2,sparse_cell,G+E normalized-reference,W040,ME4,-0.2185186497099088,-0.25424547632524774,0.035726826615338936
CV2,sparse_cell,G+E normalized-reference,W041,ME1,0.7482861925898263,0.3531312914563962,0.3951549011334301
CV2,sparse_cell,G+E normalized-reference,W042,ME2,1.061629488376578,0.07598781233258123,0.9856416760439968
CV2,sparse_cell,G+E normalized-reference,W043,ME3,0.4015371533466911,-0.011582946260035287,0.4131200996067264
CV2,sparse_cell,G+E normalized-reference,W044,ME4,-1.2559399849777169,-0.18995745399737776,-1.065982530980339
CV2,sparse_cell,G+E normalized-reference,W045,ME1,-0.28018903224586655,-0.30620296965069094,0.026013937404824383
CV2,sparse_cell,G+E normalized-reference,W046,ME2,-0.6993633442320486,0.03496732619090142,-0.73433067042295
CV2,sparse_cell,G+E normalized-reference,W047,ME3,-0.7506031315340369,-0.119603826216922,-0.6309993053171149
CV2,sparse_cell,G+E normalized-reference,W048,ME4,0.51088983277249,0.016724865161511226,0.4941649676109788
CV2,sparse_cell,G+E normalized-reference,W049,ME1,0.6860409841848755,-0.2887647567304006,0.974805740915276
CV2,sparse_cell,G+E normalized-reference,W050,ME2,0.06876105229264243,-0.2836506227266699,0.35241167501931236
CV2,sparse_cell,G+E normalized-reference,W051,ME3,0.6325159239864702,0.4920246799005047,0.14049124408596547
CV2,sparse_cell,G+E normalized-reference,W052,ME4,-0.31881910108177297,-0.012211756112775177,-0.3066073449689978
CV2,sparse_cell,G+E normalized-reference,W053,ME1,0.025385017808058567,-0.16663983189685197,0.19202484970491054
CV2,sparse_cell,G+E normalized-reference,W054,ME2,-0.9063491112354478,-0.10176364971861877,-0.8045854615168291
CV2,sparse_cell,G+E normalized-reference,W055,ME3,1.6860092015424728,-0.1880611550781241,1.874070356620597
CV2,sparse_cell,G+E normalized-reference,W056,ME4,-1.3650904761765097,-0.24213737688961426,-1.1229530992868955
CV2,sparse_cell,G+E normalized-reference,W057,ME1,0.44940657682987684,-0.12104272195931536,0.5704492987891921
CV2,sparse_cell,G+E normalized-reference,W058,ME2,0.23106001868419593,-0.10536982115333526,0.33642983983753116
CV2,sparse_cell,G+E normalized-reference,W059,ME3,0.8378932664901717,-0.2793279640837214,1.117221230573893
CV2,sparse_cell,G+E normalized-reference,W060,ME4,0.6133850940214327,-0.5875096156952722,1.2008947097167049
CV2,sparse_cell,G+E normalized-reference,W061,ME1,0.14228515145252696,0.13204603222618136,0.0102391192263456
CV2,sparse_cell,G+E normalized-reference,W062,ME2,1.043269991340045,0.38619968922290715,0.6570703021171378
CV2,sparse_cell,G+E normalized-reference,W063,ME3,0.21655817737173513,0.270164660027061,-0.05360648265532589
CV2,sparse_cell,G+E normalized-reference,W064,ME4,0.021297762844700634,0.32232985074644727,-0.3010320879017466
CV2,sparse_cell,G+E normalized-reference,W065,ME1,0.8241971683248178,-0.24715279627223544,1.0713499645970532
CV2,sparse_cell,G+E normalized-reference,W066,ME2,-0.9564849042459331,-0.045623170903539206,-0.910861733342394
CV2,sparse_cell,G+E normalized-reference,W067,ME3,-0.6099346445072371,-0.5791654209030284,-0.03076922360420875
CV2,sparse_cell,G+E normalized-reference,W068,ME4,-0.83802143759495,-0.051573815982789345,-0.7864476216121606
CV2,sparse_cell,G+E normalized-reference,W069,ME1,0.5606872948261147,-0.08661503231003913,0.6473023271361538
CV2,sparse_cell,G+E normalized-reference,W070,ME2,-0.45527253375219584,0.13638756336014857,-0.5916600971123445
CV2,sparse_cell,G+E normalized-reference,W071,ME3,1.4130089512006208,0.1684696400724477,1.244539311128173
CV2,sparse_cell,G+E normalized-reference,W072,ME4,-2.5818096849868675,-0.1406643110561525,-2.441145373930715
CV2,sparse_cell,G+E normalized-reference,W073,ME1,0.33457503967041147,-0.37554898297118483,0.7101240226415964
CV2,sparse_cell,G+E normalized-reference,W074,ME2,-0.674903000886236,0.2537006442233392,-0.9286036451095752
CV2,sparse_cell,G+E normalized-reference,W075,ME3,-0.20287953901933256,-0.4784875665457284,0.2756080275263958
CV2,sparse_cell,G+E normalized-reference,W076,ME4,0.06664930026891967,0.010327197399263743,0.05632210286965593
CV2,sparse_cell,G+E normalized-reference,W077,ME1,-0.15064114135255904,0.31686165538541283,-0.4675027967379719
CV2,sparse_cell,G+E normalized-reference,W078,ME2,-0.6132110404890881,-0.21220636117389757,-0.40100467931519057
CV2,sparse_cell,G+E normalized-reference,W079,ME3,1.155178666194431,0.00866416360307109,1.14651450259136
CV2,sparse_cell,G+E normalized-reference,W080,ME4,-1.2064269621593235,-0.6475362751048093,-0.5588906870545143
CV2,sparse_cell,G+E normalized-reference,W081,ME1,1.3097065362511746,0.3198258661437948,0.9898806701073798
CV2,sparse_cell,G+E normalized-reference,W082,ME2,-0.4044722294735835,-0.2369036917717855,-0.16756853770179803
CV2,sparse_cell,G+E normalized-reference,W083,ME3,-0.2850473690779795,-0.10771214801313389,-0.17733522106484562
CV2,sparse_cell,G+E normalized-reference,W084,ME4,0.024696178138241338,-0.06525266660818312,0.08994884474642445
CV2,sparse_cell,G+E normalized-reference,W085,ME1,-0.07534097166628811,-0.33577751053269195,0.26043653886640383
CV2,sparse_cell,G+E normalized-reference,W086,ME2,-0.08236779611563717,0.4101713064750886,-0.49253910259072575
CV2,sparse_cell,G+E normalized-reference,W087,ME3,-0.05258200940753501,0.5602992021388483,-0.6128812115463833
CV2,sparse_cell,G+E normalized-reference,W088,ME4,0.6437269638991793,0.28247346492739295,0.3612534989717863
CV2,sparse_cell,G+E normalized-reference,W089,ME1,-0.7229582649230821,-1.3731539383088884,0.6501956733858063
CV2,sparse_cell,G+E normalized-reference,W090,ME2,-0.32331958193843435,-0.098082108623931,-0.22523747331450333
CV2,sparse_cell,G+E normalized-reference,W091,ME3,-0.5492970158075015,-0.2444325947592375,-0.30486442104826394
CV2,sparse_cell,G+E normalized-reference,W092,ME4,0.10336319882205586,-0.04624219491404219,0.14960539373609805
CV2,sparse_cell,G+E normalized-reference,W093,ME1,-0.05990793883528156,-0.5988035573471072,0.5388956185118257
CV2,sparse_cell,G+E normalized-reference,W094,ME2,0.12579510513415798,0.5441277534510527,-0.4183326483168947
CV2,sparse_cell,G+E normalized-reference,W095,ME3,0.18433467082632615,-0.3655803391534586,0.5499150099797847
CV2,sparse_cell,G+E normalized-reference,W096,ME4,-0.9079485522807936,-0.4681858738320891,-0.43976267844870454
CV2,sparse_cell,G+E normalized-reference,W097,ME1,0.41013581993747006,-0.5294259225529124,0.9395617424903825
CV2,sparse_cell,G+E normalized-reference,W098,ME2,0.35041257111852275,0.0694006594182573,0.28101191170026546
CV2,sparse_cell,G+E normalized-reference,W099,ME3,-0.6989357161897987,0.0620130044647863,-0.760948720654585
CV2,sparse_cell,G+E normalized-reference,W100,ME4,-0.6463571084009043,0.03261593651247448,-0.6789730449133788
CV2,sparse_cell,G+E normalized-reference,W101,ME1,1.9633911695919264,0.266160317406453,1.6972308521854733
CV2,sparse_cell,G+E normalized-reference,W102,ME2,-0.07896296695132968,-0.06511154251610958,-0.013851424435220097
CV2,sparse_cell,G+E normalized-reference,W103,ME3,-0.5613671051530811,0.2791990637817315,-0.8405661689348125
CV2,sparse_cell,G+E normalized-reference,W104,ME4,-0.1326378632293884,-0.13262031572172037,-1.7547507668025375e-05
CV2,sparse_cell,G+E normalized-reference,W105,ME1,0.6205218553587818,-0.0931313247933429,0.7136531801521246
CV2,sparse_cell,G+E normalized-reference,W106,ME2,0.41126914592145514,0.3809694595589019,0.030299686362553258
CV2,sparse_cell,G+E normalized-reference,W107,ME3,-0.14108473590368073,-0.19326912464251392,0.05218438873883319
CV2,sparse_cell,G+E normalized-reference,W108,ME4,-0.5390867589964545,-0.004280976767758623,-0.5348057822286959
CV2,sparse_cell,G+E normalized-reference,W109,ME1,-0.7609666893148012,-0.08026069001379521,-0.680705999301006
CV2,sparse_cell,G+E normalized-reference,W110,ME2,-0.5164645285285623,-0.07136643654454275,-0.4450980919840195
CV2,sparse_cell,G+E normalized-reference,W111,ME3,1.2584797107685726,0.14672388241469173,1.1117558283538809
CV2,sparse_cell,G+E normalized-reference,W112,ME4,-0.00245967740181196,-0.4454637116189396,0.44300403421712764
CV2,sparse_cell,G+E normalized-reference,W113,ME1,-1.0811349318928232,-0.6272993475420476,-0.45383558435077553
CV2,sparse_cell,G+E normalized-reference,W114,ME2,0.2898597728953063,-0.09048350179491065,0.38034327469021695
CV2,sparse_cell,G+E normalized-reference,W115,ME3,-2.160573701420955,-0.08092074503250701,-2.079652956388448
CV2,sparse_cell,G+E normalized-reference,W116,ME4,-0.3306191541843449,0.17385068990126637,-0.5044698440856112
CV2,sparse_cell,G+E normalized-reference,W117,ME1,-0.115605306397947,-0.26646310949472035,0.15085780309677335
CV2,sparse_cell,G+E normalized-reference,W118,ME2,-0.31294054879816674,-0.19105141590645774,-0.121889132891709
CV2,sparse_cell,G+E normalized-reference,W119,ME3,0.6173797447651402,-0.3224947434654571,0.9398744882305974
CV2,sparse_cell,G+E normalized-reference,W120,ME4,-0.5501001418921881,-0.17073866005139926,-0.3793614818407889
CV2,sparse_cell,G+E normalized-reference,W121,ME1,1.8092807314594008,0.22264360371793301,1.5866371277414677
CV2,sparse_cell,G+E normalized-reference,W122,ME2,0.8530172509359556,0.35038338939239594,0.5026338615435597
CV2,sparse_cell,G+E normalized-reference,W123,ME3,-2.0254292440876536,-0.3272586262381402,-1.6981706178495133
CV2,sparse_cell,G+E normalized-reference,W124,ME4,-0.7409935342835337,-0.15109046719014435,-0.5899030670933894
CV2,sparse_cell,G+E normalized-reference,W125,ME1,1.0141497053962651,0.07780839036640148,0.9363413150298636
CV2,sparse_cell,G+E normalized-reference,W126,ME2,-0.7164381194835368,0.2700950096042053,-0.986533129087742
CV2,sparse_cell,G+E normalized-reference,W127,ME3,0.18361671589674317,0.18654911748017103,-0.0029324015834278627
CV2,sparse_cell,G+E normalized-reference,W128,ME4,-0.5459701233062877,-0.46335815634285965,-0.08261196696342804
CV2,sparse_cell,G+E normalized-reference,W129,ME1,0.3675992867045699,-0.12596526867329108,0.49356455537786104
CV2,sparse_cell,G+E normalized-reference,W130,ME2,-0.5809347788943552,-0.1274699676082593,-0.4534648112860959
CV2,sparse_cell,G+E normalized-reference,W131,ME3,-0.939045184228159,-1.332517968500137,0.39347278427197796
CV2,sparse_cell,G+E normalized-reference,W132,ME4,-0.6911737100844733,-0.2583175362281051,-0.43285617385636815
CV2,sparse_cell,G+E normalized-reference,W133,ME1,0.6006177222511422,-0.4659172130967208,1.066534935347863
CV2,sparse_cell,G+E normalized-reference,W134,ME2,0.28636001354983914,0.29305021238942874,-0.006690198839589601
CV2,sparse_cell,G+E normalized-reference,W135,ME3,-0.5546098822864167,0.031306141293180205,-0.5859160235795969
CV2,sparse_cell,G+E normalized-reference,W136,ME4,-0.7200209065692281,-0.22725158191802144,-0.4927693246512067
CV2,sparse_cell,G+E normalized-reference,W137,ME1,1.2593842619172477,-0.44215840821768754,1.7015426701349352
CV2,sparse_cell,G+E normalized-reference,W138,ME2,-0.5049336758568758,-0.2907541843513214,-0.21417949150555438
CV2,sparse_cell,G+E normalized-reference,W139,ME3,0.6211468965133073,-0.02779922377597182,0.6489461202892791
CV2,sparse_cell,G+E normalized-reference,W140,ME4,0.13089665606139114,-0.27281985456071134,0.40371651062210245
CV2,sparse_cell,G+E normalized-reference,W141,ME1,0.988813470495336,0.40781380211660834,0.5809996683787276
CV2,sparse_cell,G+E normalized-reference,W142,ME2,-0.13766146230253548,0.2539621898117817,-0.39162365211431716
CV2,sparse_cell,G+E normalized-reference,W143,ME3,-2.1099029764495496,-0.5404226048930024,-1.5694803715565473
CV2,sparse_cell,G+E normalized-reference,W144,ME4,-1.4804713954134605,-0.6414870063795943,-0.8389843890338662
CV2,sparse_cell,G+E normalized-reference,W145,ME1,-0.7810907125999806,-0.3344171978822272,-0.44667351471775346
CV2,sparse_cell,G+E normalized-reference,W146,ME2,-0.3760058324827775,0.2540896107321649,-0.6300954432149424
CV2,sparse_cell,G+E normalized-reference,W147,ME3,-1.0190844890838067,-0.28121130291725266,-0.737873186166554
CV2,sparse_cell,G+E normalized-reference,W148,ME4,-0.4568403888715257,0.025817418680847082,-0.4826578075523728
CV2,sparse_cell,G+E normalized-reference,W149,ME1,0.5843132727906273,-0.01722175400990509,0.6015350268005324
CV2,sparse_cell,G+E normalized-reference,W150,ME2,-2.2598003474412476,-0.46989683755523065,-1.789903509886017
CV2,sparse_cell,G+E normalized-reference,W151,ME3,-1.2934023978846596,-0.5806869286966726,-0.712715469187987
CV2,sparse_cell,G+E normalized-reference,W152,ME4,-0.39748612176558745,-0.1264057586703577,-0.27108036309522976
CV2,sparse_cell,G+E normalized-reference,W153,ME1,1.725315259961947,0.18897420024928932,1.5363410597126577
CV2,sparse_cell,G+E normalized-reference,W154,ME2,-0.5974652877738541,-0.06927807789350936,-0.5281872098803447
CV2,sparse_cell,G+E normalized-reference,W155,ME3,-0.16035971413084232,0.09943186579188525,-0.25979157992272756
CV2,sparse_cell,G+E normalized-reference,W156,ME4,0.3000307505315928,-0.04248259202143437,0.3425133425530271
CV2,sparse_cell,G+E normalized-reference,W157,ME1,0.8671164733482509,-0.005725942523105031,0.8728424158713559
CV2,sparse_cell,G+E normalized-reference,W158,ME2,-0.9264806383203201,-0.0996293275079492,-0.826851310812371
CV2,sparse_cell,G+E normalized-reference,W159,ME3,-1.3606874445794765,-0.6716632475185749,-0.6890241970609017
CV2,sparse_cell,G+E normalized-reference,W160,ME4,-0.46173347755805894,-0.008423416186513533,-0.4533100613715454
CV2,sparse_cell,G+E normalized-reference,W161,ME1,0.9529713715564129,0.05669265739075888,0.896278714165654
CV2,sparse_cell,G+E normalized-reference,W162,ME2,-1.9813384827023757,0.07979092217090321,-2.0611294048732787
CV2,sparse_cell,G+E normalized-reference,W163,ME3,-1.4454399123846235,-0.01776632847432227,-1.4276735839103012
CV2,sparse_cell,G+E normalized-reference,W164,ME4,-0.9345694720801964,-0.23556000154241624,-0.6990094705377801
CV2,sparse_cell,G+E normalized-reference,W165,ME1,-0.14388155441338457,0.32937197264883633,-0.4732535270622209
CV2,sparse_cell,G+E normalized-reference,W166,ME2,-2.5271870243780064,-0.5952422847417799,-1.9319447396362266
CV2,sparse_cell,G+E normalized-reference,W167,ME3,-0.6482480981612279,-0.31804090651231653,-0.3302071916489113
CV2,sparse_cell,G+E normalized-reference,W168,ME4,0.3942974414170083,0.21670658070284712,0.17759086071416116
CV2,sparse_cell,G+E normalized-reference,W169,ME1,0.9551865614931063,0.5311536524274314,0.4240329090656749
CV2,sparse_cell,G+E normalized-reference,W170,ME2,-2.333371237841007,-0.20769857428810745,-2.1256726635528995
CV2,sparse_cell,G+E normalized-reference,W171,ME3,-1.2616181108255835,-0.36958869857623056,-0.892029412249353
CV2,sparse_cell,G+E normalized-reference,W172,ME4,-0.41822274841784135,0.011064840089330584,-0.4292875885071719
CV2,sparse_cell,G+E normalized-reference,W173,ME1,-0.15331239980563044,-0.1522669552911118,-0.0010454445145186286
CV2,sparse_cell,G+E normalized-reference,W174,ME2,0.4238758739796326,0.14448076102155288,0.2793951129580797
CV2,sparse_cell,G+E normalized-reference,W175,ME3,-1.7588905881120498,-0.3177537541939418,-1.441136833918108
CV2,sparse_cell,G+E normalized-reference,W176,ME4,-0.6277680914133182,0.14702048288636646,-0.7747885742996847
CV2,sparse_cell,G+E normalized-reference,W177,ME1,1.053053978659442,-0.21682218646188875,1.2698761651213306
CV2,sparse_cell,G+E normalized-reference,W178,ME2,-0.5449562402343447,-0.30881987858149884,-0.2361363616528459
CV2,sparse_cell,G+E normalized-reference,W179,ME3,-2.2603272039900983,-1.0965001551497122,-1.1638270488403861
CV2,sparse_cell,G+E normalized-reference,W180,ME4,-1.6784448196663495,-1.5048363296286105,-0.17360849003773904
CV2,sparse_cell,G+E normalized-reference,W181,ME1,0.8223158856947588,0.07965666611922573,0.742659219575533
CV2,sparse_cell,G+E normalized-reference,W182,ME2,-1.3916385260091175,-0.8488645768663475,-0.54277394914277
CV2,sparse_cell,G+E normalized-reference,W183,ME3,0.4471484076966806,0.08201596728186379,0.36513244041481685
CV2,sparse_cell,G+E normalized-reference,W184,ME4,-0.04531747027035415,0.30362607399149066,-0.3489435442618448
CV2,sparse_cell,G+E normalized-reference,W185,ME1,0.6157657122594117,0.24275877138633736,0.3730069408730743
CV2,sparse_cell,G+E normalized-reference,W186,ME2,-0.7054325471476078,0.02324706078825481,-0.7286796079358626
CV2,sparse_cell,G+E normalized-reference,W187,ME3,-0.6477075203318948,0.10328957162877159,-0.7509970919606664
CV2,sparse_cell,G+E normalized-reference,W188,ME4,-0.5395194276102152,0.052018079539263004,-0.5915375071494782
CV2,sparse_cell,G+E normalized-reference,W189,ME1,0.7823610260277849,0.149431032893542,0.6329299931342429
CV2,sparse_cell,G+E normalized-reference,W190,ME2,0.6671123128290374,0.01550024995503885,0.6516120628739985
CV2,sparse_cell,G+E normalized-reference,W191,ME3,-0.3839900049031236,0.2898888219462372,-0.6738788268493608
CV2,sparse_cell,G+E normalized-reference,W192,ME4,-1.3559100348627087,-0.4409889763800221,-0.9149210584826866
CV2,sparse_cell,G+E normalized-reference,W193,ME1,-0.1570098124205512,-0.44011748308203463,0.28310767066148346
CV2,sparse_cell,G+E normalized-reference,W194,ME2,-0.6745739095915452,0.0423366530199999,-0.7169105626115451
CV2,sparse_cell,G+E normalized-reference,W195,ME3,-1.1620081992423568,-0.02924459199869761,-1.132763607243659
CV2,sparse_cell,G+E normalized-reference,W196,ME4,-1.7898923878691095,-0.3027790049646557,-1.4871133829044538
CV2,sparse_cell,G+E normalized-reference,W197,ME1,-0.4289650975528974,-0.27356270255775145,-0.15540239499514596
CV2,sparse_cell,G+E normalized-reference,W198,ME2,2.143377888742169,0.3762179308060951,1.7671599579360737
CV2,sparse_cell,G+E normalized-reference,W199,ME3,0.06689413740368748,0.14172658142816769,-0.07483244402448021
CV2,sparse_cell,G+E normalized-reference,W200,ME4,0.2760845094354399,0.14665951990394555,0.12942498953149434
CV2,sparse_cell,G+E normalized-reference,W201,ME1,0.2495345495272083,0.15391728091244047,0.09561726861476783
CV2,sparse_cell,G+E normalized-reference,W202,ME2,1.6505826609780379,0.19310957584962707,1.4574730851284108
CV2,sparse_cell,G+E normalized-reference,W203,ME3,-1.5355390327830185,0.2520488145390598,-1.7875878473220783
CV2,sparse_cell,G+E normalized-reference,W204,ME4,0.406097494519581,0.30041559307572485,0.10568190144385614
CV2,sparse_cell,G+E normalized-reference,W205,ME1,-1.688113262708076,-0.9907659532724319,-0.697347309435644
CV2,sparse_cell,G+E normalized-reference,W206,ME2,-2.1234173205066416,-0.028703305685919722,-2.0947140148207217
CV2,sparse_cell,G+E normalized-reference,W207,ME3,-0.13213986213393236,-0.11404486100878107,-0.01809500112515129
CV2,sparse_cell,G+E normalized-reference,W208,ME4,-0.20606566033566145,0.11039401866408427,-0.3164596789997457
CV2,sparse_cell,G+E normalized-reference,W209,ME1,0.36454525646096697,0.39314517753478706,-0.02859992107382009
CV2,sparse_cell,G+E normalized-reference,W210,ME2,-0.6701754778644194,0.4006350363586347,-1.0708105142230542
CV2,sparse_cell,G+E normalized-reference,W211,ME3,1.7548568560252062,0.3807352811362079,1.3741215748889983
CV2,sparse_cell,G+E normalized-reference,W212,ME4,0.7225591853264305,0.3059570817155611,0.4166021036108694
CV2,sparse_cell,G+E normalized-reference,W213,ME1,1.0264146908545742,0.3139448416366633,0.7124698492179109
CV2,sparse_cell,G+E normalized-reference,W214,ME2,0.6404116172078261,0.3244668392325122,0.31594477797531395
CV2,sparse_cell,G+E normalized-reference,W215,ME3,0.44175952246051514,0.134964009806251,0.30679551265426414
CV2,sparse_cell,G+E normalized-reference,W216,ME4,-0.17364698111186105,-0.0971766991495876,-0.07647028196227346
CV2,sparse_cell,G+E normalized-reference,W217,ME1,-0.5394314074841748,0.2984633375174041,-0.837894745001579
CV2,sparse_cell,G+E normalized-reference,W218,ME2,0.298517405417187,0.11248139277854526,0.18603601263864178
CV2,sparse_cell,G+E normalized-reference,W219,ME3,0.3660363937109506,-0.06733383591365004,0.43337022962460064
CV2,sparse_cell,G+E normalized-reference,W220,ME4,-0.34458255035572233,-0.14825621954598103,-0.1963263308097413
CV2,sparse_cell,G+E normalized-reference,W221,ME1,0.6424864408707738,0.3012048252370585,0.3412816156337153
CV2,sparse_cell,G+E normalized-reference,W222,ME2,0.7959705407369501,0.6418386720080356,0.1541318687289145
CV2,sparse_cell,G+E normalized-reference,W223,ME3,0.16245816179549796,0.045614250785621424,0.11684391100987654
CV2,sparse_cell,G+E normalized-reference,W224,ME4,-1.776786462223186,0.20297506108206564,-1.9797615233052515
CV2,sparse_cell,G+E normalized-reference,W225,ME1,0.6895836592674551,0.24621822529121176,0.4433654339762434
CV2,sparse_cell,G+E normalized-reference,W226,ME2,0.38522030421088155,0.19343633302913987,0.19178397118174167
CV2,sparse_cell,G+E normalized-reference,W227,ME3,0.4533650527340126,-0.10777581532240142,0.561140868056414
CV2,sparse_cell,G+E normalized-reference,W228,ME4,-0.2857789523945702,0.15473606901034906,-0.44051502140491927
CV2,sparse_cell,G+E normalized-reference,W229,ME1,0.47540248226342524,0.40379800241425057,0.07160447984917467
CV2,sparse_cell,G+E normalized-reference,W230,ME2,-0.10725848961604569,0.20365608900542848,-0.31091457862147415
CV2,sparse_cell,G+E normalized-reference,W231,ME3,-1.4003945754497167,-0.029705277299510703,-1.370689298150206
CV2,sparse_cell,G+E normalized-reference,W232,ME4,-0.12411822488933168,-0.2468454983691119,0.12272727347978023
CV2,sparse_cell,G+E normalized-reference,W233,ME1,0.7591259639344545,0.22402165716087813,0.5351043067735763
CV2,sparse_cell,G+E normalized-reference,W234,ME2,-0.40533925846152025,0.16102969065596934,-0.5663689491174896
CV2,sparse_cell,G+E normalized-reference,W235,ME3,0.5675283330663183,0.37309939865799807,0.19442893440832026
CV2,sparse_cell,G+E normalized-reference,W236,ME4,1.606949565258014,0.3509555402097434,1.2559940250482704
CV2,sparse_cell,G+E normalized-reference,W237,ME1,1.1157796878227189,0.3409913044791468,0.774788383343572
CV2,sparse_cell,G+E normalized-reference,W238,ME2,-0.18922753670917877,0.35600248820317376,-0.5452300249123525
CV2,sparse_cell,G+E normalized-reference,W239,ME3,-0.06302191873653193,0.6726165718944781,-0.7356384906310101
CV2,sparse_cell,G+E normalized-reference,W240,ME4,1.6399897139452146,0.2688394551640702,1.3711502587811444
CV2,sparse_cell,G+E normalized-reference,W241,ME1,1.4679623114343485,0.4040837993884784,1.06387851204587
CV2,sparse_cell,G+E normalized-reference,W242,ME2,0.5003199845291967,-0.06726945423860131,0.567589438767798
CV2,sparse_cell,G+E normalized-reference,W243,ME3,-0.1538221010073438,-0.08310120022246714,-0.07072090078487667
CV2,sparse_cell,G+E normalized-reference,W244,ME4,0.48935866921132964,0.06702310405764092,0.42233556515368875
CV2,sparse_cell,G+E normalized-reference,W245,ME1,0.8245799401153493,0.11543765039621876,0.7091422897191305
CV2,sparse_cell,G+E normalized-reference,W246,ME2,0.5598158934021549,0.26055534263166563,0.29926055077048924
CV2,sparse_cell,G+E normalized-reference,W247,ME3,1.4571167234627758,0.1352725325115615,1.3218441909512142
CV2,sparse_cell,G+E normalized-reference,W248,ME4,-0.12229315000946639,0.08224930118615562,-0.204542451195622
CV2,sparse_cell,G+E normalized-reference,W249,ME1,-0.4484213062248097,0.4270314225566333,-0.875452728781443
CV2,sparse_cell,G+E normalized-reference,W250,ME2,-0.21156777267572885,0.32827446229232315,-0.5398422349680521
CV2,sparse_cell,G+E normalized-reference,W251,ME3,-0.699594545419299,-0.3987748892477764,-0.3008196561715226
CV2,sparse_cell,G+E normalized-reference,W252,ME4,0.7817718517951378,0.05835848001858385,0.7234133717765538
CV2,sparse_cell,G+E normalized-reference,W253,ME1,1.4390019606443423,0.4712689339435608,0.9677330267007815
CV2,sparse_cell,G+E normalized-reference,W254,ME2,-0.3479571282890808,-0.01707559063186902,-0.3308815376572118
CV2,sparse_cell,G+E normalized-reference,W255,ME3,0.1625003944384145,0.3224054086133449,-0.1599050141749304
CV2,sparse_cell,G+E normalized-reference,W256,ME4,-0.012017720414895539,0.09529385983199803,-0.10731158024689358
CV2,sparse_cell,G+E normalized-reference,W257,ME1,0.8522535261627155,0.41738975413177887,0.4348637720309367
CV2,sparse_cell,G+E normalized-reference,W258,ME2,-0.7187860592975854,-0.30057843395537925,-0.4182076253422062
CV2,sparse_cell,G+E normalized-reference,W259,ME3,-1.1657669044619396,-0.031717191350189654,-1.13404971311175
CV2,sparse_cell,G+E normalized-reference,W260,ME4,-0.5241872252789396,-0.6327662269635101,0.10857900168457058
CV2,sparse_cell,G+E normalized-reference,W261,ME1,0.22731749751507793,-0.038874878326332095,0.26619237584141003
CV2,sparse_cell,G+E normalized-reference,W262,ME2,-0.02358069926201445,-0.10342235269184864,0.0798416534298342
CV2,sparse_cell,G+E normalized-reference,W263,ME3,-1.4979857667015282,0.0035792317312470113,-1.5015649984327752
CV2,sparse_cell,G+E normalized-reference,W264,ME4,-0.5063140781795771,-0.11397486528115866,-0.39233921289841844
CV2,sparse_cell,G+E normalized-reference,W265,ME1,0.26048019392028027,-0.26252870283210483,0.5230088967523852
CV2,sparse_cell,G+E normalized-reference,W266,ME2,-1.267779954309016,-0.40550511464670663,-0.8622748396623094
CV2,sparse_cell,G+E normalized-reference,W267,ME3,0.7941824810714333,0.3460257540075105,0.4481567270639228
CV2,sparse_cell,G+E normalized-reference,W268,ME4,1.1852943343927658,0.196036025366662,0.9892583090261038
CV2,sparse_cell,G+E normalized-reference,W269,ME1,-0.1518057448854522,0.3743098962305774,-0.5261156411160296
CV2,sparse_cell,G+E normalized-reference,W270,ME2,-2.0905081910375016,-0.06607094783204741,-2.0244372432054543
CV2,sparse_cell,G+E normalized-reference,W271,ME3,-0.7556372625697024,-0.16522017398196823,-0.5904170885877342
CV2,sparse_cell,G+E normalized-reference,W272,ME4,1.5786294378118395,-0.38611714640240724,1.9647465842142466
CV2,sparse_cell,G+E normalized-reference,W273,ME1,-0.7698518813035222,-0.23315913557330398,-0.5366927457302182
CV2,sparse_cell,G+E normalized-reference,W274,ME2,-1.1044177698884592,-0.28532230867152164,-0.8190954612169375
CV2,sparse_cell,G+E normalized-reference,W275,ME3,-0.6204928052364007,-0.3873430673088097,-0.23314973792759103
CV2,sparse_cell,G+E normalized-reference,W276,ME4,-0.6020203755435065,-0.11094234723611224,-0.4910780283073943
CV2,sparse_cell,G+E normalized-reference,W277,ME1,-0.5857956586223904,-0.5207110634709501,-0.06508459515144027
CV2,sparse_cell,G+E normalized-reference,W278,ME2,-0.8811546411553238,-0.02047369081594321,-0.8606809503393806
CV2,sparse_cell,G+E normalized-reference,W279,ME3,-0.2876995790531457,-0.434784338577946,0.14708475952480032
CV2,sparse_cell,G+E normalized-reference,W280,ME4,-1.5487937028773537,-0.036052413089800915,-1.5127412897875527
CV2,sparse_cell,G+E normalized-reference,W281,ME1,-0.1682486437170095,-0.0761604123536544,-0.09208823136335512
CV2,sparse_cell,G+E normalized-reference,W282,ME2,-0.7804716910159893,-0.11891322746151044,-0.6615584635544789
CV2,sparse_cell,G+E normalized-reference,W283,ME3,-1.7213542150877255,-0.11499426497061951,-1.606359950117106
CV2,sparse_cell,G+E normalized-reference,W284,ME4,1.4590555663724403,-0.10651689143465778,1.565572457807098
CV2,sparse_cell,G+E normalized-reference,W285,ME1,1.2356279786623419,-0.24280633035815266,1.4784343090204946
CV2,sparse_cell,G+E normalized-reference,W286,ME2,-0.8867618505225658,-0.20749368967398363,-0.6792681608485822
CV2,sparse_cell,G+E normalized-reference,W287,ME3,-2.1521356193662067,-0.09045747056478995,-2.0616781488014166
CV2,sparse_cell,G+E normalized-reference,W288,ME4,-2.48609552092087,-0.4743376258779513,-2.0117578950429187
CV2,sparse_cell,G+E normalized-reference,W289,ME1,0.5617053049073161,0.23536354610584262,0.3263417588014734
CV2,sparse_cell,G+E normalized-reference,W290,ME2,-0.22502254368561264,0.16977586349020451,-0.39479840717581716
CV2,sparse_cell,G+E normalized-reference,W291,ME3,-0.8569956055696786,-0.2910483362063804,-0.5659472693632982
CV2,sparse_cell,G+E normalized-reference,W292,ME4,0.08500231619445406,-0.04402676524065241,0.12902908143510647
CV2,sparse_cell,G+E normalized-reference,W293,ME1,0.8461698979174604,-0.11342793825623419,0.9595978361736947
CV2,sparse_cell,G+E normalized-reference,W294,ME2,0.6605937737226507,0.022046904325360887,0.6385468693972898
CV2,sparse_cell,G+E normalized-reference,W295,ME3,0.9363037710145666,-0.22135172276166365,1.1576554937762302
CV2,sparse_cell,G+E normalized-reference,W296,ME4,-0.05135123075680209,-0.06132958814912973,0.009978357392327636
CV2,sparse_cell,G+E normalized-reference,W297,ME1,0.12716159368620536,-0.33576990053791644,0.46293149422412183
CV2,sparse_cell,G+E normalized-reference,W298,ME2,-0.9044821510059489,-0.3069097761984481,-0.5975723748075008
CV2,sparse_cell,G+E normalized-reference,W299,ME3,-0.801704629463191,0.007974517858480043,-0.809679147321671
CV2,sparse_cell,G+E normalized-reference,W300,ME4,-0.6507624615591974,-0.7363464263173929,0.08558396475819552
CV2,sparse_cell,G+E normalized-reference,W301,ME1,0.4116750511802455,-0.03648857144684187,0.44816362262708737
CV2,sparse_cell,G+E normalized-reference,W302,ME2,-0.4864919059966695,-0.41263481942551766,-0.07385708657115186
CV2,sparse_cell,G+E normalized-reference,W303,ME3,-1.2611619982820832,-0.2963731801582611,-0.9647888181238221
CV2,sparse_cell,G+E normalized-reference,W304,ME4,0.7707191353890623,0.019204611412178052,0.7515145239768843
CV2,sparse_cell,G+E normalized-reference,W305,ME1,-1.474013526510542,-0.08434546086337615,-1.3896680656471658
CV2,sparse_cell,G+E normalized-reference,W306,ME2,-1.4221997156642086,-0.22621875729011814,-1.1959809583740904
CV2,sparse_cell,G+E normalized-reference,W307,ME3,-0.5341608365861715,0.19820252566065263,-0.7323633622468242
CV2,sparse_cell,G+E normalized-reference,W308,ME4,0.11230763907380584,0.17316072181026732,-0.06085308273646148
CV2,sparse_cell,G+E normalized-reference,W309,ME1,1.1562231923286694,-0.22981128003845247,1.3860344723671219
CV2,sparse_cell,G+E normalized-reference,W310,ME2,-0.21608644929899126,-0.1512955274964869,-0.06479092180250437
CV2,sparse_cell,G+E normalized-reference,W311,ME3,-0.8288348792728519,-0.10672869675335862,-0.7221061825194933
CV2,sparse_cell,G+E normalized-reference,W312,ME4,-0.629553832782841,-0.22614808148018473,-0.4034057513026563
CV2,sparse_cell,G+E normalized-reference,W313,ME1,0.10518072001291338,-0.3928658769047265,0.4980465969176399
CV2,sparse_cell,G+E normalized-reference,W314,ME2,-0.4162878726887524,-0.23586854777326055,-0.18041932491549184
CV2,sparse_cell,G+E normalized-reference,W315,ME3,0.47755591059667307,-0.09672452411139507,0.5742804347080681
CV2,sparse_cell,G+E normalized-reference,W316,ME4,-0.3266858031501543,-0.19068626720831813,-0.13599953594183614
CV2,sparse_cell,G+E normalized-reference,W317,ME1,-0.29379779101136066,-0.04894623017742162,-0.24485156083393905
CV2,sparse_cell,G+E normalized-reference,W318,ME2,0.25946312888756146,-0.14777222256044892,0.4072353514480104
CV2,sparse_cell,G+E normalized-reference,W319,ME3,0.8645082780562494,-0.10080967233864331,0.9653179503948928
CV2,sparse_cell,G+E normalized-reference,W320,ME4,-1.312100371043892,-0.09844152209133923,-1.2136588489525528
CV2,sparse_cell,G+E normalized-reference,W321,ME1,-1.0426785830653766,-0.10333088146560661,-0.93934770159977
CV2,sparse_cell,G+E normalized-reference,W322,ME2,0.8221079839499407,-0.1869305934559531,1.0090385774058936
CV2,sparse_cell,G+E normalized-reference,W323,ME3,0.15025292799258408,-0.20873950439997105,0.3589924323925551
CV2,sparse_cell,G+E normalized-reference,W324,ME4,0.0561551197096985,-0.2746875613286273,0.3308426810383258
CV2,sparse_cell,G+E normalized-reference,W325,ME1,0.17486147405095656,-0.21710497910263496,0.3919664531535915
CV2,sparse_cell,G+E normalized-reference,W326,ME2,-0.20335314766593282,-0.2007726802574616,-0.002580467408471232
CV2,sparse_cell,G+E normalized-reference,W327,ME3,1.1601874576443458,-0.32973057916317006,1.489918036807516
CV2,sparse_cell,G+E normalized-reference,W328,ME4,-0.8026212782872341,-0.014658100542665089,-0.7879631777445689
CV2,sparse_cell,G+E normalized-reference,W329,ME1,-1.657556672110748,-0.4550393624152577,-1.2025173096954902
CV2,sparse_cell,G+E normalized-reference,W330,ME2,0.5869469391779631,-0.20433396721246566,0.7912809063904288
CV2,sparse_cell,G+E normalized-reference,W331,ME3,-0.8882477613280045,-0.5254874939792996,-0.3627602673487049
CV2,sparse_cell,G+E normalized-reference,W332,ME4,-0.588599781814847,-0.06952021255609132,-0.5190795692587556
CV2,sparse_cell,G+E normalized-reference,W333,ME1,1.1801097808739682,-0.23392109580450465,1.4140308766784728
CV2,sparse_cell,G+E normalized-reference,W334,ME2,0.23763551589927928,-0.011656848092142836,0.24929236399142213
CV2,sparse_cell,G+E normalized-reference,W335,ME3,0.2146577084404855,0.023444614896913844,0.19121309354357166
CV2,sparse_cell,G+E normalized-reference,W336,ME4,-1.4660438638200486,-0.19001885380829944,-1.2760250100117492
CV2,sparse_cell,G+E normalized-reference,W337,ME1,-0.6706406908300031,-0.2842344678189594,-0.3864062230110437
CV2,sparse_cell,G+E normalized-reference,W338,ME2,0.33145184960130375,-0.31473676200317763,0.6461886116044814
CV2,sparse_cell,G+E normalized-reference,W339,ME3,-0.05215968297836793,0.06261291326397558,-0.11477259624234351
CV2,sparse_cell,G+E normalized-reference,W340,ME4,-0.14921300448746808,0.22292174789322255,-0.3721347523806906
CV2,sparse_cell,G+E normalized-reference,W341,ME1,1.4213618819572946,0.07177282908648494,1.3495890528708097
CV2,sparse_cell,G+E normalized-reference,W342,ME2,-0.633937463375902,-0.01966350095459403,-0.6142739624213079
CV2,sparse_cell,G+E normalized-reference,W343,ME3,0.9831397720091377,-0.047177999729015804,1.0303177717381535
CV2,sparse_cell,G+E normalized-reference,W344,ME4,0.11909660295881917,0.28202931847450996,-0.16293271551569077
CV2,sparse_cell,G+E normalized-reference,W345,ME1,-1.1022769652592055,-0.23936752037890366,-0.8629094448803019
CV2,sparse_cell,G+E normalized-reference,W346,ME2,0.6804594963002706,0.3724582519349085,0.3080012443653621
CV2,sparse_cell,G+E normalized-reference,W347,ME3,0.25118894456339397,0.3264065272243591,-0.07521758266096512
CV2,sparse_cell,G+E normalized-reference,W348,ME4,-0.07495133696194672,-0.20954082271108987,0.13458948574914315
CV2,sparse_cell,G+E normalized-reference,W349,ME1,-0.06457449704750653,-0.20514475992979522,0.1405702628822887
CV2,sparse_cell,G+E normalized-reference,W350,ME2,-1.5057382750858699,-0.5117741107924839,-0.993964164293386
CV2,sparse_cell,G+E normalized-reference,W351,ME3,-1.386314212301304,-0.24453531279293178,-1.1417788995083722
CV2,sparse_cell,G+E normalized-reference,W352,ME4,-1.491941047029161,-0.14560062254546977,-1.3463404244836912
CV2,sparse_cell,G+E normalized-reference,W353,ME1,-0.5724800867602826,0.37246991580191885,-0.9449500025622015
CV2,sparse_cell,G+E normalized-reference,W354,ME2,-0.5286788785046079,0.040762865205143814,-0.5694417437097518
CV2,sparse_cell,G+E normalized-reference,W355,ME3,-0.1772527712975054,0.25559872852243437,-0.43285149981993976
CV2,sparse_cell,G+E normalized-reference,W356,ME4,-0.4883071971450517,0.09136289996558218,-0.5796700971106339
CV2,sparse_cell,G+E normalized-reference,W357,ME1,-0.15157771062726316,-0.016687748786231138,-0.13488996184103202
CV2,sparse_cell,G+E normalized-reference,W358,ME2,-0.9178926212646227,0.1247361307988794,-1.042628752063502
CV2,sparse_cell,G+E normalized-reference,W359,ME3,-1.4510653004211223,0.13054663761933394,-1.581611938040456
CV2,sparse_cell,G+E normalized-reference,W360,ME4,0.5098120945891214,-0.08285356000735497,0.5926656545964764
CV2,sparse_cell,G+E normalized-reference,W361,ME1,1.7077566220813938,0.2018005754636769,1.5059560466177169
CV2,sparse_cell,G+E normalized-reference,W362,ME2,-0.969844745074655,-0.08778612468131476,-0.8820586203933403
CV2,sparse_cell,G+E normalized-reference,W363,ME3,-0.18851199389908596,-0.2106578924624603,0.022145898563374344
CV2,sparse_cell,G+E normalized-reference,W364,ME4,-0.17983807563967694,0.2962200601868872,-0.4760581358265641
CV2,sparse_cell,G+E normalized-reference,W365,ME1,0.42732797418879037,-0.08139481833043587,0.5087227925192263
CV2,sparse_cell,G+E normalized-reference,W366,ME2,0.5991802751902414,0.04367863000832088,0.5555016451819206
CV2,sparse_cell,G+E normalized-reference,W367,ME3,0.5535746678466565,0.4033454189966889,0.15022924884996763
CV2,sparse_cell,G+E normalized-reference,W368,ME4,-1.0803158613011001,-0.17526610215417754,-0.9050497591469226
CV2,sparse_cell,G+E normalized-reference,W369,ME1,1.5059788799067169,-0.4654339982163152,1.971412878123032
CV2,sparse_cell,G+E normalized-reference,W370,ME2,-0.3077383748705453,-0.14046292852101494,-0.16727544634953034
CV2,sparse_cell,G+E normalized-reference,W371,ME3,-0.3055555404783089,-0.1377099339967562,-0.1678456064815527
CV2,sparse_cell,G+E normalized-reference,W372,ME4,0.2898669714592444,0.30421406767014675,-0.014347096210902355
CV2,sparse_cell,G+E normalized-reference,W373,ME1,-0.9876408860353292,-0.10039223696921792,-0.8872486490661112
CV2,sparse_cell,G+E normalized-reference,W374,ME2,0.4668033019006278,-0.08572551070637908,0.5525288126070069
CV2,sparse_cell,G+E normalized-reference,W375,ME3,-0.08121574130502755,-0.25926683720380356,0.178051095898776
CV2,sparse_cell,G+E normalized-reference,W376,ME4,-0.390335289585429,-0.3239470725307127,-0.06638821705471631
CV2,sparse_cell,G+E normalized-reference,W377,ME1,-0.8604547785304051,-0.27484319824819653,-0.5856115802822086
CV2,sparse_cell,G+E normalized-reference,W378,ME2,-0.5151165199560768,0.042620736749767796,-0.5577372567058445
CV2,sparse_cell,G+E normalized-reference,W379,ME3,-0.4943945800158474,0.043086318447498224,-0.5374808984633457
CV2,sparse_cell,G+E normalized-reference,W380,ME4,-0.7243161258985648,-0.716055393478878,-0.008260732419686723
CV2,sparse_cell,G+E normalized-reference,W381,ME1,-0.47157492751164415,-0.4140294749977251,-0.05754545251391907
CV2,sparse_cell,G+E normalized-reference,W382,ME2,-1.2624891788789776,0.040664227925774864,-1.3031534068047526
CV2,sparse_cell,G+E normalized-reference,W383,ME3,-0.3379564241239671,0.06583484498425095,-0.40379126910821805
CV2,sparse_cell,G+E normalized-reference,W384,ME4,-0.05356964074008553,-0.41112968563152086,0.35756004489143534
CV2,sparse_cell,G+E normalized-reference,W385,ME1,-0.0389206430012417,-0.17345667848216428,0.13453603548092258
CV2,sparse_cell,G+E normalized-reference,W386,ME2,-0.4948394332600915,-0.08005520778620455,-0.41478422547388694
CV2,sparse_cell,G+E normalized-reference,W387,ME3,0.34203135947712243,0.11376311836971457,0.22826824110740784
CV2,sparse_cell,G+E normalized-reference,W388,ME4,-0.5011849884309924,-0.2752413696831034,-0.22594361874788893
CV2,sparse_cell,G+E normalized-reference,W389,ME1,0.5995182713634448,-0.5828957513363838,1.1824140226998288
CV2,sparse_cell,G+E normalized-reference,W390,ME2,0.043718470502375345,-0.08030677891189146,0.1240252494142668
CV2,sparse_cell,G+E normalized-reference,W391,ME3,-0.42960125925311243,-0.6319845729633696,0.2023833137102572
CV2,sparse_cell,G+E normalized-reference,W392,ME4,-0.2186995838574817,0.34354742770802477,-0.5622470115655065
CV2,sparse_cell,G+E normalized-reference,W393,ME1,-0.17097691073462892,0.4051997030107712,-0.5761766137454001
CV2,sparse_cell,G+E normalized-reference,W394,ME2,0.03283314306258371,0.3845987500854284,-0.35176560702284465
CV2,sparse_cell,G+E normalized-reference,W395,ME3,-0.06516733699669865,-0.11190617883978868,0.04673884184309003
CV2,sparse_cell,G+E normalized-reference,W396,ME4,1.5754827569844874,0.461082705229645,1.1144000517548425
CV2,sparse_cell,G+E normalized-reference,W397,ME1,0.6546618414419376,0.36522365169731114,0.2894381897446265
CV2,sparse_cell,G+E normalized-reference,W398,ME2,-1.9297597509382436,-0.607072629163683,-1.3226871217745606
CV2,sparse_cell,G+E normalized-reference,W399,ME3,0.47372118661984175,0.42386732717325115,0.0498538594465906
CV2,sparse_cell,G+E normalized-reference,W400,ME4,-0.5505328105059495,0.1581106792204109,-0.7086434897263604
CV2,sparse_cell,G+E normalized-reference,W401,ME1,-0.07231137366463306,0.3742958556026708,-0.4466072292673039
CV2,sparse_cell,G+E normalized-reference,W402,ME2,-0.8668138551212717,0.29493542244604043,-1.1617492775673122
CV2,sparse_cell,G+E normalized-reference,W403,ME3,0.292492469335884,0.28184102633460445,0.01065144300127957
CV2,sparse_cell,G+E normalized-reference,W404,ME4,1.8980175417881282,0.3858235888979024,1.5121939528902257
CV2,sparse_cell,G+E normalized-reference,W405,ME1,1.4818398248612796,0.5600885299746502,0.9217512948866294
CV2,sparse_cell,G+E normalized-reference,W406,ME2,-1.0395298267255575,0.17872545017500652,-1.218255276900564
CV2,sparse_cell,G+E normalized-reference,W407,ME3,0.4321051402897683,0.2740264221025699,0.15807871818719843
CV2,sparse_cell,G+E normalized-reference,W408,ME4,0.6167913760170415,0.03689362516629886,0.5798977508507426
CV2,sparse_cell,G+E normalized-reference,W409,ME1,-1.2779936493551367,-0.14227377209608527,-1.1357198772590515
CV2,sparse_cell,G+E normalized-reference,W410,ME2,0.0194986169488371,0.3582983607693798,-0.33879974382054273
CV2,sparse_cell,G+E normalized-reference,W411,ME3,1.849060989315101,-0.414138672542098,2.263199661857199
CV2,sparse_cell,G+E normalized-reference,W412,ME4,0.20503245635381828,0.15025986232761124,0.054772594026207044
CV2,sparse_cell,G+E normalized-reference,W413,ME1,-0.3323763010485524,-0.030241681733916732,-0.3021346193146357
CV2,sparse_cell,G+E normalized-reference,W414,ME2,0.1803356585505129,-0.12121945520771828,0.3015551137582312
CV2,sparse_cell,G+E normalized-reference,W415,ME3,1.9449882144359945,-0.06661815324586914,2.0116063676818636
CV2,sparse_cell,G+E normalized-reference,W416,ME4,-0.22953989930771182,-0.47939289755393183,0.24985299824622
CV2,sparse_cell,G+E normalized-reference,W417,ME1,-0.03804922637173485,0.3317630567201574,-0.36981228309189224
CV2,sparse_cell,G+E normalized-reference,W418,ME2,0.5635118417886885,-0.1596953229461155,0.723207164734804
CV2,sparse_cell,G+E normalized-reference,W419,ME3,-0.5403605885663361,-0.1328344762963863,-0.4075261122699497
CV2,sparse_cell,G+E normalized-reference,W420,ME4,-0.025745115524221367,-0.33080022525735525,0.3050551097331339
CV2,sparse_cell,G+E normalized-reference,W421,ME1,-0.7322262287023361,0.18771317977840038,-0.9199394084807365
CV2,sparse_cell,G+E normalized-reference,W422,ME2,1.9038373982792973,0.16302143815996228,1.7408159601193351
CV2,sparse_cell,G+E normalized-reference,W423,ME3,0.19654835115782304,-0.030137011371012955,0.226685362528836
CV2,sparse_cell,G+E normalized-reference,W424,ME4,0.31206680469621634,-0.07431142869693877,0.38637823339315513
CV2,sparse_cell,G+E normalized-reference,W425,ME1,-0.017623872102518333,0.28738327414173537,-0.3050071462442537
CV2,sparse_cell,G+E normalized-reference,W426,ME2,0.3311860450940529,0.1722252141083223,0.1589608309857306
CV2,sparse_cell,G+E normalized-reference,W427,ME3,0.1611320568079141,0.05818553927074187,0.10294651753717222
CV2,sparse_cell,G+E normalized-reference,W428,ME4,-0.24336956154392553,-0.11496297426491722,-0.1284065872790083
CV2,sparse_cell,G+E normalized-reference,W429,ME1,-1.0413592420001396,0.061330492786036514,-1.1026897347861762
CV2,sparse_cell,G+E normalized-reference,W430,ME2,0.273778600206637,0.08296281024521791,0.19081578996141912
CV2,sparse_cell,G+E normalized-reference,W431,ME3,0.0238252881572805,0.015168735341957335,0.008656552815323166
CV2,sparse_cell,G+E normalized-reference,W432,ME4,-0.14617645748907251,0.09796082557647617,-0.2441372830655487
CV2,sparse_cell,G+E normalized-reference,W433,ME1,-0.8926564734189554,0.0550538780858421,-0.9477103515047974
CV2,sparse_cell,G+E normalized-reference,W434,ME2,0.24002775646453645,-0.06570404983405716,0.3057318062985936
CV2,sparse_cell,G+E normalized-reference,W435,ME3,-0.03741204407187156,0.09745517376834821,-0.13486721784021977
CV2,sparse_cell,G+E normalized-reference,W436,ME4,0.6863487557056707,0.26345762280428764,0.422891132901383
CV2,sparse_cell,G+E normalized-reference,W437,ME1,-0.704397905122626,-0.09689184074606084,-0.6075060643765652
CV2,sparse_cell,G+E normalized-reference,W438,ME2,0.1924614070241416,-0.3032281330915695,0.4956895401157111
CV2,sparse_cell,G+E normalized-reference,W439,ME3,1.289267307454817,-0.07249998551117912,1.3617672929659963
CV2,sparse_cell,G+E normalized-reference,W440,ME4,1.0853872181243212,-0.022685081735489512,1.1080722998598107
CV2,sparse_cell,G+E normalized-reference,W441,ME1,-0.1405261931857474,0.16442190557585828,-0.30494809876160567
CV2,sparse_cell,G+E normalized-reference,W442,ME2,0.20619463989876383,0.12978366335102354,0.07641097654774029
CV2,sparse_cell,G+E normalized-reference,W443,ME3,1.6516233836797303,0.14567385219569423,1.505949531484036
CV2,sparse_cell,G+E normalized-reference,W444,ME4,-2.0072100325081474,-0.24287177438373914,-1.7643382581244083
CV2,sparse_cell,G+E normalized-reference,W445,ME1,-0.5518348423135264,-0.18685313139056867,-0.3649817109229577
CV2,sparse_cell,G+E normalized-reference,W446,ME2,1.907792822494339,0.3164602323288847,1.5913325901654543
CV2,sparse_cell,G+E normalized-reference,W447,ME3,4.875384608494055,-0.06085217341958517,4.93623678191364
CV2,sparse_cell,G+E normalized-reference,W448,ME4,0.37681762942106406,-0.1393879452185563,0.5162055746396204
CV2,sparse_cell,G+E normalized-reference,W449,ME1,0.12509299720120523,-0.8593359958459864,0.9844289930471917
CV2,sparse_cell,G+E normalized-reference,W450,ME2,-0.38176493013987695,-0.20205569008154173,-0.17970924005833522
CV2,sparse_cell,G+E normalized-reference,W451,ME3,0.32632081631212523,-0.4659588308739709,0.7922796471860961
CV2,sparse_cell,G+E normalized-reference,W452,ME4,-0.10936815851111582,0.00616025479340997,-0.11552841330452579
CV2,sparse_cell,G+E normalized-reference,W453,ME1,0.3815175205347489,0.4833875361315831,-0.10187001559683417
CV2,sparse_cell,G+E normalized-reference,W454,ME2,0.7295257426030093,0.307360405361841,0.4221653372411683
CV2,sparse_cell,G+E normalized-reference,W455,ME3,1.4468541912340296,0.35532393090049735,1.0915302603335322
CV2,sparse_cell,G+E normalized-reference,W456,ME4,0.389742620919416,0.4717082752566116,-0.08196565433719555
CV2,sparse_cell,G+E normalized-reference,W457,ME1,-0.3174482012178212,0.5006285698964037,-0.8180767711142249
CV2,sparse_cell,G+E normalized-reference,W458,ME2,0.7401009647843434,0.26483885121119466,0.47526211357314874
CV2,sparse_cell,G+E normalized-reference,W459,ME3,0.6879504910788741,0.46846605666052477,0.2194844344183493
CV2,sparse_cell,G+E normalized-reference,W460,ME4,1.3428014432059008,0.3314904400404717,1.011311003165429
CV2,sparse_cell,G+E normalized-reference,W461,ME1,2.082612366221532,0.028905142904385166,2.0537072233171467
CV2,sparse_cell,G+E normalized-reference,W462,ME2,1.8385444196767766,0.6591760465440752,1.1793683731327014
CV2,sparse_cell,G+E normalized-reference,W463,ME3,0.7807862867382699,0.7287693932914078,0.05201689344686211
CV2,sparse_cell,G+E normalized-reference,W464,ME4,0.4570422571144192,0.4828855158774712,-0.02584325876305199
CV2,sparse_cell,G+E normalized-reference,W465,ME1,-0.549196160183055,0.17754862554717296,-0.7267447857302279
CV2,sparse_cell,G+E normalized-reference,W466,ME2,1.461146320131931,-0.08490518244244678,1.5460515025743777
CV2,sparse_cell,G+E normalized-reference,W467,ME3,1.411953135127704,0.6213570274677968,0.7905961076599072
CV2,sparse_cell,G+E normalized-reference,W468,ME4,0.06763263802746716,0.3365009203938845,-0.26886828236641735
CV2,sparse_cell,G+E normalized-reference,W469,ME1,0.296908666665976,0.6577755019928565,-0.3608668353268805
CV2,sparse_cell,G+E normalized-reference,W470,ME2,0.8158868927445239,0.24638965974546634,0.5694972329990575
CV2,sparse_cell,G+E normalized-reference,W471,ME3,0.6808385140117097,0.27440560356736443,0.40643291044434526
CV2,sparse_cell,G+E normalized-reference,W472,ME4,0.7454355549412843,0.4488266685404139,0.2966088864008704
CV2,sparse_cell,G+E normalized-reference,W473,ME1,-1.2022944197170344,0.47454478338617534,-1.6768392031032098
CV2,sparse_cell,G+E normalized-reference,W474,ME2,1.0483076196203214,0.20958658464789354,0.8387210349724279
CV2,sparse_cell,G+E normalized-reference,W475,ME3,0.16777947480299704,0.5285628779051185,-0.3607834031021214
CV2,sparse_cell,G+E normalized-reference,W476,ME4,0.8550029813497011,0.4848071833430907,0.3701957980066104
CV2,sparse_cell,G+E normalized-reference,W477,ME1,-0.4917559593613715,0.06915881116318559,-0.5609147705245571
CV2,sparse_cell,G+E normalized-reference,W478,ME2,1.5837391560832192,0.579270867297198,1.0044682887860212
CV2,sparse_cell,G+E normalized-reference,W479,ME3,-1.1343204785461969,0.09310991791317114,-1.227430396459368
CV2,sparse_cell,G+E normalized-reference,W480,ME4,0.0719907909733504,0.04040029284268726,0.03159049813066314
CV2,sparse_cell,G+E normalized-reference,W481,ME1,-0.6238692356593067,0.11863563124791927,-0.7425048669072261
CV2,sparse_cell,G+E normalized-reference,W482,ME2,1.0628066226229747,-0.006918132879031511,1.0697247555020062
CV2,sparse_cell,G+E normalized-reference,W483,ME3,0.6017874530003112,0.34522606630375274,0.2565613866965585
CV2,sparse_cell,G+E normalized-reference,W484,ME4,0.3790675062126212,0.21351158266721834,0.16555592354540286
CV2,sparse_cell,G+E normalized-reference,W485,ME1,-0.9317154842144731,-0.24609176207420005,-0.6856237221402731
CV2,sparse_cell,G+E normalized-reference,W486,ME2,2.429908818879724,0.34397813031879,2.0859306885609343
CV2,sparse_cell,G+E normalized-reference,W487,ME3,0.6283855715092214,0.1543821824855633,0.4740033890236581
CV2,sparse_cell,G+E normalized-reference,W488,ME4,0.04403253182232322,0.24573486292596264,-0.20170233110363942
CV2,sparse_cell,G+E normalized-reference,W489,ME1,-0.2186930792606787,0.17078168296877394,-0.38947476222945265
CV2,sparse_cell,G+E normalized-reference,W490,ME2,0.9018999655551156,0.17766932665526297,0.7242306388998527
CV2,sparse_cell,G+E normalized-reference,W491,ME3,1.5891444117488291,0.19621540012140795,1.392929011627421
CV2,sparse_cell,G+E normalized-reference,W492,ME4,1.3253216312099565,0.23754499637674942,1.0877766348332072
CV2,sparse_cell,G+E normalized-reference,W493,ME1,0.414558055730206,-0.3400964065979904,0.7546544623281963
CV2,sparse_cell,G+E normalized-reference,W494,ME2,0.07548210911883936,-0.2113122127805424,0.28679432189938175
CV2,sparse_cell,G+E normalized-reference,W495,ME3,-0.08742393981377662,-0.2165785294592841,0.12915458964550747
CV2,sparse_cell,G+E normalized-reference,W496,ME4,1.191587696047471,-0.023696629162622464,1.2152843252100933
CV2,sparse_cell,G+E normalized-reference,W497,ME1,0.07669272590058679,0.33484645412935815,-0.25815372822877136
CV2,sparse_cell,G+E normalized-reference,W498,ME2,0.4544687070284439,-0.0678063443885124,0.5222750514169563
CV2,sparse_cell,G+E normalized-reference,W499,ME3,-1.3370371645461494,-0.24852183931178504,-1.0885153252343645
CV2,sparse_cell,G+E normalized-reference,W500,ME4,1.2997548494877165,-0.21991860038485567,1.5196734498725721
CV2,sparse_cell,G+E normalized-reference,W501,ME1,0.05677230463164708,-0.4137748635053602,0.47054716813700725
CV2,sparse_cell,G+E normalized-reference,W502,ME2,-1.6145915494837932,-0.44189249546757586,-1.1726990540162174
CV2,sparse_cell,G+E normalized-reference,W503,ME3,-1.3912385384653865,-0.6424543289712787,-0.7487842094941077
CV2,sparse_cell,G+E normalized-reference,W504,ME4,-0.29521899487662834,-0.05690027341401869,-0.23831872146260966
CV2,sparse_cell,G+E normalized-reference,W505,ME1,0.7185847304607064,-0.2932251572459437,1.0118098877066501
CV2,sparse_cell,G+E normalized-reference,W506,ME2,0.1312567548902864,-0.2505711405417559,0.3818278954320423
CV2,sparse_cell,G+E normalized-reference,W507,ME3,1.087184111098613,0.20708892269862497,0.8800951883999879
CV2,sparse_cell,G+E normalized-reference,W508,ME4,1.2122377889769722,0.32104433068607297,0.8911934582908992
CV2,sparse_cell,G+E normalized-reference,W509,ME1,-1.4683941108623129,0.4058509020719238,-1.8742450129342367
CV2,sparse_cell,G+E normalized-reference,W510,ME2,1.031277145120041,-0.0833998455273609,1.114676990647402
CV2,sparse_cell,G+E normalized-reference,W511,ME3,1.2596706712988222,0.5072616219962227,0.7524090493025994
CV2,sparse_cell,G+E normalized-reference,W512,ME4,0.5619683293024913,0.4112342063849534,0.1507341229175379
CV2,sparse_cell,G+E normalized-reference,W513,ME1,0.011328334606835667,0.45087905455227484,-0.43955071994543915
CV2,sparse_cell,G+E normalized-reference,W514,ME2,0.5232361302614574,-0.10720260221172047,0.6304387324731779
CV2,sparse_cell,G+E normalized-reference,W515,ME3,0.34541841743903756,-0.08739246679128941,0.432810884230327
CV2,sparse_cell,G+E normalized-reference,W516,ME4,0.12649130290309799,0.18336367664657952,-0.05687237374348153
CV2,sparse_cell,G+E normalized-reference,W517,ME1,-0.3560837198195595,0.36765693879994027,-0.7237406586194998
CV2,sparse_cell,G+E normalized-reference,W518,ME2,1.545222817246839,0.3643453436737323,1.1808774735731067
CV2,sparse_cell,G+E normalized-reference,W519,ME3,0.5149824787494153,0.132100086319806,0.3828823924296093
CV2,sparse_cell,G+E normalized-reference,W520,ME4,1.9184709671659197,0.34928524329090516,1.5691857238750146
CV2,sparse_cell,G+E normalized-reference,W521,ME1,-1.3975976177752751,0.32316180407764755,-1.7207594218529227
CV2,sparse_cell,G+E normalized-reference,W522,ME2,1.1833806100549058,0.3068971679489697,0.8764834421059361
CV2,sparse_cell,G+E normalized-reference,W523,ME3,0.7309517680966139,0.22920708050220645,0.5017446875944074
CV2,sparse_cell,G+E normalized-reference,W524,ME4,1.9022104939905746,-0.6407320736509436,2.5429425676415183
CV2,sparse_cell,G+E normalized-reference,W525,ME1,-1.101902337549322,0.4455881256681143,-1.5474904632174362
CV2,sparse_cell,G+E normalized-reference,W526,ME2,0.386872089363083,0.1696558736898468,0.21721621567323618
CV2,sparse_cell,G+E normalized-reference,W527,ME3,0.1582771301467489,0.0643115686933335,0.0939655614534154
CV2,sparse_cell,G+E normalized-reference,W528,ME4,0.7628524333206811,-0.020858822575492472,0.7837112558961735
CV2,sparse_cell,G+E normalized-reference,W529,ME1,-1.424562668806125,0.11492469352337065,-1.5394873623294956
CV2,sparse_cell,G+E normalized-reference,W530,ME2,0.41949009960999495,-0.3752430295144299,0.7947331291244248
CV2,sparse_cell,G+E normalized-reference,W531,ME3,0.8378256942615047,0.13714563493846094,0.7006800593230438
CV2,sparse_cell,G+E normalized-reference,W532,ME4,0.9196279388414551,0.2384571645019402,0.6811707743395149
CV2,sparse_cell,G+E normalized-reference,W533,ME1,0.21659988738019506,0.18230519061138678,0.03429469676880828
CV2,sparse_cell,G+E normalized-reference,W534,ME2,1.8999199461367207,-0.008635411638538475,1.9085553577752592
CV2,sparse_cell,G+E normalized-reference,W535,ME3,1.0950900618526118,0.37381251194009046,0.7212775499125214
CV2,sparse_cell,G+E normalized-reference,W536,ME4,0.49440122523716273,0.274937819355545,0.21946340588161772
CV2,sparse_cell,G+E normalized-reference,W537,ME1,-0.706295475913985,0.43401732298070483,-1.1403127988946897
CV2,sparse_cell,G+E normalized-reference,W538,ME2,0.6743713073484808,0.31970391446087004,0.3546673928876108
CV2,sparse_cell,G+E normalized-reference,W539,ME3,1.9842054466484027,0.337635756341465,1.6465696903069378
CV2,sparse_cell,G+E normalized-reference,W540,ME4,0.7549857312522991,0.08567595886598545,0.6693097723863136
CV2,sparse_cell,G+E normalized-reference,W541,ME1,-0.5933045009813293,-0.12936648874101203,-0.4639380122403172
CV2,sparse_cell,G+E normalized-reference,W542,ME2,1.0681100554105007,0.022538359758368934,1.0455716956521317
CV2,sparse_cell,G+E normalized-reference,W543,ME3,1.9071308733255052,-0.15920093720359932,2.0663318105291046
CV2,sparse_cell,G+E normalized-reference,W544,ME4,2.125097763694028,0.44708605300830045,1.6780117106857273
CV2,sparse_cell,G+E normalized-reference,W545,ME1,-1.5147176415972805,0.45549471226945865,-1.970212353866739
CV2,sparse_cell,G+E normalized-reference,W546,ME2,0.8839708186731784,0.6813684703661406,0.20260234830703783
CV2,sparse_cell,G+E normalized-reference,W547,ME3,0.5126343438032495,0.0819740051791746,0.4306603386240749
CV2,sparse_cell,G+E normalized-reference,W548,ME4,1.5442755498792187,-0.12095577106476928,1.665231320943988
CV2,sparse_cell,G+E normalized-reference,W549,ME1,-1.4492473772550856,0.03094564310487967,-1.4801930203599651
CV2,sparse_cell,G+E normalized-reference,W550,ME2,0.8365057280926893,-0.06895982167092952,0.9054655497636188
CV2,sparse_cell,G+E normalized-reference,W551,ME3,0.9346060187693153,0.2708772796385284,0.6637287391307869
CV2,sparse_cell,G+E normalized-reference,W552,ME4,1.7448135190063983,-0.18711001304955308,1.9319235320559514
CV2,sparse_cell,G+E normalized-reference,W553,ME1,-2.045141614306222,0.5539158794007643,-2.599057493706986
CV2,sparse_cell,G+E normalized-reference,W554,ME2,0.5153252818313763,-0.08122212665368607,0.5965474084850624
CV2,sparse_cell,G+E normalized-reference,W555,ME3,0.5844551763473157,0.09054406352291153,0.49391111282440414
CV2,sparse_cell,G+E normalized-reference,W556,ME4,1.7595635853846139,0.2591619277293675,1.5004016576552464
CV2,sparse_cell,G+E normalized-reference,W557,ME1,-2.050321249599372,0.08944092737444802,-2.13976217697382
CV2,sparse_cell,G+E normalized-reference,W558,ME2,0.9559595393869207,0.4177327037961013,0.5382268355908194
CV2,sparse_cell,G+E normalized-reference,W559,ME3,-0.06654412115578129,0.19752876278552156,-0.26407288394130285
CV2,sparse_cell,G+E normalized-reference,W560,ME4,1.405561992307448,0.011340609541928587,1.3942213827655194
CV2,sparse_cell,G+E normalized-reference,W561,ME1,-1.636455359147615,0.4770466205404345,-2.1135019796880496
CV2,sparse_cell,G+E normalized-reference,W562,ME2,0.5050411788722706,0.13982393332140164,0.365217245550869
CV2,sparse_cell,G+E normalized-reference,W563,ME3,0.5096527192133324,0.19450934733856773,0.3151433718747647
CV2,sparse_cell,G+E normalized-reference,W564,ME4,1.4563022206485077,0.34222796416724294,1.1140742564812647
CV2,sparse_cell,G+E normalized-reference,W565,ME1,-2.001456765701728,-0.021879474341657816,-1.9795772913600702
CV2,sparse_cell,G+E normalized-reference,W566,ME2,-0.039225193117343994,-0.04976203981824519,0.010536846700901194
CV2,sparse_cell,G+E normalized-reference,W567,ME3,0.12111240438009135,-0.0643940962623968,0.18550650064248814
CV2,sparse_cell,G+E normalized-reference,W568,ME4,1.1783244363601795,0.16112502309566448,1.017199413264515
CV2,sparse_cell,G+E normalized-reference,W569,ME1,-1.7856386284871266,0.12936940345678952,-1.9150080319439162
CV2,sparse_cell,G+E normalized-reference,W570,ME2,0.30964322264925526,0.043429727300862246,0.266213495348393
CV2,sparse_cell,G+E normalized-reference,W571,ME3,-0.18840218902750308,-0.0063180733641974695,-0.18208411566330562
CV2,sparse_cell,G+E normalized-reference,W572,ME4,1.7434368461444318,0.01357672314508157,1.7298601229993502
CV2,sparse_cell,G+E normalized-reference,W573,ME1,-1.7408461849142838,0.47031505846687127,-2.211161243381155
CV2,sparse_cell,G+E normalized-reference,W574,ME2,0.3493177096958004,-0.17412733540153846,0.5234450450973389
CV2,sparse_cell,G+E normalized-reference,W575,ME3,0.2991229942737987,0.1726376186578807,0.126485375615918
CV2,sparse_cell,G+E normalized-reference,W576,ME4,0.3435572130759473,-0.4340931624091942,0.7776503754851415
CV2,sparse_cell,G+E normalized-reference,W577,ME1,-1.4524724331923298,0.5280737739301259,-1.9805462071224555
CV2,sparse_cell,G+E normalized-reference,W578,ME2,0.24635643520860157,-0.07363345745732272,0.31998989266592426
CV2,sparse_cell,G+E normalized-reference,W579,ME3,-0.13355043240734935,-0.08161982247137559,-0.05193060993597376
CV2,sparse_cell,G+E normalized-reference,W580,ME4,0.11452604905708998,-0.2595903947619759,0.37411644381906584
CV2,sparse_cell,G+E normalized-reference,W581,ME1,-1.6029750435970784,0.11029760371594614,-1.7132726473130246
CV2,sparse_cell,G+E normalized-reference,W582,ME2,0.5358934877495878,0.16907537441988002,0.36681811332970776
CV2,sparse_cell,G+E normalized-reference,W583,ME3,-0.10947782594485483,0.3532607879919873,-0.4627386139368421
CV2,sparse_cell,G+E normalized-reference,W584,ME4,1.3320083279680808,0.4740855238713613,0.8579228040967195
CV2,sparse_cell,G+E normalized-reference,W585,ME1,-2.2687292044605485,0.1047911559189021,-2.373520360379451
CV2,sparse_cell,G+E normalized-reference,W586,ME2,0.6403166870266653,0.027793842508966687,0.6125228445176987
CV2,sparse_cell,G+E normalized-reference,W587,ME3,0.14319163009691935,0.023408074402546483,0.11978355569437286
CV2,sparse_cell,G+E normalized-reference,W588,ME4,1.264551357731709,0.04466382688862082,1.219887530843088
CV2,sparse_cell,G+E normalized-reference,W589,ME1,-0.8414709265361711,0.4458413933017335,-1.2873123198379046
CV2,sparse_cell,G+E normalized-reference,W590,ME2,0.1349273885618447,0.4675896288153413,-0.33266224025349656
CV2,sparse_cell,G+E normalized-reference,W591,ME3,1.961915057716992,0.3984802072704484,1.5634348504465434
CV2,sparse_cell,G+E normalized-reference,W592,ME4,1.7018770591171724,0.24269982114635064,1.4591772379708217
CV2,sparse_cell,G+E normalized-reference,W593,ME1,-1.148877394736258,0.42964887990452033,-1.5785262746407784
CV2,sparse_cell,G+E normalized-reference,W594,ME2,0.9528331720873529,0.7001204061865032,0.2527127659008497
CV2,sparse_cell,G+E normalized-reference,W595,ME3,1.574548810356833,0.31198253681632043,1.2625662735405125
CV2,sparse_cell,G+E normalized-reference,W596,ME4,0.5543848285085714,0.21190615061201748,0.34247867789655395
CV2,sparse_cell,G+E normalized-reference,W597,ME1,-1.2099742877696142,0.7277011304148356,-1.9376754181844498
CV2,sparse_cell,G+E normalized-reference,W598,ME2,0.5279066951745784,0.5319627917165781,-0.004056096541999676
CV2,sparse_cell,G+E normalized-reference,W599,ME3,-0.3043476868908917,-0.3901877857402976,0.08584009884940591
CV2,sparse_cell,G+E+normalized-GxE-mixture,W001,ME1,1.6716294803197338,-0.08731555419010772,1.7589450345098414
CV2,sparse_cell,G+E+normalized-GxE-mixture,W002,ME2,0.40952243058809296,0.11935315975243684,0.29016927083565613
CV2,sparse_cell,G+E+normalized-GxE-mixture,W003,ME3,-0.799559211203025,-0.4234171259746766,-0.37614208522834836
CV2,sparse_cell,G+E+normalized-GxE-mixture,W004,ME4,0.5517573500177323,0.307540628924413,0.24421672109331932
CV2,sparse_cell,G+E+normalized-GxE-mixture,W005,ME1,0.998317612613427,0.43855622961553137,0.5597613829978956
CV2,sparse_cell,G+E+normalized-GxE-mixture,W006,ME2,0.6264758666133936,0.3522521517320957,0.27422371488129793
CV2,sparse_cell,G+E+normalized-GxE-mixture,W007,ME3,0.05432570287169062,0.18337323198752745,-0.12904752911583683
CV2,sparse_cell,G+E+normalized-GxE-mixture,W008,ME4,0.9643265399939988,-0.3685522396637543,1.332878779657753
CV2,sparse_cell,G+E+normalized-GxE-mixture,W009,ME1,-0.9676390239598921,-0.3782170023668081,-0.589422021593084
CV2,sparse_cell,G+E+normalized-GxE-mixture,W010,ME2,-1.6176229866022003,-0.7455620696435173,-0.8720609169586829
CV2,sparse_cell,G+E+normalized-GxE-mixture,W011,ME3,-0.21264372606166304,-0.7490072262539819,0.5363635001923188
CV2,sparse_cell,G+E+normalized-GxE-mixture,W012,ME4,0.6924061162983242,-0.47686816121313574,1.16927427751146
CV2,sparse_cell,G+E+normalized-GxE-mixture,W013,ME1,1.1741808901610542,0.5381880304077828,0.6359928597532714
CV2,sparse_cell,G+E+normalized-GxE-mixture,W014,ME2,-0.6536512976636655,0.1811012526217335,-0.834752550285399
CV2,sparse_cell,G+E+normalized-GxE-mixture,W015,ME3,-0.697905239702633,-0.4651432804274359,-0.23276195927519705
CV2,sparse_cell,G+E+normalized-GxE-mixture,W016,ME4,-0.6343525210445544,0.01940894389289148,-0.6537614649374459
CV2,sparse_cell,G+E+normalized-GxE-mixture,W017,ME1,2.3397128482489933,0.41964891066748383,1.9200639375815094
CV2,sparse_cell,G+E+normalized-GxE-mixture,W018,ME2,-0.35961455453564845,-0.14467131188409083,-0.21494324265155762
CV2,sparse_cell,G+E+normalized-GxE-mixture,W019,ME3,-0.767698905386699,-0.31493130351779236,-0.4527676018689067
CV2,sparse_cell,G+E+normalized-GxE-mixture,W020,ME4,0.09811610854244561,-0.4573175930244471,0.5554337015668926
CV2,sparse_cell,G+E+normalized-GxE-mixture,W021,ME1,0.6658680964157973,0.5881545966132293,0.07771349980256792
CV2,sparse_cell,G+E+normalized-GxE-mixture,W022,ME2,-0.862459724145355,-0.27277962560936575,-0.5896800985359892
CV2,sparse_cell,G+E+normalized-GxE-mixture,W023,ME3,-0.41496342521819896,-0.18924628981623862,-0.22571713540196034
CV2,sparse_cell,G+E+normalized-GxE-mixture,W024,ME4,-0.9611117248589154,-0.8537608276637175,-0.10735089719519786
CV2,sparse_cell,G+E+normalized-GxE-mixture,W025,ME1,-1.127238572450251,-0.6997595819756585,-0.4274789904745925
CV2,sparse_cell,G+E+normalized-GxE-mixture,W026,ME2,-0.2743862378893214,-0.2955374833198805,0.021151245430559074
CV2,sparse_cell,G+E+normalized-GxE-mixture,W027,ME3,0.06547512060168752,0.2903172109487968,-0.22484209034710928
CV2,sparse_cell,G+E+normalized-GxE-mixture,W028,ME4,0.38525073403836974,-0.21918569509681662,0.6044364291351864
CV2,sparse_cell,G+E+normalized-GxE-mixture,W029,ME1,0.9675492759192114,0.03320389957220429,0.9343453763470071
CV2,sparse_cell,G+E+normalized-GxE-mixture,W030,ME2,0.41790792992397896,0.2627753600830503,0.15513256984092866
CV2,sparse_cell,G+E+normalized-GxE-mixture,W031,ME3,0.9539401226965609,0.3850325989133883,0.5689075237831727
CV2,sparse_cell,G+E+normalized-GxE-mixture,W032,ME4,0.9739475166236292,0.0691927817730025,0.9047547348506267
CV2,sparse_cell,G+E+normalized-GxE-mixture,W033,ME1,-1.3051134379183305,0.06209224846318058,-1.367205686381511
CV2,sparse_cell,G+E+normalized-GxE-mixture,W034,ME2,-0.3815434263838341,-1.2076262269690854,0.8260828005852513
CV2,sparse_cell,G+E+normalized-GxE-mixture,W035,ME3,-0.07067447363303,-0.7636061379478719,0.6929316643148419
CV2,sparse_cell,G+E+normalized-GxE-mixture,W036,ME4,-0.8364480971812744,-0.36163573187448295,-0.4748123653067915
CV2,sparse_cell,G+E+normalized-GxE-mixture,W037,ME1,-1.4010181316481083,-0.9061253186910899,-0.49489281295701837
CV2,sparse_cell,G+E+normalized-GxE-mixture,W038,ME2,-1.4137319435046494,-0.5280224646340196,-0.8857094788706298
CV2,sparse_cell,G+E+normalized-GxE-mixture,W039,ME3,-0.8247467594385198,0.02725866749007399,-0.8520054269285938
CV2,sparse_cell,G+E+normalized-GxE-mixture,W040,ME4,-0.2185186497099088,-0.1744854874407879,-0.04403316226912091
CV2,sparse_cell,G+E+normalized-GxE-mixture,W041,ME1,0.7482861925898263,0.30327699828438287,0.44500919430544345
CV2,sparse_cell,G+E+normalized-GxE-mixture,W042,ME2,1.061629488376578,-0.06907512040960816,1.130704608786186
CV2,sparse_cell,G+E+normalized-GxE-mixture,W043,ME3,0.4015371533466911,-0.9168611841059198,1.318398337452611
CV2,sparse_cell,G+E+normalized-GxE-mixture,W044,ME4,-1.2559399849777169,-0.6501700568169584,-0.6057699281607585
CV2,sparse_cell,G+E+normalized-GxE-mixture,W045,ME1,-0.28018903224586655,-0.49567652491128206,0.2154874926654155
CV2,sparse_cell,G+E+normalized-GxE-mixture,W046,ME2,-0.6993633442320486,-0.823438786825339,0.1240754425932904
CV2,sparse_cell,G+E+normalized-GxE-mixture,W047,ME3,-0.7506031315340369,-0.22831301510239407,-0.5222901164316428
CV2,sparse_cell,G+E+normalized-GxE-mixture,W048,ME4,0.51088983277249,0.0037705743247463154,0.5071192584477436
CV2,sparse_cell,G+E+normalized-GxE-mixture,W049,ME1,0.6860409841848755,-0.010366616376489226,0.6964076005613647
CV2,sparse_cell,G+E+normalized-GxE-mixture,W050,ME2,0.06876105229264243,-0.4297910968547005,0.4985521491473429
CV2,sparse_cell,G+E+normalized-GxE-mixture,W051,ME3,0.6325159239864702,0.6384646539907898,-0.005948730004319613
CV2,sparse_cell,G+E+normalized-GxE-mixture,W052,ME4,-0.31881910108177297,-0.2922606246508057,-0.02655847643096726
CV2,sparse_cell,G+E+normalized-GxE-mixture,W053,ME1,0.025385017808058567,0.3672124168117607,-0.3418273990037021
CV2,sparse_cell,G+E+normalized-GxE-mixture,W054,ME2,-0.9063491112354478,-0.07693697634080142,-0.8294121348946464
CV2,sparse_cell,G+E+normalized-GxE-mixture,W055,ME3,1.6860092015424728,-0.23153602267444465,1.9175452242169175
CV2,sparse_cell,G+E+normalized-GxE-mixture,W056,ME4,-1.3650904761765097,-0.744872470743558,-0.6202180054329517
CV2,sparse_cell,G+E+normalized-GxE-mixture,W057,ME1,0.44940657682987684,-0.05779220447485568,0.5071987813047325
CV2,sparse_cell,G+E+normalized-GxE-mixture,W058,ME2,0.23106001868419593,0.12624290043558534,0.10481711824861059
CV2,sparse_cell,G+E+normalized-GxE-mixture,W059,ME3,0.8378932664901717,-0.6162798277099508,1.4541730942001225
CV2,sparse_cell,G+E+normalized-GxE-mixture,W060,ME4,0.6133850940214327,-0.557725853644276,1.1711109476657087
CV2,sparse_cell,G+E+normalized-GxE-mixture,W061,ME1,0.14228515145252696,0.24597851481786087,-0.10369336336533391
CV2,sparse_cell,G+E+normalized-GxE-mixture,W062,ME2,1.043269991340045,0.4374875933020894,0.6057823980379555
CV2,sparse_cell,G+E+normalized-GxE-mixture,W063,ME3,0.21655817737173513,0.17338778328556223,0.0431703940861729
CV2,sparse_cell,G+E+normalized-GxE-mixture,W064,ME4,0.021297762844700634,0.3102333593893428,-0.2889355965446422
CV2,sparse_cell,G+E+normalized-GxE-mixture,W065,ME1,0.8241971683248178,-0.4283848957640786,1.2525820640888965
CV2,sparse_cell,G+E+normalized-GxE-mixture,W066,ME2,-0.9564849042459331,-0.10672882024514116,-0.849756084000792
CV2,sparse_cell,G+E+normalized-GxE-mixture,W067,ME3,-0.6099346445072371,-0.7094181342351578,0.09948348972792065
CV2,sparse_cell,G+E+normalized-GxE-mixture,W068,ME4,-0.83802143759495,-0.19535245800246276,-0.6426689795924871
CV2,sparse_cell,G+E+normalized-GxE-mixture,W069,ME1,0.5606872948261147,-0.05860356301031615,0.6192908578364308
CV2,sparse_cell,G+E+normalized-GxE-mixture,W070,ME2,-0.45527253375219584,0.13779279703821368,-0.5930653307904095
CV2,sparse_cell,G+E+normalized-GxE-mixture,W071,ME3,1.4130089512006208,0.19605368002152715,1.2169552711790936
CV2,sparse_cell,G+E+normalized-GxE-mixture,W072,ME4,-2.5818096849868675,-0.7694120978464675,-1.8123975871404001
CV2,sparse_cell,G+E+normalized-GxE-mixture,W073,ME1,0.33457503967041147,0.5564390464869703,-0.22186400681655882
CV2,sparse_cell,G+E+normalized-GxE-mixture,W074,ME2,-0.674903000886236,0.3460075378209215,-1.0209105387071575
CV2,sparse_cell,G+E+normalized-GxE-mixture,W075,ME3,-0.20287953901933256,-0.5021331884474042,0.29925364942807164
CV2,sparse_cell,G+E+normalized-GxE-mixture,W076,ME4,0.06664930026891967,0.07746740265208091,-0.010818102383161235
CV2,sparse_cell,G+E+normalized-GxE-mixture,W077,ME1,-0.15064114135255904,0.30682050173442993,-0.457461643086989
CV2,sparse_cell,G+E+normalized-GxE-mixture,W078,ME2,-0.6132110404890881,-0.5027636557213224,-0.11044738476776572
CV2,sparse_cell,G+E+normalized-GxE-mixture,W079,ME3,1.155178666194431,0.06548317008359407,1.089695496110837
CV2,sparse_cell,G+E+normalized-GxE-mixture,W080,ME4,-1.2064269621593235,-0.6051473949951699,-0.6012795671641536
CV2,sparse_cell,G+E+normalized-GxE-mixture,W081,ME1,1.3097065362511746,1.1431085255578581,0.16659801069331648
CV2,sparse_cell,G+E+normalized-GxE-mixture,W082,ME2,-0.4044722294735835,-0.09861151945322318,-0.30586071002036036
CV2,sparse_cell,G+E+normalized-GxE-mixture,W083,ME3,-0.2850473690779795,0.40259862373556354,-0.687645992813543
CV2,sparse_cell,G+E+normalized-GxE-mixture,W084,ME4,0.024696178138241338,0.21288791669539336,-0.18819173855715202
CV2,sparse_cell,G+E+normalized-GxE-mixture,W085,ME1,-0.07534097166628811,-0.02112513735847009,-0.054215834307818025
CV2,sparse_cell,G+E+normalized-GxE-mixture,W086,ME2,-0.08236779611563717,0.7770816136730427,-0.8594494097886799
CV2,sparse_cell,G+E+normalized-GxE-mixture,W087,ME3,-0.05258200940753501,1.474717027302764,-1.5272990367102992
CV2,sparse_cell,G+E+normalized-GxE-mixture,W088,ME4,0.6437269638991793,0.16247495675504575,0.4812520071441335
CV2,sparse_cell,G+E+normalized-GxE-mixture,W089,ME1,-0.7229582649230821,-0.7334150555991281,0.01045679067604599
CV2,sparse_cell,G+E+normalized-GxE-mixture,W090,ME2,-0.32331958193843435,0.008502265397930678,-0.33182184733636505
CV2,sparse_cell,G+E+normalized-GxE-mixture,W091,ME3,-0.5492970158075015,-0.16694529357856436,-0.3823517222289371
CV2,sparse_cell,G+E+normalized-GxE-mixture,W092,ME4,0.10336319882205586,-0.33244247077366673,0.4358056695957226
CV2,sparse_cell,G+E+normalized-GxE-mixture,W093,ME1,-0.05990793883528156,-0.14336445751869367,0.08345651868341211
CV2,sparse_cell,G+E+normalized-GxE-mixture,W094,ME2,0.12579510513415798,0.5914980915932048,-0.4657029864590468
CV2,sparse_cell,G+E+normalized-GxE-mixture,W095,ME3,0.18433467082632615,-0.44273180144629226,0.6270664722726185
CV2,sparse_cell,G+E+normalized-GxE-mixture,W096,ME4,-0.9079485522807936,-0.3129801472719338,-0.5949684050088598
CV2,sparse_cell,G+E+normalized-GxE-mixture,W097,ME1,0.41013581993747006,0.5029345277877116,-0.09279870785024158
CV2,sparse_cell,G+E+normalized-GxE-mixture,W098,ME2,0.35041257111852275,-0.010997116491447842,0.3614096876099706
CV2,sparse_cell,G+E+normalized-GxE-mixture,W099,ME3,-0.6989357161897987,0.30237785242658977,-1.0013135686163883
CV2,sparse_cell,G+E+normalized-GxE-mixture,W100,ME4,-0.6463571084009043,-0.01650693687270945,-0.6298501715281949
CV2,sparse_cell,G+E+normalized-GxE-mixture,W101,ME1,1.9633911695919264,0.25954651829035036,1.703844651301576
CV2,sparse_cell,G+E+normalized-GxE-mixture,W102,ME2,-0.07896296695132968,-0.3585099106879981,0.27954694373666844
CV2,sparse_cell,G+E+normalized-GxE-mixture,W103,ME3,-0.5613671051530811,0.5179302911528211,-1.0792973963059023
CV2,sparse_cell,G+E+normalized-GxE-mixture,W104,ME4,-0.1326378632293884,-0.5067779303248983,0.37414006709550984
CV2,sparse_cell,G+E+normalized-GxE-mixture,W105,ME1,0.6205218553587818,-0.22421056475758766,0.8447324201163695
CV2,sparse_cell,G+E+normalized-GxE-mixture,W106,ME2,0.41126914592145514,0.2163853233868222,0.19488382253463293
CV2,sparse_cell,G+E+normalized-GxE-mixture,W107,ME3,-0.14108473590368073,0.039130854527341136,-0.18021559043102187
CV2,sparse_cell,G+E+normalized-GxE-mixture,W108,ME4,-0.5390867589964545,0.009333047374185159,-0.5484198063706397
CV2,sparse_cell,G+E+normalized-GxE-mixture,W109,ME1,-0.7609666893148012,0.17503162018353266,-0.9359983094983338
CV2,sparse_cell,G+E+normalized-GxE-mixture,W110,ME2,-0.5164645285285623,-0.5329131526078145,0.016448624079252183
CV2,sparse_cell,G+E+normalized-GxE-mixture,W111,ME3,1.2584797107685726,0.6140612055804363,0.6444185051881363
CV2,sparse_cell,G+E+normalized-GxE-mixture,W112,ME4,-0.00245967740181196,-1.1333855563495554,1.1309258789477434
CV2,sparse_cell,G+E+normalized-GxE-mixture,W113,ME1,-1.0811349318928232,-0.6593185406948509,-0.4218163911979723
CV2,sparse_cell,G+E+normalized-GxE-mixture,W114,ME2,0.2898597728953063,-0.4567460106538785,0.7466057835491848
CV2,sparse_cell,G+E+normalized-GxE-mixture,W115,ME3,-2.160573701420955,-0.5571884196023318,-1.6033852818186232
CV2,sparse_cell,G+E+normalized-GxE-mixture,W116,ME4,-0.3306191541843449,-0.05496426180088087,-0.275654892383464
CV2,sparse_cell,G+E+normalized-GxE-mixture,W117,ME1,-0.115605306397947,0.6070904203953461,-0.7226957267932931
CV2,sparse_cell,G+E+normalized-GxE-mixture,W118,ME2,-0.31294054879816674,-0.32089037394035325,0.007949825142186506
CV2,sparse_cell,G+E+normalized-GxE-mixture,W119,ME3,0.6173797447651402,-0.3248272104339821,0.9422069551991223
CV2,sparse_cell,G+E+normalized-GxE-mixture,W120,ME4,-0.5501001418921881,-0.4197554414745627,-0.13034470041762547
CV2,sparse_cell,G+E+normalized-GxE-mixture,W121,ME1,1.8092807314594008,0.6501786394728023,1.1591020919865986
CV2,sparse_cell,G+E+normalized-GxE-mixture,W122,ME2,0.8530172509359556,0.6621921931139536,0.190825057822002
CV2,sparse_cell,G+E+normalized-GxE-mixture,W123,ME3,-2.0254292440876536,-0.03698947704093267,-1.9884397670467209
CV2,sparse_cell,G+E+normalized-GxE-mixture,W124,ME4,-0.7409935342835337,-0.2902042939986562,-0.45078924028487743
CV2,sparse_cell,G+E+normalized-GxE-mixture,W125,ME1,1.0141497053962651,0.45916052151590636,0.5549891838803588
CV2,sparse_cell,G+E+normalized-GxE-mixture,W126,ME2,-0.7164381194835368,0.4614897756350313,-1.177927895118568
CV2,sparse_cell,G+E+normalized-GxE-mixture,W127,ME3,0.18361671589674317,0.09990928391653943,0.08370743198020374
CV2,sparse_cell,G+E+normalized-GxE-mixture,W128,ME4,-0.5459701233062877,-1.101385511278005,0.5554153879717174
CV2,sparse_cell,G+E+normalized-GxE-mixture,W129,ME1,0.3675992867045699,0.3878500712278615,-0.0202507845232916
CV2,sparse_cell,G+E+normalized-GxE-mixture,W130,ME2,-0.5809347788943552,0.09451126104697624,-0.6754460399413315
CV2,sparse_cell,G+E+normalized-GxE-mixture,W131,ME3,-0.939045184228159,-1.630239051290634,0.691193867062475
CV2,sparse_cell,G+E+normalized-GxE-mixture,W132,ME4,-0.6911737100844733,-0.33485651012695805,-0.3563171999575152
CV2,sparse_cell,G+E+normalized-GxE-mixture,W133,ME1,0.6006177222511422,-0.5471553336808519,1.147773055931994
CV2,sparse_cell,G+E+normalized-GxE-mixture,W134,ME2,0.28636001354983914,0.6329512751167106,-0.3465912615668714
CV2,sparse_cell,G+E+normalized-GxE-mixture,W135,ME3,-0.5546098822864167,0.06376665940782984,-0.6183765416942466
CV2,sparse_cell,G+E+normalized-GxE-mixture,W136,ME4,-0.7200209065692281,-0.47671511960159924,-0.2433057869676289
CV2,sparse_cell,G+E+normalized-GxE-mixture,W137,ME1,1.2593842619172477,0.46924967378904275,0.7901345881282049
CV2,sparse_cell,G+E+normalized-GxE-mixture,W138,ME2,-0.5049336758568758,-0.4642096211005369,-0.04072405475633889
CV2,sparse_cell,G+E+normalized-GxE-mixture,W139,ME3,0.6211468965133073,0.4277714256160671,0.19337547089724022
CV2,sparse_cell,G+E+normalized-GxE-mixture,W140,ME4,0.13089665606139114,0.23491434384237325,-0.10401768778098211
CV2,sparse_cell,G+E+normalized-GxE-mixture,W141,ME1,0.988813470495336,0.33640722152694436,0.6524062489683916
CV2,sparse_cell,G+E+normalized-GxE-mixture,W142,ME2,-0.13766146230253548,0.3967412294039678,-0.5344026917065032
CV2,sparse_cell,G+E+normalized-GxE-mixture,W143,ME3,-2.1099029764495496,0.09424522274139673,-2.2041481991909464
CV2,sparse_cell,G+E+normalized-GxE-mixture,W144,ME4,-1.4804713954134605,0.04060140712729651,-1.521072802540757
CV2,sparse_cell,G+E+normalized-GxE-mixture,W145,ME1,-0.7810907125999806,-0.1910962830104728,-0.5899944295895079
CV2,sparse_cell,G+E+normalized-GxE-mixture,W146,ME2,-0.3760058324827775,0.41012472875636896,-0.7861305612391465
CV2,sparse_cell,G+E+normalized-GxE-mixture,W147,ME3,-1.0190844890838067,-0.0894306215805937,-0.929653867503213
CV2,sparse_cell,G+E+normalized-GxE-mixture,W148,ME4,-0.4568403888715257,0.11538824474170242,-0.5722286336132282
CV2,sparse_cell,G+E+normalized-GxE-mixture,W149,ME1,0.5843132727906273,0.2996478438574481,0.2846654289331792
CV2,sparse_cell,G+E+normalized-GxE-mixture,W150,ME2,-2.2598003474412476,-1.0052324451831887,-1.254567902258059
CV2,sparse_cell,G+E+normalized-GxE-mixture,W151,ME3,-1.2934023978846596,-1.0686070536740513,-0.22479534421060832
CV2,sparse_cell,G+E+normalized-GxE-mixture,W152,ME4,-0.39748612176558745,-0.8458938772259061,0.4484077554603187
CV2,sparse_cell,G+E+normalized-GxE-mixture,W153,ME1,1.725315259961947,0.20719938271101745,1.5181158772509296
CV2,sparse_cell,G+E+normalized-GxE-mixture,W154,ME2,-0.5974652877738541,0.7365598283685769,-1.334025116142431
CV2,sparse_cell,G+E+normalized-GxE-mixture,W155,ME3,-0.16035971413084232,0.281252295736429,-0.44161200986727134
CV2,sparse_cell,G+E+normalized-GxE-mixture,W156,ME4,0.3000307505315928,-0.3378841960083601,0.637914946539953
CV2,sparse_cell,G+E+normalized-GxE-mixture,W157,ME1,0.8671164733482509,0.7463421194300152,0.12077435391823577
CV2,sparse_cell,G+E+normalized-GxE-mixture,W158,ME2,-0.9264806383203201,0.15148991792909994,-1.07797055624942
CV2,sparse_cell,G+E+normalized-GxE-mixture,W159,ME3,-1.3606874445794765,-0.8551676722072575,-0.505519772372219
CV2,sparse_cell,G+E+normalized-GxE-mixture,W160,ME4,-0.46173347755805894,0.3332333361110112,-0.7949668136690702
CV2,sparse_cell,G+E+normalized-GxE-mixture,W161,ME1,0.9529713715564129,0.25105460639481314,0.7019167651615997
CV2,sparse_cell,G+E+normalized-GxE-mixture,W162,ME2,-1.9813384827023757,-0.3126304310460191,-1.6687080516563566
CV2,sparse_cell,G+E+normalized-GxE-mixture,W163,ME3,-1.4454399123846235,-0.7789653289420766,-0.666474583442547
CV2,sparse_cell,G+E+normalized-GxE-mixture,W164,ME4,-0.9345694720801964,-0.33985746036677594,-0.5947120117134204
CV2,sparse_cell,G+E+normalized-GxE-mixture,W165,ME1,-0.14388155441338457,0.23791117224576563,-0.3817927266591502
CV2,sparse_cell,G+E+normalized-GxE-mixture,W166,ME2,-2.5271870243780064,0.5640206278744442,-3.0912076522524505
CV2,sparse_cell,G+E+normalized-GxE-mixture,W167,ME3,-0.6482480981612279,-0.678914706713934,0.030666608552706087
CV2,sparse_cell,G+E+normalized-GxE-mixture,W168,ME4,0.3942974414170083,0.18099762408163692,0.21329981733537137
CV2,sparse_cell,G+E+normalized-GxE-mixture,W169,ME1,0.9551865614931063,-0.09059507690479568,1.045781638397902
CV2,sparse_cell,G+E+normalized-GxE-mixture,W170,ME2,-2.333371237841007,-0.06695453304920863,-2.2664167047917982
CV2,sparse_cell,G+E+normalized-GxE-mixture,W171,ME3,-1.2616181108255835,0.07082389180665352,-1.332442002632237
CV2,sparse_cell,G+E+normalized-GxE-mixture,W172,ME4,-0.41822274841784135,0.03430233671088137,-0.4525250851287227
CV2,sparse_cell,G+E+normalized-GxE-mixture,W173,ME1,-0.15331239980563044,0.02390051301988072,-0.17721291282551116
CV2,sparse_cell,G+E+normalized-GxE-mixture,W174,ME2,0.4238758739796326,-0.03775472752658446,0.46163060150621704
CV2,sparse_cell,G+E+normalized-GxE-mixture,W175,ME3,-1.7588905881120498,-0.3829130558247299,-1.3759775322873198
CV2,sparse_cell,G+E+normalized-GxE-mixture,W176,ME4,-0.6277680914133182,0.0883153708695125,-0.7160834622828307
CV2,sparse_cell,G+E+normalized-GxE-mixture,W177,ME1,1.053053978659442,-0.14347754495435874,1.1965315236138008
CV2,sparse_cell,G+E+normalized-GxE-mixture,W178,ME2,-0.5449562402343447,-0.1811680233126351,-0.36378821692170965
CV2,sparse_cell,G+E+normalized-GxE-mixture,W179,ME3,-2.2603272039900983,-1.1556916354896511,-1.1046355685004472
CV2,sparse_cell,G+E+normalized-GxE-mixture,W180,ME4,-1.6784448196663495,-1.0550034294503319,-0.6234413902160176
CV2,sparse_cell,G+E+normalized-GxE-mixture,W181,ME1,0.8223158856947588,0.3318843194340667,0.49043156626069206
CV2,sparse_cell,G+E+normalized-GxE-mixture,W182,ME2,-1.3916385260091175,-0.92442228481568,-0.4672162411934375
CV2,sparse_cell,G+E+normalized-GxE-mixture,W183,ME3,0.4471484076966806,-0.14125714523396848,0.5884055529306491
CV2,sparse_cell,G+E+normalized-GxE-mixture,W184,ME4,-0.04531747027035415,0.3575290311161423,-0.40284650138649647
CV2,sparse_cell,G+E+normalized-GxE-mixture,W185,ME1,0.6157657122594117,0.37830033266649604,0.23746537959291564
CV2,sparse_cell,G+E+normalized-GxE-mixture,W186,ME2,-0.7054325471476078,0.16212233621216532,-0.8675548833597732
CV2,sparse_cell,G+E+normalized-GxE-mixture,W187,ME3,-0.6477075203318948,-0.12643067255298562,-0.5212768477789091
CV2,sparse_cell,G+E+normalized-GxE-mixture,W188,ME4,-0.5395194276102152,0.2862834790202054,-0.8258029066304207
CV2,sparse_cell,G+E+normalized-GxE-mixture,W189,ME1,0.7823610260277849,0.3716636932344738,0.4106973327933111
CV2,sparse_cell,G+E+normalized-GxE-mixture,W190,ME2,0.6671123128290374,-0.09429923902743305,0.7614115518564705
CV2,sparse_cell,G+E+normalized-GxE-mixture,W191,ME3,-0.3839900049031236,0.2596735294530593,-0.643663534356183
CV2,sparse_cell,G+E+normalized-GxE-mixture,W192,ME4,-1.3559100348627087,-0.6846224276213619,-0.6712876072413467
CV2,sparse_cell,G+E+normalized-GxE-mixture,W193,ME1,-0.1570098124205512,0.4152239264328334,-0.5722337388533846
CV2,sparse_cell,G+E+normalized-GxE-mixture,W194,ME2,-0.6745739095915452,0.3966228958810748,-1.07119680547262
CV2,sparse_cell,G+E+normalized-GxE-mixture,W195,ME3,-1.1620081992423568,-0.9730630317623443,-0.18894516748001244
CV2,sparse_cell,G+E+normalized-GxE-mixture,W196,ME4,-1.7898923878691095,-0.3231769692047196,-1.46671541866439
CV2,sparse_cell,G+E+normalized-GxE-mixture,W197,ME1,-0.4289650975528974,-0.321827208057431,-0.10713788949546643
CV2,sparse_cell,G+E+normalized-GxE-mixture,W198,ME2,2.143377888742169,0.08642817591741081,2.056949712824758
CV2,sparse_cell,G+E+normalized-GxE-mixture,W199,ME3,0.06689413740368748,0.2144766668673682,-0.14758252946368072
CV2,sparse_cell,G+E+normalized-GxE-mixture,W200,ME4,0.2760845094354399,-0.2242008293673664,0.5002853388028063
CV2,sparse_cell,G+E+normalized-GxE-mixture,W201,ME1,0.2495345495272083,0.1552950783248185,0.09423947120238979
CV2,sparse_cell,G+E+normalized-GxE-mixture,W202,ME2,1.6505826609780379,-0.08334493732326495,1.7339275983013027
CV2,sparse_cell,G+E+normalized-GxE-mixture,W203,ME3,-1.5355390327830185,0.2349134633310109,-1.7704524961140293
CV2,sparse_cell,G+E+normalized-GxE-mixture,W204,ME4,0.406097494519581,0.28203348459404226,0.12406400992553873
CV2,sparse_cell,G+E+normalized-GxE-mixture,W205,ME1,-1.688113262708076,-0.6950898659322344,-0.9930233967758415
CV2,sparse_cell,G+E+normalized-GxE-mixture,W206,ME2,-2.1234173205066416,-0.4778927618324582,-1.6455245586741833
CV2,sparse_cell,G+E+normalized-GxE-mixture,W207,ME3,-0.13213986213393236,0.24437781469619305,-0.3765176768301254
CV2,sparse_cell,G+E+normalized-GxE-mixture,W208,ME4,-0.20606566033566145,0.19762772233941833,-0.4036933826750798
CV2,sparse_cell,G+E+normalized-GxE-mixture,W209,ME1,0.36454525646096697,0.31992052689255696,0.044624729568410015
CV2,sparse_cell,G+E+normalized-GxE-mixture,W210,ME2,-0.6701754778644194,0.5051891435251875,-1.175364621389607
CV2,sparse_cell,G+E+normalized-GxE-mixture,W211,ME3,1.7548568560252062,0.5613630675467906,1.1934937884784156
CV2,sparse_cell,G+E+normalized-GxE-mixture,W212,ME4,0.7225591853264305,-0.045080070064158276,0.7676392553905887
CV2,sparse_cell,G+E+normalized-GxE-mixture,W213,ME1,1.0264146908545742,0.2893250550066057,0.7370896358479684
CV2,sparse_cell,G+E+normalized-GxE-mixture,W214,ME2,0.6404116172078261,0.42814727092938265,0.21226434627844348
CV2,sparse_cell,G+E+normalized-GxE-mixture,W215,ME3,0.44175952246051514,-0.3616049452023782,0.8033644676628933
CV2,sparse_cell,G+E+normalized-GxE-mixture,W216,ME4,-0.17364698111186105,-0.3147972561011195,0.14115027498925847
CV2,sparse_cell,G+E+normalized-GxE-mixture,W217,ME1,-0.5394314074841748,-0.16807445985328653,-0.37135694763088833
CV2,sparse_cell,G+E+normalized-GxE-mixture,W218,ME2,0.298517405417187,0.2451299502345341,0.05338745518265292
CV2,sparse_cell,G+E+normalized-GxE-mixture,W219,ME3,0.3660363937109506,-0.04769829242857673,0.41373468613952735
CV2,sparse_cell,G+E+normalized-GxE-mixture,W220,ME4,-0.34458255035572233,-0.30775444186720896,-0.03682810848851337
CV2,sparse_cell,G+E+normalized-GxE-mixture,W221,ME1,0.6424864408707738,0.2980878857084048,0.344398555162369
CV2,sparse_cell,G+E+normalized-GxE-mixture,W222,ME2,0.7959705407369501,0.9490375545110143,-0.1530670137740643
CV2,sparse_cell,G+E+normalized-GxE-mixture,W223,ME3,0.16245816179549796,-0.07242575928569378,0.23488392108119174
CV2,sparse_cell,G+E+normalized-GxE-mixture,W224,ME4,-1.776786462223186,-0.10998287791099297,-1.6668035843121929
CV2,sparse_cell,G+E+normalized-GxE-mixture,W225,ME1,0.6895836592674551,0.3938125560243163,0.2957711032431388
CV2,sparse_cell,G+E+normalized-GxE-mixture,W226,ME2,0.38522030421088155,0.3093703772485322,0.07584992696234932
CV2,sparse_cell,G+E+normalized-GxE-mixture,W227,ME3,0.4533650527340126,-0.2694304857493116,0.7227955384833242
CV2,sparse_cell,G+E+normalized-GxE-mixture,W228,ME4,-0.2857789523945702,-0.12442414963555459,-0.1613548027590156
CV2,sparse_cell,G+E+normalized-GxE-mixture,W229,ME1,0.47540248226342524,-0.27765860943952664,0.7530610917029519
CV2,sparse_cell,G+E+normalized-GxE-mixture,W230,ME2,-0.10725848961604569,0.1431052939984061,-0.2503637836144518
CV2,sparse_cell,G+E+normalized-GxE-mixture,W231,ME3,-1.4003945754497167,-0.06852764329811639,-1.3318669321516003
CV2,sparse_cell,G+E+normalized-GxE-mixture,W232,ME4,-0.12411822488933168,0.3071529192929213,-0.431271144182253
CV2,sparse_cell,G+E+normalized-GxE-mixture,W233,ME1,0.7591259639344545,0.23535805926715422,0.5237679046673003
CV2,sparse_cell,G+E+normalized-GxE-mixture,W234,ME2,-0.40533925846152025,-0.11211537937173406,-0.2932238790897862
CV2,sparse_cell,G+E+normalized-GxE-mixture,W235,ME3,0.5675283330663183,0.3038428438740489,0.2636854891922694
CV2,sparse_cell,G+E+normalized-GxE-mixture,W236,ME4,1.606949565258014,0.3035913927215854,1.3033581725364285
CV2,sparse_cell,G+E+normalized-GxE-mixture,W237,ME1,1.1157796878227189,0.29808370177538546,0.8176959860473334
CV2,sparse_cell,G+E+normalized-GxE-mixture,W238,ME2,-0.18922753670917877,0.43229653019012393,-0.6215240668993027
CV2,sparse_cell,G+E+normalized-GxE-mixture,W239,ME3,-0.06302191873653193,0.4673004350013151,-0.530322353737847
CV2,sparse_cell,G+E+normalized-GxE-mixture,W240,ME4,1.6399897139452146,0.1992792806882884,1.4407104332569263
CV2,sparse_cell,G+E+normalized-GxE-mixture,W241,ME1,1.4679623114343485,0.33864903244012934,1.129313278994219
CV2,sparse_cell,G+E+normalized-GxE-mixture,W242,ME2,0.5003199845291967,-0.21272103699659495,0.7130410215257916
CV2,sparse_cell,G+E+normalized-GxE-mixture,W243,ME3,-0.1538221010073438,-0.3568004974425309,0.2029783964351871
CV2,sparse_cell,G+E+normalized-GxE-mixture,W244,ME4,0.48935866921132964,-0.32045073722206596,0.8098094064333956
CV2,sparse_cell,G+E+normalized-GxE-mixture,W245,ME1,0.8245799401153493,0.10161550841939952,0.7229644316959498
CV2,sparse_cell,G+E+normalized-GxE-mixture,W246,ME2,0.5598158934021549,0.1094346196968957,0.45038127370525916
CV2,sparse_cell,G+E+normalized-GxE-mixture,W247,ME3,1.4571167234627758,0.1110217786120396,1.3460949448507362
CV2,sparse_cell,G+E+normalized-GxE-mixture,W248,ME4,-0.12229315000946639,-0.6149644379204253,0.49267128791095893
CV2,sparse_cell,G+E+normalized-GxE-mixture,W249,ME1,-0.4484213062248097,0.42559440485712674,-0.8740157110819364
CV2,sparse_cell,G+E+normalized-GxE-mixture,W250,ME2,-0.21156777267572885,0.5408064875517298,-0.7523742602274586
CV2,sparse_cell,G+E+normalized-GxE-mixture,W251,ME3,-0.699594545419299,-0.8766136002822341,0.17701905486293512
CV2,sparse_cell,G+E+normalized-GxE-mixture,W252,ME4,0.7817718517951378,0.24421854170914287,0.5375533100859948
CV2,sparse_cell,G+E+normalized-GxE-mixture,W253,ME1,1.4390019606443423,0.23253298634153344,1.2064689743028087
CV2,sparse_cell,G+E+normalized-GxE-mixture,W254,ME2,-0.3479571282890808,-0.568225599810911,0.2202684715218302
CV2,sparse_cell,G+E+normalized-GxE-mixture,W255,ME3,0.1625003944384145,0.3097661362207993,-0.1472657417823848
CV2,sparse_cell,G+E+normalized-GxE-mixture,W256,ME4,-0.012017720414895539,0.01960440723284841,-0.03162212764774395
CV2,sparse_cell,G+E+normalized-GxE-mixture,W257,ME1,0.8522535261627155,0.43160728901217527,0.4206462371505403
CV2,sparse_cell,G+E+normalized-GxE-mixture,W258,ME2,-0.7187860592975854,-0.44278197712735523,-0.2760040821702302
CV2,sparse_cell,G+E+normalized-GxE-mixture,W259,ME3,-1.1657669044619396,-0.14937949954130958,-1.01638740492063
CV2,sparse_cell,G+E+normalized-GxE-mixture,W260,ME4,-0.5241872252789396,0.3506920011690255,-0.874879226447965
CV2,sparse_cell,G+E+normalized-GxE-mixture,W261,ME1,0.22731749751507793,0.7167135736073225,-0.48939607609224456
CV2,sparse_cell,G+E+normalized-GxE-mixture,W262,ME2,-0.02358069926201445,-0.15479742557059067,0.13121672630857623
CV2,sparse_cell,G+E+normalized-GxE-mixture,W263,ME3,-1.4979857667015282,-0.05183545176316362,-1.4461503149383645
CV2,sparse_cell,G+E+normalized-GxE-mixture,W264,ME4,-0.5063140781795771,0.379197344012428,-0.8855114221920051
CV2,sparse_cell,G+E+normalized-GxE-mixture,W265,ME1,0.26048019392028027,0.36640878993201126,-0.10592859601173099
CV2,sparse_cell,G+E+normalized-GxE-mixture,W266,ME2,-1.267779954309016,-0.9815023637109587,-0.28627759059805735
CV2,sparse_cell,G+E+normalized-GxE-mixture,W267,ME3,0.7941824810714333,0.31754078266415814,0.47664169840727516
CV2,sparse_cell,G+E+normalized-GxE-mixture,W268,ME4,1.1852943343927658,0.19567522967407613,0.9896191047186896
CV2,sparse_cell,G+E+normalized-GxE-mixture,W269,ME1,-0.1518057448854522,0.139521646781248,-0.2913273916667002
CV2,sparse_cell,G+E+normalized-GxE-mixture,W270,ME2,-2.0905081910375016,-0.13596245660012124,-1.9545457344373804
CV2,sparse_cell,G+E+normalized-GxE-mixture,W271,ME3,-0.7556372625697024,-0.5276397302402376,-0.22799753232946485
CV2,sparse_cell,G+E+normalized-GxE-mixture,W272,ME4,1.5786294378118395,-0.5766139248914591,2.1552433627032985
CV2,sparse_cell,G+E+normalized-GxE-mixture,W273,ME1,-0.7698518813035222,0.20051549689712528,-0.9703673782006474
CV2,sparse_cell,G+E+normalized-GxE-mixture,W274,ME2,-1.1044177698884592,-0.41190206882388536,-0.6925157010645738
CV2,sparse_cell,G+E+normalized-GxE-mixture,W275,ME3,-0.6204928052364007,-0.5153555638909306,-0.10513724134547009
CV2,sparse_cell,G+E+normalized-GxE-mixture,W276,ME4,-0.6020203755435065,0.41663595393959363,-1.0186563294831001
CV2,sparse_cell,G+E+normalized-GxE-mixture,W277,ME1,-0.5857956586223904,-0.008953574384581104,-0.5768420842378092
CV2,sparse_cell,G+E+normalized-GxE-mixture,W278,ME2,-0.8811546411553238,-0.30214456193907774,-0.579010079216246
CV2,sparse_cell,G+E+normalized-GxE-mixture,W279,ME3,-0.2876995790531457,-1.0777337264353852,0.7900341473822395
CV2,sparse_cell,G+E+normalized-GxE-mixture,W280,ME4,-1.5487937028773537,-0.3773461326655791,-1.1714475702117746
CV2,sparse_cell,G+E+normalized-GxE-mixture,W281,ME1,-0.1682486437170095,0.014095868436663987,-0.1823445121536735
CV2,sparse_cell,G+E+normalized-GxE-mixture,W282,ME2,-0.7804716910159893,-0.3001860772889176,-0.48028561372707174
CV2,sparse_cell,G+E+normalized-GxE-mixture,W283,ME3,-1.7213542150877255,-0.23485553115915075,-1.4864986839285748
CV2,sparse_cell,G+E+normalized-GxE-mixture,W284,ME4,1.4590555663724403,-0.31384423923125415,1.7728998056036944
CV2,sparse_cell,G+E+normalized-GxE-mixture,W285,ME1,1.2356279786623419,-0.2864781372282239,1.5221061158905658
CV2,sparse_cell,G+E+normalized-GxE-mixture,W286,ME2,-0.8867618505225658,-0.6341391314711529,-0.252622719051413
CV2,sparse_cell,G+E+normalized-GxE-mixture,W287,ME3,-2.1521356193662067,-0.2247835370381804,-1.9273520823280264
CV2,sparse_cell,G+E+normalized-GxE-mixture,W288,ME4,-2.48609552092087,-1.1029466248769306,-1.3831488960439395
CV2,sparse_cell,G+E+normalized-GxE-mixture,W289,ME1,0.5617053049073161,0.5301506147688986,0.031554690138417496
CV2,sparse_cell,G+E+normalized-GxE-mixture,W290,ME2,-0.22502254368561264,0.10877197056541046,-0.33379451425102313
CV2,sparse_cell,G+E+normalized-GxE-mixture,W291,ME3,-0.8569956055696786,-0.22646279609659092,-0.6305328094730877
CV2,sparse_cell,G+E+normalized-GxE-mixture,W292,ME4,0.08500231619445406,0.06116458419266943,0.02383773200178463
CV2,sparse_cell,G+E+normalized-GxE-mixture,W293,ME1,0.8461698979174604,0.517887056217476,0.32828284169998445
CV2,sparse_cell,G+E+normalized-GxE-mixture,W294,ME2,0.6605937737226507,0.35001836724813756,0.31057540647451315
CV2,sparse_cell,G+E+normalized-GxE-mixture,W295,ME3,0.9363037710145666,-0.3113866655953298,1.2476904366098964
CV2,sparse_cell,G+E+normalized-GxE-mixture,W296,ME4,-0.05135123075680209,0.17617323232637794,-0.22752446308318003
CV2,sparse_cell,G+E+normalized-GxE-mixture,W297,ME1,0.12716159368620536,-0.09944919345013319,0.22661078713633853
CV2,sparse_cell,G+E+normalized-GxE-mixture,W298,ME2,-0.9044821510059489,-0.9016389233532327,-0.0028432276527161626
CV2,sparse_cell,G+E+normalized-GxE-mixture,W299,ME3,-0.801704629463191,-0.08642653897826373,-0.7152780904849273
CV2,sparse_cell,G+E+normalized-GxE-mixture,W300,ME4,-0.6507624615591974,-0.22258863553807479,-0.4281738260211226
CV2,sparse_cell,G+E+normalized-GxE-mixture,W301,ME1,0.4116750511802455,0.08256091869164921,0.3291141324885963
CV2,sparse_cell,G+E+normalized-GxE-mixture,W302,ME2,-0.4864919059966695,-0.5261517565027978,0.03965985050612825
CV2,sparse_cell,G+E+normalized-GxE-mixture,W303,ME3,-1.2611619982820832,0.0205158066981498,-1.281677804980233
CV2,sparse_cell,G+E+normalized-GxE-mixture,W304,ME4,0.7707191353890623,0.09296743135767604,0.6777517040313863
CV2,sparse_cell,G+E+normalized-GxE-mixture,W305,ME1,-1.474013526510542,0.22161727498864917,-1.6956308014991912
CV2,sparse_cell,G+E+normalized-GxE-mixture,W306,ME2,-1.4221997156642086,-1.2995857066412435,-0.12261400902296504
CV2,sparse_cell,G+E+normalized-GxE-mixture,W307,ME3,-0.5341608365861715,0.13090754479231714,-0.6650683813784887
CV2,sparse_cell,G+E+normalized-GxE-mixture,W308,ME4,0.11230763907380584,0.12413433506963101,-0.01182669599582517
CV2,sparse_cell,G+E+normalized-GxE-mixture,W309,ME1,1.1562231923286694,0.6629498288996524,0.49327336342901706
CV2,sparse_cell,G+E+normalized-GxE-mixture,W310,ME2,-0.21608644929899126,0.0012681670632487749,-0.21735461636224004
CV2,sparse_cell,G+E+normalized-GxE-mixture,W311,ME3,-0.8288348792728519,-0.44008484596849956,-0.38875003330435237
CV2,sparse_cell,G+E+normalized-GxE-mixture,W312,ME4,-0.629553832782841,-1.144499467146706,0.5149456343638649
CV2,sparse_cell,G+E+normalized-GxE-mixture,W313,ME1,0.10518072001291338,0.29025259404044434,-0.18507187402753095
CV2,sparse_cell,G+E+normalized-GxE-mixture,W314,ME2,-0.4162878726887524,-0.38008439366566826,-0.03620347902308413
CV2,sparse_cell,G+E+normalized-GxE-mixture,W315,ME3,0.47755591059667307,-0.7052091011116284,1.1827650117083015
CV2,sparse_cell,G+E+normalized-GxE-mixture,W316,ME4,-0.3266858031501543,0.1594351429269166,-0.4861209460770709
CV2,sparse_cell,G+E+normalized-GxE-mixture,W317,ME1,-0.29379779101136066,-0.15143782464948757,-0.1423599663618731
CV2,sparse_cell,G+E+normalized-GxE-mixture,W318,ME2,0.25946312888756146,-0.35078259926034183,0.6102457281479032
CV2,sparse_cell,G+E+normalized-GxE-mixture,W319,ME3,0.8645082780562494,0.2502471786245098,0.6142610994317397
CV2,sparse_cell,G+E+normalized-GxE-mixture,W320,ME4,-1.312100371043892,-0.39421281921549844,-0.9178875518283937
CV2,sparse_cell,G+E+normalized-GxE-mixture,W321,ME1,-1.0426785830653766,0.33418714659873183,-1.3768657296641085
CV2,sparse_cell,G+E+normalized-GxE-mixture,W322,ME2,0.8221079839499407,-0.08261256310248048,0.9047205470524211
CV2,sparse_cell,G+E+normalized-GxE-mixture,W323,ME3,0.15025292799258408,-0.24767343218695745,0.3979263601795415
CV2,sparse_cell,G+E+normalized-GxE-mixture,W324,ME4,0.0561551197096985,-0.42364405304427555,0.47979917275397405
CV2,sparse_cell,G+E+normalized-GxE-mixture,W325,ME1,0.17486147405095656,0.5369643495902513,-0.36210287553929477
CV2,sparse_cell,G+E+normalized-GxE-mixture,W326,ME2,-0.20335314766593282,-0.04908440290306024,-0.15426874476287258
CV2,sparse_cell,G+E+normalized-GxE-mixture,W327,ME3,1.1601874576443458,-0.3930323575252067,1.5532198151695527
CV2,sparse_cell,G+E+normalized-GxE-mixture,W328,ME4,-0.8026212782872341,-0.4326785513467569,-0.36994272694047714
CV2,sparse_cell,G+E+normalized-GxE-mixture,W329,ME1,-1.657556672110748,-0.22216925713705096,-1.435387414973697
CV2,sparse_cell,G+E+normalized-GxE-mixture,W330,ME2,0.5869469391779631,-0.3534709692792369,0.9404179084572
CV2,sparse_cell,G+E+normalized-GxE-mixture,W331,ME3,-0.8882477613280045,-0.7609122586993589,-0.12733550262864568
CV2,sparse_cell,G+E+normalized-GxE-mixture,W332,ME4,-0.588599781814847,-0.23105909732012622,-0.35754068449472076
CV2,sparse_cell,G+E+normalized-GxE-mixture,W333,ME1,1.1801097808739682,-0.055468499515018296,1.2355782803889865
CV2,sparse_cell,G+E+normalized-GxE-mixture,W334,ME2,0.23763551589927928,-0.4933901695990311,0.7310256854983104
CV2,sparse_cell,G+E+normalized-GxE-mixture,W335,ME3,0.2146577084404855,0.1251592589773501,0.0894984494631354
CV2,sparse_cell,G+E+normalized-GxE-mixture,W336,ME4,-1.4660438638200486,-0.3791699157864931,-1.0868739480335554
CV2,sparse_cell,G+E+normalized-GxE-mixture,W337,ME1,-0.6706406908300031,-0.5559952654234797,-0.11464542540652345
CV2,sparse_cell,G+E+normalized-GxE-mixture,W338,ME2,0.33145184960130375,-0.5923530108402602,0.9238048604415638
CV2,sparse_cell,G+E+normalized-GxE-mixture,W339,ME3,-0.05215968297836793,-0.12219281870059864,0.07003313572223072
CV2,sparse_cell,G+E+normalized-GxE-mixture,W340,ME4,-0.14921300448746808,0.10086688205549112,-0.2500798865429592
CV2,sparse_cell,G+E+normalized-GxE-mixture,W341,ME1,1.4213618819572946,0.351911993519892,1.0694498884374026
CV2,sparse_cell,G+E+normalized-GxE-mixture,W342,ME2,-0.633937463375902,-0.7656983035243876,0.13176084014848566
CV2,sparse_cell,G+E+normalized-GxE-mixture,W343,ME3,0.9831397720091377,-0.3699368049993806,1.3530765770085182
CV2,sparse_cell,G+E+normalized-GxE-mixture,W344,ME4,0.11909660295881917,0.22402903754186765,-0.10493243458304848
CV2,sparse_cell,G+E+normalized-GxE-mixture,W345,ME1,-1.1022769652592055,0.14848831456992687,-1.2507652798291324
CV2,sparse_cell,G+E+normalized-GxE-mixture,W346,ME2,0.6804594963002706,0.5293364991286174,0.15112299717165323
CV2,sparse_cell,G+E+normalized-GxE-mixture,W347,ME3,0.25118894456339397,0.12314449782706084,0.12804444673633314
CV2,sparse_cell,G+E+normalized-GxE-mixture,W348,ME4,-0.07495133696194672,0.08606265086213291,-0.16101398782407964
CV2,sparse_cell,G+E+normalized-GxE-mixture,W349,ME1,-0.06457449704750653,0.5401133425742661,-0.6046878396217726
CV2,sparse_cell,G+E+normalized-GxE-mixture,W350,ME2,-1.5057382750858699,-0.6705261382297756,-0.8352121368560943
CV2,sparse_cell,G+E+normalized-GxE-mixture,W351,ME3,-1.386314212301304,-0.2664757167889893,-1.1198384955123146
CV2,sparse_cell,G+E+normalized-GxE-mixture,W352,ME4,-1.491941047029161,-0.41709816515709197,-1.074842881872069
CV2,sparse_cell,G+E+normalized-GxE-mixture,W353,ME1,-0.5724800867602826,0.4111532905510352,-0.9836333773113178
CV2,sparse_cell,G+E+normalized-GxE-mixture,W354,ME2,-0.5286788785046079,0.19429689540622513,-0.7229757739108331
CV2,sparse_cell,G+E+normalized-GxE-mixture,W355,ME3,-0.1772527712975054,0.20660017010049436,-0.38385294139799975
CV2,sparse_cell,G+E+normalized-GxE-mixture,W356,ME4,-0.4883071971450517,0.3471329787497007,-0.8354401758947525
CV2,sparse_cell,G+E+normalized-GxE-mixture,W357,ME1,-0.15157771062726316,0.18212906957889952,-0.3337067802061627
CV2,sparse_cell,G+E+normalized-GxE-mixture,W358,ME2,-0.9178926212646227,0.31284527703904913,-1.2307378983036719
CV2,sparse_cell,G+E+normalized-GxE-mixture,W359,ME3,-1.4510653004211223,0.033143724327175314,-1.4842090247482975
CV2,sparse_cell,G+E+normalized-GxE-mixture,W360,ME4,0.5098120945891214,-0.3714594920064309,0.8812715865955523
CV2,sparse_cell,G+E+normalized-GxE-mixture,W361,ME1,1.7077566220813938,0.4231304928149338,1.28462612926646
CV2,sparse_cell,G+E+normalized-GxE-mixture,W362,ME2,-0.969844745074655,-0.5482848363520607,-0.4215599087225943
CV2,sparse_cell,G+E+normalized-GxE-mixture,W363,ME3,-0.18851199389908596,-0.8193491817798951,0.6308371878808092
CV2,sparse_cell,G+E+normalized-GxE-mixture,W364,ME4,-0.17983807563967694,0.35312265174649343,-0.5329607273861704
CV2,sparse_cell,G+E+normalized-GxE-mixture,W365,ME1,0.42732797418879037,0.10113482473600216,0.3261931494527882
CV2,sparse_cell,G+E+normalized-GxE-mixture,W366,ME2,0.5991802751902414,-0.12336891253332917,0.7225491877235706
CV2,sparse_cell,G+E+normalized-GxE-mixture,W367,ME3,0.5535746678466565,0.2903272715795817,0.26324739626707483
CV2,sparse_cell,G+E+normalized-GxE-mixture,W368,ME4,-1.0803158613011001,-0.15209464603508913,-0.928221215266011
CV2,sparse_cell,G+E+normalized-GxE-mixture,W369,ME1,1.5059788799067169,0.08061888290545306,1.4253599970012638
CV2,sparse_cell,G+E+normalized-GxE-mixture,W370,ME2,-0.3077383748705453,-0.1536368788256653,-0.15410149604488
CV2,sparse_cell,G+E+normalized-GxE-mixture,W371,ME3,-0.3055555404783089,-0.4203546840634352,0.11479914358512627
CV2,sparse_cell,G+E+normalized-GxE-mixture,W372,ME4,0.2898669714592444,0.25619254715088075,0.03367442430836365
CV2,sparse_cell,G+E+normalized-GxE-mixture,W373,ME1,-0.9876408860353292,-0.4581832387603822,-0.529457647274947
CV2,sparse_cell,G+E+normalized-GxE-mixture,W374,ME2,0.4668033019006278,0.36955951520109853,0.09724378669952927
CV2,sparse_cell,G+E+normalized-GxE-mixture,W375,ME3,-0.08121574130502755,-0.06839198850051748,-0.012823752804510077
CV2,sparse_cell,G+E+normalized-GxE-mixture,W376,ME4,-0.390335289585429,-0.01875075835003536,-0.37158453123539364
CV2,sparse_cell,G+E+normalized-GxE-mixture,W377,ME1,-0.8604547785304051,-0.09554858457918627,-0.7649061939512188
CV2,sparse_cell,G+E+normalized-GxE-mixture,W378,ME2,-0.5151165199560768,0.08310466593863945,-0.5982211858947162
CV2,sparse_cell,G+E+normalized-GxE-mixture,W379,ME3,-0.4943945800158474,-0.028165997384194605,-0.4662285826316528
CV2,sparse_cell,G+E+normalized-GxE-mixture,W380,ME4,-0.7243161258985648,-0.5630599986814081,-0.16125612721715665
CV2,sparse_cell,G+E+normalized-GxE-mixture,W381,ME1,-0.47157492751164415,0.3943617476253781,-0.8659366751370223
CV2,sparse_cell,G+E+normalized-GxE-mixture,W382,ME2,-1.2624891788789776,-0.41250584880507307,-0.8499833300739046
CV2,sparse_cell,G+E+normalized-GxE-mixture,W383,ME3,-0.3379564241239671,0.16761085621577393,-0.5055672803397411
CV2,sparse_cell,G+E+normalized-GxE-mixture,W384,ME4,-0.05356964074008553,0.3884077871007361,-0.4419774278408216
CV2,sparse_cell,G+E+normalized-GxE-mixture,W385,ME1,-0.0389206430012417,-0.11708581104142622,0.07816516804018453
CV2,sparse_cell,G+E+normalized-GxE-mixture,W386,ME2,-0.4948394332600915,0.25464524181469345,-0.749484675074785
CV2,sparse_cell,G+E+normalized-GxE-mixture,W387,ME3,0.34203135947712243,-0.6229173973373181,0.9649487568144406
CV2,sparse_cell,G+E+normalized-GxE-mixture,W388,ME4,-0.5011849884309924,-0.5139742633804405,0.012789274949448148
CV2,sparse_cell,G+E+normalized-GxE-mixture,W389,ME1,0.5995182713634448,-0.18731934929255037,0.7868376206559952
CV2,sparse_cell,G+E+normalized-GxE-mixture,W390,ME2,0.043718470502375345,-0.1197255545619803,0.16344402506435562
CV2,sparse_cell,G+E+normalized-GxE-mixture,W391,ME3,-0.42960125925311243,-0.8673217050129156,0.4377204457598032
CV2,sparse_cell,G+E+normalized-GxE-mixture,W392,ME4,-0.2186995838574817,0.3447093289663692,-0.5634089128238509
CV2,sparse_cell,G+E+normalized-GxE-mixture,W393,ME1,-0.17097691073462892,0.0763326533017674,-0.2473095640363963
CV2,sparse_cell,G+E+normalized-GxE-mixture,W394,ME2,0.03283314306258371,0.48591310524998277,-0.45307996218739904
CV2,sparse_cell,G+E+normalized-GxE-mixture,W395,ME3,-0.06516733699669865,-0.050965917622054484,-0.014201419374644163
CV2,sparse_cell,G+E+normalized-GxE-mixture,W396,ME4,1.5754827569844874,0.27697403188384084,1.2985087251006466
CV2,sparse_cell,G+E+normalized-GxE-mixture,W397,ME1,0.6546618414419376,0.3605497755264928,0.2941120659154448
CV2,sparse_cell,G+E+normalized-GxE-mixture,W398,ME2,-1.9297597509382436,-0.04672111522331202,-1.8830386357149316
CV2,sparse_cell,G+E+normalized-GxE-mixture,W399,ME3,0.47372118661984175,0.3531865912006247,0.12053459541921707
CV2,sparse_cell,G+E+normalized-GxE-mixture,W400,ME4,-0.5505328105059495,0.0631210685179949,-0.6136538790239444
CV2,sparse_cell,G+E+normalized-GxE-mixture,W401,ME1,-0.07231137366463306,0.2672928425576642,-0.3396042162222973
CV2,sparse_cell,G+E+normalized-GxE-mixture,W402,ME2,-0.8668138551212717,0.29502335954827197,-1.1618372146695437
CV2,sparse_cell,G+E+normalized-GxE-mixture,W403,ME3,0.292492469335884,-0.30126431640359075,0.5937567857394748
CV2,sparse_cell,G+E+normalized-GxE-mixture,W404,ME4,1.8980175417881282,0.951149244828793,0.9468682969593352
CV2,sparse_cell,G+E+normalized-GxE-mixture,W405,ME1,1.4818398248612796,0.04686950005940142,1.4349703248018781
CV2,sparse_cell,G+E+normalized-GxE-mixture,W406,ME2,-1.0395298267255575,0.20900277705468845,-1.248532603780246
CV2,sparse_cell,G+E+normalized-GxE-mixture,W407,ME3,0.4321051402897683,0.09837668040725776,0.33372845988251054
CV2,sparse_cell,G+E+normalized-GxE-mixture,W408,ME4,0.6167913760170415,-0.36564976906631674,0.9824411450833582
CV2,sparse_cell,G+E+normalized-GxE-mixture,W409,ME1,-1.2779936493551367,-0.7836995596398515,-0.4942940897152852
CV2,sparse_cell,G+E+normalized-GxE-mixture,W410,ME2,0.0194986169488371,0.5619178097253278,-0.5424191927764906
CV2,sparse_cell,G+E+normalized-GxE-mixture,W411,ME3,1.849060989315101,-0.6283955494045277,2.477456538719629
CV2,sparse_cell,G+E+normalized-GxE-mixture,W412,ME4,0.20503245635381828,0.15030857849209484,0.05472387786172345
CV2,sparse_cell,G+E+normalized-GxE-mixture,W413,ME1,-0.3323763010485524,-0.3985786953345034,0.06620239428595098
CV2,sparse_cell,G+E+normalized-GxE-mixture,W414,ME2,0.1803356585505129,0.36160132732113637,-0.18126566877062347
CV2,sparse_cell,G+E+normalized-GxE-mixture,W415,ME3,1.9449882144359945,0.2816678994441778,1.6633203149918168
CV2,sparse_cell,G+E+normalized-GxE-mixture,W416,ME4,-0.22953989930771182,-0.36379681994662955,0.13425692063891773
CV2,sparse_cell,G+E+normalized-GxE-mixture,W417,ME1,-0.03804922637173485,0.2949709295256406,-0.33302015589737544
CV2,sparse_cell,G+E+normalized-GxE-mixture,W418,ME2,0.5635118417886885,0.4517337764470444,0.11177806534164414
CV2,sparse_cell,G+E+normalized-GxE-mixture,W419,ME3,-0.5403605885663361,-0.05339474370813836,-0.4869658448581977
CV2,sparse_cell,G+E+normalized-GxE-mixture,W420,ME4,-0.025745115524221367,-0.3208934768383771,0.2951483613141557
CV2,sparse_cell,G+E+normalized-GxE-mixture,W421,ME1,-0.7322262287023361,0.2168325923926809,-0.949058821095017
CV2,sparse_cell,G+E+normalized-GxE-mixture,W422,ME2,1.9038373982792973,-0.07361867121977701,1.9774560694990744
CV2,sparse_cell,G+E+normalized-GxE-mixture,W423,ME3,0.19654835115782304,0.0788510424737913,0.11769730868403175
CV2,sparse_cell,G+E+normalized-GxE-mixture,W424,ME4,0.31206680469621634,-0.3020317706187868,0.6140985753150031
CV2,sparse_cell,G+E+normalized-GxE-mixture,W425,ME1,-0.017623872102518333,0.24341939171897262,-0.26104326382149096
CV2,sparse_cell,G+E+normalized-GxE-mixture,W426,ME2,0.3311860450940529,0.18784758444436628,0.14333846064968664
CV2,sparse_cell,G+E+normalized-GxE-mixture,W427,ME3,0.1611320568079141,0.248205432087484,-0.0870733752795699
CV2,sparse_cell,G+E+normalized-GxE-mixture,W428,ME4,-0.24336956154392553,-0.3896205793260396,0.14625101778211408
CV2,sparse_cell,G+E+normalized-GxE-mixture,W429,ME1,-1.0413592420001396,-0.28244711934582867,-0.758912122654311
CV2,sparse_cell,G+E+normalized-GxE-mixture,W430,ME2,0.273778600206637,0.4197593221997535,-0.14598072199311646
CV2,sparse_cell,G+E+normalized-GxE-mixture,W431,ME3,0.0238252881572805,0.6551943577470495,-0.631369069589769
CV2,sparse_cell,G+E+normalized-GxE-mixture,W432,ME4,-0.14617645748907251,-0.1504237139942892,0.004247256505216679
CV2,sparse_cell,G+E+normalized-GxE-mixture,W433,ME1,-0.8926564734189554,0.042623597822871534,-0.9352800712418269
CV2,sparse_cell,G+E+normalized-GxE-mixture,W434,ME2,0.24002775646453645,0.030905083232698367,0.20912267323183809
CV2,sparse_cell,G+E+normalized-GxE-mixture,W435,ME3,-0.03741204407187156,0.17259734592771045,-0.21000938999958202
CV2,sparse_cell,G+E+normalized-GxE-mixture,W436,ME4,0.6863487557056707,0.15667095876491027,0.5296777969407604
CV2,sparse_cell,G+E+normalized-GxE-mixture,W437,ME1,-0.704397905122626,-0.9566317316829162,0.25223382656029014
CV2,sparse_cell,G+E+normalized-GxE-mixture,W438,ME2,0.1924614070241416,-0.6046982121823883,0.7971596192065299
CV2,sparse_cell,G+E+normalized-GxE-mixture,W439,ME3,1.289267307454817,-0.5314697460881005,1.8207370535429175
CV2,sparse_cell,G+E+normalized-GxE-mixture,W440,ME4,1.0853872181243212,-0.41504192327038486,1.500429141394706
CV2,sparse_cell,G+E+normalized-GxE-mixture,W441,ME1,-0.1405261931857474,0.06867216082438045,-0.20919835401012787
CV2,sparse_cell,G+E+normalized-GxE-mixture,W442,ME2,0.20619463989876383,0.1510295809380554,0.05516505896070842
CV2,sparse_cell,G+E+normalized-GxE-mixture,W443,ME3,1.6516233836797303,0.7841777709119211,0.8674456127678092
CV2,sparse_cell,G+E+normalized-GxE-mixture,W444,ME4,-2.0072100325081474,-0.7781524384234682,-1.2290575940846793
CV2,sparse_cell,G+E+normalized-GxE-mixture,W445,ME1,-0.5518348423135264,-0.16931421903482055,-0.38252062327870584
CV2,sparse_cell,G+E+normalized-GxE-mixture,W446,ME2,1.907792822494339,0.608072842637174,1.299719979857165
CV2,sparse_cell,G+E+normalized-GxE-mixture,W447,ME3,4.875384608494055,-0.24961577703948262,5.1250003855335375
CV2,sparse_cell,G+E+normalized-GxE-mixture,W448,ME4,0.37681762942106406,-0.2733080295670657,0.6501256589881297
CV2,sparse_cell,G+E+normalized-GxE-mixture,W449,ME1,0.12509299720120523,-0.28445357894780154,0.4095465761490068
CV2,sparse_cell,G+E+normalized-GxE-mixture,W450,ME2,-0.38176493013987695,-0.4479265292893727,0.06616159914949576
CV2,sparse_cell,G+E+normalized-GxE-mixture,W451,ME3,0.32632081631212523,-0.9662662444110147,1.29258706072314
CV2,sparse_cell,G+E+normalized-GxE-mixture,W452,ME4,-0.10936815851111582,-0.2775599173589858,0.16819175884786997
CV2,sparse_cell,G+E+normalized-GxE-mixture,W453,ME1,0.3815175205347489,-0.41509195643286306,0.796609476967612
CV2,sparse_cell,G+E+normalized-GxE-mixture,W454,ME2,0.7295257426030093,0.6621581170495353,0.06736762555347398
CV2,sparse_cell,G+E+normalized-GxE-mixture,W455,ME3,1.4468541912340296,0.7060583366417691,0.7407958545922605
CV2,sparse_cell,G+E+normalized-GxE-mixture,W456,ME4,0.389742620919416,0.0758881204833414,0.31385450043607466
CV2,sparse_cell,G+E+normalized-GxE-mixture,W457,ME1,-0.3174482012178212,0.4085682576140725,-0.7260164588318937
CV2,sparse_cell,G+E+normalized-GxE-mixture,W458,ME2,0.7401009647843434,0.2617653292158268,0.4783356355685166
CV2,sparse_cell,G+E+normalized-GxE-mixture,W459,ME3,0.6879504910788741,0.4240186136516092,0.26393187742726487
CV2,sparse_cell,G+E+normalized-GxE-mixture,W460,ME4,1.3428014432059008,0.4177986455597921,0.9250027976461086
CV2,sparse_cell,G+E+normalized-GxE-mixture,W461,ME1,2.082612366221532,-0.07287214573325666,2.1554845119547887
CV2,sparse_cell,G+E+normalized-GxE-mixture,W462,ME2,1.8385444196767766,0.8028550710973457,1.035689348579431
CV2,sparse_cell,G+E+normalized-GxE-mixture,W463,ME3,0.7807862867382699,1.0722794642009899,-0.29149317746271997
CV2,sparse_cell,G+E+normalized-GxE-mixture,W464,ME4,0.4570422571144192,0.5139243884848479,-0.05688213137042869
CV2,sparse_cell,G+E+normalized-GxE-mixture,W465,ME1,-0.549196160183055,-0.4038243647794854,-0.14537179540356954
CV2,sparse_cell,G+E+normalized-GxE-mixture,W466,ME2,1.461146320131931,-0.06907817908071297,1.530224499212644
CV2,sparse_cell,G+E+normalized-GxE-mixture,W467,ME3,1.411953135127704,0.9952459802265693,0.41670715490113464
CV2,sparse_cell,G+E+normalized-GxE-mixture,W468,ME4,0.06763263802746716,1.0666212249322027,-0.9989885869047355
CV2,sparse_cell,G+E+normalized-GxE-mixture,W469,ME1,0.296908666665976,-0.0680063154153014,0.3649149820812774
CV2,sparse_cell,G+E+normalized-GxE-mixture,W470,ME2,0.8158868927445239,0.6641709947787159,0.15171589796580798
CV2,sparse_cell,G+E+normalized-GxE-mixture,W471,ME3,0.6808385140117097,0.6542983161200941,0.026540197891615547
CV2,sparse_cell,G+E+normalized-GxE-mixture,W472,ME4,0.7454355549412843,0.6438567965977391,0.10157875834354524
CV2,sparse_cell,G+E+normalized-GxE-mixture,W473,ME1,-1.2022944197170344,0.25385893618620053,-1.456153355903235
CV2,sparse_cell,G+E+normalized-GxE-mixture,W474,ME2,1.0483076196203214,0.4906174851898944,0.557690134430427
CV2,sparse_cell,G+E+normalized-GxE-mixture,W475,ME3,0.16777947480299704,0.5081294815411252,-0.3403500067381282
CV2,sparse_cell,G+E+normalized-GxE-mixture,W476,ME4,0.8550029813497011,0.6032195584174272,0.25178342293227385
CV2,sparse_cell,G+E+normalized-GxE-mixture,W477,ME1,-0.4917559593613715,-0.6867651965628486,0.19500923720147711
CV2,sparse_cell,G+E+normalized-GxE-mixture,W478,ME2,1.5837391560832192,0.5665889890951825,1.0171501669880367
CV2,sparse_cell,G+E+normalized-GxE-mixture,W479,ME3,-1.1343204785461969,-0.36500100704744176,-0.7693194714987551
CV2,sparse_cell,G+E+normalized-GxE-mixture,W480,ME4,0.0719907909733504,0.3969817993006052,-0.3249910083272548
CV2,sparse_cell,G+E+normalized-GxE-mixture,W481,ME1,-0.6238692356593067,-0.627091242556131,0.003222006896824281
CV2,sparse_cell,G+E+normalized-GxE-mixture,W482,ME2,1.0628066226229747,0.06645204652450423,0.9963545760984704
CV2,sparse_cell,G+E+normalized-GxE-mixture,W483,ME3,0.6017874530003112,-0.006625519675941551,0.6084129726762528
CV2,sparse_cell,G+E+normalized-GxE-mixture,W484,ME4,0.3790675062126212,0.6443891497740162,-0.265321643561395
CV2,sparse_cell,G+E+normalized-GxE-mixture,W485,ME1,-0.9317154842144731,-0.7907505598669123,-0.1409649243475608
CV2,sparse_cell,G+E+normalized-GxE-mixture,W486,ME2,2.429908818879724,0.207012060137037,2.2228967587426873
CV2,sparse_cell,G+E+normalized-GxE-mixture,W487,ME3,0.6283855715092214,0.18109112812048409,0.44729444338873725
CV2,sparse_cell,G+E+normalized-GxE-mixture,W488,ME4,0.04403253182232322,-0.417330103679906,0.4613626355022292
CV2,sparse_cell,G+E+normalized-GxE-mixture,W489,ME1,-0.2186930792606787,0.23259429695272074,-0.4512873762133994
CV2,sparse_cell,G+E+normalized-GxE-mixture,W490,ME2,0.9018999655551156,-0.17910378447809877,1.0810037500332144
CV2,sparse_cell,G+E+normalized-GxE-mixture,W491,ME3,1.5891444117488291,0.4382525788239603,1.1508918329248687
CV2,sparse_cell,G+E+normalized-GxE-mixture,W492,ME4,1.3253216312099565,-0.07608360818426246,1.401405239394219
CV2,sparse_cell,G+E+normalized-GxE-mixture,W493,ME1,0.414558055730206,0.1172800006302733,0.29727805509993266
CV2,sparse_cell,G+E+normalized-GxE-mixture,W494,ME2,0.07548210911883936,0.24019680134589438,-0.16471469222705504
CV2,sparse_cell,G+E+normalized-GxE-mixture,W495,ME3,-0.08742393981377662,-0.07818678461923528,-0.009237155194541338
CV2,sparse_cell,G+E+normalized-GxE-mixture,W496,ME4,1.191587696047471,0.1424234429688352,1.0491642530786358
CV2,sparse_cell,G+E+normalized-GxE-mixture,W497,ME1,0.07669272590058679,0.41800617243199156,-0.3413134465314048
CV2,sparse_cell,G+E+normalized-GxE-mixture,W498,ME2,0.4544687070284439,-0.38782452503697257,0.8422932320654164
CV2,sparse_cell,G+E+normalized-GxE-mixture,W499,ME3,-1.3370371645461494,-0.4226075964059609,-0.9144295681401885
CV2,sparse_cell,G+E+normalized-GxE-mixture,W500,ME4,1.2997548494877165,-0.6589461699286413,1.9587010194163579
CV2,sparse_cell,G+E+normalized-GxE-mixture,W501,ME1,0.05677230463164708,-0.6527542721461339,0.709526576777781
CV2,sparse_cell,G+E+normalized-GxE-mixture,W502,ME2,-1.6145915494837932,-0.8718982790711743,-0.7426932704126189
CV2,sparse_cell,G+E+normalized-GxE-mixture,W503,ME3,-1.3912385384653865,-0.9640916492384893,-0.42714688922689714
CV2,sparse_cell,G+E+normalized-GxE-mixture,W504,ME4,-0.29521899487662834,-0.23309097424514813,-0.06212802063148021
CV2,sparse_cell,G+E+normalized-GxE-mixture,W505,ME1,0.7185847304607064,0.1135207389176834,0.6050639915430229
CV2,sparse_cell,G+E+normalized-GxE-mixture,W506,ME2,0.1312567548902864,-0.5437950536919148,0.6750518085822013
CV2,sparse_cell,G+E+normalized-GxE-mixture,W507,ME3,1.087184111098613,0.05822933535318821,1.0289547757454247
CV2,sparse_cell,G+E+normalized-GxE-mixture,W508,ME4,1.2122377889769722,0.4376595059775981,0.7745782829993741
CV2,sparse_cell,G+E+normalized-GxE-mixture,W509,ME1,-1.4683941108623129,-0.02552901021108736,-1.4428651006512254
CV2,sparse_cell,G+E+normalized-GxE-mixture,W510,ME2,1.031277145120041,-0.8697078069423074,1.9009849520623485
CV2,sparse_cell,G+E+normalized-GxE-mixture,W511,ME3,1.2596706712988222,0.9976681266797632,0.2620025446190589
CV2,sparse_cell,G+E+normalized-GxE-mixture,W512,ME4,0.5619683293024913,0.227031425296579,0.3349369040059123
CV2,sparse_cell,G+E+normalized-GxE-mixture,W513,ME1,0.011328334606835667,0.1357076833210908,-0.12437934871425513
CV2,sparse_cell,G+E+normalized-GxE-mixture,W514,ME2,0.5232361302614574,-0.024939555867431802,0.5481756861288892
CV2,sparse_cell,G+E+normalized-GxE-mixture,W515,ME3,0.34541841743903756,-0.3476572153473369,0.6930756327863745
CV2,sparse_cell,G+E+normalized-GxE-mixture,W516,ME4,0.12649130290309799,-0.653562482636922,0.7800537855400199
CV2,sparse_cell,G+E+normalized-GxE-mixture,W517,ME1,-0.3560837198195595,-0.6756373388320911,0.3195536190125316
CV2,sparse_cell,G+E+normalized-GxE-mixture,W518,ME2,1.545222817246839,0.6966897362108687,0.8485330810359702
CV2,sparse_cell,G+E+normalized-GxE-mixture,W519,ME3,0.5149824787494153,0.06899889329376484,0.4459835854556504
CV2,sparse_cell,G+E+normalized-GxE-mixture,W520,ME4,1.9184709671659197,0.5242848841636482,1.3941860830022716
CV2,sparse_cell,G+E+normalized-GxE-mixture,W521,ME1,-1.3975976177752751,0.39104861096544796,-1.7886462287407232
CV2,sparse_cell,G+E+normalized-GxE-mixture,W522,ME2,1.1833806100549058,0.7705643085595656,0.4128163014953402
CV2,sparse_cell,G+E+normalized-GxE-mixture,W523,ME3,0.7309517680966139,0.5928492728875534,0.13810249520906048
CV2,sparse_cell,G+E+normalized-GxE-mixture,W524,ME4,1.9022104939905746,-0.3813215963906861,2.283532090381261
CV2,sparse_cell,G+E+normalized-GxE-mixture,W525,ME1,-1.101902337549322,-0.953741581346685,-0.14816075620263702
CV2,sparse_cell,G+E+normalized-GxE-mixture,W526,ME2,0.386872089363083,0.8436367791655716,-0.4567646898024886
CV2,sparse_cell,G+E+normalized-GxE-mixture,W527,ME3,0.1582771301467489,0.5054069898079895,-0.34712985966124055
CV2,sparse_cell,G+E+normalized-GxE-mixture,W528,ME4,0.7628524333206811,0.7429429213185738,0.019909512002107332
CV2,sparse_cell,G+E+normalized-GxE-mixture,W529,ME1,-1.424562668806125,-1.177645860739684,-0.246916808066441
CV2,sparse_cell,G+E+normalized-GxE-mixture,W530,ME2,0.41949009960999495,0.07264629462916908,0.3468438049808259
CV2,sparse_cell,G+E+normalized-GxE-mixture,W531,ME3,0.8378256942615047,0.12812031294012063,0.709705381321384
CV2,sparse_cell,G+E+normalized-GxE-mixture,W532,ME4,0.9196279388414551,-0.14773577364726906,1.067363712488724
CV2,sparse_cell,G+E+normalized-GxE-mixture,W533,ME1,0.21659988738019506,-0.2494435555689458,0.46604344294914085
CV2,sparse_cell,G+E+normalized-GxE-mixture,W534,ME2,1.8999199461367207,0.8037726358027502,1.0961473103339705
CV2,sparse_cell,G+E+normalized-GxE-mixture,W535,ME3,1.0950900618526118,0.4379549139473125,0.6571351479052994
CV2,sparse_cell,G+E+normalized-GxE-mixture,W536,ME4,0.49440122523716273,0.18051842611862506,0.31388279911853767
CV2,sparse_cell,G+E+normalized-GxE-mixture,W537,ME1,-0.706295475913985,0.2838059617814935,-0.9901014376954784
CV2,sparse_cell,G+E+normalized-GxE-mixture,W538,ME2,0.6743713073484808,0.4341450487442359,0.24022625860424496
CV2,sparse_cell,G+E+normalized-GxE-mixture,W539,ME3,1.9842054466484027,0.25190266557536845,1.7323027810730343
CV2,sparse_cell,G+E+normalized-GxE-mixture,W540,ME4,0.7549857312522991,0.05469211992283032,0.7002936113294688
CV2,sparse_cell,G+E+normalized-GxE-mixture,W541,ME1,-0.5933045009813293,-0.4602452363404692,-0.13305926464086004
CV2,sparse_cell,G+E+normalized-GxE-mixture,W542,ME2,1.0681100554105007,-0.31005934201647833,1.378169397426979
CV2,sparse_cell,G+E+normalized-GxE-mixture,W543,ME3,1.9071308733255052,-0.30623611228146874,2.213366985606974
CV2,sparse_cell,G+E+normalized-GxE-mixture,W544,ME4,2.125097763694028,1.174412751014774,0.9506850126792539
CV2,sparse_cell,G+E+normalized-GxE-mixture,W545,ME1,-1.5147176415972805,0.026190953526280834,-1.5409085951235613
CV2,sparse_cell,G+E+normalized-GxE-mixture,W546,ME2,0.8839708186731784,0.9268092997392199,-0.04283848106604149
CV2,sparse_cell,G+E+normalized-GxE-mixture,W547,ME3,0.5126343438032495,-0.28286697446009823,0.7955013182633477
CV2,sparse_cell,G+E+normalized-GxE-mixture,W548,ME4,1.5442755498792187,0.14846532973507795,1.3958102201441407
CV2,sparse_cell,G+E+normalized-GxE-mixture,W549,ME1,-1.4492473772550856,-0.8958273379366375,-0.5534200393184481
CV2,sparse_cell,G+E+normalized-GxE-mixture,W550,ME2,0.8365057280926893,0.1293886283938231,0.7071170996988663
CV2,sparse_cell,G+E+normalized-GxE-mixture,W551,ME3,0.9346060187693153,0.6475899334130012,0.28701608535631407
CV2,sparse_cell,G+E+normalized-GxE-mixture,W552,ME4,1.7448135190063983,0.37076730852917517,1.374046210477223
CV2,sparse_cell,G+E+normalized-GxE-mixture,W553,ME1,-2.045141614306222,-0.6411705620702285,-1.4039710522359936
CV2,sparse_cell,G+E+normalized-GxE-mixture,W554,ME2,0.5153252818313763,0.48867692998751927,0.026648351843857
CV2,sparse_cell,G+E+normalized-GxE-mixture,W555,ME3,0.5844551763473157,0.3779972873130096,0.20645788903430612
CV2,sparse_cell,G+E+normalized-GxE-mixture,W556,ME4,1.7595635853846139,0.807986321888072,0.9515772634965419
CV2,sparse_cell,G+E+normalized-GxE-mixture,W557,ME1,-2.050321249599372,-1.4618883783122087,-0.5884328712871634
CV2,sparse_cell,G+E+normalized-GxE-mixture,W558,ME2,0.9559595393869207,0.5223343003063992,0.43362523908052153
CV2,sparse_cell,G+E+normalized-GxE-mixture,W559,ME3,-0.06654412115578129,1.1342287639759658,-1.2007728851317472
CV2,sparse_cell,G+E+normalized-GxE-mixture,W560,ME4,1.405561992307448,1.2143886332709433,0.1911733590365048
CV2,sparse_cell,G+E+normalized-GxE-mixture,W561,ME1,-1.636455359147615,-0.2377041183418376,-1.3987512408057774
CV2,sparse_cell,G+E+normalized-GxE-mixture,W562,ME2,0.5050411788722706,0.47467939907670725,0.03036177979556337
CV2,sparse_cell,G+E+normalized-GxE-mixture,W563,ME3,0.5096527192133324,0.38965706411190537,0.11999565510142707
CV2,sparse_cell,G+E+normalized-GxE-mixture,W564,ME4,1.4563022206485077,1.2643709714801352,0.19193124916837245
CV2,sparse_cell,G+E+normalized-GxE-mixture,W565,ME1,-2.001456765701728,-1.2536103449206375,-0.7478464207810904
CV2,sparse_cell,G+E+normalized-GxE-mixture,W566,ME2,-0.039225193117343994,-0.08824215357424772,0.04901696045690373
CV2,sparse_cell,G+E+normalized-GxE-mixture,W567,ME3,0.12111240438009135,0.25284882355284477,-0.13173641917275342
CV2,sparse_cell,G+E+normalized-GxE-mixture,W568,ME4,1.1783244363601795,0.44005396670686947,0.73827046965331
CV2,sparse_cell,G+E+normalized-GxE-mixture,W569,ME1,-1.7856386284871266,-1.2999298343859917,-0.4857087941011349
CV2,sparse_cell,G+E+normalized-GxE-mixture,W570,ME2,0.30964322264925526,0.13105079353763888,0.17859242911161638
CV2,sparse_cell,G+E+normalized-GxE-mixture,W571,ME3,-0.18840218902750308,0.3307928748694501,-0.5191950638969531
CV2,sparse_cell,G+E+normalized-GxE-mixture,W572,ME4,1.7434368461444318,1.2196292131006266,0.5238076330438053
CV2,sparse_cell,G+E+normalized-GxE-mixture,W573,ME1,-1.7408461849142838,-0.14313466370710054,-1.5977115212071833
CV2,sparse_cell,G+E+normalized-GxE-mixture,W574,ME2,0.3493177096958004,-0.40206037246306475,0.7513780821588651
CV2,sparse_cell,G+E+normalized-GxE-mixture,W575,ME3,0.2991229942737987,1.0238457518705908,-0.724722757596792
CV2,sparse_cell,G+E+normalized-GxE-mixture,W576,ME4,0.3435572130759473,0.2504729035698452,0.09308430950610208
CV2,sparse_cell,G+E+normalized-GxE-mixture,W577,ME1,-1.4524724331923298,0.31755250001047947,-1.7700249332028093
CV2,sparse_cell,G+E+normalized-GxE-mixture,W578,ME2,0.24635643520860157,0.26367578300970207,-0.017319347801100504
CV2,sparse_cell,G+E+normalized-GxE-mixture,W579,ME3,-0.13355043240734935,-0.05394395581567766,-0.0796064765916717
CV2,sparse_cell,G+E+normalized-GxE-mixture,W580,ME4,0.11452604905708998,-0.5233770867922369,0.6379031358493269
CV2,sparse_cell,G+E+normalized-GxE-mixture,W581,ME1,-1.6029750435970784,-1.1665565978866357,-0.43641844571044275
CV2,sparse_cell,G+E+normalized-GxE-mixture,W582,ME2,0.5358934877495878,0.40757962003361314,0.12831386771597464
CV2,sparse_cell,G+E+normalized-GxE-mixture,W583,ME3,-0.10947782594485483,0.4941467236039513,-0.6036245495488062
CV2,sparse_cell,G+E+normalized-GxE-mixture,W584,ME4,1.3320083279680808,1.25736869645377,0.07463963151431074
CV2,sparse_cell,G+E+normalized-GxE-mixture,W585,ME1,-2.2687292044605485,-1.1263664519251408,-1.1423627525354076
CV2,sparse_cell,G+E+normalized-GxE-mixture,W586,ME2,0.6403166870266653,0.15975601142411228,0.48056067560255306
CV2,sparse_cell,G+E+normalized-GxE-mixture,W587,ME3,0.14319163009691935,0.36824674879813807,-0.22505511870121872
CV2,sparse_cell,G+E+normalized-GxE-mixture,W588,ME4,1.264551357731709,0.7303899426962314,0.5341614150354775
CV2,sparse_cell,G+E+normalized-GxE-mixture,W589,ME1,-0.8414709265361711,-0.1736325678116822,-0.6678383587244888
CV2,sparse_cell,G+E+normalized-GxE-mixture,W590,ME2,0.1349273885618447,0.7116084254327847,-0.57668103687094
CV2,sparse_cell,G+E+normalized-GxE-mixture,W591,ME3,1.961915057716992,0.5518464473286208,1.4100686103883713
CV2,sparse_cell,G+E+normalized-GxE-mixture,W592,ME4,1.7018770591171724,0.6996417808828708,1.0022352782343016
CV2,sparse_cell,G+E+normalized-GxE-mixture,W593,ME1,-1.148877394736258,-0.20618174352360472,-0.9426956512126533
CV2,sparse_cell,G+E+normalized-GxE-mixture,W594,ME2,0.9528331720873529,0.7533658717097489,0.19946730037760396
CV2,sparse_cell,G+E+normalized-GxE-mixture,W595,ME3,1.574548810356833,0.5825541278678774,0.9919946824889556
CV2,sparse_cell,G+E+normalized-GxE-mixture,W596,ME4,0.5543848285085714,0.2502592791341135,0.3041255493744579
CV2,sparse_cell,G+E+normalized-GxE-mixture,W597,ME1,-1.2099742877696142,0.27764789541176776,-1.487622183181382
CV2,sparse_cell,G+E+normalized-GxE-mixture,W598,ME2,0.5279066951745784,0.8609820620813098,-0.33307536690673134
CV2,sparse_cell,G+E+normalized-GxE-mixture,W599,ME3,-0.3043476868908917,-0.9681867498984339,0.6638390630075421
