regime,scenario,model,genotype_id,environment,observed,predicted,error
CV-G,gfold_0,G+E,W002,ME1,-0.25270276005343995,-0.2495886159502236,-0.0031141441032163375
CV-G,gfold_0,G+E,W002,ME2,0.40952243058809296,-0.21963785010720366,0.6291602806952966
CV-G,gfold_0,G+E,W002,ME3,0.3093855265025463,-0.23944849619260902,0.5488340226951554
CV-G,gfold_0,G+E,W002,ME4,-1.7387588244246297,-0.26022680678481513,-1.4785320176398145
CV-G,gfold_0,G+E,W003,ME1,0.3418151273679119,-0.24283509219426308,0.584650219562175
CV-G,gfold_0,G+E,W003,ME2,-0.648626326740878,-0.21288432635124313,-0.43574200038963484
CV-G,gfold_0,G+E,W003,ME3,-0.799559211203025,-0.2326949724366485,-0.5668642387663765
CV-G,gfold_0,G+E,W003,ME4,-1.0535690742686032,-0.25347328302885463,-0.8000957912397486
CV-G,gfold_0,G+E,W008,ME1,0.647218151728196,-0.04835614393532539,0.6955742956635214
CV-G,gfold_0,G+E,W008,ME2,-0.4240405041502334,-0.01840537809230546,-0.40563512605792795
CV-G,gfold_0,G+E,W008,ME3,-0.7080833066455468,-0.038216024177710806,-0.669867282467836
CV-G,gfold_0,G+E,W008,ME4,0.9643265399939988,-0.058994334769916945,1.0233208747639158
CV-G,gfold_0,G+E,W011,ME1,1.6857676043274525,-0.46040169083479815,2.1461692951622506
CV-G,gfold_0,G+E,W011,ME2,-0.26919672131918876,-0.4304509249917782,0.16125420367258947
CV-G,gfold_0,G+E,W011,ME3,-0.21264372606166304,-0.45026157107718356,0.23761784501552052
CV-G,gfold_0,G+E,W011,ME4,0.347223096239814,-0.4710398816693897,0.8182629779092037
CV-G,gfold_0,G+E,W012,ME1,0.8910193500548484,-0.06285488628294297,0.9538742363377914
CV-G,gfold_0,G+E,W012,ME2,-0.18989837665605017,-0.03290412043992305,-0.15699425621612711
CV-G,gfold_0,G+E,W012,ME3,-0.38194594498595685,-0.05271476652532839,-0.32923117846062844
CV-G,gfold_0,G+E,W012,ME4,0.6924061162983242,-0.07349307711753453,0.7658991934158587
CV-G,gfold_0,G+E,W016,ME1,1.0013634987763806,-0.009938348547966259,1.011301847324347
CV-G,gfold_0,G+E,W016,ME2,0.1429331671730866,0.020012417295053674,0.12292074987803292
CV-G,gfold_0,G+E,W016,ME3,-0.15849303131392628,0.00020177120964832984,-0.1586948025235746
CV-G,gfold_0,G+E,W016,ME4,-0.6343525210445544,-0.02057653938255781,-0.6137759816619967
CV-G,gfold_0,G+E,W026,ME1,-0.4852406948416862,0.023885030282364172,-0.5091257251240504
CV-G,gfold_0,G+E,W026,ME2,-0.2743862378893214,0.053835796125384104,-0.3282220340147055
CV-G,gfold_0,G+E,W026,ME3,0.3088365021446311,0.03402515003997876,0.27481135210465235
CV-G,gfold_0,G+E,W026,ME4,-0.2668516672180447,0.013246839447772621,-0.2800985066658173
CV-G,gfold_0,G+E,W028,ME1,2.593962902049092,-0.2904528033149079,2.8844157053640003
CV-G,gfold_0,G+E,W028,ME2,0.06926734659216646,-0.260502037471888,0.3297693840640544
CV-G,gfold_0,G+E,W028,ME3,-0.9879167986113145,-0.28031268355729333,-0.7076041150540212
CV-G,gfold_0,G+E,W028,ME4,0.38525073403836974,-0.30109099414949947,0.6863417281878692
CV-G,gfold_0,G+E,W029,ME1,0.9675492759192114,-0.07598079364182397,1.0435300695610352
CV-G,gfold_0,G+E,W029,ME2,1.3109161441053094,-0.04603002779880405,1.3569461719041134
CV-G,gfold_0,G+E,W029,ME3,0.8031273548411803,-0.06584067388420939,0.8689680287253896
CV-G,gfold_0,G+E,W029,ME4,-0.6872482257523514,-0.08661898447641553,-0.600629241275936
CV-G,gfold_0,G+E,W049,ME1,0.6860409841848755,-0.18348053933081263,0.8695215235156881
CV-G,gfold_0,G+E,W049,ME2,-0.40966807472246114,-0.15352977348779268,-0.25613830123466846
CV-G,gfold_0,G+E,W049,ME3,-0.6977194160737998,-0.17334041957319804,-0.5243789965006018
CV-G,gfold_0,G+E,W049,ME4,0.07844935337149163,-0.19411873016540418,0.2725680835368958
CV-G,gfold_0,G+E,W054,ME1,0.30923880476948085,0.026231528813774427,0.2830072759557064
CV-G,gfold_0,G+E,W054,ME2,-0.9063491112354478,0.05618229465679436,-0.9625314058922422
CV-G,gfold_0,G+E,W054,ME3,-0.5979659135046567,0.03637164857138901,-0.6343375620760456
CV-G,gfold_0,G+E,W054,ME4,0.18436663002017992,0.015593337979182876,0.16877329204099703
CV-G,gfold_0,G+E,W055,ME1,-0.3655227092924547,-0.14396273461984668,-0.221559974672608
CV-G,gfold_0,G+E,W055,ME2,0.10591672519904828,-0.11401196877682675,0.21992869397587503
CV-G,gfold_0,G+E,W055,ME3,1.6860092015424728,-0.1338226148622321,1.819831816404705
CV-G,gfold_0,G+E,W055,ME4,-1.011088883099343,-0.15460092545443824,-0.8564879576449047
CV-G,gfold_0,G+E,W065,ME1,0.8241971683248178,-0.2315435692662279,1.0557407375910457
CV-G,gfold_0,G+E,W065,ME2,-0.28141107129523324,-0.20159280342320796,-0.07981826787202528
CV-G,gfold_0,G+E,W065,ME3,-0.42371402883053055,-0.22140344950861332,-0.20231057932191723
CV-G,gfold_0,G+E,W065,ME4,-1.294203623838324,-0.24218176010081946,-1.0520218637375047
CV-G,gfold_0,G+E,W074,ME1,0.8733304068839006,0.09192847272931097,0.7814019341545897
CV-G,gfold_0,G+E,W074,ME2,-0.674903000886236,0.12187923857233089,-0.7967822394585669
CV-G,gfold_0,G+E,W074,ME3,0.35809665684261816,0.10206859248692556,0.2560280643556926
CV-G,gfold_0,G+E,W074,ME4,-0.059745001863765974,0.08129028189471942,-0.1410352837584854
CV-G,gfold_0,G+E,W075,ME1,-0.9345740565224844,-0.19856936663119654,-0.7360046898912879
CV-G,gfold_0,G+E,W075,ME2,-0.4629492210687465,-0.1686186007881766,-0.2943306202805699
CV-G,gfold_0,G+E,W075,ME3,-0.20287953901933256,-0.18842924687358195,-0.01445029214575061
CV-G,gfold_0,G+E,W075,ME4,-0.8562092527770483,-0.2092075574657881,-0.6470016953112602
CV-G,gfold_0,G+E,W078,ME1,1.0472716813982195,-0.1972489391538597,1.2445206205520791
CV-G,gfold_0,G+E,W078,ME2,-0.6132110404890881,-0.16729817331083974,-0.4459128671782484
CV-G,gfold_0,G+E,W078,ME3,-0.6509003081363932,-0.1871088193962451,-0.4637914887401481
CV-G,gfold_0,G+E,W078,ME4,-0.7263142682239334,-0.20788712998845124,-0.5184271382354821
CV-G,gfold_0,G+E,W084,ME1,0.9381410006934777,-0.17394851899683647,1.1120895196903142
CV-G,gfold_0,G+E,W084,ME2,-0.60131945312899,-0.14399775315381652,-0.4573216999751735
CV-G,gfold_0,G+E,W084,ME3,0.6211468965133073,-0.16380839923922189,0.7849552957525292
CV-G,gfold_0,G+E,W084,ME4,0.024696178138241338,-0.18458670983142803,0.20928288796966937
CV-G,gfold_0,G+E,W093,ME1,-0.05990793883528156,-0.24576164499501812,0.18585370615973656
CV-G,gfold_0,G+E,W093,ME2,-2.278786383673444,-0.21581087915199818,-2.0629755045214457
CV-G,gfold_0,G+E,W093,ME3,-1.5833970637361743,-0.23562152523740354,-1.3477755384987709
CV-G,gfold_0,G+E,W093,ME4,-1.1028696961311497,-0.2563998358296097,-0.84646986030154
CV-G,gfold_0,G+E,W100,ME1,0.14921576408534248,0.10136344902940808,0.0478523150559344
CV-G,gfold_0,G+E,W100,ME2,-0.7213301881526994,0.131314214872428,-0.8526444030251275
CV-G,gfold_0,G+E,W100,ME3,-0.3449248102052157,0.11150356878702267,-0.45642837899223837
CV-G,gfold_0,G+E,W100,ME4,-0.6463571084009043,0.09072525819481653,-0.7370823665957209
CV-G,gfold_0,G+E,W103,ME1,1.7113807379704693,0.19331111273210602,1.5180696252383632
CV-G,gfold_0,G+E,W103,ME2,-0.07260897349228923,0.22326187857512597,-0.2958708520674152
CV-G,gfold_0,G+E,W103,ME3,-0.5613671051530811,0.2034512324897206,-0.7648183376428017
CV-G,gfold_0,G+E,W103,ME4,-0.11737646121672823,0.18267292189751447,-0.3000493831142427
CV-G,gfold_0,G+E,W107,ME1,0.10373921773793388,-0.11576480213832087,0.21950401987625473
CV-G,gfold_0,G+E,W107,ME2,-0.9048998438030572,-0.08581403629530095,-0.8190858075077563
CV-G,gfold_0,G+E,W107,ME3,-0.14108473590368073,-0.10562468238070628,-0.03546005352297445
CV-G,gfold_0,G+E,W107,ME4,-1.0358689946147441,-0.12640299297291244,-0.9094660016418317
CV-G,gfold_0,G+E,W113,ME1,-1.0811349318928232,-0.4463972997076752,-0.6347376321851479
CV-G,gfold_0,G+E,W113,ME2,-0.6417280669098465,-0.4164465338646553,-0.22528153304519122
CV-G,gfold_0,G+E,W113,ME3,-1.5484030958154327,-0.43625717995006064,-1.112145915865372
CV-G,gfold_0,G+E,W113,ME4,-0.6702010823701685,-0.4570354905422668,-0.21316559182790173
CV-G,gfold_0,G+E,W114,ME1,-0.5719507215180579,-0.02416723651535345,-0.5477834850027045
CV-G,gfold_0,G+E,W114,ME2,0.2898597728953063,0.005783529327666483,0.28407624356763983
CV-G,gfold_0,G+E,W114,ME3,0.4801996740432562,-0.01402711675773886,0.4942267908009951
CV-G,gfold_0,G+E,W114,ME4,-2.1425881084029244,-0.034805427349945,-2.107782681052979
CV-G,gfold_0,G+E,W117,ME1,-0.115605306397947,-0.211236928640473,0.095631622242526
CV-G,gfold_0,G+E,W117,ME2,-0.4435897927906507,-0.18128616279745305,-0.2623036299931977
CV-G,gfold_0,G+E,W117,ME3,-0.03044365799062294,-0.2010968088828584,0.17065315089223548
CV-G,gfold_0,G+E,W117,ME4,-0.0933122195895492,-0.22187511947506455,0.12856289988551534
CV-G,gfold_0,G+E,W118,ME1,-0.4703614594948537,-0.0864814307949834,-0.3838800286998703
CV-G,gfold_0,G+E,W118,ME2,-0.31294054879816674,-0.056530664951963475,-0.2564098838462033
CV-G,gfold_0,G+E,W118,ME3,0.6334365956020543,-0.07634131103736881,0.7097779066394232
CV-G,gfold_0,G+E,W118,ME4,-0.43080160502518294,-0.09711962162957495,-0.333681983395608
CV-G,gfold_0,G+E,W119,ME1,-1.0630387846893945,-0.1299491992039548,-0.9330895854854397
CV-G,gfold_0,G+E,W119,ME2,-0.15133140838971607,-0.09999843336093488,-0.05133297502878119
CV-G,gfold_0,G+E,W119,ME3,0.6173797447651402,-0.11980907944634021,0.7371888242114805
CV-G,gfold_0,G+E,W119,ME4,-1.2844567799755995,-0.14058739003854637,-1.1438693899370531
CV-G,gfold_0,G+E,W131,ME1,-0.5614774338026641,-1.1302928315592335,0.5688153977565694
CV-G,gfold_0,G+E,W131,ME2,-2.630028053969067,-1.1003420657162135,-1.5296859882528533
CV-G,gfold_0,G+E,W131,ME3,-0.939045184228159,-1.1201527118016188,0.18110752757345983
CV-G,gfold_0,G+E,W131,ME4,-1.2969176360519157,-1.140931022393825,-0.15598661365809074
CV-G,gfold_0,G+E,W141,ME1,0.988813470495336,0.4289339309379621,0.5598795395573739
CV-G,gfold_0,G+E,W141,ME2,0.07536186422270219,0.45888469678098204,-0.38352283255827985
CV-G,gfold_0,G+E,W141,ME3,-0.33491567383396814,0.4390740506955767,-0.7739897245295448
CV-G,gfold_0,G+E,W141,ME4,-0.08806512930993898,0.41829574010337056,-0.5063608694133095
CV-G,gfold_0,G+E,W144,ME1,-0.8535404540588897,-0.2707126468007448,-0.5828278072581449
CV-G,gfold_0,G+E,W144,ME2,-2.186229457041489,-0.24076188095772486,-1.9454675760837643
CV-G,gfold_0,G+E,W144,ME3,-2.1605821479495377,-0.2605725270431302,-1.9000096209064075
CV-G,gfold_0,G+E,W144,ME4,-1.4804713954134605,-0.28135083763533636,-1.199120557778124
CV-G,gfold_0,G+E,W148,ME1,0.6380560609973885,0.1974932540437154,0.4405628069536731
CV-G,gfold_0,G+E,W148,ME2,-0.7849903676392523,0.22744401988673535,-1.0124343875259876
CV-G,gfold_0,G+E,W148,ME3,-0.11007752947427116,0.20763337380132998,-0.31771090327560114
CV-G,gfold_0,G+E,W148,ME4,-0.4568403888715257,0.18685506320912385,-0.6436954520806496
CV-G,gfold_0,G+E,W156,ME1,1.400545611816896,0.011768882390471837,1.3887767294264242
CV-G,gfold_0,G+E,W156,ME2,-1.1285490219395795,0.041719648233491766,-1.1702686701730713
CV-G,gfold_0,G+E,W156,ME3,-0.19333496172016787,0.021909002148086425,-0.21524396386825428
CV-G,gfold_0,G+E,W156,ME4,0.3000307505315928,0.0011306915558802859,0.2989000589757125
CV-G,gfold_0,G+E,W169,ME1,0.9551865614931063,0.3201370690015163,0.63504949249159
CV-G,gfold_0,G+E,W169,ME2,2.111734495021843,0.3500878348445362,1.7616466601773066
CV-G,gfold_0,G+E,W169,ME3,0.34394872146553956,0.33027718875913087,0.013671532706408696
CV-G,gfold_0,G+E,W169,ME4,1.514122480851111,0.30949887816692473,1.2046236026841861
CV-G,gfold_0,G+E,W179,ME1,-0.7676041150442303,-0.8478565270211003,0.08025241197686994
CV-G,gfold_0,G+E,W179,ME2,-2.774005495396551,-0.8179057611780803,-1.956099734218471
CV-G,gfold_0,G+E,W179,ME3,-2.2603272039900983,-0.8377164072634857,-1.4226107967266126
CV-G,gfold_0,G+E,W179,ME4,-1.6968057022939513,-0.8584947178556919,-0.8383109844382595
CV-G,gfold_0,G+E,W181,ME1,0.8223158856947588,-0.026146477647291624,0.8484623633420504
CV-G,gfold_0,G+E,W181,ME2,-0.6538981161346836,0.003804288195728308,-0.6577024043304119
CV-G,gfold_0,G+E,W181,ME3,0.061268749367188714,-0.016006357889677036,0.07727510725686575
CV-G,gfold_0,G+E,W181,ME4,1.1548737974943348,-0.03678466848188318,1.191658465976218
CV-G,gfold_0,G+E,W189,ME1,0.7823610260277849,0.3016743155681821,0.4806867104596028
CV-G,gfold_0,G+E,W189,ME2,-0.41888895965256373,0.331625081411202,-0.7505140410637657
CV-G,gfold_0,G+E,W189,ME3,-1.211749806069595,0.31181443532579667,-1.5235642413953916
CV-G,gfold_0,G+E,W189,ME4,-0.6046478540343456,0.29103612473359053,-0.8956839787679362
CV-G,gfold_0,G+E,W190,ME1,0.9656517051278523,0.20540101478525652,0.7602506903425957
CV-G,gfold_0,G+E,W190,ME2,0.6671123128290374,0.23535178062827647,0.43176053220076094
CV-G,gfold_0,G+E,W190,ME3,-1.5580574779861802,0.2155411345428711,-1.7735986125290513
CV-G,gfold_0,G+E,W190,ME4,-1.1068030471653405,0.19476282395066497,-1.3015658711160054
CV-G,gfold_0,G+E,W193,ME1,-0.1570098124205512,-0.37164268409061224,0.21463287167006104
CV-G,gfold_0,G+E,W193,ME2,-0.9160826191438199,-0.3416919182475923,-0.5743907008962277
CV-G,gfold_0,G+E,W193,ME3,-1.2061159715045133,-0.36150256433299766,-0.8446134071715157
CV-G,gfold_0,G+E,W193,ME4,-0.3781812348897793,-0.3822808749252038,0.004099640035424512
CV-G,gfold_0,G+E,W196,ME1,-0.347442850250326,0.1022505300146944,-0.4496933802650204
CV-G,gfold_0,G+E,W196,ME2,-1.0922603780211093,0.13220129585771434,-1.2244616738788237
CV-G,gfold_0,G+E,W196,ME3,-1.6978982052118141,0.11239064977230899,-1.8102888549841232
CV-G,gfold_0,G+E,W196,ME4,-1.7898923878691095,0.09161233918010285,-1.8815047270492125
CV-G,gfold_0,G+E,W197,ME1,-0.4289650975528974,0.16388343081493742,-0.5928485283678349
CV-G,gfold_0,G+E,W197,ME2,-1.6776062037384512,0.19383419665795737,-1.8714404003964085
CV-G,gfold_0,G+E,W197,ME3,-3.350596666997925,0.174023550572552,-3.524620217570477
CV-G,gfold_0,G+E,W197,ME4,-1.0241948087452666,0.15324523998034587,-1.1774400487256125
CV-G,gfold_0,G+E,W216,ME1,0.5169128613344747,0.001957517690273935,0.5149553436442007
CV-G,gfold_0,G+E,W216,ME2,-0.9291956415015236,0.03190828353329386,-0.9611039250348175
CV-G,gfold_0,G+E,W216,ME3,-0.9682110474264022,0.012097637447888523,-0.9803086848742907
CV-G,gfold_0,G+E,W216,ME4,-0.17364698111186105,-0.008680673144317617,-0.16496630796754344
CV-G,gfold_0,G+E,W217,ME1,-0.5394314074841748,0.1677473759367115,-0.7071787834208864
CV-G,gfold_0,G+E,W217,ME2,0.9225251295820237,0.19769814177973144,0.7248269878022923
CV-G,gfold_0,G+E,W217,ME3,0.5479323867529903,0.17788749569432608,0.3700448910586642
CV-G,gfold_0,G+E,W217,ME4,0.5948354105441891,0.15710918510211994,0.4377262254420692
CV-G,gfold_0,G+E,W222,ME1,1.0764112019625147,0.050381249867224136,1.0260299520952907
CV-G,gfold_0,G+E,W222,ME2,0.7959705407369501,0.08033201571024406,0.715638525026706
CV-G,gfold_0,G+E,W222,ME3,0.8728112156536648,0.06052136962483873,0.8122898460288261
CV-G,gfold_0,G+E,W222,ME4,0.9624699983058604,0.03974305903263259,0.9227269392732278
CV-G,gfold_0,G+E,W226,ME1,0.2524094099965209,0.16080991833822345,0.09159949165829745
CV-G,gfold_0,G+E,W226,ME2,0.38522030421088155,0.1907606841812434,0.19445962002963815
CV-G,gfold_0,G+E,W226,ME3,-0.13662496881168182,0.17095003809583803,-0.3075750069075198
CV-G,gfold_0,G+E,W226,ME4,-0.2595907012089289,0.1501717275036319,-0.4097624287125608
CV-G,gfold_0,G+E,W229,ME1,0.47540248226342524,0.414532543624764,0.06086993863866125
CV-G,gfold_0,G+E,W229,ME2,-0.3425777513566244,0.4444833094677839,-0.7870610608244083
CV-G,gfold_0,G+E,W229,ME3,0.25118894456339397,0.4246726633823786,-0.1734837188189846
CV-G,gfold_0,G+E,W229,ME4,0.7357123111847647,0.40389435279017244,0.3318179583945922
CV-G,gfold_0,G+E,W230,ME1,-1.436640340409493,0.31080848915107856,-1.7474488295605715
CV-G,gfold_0,G+E,W230,ME2,-0.10725848961604569,0.3407592549940985,-0.44801774461014415
CV-G,gfold_0,G+E,W230,ME3,0.20916746486132018,0.32094860890869314,-0.11178114404737297
CV-G,gfold_0,G+E,W230,ME4,0.6247918120205858,0.300170298316487,0.32462151370409875
CV-G,gfold_0,G+E,W231,ME1,2.526904541980223,-0.15161467707850226,2.678519219058725
CV-G,gfold_0,G+E,W231,ME2,-0.48935246878898664,-0.12166391123548233,-0.3676885575535043
CV-G,gfold_0,G+E,W231,ME3,-1.4003945754497167,-0.14147455732088768,-1.258920018128829
CV-G,gfold_0,G+E,W231,ME4,0.5373376851263885,-0.16225286791309382,0.6995905530394823
CV-G,gfold_0,G+E,W233,ME1,0.7591259639344545,0.29867546608394335,0.4604504978505112
CV-G,gfold_0,G+E,W233,ME2,-0.25534957222717314,0.3286262319269633,-0.5839758041541364
CV-G,gfold_0,G+E,W233,ME3,0.23183794757898152,0.30881558584155794,-0.07697763826257642
CV-G,gfold_0,G+E,W233,ME4,-0.10681148033889222,0.2880372752493518,-0.394848755588244
CV-G,gfold_0,G+E,W234,ME1,0.8939023546048088,0.07224505789021833,0.8216572967145905
CV-G,gfold_0,G+E,W234,ME2,-0.40533925846152025,0.10219582373323825,-0.5075350821947585
CV-G,gfold_0,G+E,W234,ME3,0.7934560796132658,0.08238517764783292,0.7110709019654329
CV-G,gfold_0,G+E,W234,ME4,0.18930691891912374,0.06160686705562678,0.12770005186349698
CV-G,gfold_0,G+E,W235,ME1,-0.4590330433112487,0.21527270872808021,-0.674305752039329
CV-G,gfold_0,G+E,W235,ME2,1.292917381757189,0.24522347457110016,1.047693907186089
CV-G,gfold_0,G+E,W235,ME3,0.5675283330663183,0.2254128284856948,0.34211550458062356
CV-G,gfold_0,G+E,W235,ME4,0.462714149305722,0.20463451789348866,0.25807963141223333
CV-G,gfold_0,G+E,W239,ME1,1.8362539265709015,0.09697847798049482,1.7392754485904067
CV-G,gfold_0,G+E,W239,ME2,2.1549783568800405,0.12692924382351475,2.0280491130565257
CV-G,gfold_0,G+E,W239,ME3,-0.06302191873653193,0.1071185977381094,-0.17014051647464135
CV-G,gfold_0,G+E,W239,ME4,1.5566026720203727,0.08634028714590326,1.4702623848744694
CV-G,gfold_0,G+E,W251,ME1,-1.0649282114001044,-0.47257441326952104,-0.5923537981305833
CV-G,gfold_0,G+E,W251,ME2,-0.4595760352981592,-0.4426236474265011,-0.016952387871658092
CV-G,gfold_0,G+E,W251,ME3,-0.699594545419299,-0.46243429351190646,-0.23716025190739254
CV-G,gfold_0,G+E,W251,ME4,0.4479247494171651,-0.4832126041041126,0.9311373535212777
CV-G,gfold_0,G+E,W252,ME1,-0.15461545270956753,-0.04647715159932285,-0.10813830111024468
CV-G,gfold_0,G+E,W252,ME2,0.5145595117033442,-0.016526385756302917,0.5310858974596472
CV-G,gfold_0,G+E,W252,ME3,0.3252818932963758,-0.036337031841708264,0.3616189251380841
CV-G,gfold_0,G+E,W252,ME4,0.7817718517951378,-0.057115342433914404,0.8388871942290521
CV-G,gfold_0,G+E,W256,ME1,0.137292830014317,0.18093124935137211,-0.04363841933705512
CV-G,gfold_0,G+E,W256,ME2,-0.5999841019139922,0.21088201519439206,-0.8108661171083843
CV-G,gfold_0,G+E,W256,ME3,0.2579461674300598,0.1910713691089867,0.06687479832107313
CV-G,gfold_0,G+E,W256,ME4,-0.012017720414895539,0.17029305851678056,-0.1823107789316761
CV-G,gfold_0,G+E,W274,ME1,1.1955509577856243,-0.18248799482391634,1.3780389526095407
CV-G,gfold_0,G+E,W274,ME2,-1.1044177698884592,-0.1525372289808964,-0.9518805409075628
CV-G,gfold_0,G+E,W274,ME3,-1.5616810387484295,-0.17234787506630175,-1.3893331636821278
CV-G,gfold_0,G+E,W274,ME4,-0.6838340770546731,-0.1931261856585079,-0.4907078913961652
CV-G,gfold_0,G+E,W275,ME1,0.24001411924781724,-0.14899887120166339,0.3890129904494806
CV-G,gfold_0,G+E,W275,ME2,-1.7310392383745936,-0.11904810535864345,-1.6119911330159502
CV-G,gfold_0,G+E,W275,ME3,-0.6204928052364007,-0.1388587514440488,-0.4816340537923519
CV-G,gfold_0,G+E,W275,ME4,-0.4879531955519739,-0.15963706203625494,-0.328316133515719
CV-G,gfold_0,G+E,W279,ME1,-0.9041722034575,-0.44982565085980103,-0.454346552597699
CV-G,gfold_0,G+E,W279,ME2,-0.8868567807037266,-0.4198748850167811,-0.46698189568694554
CV-G,gfold_0,G+E,W279,ME3,-0.2876995790531457,-0.43968553110218644,0.15198595204904075
CV-G,gfold_0,G+E,W279,ME4,1.2954281633501068,-0.4604638416943926,1.7558920050444993
CV-G,gfold_0,G+E,W282,ME1,0.9392404515811735,-0.3312800593520899,1.2705205109332633
CV-G,gfold_0,G+E,W282,ME2,-0.7804716910159893,-0.30132929350906995,-0.4791423975069194
CV-G,gfold_0,G+E,W282,ME3,-0.7978699054863589,-0.3211399395944753,-0.47672996589188366
CV-G,gfold_0,G+E,W282,ME4,-0.8930883520736206,-0.3419182501866814,-0.5511701018869392
CV-G,gfold_0,G+E,W301,ME1,0.4116750511802455,0.014190024989197525,0.397485026191048
CV-G,gfold_0,G+E,W301,ME2,-0.668998343618024,0.04414079083221746,-0.7131391344502415
CV-G,gfold_0,G+E,W301,ME3,-0.626523626644899,0.024330144746812114,-0.6508537713917112
CV-G,gfold_0,G+E,W301,ME4,0.6900854391881516,0.003551834154605974,0.6865336050335455
CV-G,gfold_0,G+E,W311,ME1,1.6245078296811046,-0.3248528100432926,1.9493606397243972
CV-G,gfold_0,G+E,W311,ME2,0.5911808252577422,-0.29490204420027266,0.8860828694580148
CV-G,gfold_0,G+E,W311,ME3,-0.8288348792728519,-0.314712690285678,-0.5141221889871739
CV-G,gfold_0,G+E,W311,ME4,-0.1378849535089993,-0.33549100087788414,0.19760604736888485
CV-G,gfold_0,G+E,W312,ME1,0.9392485956618243,-0.3585591791974798,1.297807774859304
CV-G,gfold_0,G+E,W312,ME2,-0.9741292605843869,-0.3286084133544599,-0.645520847229927
CV-G,gfold_0,G+E,W312,ME3,-0.44522733713227575,-0.34841905943986523,-0.09680827769241052
CV-G,gfold_0,G+E,W312,ME4,-0.629553832782841,-0.36919737003207137,-0.2603564627507697
CV-G,gfold_0,G+E,W314,ME1,-0.062400027514061165,-0.24713214261604707,0.1847321151019859
CV-G,gfold_0,G+E,W314,ME2,-0.4162878726887524,-0.21718137677302712,-0.19910649591572527
CV-G,gfold_0,G+E,W314,ME3,-0.8449255162240982,-0.2369920228584325,-0.6079334933656657
CV-G,gfold_0,G+E,W314,ME4,0.4009841381751324,-0.2577703334506386,0.6587544716257709
CV-G,gfold_0,G+E,W315,ME1,-0.15158585470791247,-0.1953920223040789,0.04380616759616643
CV-G,gfold_0,G+E,W315,ME2,0.7574795166155454,-0.16544125646105895,0.9229207730766043
CV-G,gfold_0,G+E,W315,ME3,0.47755591059667307,-0.18525190254646431,0.6628078131431374
CV-G,gfold_0,G+E,W315,ME4,-0.33193289342976523,-0.20603021313867045,-0.12590268029109478
CV-G,gfold_0,G+E,W316,ME1,-0.25829774345972123,-0.12923584803919405,-0.12906189542052718
CV-G,gfold_0,G+E,W316,ME2,-0.611723800984233,-0.09928508219617412,-0.5124387187880588
CV-G,gfold_0,G+E,W316,ME3,-1.199924666052931,-0.11909572828157945,-1.0808289377713516
CV-G,gfold_0,G+E,W316,ME4,-0.3266858031501543,-0.1398740388737856,-0.18681176427636867
CV-G,gfold_0,G+E,W321,ME1,-1.0426785830653766,0.02657126130135555,-1.0692498443667322
CV-G,gfold_0,G+E,W321,ME2,-0.1855126022864137,0.056522027144375486,-0.24203462943078918
CV-G,gfold_0,G+E,W321,ME3,0.0811011984808501,0.036711381058970136,0.04438981742187996
CV-G,gfold_0,G+E,W321,ME4,-2.2422277568010442,0.015933070466764,-2.258160827267808
CV-G,gfold_0,G+E,W323,ME1,-0.5677320877415618,-0.02406002912249762,-0.5436720586190642
CV-G,gfold_0,G+E,W323,ME2,0.17726624935964166,0.0058907367205223125,0.17137551263911935
CV-G,gfold_0,G+E,W323,ME3,0.15025292799258408,-0.013919909364883031,0.1641728373574671
CV-G,gfold_0,G+E,W323,ME4,-1.7335117341450192,-0.034698219957089174,-1.6988135141879301
CV-G,gfold_0,G+E,W331,ME1,-0.3952241714215731,-0.3236477318071181,-0.07157643961445503
CV-G,gfold_0,G+E,W331,ME2,-0.5736884417324005,-0.29369696596409817,-0.27999147576830236
CV-G,gfold_0,G+E,W331,ME3,-0.8882477613280045,-0.3135076120495035,-0.574740149278501
CV-G,gfold_0,G+E,W331,ME4,-1.469324278582564,-0.33428592264170964,-1.1350383559408543
CV-G,gfold_0,G+E,W332,ME1,-0.43069164265061394,-0.03736224387437419,-0.39332939877623974
CV-G,gfold_0,G+E,W332,ME2,-0.4849983378130693,-0.007411478031354255,-0.477586859781715
CV-G,gfold_0,G+E,W332,ME3,0.505657511193418,-0.0272221241167596,0.5328796353101776
CV-G,gfold_0,G+E,W332,ME4,-0.588599781814847,-0.04800043470896574,-0.5405993471058812
CV-G,gfold_0,G+E,W340,ME1,0.8127547350121197,0.3251595847064822,0.4875951503056375
CV-G,gfold_0,G+E,W340,ME2,-0.8750980955972533,0.35511035054950213,-1.2302084461467553
CV-G,gfold_0,G+E,W340,ME3,-0.48838065166451583,0.3352997044640968,-0.8236803561286126
CV-G,gfold_0,G+E,W340,ME4,-0.14921300448746808,0.31452139387189065,-0.4637343983593587
CV-G,gfold_0,G+E,W341,ME1,1.4213618819572946,-0.006034358230858155,1.4273962401881528
CV-G,gfold_0,G+E,W341,ME2,-0.419737002604269,0.023916407612161777,-0.4436534102164308
CV-G,gfold_0,G+E,W341,ME3,0.03109774926752954,0.004105761526756433,0.026991987740773108
CV-G,gfold_0,G+E,W341,ME4,0.43900390927162003,-0.016672549065449706,0.4556764583370697
CV-G,gfold_0,G+E,W342,ME1,0.9340689603686748,-0.32955617001316306,1.263625130381838
CV-G,gfold_0,G+E,W342,ME2,-0.633937463375902,-0.29960540417014314,-0.3343320592057588
CV-G,gfold_0,G+E,W342,ME3,0.29294013535080016,-0.3194160502555485,0.6123561856063486
CV-G,gfold_0,G+E,W342,ME4,0.4180312815573153,-0.3401943608477546,0.75822564240507
CV-G,gfold_0,G+E,W343,ME1,1.548043056461939,-0.15548395463980724,1.7035270111017462
CV-G,gfold_0,G+E,W343,ME2,-0.32090835533694567,-0.1255331887967873,-0.19537516654015838
CV-G,gfold_0,G+E,W343,ME3,0.9831397720091377,-0.14534383488219266,1.1284836068913304
CV-G,gfold_0,G+E,W343,ME4,0.26856394225806685,-0.1661221454743988,0.43468608773246564
CV-G,gfold_0,G+E,W347,ME1,1.633808369782957,-0.06769406768859329,1.7015024374715504
CV-G,gfold_0,G+E,W347,ME2,0.6426329834469922,-0.037743301845573354,0.6803762852925656
CV-G,gfold_0,G+E,W347,ME3,0.25118894456339397,-0.057553947930978705,0.3087428924943727
CV-G,gfold_0,G+E,W347,ME4,0.6549055475383496,-0.07833225852318484,0.7332378060615344
CV-G,gfold_0,G+E,W354,ME1,0.20234774624338175,0.2572074585685853,-0.054859712325203536
CV-G,gfold_0,G+E,W354,ME2,-0.5286788785046079,0.2871582244116052,-0.8158371029162131
CV-G,gfold_0,G+E,W354,ME3,-0.6936904219395504,0.2673475783261999,-0.9610380002657504
CV-G,gfold_0,G+E,W354,ME4,-0.2558854845347211,0.24656926773399374,-0.5024547522687148
CV-G,gfold_0,G+E,W363,ME1,0.7960756578417226,-0.22286658039300367,1.0189422382347262
CV-G,gfold_0,G+E,W363,ME2,-1.0871657916321373,-0.19291581454998372,-0.8942499770821536
CV-G,gfold_0,G+E,W363,ME3,-0.18851199389908596,-0.21272646063538908,0.02421446673630312
CV-G,gfold_0,G+E,W363,ME4,0.39443117535217137,-0.23350477122759522,0.6279359465797666
CV-G,gfold_0,G+E,W364,ME1,0.19566960011070317,0.3783484415876075,-0.18267884147690433
CV-G,gfold_0,G+E,W364,ME2,-0.48058724872845643,0.4082992074306274,-0.8888864561590839
CV-G,gfold_0,G+E,W364,ME3,-0.9281829484699957,0.3884885613452221,-1.3166715098152177
CV-G,gfold_0,G+E,W364,ME4,-0.17983807563967694,0.36771025075301594,-0.5475483263926929
CV-G,gfold_0,G+E,W365,ME1,0.42732797418879037,0.06033790195827191,0.36699007223051844
CV-G,gfold_0,G+E,W365,ME2,-0.01922023960735329,0.09028866780129184,-0.10950890740864513
CV-G,gfold_0,G+E,W365,ME3,-0.12552623025318374,0.0704780217158865,-0.19600425196907023
CV-G,gfold_0,G+E,W365,ME4,-0.7483410340154019,0.049699711123680365,-0.7980407451390822
CV-G,gfold_0,G+E,W367,ME1,2.234409885449567,0.10794646261205026,2.1264634228375168
CV-G,gfold_0,G+E,W367,ME2,0.11041641578607922,0.1378972284550702,-0.027480812668990967
CV-G,gfold_0,G+E,W367,ME3,0.5535746678466565,0.11808658236966485,0.4354880854769917
CV-G,gfold_0,G+E,W367,ME4,-0.017264810694505774,0.09730827177745871,-0.11457308247196449
CV-G,gfold_0,G+E,W372,ME1,0.4184997907646172,0.12360495569071363,0.29489483507390357
CV-G,gfold_0,G+E,W372,ME2,2.302860593092614,0.15355572153373356,2.1493048715588805
CV-G,gfold_0,G+E,W372,ME3,1.2400240458139944,0.1337450754483282,1.1062789703656661
CV-G,gfold_0,G+E,W372,ME4,0.2898669714592444,0.11296676485612207,0.17690020660312233
CV-G,gfold_0,G+E,W373,ME1,-0.9876408860353292,-0.13329427003072733,-0.8543466160046018
CV-G,gfold_0,G+E,W373,ME2,0.45441174891974717,-0.1033435041877074,0.5577552531074546
CV-G,gfold_0,G+E,W373,ME3,-0.19009994127275218,-0.12315415027311273,-0.06694579099963945
CV-G,gfold_0,G+E,W373,ME4,-1.244344466128922,-0.14393246086531888,-1.100412005263603
CV-G,gfold_0,G+E,W376,ME1,-0.9486796042076059,-0.017657072375304197,-0.9310225318323017
CV-G,gfold_0,G+E,W376,ME2,-0.966269041584258,0.012293693467715736,-0.9785627350519737
CV-G,gfold_0,G+E,W376,ME3,-1.0456403749498004,-0.007516952617689608,-1.0381234223321107
CV-G,gfold_0,G+E,W376,ME4,-0.390335289585429,-0.028295263209895748,-0.3620400263755333
CV-G,gfold_0,G+E,W389,ME1,0.5995182713634448,-0.42293393036321547,1.0224522017266602
CV-G,gfold_0,G+E,W389,ME2,-1.9196338649477391,-0.39298316452019555,-1.5266507004275436
CV-G,gfold_0,G+E,W389,ME3,-1.342670999111231,-0.4127938106056009,-0.9298771885056301
CV-G,gfold_0,G+E,W389,ME4,-0.9835554258600077,-0.433572121197807,-0.5499833046622007
CV-G,gfold_0,G+E,W392,ME1,0.6156598392109665,0.40407397723737504,0.21158586197359142
CV-G,gfold_0,G+E,W392,ME2,-0.568910289280631,0.43402474308039496,-1.002935032361026
CV-G,gfold_0,G+E,W392,ME3,-0.6912831612933005,0.4142140969949896,-1.10549725828829
CV-G,gfold_0,G+E,W392,ME4,-0.2186995838574817,0.3934357864027835,-0.6121353702602652
CV-G,gfold_0,G+E,W395,ME1,0.04472720935087633,-0.22119459877062184,0.2659218081214982
CV-G,gfold_0,G+E,W395,ME2,0.2432363965877775,-0.1912438329276019,0.43448022951537935
CV-G,gfold_0,G+E,W395,ME3,-0.06516733699669865,-0.21105447901300725,0.1458871420163086
CV-G,gfold_0,G+E,W395,ME4,0.7629389670434328,-0.2318327896052134,0.9947717566486461
CV-G,gfold_0,G+E,W396,ME1,1.2469563948459483,0.3206246784090867,0.9263317164368616
CV-G,gfold_0,G+E,W396,ME2,2.0368472394433184,0.3505754442521066,1.6862717951912116
CV-G,gfold_0,G+E,W396,ME3,0.14429812534133513,0.3307647981667013,-0.18646667282536616
CV-G,gfold_0,G+E,W396,ME4,1.5754827569844874,0.30998648757449515,1.2654962694099923
CV-G,gfold_0,G+E,W397,ME1,0.6546618414419376,0.3003758543776724,0.35428598706426523
CV-G,gfold_0,G+E,W397,ME2,0.04138951672455981,0.3303266202206923,-0.2889371034961325
CV-G,gfold_0,G+E,W397,ME3,0.49967736895641757,0.310515974135287,0.1891613948211306
CV-G,gfold_0,G+E,W397,ME4,1.270254716731286,0.28973766354308084,0.9805170531882053
CV-G,gfold_0,G+E,W398,ME1,-1.2270850012144416,2.809617301869575e-05,-1.2271130973874604
CV-G,gfold_0,G+E,W398,ME2,-1.9297597509382436,0.029978862016038627,-1.9597386129542822
CV-G,gfold_0,G+E,W398,ME3,-2.7585203528921474,0.010168215930633284,-2.7686885688227805
CV-G,gfold_0,G+E,W398,ME4,-1.6391113093244416,-0.010610094661572856,-1.6285012146628688
CV-G,gfold_0,G+E,W406,ME1,0.39373364150916074,0.11759404580838968,0.27613959570077107
CV-G,gfold_0,G+E,W406,ME2,-1.0395298267255575,0.14754481165140962,-1.187074638376967
CV-G,gfold_0,G+E,W406,ME3,-0.592340525468158,0.12773416556600425,-0.7200746910341622
CV-G,gfold_0,G+E,W406,ME4,-0.6871223585192565,0.10695585497379813,-0.7940782134930546
CV-G,gfold_0,G+E,W410,ME1,-0.6108224184586346,0.32230783841629046,-0.9331302568749251
CV-G,gfold_0,G+E,W410,ME2,0.0194986169488371,0.3522586042593104,-0.3327599873104733
CV-G,gfold_0,G+E,W410,ME3,0.9534924566816448,0.33244795817390504,0.6210444985077398
CV-G,gfold_0,G+E,W410,ME4,2.167058752526775,0.3116696475816989,1.8553891049450761
CV-G,gfold_0,G+E,W413,ME1,-0.3323763010485524,-0.1174445224751608,-0.21493177857339163
CV-G,gfold_0,G+E,W413,ME2,0.9193987622824558,-0.08749375663214087,1.0068925189145967
CV-G,gfold_0,G+E,W413,ME3,-0.1338798470220988,-0.10730440271754621,-0.02657544430455258
CV-G,gfold_0,G+E,W413,ME4,0.08015642772033077,-0.12808271330975235,0.20823914103008312
CV-G,gfold_0,G+E,W414,ME1,-0.6666908117149426,-0.03937616817693064,-0.6273146435380119
CV-G,gfold_0,G+E,W414,ME2,0.1803356585505129,-0.009425402333910708,0.1897610608844236
CV-G,gfold_0,G+E,W414,ME3,0.27105517979138893,-0.02923604841931605,0.300291228210705
CV-G,gfold_0,G+E,W414,ME4,-0.2854485509076981,-0.050014359011522194,-0.23543419189617593
CV-G,gfold_0,G+E,W416,ME1,-0.9499419367082935,-0.1769110358092365,-0.773030900899057
CV-G,gfold_0,G+E,W416,ME2,-0.2931634277229627,-0.14696026996621656,-0.14620315775674617
CV-G,gfold_0,G+E,W416,ME3,-0.28393242730498,-0.16677091605162192,-0.11716151125335805
CV-G,gfold_0,G+E,W416,ME4,-0.22953989930771182,-0.18754922664382806,-0.04199067266388376
CV-G,gfold_0,G+E,W420,ME1,-1.016055583421809,-0.08928467491967358,-0.9267709085021354
CV-G,gfold_0,G+E,W420,ME2,0.19500553587925507,-0.05933390907665366,0.2543394449559087
CV-G,gfold_0,G+E,W420,ME3,-0.28896655834064544,-0.079144555162059,-0.20982200317858646
CV-G,gfold_0,G+E,W420,ME4,-0.025745115524221367,-0.09992286575426514,0.07417775023004378
CV-G,gfold_0,G+E,W423,ME1,-1.0137345204366706,0.09744723684103036,-1.111181757277701
CV-G,gfold_0,G+E,W423,ME2,0.22816148381941473,0.1273980026840503,0.10076348113536443
CV-G,gfold_0,G+E,W423,ME3,0.19654835115782304,0.10758735659864495,0.0889609945591781
CV-G,gfold_0,G+E,W423,ME4,-0.1478520650296379,0.08680904600643881,-0.23466111103607673
CV-G,gfold_0,G+E,W451,ME1,-0.26762271580352187,-0.7044357248840318,0.43681300908050996
CV-G,gfold_0,G+E,W451,ME2,0.15267933243894802,-0.6744849590410119,0.82716429147996
CV-G,gfold_0,G+E,W451,ME3,0.32632081631212523,-0.6942956051264173,1.0206164214385425
CV-G,gfold_0,G+E,W451,ME4,0.3311986241265204,-0.7150739157186234,1.0462725398451438
CV-G,gfold_0,G+E,W469,ME1,0.296908666665976,0.3392390847396686,-0.04233041807369259
CV-G,gfold_0,G+E,W469,ME2,1.4976438104489564,0.3691898505826885,1.128453959866268
CV-G,gfold_0,G+E,W469,ME3,1.3897809975964597,0.34937920449728316,1.0404017930991765
CV-G,gfold_0,G+E,W469,ME4,0.759572018558165,0.328600893905077,0.430971124653088
CV-G,gfold_0,G+E,W482,ME1,-0.3583070538369021,-0.07931449028916095,-0.27899256354774116
CV-G,gfold_0,G+E,W482,ME2,1.0628066226229747,-0.049363724446141025,1.1121703470691158
CV-G,gfold_0,G+E,W482,ME3,-0.10021198408894004,-0.06917437053154636,-0.03103761355739368
CV-G,gfold_0,G+E,W482,ME4,0.32484232885526776,-0.0899526811237525,0.41479500997902025
CV-G,gfold_0,G+E,W490,ME1,-0.050240915104195885,0.15394330898814432,-0.20418422409234022
CV-G,gfold_0,G+E,W490,ME2,0.9018999655551156,0.18389407483116427,0.7180058907239514
CV-G,gfold_0,G+E,W490,ME3,2.007585437767064,0.1640834287457589,1.8435020090213052
CV-G,gfold_0,G+E,W490,ME4,1.0234369393358167,0.14330511815355276,0.880131821182264
CV-G,gfold_0,G+E,W495,ME1,-0.7319574740408977,-0.327008701550926,-0.40494877248997174
CV-G,gfold_0,G+E,W495,ME2,0.587295016508887,-0.29705793570790606,0.8843529522167931
CV-G,gfold_0,G+E,W495,ME3,-0.08742393981377662,-0.3168685817933114,0.2294446419795348
CV-G,gfold_0,G+E,W495,ME4,-0.3122661382588112,-0.33764689238551754,0.025380754126706317
CV-G,gfold_0,G+E,W501,ME1,0.05677230463164708,-0.32655958744899116,0.3833318920806382
CV-G,gfold_0,G+E,W501,ME2,-0.32234496541184804,-0.29660882160597124,-0.0257361438058768
CV-G,gfold_0,G+E,W501,ME3,-0.662725448153058,-0.3164194676913766,-0.34630598046168143
CV-G,gfold_0,G+E,W501,ME4,-0.8419547886291413,-0.3371977782835827,-0.5047570103455585
CV-G,gfold_0,G+E,W509,ME1,-1.4683941108623129,0.21188466921779364,-1.6802787800801064
CV-G,gfold_0,G+E,W509,ME2,0.36976567071787464,0.2418354350608136,0.12793023565706105
CV-G,gfold_0,G+E,W509,ME3,1.1203367357881893,0.22202478897540823,0.898311946812781
CV-G,gfold_0,G+E,W509,ME4,1.1805743131517366,0.2012464783832021,0.9793278347685345
CV-G,gfold_0,G+E,W510,ME1,0.5595226912932214,-0.4585930314528176,1.018115722746039
CV-G,gfold_0,G+E,W510,ME2,1.031277145120041,-0.4286422656097977,1.4599194107298388
CV-G,gfold_0,G+E,W510,ME3,0.10330712212642852,-0.448452911695203,0.5517600338216315
CV-G,gfold_0,G+E,W510,ME4,0.09567743090124745,-0.46923122228740916,0.5649086531886566
CV-G,gfold_0,G+E,W511,ME1,0.16762138635345467,0.5810393418390243,-0.4134179554855696
CV-G,gfold_0,G+E,W511,ME2,0.6725992773001421,0.6109901076820442,0.061609169618097925
CV-G,gfold_0,G+E,W511,ME3,1.2596706712988222,0.5911794615966388,0.6684912097021833
CV-G,gfold_0,G+E,W511,ME4,0.10407906871027871,0.5704011510044327,-0.46632208229415395
CV-G,gfold_0,G+E,W516,ME1,0.09105888416649463,-0.05881994016485856,0.1498788243313532
CV-G,gfold_0,G+E,W516,ME2,1.1883233081540217,-0.028869174321838626,1.2171924824758602
CV-G,gfold_0,G+E,W516,ME3,1.3063461882503116,-0.04867982040724397,1.3550260086575556
CV-G,gfold_0,G+E,W516,ME4,0.12649130290309799,-0.06945813099945011,0.1959494339025481
CV-G,gfold_0,G+E,W521,ME1,-1.3975976177752751,-0.08042682081888844,-1.3171707969563866
CV-G,gfold_0,G+E,W521,ME2,0.9135067623717303,-0.05047605497586852,0.9639828173475988
CV-G,gfold_0,G+E,W521,ME3,1.3454367225339685,-0.07028670106127385,1.4157234235952423
CV-G,gfold_0,G+E,W521,ME4,1.7810632821375,-0.09106501165348,1.87212829379098
CV-G,gfold_0,G+E,W523,ME1,-0.8174214563778803,0.05510077066268799,-0.8725222270405684
CV-G,gfold_0,G+E,W523,ME2,1.1078858013169515,0.08505153650570792,1.0228342648112436
CV-G,gfold_0,G+E,W523,ME3,0.7309517680966139,0.06524089042030258,0.6657108776763113
CV-G,gfold_0,G+E,W523,ME4,1.4315221091331063,0.04446257982809644,1.3870595293050099
CV-G,gfold_0,G+E,W525,ME1,-1.101902337549322,0.347845975801551,-1.449748313350873
CV-G,gfold_0,G+E,W525,ME2,0.20861219517899632,0.37779674164457094,-0.16918454646557463
CV-G,gfold_0,G+E,W525,ME3,1.2621455041737388,0.3579860955591656,0.9041594086145732
CV-G,gfold_0,G+E,W525,ME4,2.217932714802998,0.33720778496695947,1.8807249298360385
CV-G,gfold_0,G+E,W526,ME1,-2.0641906189456543,0.14387046994205083,-2.208061088887705
CV-G,gfold_0,G+E,W526,ME2,0.386872089363083,0.17382123578507078,0.2130508535780122
CV-G,gfold_0,G+E,W526,ME3,0.6239595905315553,0.1540105896996654,0.46994900083188984
CV-G,gfold_0,G+E,W526,ME4,1.4695497469316623,0.13323227910745927,1.3363174678242031
CV-G,gfold_0,G+E,W529,ME1,-1.424562668806125,0.09569526982410777,-1.5202579386302328
CV-G,gfold_0,G+E,W529,ME2,0.17636124829923971,0.1256460356671277,0.05071521263211201
CV-G,gfold_0,G+E,W529,ME3,2.1109033753983715,0.10583538958172235,2.005067985816649
CV-G,gfold_0,G+E,W529,ME4,1.5204158425058167,0.08505707898951621,1.4353587635163005
CV-G,gfold_0,G+E,W532,ME1,-0.4666314705573329,-0.038852372386192685,-0.42777909817114024
CV-G,gfold_0,G+E,W532,ME2,0.33179359825348265,-0.008901606543172753,0.3406952047966554
CV-G,gfold_0,G+E,W532,ME3,1.0825891995492807,-0.028712252628578096,1.1113014521778588
CV-G,gfold_0,G+E,W532,ME4,0.9196279388414551,-0.04949056322078424,0.9691185020622394
CV-G,gfold_0,G+E,W540,ME1,-0.29142786354232486,-0.2125985648335015,-0.07882929870882335
CV-G,gfold_0,G+E,W540,ME2,1.626052702166041,-0.18264779899048156,1.8087005011565225
CV-G,gfold_0,G+E,W540,ME3,1.0842278260944478,-0.20245844507588692,1.2866862711703346
CV-G,gfold_0,G+E,W540,ME4,0.7549857312522991,-0.22323675566809306,0.9782224869203922
CV-G,gfold_0,G+E,W543,ME1,-1.7024794209739837,-0.2603617651517956,-1.4421176558221882
CV-G,gfold_0,G+E,W543,ME2,0.5776374527454426,-0.23041099930877565,0.8080484520542183
CV-G,gfold_0,G+E,W543,ME3,1.9071308733255052,-0.250221645394181,2.1573525187196863
CV-G,gfold_0,G+E,W543,ME4,1.3292549822441466,-0.27099995598638715,1.6002549382305338
CV-G,gfold_0,G+E,W546,ME1,-0.5035730203839532,0.33202698858793406,-0.8356000089718874
CV-G,gfold_0,G+E,W546,ME2,0.8839708186731784,0.361977754430954,0.5219930642422244
CV-G,gfold_0,G+E,W546,ME3,1.8385028285859375,0.34216710834554864,1.4963357202403889
CV-G,gfold_0,G+E,W546,ME4,2.397820591000678,0.3213887977533425,2.0764317932473357
CV-G,gfold_0,G+E,W547,ME1,-0.8805055050897409,-0.11887503411832992,-0.761630470971411
CV-G,gfold_0,G+E,W547,ME2,0.12980115877915252,-0.08892426827531,0.21872542705446252
CV-G,gfold_0,G+E,W547,ME3,0.5126343438032495,-0.10873491436071533,0.6213692581639648
CV-G,gfold_0,G+E,W547,ME4,2.6836336105491125,-0.12951322495292147,2.813146835502034
CV-G,gfold_0,G+E,W558,ME1,-1.503560251107318,0.4488642842197184,-1.9524245353270364
CV-G,gfold_0,G+E,W558,ME2,0.9559595393869207,0.47881505006273833,0.47714448932418235
CV-G,gfold_0,G+E,W558,ME3,1.0457961210402897,0.459004403977333,0.5867917170629567
CV-G,gfold_0,G+E,W558,ME4,1.2545213125945234,0.43822609338512686,0.8162952192093965
CV-G,gfold_0,G+E,W562,ME1,-1.821179396442014,0.17662848018654276,-1.9978078766285567
CV-G,gfold_0,G+E,W562,ME2,0.5050411788722706,0.2065792460295627,0.29846193284270794
CV-G,gfold_0,G+E,W562,ME3,-0.009715876847128569,0.18676859994415734,-0.19648447679128592
CV-G,gfold_0,G+E,W562,ME4,0.905436408310095,0.1659902893519512,0.7394461189581438
CV-G,gfold_0,G+E,W569,ME1,-1.7856386284871266,0.09987256341553843,-1.885511191902665
CV-G,gfold_0,G+E,W569,ME2,0.48209971842503346,0.12982332925855836,0.3522763891664751
CV-G,gfold_0,G+E,W569,ME3,0.4813568484591723,0.11001268317315302,0.3713441652860193
CV-G,gfold_0,G+E,W569,ME4,1.3628851335864787,0.08923437258094688,1.2736507610055319
CV-G,gfold_0,G+E,W581,ME1,-1.6029750435970784,-0.004081544354109788,-1.5988934992429686
CV-G,gfold_0,G+E,W581,ME2,0.726544934914554,0.025869221488910143,0.7006757134256438
CV-G,gfold_0,G+E,W581,ME3,0.3789426893862799,0.006058575403504801,0.3728841139827751
CV-G,gfold_0,G+E,W581,ME4,1.5685993926746529,-0.014719735188701339,1.5833191278633543
CV-G,gfold_0,G+E,W593,ME1,-1.148877394736258,0.15153301295248292,-1.300410407688741
CV-G,gfold_0,G+E,W593,ME2,0.5637649889384505,0.18148377879550287,0.38228121014294764
CV-G,gfold_0,G+E,W593,ME3,2.365591551771563,0.1616731327100975,2.2039184190614654
CV-G,gfold_0,G+E,W593,ME4,1.2241007756960924,0.14089482211789137,1.083205953578201
CV-G,gfold_0,G+E,W596,ME1,-1.0521257166189197,0.1053734558065153,-1.157499172425435
CV-G,gfold_0,G+E,W596,ME2,0.08278540438949077,0.13532422164953523,-0.05253881726004446
CV-G,gfold_0,G+E,W596,ME3,2.138354593294199,0.11551357556412989,2.0228410177300695
CV-G,gfold_0,G+E,W596,ME4,0.5543848285085714,0.09473526497192375,0.45964956353664765
CV-G,gfold_0,G+E,W597,ME1,-1.2099742877696142,0.459634382807737,-1.6696086705773512
CV-G,gfold_0,G+E,W597,ME2,0.45196255024579446,0.4895851486507569,-0.03762259840496246
CV-G,gfold_0,G+E,W597,ME3,2.0225695794738936,0.4697745025653516,1.552795076908542
CV-G,gfold_0,G+E,W597,ME4,1.8487169199255822,0.44899619197314544,1.3997207279524368
CV-G,gfold_0,G+E+GxE legacy-grid,W002,ME1,-0.25270276005343995,-0.8448684311307503,0.5921656710773103
CV-G,gfold_0,G+E+GxE legacy-grid,W002,ME2,0.40952243058809296,0.2118826319404618,0.19763979864763115
CV-G,gfold_0,G+E+GxE legacy-grid,W002,ME3,0.3093855265025463,-0.45407369225925465,0.763459218761801
CV-G,gfold_0,G+E+GxE legacy-grid,W002,ME4,-1.7387588244246297,-0.29014022470695655,-1.448618599717673
CV-G,gfold_0,G+E+GxE legacy-grid,W003,ME1,0.3418151273679119,-0.8022159428858168,1.1440310702537286
CV-G,gfold_0,G+E+GxE legacy-grid,W003,ME2,-0.648626326740878,0.23530445055465402,-0.8839307772955319
CV-G,gfold_0,G+E+GxE legacy-grid,W003,ME3,-0.799559211203025,-0.4599154468888505,-0.3396437643141745
CV-G,gfold_0,G+E+GxE legacy-grid,W003,ME4,-1.0535690742686032,-0.2832827572221226,-0.7702863170464807
CV-G,gfold_0,G+E+GxE legacy-grid,W008,ME1,0.647218151728196,0.2129081864055128,0.4343099653226832
CV-G,gfold_0,G+E+GxE legacy-grid,W008,ME2,-0.4240405041502334,0.12719596014212867,-0.5512364642923621
CV-G,gfold_0,G+E+GxE legacy-grid,W008,ME3,-0.7080833066455468,-0.17128448331032725,-0.5367988233352194
CV-G,gfold_0,G+E+GxE legacy-grid,W008,ME4,0.9643265399939988,-0.2696277068055592,1.233954246799558
CV-G,gfold_0,G+E+GxE legacy-grid,W011,ME1,1.6857676043274525,0.6420596056675172,1.0437079986599354
CV-G,gfold_0,G+E+GxE legacy-grid,W011,ME2,-0.26919672131918876,-1.1153566598333355,0.8461599385141467
CV-G,gfold_0,G+E+GxE legacy-grid,W011,ME3,-0.21264372606166304,-0.6863947826446323,0.47375105658296923
CV-G,gfold_0,G+E+GxE legacy-grid,W011,ME4,0.347223096239814,-0.7498604474495635,1.0970835436893775
CV-G,gfold_0,G+E+GxE legacy-grid,W012,ME1,0.8910193500548484,0.22249268082305607,0.6685266692317924
CV-G,gfold_0,G+E+GxE legacy-grid,W012,ME2,-0.18989837665605017,-0.30498132667001726,0.1150829500139671
CV-G,gfold_0,G+E+GxE legacy-grid,W012,ME3,-0.38194594498595685,-0.1876798562214765,-0.19426608876448034
CV-G,gfold_0,G+E+GxE legacy-grid,W012,ME4,0.6924061162983242,-0.14548016799883912,0.8378862842971633
CV-G,gfold_0,G+E+GxE legacy-grid,W016,ME1,1.0013634987763806,0.035395080244630645,0.96596841853175
CV-G,gfold_0,G+E+GxE legacy-grid,W016,ME2,0.1429331671730866,-0.0041969193803612324,0.14713008655344784
CV-G,gfold_0,G+E+GxE legacy-grid,W016,ME3,-0.15849303131392628,0.13967335888866383,-0.2981663902025901
CV-G,gfold_0,G+E+GxE legacy-grid,W016,ME4,-0.6343525210445544,-0.057525861685429044,-0.5768266593591254
CV-G,gfold_0,G+E+GxE legacy-grid,W026,ME1,-0.4852406948416862,0.09199347015488828,-0.5772341649965744
CV-G,gfold_0,G+E+GxE legacy-grid,W026,ME2,-0.2743862378893214,-0.1509406497240836,-0.12344558816523782
CV-G,gfold_0,G+E+GxE legacy-grid,W026,ME3,0.3088365021446311,0.20425779235197425,0.10457870979265685
CV-G,gfold_0,G+E+GxE legacy-grid,W026,ME4,-0.2668516672180447,0.23434277156870503,-0.5011944387867497
CV-G,gfold_0,G+E+GxE legacy-grid,W028,ME1,2.593962902049092,0.22195706293048695,2.3720058391186054
CV-G,gfold_0,G+E+GxE legacy-grid,W028,ME2,0.06926734659216646,-0.6031189297300252,0.6723862763221917
CV-G,gfold_0,G+E+GxE legacy-grid,W028,ME3,-0.9879167986113145,-0.41695642054051435,-0.5709603780708001
CV-G,gfold_0,G+E+GxE legacy-grid,W028,ME4,0.38525073403836974,-0.37861291550993315,0.7638636495483029
CV-G,gfold_0,G+E+GxE legacy-grid,W029,ME1,0.9675492759192114,-0.11807394825561797,1.0856232241748294
CV-G,gfold_0,G+E+GxE legacy-grid,W029,ME2,1.3109161441053094,0.1558087004989681,1.1551074436063413
CV-G,gfold_0,G+E+GxE legacy-grid,W029,ME3,0.8031273548411803,0.15832410010160505,0.6448032547395752
CV-G,gfold_0,G+E+GxE legacy-grid,W029,ME4,-0.6872482257523514,-0.365521466685403,-0.3217267590669485
CV-G,gfold_0,G+E+GxE legacy-grid,W049,ME1,0.6860409841848755,0.005249520387564995,0.6807914637973105
CV-G,gfold_0,G+E+GxE legacy-grid,W049,ME2,-0.40966807472246114,-0.2493700467156104,-0.16029802800685075
CV-G,gfold_0,G+E+GxE legacy-grid,W049,ME3,-0.6977194160737998,-0.32283260287437443,-0.3748868131994254
CV-G,gfold_0,G+E+GxE legacy-grid,W049,ME4,0.07844935337149163,-0.25772685035492676,0.3361762037264184
CV-G,gfold_0,G+E+GxE legacy-grid,W054,ME1,0.30923880476948085,0.5330321598107581,-0.2237933550412773
CV-G,gfold_0,G+E+GxE legacy-grid,W054,ME2,-0.9063491112354478,0.22961498474766365,-1.1359640959831114
CV-G,gfold_0,G+E+GxE legacy-grid,W054,ME3,-0.5979659135046567,-0.16249941021467573,-0.43546650328998093
CV-G,gfold_0,G+E+GxE legacy-grid,W054,ME4,0.18436663002017992,-0.19822115276376162,0.38258778278394157
CV-G,gfold_0,G+E+GxE legacy-grid,W055,ME1,-0.3655227092924547,0.2077692559014311,-0.5732919651938858
CV-G,gfold_0,G+E+GxE legacy-grid,W055,ME2,0.10591672519904828,-0.4719107639559727,0.577827489155021
CV-G,gfold_0,G+E+GxE legacy-grid,W055,ME3,1.6860092015424728,-0.3272303958998727,2.0132395974423454
CV-G,gfold_0,G+E+GxE legacy-grid,W055,ME4,-1.011088883099343,-0.2679710571915974,-0.7431178259077456
CV-G,gfold_0,G+E+GxE legacy-grid,W065,ME1,0.8241971683248178,-0.45484917952242504,1.279046347847243
CV-G,gfold_0,G+E+GxE legacy-grid,W065,ME2,-0.28141107129523324,0.31458844758336946,-0.5959995188786027
CV-G,gfold_0,G+E+GxE legacy-grid,W065,ME3,-0.42371402883053055,0.03552337190830776,-0.45923740073883834
CV-G,gfold_0,G+E+GxE legacy-grid,W065,ME4,-1.294203623838324,-0.873017945575326,-0.42118567826299813
CV-G,gfold_0,G+E+GxE legacy-grid,W074,ME1,0.8733304068839006,0.14560618246922585,0.7277242244146748
CV-G,gfold_0,G+E+GxE legacy-grid,W074,ME2,-0.674903000886236,0.06148635655516341,-0.7363893574413994
CV-G,gfold_0,G+E+GxE legacy-grid,W074,ME3,0.35809665684261816,-0.0915712390744846,0.44966789591710277
CV-G,gfold_0,G+E+GxE legacy-grid,W074,ME4,-0.059745001863765974,0.10844974355183969,-0.16819474541560567
CV-G,gfold_0,G+E+GxE legacy-grid,W075,ME1,-0.9345740565224844,0.11713840093799936,-1.0517124574604837
CV-G,gfold_0,G+E+GxE legacy-grid,W075,ME2,-0.4629492210687465,-0.31133620439473225,-0.15161301667401422
CV-G,gfold_0,G+E+GxE legacy-grid,W075,ME3,-0.20287953901933256,-0.3054084646969728,0.10252892567764024
CV-G,gfold_0,G+E+GxE legacy-grid,W075,ME4,-0.8562092527770483,-0.4107922678590459,-0.4454169849180024
CV-G,gfold_0,G+E+GxE legacy-grid,W078,ME1,1.0472716813982195,-0.017635023402837367,1.0649067048010568
CV-G,gfold_0,G+E+GxE legacy-grid,W078,ME2,-0.6132110404890881,-0.34871054294510917,-0.264500497543979
CV-G,gfold_0,G+E+GxE legacy-grid,W078,ME3,-0.6509003081363932,-0.3258477598937147,-0.32505254824267854
CV-G,gfold_0,G+E+GxE legacy-grid,W078,ME4,-0.7263142682239334,-0.24811907535067185,-0.47819519287326157
CV-G,gfold_0,G+E+GxE legacy-grid,W084,ME1,0.9381410006934777,-0.18671347161736732,1.1248544723108451
CV-G,gfold_0,G+E+GxE legacy-grid,W084,ME2,-0.60131945312899,-0.16679855514167904,-0.434520897987311
CV-G,gfold_0,G+E+GxE legacy-grid,W084,ME3,0.6211468965133073,-0.4907898519389027,1.11193674845221
CV-G,gfold_0,G+E+GxE legacy-grid,W084,ME4,0.024696178138241338,-0.14824368640461094,0.1729398645428523
CV-G,gfold_0,G+E+GxE legacy-grid,W093,ME1,-0.05990793883528156,-0.09348134289468533,0.033573404059403775
CV-G,gfold_0,G+E+GxE legacy-grid,W093,ME2,-2.278786383673444,-0.3546668387338895,-1.9241195449395545
CV-G,gfold_0,G+E+GxE legacy-grid,W093,ME3,-1.5833970637361743,-0.3102491971684078,-1.2731478665677665
CV-G,gfold_0,G+E+GxE legacy-grid,W093,ME4,-1.1028696961311497,-0.5341184083911343,-0.5687512877400154
CV-G,gfold_0,G+E+GxE legacy-grid,W100,ME1,0.14921576408534248,0.5695753953591638,-0.4203596312738213
CV-G,gfold_0,G+E+GxE legacy-grid,W100,ME2,-0.7213301881526994,0.00048007268928497784,-0.7218102608419844
CV-G,gfold_0,G+E+GxE legacy-grid,W100,ME3,-0.3449248102052157,0.019501443161935635,-0.36442625336715134
CV-G,gfold_0,G+E+GxE legacy-grid,W100,ME4,-0.6463571084009043,0.05164633202416327,-0.6980034404250676
CV-G,gfold_0,G+E+GxE legacy-grid,W103,ME1,1.7113807379704693,0.2233093364894964,1.4880714014809728
CV-G,gfold_0,G+E+GxE legacy-grid,W103,ME2,-0.07260897349228923,0.2035676276401075,-0.2761766011323967
CV-G,gfold_0,G+E+GxE legacy-grid,W103,ME3,-0.5613671051530811,0.38666935606791397,-0.948036461220995
CV-G,gfold_0,G+E+GxE legacy-grid,W103,ME4,-0.11737646121672823,0.08640335861551737,-0.2037798198322456
CV-G,gfold_0,G+E+GxE legacy-grid,W107,ME1,0.10373921773793388,0.16349496108294548,-0.0597557433450116
CV-G,gfold_0,G+E+GxE legacy-grid,W107,ME2,-0.9048998438030572,-0.14847135549373028,-0.756428488309327
CV-G,gfold_0,G+E+GxE legacy-grid,W107,ME3,-0.14108473590368073,-0.15191104068455497,0.010826304780874235
CV-G,gfold_0,G+E+GxE legacy-grid,W107,ME4,-1.0358689946147441,-0.15451536567368274,-0.8813536289410614
CV-G,gfold_0,G+E+GxE legacy-grid,W113,ME1,-1.0811349318928232,-0.7961455320569478,-0.28498939983587535
CV-G,gfold_0,G+E+GxE legacy-grid,W113,ME2,-0.6417280669098465,-0.5527882054418709,-0.08893986146797561
CV-G,gfold_0,G+E+GxE legacy-grid,W113,ME3,-1.5484030958154327,-0.3751748021763526,-1.17322829363908
CV-G,gfold_0,G+E+GxE legacy-grid,W113,ME4,-0.6702010823701685,-0.5401563597341837,-0.13004472263598477
CV-G,gfold_0,G+E+GxE legacy-grid,W114,ME1,-0.5719507215180579,0.158305645528783,-0.7302563670468409
CV-G,gfold_0,G+E+GxE legacy-grid,W114,ME2,0.2898597728953063,-0.206390447809788,0.4962502207050943
CV-G,gfold_0,G+E+GxE legacy-grid,W114,ME3,0.4801996740432562,-0.022444839291924132,0.5026445133351803
CV-G,gfold_0,G+E+GxE legacy-grid,W114,ME4,-2.1425881084029244,-0.1687795465841817,-1.9738085618187426
CV-G,gfold_0,G+E+GxE legacy-grid,W117,ME1,-0.115605306397947,0.19471602950576267,-0.3103213359037097
CV-G,gfold_0,G+E+GxE legacy-grid,W117,ME2,-0.4435897927906507,-0.3460068362380721,-0.09758295655257859
CV-G,gfold_0,G+E+GxE legacy-grid,W117,ME3,-0.03044365799062294,-0.4931147446313673,0.46267108664074436
CV-G,gfold_0,G+E+GxE legacy-grid,W117,ME4,-0.0933122195895492,-0.5404313978179957,0.44711917822844643
CV-G,gfold_0,G+E+GxE legacy-grid,W118,ME1,-0.4703614594948537,0.291142656774845,-0.7615041162696987
CV-G,gfold_0,G+E+GxE legacy-grid,W118,ME2,-0.31294054879816674,-0.08263119730418299,-0.23030935149398374
CV-G,gfold_0,G+E+GxE legacy-grid,W118,ME3,0.6334365956020543,-0.31881207250953614,0.9522486681115905
CV-G,gfold_0,G+E+GxE legacy-grid,W118,ME4,-0.43080160502518294,-0.3069084642268455,-0.12389314079833746
CV-G,gfold_0,G+E+GxE legacy-grid,W119,ME1,-1.0630387846893945,0.20061803369087372,-1.263656818380268
CV-G,gfold_0,G+E+GxE legacy-grid,W119,ME2,-0.15133140838971607,-0.015350685436739165,-0.1359807229529769
CV-G,gfold_0,G+E+GxE legacy-grid,W119,ME3,0.6173797447651402,-0.25960550856429027,0.8769852533294304
CV-G,gfold_0,G+E+GxE legacy-grid,W119,ME4,-1.2844567799755995,-0.42933227147961767,-0.8551245084959818
CV-G,gfold_0,G+E+GxE legacy-grid,W131,ME1,-0.5614774338026641,-0.7209507796648162,0.15947334586215212
CV-G,gfold_0,G+E+GxE legacy-grid,W131,ME2,-2.630028053969067,-1.8269000791994532,-0.8031279747696136
CV-G,gfold_0,G+E+GxE legacy-grid,W131,ME3,-0.939045184228159,-1.5739987654843273,0.6349535812561683
CV-G,gfold_0,G+E+GxE legacy-grid,W131,ME4,-1.2969176360519157,-1.1849240112613149,-0.11199362479060082
CV-G,gfold_0,G+E+GxE legacy-grid,W141,ME1,0.988813470495336,0.37089868644715424,0.6179147840481818
CV-G,gfold_0,G+E+GxE legacy-grid,W141,ME2,0.07536186422270219,0.4952787932746703,-0.4199169290519681
CV-G,gfold_0,G+E+GxE legacy-grid,W141,ME3,-0.33491567383396814,0.4157397145236896,-0.7506553883576577
CV-G,gfold_0,G+E+GxE legacy-grid,W141,ME4,-0.08806512930993898,0.5131197765618524,-0.6011849058717913
CV-G,gfold_0,G+E+GxE legacy-grid,W144,ME1,-0.8535404540588897,-0.13671031484763185,-0.7168301392112578
CV-G,gfold_0,G+E+GxE legacy-grid,W144,ME2,-2.186229457041489,-0.6001049872057731,-1.586124469835716
CV-G,gfold_0,G+E+GxE legacy-grid,W144,ME3,-2.1605821479495377,-0.5318330932848341,-1.6287490546647037
CV-G,gfold_0,G+E+GxE legacy-grid,W144,ME4,-1.4804713954134605,-0.022484014524894087,-1.4579873808885664
CV-G,gfold_0,G+E+GxE legacy-grid,W148,ME1,0.6380560609973885,0.19645658177367484,0.4415994792237137
CV-G,gfold_0,G+E+GxE legacy-grid,W148,ME2,-0.7849903676392523,0.2569371918792532,-1.0419275595185056
CV-G,gfold_0,G+E+GxE legacy-grid,W148,ME3,-0.11007752947427116,0.15891013997942,-0.2689876694536911
CV-G,gfold_0,G+E+GxE legacy-grid,W148,ME4,-0.4568403888715257,0.22563511003174527,-0.682475498903271
CV-G,gfold_0,G+E+GxE legacy-grid,W156,ME1,1.400545611816896,0.33912176662262156,1.0614238451942744
CV-G,gfold_0,G+E+GxE legacy-grid,W156,ME2,-1.1285490219395795,-0.06346985117569406,-1.0650791707638854
CV-G,gfold_0,G+E+GxE legacy-grid,W156,ME3,-0.19333496172016787,-0.046246186685949486,-0.14708877503421838
CV-G,gfold_0,G+E+GxE legacy-grid,W156,ME4,0.3000307505315928,-0.067732089357296,0.3677628398888888
CV-G,gfold_0,G+E+GxE legacy-grid,W169,ME1,0.9551865614931063,-0.005700837525996086,0.9608873990191024
CV-G,gfold_0,G+E+GxE legacy-grid,W169,ME2,2.111734495021843,0.5113789570384765,1.6003555379833663
CV-G,gfold_0,G+E+GxE legacy-grid,W169,ME3,0.34394872146553956,0.49899864342745914,-0.15504992196191958
CV-G,gfold_0,G+E+GxE legacy-grid,W169,ME4,1.514122480851111,0.4105138644714552,1.1036086163796557
CV-G,gfold_0,G+E+GxE legacy-grid,W179,ME1,-0.7676041150442303,-0.46761064372583655,-0.29999347131839377
CV-G,gfold_0,G+E+GxE legacy-grid,W179,ME2,-2.774005495396551,-1.4889652534319047,-1.2850402419646465
CV-G,gfold_0,G+E+GxE legacy-grid,W179,ME3,-2.2603272039900983,-1.1097192403212293,-1.150607963668869
CV-G,gfold_0,G+E+GxE legacy-grid,W179,ME4,-1.6968057022939513,-0.7967123585022581,-0.9000933437916933
CV-G,gfold_0,G+E+GxE legacy-grid,W181,ME1,0.8223158856947588,0.14765360782663003,0.6746622778681287
CV-G,gfold_0,G+E+GxE legacy-grid,W181,ME2,-0.6538981161346836,-0.26474032928312907,-0.38915778685155455
CV-G,gfold_0,G+E+GxE legacy-grid,W181,ME3,0.061268749367188714,0.007084365618576605,0.054184383748612105
CV-G,gfold_0,G+E+GxE legacy-grid,W181,ME4,1.1548737974943348,0.05695153712354557,1.0979222603707892
CV-G,gfold_0,G+E+GxE legacy-grid,W189,ME1,0.7823610260277849,0.4337461397637995,0.3486148862639854
CV-G,gfold_0,G+E+GxE legacy-grid,W189,ME2,-0.41888895965256373,0.4583689183811292,-0.8772578780336929
CV-G,gfold_0,G+E+GxE legacy-grid,W189,ME3,-1.211749806069595,0.3723971998264026,-1.5841470058959977
CV-G,gfold_0,G+E+GxE legacy-grid,W189,ME4,-0.6046478540343456,0.32272080164873174,-0.9273686556830774
CV-G,gfold_0,G+E+GxE legacy-grid,W190,ME1,0.9656517051278523,-0.23064066325729538,1.1962923683851476
CV-G,gfold_0,G+E+GxE legacy-grid,W190,ME2,0.6671123128290374,0.2869847934366808,0.38012751939235656
CV-G,gfold_0,G+E+GxE legacy-grid,W190,ME3,-1.5580574779861802,0.578944640011719,-2.1370021179978993
CV-G,gfold_0,G+E+GxE legacy-grid,W190,ME4,-1.1068030471653405,0.6031773260789929,-1.7099803732443335
CV-G,gfold_0,G+E+GxE legacy-grid,W193,ME1,-0.1570098124205512,0.24870760037409195,-0.40571741279464313
CV-G,gfold_0,G+E+GxE legacy-grid,W193,ME2,-0.9160826191438199,-0.31810523509481714,-0.5979773840490028
CV-G,gfold_0,G+E+GxE legacy-grid,W193,ME3,-1.2061159715045133,-0.770280368994041,-0.4358356025104724
CV-G,gfold_0,G+E+GxE legacy-grid,W193,ME4,-0.3781812348897793,-0.9675044629097675,0.5893232280199883
CV-G,gfold_0,G+E+GxE legacy-grid,W196,ME1,-0.347442850250326,-0.23372292720259308,-0.11371992304773293
CV-G,gfold_0,G+E+GxE legacy-grid,W196,ME2,-1.0922603780211093,0.30151983078974215,-1.3937802088108515
CV-G,gfold_0,G+E+GxE legacy-grid,W196,ME3,-1.6978982052118141,0.11148393955049249,-1.8093821447623066
CV-G,gfold_0,G+E+GxE legacy-grid,W196,ME4,-1.7898923878691095,0.24217360396748533,-2.032065991836595
CV-G,gfold_0,G+E+GxE legacy-grid,W197,ME1,-0.4289650975528974,0.14853588195642495,-0.5775009795093223
CV-G,gfold_0,G+E+GxE legacy-grid,W197,ME2,-1.6776062037384512,0.3130528575021039,-1.990659061240555
CV-G,gfold_0,G+E+GxE legacy-grid,W197,ME3,-3.350596666997925,0.3129214062908621,-3.663518073288787
CV-G,gfold_0,G+E+GxE legacy-grid,W197,ME4,-1.0241948087452666,-0.030882322392502996,-0.9933124863527636
CV-G,gfold_0,G+E+GxE legacy-grid,W216,ME1,0.5169128613344747,0.27248159862422267,0.244431262710252
CV-G,gfold_0,G+E+GxE legacy-grid,W216,ME2,-0.9291956415015236,0.02720819242294991,-0.9564038339244735
CV-G,gfold_0,G+E+GxE legacy-grid,W216,ME3,-0.9682110474264022,-0.061538569614123545,-0.9066724778122787
CV-G,gfold_0,G+E+GxE legacy-grid,W216,ME4,-0.17364698111186105,-0.33830736034858927,0.16466037923672822
CV-G,gfold_0,G+E+GxE legacy-grid,W217,ME1,-0.5394314074841748,-0.28501163788737677,-0.2544197695967981
CV-G,gfold_0,G+E+GxE legacy-grid,W217,ME2,0.9225251295820237,0.7032372928212652,0.21928783676075847
CV-G,gfold_0,G+E+GxE legacy-grid,W217,ME3,0.5479323867529903,0.16409886666206652,0.38383352009092375
CV-G,gfold_0,G+E+GxE legacy-grid,W217,ME4,0.5948354105441891,0.211307948618421,0.3835274619257681
CV-G,gfold_0,G+E+GxE legacy-grid,W222,ME1,1.0764112019625147,0.3443238439722249,0.7320873579902898
CV-G,gfold_0,G+E+GxE legacy-grid,W222,ME2,0.7959705407369501,0.017861575739357153,0.7781089649975929
CV-G,gfold_0,G+E+GxE legacy-grid,W222,ME3,0.8728112156536648,0.015417095215475598,0.8573941204381892
CV-G,gfold_0,G+E+GxE legacy-grid,W222,ME4,0.9624699983058604,0.17196233236981578,0.7905076659360446
CV-G,gfold_0,G+E+GxE legacy-grid,W226,ME1,0.2524094099965209,0.08838441959250941,0.16402499040401147
CV-G,gfold_0,G+E+GxE legacy-grid,W226,ME2,0.38522030421088155,0.3768716283615439,0.008348675849337628
CV-G,gfold_0,G+E+GxE legacy-grid,W226,ME3,-0.13662496881168182,0.3422757218980285,-0.4789006907097103
CV-G,gfold_0,G+E+GxE legacy-grid,W226,ME4,-0.2595907012089289,0.029169522899094382,-0.28876022410802327
CV-G,gfold_0,G+E+GxE legacy-grid,W229,ME1,0.47540248226342524,-0.24005858219253462,0.7154610644559598
CV-G,gfold_0,G+E+GxE legacy-grid,W229,ME2,-0.3425777513566244,0.6901862037947879,-1.0327639551514123
CV-G,gfold_0,G+E+GxE legacy-grid,W229,ME3,0.25118894456339397,0.4433168762834357,-0.19212793172004172
CV-G,gfold_0,G+E+GxE legacy-grid,W229,ME4,0.7357123111847647,1.1201458651497616,-0.3844335539649969
CV-G,gfold_0,G+E+GxE legacy-grid,W230,ME1,-1.436640340409493,0.4408499970510618,-1.8774903374605547
CV-G,gfold_0,G+E+GxE legacy-grid,W230,ME2,-0.10725848961604569,0.36683670747531566,-0.47409519709136133
CV-G,gfold_0,G+E+GxE legacy-grid,W230,ME3,0.20916746486132018,0.24952452636297268,-0.0403570615016525
CV-G,gfold_0,G+E+GxE legacy-grid,W230,ME4,0.6247918120205858,0.3212778975047199,0.30351391451586585
CV-G,gfold_0,G+E+GxE legacy-grid,W231,ME1,2.526904541980223,0.3289358814618497,2.1979686605183733
CV-G,gfold_0,G+E+GxE legacy-grid,W231,ME2,-0.48935246878898664,-0.49332936221719853,0.003976893428211892
CV-G,gfold_0,G+E+GxE legacy-grid,W231,ME3,-1.4003945754497167,-0.1687013704770087,-1.231693204972708
CV-G,gfold_0,G+E+GxE legacy-grid,W231,ME4,0.5373376851263885,-0.24751546804007352,0.784853153166462
CV-G,gfold_0,G+E+GxE legacy-grid,W233,ME1,0.7591259639344545,0.2504432981510778,0.5086826657833767
CV-G,gfold_0,G+E+GxE legacy-grid,W233,ME2,-0.25534957222717314,0.32090359667192475,-0.576253168899098
CV-G,gfold_0,G+E+GxE legacy-grid,W233,ME3,0.23183794757898152,0.38694619566569155,-0.15510824808671003
CV-G,gfold_0,G+E+GxE legacy-grid,W233,ME4,-0.10681148033889222,0.33584441363860823,-0.44265589397750044
CV-G,gfold_0,G+E+GxE legacy-grid,W234,ME1,0.8939023546048088,0.0786054183088597,0.8152969362959491
CV-G,gfold_0,G+E+GxE legacy-grid,W234,ME2,-0.40533925846152025,0.0554353238300673,-0.4607745822915875
CV-G,gfold_0,G+E+GxE legacy-grid,W234,ME3,0.7934560796132658,0.5094825990047926,0.28397348060847316
CV-G,gfold_0,G+E+GxE legacy-grid,W234,ME4,0.18930691891912374,0.08252405810363138,0.10678286081549236
CV-G,gfold_0,G+E+GxE legacy-grid,W235,ME1,-0.4590330433112487,-0.32681580807457783,-0.1322172352366709
CV-G,gfold_0,G+E+GxE legacy-grid,W235,ME2,1.292917381757189,0.7519203884670972,0.5409969932900919
CV-G,gfold_0,G+E+GxE legacy-grid,W235,ME3,0.5675283330663183,0.28748850520899594,0.2800398278573224
CV-G,gfold_0,G+E+GxE legacy-grid,W235,ME4,0.462714149305722,0.2985462915123267,0.16416785779339532
CV-G,gfold_0,G+E+GxE legacy-grid,W239,ME1,1.8362539265709015,0.3862497159301323,1.4500042106407691
CV-G,gfold_0,G+E+GxE legacy-grid,W239,ME2,2.1549783568800405,0.10429628943150886,2.0506820674485318
CV-G,gfold_0,G+E+GxE legacy-grid,W239,ME3,-0.06302191873653193,0.051519633559758304,-0.11454155229629023
CV-G,gfold_0,G+E+GxE legacy-grid,W239,ME4,1.5566026720203727,0.2425856235679385,1.3140170484524343
CV-G,gfold_0,G+E+GxE legacy-grid,W251,ME1,-1.0649282114001044,-0.1923609913210229,-0.8725672200790815
CV-G,gfold_0,G+E+GxE legacy-grid,W251,ME2,-0.4595760352981592,-0.6414582540625919,0.18188221876443272
CV-G,gfold_0,G+E+GxE legacy-grid,W251,ME3,-0.699594545419299,-0.6859012216525678,-0.013693323766731158
CV-G,gfold_0,G+E+GxE legacy-grid,W251,ME4,0.4479247494171651,-0.3055069450817418,0.7534316944989069
CV-G,gfold_0,G+E+GxE legacy-grid,W252,ME1,-0.15461545270956753,0.07151813108128628,-0.2261335837908538
CV-G,gfold_0,G+E+GxE legacy-grid,W252,ME2,0.5145595117033442,-0.2442454052215308,0.7588049169248751
CV-G,gfold_0,G+E+GxE legacy-grid,W252,ME3,0.3252818932963758,0.14143682752676706,0.18384506576960874
CV-G,gfold_0,G+E+GxE legacy-grid,W252,ME4,0.7817718517951378,0.03820093849814962,0.7435709132969881
CV-G,gfold_0,G+E+GxE legacy-grid,W256,ME1,0.137292830014317,0.1545473119588512,-0.017254481944534217
CV-G,gfold_0,G+E+GxE legacy-grid,W256,ME2,-0.5999841019139922,0.3543199635192798,-0.954304065433272
CV-G,gfold_0,G+E+GxE legacy-grid,W256,ME3,0.2579461674300598,0.28765583701519676,-0.029709669585136933
CV-G,gfold_0,G+E+GxE legacy-grid,W256,ME4,-0.012017720414895539,0.10915574505752947,-0.12117346547242501
CV-G,gfold_0,G+E+GxE legacy-grid,W274,ME1,1.1955509577856243,-0.4257447833842039,1.621295741169828
CV-G,gfold_0,G+E+GxE legacy-grid,W274,ME2,-1.1044177698884592,-0.12735316781392772,-0.9770646020745315
CV-G,gfold_0,G+E+GxE legacy-grid,W274,ME3,-1.5616810387484295,-0.24020177859241149,-1.321479260156018
CV-G,gfold_0,G+E+GxE legacy-grid,W274,ME4,-0.6838340770546731,-0.1624247265115113,-0.5214093505431618
CV-G,gfold_0,G+E+GxE legacy-grid,W275,ME1,0.24001411924781724,0.3440477866682969,-0.10403366742047965
CV-G,gfold_0,G+E+GxE legacy-grid,W275,ME2,-1.7310392383745936,-0.23965386072227654,-1.4913853776523172
CV-G,gfold_0,G+E+GxE legacy-grid,W275,ME3,-0.6204928052364007,-0.2946007927659568,-0.3258920124704439
CV-G,gfold_0,G+E+GxE legacy-grid,W275,ME4,-0.4879531955519739,-0.36394614126618813,-0.12400705428578579
CV-G,gfold_0,G+E+GxE legacy-grid,W279,ME1,-0.9041722034575,-0.21456209205561064,-0.6896101114018894
CV-G,gfold_0,G+E+GxE legacy-grid,W279,ME2,-0.8868567807037266,-0.7119091645490203,-0.17494761615470633
CV-G,gfold_0,G+E+GxE legacy-grid,W279,ME3,-0.2876995790531457,-0.8038120190677217,0.516112440014576
CV-G,gfold_0,G+E+GxE legacy-grid,W279,ME4,1.2954281633501068,-0.4501197047124319,1.7455478680625387
CV-G,gfold_0,G+E+GxE legacy-grid,W282,ME1,0.9392404515811735,0.2480586274608993,0.6911818241202743
CV-G,gfold_0,G+E+GxE legacy-grid,W282,ME2,-0.7804716910159893,-0.3667252364016618,-0.4137464546143275
CV-G,gfold_0,G+E+GxE legacy-grid,W282,ME3,-0.7978699054863589,-0.7174489859004007,-0.0804209195859582
CV-G,gfold_0,G+E+GxE legacy-grid,W282,ME4,-0.8930883520736206,-0.8422713199155972,-0.050817032158023356
CV-G,gfold_0,G+E+GxE legacy-grid,W301,ME1,0.4116750511802455,0.019573094879547514,0.392101956300698
CV-G,gfold_0,G+E+GxE legacy-grid,W301,ME2,-0.668998343618024,0.01873759842316129,-0.6877359420411853
CV-G,gfold_0,G+E+GxE legacy-grid,W301,ME3,-0.626523626644899,0.05664600652185797,-0.6831696331667569
CV-G,gfold_0,G+E+GxE legacy-grid,W301,ME4,0.6900854391881516,-0.043109962020683,0.7331954012088345
CV-G,gfold_0,G+E+GxE legacy-grid,W311,ME1,1.6245078296811046,0.3963840703978439,1.2281237592832608
CV-G,gfold_0,G+E+GxE legacy-grid,W311,ME2,0.5911808252577422,-0.2377917340727784,0.8289725593305206
CV-G,gfold_0,G+E+GxE legacy-grid,W311,ME3,-0.8288348792728519,-0.6122816974213006,-0.21655318185155137
CV-G,gfold_0,G+E+GxE legacy-grid,W311,ME4,-0.1378849535089993,-0.9203663387793155,0.7824813852703162
CV-G,gfold_0,G+E+GxE legacy-grid,W312,ME1,0.9392485956618243,0.49344031088146434,0.44580828478035994
CV-G,gfold_0,G+E+GxE legacy-grid,W312,ME2,-0.9741292605843869,-0.3250921059985334,-0.6490371545858535
CV-G,gfold_0,G+E+GxE legacy-grid,W312,ME3,-0.44522733713227575,-0.805516240882291,0.36028890375001527
CV-G,gfold_0,G+E+GxE legacy-grid,W312,ME4,-0.629553832782841,-1.0813871993846442,0.4518333666018032
CV-G,gfold_0,G+E+GxE legacy-grid,W314,ME1,-0.062400027514061165,0.15579569274621674,-0.2181957202602779
CV-G,gfold_0,G+E+GxE legacy-grid,W314,ME2,-0.4162878726887524,-0.4663906742817698,0.05010280159301739
CV-G,gfold_0,G+E+GxE legacy-grid,W314,ME3,-0.8449255162240982,-0.5854975570799509,-0.2594279591441473
CV-G,gfold_0,G+E+GxE legacy-grid,W314,ME4,0.4009841381751324,-0.1793225666057791,0.5803067047809115
CV-G,gfold_0,G+E+GxE legacy-grid,W315,ME1,-0.15158585470791247,0.21967701897042885,-0.3712628736783413
CV-G,gfold_0,G+E+GxE legacy-grid,W315,ME2,0.7574795166155454,-0.19233811744316878,0.9498176340587141
CV-G,gfold_0,G+E+GxE legacy-grid,W315,ME3,0.47755591059667307,-0.4832003955332077,0.9607563061298807
CV-G,gfold_0,G+E+GxE legacy-grid,W315,ME4,-0.33193289342976523,-0.45370120823308024,0.12176831480331501
CV-G,gfold_0,G+E+GxE legacy-grid,W316,ME1,-0.25829774345972123,0.19736148746787435,-0.4556592309275956
CV-G,gfold_0,G+E+GxE legacy-grid,W316,ME2,-0.611723800984233,-0.13146723979763678,-0.4802565611865962
CV-G,gfold_0,G+E+GxE legacy-grid,W316,ME3,-1.199924666052931,-0.31741535517040875,-0.8825093108825223
CV-G,gfold_0,G+E+GxE legacy-grid,W316,ME4,-0.3266858031501543,-0.31385975625083307,-0.012826046899321208
CV-G,gfold_0,G+E+GxE legacy-grid,W321,ME1,-1.0426785830653766,0.16609972078210297,-1.2087783038474795
CV-G,gfold_0,G+E+GxE legacy-grid,W321,ME2,-0.1855126022864137,0.19107976553001835,-0.376592367816432
CV-G,gfold_0,G+E+GxE legacy-grid,W321,ME3,0.0811011984808501,-0.025385459863163835,0.10648665834401393
CV-G,gfold_0,G+E+GxE legacy-grid,W321,ME4,-2.2422277568010442,-0.023849660902239393,-2.218378095898805
CV-G,gfold_0,G+E+GxE legacy-grid,W323,ME1,-0.5677320877415618,-0.10290389178698074,-0.4648281959545811
CV-G,gfold_0,G+E+GxE legacy-grid,W323,ME2,0.17726624935964166,-0.03976076037554363,0.2170270097351853
CV-G,gfold_0,G+E+GxE legacy-grid,W323,ME3,0.15025292799258408,-0.04766562722194356,0.19791855521452764
CV-G,gfold_0,G+E+GxE legacy-grid,W323,ME4,-1.7335117341450192,0.09846824934867171,-1.831979983493691
CV-G,gfold_0,G+E+GxE legacy-grid,W331,ME1,-0.3952241714215731,-0.1617397001401131,-0.23348447128146002
CV-G,gfold_0,G+E+GxE legacy-grid,W331,ME2,-0.5736884417324005,-0.2615630872122779,-0.31212535452012263
CV-G,gfold_0,G+E+GxE legacy-grid,W331,ME3,-0.8882477613280045,-0.6327971010691932,-0.25545066025881136
CV-G,gfold_0,G+E+GxE legacy-grid,W331,ME4,-1.469324278582564,-0.3854992283099523,-1.0838250502726117
CV-G,gfold_0,G+E+GxE legacy-grid,W332,ME1,-0.43069164265061394,0.4016350081282149,-0.8323266507788288
CV-G,gfold_0,G+E+GxE legacy-grid,W332,ME2,-0.4849983378130693,0.10715411065711651,-0.5921524484701858
CV-G,gfold_0,G+E+GxE legacy-grid,W332,ME3,0.505657511193418,-0.16126850876476742,0.6669260199581853
CV-G,gfold_0,G+E+GxE legacy-grid,W332,ME4,-0.588599781814847,-0.24809696896167838,-0.3405028128531686
CV-G,gfold_0,G+E+GxE legacy-grid,W340,ME1,0.8127547350121197,0.16064223650687906,0.6521124985052407
CV-G,gfold_0,G+E+GxE legacy-grid,W340,ME2,-0.8750980955972533,0.49648062090936956,-1.3715787165066229
CV-G,gfold_0,G+E+GxE legacy-grid,W340,ME3,-0.48838065166451583,0.4739195365751339,-0.9623001882396498
CV-G,gfold_0,G+E+GxE legacy-grid,W340,ME4,-0.14921300448746808,0.3012091924452087,-0.4504221969326768
CV-G,gfold_0,G+E+GxE legacy-grid,W341,ME1,1.4213618819572946,0.3601368873976825,1.0612249945596122
CV-G,gfold_0,G+E+GxE legacy-grid,W341,ME2,-0.419737002604269,-0.22510815662197997,-0.19462884598228902
CV-G,gfold_0,G+E+GxE legacy-grid,W341,ME3,0.03109774926752954,-0.018589168529075963,0.0496869177966055
CV-G,gfold_0,G+E+GxE legacy-grid,W341,ME4,0.43900390927162003,0.02108306677469807,0.41792084249692196
CV-G,gfold_0,G+E+GxE legacy-grid,W342,ME1,0.9340689603686748,0.13881581384600836,0.7952531465226664
CV-G,gfold_0,G+E+GxE legacy-grid,W342,ME2,-0.633937463375902,-0.795083775681565,0.161146312305663
CV-G,gfold_0,G+E+GxE legacy-grid,W342,ME3,0.29294013535080016,-0.7910163073595933,1.0839564427103934
CV-G,gfold_0,G+E+GxE legacy-grid,W342,ME4,0.4180312815573153,-0.21257368658276574,0.630604968140081
CV-G,gfold_0,G+E+GxE legacy-grid,W343,ME1,1.548043056461939,0.5286119144513762,1.0194311420105628
CV-G,gfold_0,G+E+GxE legacy-grid,W343,ME2,-0.32090835533694567,-0.4383394956361214,0.11743114029917573
CV-G,gfold_0,G+E+GxE legacy-grid,W343,ME3,0.9831397720091377,-0.4822659047355429,1.4654056767446806
CV-G,gfold_0,G+E+GxE legacy-grid,W343,ME4,0.26856394225806685,-0.4396473144529494,0.7082112567110163
CV-G,gfold_0,G+E+GxE legacy-grid,W347,ME1,1.633808369782957,0.44010925419974617,1.1936991155832108
CV-G,gfold_0,G+E+GxE legacy-grid,W347,ME2,0.6426329834469922,-0.3817634872863322,1.0243964707333244
CV-G,gfold_0,G+E+GxE legacy-grid,W347,ME3,0.25118894456339397,-0.31546029350960303,0.566649238072997
CV-G,gfold_0,G+E+GxE legacy-grid,W347,ME4,0.6549055475383496,-0.18767589886704403,0.8425814464053937
CV-G,gfold_0,G+E+GxE legacy-grid,W354,ME1,0.20234774624338175,0.4064779790887037,-0.20413023284532195
CV-G,gfold_0,G+E+GxE legacy-grid,W354,ME2,-0.5286788785046079,0.4112117760762182,-0.9398906545808261
CV-G,gfold_0,G+E+GxE legacy-grid,W354,ME3,-0.6936904219395504,0.33729028065484623,-1.0309807025943967
CV-G,gfold_0,G+E+GxE legacy-grid,W354,ME4,-0.2558854845347211,0.1888749055559219,-0.444760390090643
CV-G,gfold_0,G+E+GxE legacy-grid,W363,ME1,0.7960756578417226,0.5229219692059294,0.27315368863579326
CV-G,gfold_0,G+E+GxE legacy-grid,W363,ME2,-1.0871657916321373,-0.6225763282930181,-0.4645894633391192
CV-G,gfold_0,G+E+GxE legacy-grid,W363,ME3,-0.18851199389908596,-0.5738373604135472,0.3853253665144612
CV-G,gfold_0,G+E+GxE legacy-grid,W363,ME4,0.39443117535217137,-0.3186081101238002,0.7130392854759715
CV-G,gfold_0,G+E+GxE legacy-grid,W364,ME1,0.19566960011070317,0.25532001354710554,-0.05965041343640237
CV-G,gfold_0,G+E+GxE legacy-grid,W364,ME2,-0.48058724872845643,0.43641251404771914,-0.9169997627761756
CV-G,gfold_0,G+E+GxE legacy-grid,W364,ME3,-0.9281829484699957,0.4025198462571908,-1.3307027947271866
CV-G,gfold_0,G+E+GxE legacy-grid,W364,ME4,-0.17983807563967694,0.44330906068045184,-0.6231471363201287
CV-G,gfold_0,G+E+GxE legacy-grid,W365,ME1,0.42732797418879037,0.16666845697441027,0.2606595172143801
CV-G,gfold_0,G+E+GxE legacy-grid,W365,ME2,-0.01922023960735329,0.12019826783939494,-0.13941850744674822
CV-G,gfold_0,G+E+GxE legacy-grid,W365,ME3,-0.12552623025318374,0.09938744926400686,-0.2249136795171906
CV-G,gfold_0,G+E+GxE legacy-grid,W365,ME4,-0.7483410340154019,-0.2287930842784702,-0.5195479497369316
CV-G,gfold_0,G+E+GxE legacy-grid,W367,ME1,2.234409885449567,0.7054242571001855,1.5289856283493815
CV-G,gfold_0,G+E+GxE legacy-grid,W367,ME2,0.11041641578607922,0.056917270137954015,0.053499145648125204
CV-G,gfold_0,G+E+GxE legacy-grid,W367,ME3,0.5535746678466565,0.11123045984347822,0.4423442080031783
CV-G,gfold_0,G+E+GxE legacy-grid,W367,ME4,-0.017264810694505774,-0.058737568033489715,0.04147275733898394
CV-G,gfold_0,G+E+GxE legacy-grid,W372,ME1,0.4184997907646172,0.30353076204511553,0.11496902871950165
CV-G,gfold_0,G+E+GxE legacy-grid,W372,ME2,2.302860593092614,0.09216866498458824,2.2106919281080257
CV-G,gfold_0,G+E+GxE legacy-grid,W372,ME3,1.2400240458139944,-0.07599820227668151,1.3160222480906758
CV-G,gfold_0,G+E+GxE legacy-grid,W372,ME4,0.2898669714592444,0.1496585436367271,0.1402084278225173
CV-G,gfold_0,G+E+GxE legacy-grid,W373,ME1,-0.9876408860353292,-0.3678831729609223,-0.6197577130744069
CV-G,gfold_0,G+E+GxE legacy-grid,W373,ME2,0.45441174891974717,0.36670217765426194,0.08770957126548523
CV-G,gfold_0,G+E+GxE legacy-grid,W373,ME3,-0.19009994127275218,0.3039998089744339,-0.4940997502471861
CV-G,gfold_0,G+E+GxE legacy-grid,W373,ME4,-1.244344466128922,-0.8113869931664864,-0.4329574729624356
CV-G,gfold_0,G+E+GxE legacy-grid,W376,ME1,-0.9486796042076059,-0.02764552033345476,-0.9210340838741511
CV-G,gfold_0,G+E+GxE legacy-grid,W376,ME2,-0.966269041584258,-0.07954765403637502,-0.886721387547883
CV-G,gfold_0,G+E+GxE legacy-grid,W376,ME3,-1.0456403749498004,-0.011951601011258979,-1.0336887739385414
CV-G,gfold_0,G+E+GxE legacy-grid,W376,ME4,-0.390335289585429,-0.06188887449383862,-0.3284464150915904
CV-G,gfold_0,G+E+GxE legacy-grid,W389,ME1,0.5995182713634448,-0.14588072761017623,0.745398998973621
CV-G,gfold_0,G+E+GxE legacy-grid,W389,ME2,-1.9196338649477391,-0.6304817323370802,-1.289152132610659
CV-G,gfold_0,G+E+GxE legacy-grid,W389,ME3,-1.342670999111231,-0.4490357064121548,-0.893635292699076
CV-G,gfold_0,G+E+GxE legacy-grid,W389,ME4,-0.9835554258600077,-0.5399136076925611,-0.4436418181674465
CV-G,gfold_0,G+E+GxE legacy-grid,W392,ME1,0.6156598392109665,0.30026470523407867,0.3153951339768878
CV-G,gfold_0,G+E+GxE legacy-grid,W392,ME2,-0.568910289280631,0.49277088021498333,-1.0616811694956143
CV-G,gfold_0,G+E+GxE legacy-grid,W392,ME3,-0.6912831612933005,0.43173241484279945,-1.1230155761360998
CV-G,gfold_0,G+E+GxE legacy-grid,W392,ME4,-0.2186995838574817,0.4392128911647369,-0.6579124750222186
CV-G,gfold_0,G+E+GxE legacy-grid,W395,ME1,0.04472720935087633,-0.22206460237480852,0.26679181172568484
CV-G,gfold_0,G+E+GxE legacy-grid,W395,ME2,0.2432363965877775,-0.3618904594644899,0.6051268560522673
CV-G,gfold_0,G+E+GxE legacy-grid,W395,ME3,-0.06516733699669865,-0.17158397693893138,0.10641663994223273
CV-G,gfold_0,G+E+GxE legacy-grid,W395,ME4,0.7629389670434328,-0.19640917425296728,0.9593481412964
CV-G,gfold_0,G+E+GxE legacy-grid,W396,ME1,1.2469563948459483,0.30338317685768545,0.9435732179882629
CV-G,gfold_0,G+E+GxE legacy-grid,W396,ME2,2.0368472394433184,0.3768627418198369,1.6599844976234814
CV-G,gfold_0,G+E+GxE legacy-grid,W396,ME3,0.14429812534133513,0.30949145646682263,-0.1651933311254875
CV-G,gfold_0,G+E+GxE legacy-grid,W396,ME4,1.5754827569844874,0.37774603176524146,1.197736725219246
CV-G,gfold_0,G+E+GxE legacy-grid,W397,ME1,0.6546618414419376,0.17857981528619873,0.4760820261557389
CV-G,gfold_0,G+E+GxE legacy-grid,W397,ME2,0.04138951672455981,0.3440155971313121,-0.30262608040675226
CV-G,gfold_0,G+E+GxE legacy-grid,W397,ME3,0.49967736895641757,0.2986064007845486,0.20107096817186898
CV-G,gfold_0,G+E+GxE legacy-grid,W397,ME4,1.270254716731286,0.3630189135220293,0.9072358032092568
CV-G,gfold_0,G+E+GxE legacy-grid,W398,ME1,-1.2270850012144416,-0.10240091577066854,-1.1246840854437732
CV-G,gfold_0,G+E+GxE legacy-grid,W398,ME2,-1.9297597509382436,0.05859933869939428,-1.988359089637638
CV-G,gfold_0,G+E+GxE legacy-grid,W398,ME3,-2.7585203528921474,-0.2686933108791697,-2.4898270420129776
CV-G,gfold_0,G+E+GxE legacy-grid,W398,ME4,-1.6391113093244416,0.04467501854934233,-1.683786327873784
CV-G,gfold_0,G+E+GxE legacy-grid,W406,ME1,0.39373364150916074,0.5681534119714388,-0.17441977046227802
CV-G,gfold_0,G+E+GxE legacy-grid,W406,ME2,-1.0395298267255575,0.13174542164098868,-1.171275248366546
CV-G,gfold_0,G+E+GxE legacy-grid,W406,ME3,-0.592340525468158,0.029246401562700208,-0.6215869270308582
CV-G,gfold_0,G+E+GxE legacy-grid,W406,ME4,-0.6871223585192565,-0.016407754938784578,-0.670714603580472
CV-G,gfold_0,G+E+GxE legacy-grid,W410,ME1,-0.6108224184586346,0.5554316558232436,-1.1662540742818783
CV-G,gfold_0,G+E+GxE legacy-grid,W410,ME2,0.0194986169488371,0.4116512437156463,-0.39215262676680923
CV-G,gfold_0,G+E+GxE legacy-grid,W410,ME3,0.9534924566816448,0.24279425010254552,0.7106982065790993
CV-G,gfold_0,G+E+GxE legacy-grid,W410,ME4,2.167058752526775,0.532177664059346,1.634881088467429
CV-G,gfold_0,G+E+GxE legacy-grid,W413,ME1,-0.3323763010485524,-0.28762333078489294,-0.044752970263659486
CV-G,gfold_0,G+E+GxE legacy-grid,W413,ME2,0.9193987622824558,0.10528677758273272,0.814111984699723
CV-G,gfold_0,G+E+GxE legacy-grid,W413,ME3,-0.1338798470220988,-0.07717826704313793,-0.05670157997896086
CV-G,gfold_0,G+E+GxE legacy-grid,W413,ME4,0.08015642772033077,-0.41435658210729126,0.49451300982762203
CV-G,gfold_0,G+E+GxE legacy-grid,W414,ME1,-0.6666908117149426,-0.08830413231726623,-0.5783866793976764
CV-G,gfold_0,G+E+GxE legacy-grid,W414,ME2,0.1803356585505129,0.3258662485145447,-0.14553058996403181
CV-G,gfold_0,G+E+GxE legacy-grid,W414,ME3,0.27105517979138893,0.43348492951729367,-0.16242974972590474
CV-G,gfold_0,G+E+GxE legacy-grid,W414,ME4,-0.2854485509076981,-0.2484524139642052,-0.03699613694349291
CV-G,gfold_0,G+E+GxE legacy-grid,W416,ME1,-0.9499419367082935,-0.4498308099591462,-0.5001111267491474
CV-G,gfold_0,G+E+GxE legacy-grid,W416,ME2,-0.2931634277229627,0.11158932262995284,-0.4047527503529156
CV-G,gfold_0,G+E+GxE legacy-grid,W416,ME3,-0.28393242730498,0.03842654387669324,-0.3223589711816732
CV-G,gfold_0,G+E+GxE legacy-grid,W416,ME4,-0.22953989930771182,-0.28004317449925814,0.05050327519154632
CV-G,gfold_0,G+E+GxE legacy-grid,W420,ME1,-1.016055583421809,-0.4385489613106505,-0.5775066221111584
CV-G,gfold_0,G+E+GxE legacy-grid,W420,ME2,0.19500553587925507,0.22766451391650927,-0.032658978037254205
CV-G,gfold_0,G+E+GxE legacy-grid,W420,ME3,-0.28896655834064544,-0.047481394724946197,-0.24148516361569924
CV-G,gfold_0,G+E+GxE legacy-grid,W420,ME4,-0.025745115524221367,-0.26572404371651837,0.239978928192297
CV-G,gfold_0,G+E+GxE legacy-grid,W423,ME1,-1.0137345204366706,0.08583726047620613,-1.0995717809128767
CV-G,gfold_0,G+E+GxE legacy-grid,W423,ME2,0.22816148381941473,0.3309317822142524,-0.10277029839483767
CV-G,gfold_0,G+E+GxE legacy-grid,W423,ME3,0.19654835115782304,0.06027197597948858,0.13627637517833446
CV-G,gfold_0,G+E+GxE legacy-grid,W423,ME4,-0.1478520650296379,0.1264360637699093,-0.2742881287995472
CV-G,gfold_0,G+E+GxE legacy-grid,W451,ME1,-0.26762271580352187,-0.09034400841262778,-0.17727870739089407
CV-G,gfold_0,G+E+GxE legacy-grid,W451,ME2,0.15267933243894802,-1.361295421507353,1.5139747539463009
CV-G,gfold_0,G+E+GxE legacy-grid,W451,ME3,0.32632081631212523,-0.8245140960665437,1.150834912378669
CV-G,gfold_0,G+E+GxE legacy-grid,W451,ME4,0.3311986241265204,-1.1382825443782254,1.4694811685047457
CV-G,gfold_0,G+E+GxE legacy-grid,W469,ME1,0.296908666665976,-0.13460096347473952,0.4315096301407155
CV-G,gfold_0,G+E+GxE legacy-grid,W469,ME2,1.4976438104489564,0.6186780737953862,0.8789657366535703
CV-G,gfold_0,G+E+GxE legacy-grid,W469,ME3,1.3897809975964597,0.6165244100181136,0.773256587578346
CV-G,gfold_0,G+E+GxE legacy-grid,W469,ME4,0.759572018558165,0.543543236811551,0.216028781746614
CV-G,gfold_0,G+E+GxE legacy-grid,W482,ME1,-0.3583070538369021,-0.5932647940969624,0.23495774026006033
CV-G,gfold_0,G+E+GxE legacy-grid,W482,ME2,1.0628066226229747,0.04128287641535406,1.0215237462076205
CV-G,gfold_0,G+E+GxE legacy-grid,W482,ME3,-0.10021198408894004,0.08504113613124682,-0.18525312022018686
CV-G,gfold_0,G+E+GxE legacy-grid,W482,ME4,0.32484232885526776,0.35006598880447226,-0.025223659949204502
CV-G,gfold_0,G+E+GxE legacy-grid,W490,ME1,-0.050240915104195885,0.48923322451346835,-0.5394741396176642
CV-G,gfold_0,G+E+GxE legacy-grid,W490,ME2,0.9018999655551156,0.130999058275881,0.7709009072792347
CV-G,gfold_0,G+E+GxE legacy-grid,W490,ME3,2.007585437767064,0.2963962699884579,1.7111891677786062
CV-G,gfold_0,G+E+GxE legacy-grid,W490,ME4,1.0234369393358167,-0.2505086180129605,1.2739455573487772
CV-G,gfold_0,G+E+GxE legacy-grid,W495,ME1,-0.7319574740408977,-0.668826846586165,-0.06313062745473275
CV-G,gfold_0,G+E+GxE legacy-grid,W495,ME2,0.587295016508887,-0.01703591458177751,0.6043309310906646
CV-G,gfold_0,G+E+GxE legacy-grid,W495,ME3,-0.08742393981377662,-0.03865742270158597,-0.048766517112190655
CV-G,gfold_0,G+E+GxE legacy-grid,W495,ME4,-0.3122661382588112,-0.8495228977605014,0.5372567595016902
CV-G,gfold_0,G+E+GxE legacy-grid,W501,ME1,0.05677230463164708,-0.4998317842508232,0.5566040888824703
CV-G,gfold_0,G+E+GxE legacy-grid,W501,ME2,-0.32234496541184804,-0.5993081912638762,0.2769632258520282
CV-G,gfold_0,G+E+GxE legacy-grid,W501,ME3,-0.662725448153058,-0.15583908077328854,-0.5068863673797694
CV-G,gfold_0,G+E+GxE legacy-grid,W501,ME4,-0.8419547886291413,0.0925167396249414,-0.9344715282540828
CV-G,gfold_0,G+E+GxE legacy-grid,W509,ME1,-1.4683941108623129,-0.010704331929797355,-1.4576897789325156
CV-G,gfold_0,G+E+GxE legacy-grid,W509,ME2,0.36976567071787464,0.30343844509057516,0.06632722562729948
CV-G,gfold_0,G+E+GxE legacy-grid,W509,ME3,1.1203367357881893,0.2589332093792921,0.8614035264088972
CV-G,gfold_0,G+E+GxE legacy-grid,W509,ME4,1.1805743131517366,0.3864591608232689,0.7941151523284676
CV-G,gfold_0,G+E+GxE legacy-grid,W510,ME1,0.5595226912932214,0.2701647414653292,0.2893579498278922
CV-G,gfold_0,G+E+GxE legacy-grid,W510,ME2,1.031277145120041,-1.068211241699182,2.099488386819223
CV-G,gfold_0,G+E+GxE legacy-grid,W510,ME3,0.10330712212642852,-1.1407691883827908,1.2440763105092194
CV-G,gfold_0,G+E+GxE legacy-grid,W510,ME4,0.09567743090124745,-0.35329175608068275,0.4489691869819302
CV-G,gfold_0,G+E+GxE legacy-grid,W511,ME1,0.16762138635345467,0.2795811949550446,-0.11195980860158991
CV-G,gfold_0,G+E+GxE legacy-grid,W511,ME2,0.6725992773001421,0.9059028833906733,-0.23330360609053113
CV-G,gfold_0,G+E+GxE legacy-grid,W511,ME3,1.2596706712988222,0.9845168499581064,0.27515382134071575
CV-G,gfold_0,G+E+GxE legacy-grid,W511,ME4,0.10407906871027871,0.7096572389672251,-0.6055781702569464
CV-G,gfold_0,G+E+GxE legacy-grid,W516,ME1,0.09105888416649463,0.06281446185482821,0.02824442231166642
CV-G,gfold_0,G+E+GxE legacy-grid,W516,ME2,1.1883233081540217,0.26708827595946605,0.9212350321945556
CV-G,gfold_0,G+E+GxE legacy-grid,W516,ME3,1.3063461882503116,-0.06875619003865395,1.3751023782889655
CV-G,gfold_0,G+E+GxE legacy-grid,W516,ME4,0.12649130290309799,-0.49170658921930555,0.6181978921224035
CV-G,gfold_0,G+E+GxE legacy-grid,W521,ME1,-1.3975976177752751,0.18688265190633072,-1.5844802696816058
CV-G,gfold_0,G+E+GxE legacy-grid,W521,ME2,0.9135067623717303,-0.06269411706811459,0.9762008794398449
CV-G,gfold_0,G+E+GxE legacy-grid,W521,ME3,1.3454367225339685,-0.14700614207004006,1.4924428646040087
CV-G,gfold_0,G+E+GxE legacy-grid,W521,ME4,1.7810632821375,-0.3452369375324814,2.1263002196699814
CV-G,gfold_0,G+E+GxE legacy-grid,W523,ME1,-0.8174214563778803,-0.6936949438858265,-0.1237265124920538
CV-G,gfold_0,G+E+GxE legacy-grid,W523,ME2,1.1078858013169515,0.20419889348654474,0.9036869078304067
CV-G,gfold_0,G+E+GxE legacy-grid,W523,ME3,0.7309517680966139,0.3510753266672056,0.3798764414294083
CV-G,gfold_0,G+E+GxE legacy-grid,W523,ME4,1.4315221091331063,0.3343833218750274,1.097138787258079
CV-G,gfold_0,G+E+GxE legacy-grid,W525,ME1,-1.101902337549322,-0.7374915915334427,-0.3644107460158793
CV-G,gfold_0,G+E+GxE legacy-grid,W525,ME2,0.20861219517899632,0.6886742735898037,-0.4800620784108074
CV-G,gfold_0,G+E+GxE legacy-grid,W525,ME3,1.2621455041737388,0.8462998195433782,0.41584568463036065
CV-G,gfold_0,G+E+GxE legacy-grid,W525,ME4,2.217932714802998,0.742715372877321,1.4752173419256769
CV-G,gfold_0,G+E+GxE legacy-grid,W526,ME1,-2.0641906189456543,-0.6294053451424886,-1.4347852738031657
CV-G,gfold_0,G+E+GxE legacy-grid,W526,ME2,0.386872089363083,0.3644711640366181,0.02240092532646487
CV-G,gfold_0,G+E+GxE legacy-grid,W526,ME3,0.6239595905315553,0.2880932466594227,0.33586634387213254
CV-G,gfold_0,G+E+GxE legacy-grid,W526,ME4,1.4695497469316623,0.5905509169870492,0.8789988299446131
CV-G,gfold_0,G+E+GxE legacy-grid,W529,ME1,-1.424562668806125,-0.6593896415344788,-0.7651730272716463
CV-G,gfold_0,G+E+GxE legacy-grid,W529,ME2,0.17636124829923971,0.33235577980480796,-0.15599453150556825
CV-G,gfold_0,G+E+GxE legacy-grid,W529,ME3,2.1109033753983715,0.25766734896091625,1.8532360264374552
CV-G,gfold_0,G+E+GxE legacy-grid,W529,ME4,1.5204158425058167,0.46228154979587205,1.0581342927099446
CV-G,gfold_0,G+E+GxE legacy-grid,W532,ME1,-0.4666314705573329,-0.0562930021956956,-0.4103384683616373
CV-G,gfold_0,G+E+GxE legacy-grid,W532,ME2,0.33179359825348265,0.27681980809577805,0.054973790157704594
CV-G,gfold_0,G+E+GxE legacy-grid,W532,ME3,1.0825891995492807,-0.12816653272504308,1.2107557322743236
CV-G,gfold_0,G+E+GxE legacy-grid,W532,ME4,0.9196279388414551,-0.26309205043405215,1.1827199892755074
CV-G,gfold_0,G+E+GxE legacy-grid,W540,ME1,-0.29142786354232486,-0.4311290065554609,0.13970114301313602
CV-G,gfold_0,G+E+GxE legacy-grid,W540,ME2,1.626052702166041,-0.1917667172155428,1.8178194193815838
CV-G,gfold_0,G+E+GxE legacy-grid,W540,ME3,1.0842278260944478,0.039867779229495276,1.0443600468649525
CV-G,gfold_0,G+E+GxE legacy-grid,W540,ME4,0.7549857312522991,0.017001264439739715,0.7379844668125594
CV-G,gfold_0,G+E+GxE legacy-grid,W543,ME1,-1.7024794209739837,-0.416642453708931,-1.2858369672650527
CV-G,gfold_0,G+E+GxE legacy-grid,W543,ME2,0.5776374527454426,-0.29045371685370486,0.8680911695991476
CV-G,gfold_0,G+E+GxE legacy-grid,W543,ME3,1.9071308733255052,-0.3635296032755634,2.2706604766010687
CV-G,gfold_0,G+E+GxE legacy-grid,W543,ME4,1.3292549822441466,-0.4362656861076365,1.7655206683517832
CV-G,gfold_0,G+E+GxE legacy-grid,W546,ME1,-0.5035730203839532,0.13182002295825973,-0.635393043342213
CV-G,gfold_0,G+E+GxE legacy-grid,W546,ME2,0.8839708186731784,0.5059451670785827,0.37802565159459567
CV-G,gfold_0,G+E+GxE legacy-grid,W546,ME3,1.8385028285859375,0.7286962255717738,1.1098066030141638
CV-G,gfold_0,G+E+GxE legacy-grid,W546,ME4,2.397820591000678,0.3581165062631987,2.039704084737479
CV-G,gfold_0,G+E+GxE legacy-grid,W547,ME1,-0.8805055050897409,-0.2641543223947219,-0.616351182695019
CV-G,gfold_0,G+E+GxE legacy-grid,W547,ME2,0.12980115877915252,-0.18346501287249675,0.3132661716516493
CV-G,gfold_0,G+E+GxE legacy-grid,W547,ME3,0.5126343438032495,-0.25702634697693394,0.7696606907801834
CV-G,gfold_0,G+E+GxE legacy-grid,W547,ME4,2.6836336105491125,-0.01686109875381202,2.7004947093029243
CV-G,gfold_0,G+E+GxE legacy-grid,W558,ME1,-1.503560251107318,-0.21808278413942944,-1.2854774669678886
CV-G,gfold_0,G+E+GxE legacy-grid,W558,ME2,0.9559595393869207,0.8036419192261248,0.15231762016079586
CV-G,gfold_0,G+E+GxE legacy-grid,W558,ME3,1.0457961210402897,0.919748159368056,0.12604796167223375
CV-G,gfold_0,G+E+GxE legacy-grid,W558,ME4,1.2545213125945234,0.5480602933487847,0.7064610192457387
CV-G,gfold_0,G+E+GxE legacy-grid,W562,ME1,-1.821179396442014,-0.7088695208015888,-1.1123098756404253
CV-G,gfold_0,G+E+GxE legacy-grid,W562,ME2,0.5050411788722706,0.511957017736411,-0.006915838864140378
CV-G,gfold_0,G+E+GxE legacy-grid,W562,ME3,-0.009715876847128569,0.5600280548580095,-0.5697439317051382
CV-G,gfold_0,G+E+GxE legacy-grid,W562,ME4,0.905436408310095,0.5492496474691401,0.3561867608409549
CV-G,gfold_0,G+E+GxE legacy-grid,W569,ME1,-1.7856386284871266,-0.9303860189284945,-0.8552526095586321
CV-G,gfold_0,G+E+GxE legacy-grid,W569,ME2,0.48209971842503346,0.23422228631007735,0.2478774321149561
CV-G,gfold_0,G+E+GxE legacy-grid,W569,ME3,0.4813568484591723,0.39322857781257814,0.08812827064659418
CV-G,gfold_0,G+E+GxE legacy-grid,W569,ME4,1.3628851335864787,0.9478037192404181,0.4150814143460606
CV-G,gfold_0,G+E+GxE legacy-grid,W581,ME1,-1.6029750435970784,-0.9965194351349164,-0.6064556084621621
CV-G,gfold_0,G+E+GxE legacy-grid,W581,ME2,0.726544934914554,0.22765829899822962,0.4988866359163243
CV-G,gfold_0,G+E+GxE legacy-grid,W581,ME3,0.3789426893862799,0.21185316055730002,0.16708952882897987
CV-G,gfold_0,G+E+GxE legacy-grid,W581,ME4,1.5685993926746529,0.5736108326648308,0.994988560009822
CV-G,gfold_0,G+E+GxE legacy-grid,W593,ME1,-1.148877394736258,-0.14211158599931545,-1.0067658087369427
CV-G,gfold_0,G+E+GxE legacy-grid,W593,ME2,0.5637649889384505,0.3083503456193725,0.255414643319078
CV-G,gfold_0,G+E+GxE legacy-grid,W593,ME3,2.365591551771563,0.45359835073227506,1.9119932010392877
CV-G,gfold_0,G+E+GxE legacy-grid,W593,ME4,1.2241007756960924,0.13381599144454548,1.0902847842515468
CV-G,gfold_0,G+E+GxE legacy-grid,W596,ME1,-1.0521257166189197,-0.5633115905535945,-0.48881412606532526
CV-G,gfold_0,G+E+GxE legacy-grid,W596,ME2,0.08278540438949077,0.3059900455566654,-0.22320464116717464
CV-G,gfold_0,G+E+GxE legacy-grid,W596,ME3,2.138354593294199,0.461185438419743,1.677169154874456
CV-G,gfold_0,G+E+GxE legacy-grid,W596,ME4,0.5543848285085714,0.3045849390825694,0.249799889426002
CV-G,gfold_0,G+E+GxE legacy-grid,W597,ME1,-1.2099742877696142,0.0633313167935524,-1.2733056045631665
CV-G,gfold_0,G+E+GxE legacy-grid,W597,ME2,0.45196255024579446,0.641634182552312,-0.1896716323065175
CV-G,gfold_0,G+E+GxE legacy-grid,W597,ME3,2.0225695794738936,0.6483084382900991,1.3742611411837946
CV-G,gfold_0,G+E+GxE legacy-grid,W597,ME4,1.8487169199255822,0.8032087520574656,1.0455081678681166
CV-G,gfold_0,G+E+GxE expanded-grid,W002,ME1,-0.25270276005343995,-0.9128253162856591,0.6601225562322192
CV-G,gfold_0,G+E+GxE expanded-grid,W002,ME2,0.40952243058809296,0.2776422235928539,0.13188020699523906
CV-G,gfold_0,G+E+GxE expanded-grid,W002,ME3,0.3093855265025463,-0.5793529125744121,0.8887384390769584
CV-G,gfold_0,G+E+GxE expanded-grid,W002,ME4,-1.7387588244246297,-0.3122625592540963,-1.4264962651705333
CV-G,gfold_0,G+E+GxE expanded-grid,W003,ME1,0.3418151273679119,-0.8616808590340272,1.2034959864019392
CV-G,gfold_0,G+E+GxE expanded-grid,W003,ME2,-0.648626326740878,0.3065233466197967,-0.9551496733606746
CV-G,gfold_0,G+E+GxE expanded-grid,W003,ME3,-0.799559211203025,-0.5897237730974269,-0.20983543810559813
CV-G,gfold_0,G+E+GxE expanded-grid,W003,ME4,-1.0535690742686032,-0.29578737101944974,-0.7577817032491535
CV-G,gfold_0,G+E+GxE expanded-grid,W008,ME1,0.647218151728196,0.21146536722843942,0.4357527844997565
CV-G,gfold_0,G+E+GxE expanded-grid,W008,ME2,-0.4240405041502334,0.14624259394807312,-0.5702830980983066
CV-G,gfold_0,G+E+GxE expanded-grid,W008,ME3,-0.7080833066455468,-0.20345850721120182,-0.5046247994343449
CV-G,gfold_0,G+E+GxE expanded-grid,W008,ME4,0.9643265399939988,-0.23210674189717884,1.1964332818911776
CV-G,gfold_0,G+E+GxE expanded-grid,W011,ME1,1.6857676043274525,0.9224518259544422,0.7633157783730103
CV-G,gfold_0,G+E+GxE expanded-grid,W011,ME2,-0.26919672131918876,-1.292236983015133,1.0230402616959442
CV-G,gfold_0,G+E+GxE expanded-grid,W011,ME3,-0.21264372606166304,-0.7712748675280953,0.5586311414664322
CV-G,gfold_0,G+E+GxE expanded-grid,W011,ME4,0.347223096239814,-0.7785799251454902,1.1258030213853043
CV-G,gfold_0,G+E+GxE expanded-grid,W012,ME1,0.8910193500548484,0.3597449028185012,0.5312744472363473
CV-G,gfold_0,G+E+GxE expanded-grid,W012,ME2,-0.18989837665605017,-0.4102524572184669,0.22035408056241676
CV-G,gfold_0,G+E+GxE expanded-grid,W012,ME3,-0.38194594498595685,-0.22341457346182494,-0.1585313715241319
CV-G,gfold_0,G+E+GxE expanded-grid,W012,ME4,0.6924061162983242,-0.1862646712860985,0.8786707875844226
CV-G,gfold_0,G+E+GxE expanded-grid,W016,ME1,1.0013634987763806,-0.02726675011067938,1.02863024888706
CV-G,gfold_0,G+E+GxE expanded-grid,W016,ME2,0.1429331671730866,0.04333324241358501,0.09959992475950159
CV-G,gfold_0,G+E+GxE expanded-grid,W016,ME3,-0.15849303131392628,0.2932527340374559,-0.45174576535138217
CV-G,gfold_0,G+E+GxE expanded-grid,W016,ME4,-0.6343525210445544,-0.1421859790600053,-0.4921665419845491
CV-G,gfold_0,G+E+GxE expanded-grid,W026,ME1,-0.4852406948416862,0.07378095948659677,-0.559021654328283
CV-G,gfold_0,G+E+GxE expanded-grid,W026,ME2,-0.2743862378893214,-0.15611720458366327,-0.11826903330565816
CV-G,gfold_0,G+E+GxE expanded-grid,W026,ME3,0.3088365021446311,0.26377207686892035,0.04506442527571075
CV-G,gfold_0,G+E+GxE expanded-grid,W026,ME4,-0.2668516672180447,0.30775301079533707,-0.5746046780133818
CV-G,gfold_0,G+E+GxE expanded-grid,W028,ME1,2.593962902049092,0.23445091680557387,2.3595119852435182
CV-G,gfold_0,G+E+GxE expanded-grid,W028,ME2,0.06926734659216646,-0.696146037415336,0.7654133840075025
CV-G,gfold_0,G+E+GxE expanded-grid,W028,ME3,-0.9879167986113145,-0.43247733277335604,-0.5554394658379584
CV-G,gfold_0,G+E+GxE expanded-grid,W028,ME4,0.38525073403836974,-0.2762439076941406,0.6614946417325103
CV-G,gfold_0,G+E+GxE expanded-grid,W029,ME1,0.9675492759192114,-0.13268403296667616,1.1002333088858876
CV-G,gfold_0,G+E+GxE expanded-grid,W029,ME2,1.3109161441053094,0.21798228836220154,1.0929338557431079
CV-G,gfold_0,G+E+GxE expanded-grid,W029,ME3,0.8031273548411803,0.29414833143075275,0.5089790234104274
CV-G,gfold_0,G+E+GxE expanded-grid,W029,ME4,-0.6872482257523514,-0.506070613512294,-0.18117761224005746
CV-G,gfold_0,G+E+GxE expanded-grid,W049,ME1,0.6860409841848755,0.039457610719646576,0.6465833734652289
CV-G,gfold_0,G+E+GxE expanded-grid,W049,ME2,-0.40966807472246114,-0.19661901796044634,-0.2130490567620148
CV-G,gfold_0,G+E+GxE expanded-grid,W049,ME3,-0.6977194160737998,-0.3747462720434038,-0.322973144030396
CV-G,gfold_0,G+E+GxE expanded-grid,W049,ME4,0.07844935337149163,-0.34501709723652985,0.42346645060802146
CV-G,gfold_0,G+E+GxE expanded-grid,W054,ME1,0.30923880476948085,0.5386329944691572,-0.2293941896996764
CV-G,gfold_0,G+E+GxE expanded-grid,W054,ME2,-0.9063491112354478,0.3588328464308233,-1.265181957666271
CV-G,gfold_0,G+E+GxE expanded-grid,W054,ME3,-0.5979659135046567,-0.24998682994705507,-0.3479790835576016
CV-G,gfold_0,G+E+GxE expanded-grid,W054,ME4,0.18436663002017992,-0.15692769708158383,0.3412943271017638
CV-G,gfold_0,G+E+GxE expanded-grid,W055,ME1,-0.3655227092924547,0.2549995212205048,-0.6205222305129594
CV-G,gfold_0,G+E+GxE expanded-grid,W055,ME2,0.10591672519904828,-0.5715127753673263,0.6774295005663745
CV-G,gfold_0,G+E+GxE expanded-grid,W055,ME3,1.6860092015424728,-0.32393788617245456,2.0099470877149272
CV-G,gfold_0,G+E+GxE expanded-grid,W055,ME4,-1.011088883099343,-0.34916161740034063,-0.6619272656990023
CV-G,gfold_0,G+E+GxE expanded-grid,W065,ME1,0.8241971683248178,-0.50203567624051,1.326232844565328
CV-G,gfold_0,G+E+GxE expanded-grid,W065,ME2,-0.28141107129523324,0.4195323182647632,-0.7009433895599965
CV-G,gfold_0,G+E+GxE expanded-grid,W065,ME3,-0.42371402883053055,0.09848952465581155,-0.5222035534863421
CV-G,gfold_0,G+E+GxE expanded-grid,W065,ME4,-1.294203623838324,-1.0130576237801696,-0.2811460000581545
CV-G,gfold_0,G+E+GxE expanded-grid,W074,ME1,0.8733304068839006,0.15194492546295676,0.7213854814209438
CV-G,gfold_0,G+E+GxE expanded-grid,W074,ME2,-0.674903000886236,-0.026741831650645604,-0.6481611692355904
CV-G,gfold_0,G+E+GxE expanded-grid,W074,ME3,0.35809665684261816,-0.18704767217825824,0.5451443290208764
CV-G,gfold_0,G+E+GxE expanded-grid,W074,ME4,-0.059745001863765974,0.2044058412367108,-0.26415084310047676
CV-G,gfold_0,G+E+GxE expanded-grid,W075,ME1,-0.9345740565224844,0.2551204048041634,-1.1896944613266478
CV-G,gfold_0,G+E+GxE expanded-grid,W075,ME2,-0.4629492210687465,-0.37882412614105604,-0.08412509492769044
CV-G,gfold_0,G+E+GxE expanded-grid,W075,ME3,-0.20287953901933256,-0.3616245535225405,0.15874501450320797
CV-G,gfold_0,G+E+GxE expanded-grid,W075,ME4,-0.8562092527770483,-0.46977472032121625,-0.38643453245583204
CV-G,gfold_0,G+E+GxE expanded-grid,W078,ME1,1.0472716813982195,0.09487684986419394,0.9523948315340255
CV-G,gfold_0,G+E+GxE expanded-grid,W078,ME2,-0.6132110404890881,-0.38943140297317064,-0.2237796375159175
CV-G,gfold_0,G+E+GxE expanded-grid,W078,ME3,-0.6509003081363932,-0.4201953053715585,-0.2307050027648347
CV-G,gfold_0,G+E+GxE expanded-grid,W078,ME4,-0.7263142682239334,-0.2873970490162261,-0.4389172192077073
CV-G,gfold_0,G+E+GxE expanded-grid,W084,ME1,0.9381410006934777,-0.1874125754986463,1.125553576192124
CV-G,gfold_0,G+E+GxE expanded-grid,W084,ME2,-0.60131945312899,-0.21357138361085495,-0.3877480695181351
CV-G,gfold_0,G+E+GxE expanded-grid,W084,ME3,0.6211468965133073,-0.676671793110998,1.2978186896243054
CV-G,gfold_0,G+E+GxE expanded-grid,W084,ME4,0.024696178138241338,-0.0502497229806535,0.07494590111889483
CV-G,gfold_0,G+E+GxE expanded-grid,W093,ME1,-0.05990793883528156,0.02806024466952859,-0.08796818350481014
CV-G,gfold_0,G+E+GxE expanded-grid,W093,ME2,-2.278786383673444,-0.3885405922535454,-1.8902457914198985
CV-G,gfold_0,G+E+GxE expanded-grid,W093,ME3,-1.5833970637361743,-0.3381926641165746,-1.2452043996195996
CV-G,gfold_0,G+E+GxE expanded-grid,W093,ME4,-1.1028696961311497,-0.6876052855591859,-0.41526441057196384
CV-G,gfold_0,G+E+GxE expanded-grid,W100,ME1,0.14921576408534248,0.6771452774575479,-0.5279295133722055
CV-G,gfold_0,G+E+GxE expanded-grid,W100,ME2,-0.7213301881526994,-0.028537615004718766,-0.6927925731479807
CV-G,gfold_0,G+E+GxE expanded-grid,W100,ME3,-0.3449248102052157,-0.016863914225376374,-0.32806089597983934
CV-G,gfold_0,G+E+GxE expanded-grid,W100,ME4,-0.6463571084009043,0.0881831294518765,-0.7345402378527808
CV-G,gfold_0,G+E+GxE expanded-grid,W103,ME1,1.7113807379704693,0.23178827090452747,1.4795924670659417
CV-G,gfold_0,G+E+GxE expanded-grid,W103,ME2,-0.07260897349228923,0.17669203029284133,-0.24930100378513056
CV-G,gfold_0,G+E+GxE expanded-grid,W103,ME3,-0.5613671051530811,0.46027575350297534,-1.0216428586560564
CV-G,gfold_0,G+E+GxE expanded-grid,W103,ME4,-0.11737646121672823,0.04989840957435164,-0.1672748707910799
CV-G,gfold_0,G+E+GxE expanded-grid,W107,ME1,0.10373921773793388,0.2203826542372091,-0.11664343649927522
CV-G,gfold_0,G+E+GxE expanded-grid,W107,ME2,-0.9048998438030572,-0.16690681095824073,-0.7379930328448165
CV-G,gfold_0,G+E+GxE expanded-grid,W107,ME3,-0.14108473590368073,-0.12404963665922618,-0.017035099244454552
CV-G,gfold_0,G+E+GxE expanded-grid,W107,ME4,-1.0358689946147441,-0.14815333866191177,-0.8877156559528323
CV-G,gfold_0,G+E+GxE expanded-grid,W113,ME1,-1.0811349318928232,-0.8617425806857962,-0.21939235120702694
CV-G,gfold_0,G+E+GxE expanded-grid,W113,ME2,-0.6417280669098465,-0.6549001598726352,0.01317209296278865
CV-G,gfold_0,G+E+GxE expanded-grid,W113,ME3,-1.5484030958154327,-0.35542888782919335,-1.1929742079862393
CV-G,gfold_0,G+E+GxE expanded-grid,W113,ME4,-0.6702010823701685,-0.5657974498981794,-0.10440363247198914
CV-G,gfold_0,G+E+GxE expanded-grid,W114,ME1,-0.5719507215180579,0.3315978716526347,-0.9035485931706926
CV-G,gfold_0,G+E+GxE expanded-grid,W114,ME2,0.2898597728953063,-0.32535621139543497,0.6152159842907412
CV-G,gfold_0,G+E+GxE expanded-grid,W114,ME3,0.4801996740432562,-0.08744772026345207,0.5676473943067083
CV-G,gfold_0,G+E+GxE expanded-grid,W114,ME4,-2.1425881084029244,-0.2357124264820066,-1.9068756819209178
CV-G,gfold_0,G+E+GxE expanded-grid,W117,ME1,-0.115605306397947,0.31275259606017664,-0.42835790245812366
CV-G,gfold_0,G+E+GxE expanded-grid,W117,ME2,-0.4435897927906507,-0.4709432146431939,0.02735342185254319
CV-G,gfold_0,G+E+GxE expanded-grid,W117,ME3,-0.03044365799062294,-0.5861521248843453,0.5557084668937223
CV-G,gfold_0,G+E+GxE expanded-grid,W117,ME4,-0.0933122195895492,-0.5865348895201709,0.49322266993062164
CV-G,gfold_0,G+E+GxE expanded-grid,W118,ME1,-0.4703614594948537,0.4421861018016067,-0.9125475612964604
CV-G,gfold_0,G+E+GxE expanded-grid,W118,ME2,-0.31294054879816674,-0.18109411981466472,-0.13184642898350202
CV-G,gfold_0,G+E+GxE expanded-grid,W118,ME3,0.6334365956020543,-0.4650538360566884,1.0984904316587427
CV-G,gfold_0,G+E+GxE expanded-grid,W118,ME4,-0.43080160502518294,-0.2571435349215892,-0.17365807010359374
CV-G,gfold_0,G+E+GxE expanded-grid,W119,ME1,-1.0630387846893945,0.17766366170474063,-1.2407024463941352
CV-G,gfold_0,G+E+GxE expanded-grid,W119,ME2,-0.15133140838971607,0.03370762653486051,-0.18503903492457657
CV-G,gfold_0,G+E+GxE expanded-grid,W119,ME3,0.6173797447651402,-0.2659774105087985,0.8833571552739388
CV-G,gfold_0,G+E+GxE expanded-grid,W119,ME4,-1.2844567799755995,-0.4585544294939123,-0.8259023504816871
CV-G,gfold_0,G+E+GxE expanded-grid,W131,ME1,-0.5614774338026641,-0.608612067667013,0.04713463386434891
CV-G,gfold_0,G+E+GxE expanded-grid,W131,ME2,-2.630028053969067,-2.046007836610239,-0.5840202173588276
CV-G,gfold_0,G+E+GxE expanded-grid,W131,ME3,-0.939045184228159,-1.6967435841256389,0.7576983998974799
CV-G,gfold_0,G+E+GxE expanded-grid,W131,ME4,-1.2969176360519157,-1.1826893654594905,-0.11422827059242513
CV-G,gfold_0,G+E+GxE expanded-grid,W141,ME1,0.988813470495336,0.4465327920598256,0.5422806784355103
CV-G,gfold_0,G+E+GxE expanded-grid,W141,ME2,0.07536186422270219,0.46589305185444413,-0.39053118763174194
CV-G,gfold_0,G+E+GxE expanded-grid,W141,ME3,-0.33491567383396814,0.3728169901654821,-0.7077326639994502
CV-G,gfold_0,G+E+GxE expanded-grid,W141,ME4,-0.08806512930993898,0.5116040290060969,-0.5996691583160358
CV-G,gfold_0,G+E+GxE expanded-grid,W144,ME1,-0.8535404540588897,-0.01422784103392357,-0.8393126130249661
CV-G,gfold_0,G+E+GxE expanded-grid,W144,ME2,-2.186229457041489,-0.7155595584957151,-1.470669898545774
CV-G,gfold_0,G+E+GxE expanded-grid,W144,ME3,-2.1605821479495377,-0.7349433619171213,-1.4256387860324164
CV-G,gfold_0,G+E+GxE expanded-grid,W144,ME4,-1.4804713954134605,0.11154667278330217,-1.5920180681967626
CV-G,gfold_0,G+E+GxE expanded-grid,W148,ME1,0.6380560609973885,0.18389043728219515,0.4541656237151934
CV-G,gfold_0,G+E+GxE expanded-grid,W148,ME2,-0.7849903676392523,0.23306523872456356,-1.018055606363816
CV-G,gfold_0,G+E+GxE expanded-grid,W148,ME3,-0.11007752947427116,0.112714727507044,-0.22279225698131516
CV-G,gfold_0,G+E+GxE expanded-grid,W148,ME4,-0.4568403888715257,0.3025418716088355,-0.7593822604803613
CV-G,gfold_0,G+E+GxE expanded-grid,W156,ME1,1.400545611816896,0.47970148001190815,0.9208441318049878
CV-G,gfold_0,G+E+GxE expanded-grid,W156,ME2,-1.1285490219395795,-0.0771851361292905,-1.051363885810289
CV-G,gfold_0,G+E+GxE expanded-grid,W156,ME3,-0.19333496172016787,-0.12058405691877239,-0.07275090480139548
CV-G,gfold_0,G+E+GxE expanded-grid,W156,ME4,0.3000307505315928,-0.07847068225907446,0.3785014327906672
CV-G,gfold_0,G+E+GxE expanded-grid,W169,ME1,0.9551865614931063,-0.08850565711999085,1.0436922186130972
CV-G,gfold_0,G+E+GxE expanded-grid,W169,ME2,2.111734495021843,0.5754168061861825,1.5363176888356604
CV-G,gfold_0,G+E+GxE expanded-grid,W169,ME3,0.34394872146553956,0.5594282820554848,-0.21547956058994522
CV-G,gfold_0,G+E+GxE expanded-grid,W169,ME4,1.514122480851111,0.3984246376118185,1.1156978432392923
CV-G,gfold_0,G+E+GxE expanded-grid,W179,ME1,-0.7676041150442303,-0.31745492828556504,-0.4501491867586653
CV-G,gfold_0,G+E+GxE expanded-grid,W179,ME2,-2.774005495396551,-1.693274899009515,-1.0807305963870362
CV-G,gfold_0,G+E+GxE expanded-grid,W179,ME3,-2.2603272039900983,-1.2291075229225663,-1.031219681067532
CV-G,gfold_0,G+E+GxE expanded-grid,W179,ME4,-1.6968057022939513,-0.7670448846180582,-0.9297608176758931
CV-G,gfold_0,G+E+GxE expanded-grid,W181,ME1,0.8223158856947588,0.11868435409783352,0.7036315315969253
CV-G,gfold_0,G+E+GxE expanded-grid,W181,ME2,-0.6538981161346836,-0.3619299759829841,-0.29196814015169953
CV-G,gfold_0,G+E+GxE expanded-grid,W181,ME3,0.061268749367188714,0.1391312979494938,-0.0778625485823051
CV-G,gfold_0,G+E+GxE expanded-grid,W181,ME4,1.1548737974943348,0.05281781770800398,1.1020559797863307
CV-G,gfold_0,G+E+GxE expanded-grid,W189,ME1,0.7823610260277849,0.5036417223760518,0.27871930365173314
CV-G,gfold_0,G+E+GxE expanded-grid,W189,ME2,-0.41888895965256373,0.49236955414209616,-0.9112585137946598
CV-G,gfold_0,G+E+GxE expanded-grid,W189,ME3,-1.211749806069595,0.38151582366533465,-1.5932656297349297
CV-G,gfold_0,G+E+GxE expanded-grid,W189,ME4,-0.6046478540343456,0.32883245993779453,-0.9334803139721402
CV-G,gfold_0,G+E+GxE expanded-grid,W190,ME1,0.9656517051278523,-0.5545605818840672,1.5202122870119195
CV-G,gfold_0,G+E+GxE expanded-grid,W190,ME2,0.6671123128290374,0.40072483615734394,0.26638747667169344
CV-G,gfold_0,G+E+GxE expanded-grid,W190,ME3,-1.5580574779861802,0.8150718251936369,-2.373129303179817
CV-G,gfold_0,G+E+GxE expanded-grid,W190,ME4,-1.1068030471653405,0.6982579271992989,-1.8050609743646393
CV-G,gfold_0,G+E+GxE expanded-grid,W193,ME1,-0.1570098124205512,0.3702438931049798,-0.527253705525531
CV-G,gfold_0,G+E+GxE expanded-grid,W193,ME2,-0.9160826191438199,-0.34510092439757684,-0.5709816947462432
CV-G,gfold_0,G+E+GxE expanded-grid,W193,ME3,-1.2061159715045133,-0.8971388014974273,-0.308977170007086
CV-G,gfold_0,G+E+GxE expanded-grid,W193,ME4,-0.3781812348897793,-1.0464659657911437,0.6682847309013644
CV-G,gfold_0,G+E+GxE expanded-grid,W196,ME1,-0.347442850250326,-0.31268752073420075,-0.034755329516125255
CV-G,gfold_0,G+E+GxE expanded-grid,W196,ME2,-1.0922603780211093,0.36810171394744096,-1.4603620919685503
CV-G,gfold_0,G+E+GxE expanded-grid,W196,ME3,-1.6978982052118141,0.057511594448364275,-1.7554097996601783
CV-G,gfold_0,G+E+GxE expanded-grid,W196,ME4,-1.7898923878691095,0.3002745217820128,-2.0901669096511224
CV-G,gfold_0,G+E+GxE expanded-grid,W197,ME1,-0.4289650975528974,0.10289008651193289,-0.5318551840648303
CV-G,gfold_0,G+E+GxE expanded-grid,W197,ME2,-1.6776062037384512,0.3832772002663463,-2.0608834040047976
CV-G,gfold_0,G+E+GxE expanded-grid,W197,ME3,-3.350596666997925,0.33441339432365175,-3.6850100613215764
CV-G,gfold_0,G+E+GxE expanded-grid,W197,ME4,-1.0241948087452666,-0.055679809804569824,-0.9685149989406967
CV-G,gfold_0,G+E+GxE expanded-grid,W216,ME1,0.5169128613344747,0.27584248738120876,0.24107037395326592
CV-G,gfold_0,G+E+GxE expanded-grid,W216,ME2,-0.9291956415015236,0.036047277305152316,-0.9652429188066759
CV-G,gfold_0,G+E+GxE expanded-grid,W216,ME3,-0.9682110474264022,-0.052374722120163725,-0.9158363253062385
CV-G,gfold_0,G+E+GxE expanded-grid,W216,ME4,-0.17364698111186105,-0.42298800907666095,0.2493410279647999
CV-G,gfold_0,G+E+GxE expanded-grid,W217,ME1,-0.5394314074841748,-0.37259040468073173,-0.1668410028034431
CV-G,gfold_0,G+E+GxE expanded-grid,W217,ME2,0.9225251295820237,0.842342523512049,0.08018260606997474
CV-G,gfold_0,G+E+GxE expanded-grid,W217,ME3,0.5479323867529903,0.12116304463065522,0.4267693421223351
CV-G,gfold_0,G+E+GxE expanded-grid,W217,ME4,0.5948354105441891,0.24016945558830077,0.3546659549558883
CV-G,gfold_0,G+E+GxE expanded-grid,W222,ME1,1.0764112019625147,0.4251917538707736,0.651219448091741
CV-G,gfold_0,G+E+GxE expanded-grid,W222,ME2,0.7959705407369501,0.003938653491045916,0.7920318872459041
CV-G,gfold_0,G+E+GxE expanded-grid,W222,ME3,0.8728112156536648,0.06465337054424226,0.8081578451094226
CV-G,gfold_0,G+E+GxE expanded-grid,W222,ME4,0.9624699983058604,0.17256170268717952,0.7899082956186809
CV-G,gfold_0,G+E+GxE expanded-grid,W226,ME1,0.2524094099965209,0.03708371649230813,0.21532569350421277
CV-G,gfold_0,G+E+GxE expanded-grid,W226,ME2,0.38522030421088155,0.4446942989436672,-0.05947399473278564
CV-G,gfold_0,G+E+GxE expanded-grid,W226,ME3,-0.13662496881168182,0.36995405148077426,-0.506579020292456
CV-G,gfold_0,G+E+GxE expanded-grid,W226,ME4,-0.2595907012089289,0.03278771073890177,-0.29237841194783065
CV-G,gfold_0,G+E+GxE expanded-grid,W229,ME1,0.47540248226342524,-0.49620949017124627,0.9716119724346715
CV-G,gfold_0,G+E+GxE expanded-grid,W229,ME2,-0.3425777513566244,0.7844110205855047,-1.1269887719421292
CV-G,gfold_0,G+E+GxE expanded-grid,W229,ME3,0.25118894456339397,0.4462672659323201,-0.1950783213689261
CV-G,gfold_0,G+E+GxE expanded-grid,W229,ME4,0.7357123111847647,1.372540757526674,-0.6368284463419093
CV-G,gfold_0,G+E+GxE expanded-grid,W230,ME1,-1.436640340409493,0.5904710076131368,-2.02711134802263
CV-G,gfold_0,G+E+GxE expanded-grid,W230,ME2,-0.10725848961604569,0.3503982437569584,-0.45765673337300405
CV-G,gfold_0,G+E+GxE expanded-grid,W230,ME3,0.20916746486132018,0.1816866935663367,0.02748077129498347
CV-G,gfold_0,G+E+GxE expanded-grid,W230,ME4,0.6247918120205858,0.2957095799395584,0.3290822320810274
CV-G,gfold_0,G+E+GxE expanded-grid,W231,ME1,2.526904541980223,0.3509782454551933,2.17592629652503
CV-G,gfold_0,G+E+GxE expanded-grid,W231,ME2,-0.48935246878898664,-0.5619596528990238,0.07260718411003719
CV-G,gfold_0,G+E+GxE expanded-grid,W231,ME3,-1.4003945754497167,-0.07171203493732248,-1.328682540512394
CV-G,gfold_0,G+E+GxE expanded-grid,W231,ME4,0.5373376851263885,-0.2724808908296595,0.8098185759560479
CV-G,gfold_0,G+E+GxE expanded-grid,W233,ME1,0.7591259639344545,0.326916967958661,0.43220899597579354
CV-G,gfold_0,G+E+GxE expanded-grid,W233,ME2,-0.25534957222717314,0.30354460338015055,-0.5588941756073237
CV-G,gfold_0,G+E+GxE expanded-grid,W233,ME3,0.23183794757898152,0.4072225910665795,-0.17538464348759797
CV-G,gfold_0,G+E+GxE expanded-grid,W233,ME4,-0.10681148033889222,0.2835431596045103,-0.3903546399434025
CV-G,gfold_0,G+E+GxE expanded-grid,W234,ME1,0.8939023546048088,0.13615212020723558,0.7577502343975733
CV-G,gfold_0,G+E+GxE expanded-grid,W234,ME2,-0.40533925846152025,0.021453438733204752,-0.426792697194725
CV-G,gfold_0,G+E+GxE expanded-grid,W234,ME3,0.7934560796132658,0.6113141086754209,0.1821419709378449
CV-G,gfold_0,G+E+GxE expanded-grid,W234,ME4,0.18930691891912374,0.08136175902591831,0.10794515989320543
CV-G,gfold_0,G+E+GxE expanded-grid,W235,ME1,-0.4590330433112487,-0.4735197400425564,0.014486696731307702
CV-G,gfold_0,G+E+GxE expanded-grid,W235,ME2,1.292917381757189,0.905101190914985,0.3878161908422041
CV-G,gfold_0,G+E+GxE expanded-grid,W235,ME3,0.5675283330663183,0.2599664002647317,0.3075619328015866
CV-G,gfold_0,G+E+GxE expanded-grid,W235,ME4,0.462714149305722,0.3618365783733763,0.10087757093234573
CV-G,gfold_0,G+E+GxE expanded-grid,W239,ME1,1.8362539265709015,0.4619612994749657,1.3742926270959357
CV-G,gfold_0,G+E+GxE expanded-grid,W239,ME2,2.1549783568800405,0.09687949382207621,2.0580988630579644
CV-G,gfold_0,G+E+GxE expanded-grid,W239,ME3,-0.06302191873653193,0.0800006583050436,-0.14302257704157553
CV-G,gfold_0,G+E+GxE expanded-grid,W239,ME4,1.5566026720203727,0.2781161356716796,1.278486536348693
CV-G,gfold_0,G+E+GxE expanded-grid,W251,ME1,-1.0649282114001044,-0.06790831417351618,-0.9970198972265882
CV-G,gfold_0,G+E+GxE expanded-grid,W251,ME2,-0.4595760352981592,-0.6793590898786785,0.21978305458051933
CV-G,gfold_0,G+E+GxE expanded-grid,W251,ME3,-0.699594545419299,-0.8896639733992872,0.19006942797998816
CV-G,gfold_0,G+E+GxE expanded-grid,W251,ME4,0.4479247494171651,-0.15223770672089648,0.6001624561380616
CV-G,gfold_0,G+E+GxE expanded-grid,W252,ME1,-0.15461545270956753,-0.06030644263166349,-0.09430901007790404
CV-G,gfold_0,G+E+GxE expanded-grid,W252,ME2,0.5145595117033442,-0.26142154943622525,0.7759810611395694
CV-G,gfold_0,G+E+GxE expanded-grid,W252,ME3,0.3252818932963758,0.3541330837433436,-0.028851190446967823
CV-G,gfold_0,G+E+GxE expanded-grid,W252,ME4,0.7817718517951378,0.059235844858873565,0.7225360069362642
CV-G,gfold_0,G+E+GxE expanded-grid,W256,ME1,0.137292830014317,0.10440712992203745,0.03288570009227955
CV-G,gfold_0,G+E+GxE expanded-grid,W256,ME2,-0.5999841019139922,0.3669381132238302,-0.9669222151378224
CV-G,gfold_0,G+E+GxE expanded-grid,W256,ME3,0.2579461674300598,0.3423703272878147,-0.08442415985775487
CV-G,gfold_0,G+E+GxE expanded-grid,W256,ME4,-0.012017720414895539,0.16389016975609078,-0.17590789017098632
CV-G,gfold_0,G+E+GxE expanded-grid,W274,ME1,1.1955509577856243,-0.3225214686895213,1.5180724264751455
CV-G,gfold_0,G+E+GxE expanded-grid,W274,ME2,-1.1044177698884592,-0.23048284121179088,-0.8739349286766683
CV-G,gfold_0,G+E+GxE expanded-grid,W274,ME3,-1.5616810387484295,-0.2747776982810672,-1.2869033404673622
CV-G,gfold_0,G+E+GxE expanded-grid,W274,ME4,-0.6838340770546731,-0.21766546288330108,-0.46616861417137206
CV-G,gfold_0,G+E+GxE expanded-grid,W275,ME1,0.24001411924781724,0.43076545254811427,-0.19075133330029703
CV-G,gfold_0,G+E+GxE expanded-grid,W275,ME2,-1.7310392383745936,-0.2708020717212636,-1.46023716665333
CV-G,gfold_0,G+E+GxE expanded-grid,W275,ME3,-0.6204928052364007,-0.3660900465688844,-0.2544027586675163
CV-G,gfold_0,G+E+GxE expanded-grid,W275,ME4,-0.4879531955519739,-0.3281739120740357,-0.15977928347793824
CV-G,gfold_0,G+E+GxE expanded-grid,W279,ME1,-0.9041722034575,-0.12598426988498837,-0.7781879335725117
CV-G,gfold_0,G+E+GxE expanded-grid,W279,ME2,-0.8868567807037266,-0.7882894235266923,-0.09856735717703435
CV-G,gfold_0,G+E+GxE expanded-grid,W279,ME3,-0.2876995790531457,-0.9437073749669386,0.6560077959137929
CV-G,gfold_0,G+E+GxE expanded-grid,W279,ME4,1.2954281633501068,-0.44971752211629246,1.7451456854663991
CV-G,gfold_0,G+E+GxE expanded-grid,W282,ME1,0.9392404515811735,0.45047404583116263,0.4887664057500109
CV-G,gfold_0,G+E+GxE expanded-grid,W282,ME2,-0.7804716910159893,-0.42362108683422617,-0.3568506041817632
CV-G,gfold_0,G+E+GxE expanded-grid,W282,ME3,-0.7978699054863589,-0.8483532052104885,0.05048329972412957
CV-G,gfold_0,G+E+GxE expanded-grid,W282,ME4,-0.8930883520736206,-0.9926010049864491,0.09951265291282851
CV-G,gfold_0,G+E+GxE expanded-grid,W301,ME1,0.4116750511802455,0.09400826197251146,0.31766678920773406
CV-G,gfold_0,G+E+GxE expanded-grid,W301,ME2,-0.668998343618024,0.002806565677133329,-0.6718049092951573
CV-G,gfold_0,G+E+GxE expanded-grid,W301,ME3,-0.626523626644899,-0.02070465953680939,-0.6058189671080896
CV-G,gfold_0,G+E+GxE expanded-grid,W301,ME4,0.6900854391881516,-0.03672694107708858,0.7268123802652402
CV-G,gfold_0,G+E+GxE expanded-grid,W311,ME1,1.6245078296811046,0.5272104341952524,1.0972973954858523
CV-G,gfold_0,G+E+GxE expanded-grid,W311,ME2,0.5911808252577422,-0.22761516930044726,0.8187959945581894
CV-G,gfold_0,G+E+GxE expanded-grid,W311,ME3,-0.8288348792728519,-0.6516422910195334,-0.17719258825331852
CV-G,gfold_0,G+E+GxE expanded-grid,W311,ME4,-0.1378849535089993,-1.0494339655236649,0.9115490120146655
CV-G,gfold_0,G+E+GxE expanded-grid,W312,ME1,0.9392485956618243,0.8412191575818838,0.09802943807994047
CV-G,gfold_0,G+E+GxE expanded-grid,W312,ME2,-0.9741292605843869,-0.37371567744843326,-0.6004135831359536
CV-G,gfold_0,G+E+GxE expanded-grid,W312,ME3,-0.44522733713227575,-0.9891911932042408,0.5439638560719651
CV-G,gfold_0,G+E+GxE expanded-grid,W312,ME4,-0.629553832782841,-1.2991383090133883,0.6695844762305473
CV-G,gfold_0,G+E+GxE expanded-grid,W314,ME1,-0.062400027514061165,0.2601674130006348,-0.32256744051469594
CV-G,gfold_0,G+E+GxE expanded-grid,W314,ME2,-0.4162878726887524,-0.47783721573982335,0.06154934305107096
CV-G,gfold_0,G+E+GxE expanded-grid,W314,ME3,-0.8449255162240982,-0.7276895929884236,-0.11723592323567456
CV-G,gfold_0,G+E+GxE expanded-grid,W314,ME4,0.4009841381751324,-0.14242427993023354,0.543408418105366
CV-G,gfold_0,G+E+GxE expanded-grid,W315,ME1,-0.15158585470791247,0.40348200877085094,-0.5550678634787634
CV-G,gfold_0,G+E+GxE expanded-grid,W315,ME2,0.7574795166155454,-0.18043495796237144,0.9379144745779168
CV-G,gfold_0,G+E+GxE expanded-grid,W315,ME3,0.47755591059667307,-0.6774415834507405,1.1549974940474135
CV-G,gfold_0,G+E+GxE expanded-grid,W315,ME4,-0.33193289342976523,-0.518956996204767,0.18702410277500175
CV-G,gfold_0,G+E+GxE expanded-grid,W316,ME1,-0.25829774345972123,0.32490577589881553,-0.5832035193585368
CV-G,gfold_0,G+E+GxE expanded-grid,W316,ME2,-0.611723800984233,-0.16492143358540415,-0.44680236739882884
CV-G,gfold_0,G+E+GxE expanded-grid,W316,ME3,-1.199924666052931,-0.3598107014045177,-0.8401139646484133
CV-G,gfold_0,G+E+GxE expanded-grid,W316,ME4,-0.3266858031501543,-0.38928476080169133,0.06259895765153706
CV-G,gfold_0,G+E+GxE expanded-grid,W321,ME1,-1.0426785830653766,0.3172841761605107,-1.3599627592258874
CV-G,gfold_0,G+E+GxE expanded-grid,W321,ME2,-0.1855126022864137,0.2445916672383746,-0.4301042695247883
CV-G,gfold_0,G+E+GxE expanded-grid,W321,ME3,0.0811011984808501,-0.06073043982414457,0.14183163830499468
CV-G,gfold_0,G+E+GxE expanded-grid,W321,ME4,-2.2422277568010442,-0.10674998472334166,-2.1354777720777025
CV-G,gfold_0,G+E+GxE expanded-grid,W323,ME1,-0.5677320877415618,-0.13595003412429668,-0.4317820536172651
CV-G,gfold_0,G+E+GxE expanded-grid,W323,ME2,0.17726624935964166,-0.08980128893947888,0.26706753829912055
CV-G,gfold_0,G+E+GxE expanded-grid,W323,ME3,0.15025292799258408,0.01475636494564904,0.13549656304693503
CV-G,gfold_0,G+E+GxE expanded-grid,W323,ME4,-1.7335117341450192,0.12034285104935592,-1.853854585194375
CV-G,gfold_0,G+E+GxE expanded-grid,W331,ME1,-0.3952241714215731,-0.15895644036428386,-0.23626773105728927
CV-G,gfold_0,G+E+GxE expanded-grid,W331,ME2,-0.5736884417324005,-0.21621673844697742,-0.3574717032854231
CV-G,gfold_0,G+E+GxE expanded-grid,W331,ME3,-0.8882477613280045,-0.7511749453961855,-0.13707281593181908
CV-G,gfold_0,G+E+GxE expanded-grid,W331,ME4,-1.469324278582564,-0.3760787356016801,-1.0932455429808838
CV-G,gfold_0,G+E+GxE expanded-grid,W332,ME1,-0.43069164265061394,0.436314539174536,-0.86700618182515
CV-G,gfold_0,G+E+GxE expanded-grid,W332,ME2,-0.4849983378130693,0.1510112665547992,-0.6360096043678685
CV-G,gfold_0,G+E+GxE expanded-grid,W332,ME3,0.505657511193418,-0.1943817847766757,0.7000392959700936
CV-G,gfold_0,G+E+GxE expanded-grid,W332,ME4,-0.588599781814847,-0.1924935580076332,-0.3961062238072137
CV-G,gfold_0,G+E+GxE expanded-grid,W340,ME1,0.8127547350121197,0.21882587005395707,0.5939288649581627
CV-G,gfold_0,G+E+GxE expanded-grid,W340,ME2,-0.8750980955972533,0.49698066909320077,-1.372078764690454
CV-G,gfold_0,G+E+GxE expanded-grid,W340,ME3,-0.48838065166451583,0.45047441200158805,-0.9388550636661039
CV-G,gfold_0,G+E+GxE expanded-grid,W340,ME4,-0.14921300448746808,0.26084520938376415,-0.4100582138712322
CV-G,gfold_0,G+E+GxE expanded-grid,W341,ME1,1.4213618819572946,0.35804775341239764,1.063314128544897
CV-G,gfold_0,G+E+GxE expanded-grid,W341,ME2,-0.419737002604269,-0.25219519474891,-0.167541807855359
CV-G,gfold_0,G+E+GxE expanded-grid,W341,ME3,0.03109774926752954,0.08762214582460004,-0.0565243965570705
CV-G,gfold_0,G+E+GxE expanded-grid,W341,ME4,0.43900390927162003,-0.009133745179890237,0.44813765445151027
CV-G,gfold_0,G+E+GxE expanded-grid,W342,ME1,0.9340689603686748,0.12988909614923427,0.8041798642194405
CV-G,gfold_0,G+E+GxE expanded-grid,W342,ME2,-0.633937463375902,-0.8910601289968567,0.25712266562095476
CV-G,gfold_0,G+E+GxE expanded-grid,W342,ME3,0.29294013535080016,-0.8903583479757216,1.1832984833265217
CV-G,gfold_0,G+E+GxE expanded-grid,W342,ME4,0.4180312815573153,-0.13391368620759075,0.551944967764906
CV-G,gfold_0,G+E+GxE expanded-grid,W343,ME1,1.548043056461939,0.7295113027163789,0.8185317537455601
CV-G,gfold_0,G+E+GxE expanded-grid,W343,ME2,-0.32090835533694567,-0.5860069481864635,0.2650985928495178
CV-G,gfold_0,G+E+GxE expanded-grid,W343,ME3,0.9831397720091377,-0.6029345160702657,1.5860742880794034
CV-G,gfold_0,G+E+GxE expanded-grid,W343,ME4,0.26856394225806685,-0.4515038189874585,0.7200677612455253
CV-G,gfold_0,G+E+GxE expanded-grid,W347,ME1,1.633808369782957,0.6057786866350962,1.028029683147861
CV-G,gfold_0,G+E+GxE expanded-grid,W347,ME2,0.6426329834469922,-0.558966409106996,1.2015993925539883
CV-G,gfold_0,G+E+GxE expanded-grid,W347,ME3,0.25118894456339397,-0.4161930428378352,0.6673819874012292
CV-G,gfold_0,G+E+GxE expanded-grid,W347,ME4,0.6549055475383496,-0.18826521763642393,0.8431707651747735
CV-G,gfold_0,G+E+GxE expanded-grid,W354,ME1,0.20234774624338175,0.4835782390098782,-0.2812304927664964
CV-G,gfold_0,G+E+GxE expanded-grid,W354,ME2,-0.5286788785046079,0.4589696173766633,-0.9876484958812712
CV-G,gfold_0,G+E+GxE expanded-grid,W354,ME3,-0.6936904219395504,0.36936812053801577,-1.0630585424775663
CV-G,gfold_0,G+E+GxE expanded-grid,W354,ME4,-0.2558854845347211,0.12709989906179459,-0.3829853835965157
CV-G,gfold_0,G+E+GxE expanded-grid,W363,ME1,0.7960756578417226,0.8545842854572739,-0.05850862761555131
CV-G,gfold_0,G+E+GxE expanded-grid,W363,ME2,-1.0871657916321373,-0.8110676701005197,-0.2760981215316176
CV-G,gfold_0,G+E+GxE expanded-grid,W363,ME3,-0.18851199389908596,-0.784899993472472,0.5963879995733861
CV-G,gfold_0,G+E+GxE expanded-grid,W363,ME4,0.39443117535217137,-0.30765905968357216,0.7020902350357435
CV-G,gfold_0,G+E+GxE expanded-grid,W364,ME1,0.19566960011070317,0.2804910575883281,-0.08482145747762493
CV-G,gfold_0,G+E+GxE expanded-grid,W364,ME2,-0.48058724872845643,0.41457630087789354,-0.8951635496063499
CV-G,gfold_0,G+E+GxE expanded-grid,W364,ME3,-0.9281829484699957,0.3983075682166569,-1.3264905166866527
CV-G,gfold_0,G+E+GxE expanded-grid,W364,ME4,-0.17983807563967694,0.42597542484508183,-0.6058135004847588
CV-G,gfold_0,G+E+GxE expanded-grid,W365,ME1,0.42732797418879037,0.14197911822029,0.28534885596850035
CV-G,gfold_0,G+E+GxE expanded-grid,W365,ME2,-0.01922023960735329,0.14615895377664118,-0.16537919338399446
CV-G,gfold_0,G+E+GxE expanded-grid,W365,ME3,-0.12552623025318374,0.09759296952105825,-0.223119199774242
CV-G,gfold_0,G+E+GxE expanded-grid,W365,ME4,-0.7483410340154019,-0.2754328123232099,-0.472908221692192
CV-G,gfold_0,G+E+GxE expanded-grid,W367,ME1,2.234409885449567,0.7529910911405625,1.4814187943090045
CV-G,gfold_0,G+E+GxE expanded-grid,W367,ME2,0.11041641578607922,0.1002108776427158,0.010205538143363418
CV-G,gfold_0,G+E+GxE expanded-grid,W367,ME3,0.5535746678466565,0.2246295133591836,0.32894515448747297
CV-G,gfold_0,G+E+GxE expanded-grid,W367,ME4,-0.017264810694505774,-0.1420197057075265,0.12475489501302073
CV-G,gfold_0,G+E+GxE expanded-grid,W372,ME1,0.4184997907646172,0.32124753808815265,0.09725225267646453
CV-G,gfold_0,G+E+GxE expanded-grid,W372,ME2,2.302860593092614,0.0310482478028539,2.27181234528976
CV-G,gfold_0,G+E+GxE expanded-grid,W372,ME3,1.2400240458139944,-0.16433834552864063,1.404362391342635
CV-G,gfold_0,G+E+GxE expanded-grid,W372,ME4,0.2898669714592444,0.2551275243266262,0.03473944713261817
CV-G,gfold_0,G+E+GxE expanded-grid,W373,ME1,-0.9876408860353292,-0.4921374549850236,-0.4955034310503056
CV-G,gfold_0,G+E+GxE expanded-grid,W373,ME2,0.45441174891974717,0.41246757015911617,0.041944178760631
CV-G,gfold_0,G+E+GxE expanded-grid,W373,ME3,-0.19009994127275218,0.47138489116419297,-0.6614848324369451
CV-G,gfold_0,G+E+GxE expanded-grid,W373,ME4,-1.244344466128922,-0.907885093029645,-0.336459373099277
CV-G,gfold_0,G+E+GxE expanded-grid,W376,ME1,-0.9486796042076059,-0.05946054386873201,-0.8892190603388739
CV-G,gfold_0,G+E+GxE expanded-grid,W376,ME2,-0.966269041584258,-0.21553054623852452,-0.7507384953457334
CV-G,gfold_0,G+E+GxE expanded-grid,W376,ME3,-1.0456403749498004,-0.004137656609426287,-1.0415027183403742
CV-G,gfold_0,G+E+GxE expanded-grid,W376,ME4,-0.390335289585429,0.027105307557954223,-0.4174405971433832
CV-G,gfold_0,G+E+GxE expanded-grid,W389,ME1,0.5995182713634448,-0.08195706187342135,0.6814753332368662
CV-G,gfold_0,G+E+GxE expanded-grid,W389,ME2,-1.9196338649477391,-0.6607737396135492,-1.25886012533419
CV-G,gfold_0,G+E+GxE expanded-grid,W389,ME3,-1.342670999111231,-0.4691246195149544,-0.8735463795962766
CV-G,gfold_0,G+E+GxE expanded-grid,W389,ME4,-0.9835554258600077,-0.5777643049448231,-0.40579112091518454
CV-G,gfold_0,G+E+GxE expanded-grid,W392,ME1,0.6156598392109665,0.3348866453182624,0.28077319389270405
CV-G,gfold_0,G+E+GxE expanded-grid,W392,ME2,-0.568910289280631,0.49079955617271603,-1.0597098454533471
CV-G,gfold_0,G+E+GxE expanded-grid,W392,ME3,-0.6912831612933005,0.4221519383005275,-1.113435099593828
CV-G,gfold_0,G+E+GxE expanded-grid,W392,ME4,-0.2186995838574817,0.40866601988731305,-0.6273656037447948
CV-G,gfold_0,G+E+GxE expanded-grid,W395,ME1,0.04472720935087633,-0.1717074223276466,0.21643463167852295
CV-G,gfold_0,G+E+GxE expanded-grid,W395,ME2,0.2432363965877775,-0.4621114227748747,0.7053478193626522
CV-G,gfold_0,G+E+GxE expanded-grid,W395,ME3,-0.06516733699669865,-0.16395714230472871,0.09878980530803007
CV-G,gfold_0,G+E+GxE expanded-grid,W395,ME4,0.7629389670434328,-0.17196091404054178,0.9348998810839746
CV-G,gfold_0,G+E+GxE expanded-grid,W396,ME1,1.2469563948459483,0.3495565977659561,0.8973997970799923
CV-G,gfold_0,G+E+GxE expanded-grid,W396,ME2,2.0368472394433184,0.35040148031645785,1.6864457591268605
CV-G,gfold_0,G+E+GxE expanded-grid,W396,ME3,0.14429812534133513,0.25994090560203315,-0.11564278026069802
CV-G,gfold_0,G+E+GxE expanded-grid,W396,ME4,1.5754827569844874,0.4109839682264819,1.1644987887580054
CV-G,gfold_0,G+E+GxE expanded-grid,W397,ME1,0.6546618414419376,0.2173809725036716,0.437280868938266
CV-G,gfold_0,G+E+GxE expanded-grid,W397,ME2,0.04138951672455981,0.326728688065213,-0.2853391713406532
CV-G,gfold_0,G+E+GxE expanded-grid,W397,ME3,0.49967736895641757,0.25903475881677823,0.24064261013963933
CV-G,gfold_0,G+E+GxE expanded-grid,W397,ME4,1.270254716731286,0.34977767625720446,0.9204770404740816
CV-G,gfold_0,G+E+GxE expanded-grid,W398,ME1,-1.2270850012144416,-0.09836711932312736,-1.1287178818913142
CV-G,gfold_0,G+E+GxE expanded-grid,W398,ME2,-1.9297597509382436,0.004658733066375299,-1.9344184840046188
CV-G,gfold_0,G+E+GxE expanded-grid,W398,ME3,-2.7585203528921474,-0.4269904903658728,-2.3315298625262746
CV-G,gfold_0,G+E+GxE expanded-grid,W398,ME4,-1.6391113093244416,0.11997862200668509,-1.7590899313311268
CV-G,gfold_0,G+E+GxE expanded-grid,W406,ME1,0.39373364150916074,0.6713943386565469,-0.2776606971473861
CV-G,gfold_0,G+E+GxE expanded-grid,W406,ME2,-1.0395298267255575,0.10572079408832773,-1.1452506208138853
CV-G,gfold_0,G+E+GxE expanded-grid,W406,ME3,-0.592340525468158,0.01276262147575262,-0.6051031469439105
CV-G,gfold_0,G+E+GxE expanded-grid,W406,ME4,-0.6871223585192565,0.014614066367824665,-0.7017364248870812
CV-G,gfold_0,G+E+GxE expanded-grid,W410,ME1,-0.6108224184586346,0.6758677650857515,-1.286690183544386
CV-G,gfold_0,G+E+GxE expanded-grid,W410,ME2,0.0194986169488371,0.42529025761716444,-0.40579164066832735
CV-G,gfold_0,G+E+GxE expanded-grid,W410,ME3,0.9534924566816448,0.20967539940399768,0.7438170572776471
CV-G,gfold_0,G+E+GxE expanded-grid,W410,ME4,2.167058752526775,0.5784678609919475,1.5885908915348277
CV-G,gfold_0,G+E+GxE expanded-grid,W413,ME1,-0.3323763010485524,-0.37787316998966886,0.04549686894111643
CV-G,gfold_0,G+E+GxE expanded-grid,W413,ME2,0.9193987622824558,0.16041438982596956,0.7589843724564862
CV-G,gfold_0,G+E+GxE expanded-grid,W413,ME3,-0.1338798470220988,-0.08673151791679266,-0.04714832910530613
CV-G,gfold_0,G+E+GxE expanded-grid,W413,ME4,0.08015642772033077,-0.47702361362343415,0.5571800413437649
CV-G,gfold_0,G+E+GxE expanded-grid,W414,ME1,-0.6666908117149426,-0.2209172508928109,-0.4457735608221317
CV-G,gfold_0,G+E+GxE expanded-grid,W414,ME2,0.1803356585505129,0.4997480791574166,-0.31941242060690367
CV-G,gfold_0,G+E+GxE expanded-grid,W414,ME3,0.27105517979138893,0.6790572438609754,-0.4080020640695865
CV-G,gfold_0,G+E+GxE expanded-grid,W414,ME4,-0.2854485509076981,-0.33223331886724333,0.046784767959545226
CV-G,gfold_0,G+E+GxE expanded-grid,W416,ME1,-0.9499419367082935,-0.6253499037171727,-0.3245920329911208
CV-G,gfold_0,G+E+GxE expanded-grid,W416,ME2,-0.2931634277229627,0.21858011039526645,-0.5117435381182291
CV-G,gfold_0,G+E+GxE expanded-grid,W416,ME3,-0.28393242730498,0.1262700483570771,-0.4102024756620571
CV-G,gfold_0,G+E+GxE expanded-grid,W416,ME4,-0.22953989930771182,-0.24198966387627027,0.012449764568558452
CV-G,gfold_0,G+E+GxE expanded-grid,W420,ME1,-1.016055583421809,-0.6753426685677137,-0.3407129148540953
CV-G,gfold_0,G+E+GxE expanded-grid,W420,ME2,0.19500553587925507,0.3249269292696839,-0.12992139339042885
CV-G,gfold_0,G+E+GxE expanded-grid,W420,ME3,-0.28896655834064544,-0.06736236770617104,-0.2216041906344744
CV-G,gfold_0,G+E+GxE expanded-grid,W420,ME4,-0.025745115524221367,-0.1957832148735155,0.17003809934929412
CV-G,gfold_0,G+E+GxE expanded-grid,W423,ME1,-1.0137345204366706,-0.1394268615263894,-0.8743076589102812
CV-G,gfold_0,G+E+GxE expanded-grid,W423,ME2,0.22816148381941473,0.47094558746489634,-0.2427841036454816
CV-G,gfold_0,G+E+GxE expanded-grid,W423,ME3,0.19654835115782304,0.1053479903053405,0.09120036085248254
CV-G,gfold_0,G+E+GxE expanded-grid,W423,ME4,-0.1478520650296379,0.22520510544415012,-0.37305717047378806
CV-G,gfold_0,G+E+GxE expanded-grid,W451,ME1,-0.26762271580352187,0.029945699831668796,-0.29756841563519065
CV-G,gfold_0,G+E+GxE expanded-grid,W451,ME2,0.15267933243894802,-1.4919443732134818,1.6446237056524298
CV-G,gfold_0,G+E+GxE expanded-grid,W451,ME3,0.32632081631212523,-0.7790461282629366,1.1053669445750618
CV-G,gfold_0,G+E+GxE expanded-grid,W451,ME4,0.3311986241265204,-1.3821821440196143,1.7133807681461346
CV-G,gfold_0,G+E+GxE expanded-grid,W469,ME1,0.296908666665976,-0.2635104268017931,0.5604190934677691
CV-G,gfold_0,G+E+GxE expanded-grid,W469,ME2,1.4976438104489564,0.6982300294835306,0.7994137809654258
CV-G,gfold_0,G+E+GxE expanded-grid,W469,ME3,1.3897809975964597,0.7247325255869342,0.6650484720095254
CV-G,gfold_0,G+E+GxE expanded-grid,W469,ME4,0.759572018558165,0.558118129716353,0.20145388884181203
CV-G,gfold_0,G+E+GxE expanded-grid,W482,ME1,-0.3583070538369021,-0.600719368334832,0.24241231449792988
CV-G,gfold_0,G+E+GxE expanded-grid,W482,ME2,1.0628066226229747,0.10860464562222041,0.9542019770007543
CV-G,gfold_0,G+E+GxE expanded-grid,W482,ME3,-0.10021198408894004,0.0964315567000476,-0.19664354078898766
CV-G,gfold_0,G+E+GxE expanded-grid,W482,ME4,0.32484232885526776,0.3226390347218723,0.0022032941333954836
CV-G,gfold_0,G+E+GxE expanded-grid,W490,ME1,-0.050240915104195885,0.5840102974273191,-0.6342512125315151
CV-G,gfold_0,G+E+GxE expanded-grid,W490,ME2,0.9018999655551156,0.08441384463150156,0.8174861209236141
CV-G,gfold_0,G+E+GxE expanded-grid,W490,ME3,2.007585437767064,0.3769691923359186,1.6306162454311455
CV-G,gfold_0,G+E+GxE expanded-grid,W490,ME4,1.0234369393358167,-0.37103383149601965,1.3944707708318362
CV-G,gfold_0,G+E+GxE expanded-grid,W495,ME1,-0.7319574740408977,-0.671668499181572,-0.06028897485932572
CV-G,gfold_0,G+E+GxE expanded-grid,W495,ME2,0.587295016508887,-0.020094784839541423,0.6073898013484285
CV-G,gfold_0,G+E+GxE expanded-grid,W495,ME3,-0.08742393981377662,-0.017929591836292606,-0.06949434797748402
CV-G,gfold_0,G+E+GxE expanded-grid,W495,ME4,-0.3122661382588112,-0.9644970570120323,0.652230918753221
CV-G,gfold_0,G+E+GxE expanded-grid,W501,ME1,0.05677230463164708,-0.6213505018778621,0.6781228065095092
CV-G,gfold_0,G+E+GxE expanded-grid,W501,ME2,-0.32234496541184804,-0.6690011578274719,0.3466561924156239
CV-G,gfold_0,G+E+GxE expanded-grid,W501,ME3,-0.662725448153058,-0.04776638531635373,-0.6149590628367043
CV-G,gfold_0,G+E+GxE expanded-grid,W501,ME4,-0.8419547886291413,0.24320461467502613,-1.0851594033041674
CV-G,gfold_0,G+E+GxE expanded-grid,W509,ME1,-1.4683941108623129,-0.09932944522107405,-1.3690646656412389
CV-G,gfold_0,G+E+GxE expanded-grid,W509,ME2,0.36976567071787464,0.30718719762376856,0.06257847309410608
CV-G,gfold_0,G+E+GxE expanded-grid,W509,ME3,1.1203367357881893,0.27120169664094584,0.8491350391472434
CV-G,gfold_0,G+E+GxE expanded-grid,W509,ME4,1.1805743131517366,0.47674836059427156,0.703825952557465
CV-G,gfold_0,G+E+GxE expanded-grid,W510,ME1,0.5595226912932214,0.3867515501001318,0.17277114119308962
CV-G,gfold_0,G+E+GxE expanded-grid,W510,ME2,1.031277145120041,-1.2202463264215198,2.251523471541561
CV-G,gfold_0,G+E+GxE expanded-grid,W510,ME3,0.10330712212642852,-1.3519421739516313,1.4552492960780599
CV-G,gfold_0,G+E+GxE expanded-grid,W510,ME4,0.09567743090124745,-0.2704845072185566,0.366161938119804
CV-G,gfold_0,G+E+GxE expanded-grid,W511,ME1,0.16762138635345467,0.18787217502330664,-0.02025078866985197
CV-G,gfold_0,G+E+GxE expanded-grid,W511,ME2,0.6725992773001421,1.0244217324643974,-0.35182245516425525
CV-G,gfold_0,G+E+GxE expanded-grid,W511,ME3,1.2596706712988222,1.126733795514625,0.1329368757841971
CV-G,gfold_0,G+E+GxE expanded-grid,W511,ME4,0.10407906871027871,0.6807766252001197,-0.576697556489841
CV-G,gfold_0,G+E+GxE expanded-grid,W516,ME1,0.09105888416649463,0.049426860886889606,0.041632023279605024
CV-G,gfold_0,G+E+GxE expanded-grid,W516,ME2,1.1883233081540217,0.41979031887361756,0.768532989280404
CV-G,gfold_0,G+E+GxE expanded-grid,W516,ME3,1.3063461882503116,-0.010074564380206333,1.3164207526305178
CV-G,gfold_0,G+E+GxE expanded-grid,W516,ME4,0.12649130290309799,-0.6799785212998413,0.8064698242029392
CV-G,gfold_0,G+E+GxE expanded-grid,W521,ME1,-1.3975976177752751,0.23337639014490313,-1.6309740079201782
CV-G,gfold_0,G+E+GxE expanded-grid,W521,ME2,0.9135067623717303,-0.0721817718595472,0.9856885342312776
CV-G,gfold_0,G+E+GxE expanded-grid,W521,ME3,1.3454367225339685,-0.20151787032403412,1.5469545928580026
CV-G,gfold_0,G+E+GxE expanded-grid,W521,ME4,1.7810632821375,-0.36005773526838564,2.1411210174058857
CV-G,gfold_0,G+E+GxE expanded-grid,W523,ME1,-0.8174214563778803,-0.8317784703935408,0.014357014015660474
CV-G,gfold_0,G+E+GxE expanded-grid,W523,ME2,1.1078858013169515,0.24260253418858793,0.8652832671283636
CV-G,gfold_0,G+E+GxE expanded-grid,W523,ME3,0.7309517680966139,0.43617754123263675,0.29477422686397714
CV-G,gfold_0,G+E+GxE expanded-grid,W523,ME4,1.4315221091331063,0.3357256535785585,1.0957964555545479
CV-G,gfold_0,G+E+GxE expanded-grid,W525,ME1,-1.101902337549322,-0.9041079210382901,-0.1977944165110319
CV-G,gfold_0,G+E+GxE expanded-grid,W525,ME2,0.20861219517899632,0.7699568311327928,-0.5613446359537965
CV-G,gfold_0,G+E+GxE expanded-grid,W525,ME3,1.2621455041737388,0.9395839146277107,0.3225615895460281
CV-G,gfold_0,G+E+GxE expanded-grid,W525,ME4,2.217932714802998,0.7549893826567688,1.462943332146229
CV-G,gfold_0,G+E+GxE expanded-grid,W526,ME1,-2.0641906189456543,-0.8186658013864486,-1.2455248175592057
CV-G,gfold_0,G+E+GxE expanded-grid,W526,ME2,0.386872089363083,0.3364899705481367,0.05038211881494631
CV-G,gfold_0,G+E+GxE expanded-grid,W526,ME3,0.6239595905315553,0.2947136838164167,0.32924590671513854
CV-G,gfold_0,G+E+GxE expanded-grid,W526,ME4,1.4695497469316623,0.791803440983982,0.6777463059476803
CV-G,gfold_0,G+E+GxE expanded-grid,W529,ME1,-1.424562668806125,-0.7896787134664894,-0.6348839553396356
CV-G,gfold_0,G+E+GxE expanded-grid,W529,ME2,0.17636124829923971,0.3519071833789893,-0.17554593507974958
CV-G,gfold_0,G+E+GxE expanded-grid,W529,ME3,2.1109033753983715,0.20752673253350373,1.9033766428648677
CV-G,gfold_0,G+E+GxE expanded-grid,W529,ME4,1.5204158425058167,0.5984782511587422,0.9219375913470745
CV-G,gfold_0,G+E+GxE expanded-grid,W532,ME1,-0.4666314705573329,-0.1284462396475473,-0.3381852309097856
CV-G,gfold_0,G+E+GxE expanded-grid,W532,ME2,0.33179359825348265,0.42912455284366813,-0.09733095459018548
CV-G,gfold_0,G+E+GxE expanded-grid,W532,ME3,1.0825891995492807,-0.1061757447879474,1.1887649443372281
CV-G,gfold_0,G+E+GxE expanded-grid,W532,ME4,0.9196279388414551,-0.38309808201046325,1.3027260208519182
CV-G,gfold_0,G+E+GxE expanded-grid,W540,ME1,-0.29142786354232486,-0.6379111012800994,0.34648323773777456
CV-G,gfold_0,G+E+GxE expanded-grid,W540,ME2,1.626052702166041,-0.1017347474861837,1.7277874496522245
CV-G,gfold_0,G+E+GxE expanded-grid,W540,ME3,1.0842278260944478,0.16373985041124517,0.9204879756832026
CV-G,gfold_0,G+E+GxE expanded-grid,W540,ME4,0.7549857312522991,0.16410395780787346,0.5908817734444256
CV-G,gfold_0,G+E+GxE expanded-grid,W543,ME1,-1.7024794209739837,-0.46735808846073296,-1.2351213325132508
CV-G,gfold_0,G+E+GxE expanded-grid,W543,ME2,0.5776374527454426,-0.31676052265519694,0.8943979754006396
CV-G,gfold_0,G+E+GxE expanded-grid,W543,ME3,1.9071308733255052,-0.43209296103166867,2.339223834357174
CV-G,gfold_0,G+E+GxE expanded-grid,W543,ME4,1.3292549822441466,-0.45496164034999104,1.7842166225941376
CV-G,gfold_0,G+E+GxE expanded-grid,W546,ME1,-0.5035730203839532,0.07085293678936525,-0.5744259571733185
CV-G,gfold_0,G+E+GxE expanded-grid,W546,ME2,0.8839708186731784,0.5984150420352476,0.28555577663793075
CV-G,gfold_0,G+E+GxE expanded-grid,W546,ME3,1.8385028285859375,0.8980910560752613,0.9404117725106762
CV-G,gfold_0,G+E+GxE expanded-grid,W546,ME4,2.397820591000678,0.26098875546482675,2.136831835535851
CV-G,gfold_0,G+E+GxE expanded-grid,W547,ME1,-0.8805055050897409,-0.2910779403763561,-0.5894275647133849
CV-G,gfold_0,G+E+GxE expanded-grid,W547,ME2,0.12980115877915252,-0.21488650441073479,0.3446876631898873
CV-G,gfold_0,G+E+GxE expanded-grid,W547,ME3,0.5126343438032495,-0.369979816806266,0.8826141606095155
CV-G,gfold_0,G+E+GxE expanded-grid,W547,ME4,2.6836336105491125,0.04949871468601197,2.6341348958631006
CV-G,gfold_0,G+E+GxE expanded-grid,W558,ME1,-1.503560251107318,-0.3753072029275755,-1.1282530481797426
CV-G,gfold_0,G+E+GxE expanded-grid,W558,ME2,0.9559595393869207,0.8872777084256767,0.06868183096124403
CV-G,gfold_0,G+E+GxE expanded-grid,W558,ME3,1.0457961210402897,1.0274213022491354,0.018374818791154324
CV-G,gfold_0,G+E+GxE expanded-grid,W558,ME4,1.2545213125945234,0.5716680818237037,0.6828532307708197
CV-G,gfold_0,G+E+GxE expanded-grid,W562,ME1,-1.821179396442014,-0.9504751510509295,-0.8707042453910845
CV-G,gfold_0,G+E+GxE expanded-grid,W562,ME2,0.5050411788722706,0.5887734444345855,-0.08373226556231483
CV-G,gfold_0,G+E+GxE expanded-grid,W562,ME3,-0.009715876847128569,0.6543010927293678,-0.6640169695764964
CV-G,gfold_0,G+E+GxE expanded-grid,W562,ME4,0.905436408310095,0.6683609959663884,0.23707541234370655
CV-G,gfold_0,G+E+GxE expanded-grid,W569,ME1,-1.7856386284871266,-1.184162939068006,-0.6014756894191207
CV-G,gfold_0,G+E+GxE expanded-grid,W569,ME2,0.48209971842503346,0.32680341999989454,0.15529629842513892
CV-G,gfold_0,G+E+GxE expanded-grid,W569,ME3,0.4813568484591723,0.4681039169379603,0.013252931521212041
CV-G,gfold_0,G+E+GxE expanded-grid,W569,ME4,1.3628851335864787,1.1306142299227944,0.2322709036636843
CV-G,gfold_0,G+E+GxE expanded-grid,W581,ME1,-1.6029750435970784,-1.2431607226948245,-0.35981432090225396
CV-G,gfold_0,G+E+GxE expanded-grid,W581,ME2,0.726544934914554,0.27983315362902106,0.4467117812855329
CV-G,gfold_0,G+E+GxE expanded-grid,W581,ME3,0.3789426893862799,0.2673626941861015,0.11157999520017842
CV-G,gfold_0,G+E+GxE expanded-grid,W581,ME4,1.5685993926746529,0.710153173670476,0.8584462190041768
CV-G,gfold_0,G+E+GxE expanded-grid,W593,ME1,-1.148877394736258,-0.2848622628213339,-0.8640151319149241
CV-G,gfold_0,G+E+GxE expanded-grid,W593,ME2,0.5637649889384505,0.28107072004532807,0.28269426889312244
CV-G,gfold_0,G+E+GxE expanded-grid,W593,ME3,2.365591551771563,0.5695170853659794,1.7960744664055834
CV-G,gfold_0,G+E+GxE expanded-grid,W593,ME4,1.2241007756960924,0.2072219035074203,1.0168788721886721
CV-G,gfold_0,G+E+GxE expanded-grid,W596,ME1,-1.0521257166189197,-0.6877821227139518,-0.36434359390496796
CV-G,gfold_0,G+E+GxE expanded-grid,W596,ME2,0.08278540438949077,0.3046786322048597,-0.2218932278153689
CV-G,gfold_0,G+E+GxE expanded-grid,W596,ME3,2.138354593294199,0.5888973284189937,1.5494572648752056
CV-G,gfold_0,G+E+GxE expanded-grid,W596,ME4,0.5543848285085714,0.3070163702207381,0.24736845828783333
CV-G,gfold_0,G+E+GxE expanded-grid,W597,ME1,-1.2099742877696142,0.08814676156205278,-1.298121049331667
CV-G,gfold_0,G+E+GxE expanded-grid,W597,ME2,0.45196255024579446,0.6362326875093343,-0.1842701372635398
CV-G,gfold_0,G+E+GxE expanded-grid,W597,ME3,2.0225695794738936,0.6593982896465218,1.3631712898273718
CV-G,gfold_0,G+E+GxE expanded-grid,W597,ME4,1.8487169199255822,0.843536520948605,1.0051803989769772
CV-G,gfold_1,G+E,W032,ME1,3.2789208050843364,0.28874682270207674,2.9901739823822595
CV-G,gfold_1,G+E,W032,ME2,-0.2730255719593472,0.2824073361976579,-0.5554329081570051
CV-G,gfold_1,G+E,W032,ME3,-1.408832657504465,0.3046722880306897,-1.7135049455351545
CV-G,gfold_1,G+E,W032,ME4,0.9739475166236292,0.2752884661597699,0.6986590504638593
CV-G,gfold_1,G+E,W033,ME1,-1.3051134379183305,-0.9445034652851124,-0.36060997263321803
CV-G,gfold_1,G+E,W033,ME2,-2.87368218561558,-0.9508429517895314,-1.9228392338260485
CV-G,gfold_1,G+E,W033,ME3,-2.228348646773606,-0.9285779999564995,-1.2997706468171062
CV-G,gfold_1,G+E,W033,ME4,-1.224803578191063,-0.9579618218274193,-0.2668417563636436
CV-G,gfold_1,G+E,W042,ME1,0.28221674517408457,0.027658664086834105,0.2545580810872505
CV-G,gfold_1,G+E,W042,ME2,1.061629488376578,0.02131917758241524,1.0403103107941627
CV-G,gfold_1,G+E,W042,ME3,1.1875964428972565,0.04358412941544706,1.1440123134818094
CV-G,gfold_1,G+E,W042,ME4,-1.6246916444330985,0.014200307544527245,-1.6388919519776257
CV-G,gfold_1,G+E,W045,ME1,-0.28018903224586655,-0.1749286305991768,-0.10526040164668976
CV-G,gfold_1,G+E,W045,ME2,-0.6089201963006126,-0.18126811710359567,-0.42765207919701687
CV-G,gfold_1,G+E,W045,ME3,-1.45838844070287,-0.15900316527056382,-1.299385275432306
CV-G,gfold_1,G+E,W045,ME4,-0.5331867324451682,-0.18838698714148364,-0.3447997453036846
CV-G,gfold_1,G+E,W048,ME1,0.5356442468285734,0.1168843492990713,0.41875989752950205
CV-G,gfold_1,G+E,W048,ME2,-0.12263085028538062,0.11054486279465243,-0.23317571308003304
CV-G,gfold_1,G+E,W048,ME3,-0.4988627936364293,0.13280981462768426,-0.6316726082641135
CV-G,gfold_1,G+E,W048,ME4,0.51088983277249,0.10342599275676444,0.40746384001572555
CV-G,gfold_1,G+E,W050,ME1,-0.45643508158402396,-0.1936899177258125,-0.26274516385821145
CV-G,gfold_1,G+E,W050,ME2,0.06876105229264243,-0.20002940423023138,0.2687904565228738
CV-G,gfold_1,G+E,W050,ME3,0.4988327160980865,-0.17776445239719954,0.6765971684952861
CV-G,gfold_1,G+E,W050,ME4,-0.43450682169939076,-0.20714827426811935,-0.2273585474312714
CV-G,gfold_1,G+E,W051,ME1,0.5807135891434996,0.3214352345880258,0.25927835455547377
CV-G,gfold_1,G+E,W051,ME2,0.43938113690259234,0.31509574808360696,0.12428538881898538
CV-G,gfold_1,G+E,W051,ME3,0.6325159239864702,0.33736069991663875,0.2951552240698314
CV-G,gfold_1,G+E,W051,ME4,-0.2958247309358938,0.30797687804571894,-0.6038016089816127
CV-G,gfold_1,G+E,W058,ME1,0.03071124655290282,-0.02452009500487405,0.05523134155777687
CV-G,gfold_1,G+E,W058,ME2,0.23106001868419593,-0.030859581509292917,0.26191960019348887
CV-G,gfold_1,G+E,W058,ME3,-0.17704160808292188,-0.008594629676261099,-0.16844697840666079
CV-G,gfold_1,G+E,W058,ME4,-1.814806233319674,-0.03797845154718091,-1.7768277817724931
CV-G,gfold_1,G+E,W060,ME1,0.2574668840799267,-0.24680482105792212,0.5042717051378488
CV-G,gfold_1,G+E,W060,ME2,-2.3790959417668787,-0.25314430756234096,-2.1259516342045375
CV-G,gfold_1,G+E,W060,ME3,-1.3131081490695713,-0.23087935572930915,-1.0822287933402621
CV-G,gfold_1,G+E,W060,ME4,0.6133850940214327,-0.260263177600229,0.8736482716216617
CV-G,gfold_1,G+E,W061,ME1,0.14228515145252696,0.12784814543115885,0.014437006021368104
CV-G,gfold_1,G+E,W061,ME2,0.19935333817642859,0.12150865892674,0.07784467924968859
CV-G,gfold_1,G+E,W061,ME3,3.0579703928043984,0.14377361075977182,2.9141967820446264
CV-G,gfold_1,G+E,W061,ME4,-0.7652544434624218,0.114389788888852,-0.8796442323512738
CV-G,gfold_1,G+E,W064,ME1,0.502253516165182,0.37587832278634836,0.12637519337883363
CV-G,gfold_1,G+E,W064,ME2,-0.0993033404347555,0.3695388362819295,-0.46884217671668504
CV-G,gfold_1,G+E,W064,ME3,-0.6407644738363967,0.3918037881149613,-1.0325682619513579
CV-G,gfold_1,G+E,W064,ME4,0.021297762844700634,0.3624199662440415,-0.34112220339934085
CV-G,gfold_1,G+E,W066,ME1,1.2391462215029736,-0.14405196890706687,1.3831981904100406
CV-G,gfold_1,G+E,W066,ME2,-0.9564849042459331,-0.15039145541148574,-0.8060934488344473
CV-G,gfold_1,G+E,W066,ME3,-0.9555328080228224,-0.1281265035784539,-0.8274063044443685
CV-G,gfold_1,G+E,W066,ME4,-0.458563196624501,-0.1575103254493737,-0.3010528711751273
CV-G,gfold_1,G+E,W068,ME1,0.702777069919819,-0.07406127955254657,0.7768383494723656
CV-G,gfold_1,G+E,W068,ME2,0.5612082027258494,-0.08040076605696543,0.6416089687828148
CV-G,gfold_1,G+E,W068,ME3,-0.7319869825363742,-0.058135814223933616,-0.6738511683124405
CV-G,gfold_1,G+E,W068,ME4,-0.83802143759495,-0.08751963609485343,-0.7505018015000965
CV-G,gfold_1,G+E,W069,ME1,0.5606872948261147,0.006973850893331968,0.5537134439327827
CV-G,gfold_1,G+E,W069,ME2,-0.12619389641828938,0.0006343643889131006,-0.12682826080720247
CV-G,gfold_1,G+E,W069,ME3,-0.40510632636145155,0.02289931622194492,-0.42800564258339646
CV-G,gfold_1,G+E,W069,ME4,0.10106612181808877,-0.006484505648974893,0.10755062746706366
CV-G,gfold_1,G+E,W076,ME1,1.7062011026773198,-0.0012068243593896595,1.7074079270367095
CV-G,gfold_1,G+E,W076,ME2,-0.30518791733668793,-0.007546310863808526,-0.2976416064728794
CV-G,gfold_1,G+E,W076,ME3,-0.6796185053197205,0.014718640969223293,-0.6943371462889437
CV-G,gfold_1,G+E,W076,ME4,0.06664930026891967,-0.01466518090169652,0.0813144811706162
CV-G,gfold_1,G+E,W081,ME1,1.3097065362511746,0.2872093495286163,1.0224971867225583
CV-G,gfold_1,G+E,W081,ME2,0.2438945791771601,0.2808698630241975,-0.03697528384703738
CV-G,gfold_1,G+E,W081,ME3,1.3987765505377063,0.30313481485722926,1.095641735680477
CV-G,gfold_1,G+E,W081,ME4,-0.28706909153378485,0.27375099298630945,-0.5608200845200944
CV-G,gfold_1,G+E,W104,ME1,0.5123928965739414,-0.04386302908514681,0.5562559256590882
CV-G,gfold_1,G+E,W104,ME2,-0.5399818987415089,-0.05020251558956568,-0.48977938315194325
CV-G,gfold_1,G+E,W104,ME3,0.5294429356840787,-0.02793756375653386,0.5573804994406126
CV-G,gfold_1,G+E,W104,ME4,-0.1326378632293884,-0.057321385627453675,-0.07531647760193472
CV-G,gfold_1,G+E,W106,ME1,1.448050034246058,0.18970032418381527,1.2583497100622427
CV-G,gfold_1,G+E,W106,ME2,0.41126914592145514,0.1833608376793964,0.22790830824205874
CV-G,gfold_1,G+E,W106,ME3,0.009373277751200794,0.20562578951242824,-0.19625251176122746
CV-G,gfold_1,G+E,W106,ME4,-0.20606566033566145,0.17624196764150843,-0.3823076279771699
CV-G,gfold_1,G+E,W115,ME1,0.004397721974021596,0.08566553598293977,-0.08126781400891818
CV-G,gfold_1,G+E,W115,ME2,-2.239232141523036,0.07932604947852091,-2.3185581910015567
CV-G,gfold_1,G+E,W115,ME3,-2.160573701420955,0.10159100131155273,-2.2621647027325076
CV-G,gfold_1,G+E,W115,ME4,-0.6033262480868572,0.07220717944063292,-0.6755334275274901
CV-G,gfold_1,G+E,W123,ME1,-0.12899417498590277,-0.09536972398026278,-0.03362445100563999
CV-G,gfold_1,G+E,W123,ME2,-2.261382517127264,-0.10170921048468164,-2.159673306642582
CV-G,gfold_1,G+E,W123,ME3,-2.0254292440876536,-0.07944425865164982,-1.9459849854360038
CV-G,gfold_1,G+E,W123,ME4,-1.205136823020109,-0.10882808052256963,-1.0963087424975393
CV-G,gfold_1,G+E,W126,ME1,0.7035507575815313,0.3397881082806341,0.3637626493008972
CV-G,gfold_1,G+E,W126,ME2,-0.7164381194835368,0.33344862177621526,-1.0498867412597521
CV-G,gfold_1,G+E,W126,ME3,-1.0076225497962263,0.35571357360924705,-1.3633361234054733
CV-G,gfold_1,G+E,W126,ME4,-0.11498498378793998,0.32632975173832723,-0.4413147355262672
CV-G,gfold_1,G+E,W129,ME1,0.3675992867045699,-0.002045335186363667,0.3696446218909336
CV-G,gfold_1,G+E,W129,ME2,-0.7055021626137922,-0.008384821690782533,-0.6971173409230096
CV-G,gfold_1,G+E,W129,ME3,-1.0066174128948104,0.013880130142249286,-1.0204975430370598
CV-G,gfold_1,G+E,W129,ME4,0.25807762840091447,-0.015503691728670527,0.273581320129585
CV-G,gfold_1,G+E,W136,ME1,1.2001116429494054,-0.34910930977118837,1.5492209527205938
CV-G,gfold_1,G+E,W136,ME2,-0.5954780826482163,-0.3554487962756072,-0.24002928637260912
CV-G,gfold_1,G+E,W136,ME3,-0.12334702587868498,-0.3331838444425754,0.20983681856389044
CV-G,gfold_1,G+E,W136,ME4,-0.7200209065692281,-0.36256766631349524,-0.3574532402557329
CV-G,gfold_1,G+E,W137,ME1,1.2593842619172477,-0.4499758478749199,1.7093601097921676
CV-G,gfold_1,G+E,W137,ME2,-0.7298422610634676,-0.45631533437933874,-0.27352692668412887
CV-G,gfold_1,G+E,W137,ME3,-1.5665040065695122,-0.43405038254630696,-1.1324536240232053
CV-G,gfold_1,G+E,W137,ME4,-0.313572010802162,-0.46343420441722677,0.14986219361506475
CV-G,gfold_1,G+E,W146,ME1,0.32484286329413,0.28738931191796463,0.03745355137616535
CV-G,gfold_1,G+E,W146,ME2,-0.3760058324827775,0.2810498254135458,-0.6570556578963234
CV-G,gfold_1,G+E,W146,ME3,-0.9709561692159852,0.30331477724657757,-1.2742709464625628
CV-G,gfold_1,G+E,W146,ME4,-0.22216879946963794,0.27393095537565776,-0.49609975484529567
CV-G,gfold_1,G+E,W147,ME1,-0.13546057502168943,-0.05919224169680077,-0.07626833332488867
CV-G,gfold_1,G+E,W147,ME2,-2.2811596382024684,-0.06553172820121964,-2.2156279100012486
CV-G,gfold_1,G+E,W147,ME3,-1.0190844890838067,-0.04326677636818782,-0.9758177127156189
CV-G,gfold_1,G+E,W147,ME4,-0.899649181598651,-0.07265059823910763,-0.8269985833595435
CV-G,gfold_1,G+E,W155,ME1,-0.43492656458841156,0.11823184845947127,-0.5531584130478828
CV-G,gfold_1,G+E,W155,ME2,-0.7343672663654739,0.11189236195505241,-0.8462596283205263
CV-G,gfold_1,G+E,W155,ME3,-0.16035971413084232,0.13415731378808424,-0.29451702791892653
CV-G,gfold_1,G+E,W155,ME4,-0.3288255461127541,0.10477349191716441,-0.4335990380299185
CV-G,gfold_1,G+E,W161,ME1,0.9529713715564129,0.0382424723162336,0.9147288992401793
CV-G,gfold_1,G+E,W161,ME2,0.17511449858665887,0.031902985811814735,0.14321151277484412
CV-G,gfold_1,G+E,W161,ME3,-0.05767526614328379,0.05416793764484655,-0.11184320378813034
CV-G,gfold_1,G+E,W161,ME4,0.40682123110987123,0.02478411577392674,0.3820371153359445
CV-G,gfold_1,G+E,W163,ME1,0.926380948235444,-0.07208112795158743,0.9984620761870314
CV-G,gfold_1,G+E,W163,ME2,0.6447467621475108,-0.07842061445600629,0.7231673766035172
CV-G,gfold_1,G+E,W163,ME3,-1.4454399123846235,-0.05615566262297447,-1.389284249761649
CV-G,gfold_1,G+E,W163,ME4,0.2292304319161596,-0.08553948449389429,0.3147699164100539
CV-G,gfold_1,G+E,W170,ME1,-0.9970391551049749,0.04616160787501366,-1.0432007629799884
CV-G,gfold_1,G+E,W170,ME2,-2.333371237841007,0.03982212137059479,-2.373193359211602
CV-G,gfold_1,G+E,W170,ME3,-1.0502606260848832,0.06208707320362661,-1.11234769928851
CV-G,gfold_1,G+E,W170,ME4,-0.9573357078660927,0.032703251332706795,-0.9900389591987995
CV-G,gfold_1,G+E,W171,ME1,-0.48228439356587777,-0.11521790083069286,-0.3670664927351849
CV-G,gfold_1,G+E,W171,ME2,-2.0723132396483144,-0.12155738733511172,-1.9507558523132027
CV-G,gfold_1,G+E,W171,ME3,-1.2616181108255835,-0.0992924355020799,-1.1623256753235036
CV-G,gfold_1,G+E,W171,ME4,-0.1221515493722353,-0.1286762573729997,0.0065247080007644065
CV-G,gfold_1,G+E,W174,ME1,0.5784983992068063,0.01123816343251851,0.5672602357742879
CV-G,gfold_1,G+E,W174,ME2,0.4238758739796326,0.0048986769280996425,0.41897719705153297
CV-G,gfold_1,G+E,W174,ME3,0.47890735517000743,0.027163628761131462,0.45174372640887595
CV-G,gfold_1,G+E,W174,ME4,-0.026319384775212437,-0.002220193109788351,-0.024099191665424086
CV-G,gfold_1,G+E,W175,ME1,-0.26662913796426974,-0.27742423948797,0.010795101523700279
CV-G,gfold_1,G+E,W175,ME2,-0.9091527159190688,-0.28376372599238886,-0.6253889899266799
CV-G,gfold_1,G+E,W175,ME3,-1.7588905881120498,-0.2614987741593571,-1.4973918139526927
CV-G,gfold_1,G+E,W175,ME4,-0.11690445909262505,-0.2908825960302769,0.17397813693765185
CV-G,gfold_1,G+E,W182,ME1,-0.9739343983020377,-0.7033181365492315,-0.2706162617528062
CV-G,gfold_1,G+E,W182,ME2,-1.3916385260091175,-0.7096576230536504,-0.6819809029554671
CV-G,gfold_1,G+E,W182,ME3,-1.8680450769944406,-0.6873926712206185,-1.180652405773822
CV-G,gfold_1,G+E,W182,ME4,-0.5312200569280725,-0.7167764930915383,0.18555643616346584
CV-G,gfold_1,G+E,W183,ME1,1.2446271877801591,0.14800331765968522,1.096623870120474
CV-G,gfold_1,G+E,W183,ME2,-0.394137497084525,0.14166383115526635,-0.5358013282397913
CV-G,gfold_1,G+E,W183,ME3,0.4471484076966806,0.1639287829882982,0.28321962470838247
CV-G,gfold_1,G+E,W183,ME4,-0.5280733761007202,0.13454496111737838,-0.6626183372180986
CV-G,gfold_1,G+E,W185,ME1,0.6157657122594117,0.2727945863055442,0.3429711259538675
CV-G,gfold_1,G+E,W185,ME2,0.15217303813942173,0.26645509980112536,-0.11428206166170363
CV-G,gfold_1,G+E,W185,ME3,0.20243558158040564,0.28872005163415715,-0.0862844700537515
CV-G,gfold_1,G+E,W185,ME4,0.139022959298029,0.25933622976323734,-0.12031327046520834
CV-G,gfold_1,G+E,W195,ME1,0.5047456048439601,-0.07085681954919762,0.5756024243931578
CV-G,gfold_1,G+E,W195,ME2,-0.34168540765371125,-0.07719630605361648,-0.26448910160009476
CV-G,gfold_1,G+E,W195,ME3,-1.1620081992423568,-0.05493135422058466,-1.107076845021772
CV-G,gfold_1,G+E,W195,ME4,-0.5325337961734922,-0.08431517609150448,-0.4482186200819877
CV-G,gfold_1,G+E,W199,ME1,0.6092911681429728,0.06097126275649869,0.5483199053864741
CV-G,gfold_1,G+E,W199,ME2,0.017074732989860796,0.05463177625207982,-0.03755704326221902
CV-G,gfold_1,G+E,W199,ME3,0.06689413740368748,0.07689672808511164,-0.010002590681424159
CV-G,gfold_1,G+E,W199,ME4,0.572218642097592,0.047512906214191825,0.5247057358834002
CV-G,gfold_1,G+E,W200,ME1,1.0039696045842548,0.10741040412148326,0.8965592004627715
CV-G,gfold_1,G+E,W200,ME2,0.23002211537016914,0.1010709176170644,0.12895119775310476
CV-G,gfold_1,G+E,W200,ME3,0.34821421840012096,0.12333586945009621,0.22487834895002473
CV-G,gfold_1,G+E,W200,ME4,0.2760845094354399,0.0939520475791764,0.18213246185626347
CV-G,gfold_1,G+E,W209,ME1,0.36454525646096697,0.40342624077361156,-0.038880984312644584
CV-G,gfold_1,G+E,W209,ME2,-0.8098557464246845,0.3970867542691927,-1.2069425006938772
CV-G,gfold_1,G+E,W209,ME3,-0.7401547756764563,0.4193517061022245,-1.1595064817786809
CV-G,gfold_1,G+E,W209,ME4,-0.27233475855970657,0.3899678842313047,-0.6623026427910113
CV-G,gfold_1,G+E,W210,ME1,0.5902095871809442,0.47336361750028927,0.11684596968065492
CV-G,gfold_1,G+E,W210,ME2,-0.6701754778644194,0.4670241309958704,-1.1371996088602898
CV-G,gfold_1,G+E,W210,ME3,0.48982871662825406,0.4892890828289022,0.0005396337993518463
CV-G,gfold_1,G+E,W210,ME4,-0.4280954595136601,0.4599052609579824,-0.8880007204716425
CV-G,gfold_1,G+E,W215,ME1,1.1515729222777444,-0.0019954235860051785,1.1535683458637496
CV-G,gfold_1,G+E,W215,ME2,0.39902948123043197,-0.008334910090424044,0.407364391320856
CV-G,gfold_1,G+E,W215,ME3,0.44175952246051514,0.013930041742607775,0.4278294807179074
CV-G,gfold_1,G+E,W215,ME4,0.719145036628753,-0.015453780128312038,0.734598816757065
CV-G,gfold_1,G+E,W224,ME1,0.9583301766238543,0.2664446477199325,0.6918855289039219
CV-G,gfold_1,G+E,W224,ME2,0.4067884413706568,0.26010516121551364,0.14668328015514315
CV-G,gfold_1,G+E,W224,ME3,-0.6646005774985572,0.2823701130485454,-0.9469706905471026
CV-G,gfold_1,G+E,W224,ME4,-1.776786462223186,0.2529862911776256,-2.0297727534008114
CV-G,gfold_1,G+E,W228,ME1,1.0757026669459995,0.0071992933313070155,1.0685033736146925
CV-G,gfold_1,G+E,W228,ME2,-0.6800672027413945,0.0008598068268881485,-0.6809270095682827
CV-G,gfold_1,G+E,W228,ME3,0.9277558840882347,0.023124758659919968,0.9046311254283148
CV-G,gfold_1,G+E,W228,ME4,-0.2857789523945702,-0.006259063210999845,-0.27951988918357035
CV-G,gfold_1,G+E,W232,ME1,-0.4672097002834548,-0.06711241584527441,-0.4000972844381804
CV-G,gfold_1,G+E,W232,ME2,-0.6741815315094128,-0.07345190234969327,-0.6007296291597196
CV-G,gfold_1,G+E,W232,ME3,0.08056906718010086,-0.05118695051666146,0.13175601769676232
CV-G,gfold_1,G+E,W232,ME4,-0.12411822488933168,-0.08057077238758127,-0.043547452501750405
CV-G,gfold_1,G+E,W247,ME1,-1.1563536607725982,0.04496822207718074,-1.201321882849779
CV-G,gfold_1,G+E,W247,ME2,1.1383204173971626,0.03862873557276188,1.0996916818244007
CV-G,gfold_1,G+E,W247,ME3,1.4571167234627758,0.06089368740579369,1.396223036056982
CV-G,gfold_1,G+E,W247,ME4,2.2903063738321063,0.03150986553487388,2.2587965082972326
CV-G,gfold_1,G+E,W250,ME1,0.5522093068698729,0.3743810626006108,0.17782824426926208
CV-G,gfold_1,G+E,W250,ME2,-0.21156777267572885,0.368041576096192,-0.5796093487719208
CV-G,gfold_1,G+E,W250,ME3,-0.42974485023902886,0.39030652792922377,-0.8200513781682526
CV-G,gfold_1,G+E,W250,ME4,0.18984972136184178,0.36092270605830395,-0.17107298469646218
CV-G,gfold_1,G+E,W257,ME1,0.8522535261627155,0.408026632093948,0.44422689406876753
CV-G,gfold_1,G+E,W257,ME2,0.6658529057589677,0.40168714558952917,0.26416576016943855
CV-G,gfold_1,G+E,W257,ME3,0.7868593407896832,0.42395209742256096,0.36290724336712227
CV-G,gfold_1,G+E,W257,ME4,0.7067392474669155,0.39456827555164115,0.3121709719152744
CV-G,gfold_1,G+E,W259,ME1,0.47726747673218567,0.09912200693519085,0.3781454697969948
CV-G,gfold_1,G+E,W259,ME2,-0.46469593640210755,0.092782520430772,-0.5574784568328796
CV-G,gfold_1,G+E,W259,ME3,-1.1657669044619396,0.11504747226380381,-1.2808143767257434
CV-G,gfold_1,G+E,W259,ME4,-0.5089336899683482,0.085663650392884,-0.5945973403612322
CV-G,gfold_1,G+E,W260,ME1,-1.0910788543659937,-0.12288419436319642,-0.9681946600027973
CV-G,gfold_1,G+E,W260,ME2,-1.04520032288024,-0.1292236808676153,-0.9159766420126247
CV-G,gfold_1,G+E,W260,ME3,-1.5575675793283468,-0.10695872903458346,-1.4506088502937633
CV-G,gfold_1,G+E,W260,ME4,-0.5241872252789396,-0.13634255090550326,-0.3878446743734363
CV-G,gfold_1,G+E,W265,ME1,0.26048019392028027,-0.36994608095961107,0.6304262748798913
CV-G,gfold_1,G+E,W265,ME2,0.2681144327306972,-0.3762855674640299,0.6444000001947271
CV-G,gfold_1,G+E,W265,ME3,-1.1188379916529498,-0.3540206156309981,-0.7648173760219517
CV-G,gfold_1,G+E,W265,ME4,-1.0373164677953268,-0.38340443750191794,-0.6539120302934089
CV-G,gfold_1,G+E,W266,ME1,-0.5750128958423102,-0.34914636702244534,-0.22586652881986485
CV-G,gfold_1,G+E,W266,ME2,-1.267779954309016,-0.3554858535268642,-0.9122941007821519
CV-G,gfold_1,G+E,W266,ME3,-1.1455881476763603,-0.3332209016938324,-0.812367245982528
CV-G,gfold_1,G+E,W266,ME4,-0.2543121441210449,-0.3626047235647522,0.10829257944370729
CV-G,gfold_1,G+E,W278,ME1,2.2798131350711293,-0.133824072323393,2.4136372073945225
CV-G,gfold_1,G+E,W278,ME2,-0.8811546411553238,-0.14016355882781187,-0.740991082327512
CV-G,gfold_1,G+E,W278,ME3,-1.2455359204029204,-0.11789860699478004,-1.1276373134081403
CV-G,gfold_1,G+E,W278,ME4,-0.7724682092591277,-0.14728242886569984,-0.6251857803934279
CV-G,gfold_1,G+E,W281,ME1,-0.1682486437170095,0.01685339197399055,-0.18510203569100006
CV-G,gfold_1,G+E,W281,ME2,-0.09756928245888206,0.010513905469571684,-0.10808318792845376
CV-G,gfold_1,G+E,W281,ME3,0.5104213533144165,0.032778857302603506,0.477642496011813
CV-G,gfold_1,G+E,W281,ME4,-1.6677303714492135,0.00339503543168369,-1.6711254068808972
CV-G,gfold_1,G+E,W283,ME1,0.918261299827786,-0.20982946722280227,1.1280907670505882
CV-G,gfold_1,G+E,W283,ME2,-0.2911635652398385,-0.21616895372722114,-0.07499461151261735
CV-G,gfold_1,G+E,W283,ME3,-1.7213542150877255,-0.1939040018941893,-1.5274502131935361
CV-G,gfold_1,G+E,W283,ME4,-0.37978604211172917,-0.2232878237651091,-0.15649821834662006
CV-G,gfold_1,G+E,W284,ME1,1.0625662648581822,-0.12055060809064586,1.183116872948828
CV-G,gfold_1,G+E,W284,ME2,-0.32454101693603876,-0.12689009459506473,-0.19765092234097403
CV-G,gfold_1,G+E,W284,ME3,-0.1334068414214321,-0.1046251427620329,-0.02878169865939921
CV-G,gfold_1,G+E,W284,ME4,1.4590555663724403,-0.1340089646329527,1.593064531005393
CV-G,gfold_1,G+E,W285,ME1,1.2356279786623419,-0.2853983920244311,1.521026370686773
CV-G,gfold_1,G+E,W285,ME2,-0.17458930277415685,-0.29173787852884997,0.11714857575469312
CV-G,gfold_1,G+E,W285,ME3,-0.5557332705879994,-0.2694729266958182,-0.2862603438921812
CV-G,gfold_1,G+E,W285,ME4,-0.2086852721244325,-0.298856748566738,0.0901714764423055
CV-G,gfold_1,G+E,W288,ME1,-0.7560069441991898,-0.3423127606096723,-0.4136941835895175
CV-G,gfold_1,G+E,W288,ME2,0.30044132375538307,-0.34865224711409115,0.6490935708694743
CV-G,gfold_1,G+E,W288,ME3,-0.35653034047871324,-0.32638729528105936,-0.030143045197653873
CV-G,gfold_1,G+E,W288,ME4,-2.48609552092087,-0.3557711171519792,-2.130324403768891
CV-G,gfold_1,G+E,W294,ME1,0.08446217884031194,0.07518408640144758,0.009278092438864363
CV-G,gfold_1,G+E,W294,ME2,0.6605937737226507,0.06884459989702872,0.591749173825622
CV-G,gfold_1,G+E,W294,ME3,0.9711541479493911,0.09110955173006054,0.8800445962193306
CV-G,gfold_1,G+E,W294,ME4,-2.6827630726304075,0.061725729859140724,-2.744488802489548
CV-G,gfold_1,G+E,W297,ME1,0.12716159368620536,-0.03779214759330692,0.1649537412795123
CV-G,gfold_1,G+E,W297,ME2,-1.2652484828113897,-0.04413163409772579,-1.2211168487136639
CV-G,gfold_1,G+E,W297,ME3,-0.6500556552780606,-0.02186668226469397,-0.6281889730133666
CV-G,gfold_1,G+E,W297,ME4,-1.0464890424070596,-0.051250504135613786,-0.9952385382714458
CV-G,gfold_1,G+E,W298,ME1,1.7541371613809094,-0.4829237576110061,2.2370609189919155
CV-G,gfold_1,G+E,W298,ME2,-0.9044821510059489,-0.48926324411542493,-0.41521890689052393
CV-G,gfold_1,G+E,W298,ME3,-0.7041134382113813,-0.46699829228239315,-0.23711514592898814
CV-G,gfold_1,G+E,W298,ME4,0.6656435958616905,-0.49638211415331296,1.1620257100150035
CV-G,gfold_1,G+E,W300,ME1,-0.397260191583976,-0.5375554240030742,0.1402952324190982
CV-G,gfold_1,G+E,W300,ME2,-1.1990568318272115,-0.5438949105074932,-0.6551619213197183
CV-G,gfold_1,G+E,W300,ME3,-1.1588238579664407,-0.5216299586744613,-0.6371938992919794
CV-G,gfold_1,G+E,W300,ME4,-0.6507624615591974,-0.5510137805453811,-0.09974868101381629
CV-G,gfold_1,G+E,W306,ME1,0.22139675088281457,-0.1661531828425334,0.38754993372534796
CV-G,gfold_1,G+E,W306,ME2,-1.4221997156642086,-0.17249266934695226,-1.2497070463172564
CV-G,gfold_1,G+E,W306,ME3,-0.7049580910697139,-0.15022771751392042,-0.5547303735557935
CV-G,gfold_1,G+E,W306,ME4,-0.13395160247480797,-0.17961153938484023,0.045659936910032256
CV-G,gfold_1,G+E,W322,ME1,0.36149937029801327,-0.1251305715142829,0.48662994181229613
CV-G,gfold_1,G+E,W322,ME2,0.8221079839499407,-0.13147005801870176,0.9535780419686424
CV-G,gfold_1,G+E,W322,ME3,0.6480237504654676,-0.10920510618566993,0.7572288566511375
CV-G,gfold_1,G+E,W322,ME4,-0.6964208003640836,-0.13858892805658973,-0.5578318723074939
CV-G,gfold_1,G+E,W333,ME1,1.1801097808739682,-0.12602249205228677,1.306132272926255
CV-G,gfold_1,G+E,W333,ME2,0.18842370998542793,-0.13236197855670565,0.3207856885421336
CV-G,gfold_1,G+E,W333,ME3,-1.0495764572696338,-0.11009702672367382,-0.93947943054596
CV-G,gfold_1,G+E,W333,ME4,-0.6665273325042338,-0.13948084859459361,-0.5270464839096402
CV-G,gfold_1,G+E,W335,ME1,-1.2333233669920391,0.26977981960501396,-1.5031031865970532
CV-G,gfold_1,G+E,W335,ME2,0.5764856332140236,0.2634403331005951,0.31304530011342846
CV-G,gfold_1,G+E,W335,ME3,0.2146577084404855,0.2857052849336269,-0.07104757649314139
CV-G,gfold_1,G+E,W335,ME4,-2.0075404339950196,0.2563214630627071,-2.2638618970577267
CV-G,gfold_1,G+E,W338,ME1,0.3426295354328722,-0.15328345537998417,0.4959129908128564
CV-G,gfold_1,G+E,W338,ME2,0.33145184960130375,-0.15962294188440304,0.49107479148570676
CV-G,gfold_1,G+E,W338,ME3,0.6649590402750464,-0.1373579900513712,0.8023170303264175
CV-G,gfold_1,G+E,W338,ME4,-2.2632082512174176,-0.166741811922291,-2.0964664392951264
CV-G,gfold_1,G+E,W355,ME1,0.36082341160409537,0.2940207289715056,0.06680268263258976
CV-G,gfold_1,G+E,W355,ME2,-0.9454666745525154,0.28768124246708676,-1.2331479170196022
CV-G,gfold_1,G+E,W355,ME3,-0.1772527712975054,0.30994619430011855,-0.487198965597624
CV-G,gfold_1,G+E,W355,ME4,-0.17507085418623797,0.28056237242919874,-0.4556332266154367
CV-G,gfold_1,G+E,W360,ME1,1.1992076499972983,-0.02824180688618317,1.2274494568834815
CV-G,gfold_1,G+E,W360,ME2,-0.7609983465205008,-0.034581293390602036,-0.7264170531298988
CV-G,gfold_1,G+E,W360,ME3,-0.7399520589904557,-0.012316341557570217,-0.7276357174328855
CV-G,gfold_1,G+E,W360,ME4,0.5098120945891214,-0.041700163428490034,0.5515122580176114
CV-G,gfold_1,G+E,W361,ME1,1.7077566220813938,0.21115725974233254,1.4965993623390612
CV-G,gfold_1,G+E,W361,ME2,0.3831001968316201,0.20481777323791367,0.17828242359370644
CV-G,gfold_1,G+E,W361,ME3,-0.20830221036983157,0.2270827250709455,-0.43538493544077705
CV-G,gfold_1,G+E,W361,ME4,-0.545380120651159,0.1976989032000257,-0.7430790238511847
CV-G,gfold_1,G+E,W375,ME1,-1.4323891303103982,-0.1838323144990105,-1.2485568158113876
CV-G,gfold_1,G+E,W375,ME2,0.38901751145732083,-0.19017180100342937,0.5791893124607502
CV-G,gfold_1,G+E,W375,ME3,-0.08121574130502755,-0.16790684917039753,0.08669110786536997
CV-G,gfold_1,G+E,W375,ME4,-1.647505080431404,-0.19729067104131734,-1.4502144093900866
CV-G,gfold_1,G+E,W386,ME1,0.5493588786425111,-0.05883539674127793,0.608194275383789
CV-G,gfold_1,G+E,W386,ME2,-0.4948394332600915,-0.0651748832456968,-0.4296645500143947
CV-G,gfold_1,G+E,W386,ME3,-2.209377743575444,-0.042909931412664984,-2.1664678121627787
CV-G,gfold_1,G+E,W386,ME4,-0.765907379734098,-0.0722937532835848,-0.6936136264505132
CV-G,gfold_1,G+E,W388,ME1,0.0873126070676752,-0.14651165093366225,0.23382425800133744
CV-G,gfold_1,G+E,W388,ME2,-0.38628993544188317,-0.15285113743808112,-0.23343879800380204
CV-G,gfold_1,G+E,W388,ME3,-0.816367803083855,-0.13058618560504928,-0.6857816174788057
CV-G,gfold_1,G+E,W388,ME4,-0.5011849884309924,-0.1599700074759691,-0.34121498095502323
CV-G,gfold_1,G+E,W405,ME1,1.4818398248612796,0.40646122875823154,1.075378596103048
CV-G,gfold_1,G+E,W405,ME2,1.9187097933278512,0.4001217422538127,1.5185880510740386
CV-G,gfold_1,G+E,W405,ME3,0.5428306834886591,0.4223866940868445,0.12044398940181467
CV-G,gfold_1,G+E,W405,ME4,1.6132429269127186,0.39300287221592467,1.220240054696794
CV-G,gfold_1,G+E,W411,ME1,-1.530232115234783,-0.29579736406710144,-1.2344347511676816
CV-G,gfold_1,G+E,W411,ME2,-0.7556063122305567,-0.3021368505715203,-0.45346946165903645
CV-G,gfold_1,G+E,W411,ME3,1.849060989315101,-0.2798718987384885,2.1289328880535896
CV-G,gfold_1,G+E,W411,ME4,1.4066161303846103,-0.3092557206094083,1.7158718509940187
CV-G,gfold_1,G+E,W412,ME1,-0.336269171599065,0.07276808113001648,-0.4090372527290815
CV-G,gfold_1,G+E,W412,ME2,0.02449194447790443,0.06642859462559762,-0.0419366501476932
CV-G,gfold_1,G+E,W412,ME3,0.33839935218628936,0.08869354645862944,0.24970580572765994
CV-G,gfold_1,G+E,W412,ME4,0.20503245635381828,0.059309724587709625,0.14572273176610867
CV-G,gfold_1,G+E,W415,ME1,-0.01355183177771391,-0.35767247417911546,0.34412064240140156
CV-G,gfold_1,G+E,W415,ME2,1.83232332847136,-0.3640119606835343,2.196335289154894
CV-G,gfold_1,G+E,W415,ME3,1.9449882144359945,-0.3417470088505025,2.286735223286497
CV-G,gfold_1,G+E,W415,ME4,-0.07298466144485104,-0.37113083072142233,0.2981461692765713
CV-G,gfold_1,G+E,W417,ME1,-0.03804922637173485,-0.01584362004819031,-0.02220560632354454
CV-G,gfold_1,G+E,W417,ME2,1.5770497426507435,-0.022183106552609175,1.5992328492033527
CV-G,gfold_1,G+E,W417,ME3,1.1736427776775933,8.184528042264397e-05,1.1735609323971707
CV-G,gfold_1,G+E,W417,ME4,0.7372856515984407,-0.02930197659049717,0.7665876281889379
CV-G,gfold_1,G+E,W419,ME1,-1.6789837482998657,0.018772904914635354,-1.6977566532145012
CV-G,gfold_1,G+E,W419,ME2,-0.012062503947815505,0.012433418410216487,-0.024495922358031993
CV-G,gfold_1,G+E,W419,ME3,-0.5403605885663361,0.0346983702432483,-0.5750589588095844
CV-G,gfold_1,G+E,W419,ME4,-0.26471192425544493,0.005314548372328493,-0.2700264726277734
CV-G,gfold_1,G+E,W435,ME1,-0.8796096562182832,0.25698584908286237,-1.1365955053011456
CV-G,gfold_1,G+E,W435,ME2,0.4319765827720364,0.2506463625784435,0.18133022019359285
CV-G,gfold_1,G+E,W435,ME3,-0.03741204407187156,0.2729113144114753,-0.31032335848334686
CV-G,gfold_1,G+E,W435,ME4,0.004502353928706192,0.24352749254055553,-0.23902513861184935
CV-G,gfold_1,G+E,W437,ME1,-0.704397905122626,-0.16133339860748927,-0.5430645065151367
CV-G,gfold_1,G+E,W437,ME2,0.3079471367458448,-0.16767288511190814,0.47562002185775293
CV-G,gfold_1,G+E,W437,ME3,-0.02109335084887578,-0.1454079332788763,0.12431458243000051
CV-G,gfold_1,G+E,W437,ME4,-0.19450160829514038,-0.1747917551497961,-0.019709853145344264
CV-G,gfold_1,G+E,W438,ME1,0.5673328646361946,-0.2315495444067301,0.7988824090429247
CV-G,gfold_1,G+E,W438,ME2,0.1924614070241416,-0.23788903091114896,0.4303504379352906
CV-G,gfold_1,G+E,W438,ME3,-1.3403313106936483,-0.21562407907811712,-1.124707231615531
CV-G,gfold_1,G+E,W438,ME4,-0.8563744535204845,-0.24500790094903693,-0.6113665525714476
CV-G,gfold_1,G+E,W440,ME1,-1.6469042146210608,-0.027402284103853015,-1.6195019305172078
CV-G,gfold_1,G+E,W440,ME2,0.16898200888365905,-0.03374177060827188,0.20272377949193093
CV-G,gfold_1,G+E,W440,ME3,1.692327204922804,-0.011476818775240063,1.703804023698044
CV-G,gfold_1,G+E,W440,ME4,1.0853872181243212,-0.04086064064615988,1.126247858770481
CV-G,gfold_1,G+E,W445,ME1,-0.5518348423135264,-0.35335458402482683,-0.19848025828869958
CV-G,gfold_1,G+E,W445,ME2,0.4856247924854782,-0.3596940705292457,0.8453188630147239
CV-G,gfold_1,G+E,W445,ME3,0.6847999359172923,-0.3374291186962139,1.0222290546135062
CV-G,gfold_1,G+E,W445,ME4,-0.2175353119513613,-0.3668129405671337,0.1492776286157724
CV-G,gfold_1,G+E,W457,ME1,-0.3174482012178212,0.2974382011443663,-0.6148864023621875
CV-G,gfold_1,G+E,W457,ME2,1.459304674617408,0.29109871463994746,1.1682059599774606
CV-G,gfold_1,G+E,W457,ME3,1.705774078427467,0.31336366647297925,1.3924104119544878
CV-G,gfold_1,G+E,W457,ME4,0.3464757595433167,0.28397984460205944,0.06249591494125728
CV-G,gfold_1,G+E,W462,ME1,0.1336687141252414,0.573592374723517,-0.4399236605982756
CV-G,gfold_1,G+E,W462,ME2,1.8385444196767766,0.567252888219098,1.2712915314576785
CV-G,gfold_1,G+E,W462,ME3,1.0706880407753672,0.5895178400521299,0.48117020072323724
CV-G,gfold_1,G+E,W462,ME4,0.5163650574120837,0.5601340181812101,-0.0437689607691264
CV-G,gfold_1,G+E,W463,ME1,0.15286431221636598,0.6156387779268848,-0.46277446571051883
CV-G,gfold_1,G+E,W463,ME2,1.6161989493615307,0.6092992914224659,1.0068996579390648
CV-G,gfold_1,G+E,W463,ME3,0.7807862867382699,0.6315642432554978,0.14922204348277213
CV-G,gfold_1,G+E,W463,ME4,0.18464983129464213,0.602180421384578,-0.4175305900899358
CV-G,gfold_1,G+E,W472,ME1,-0.246480682437141,0.3820412172944105,-0.6285218997315515
CV-G,gfold_1,G+E,W472,ME2,1.0721414237704705,0.37570173078999164,0.6964396929804788
CV-G,gfold_1,G+E,W472,ME3,0.9859862521417206,0.3979666826230234,0.5880195695186972
CV-G,gfold_1,G+E,W472,ME4,0.7454355549412843,0.3685828607521036,0.3768526941891807
CV-G,gfold_1,G+E,W478,ME1,-1.1201287900431438,0.2132022312365624,-1.3333310212797063
CV-G,gfold_1,G+E,W478,ME2,1.5837391560832192,0.20686274473214353,1.3768764113510756
CV-G,gfold_1,G+E,W478,ME3,2.3682859943896455,0.22912769656517537,2.13915829782447
CV-G,gfold_1,G+E,W478,ME4,1.8565836219939622,0.19974387469425556,1.6568397472997067
CV-G,gfold_1,G+E,W479,ME1,-1.7023491156835893,0.20745888696465292,-1.9098080026482422
CV-G,gfold_1,G+E,W479,ME2,-0.8799205488002311,0.20111940046023405,-1.0810399492604652
CV-G,gfold_1,G+E,W479,ME3,-1.1343204785461969,0.2233843522932659,-1.3577048308394628
CV-G,gfold_1,G+E,W479,ME4,-0.5541042932449943,0.19400053042234608,-0.7481048236673404
CV-G,gfold_1,G+E,W480,ME1,-0.5553938055574061,0.012618661795712659,-0.5680124673531188
CV-G,gfold_1,G+E,W480,ME2,0.7247982195811928,0.006279175291293792,0.7185190442898991
CV-G,gfold_1,G+E,W480,ME3,-0.04519129689711931,0.02854412712432561,-0.07373542402144492
CV-G,gfold_1,G+E,W480,ME4,0.0719907909733504,-0.0008396947465942016,0.0728304857199446
CV-G,gfold_1,G+E,W481,ME1,-0.6238692356593067,-0.04679356790548229,-0.5770756677538245
CV-G,gfold_1,G+E,W481,ME2,0.6685995523338926,-0.053133054409901154,0.7217326067437937
CV-G,gfold_1,G+E,W481,ME3,0.558971999611405,-0.030868102576869335,0.5898401021882743
CV-G,gfold_1,G+E,W481,ME4,0.3609976915615497,-0.06025192444778915,0.42124961600933886
CV-G,gfold_1,G+E,W483,ME1,0.06985169815491646,0.2815251045676499,-0.21167340641273344
CV-G,gfold_1,G+E,W483,ME2,1.4315977190758915,0.27518561806323105,1.1564121010126605
CV-G,gfold_1,G+E,W483,ME3,0.6017874530003112,0.29745056989626284,0.3043368831040484
CV-G,gfold_1,G+E,W483,ME4,0.624060208728226,0.268066748025343,0.35599346070288296
CV-G,gfold_1,G+E,W486,ME1,0.2621904508566996,0.27340829064158856,-0.011217839784888939
CV-G,gfold_1,G+E,W486,ME2,2.429908818879724,0.2670688041371697,2.1628400147425544
CV-G,gfold_1,G+E,W486,ME3,2.0737977753317973,0.2893337559702015,1.7844640193615957
CV-G,gfold_1,G+E,W486,ME4,0.5986350276432176,0.2599499340992817,0.33868509354393594
CV-G,gfold_1,G+E,W492,ME1,0.4626162756435408,0.1531054680511475,0.3095108075923933
CV-G,gfold_1,G+E,W492,ME2,1.6708407616377905,0.14676598154672862,1.524074780091062
CV-G,gfold_1,G+E,W492,ME3,-0.4861169820041824,0.16903093337976047,-0.6551479153839429
CV-G,gfold_1,G+E,W492,ME4,1.3253216312099565,0.13964711150884065,1.1856745197011158
CV-G,gfold_1,G+E,W493,ME1,0.414558055730206,-0.3969964491724283,0.8115545049026343
CV-G,gfold_1,G+E,W493,ME2,-0.22233918389812937,-0.40333593567684717,0.1809967517787178
CV-G,gfold_1,G+E,W493,ME3,-1.0674493117519623,-0.3810709838438154,-0.686378327908147
CV-G,gfold_1,G+E,W493,ME4,0.9141055139894508,-0.4104548057147352,1.324560319704186
CV-G,gfold_1,G+E,W494,ME1,-1.7667606495413364,-0.2855164922981686,-1.4812441572431678
CV-G,gfold_1,G+E,W494,ME2,0.07548210911883936,-0.29185597880258746,0.3673380879214268
CV-G,gfold_1,G+E,W494,ME3,-0.10884433630110421,-0.26959102696955567,0.16074669066845146
CV-G,gfold_1,G+E,W494,ME4,1.2643546901799998,-0.2989748488404755,1.5633295390204753
CV-G,gfold_1,G+E,W496,ME1,0.07713250625566485,-0.16190758087525695,0.23904008713092179
CV-G,gfold_1,G+E,W496,ME2,-0.30151095498638586,-0.16824706737967582,-0.13326388760671004
CV-G,gfold_1,G+E,W496,ME3,0.6887191251799566,-0.14598211554664398,0.8347012407266006
CV-G,gfold_1,G+E,W496,ME4,1.191587696047471,-0.1753659374175638,1.3669536334650347
CV-G,gfold_1,G+E,W497,ME1,0.07669272590058679,-0.017010572660225938,0.09370329856081272
CV-G,gfold_1,G+E,W497,ME2,1.2973158134843144,-0.023350059164644804,1.320665872648959
CV-G,gfold_1,G+E,W497,ME3,1.222260996203249,-0.0010851073316129854,1.2233461035348618
CV-G,gfold_1,G+E,W497,ME4,0.670481617633745,-0.0304689292025328,0.7009505468362778
CV-G,gfold_1,G+E,W498,ME1,0.7280318640142522,0.03709357004842993,0.6909382939658223
CV-G,gfold_1,G+E,W498,ME2,0.4544687070284439,0.030754083544011067,0.42371462348443284
CV-G,gfold_1,G+E,W498,ME3,-1.779542350498295,0.05301903537704289,-1.832561385875338
CV-G,gfold_1,G+E,W498,ME4,-0.9874887768941991,0.023635213506123073,-1.0111239904003222
CV-G,gfold_1,G+E,W504,ME1,0.22973628946801242,0.125632868684704,0.10410342078330842
CV-G,gfold_1,G+E,W504,ME2,-0.6235204581631704,0.11929338218028514,-0.7428138403434555
CV-G,gfold_1,G+E,W504,ME3,-1.4609223992778704,0.14155833401331697,-1.6024807332911872
CV-G,gfold_1,G+E,W504,ME4,-0.29521899487662834,0.11217451214239714,-0.4073935070190255
CV-G,gfold_1,G+E,W505,ME1,0.7185847304607064,-0.2516820970725522,0.9702668275332585
CV-G,gfold_1,G+E,W505,ME2,-0.0927531579346486,-0.258021583576971,0.16526842564232241
CV-G,gfold_1,G+E,W505,ME3,-0.44593684553327567,-0.2357566317439392,-0.21018021378933646
CV-G,gfold_1,G+E,W505,ME4,0.15842224659865833,-0.26514045361485905,0.4235627002135174
CV-G,gfold_1,G+E,W515,ME1,-0.08609930220441896,-0.23147349738208514,0.1453741951776662
CV-G,gfold_1,G+E,W515,ME2,0.9101272479223992,-0.23781298388650401,1.1479402318089031
CV-G,gfold_1,G+E,W515,ME3,0.34541841743903756,-0.21554803205347217,0.5609664494925097
CV-G,gfold_1,G+E,W515,ME4,0.3683923915058278,-0.24493185392439198,0.6133242454302198
CV-G,gfold_1,G+E,W518,ME1,-0.1406564984761391,0.3399998520030982,-0.48065635047923727
CV-G,gfold_1,G+E,W518,ME2,1.545222817246839,0.33366036549867933,1.2115624517481596
CV-G,gfold_1,G+E,W518,ME3,0.7390435424794451,0.3559253173317111,0.383118225147734
CV-G,gfold_1,G+E,W518,ME4,0.5383682230973467,0.3265414954607913,0.21182672763655536
CV-G,gfold_1,G+E,W520,ME1,-1.0631446577378398,0.36949542215081405,-1.4326400798886538
CV-G,gfold_1,G+E,W520,ME2,1.0143162860859474,0.3631559356463952,0.6511603504395522
CV-G,gfold_1,G+E,W520,ME3,1.273995983776153,0.385420887479427,0.888575096296726
CV-G,gfold_1,G+E,W520,ME4,1.9184709671659197,0.3560370656085072,1.5624339015574125
CV-G,gfold_1,G+E,W533,ME1,0.21659988738019506,0.10466841925341218,0.11193146812678288
CV-G,gfold_1,G+E,W533,ME2,0.7705798816157614,0.09832893274899332,0.6722509488667681
CV-G,gfold_1,G+E,W533,ME3,0.5911110408709809,0.12059388458202513,0.47051715628895574
CV-G,gfold_1,G+E,W533,ME4,0.058782598200538355,0.09121006271110532,-0.03242746451056697
CV-G,gfold_1,G+E,W545,ME1,-1.5147176415972805,0.1743604524242127,-1.6890780940214931
CV-G,gfold_1,G+E,W545,ME2,0.3687910541912884,0.16802096591979382,0.20077008827149456
CV-G,gfold_1,G+E,W545,ME3,1.910298321544253,0.19028591775282566,1.7200124037914275
CV-G,gfold_1,G+E,W545,ME4,1.5691893953297815,0.16090209588190585,1.4082872994478757
CV-G,gfold_1,G+E,W549,ME1,-1.4492473772550856,-0.14569576370013057,-1.303551613554955
CV-G,gfold_1,G+E,W549,ME2,0.5536770750204113,-0.15203525020454944,0.7057123252249607
CV-G,gfold_1,G+E,W549,ME3,-0.4345509250029448,-0.1297702983715176,-0.3047806266314272
CV-G,gfold_1,G+E,W549,ME4,2.5931744034647943,-0.1591541202424374,2.7523285237072317
CV-G,gfold_1,G+E,W551,ME1,-1.219258539710167,0.23161930269427983,-1.4508778424044468
CV-G,gfold_1,G+E,W551,ME2,0.6877817776071544,0.22527981618986095,0.4625019614172935
CV-G,gfold_1,G+E,W551,ME3,0.9346060187693153,0.2475447680228928,0.6870612507464224
CV-G,gfold_1,G+E,W551,ME4,1.9749145545065567,0.21816094615197298,1.7567536083545838
CV-G,gfold_1,G+E,W552,ME1,-2.126582420802298,-0.0677554177442696,-2.0588270030580285
CV-G,gfold_1,G+E,W552,ME2,0.4156485916123478,-0.07409490424868846,0.48974349586103627
CV-G,gfold_1,G+E,W552,ME3,0.24379823205297826,-0.05182995241565665,0.2956281844686349
CV-G,gfold_1,G+E,W552,ME4,1.7448135190063983,-0.08121377428657646,1.8260272932929746
CV-G,gfold_1,G+E,W553,ME1,-2.045141614306222,0.41800496849428803,-2.46314658280051
CV-G,gfold_1,G+E,W553,ME2,0.10633441799615763,0.4116654819898692,-0.30533106399371157
CV-G,gfold_1,G+E,W553,ME3,-0.00769715651571153,0.433930433822901,-0.4416275903386125
CV-G,gfold_1,G+E,W553,ME4,0.7691457949753856,0.40454661195198116,0.36459918302340444
CV-G,gfold_1,G+E,W564,ME1,-1.8422725653244976,0.27235547432476975,-2.114628039649267
CV-G,gfold_1,G+E,W564,ME2,1.0479532136106535,0.2660159878203509,0.7819372257903026
CV-G,gfold_1,G+E,W564,ME3,0.18802580381724174,0.2882809396533827,-0.10025513583614096
CV-G,gfold_1,G+E,W564,ME4,1.4563022206485077,0.2588971177824629,1.1974051028660448
CV-G,gfold_1,G+E,W565,ME1,-2.001456765701728,-0.08508827097191562,-1.9163684947298123
CV-G,gfold_1,G+E,W565,ME2,0.2028467688431519,-0.09142775747633448,0.29427452631948636
CV-G,gfold_1,G+E,W565,ME3,0.39330178797794274,-0.06916280564330267,0.4624645936212454
CV-G,gfold_1,G+E,W565,ME4,0.9561766366511554,-0.09854662751422248,1.0547232641653779
CV-G,gfold_1,G+E,W567,ME1,-1.8052577187720307,0.031703386209264224,-1.8369611049812948
CV-G,gfold_1,G+E,W567,ME2,-0.09448721591052203,0.02536389970484536,-0.11985111561536739
CV-G,gfold_1,G+E,W567,ME3,0.12111240438009135,0.04762885153787718,0.07348355284221417
CV-G,gfold_1,G+E,W567,ME4,1.2716313895932525,0.018245029666957367,1.253386359926295
CV-G,gfold_1,G+E,W579,ME1,-2.015155109354367,-0.0334580562017214,-1.9816970531526454
CV-G,gfold_1,G+E,W579,ME2,0.828594879662607,-0.03979754270614027,0.8683924223687473
CV-G,gfold_1,G+E,W579,ME3,-0.13355043240734935,-0.01753259087310845,-0.1160178415342409
CV-G,gfold_1,G+E,W579,ME4,0.3242837930084128,-0.04691641274402826,0.37120020575244106
CV-G,gfold_1,G+E,W580,ME1,-1.7434441466415098,-0.06280552883968302,-1.6806386178018269
CV-G,gfold_1,G+E,W580,ME2,0.5192807060464169,-0.06914501534410188,0.5884257213905187
CV-G,gfold_1,G+E,W580,ME3,-0.05056328907611873,-0.04688006351107006,-0.003683225565048666
CV-G,gfold_1,G+E,W580,ME4,0.11452604905708998,-0.07626388538198987,0.19078993443907985
CV-G,gfold_1,G+E,W587,ME1,-2.0059034337364126,0.03614177062226965,-2.0420452043586823
CV-G,gfold_1,G+E,W587,ME2,-0.060584483878563994,0.029802284117850783,-0.09038676799641478
CV-G,gfold_1,G+E,W587,ME3,0.14319163009691935,0.0520672359508826,0.09112439414603675
CV-G,gfold_1,G+E,W587,ME4,0.7443656834599843,0.02268341407996279,0.7216822693800216
CV-G,gfold_1,G+E,W589,ME1,-0.8414709265361711,0.3198156694302465,-1.1612865959664176
CV-G,gfold_1,G+E,W589,ME2,0.6547840466355984,0.31347618292582763,0.3413078637097708
CV-G,gfold_1,G+E,W589,ME3,0.7316528299690309,0.3357411347588594,0.3959116952101715
CV-G,gfold_1,G+E,W589,ME4,2.615987839463101,0.3063573128879396,2.309630526575161
CV-G,gfold_1,G+E,W592,ME1,-1.0251036570235235,0.2633046685895163,-1.2884083256130396
CV-G,gfold_1,G+E,W592,ME2,1.052433918161452,0.25696518208509744,0.7954687360763545
CV-G,gfold_1,G+E,W592,ME3,1.9209747336735834,0.27923013391812923,1.6417445997554543
CV-G,gfold_1,G+E,W592,ME4,1.7018770591171724,0.24984631204720945,1.452030747069963
CV-G,gfold_1,G+E,W594,ME1,-0.4903714656509386,0.5031187130656717,-0.9934901787166103
CV-G,gfold_1,G+E,W594,ME2,0.9528331720873529,0.4967792265612528,0.45605394552610007
CV-G,gfold_1,G+E,W594,ME3,2.9378438632922617,0.5190441783942846,2.418799684897977
CV-G,gfold_1,G+E,W594,ME4,1.7915574626967217,0.48966035652336476,1.3018971061733569
CV-G,gfold_1,G+E+GxE legacy-grid,W032,ME1,3.2789208050843364,0.594334682115956,2.6845861229683803
CV-G,gfold_1,G+E+GxE legacy-grid,W032,ME2,-0.2730255719593472,0.2990081545379876,-0.5720337264973347
CV-G,gfold_1,G+E+GxE legacy-grid,W032,ME3,-1.408832657504465,0.20935440067919503,-1.61818705818366
CV-G,gfold_1,G+E+GxE legacy-grid,W032,ME4,0.9739475166236292,0.12975103153934436,0.8441964850842849
CV-G,gfold_1,G+E+GxE legacy-grid,W033,ME1,-1.3051134379183305,-0.3188425959927695,-0.986270841925561
CV-G,gfold_1,G+E+GxE legacy-grid,W033,ME2,-2.87368218561558,-1.6083973487415462,-1.2652848368740337
CV-G,gfold_1,G+E+GxE legacy-grid,W033,ME3,-2.228348646773606,-1.0997014121581676,-1.1286472346154381
CV-G,gfold_1,G+E+GxE legacy-grid,W033,ME4,-1.224803578191063,-1.2042337670706666,-0.020569811120396242
CV-G,gfold_1,G+E+GxE legacy-grid,W042,ME1,0.28221674517408457,-0.36519521275275346,0.647411957926838
CV-G,gfold_1,G+E+GxE legacy-grid,W042,ME2,1.061629488376578,-0.05187323930407429,1.1135027276806524
CV-G,gfold_1,G+E+GxE legacy-grid,W042,ME3,1.1875964428972565,0.1519345697382319,1.0356618731590246
CV-G,gfold_1,G+E+GxE legacy-grid,W042,ME4,-1.6246916444330985,0.46235630543897105,-2.0870479498720695
CV-G,gfold_1,G+E+GxE legacy-grid,W045,ME1,-0.28018903224586655,-0.36552938014633224,0.08534034790046569
CV-G,gfold_1,G+E+GxE legacy-grid,W045,ME2,-0.6089201963006126,-0.26812470513201825,-0.3407954911685943
CV-G,gfold_1,G+E+GxE legacy-grid,W045,ME3,-1.45838844070287,0.007196352627109107,-1.465584793329979
CV-G,gfold_1,G+E+GxE legacy-grid,W045,ME4,-0.5331867324451682,-0.23102266031130286,-0.30216407213386537
CV-G,gfold_1,G+E+GxE legacy-grid,W048,ME1,0.5356442468285734,0.7103805952923454,-0.17473634846377206
CV-G,gfold_1,G+E+GxE legacy-grid,W048,ME2,-0.12263085028538062,-0.21670451851353237,0.09407366822815175
CV-G,gfold_1,G+E+GxE legacy-grid,W048,ME3,-0.4988627936364293,-0.09561412570042356,-0.4032486679360058
CV-G,gfold_1,G+E+GxE legacy-grid,W048,ME4,0.51088983277249,0.19515488556615762,0.3157349472063324
CV-G,gfold_1,G+E+GxE legacy-grid,W050,ME1,-0.45643508158402396,0.0707946821227121,-0.527229763706736
CV-G,gfold_1,G+E+GxE legacy-grid,W050,ME2,0.06876105229264243,-0.2175425937432873,0.2863036460359297
CV-G,gfold_1,G+E+GxE legacy-grid,W050,ME3,0.4988327160980865,-0.5108081605982352,1.0096408766963216
CV-G,gfold_1,G+E+GxE legacy-grid,W050,ME4,-0.43450682169939076,-0.298817345462284,-0.13568947623710675
CV-G,gfold_1,G+E+GxE legacy-grid,W051,ME1,0.5807135891434996,0.4612985159823988,0.11941507316110078
CV-G,gfold_1,G+E+GxE legacy-grid,W051,ME2,0.43938113690259234,0.35573418882126295,0.08364694808132939
CV-G,gfold_1,G+E+GxE legacy-grid,W051,ME3,0.6325159239864702,0.506406860982232,0.1261090630042382
CV-G,gfold_1,G+E+GxE legacy-grid,W051,ME4,-0.2958247309358938,0.3453661963655704,-0.6411909273014642
CV-G,gfold_1,G+E+GxE legacy-grid,W058,ME1,0.03071124655290282,0.40836676958551255,-0.37765552303260974
CV-G,gfold_1,G+E+GxE legacy-grid,W058,ME2,0.23106001868419593,-0.05724061341550872,0.28830063209970463
CV-G,gfold_1,G+E+GxE legacy-grid,W058,ME3,-0.17704160808292188,-0.20880277805662967,0.03176116997370779
CV-G,gfold_1,G+E+GxE legacy-grid,W058,ME4,-1.814806233319674,-0.3010334124161745,-1.5137728209034995
CV-G,gfold_1,G+E+GxE legacy-grid,W060,ME1,0.2574668840799267,0.12194814339273738,0.1355187406871893
CV-G,gfold_1,G+E+GxE legacy-grid,W060,ME2,-2.3790959417668787,-0.4695463066057698,-1.9095496351611088
CV-G,gfold_1,G+E+GxE legacy-grid,W060,ME3,-1.3131081490695713,-0.4803730686056066,-0.8327350804639647
CV-G,gfold_1,G+E+GxE legacy-grid,W060,ME4,0.6133850940214327,-0.20212309641458187,0.8155081904360146
CV-G,gfold_1,G+E+GxE legacy-grid,W061,ME1,0.14228515145252696,0.6683903592442024,-0.5261052077916755
CV-G,gfold_1,G+E+GxE legacy-grid,W061,ME2,0.19935333817642859,-0.21229754361488726,0.4116508817913158
CV-G,gfold_1,G+E+GxE legacy-grid,W061,ME3,3.0579703928043984,-0.07089476721101906,3.1288651600154176
CV-G,gfold_1,G+E+GxE legacy-grid,W061,ME4,-0.7652544434624218,0.22672730880400907,-0.9919817522664308
CV-G,gfold_1,G+E+GxE legacy-grid,W064,ME1,0.502253516165182,0.30319407141464094,0.19905944475054105
CV-G,gfold_1,G+E+GxE legacy-grid,W064,ME2,-0.0993033404347555,0.4120154692152532,-0.5113188096500088
CV-G,gfold_1,G+E+GxE legacy-grid,W064,ME3,-0.6407644738363967,0.32281607501950355,-0.9635805488559002
CV-G,gfold_1,G+E+GxE legacy-grid,W064,ME4,0.021297762844700634,0.461956059705225,-0.4406582968605244
CV-G,gfold_1,G+E+GxE legacy-grid,W066,ME1,1.2391462215029736,0.44973275503877364,0.7894134664642
CV-G,gfold_1,G+E+GxE legacy-grid,W066,ME2,-0.9564849042459331,-0.3912393252739682,-0.5652455789719649
CV-G,gfold_1,G+E+GxE legacy-grid,W066,ME3,-0.9555328080228224,-0.36980870638023,-0.5857241016425924
CV-G,gfold_1,G+E+GxE legacy-grid,W066,ME4,-0.458563196624501,-0.20809097595822176,-0.2504722206662793
CV-G,gfold_1,G+E+GxE legacy-grid,W068,ME1,0.702777069919819,-0.24763054187323125,0.9504076117930502
CV-G,gfold_1,G+E+GxE legacy-grid,W068,ME2,0.5612082027258494,-0.2388458859740132,0.8000540886998626
CV-G,gfold_1,G+E+GxE legacy-grid,W068,ME3,-0.7319869825363742,-0.012505664573050853,-0.7194813179633234
CV-G,gfold_1,G+E+GxE legacy-grid,W068,ME4,-0.83802143759495,-0.1241106004941514,-0.7139108371007985
CV-G,gfold_1,G+E+GxE legacy-grid,W069,ME1,0.5606872948261147,-0.22800528248654034,0.788692577312655
CV-G,gfold_1,G+E+GxE legacy-grid,W069,ME2,-0.12619389641828938,0.19315969282607878,-0.3193535892443682
CV-G,gfold_1,G+E+GxE legacy-grid,W069,ME3,-0.40510632636145155,0.089556652143026,-0.49466297850447755
CV-G,gfold_1,G+E+GxE legacy-grid,W069,ME4,0.10106612181808877,-0.04470275405556477,0.14576887587365356
CV-G,gfold_1,G+E+GxE legacy-grid,W076,ME1,1.7062011026773198,-0.5022209404072184,2.2084220430845383
CV-G,gfold_1,G+E+GxE legacy-grid,W076,ME2,-0.30518791733668793,0.231162536386905,-0.5363504537235929
CV-G,gfold_1,G+E+GxE legacy-grid,W076,ME3,-0.6796185053197205,0.14047478649828232,-0.8200932918180028
CV-G,gfold_1,G+E+GxE legacy-grid,W076,ME4,0.06664930026891967,0.06573647850170729,0.0009128217672123851
CV-G,gfold_1,G+E+GxE legacy-grid,W081,ME1,1.3097065362511746,1.0132143670883504,0.29649216916282417
CV-G,gfold_1,G+E+GxE legacy-grid,W081,ME2,0.2438945791771601,0.15327808969813153,0.09061648947902856
CV-G,gfold_1,G+E+GxE legacy-grid,W081,ME3,1.3987765505377063,0.10406264499489613,1.2947139055428103
CV-G,gfold_1,G+E+GxE legacy-grid,W081,ME4,-0.28706909153378485,0.10915579792641725,-0.39622488946020207
CV-G,gfold_1,G+E+GxE legacy-grid,W104,ME1,0.5123928965739414,0.2762348584731961,0.23615803810074526
CV-G,gfold_1,G+E+GxE legacy-grid,W104,ME2,-0.5399818987415089,-0.17997446523546434,-0.3600074335060446
CV-G,gfold_1,G+E+GxE legacy-grid,W104,ME3,0.5294429356840787,-0.07731631632891377,0.6067592520129925
CV-G,gfold_1,G+E+GxE legacy-grid,W104,ME4,-0.1326378632293884,-0.3381478601837256,0.20550999695433722
CV-G,gfold_1,G+E+GxE legacy-grid,W106,ME1,1.448050034246058,0.033837859823068715,1.4142121744229894
CV-G,gfold_1,G+E+GxE legacy-grid,W106,ME2,0.41126914592145514,0.18912206522330524,0.2221470806981499
CV-G,gfold_1,G+E+GxE legacy-grid,W106,ME3,0.009373277751200794,0.5561986565521356,-0.5468253788009348
CV-G,gfold_1,G+E+GxE legacy-grid,W106,ME4,-0.20606566033566145,0.19713942275623997,-0.4032050830919014
CV-G,gfold_1,G+E+GxE legacy-grid,W115,ME1,0.004397721974021596,0.8846447906242055,-0.880247068650184
CV-G,gfold_1,G+E+GxE legacy-grid,W115,ME2,-2.239232141523036,-0.10961081215391881,-2.129621329369117
CV-G,gfold_1,G+E+GxE legacy-grid,W115,ME3,-2.160573701420955,-0.4136220096373414,-1.7469516917836136
CV-G,gfold_1,G+E+GxE legacy-grid,W115,ME4,-0.6033262480868572,0.07755042370840927,-0.6808766717952665
CV-G,gfold_1,G+E+GxE legacy-grid,W123,ME1,-0.12899417498590277,0.3227840570696917,-0.4517782320555945
CV-G,gfold_1,G+E+GxE legacy-grid,W123,ME2,-2.261382517127264,-0.2648500254104548,-1.996532491716809
CV-G,gfold_1,G+E+GxE legacy-grid,W123,ME3,-2.0254292440876536,-0.12446627488413385,-1.9009629692035197
CV-G,gfold_1,G+E+GxE legacy-grid,W123,ME4,-1.205136823020109,-0.4570454356765226,-0.7480913873435864
CV-G,gfold_1,G+E+GxE legacy-grid,W126,ME1,0.7035507575815313,0.47219623521460447,0.23135452236692683
CV-G,gfold_1,G+E+GxE legacy-grid,W126,ME2,-0.7164381194835368,0.43722313632969834,-1.153661255813235
CV-G,gfold_1,G+E+GxE legacy-grid,W126,ME3,-1.0076225497962263,0.3711674359708819,-1.3787899857671082
CV-G,gfold_1,G+E+GxE legacy-grid,W126,ME4,-0.11498498378793998,0.1819338189542802,-0.29691880274222016
CV-G,gfold_1,G+E+GxE legacy-grid,W129,ME1,0.3675992867045699,0.21012697842815042,0.1574723082764195
CV-G,gfold_1,G+E+GxE legacy-grid,W129,ME2,-0.7055021626137922,-0.09819884063400477,-0.6073033219797874
CV-G,gfold_1,G+E+GxE legacy-grid,W129,ME3,-1.0066174128948104,-0.17886489471550862,-0.8277525181793018
CV-G,gfold_1,G+E+GxE legacy-grid,W129,ME4,0.25807762840091447,-0.21281923752805484,0.4708968659289693
CV-G,gfold_1,G+E+GxE legacy-grid,W136,ME1,1.2001116429494054,-0.14718973368047866,1.347301376629884
CV-G,gfold_1,G+E+GxE legacy-grid,W136,ME2,-0.5954780826482163,-0.46019712776555244,-0.1352809548826639
CV-G,gfold_1,G+E+GxE legacy-grid,W136,ME3,-0.12334702587868498,-0.40151736849302805,0.27817034261434304
CV-G,gfold_1,G+E+GxE legacy-grid,W136,ME4,-0.7200209065692281,-0.5965258339923009,-0.12349507257692727
CV-G,gfold_1,G+E+GxE legacy-grid,W137,ME1,1.2593842619172477,0.02343488944728509,1.2359493724699626
CV-G,gfold_1,G+E+GxE legacy-grid,W137,ME2,-0.7298422610634676,-0.5218005426314514,-0.20804171843201624
CV-G,gfold_1,G+E+GxE legacy-grid,W137,ME3,-1.5665040065695122,-0.4697699799931524,-1.0967340265763599
CV-G,gfold_1,G+E+GxE legacy-grid,W137,ME4,-0.313572010802162,-0.8439259955862319,0.5303539847840699
CV-G,gfold_1,G+E+GxE legacy-grid,W146,ME1,0.32484286329413,0.48900676199649795,-0.16416389870236797
CV-G,gfold_1,G+E+GxE legacy-grid,W146,ME2,-0.3760058324827775,0.2957305623994994,-0.671736394882277
CV-G,gfold_1,G+E+GxE legacy-grid,W146,ME3,-0.9709561692159852,0.2568023417642396,-1.2277585109802247
CV-G,gfold_1,G+E+GxE legacy-grid,W146,ME4,-0.22216879946963794,0.17382662415468628,-0.3959954236243242
CV-G,gfold_1,G+E+GxE legacy-grid,W147,ME1,-0.13546057502168943,0.16385402919324749,-0.29931460421493694
CV-G,gfold_1,G+E+GxE legacy-grid,W147,ME2,-2.2811596382024684,-0.33689526071001724,-1.944264377492451
CV-G,gfold_1,G+E+GxE legacy-grid,W147,ME3,-1.0190844890838067,-0.0599804151754426,-0.959104073908364
CV-G,gfold_1,G+E+GxE legacy-grid,W147,ME4,-0.899649181598651,-0.18075550997005854,-0.7188936716285925
CV-G,gfold_1,G+E+GxE legacy-grid,W155,ME1,-0.43492656458841156,0.3343780308588658,-0.7693045954472774
CV-G,gfold_1,G+E+GxE legacy-grid,W155,ME2,-0.7343672663654739,0.09403986480975335,-0.8284071311752272
CV-G,gfold_1,G+E+GxE legacy-grid,W155,ME3,-0.16035971413084232,0.2508419777396281,-0.4112016918704704
CV-G,gfold_1,G+E+GxE legacy-grid,W155,ME4,-0.3288255461127541,-0.041987704375644364,-0.28683784173710974
CV-G,gfold_1,G+E+GxE legacy-grid,W161,ME1,0.9529713715564129,0.07948709362347309,0.8734842779329398
CV-G,gfold_1,G+E+GxE legacy-grid,W161,ME2,0.17511449858665887,-0.3062915244447102,0.48140602303136903
CV-G,gfold_1,G+E+GxE legacy-grid,W161,ME3,-0.05767526614328379,-0.12679295032956342,0.06911768418627963
CV-G,gfold_1,G+E+GxE legacy-grid,W161,ME4,0.40682123110987123,0.17215828793294463,0.2346629431769266
CV-G,gfold_1,G+E+GxE legacy-grid,W163,ME1,0.926380948235444,0.3550713713998333,0.5713095768356107
CV-G,gfold_1,G+E+GxE legacy-grid,W163,ME2,0.6447467621475108,-0.021842123542314903,0.6665888856898257
CV-G,gfold_1,G+E+GxE legacy-grid,W163,ME3,-1.4454399123846235,-0.2715841743302231,-1.1738557380544004
CV-G,gfold_1,G+E+GxE legacy-grid,W163,ME4,0.2292304319161596,-0.31532425616779836,0.544554688083958
CV-G,gfold_1,G+E+GxE legacy-grid,W170,ME1,-0.9970391551049749,0.1459946622617737,-1.1430338173667485
CV-G,gfold_1,G+E+GxE legacy-grid,W170,ME2,-2.333371237841007,0.02922136225132583,-2.362592600092333
CV-G,gfold_1,G+E+GxE legacy-grid,W170,ME3,-1.0502606260848832,0.10139962052892025,-1.1516602466138035
CV-G,gfold_1,G+E+GxE legacy-grid,W170,ME4,-0.9573357078660927,0.10353161077874203,-1.0608673186448347
CV-G,gfold_1,G+E+GxE legacy-grid,W171,ME1,-0.48228439356587777,-0.20443120418210664,-0.2778531893837711
CV-G,gfold_1,G+E+GxE legacy-grid,W171,ME2,-2.0723132396483144,-0.19511356871361535,-1.877199670934699
CV-G,gfold_1,G+E+GxE legacy-grid,W171,ME3,-1.2616181108255835,0.1546540460832986,-1.416272156908882
CV-G,gfold_1,G+E+GxE legacy-grid,W171,ME4,-0.1221515493722353,-0.1392756251382624,0.01712407576602709
CV-G,gfold_1,G+E+GxE legacy-grid,W174,ME1,0.5784983992068063,-0.007774646721600012,0.5862730459284063
CV-G,gfold_1,G+E+GxE legacy-grid,W174,ME2,0.4238758739796326,-0.08267706514204211,0.5065529391216748
CV-G,gfold_1,G+E+GxE legacy-grid,W174,ME3,0.47890735517000743,-0.19226536495700064,0.6711727201270081
CV-G,gfold_1,G+E+GxE legacy-grid,W174,ME4,-0.026319384775212437,0.24946154777025578,-0.2757809325454682
CV-G,gfold_1,G+E+GxE legacy-grid,W175,ME1,-0.26662913796426974,-0.20667970364441113,-0.05994943431985861
CV-G,gfold_1,G+E+GxE legacy-grid,W175,ME2,-0.9091527159190688,-0.6788799456310867,-0.2302727702879821
CV-G,gfold_1,G+E+GxE legacy-grid,W175,ME3,-1.7588905881120498,-0.4218073756555633,-1.3370832124564864
CV-G,gfold_1,G+E+GxE legacy-grid,W175,ME4,-0.11690445909262505,-0.0532426198176149,-0.06366183927501015
CV-G,gfold_1,G+E+GxE legacy-grid,W182,ME1,-0.9739343983020377,-0.7050015386918278,-0.26893285961020985
CV-G,gfold_1,G+E+GxE legacy-grid,W182,ME2,-1.3916385260091175,-1.1011158918489943,-0.29052263416012325
CV-G,gfold_1,G+E+GxE legacy-grid,W182,ME3,-1.8680450769944406,-1.0122642143168594,-0.8557808626775811
CV-G,gfold_1,G+E+GxE legacy-grid,W182,ME4,-0.5312200569280725,-0.6151804285424077,0.08396037161433523
CV-G,gfold_1,G+E+GxE legacy-grid,W183,ME1,1.2446271877801591,0.09030030308112896,1.1543268846990302
CV-G,gfold_1,G+E+GxE legacy-grid,W183,ME2,-0.394137497084525,0.014893475955370734,-0.4090309730398957
CV-G,gfold_1,G+E+GxE legacy-grid,W183,ME3,0.4471484076966806,-0.027275697503991916,0.4744241052006725
CV-G,gfold_1,G+E+GxE legacy-grid,W183,ME4,-0.5280733761007202,0.21440398939110572,-0.742477365491826
CV-G,gfold_1,G+E+GxE legacy-grid,W185,ME1,0.6157657122594117,0.31324569191331975,0.30252002034609193
CV-G,gfold_1,G+E+GxE legacy-grid,W185,ME2,0.15217303813942173,0.3322540793076422,-0.1800810411682205
CV-G,gfold_1,G+E+GxE legacy-grid,W185,ME3,0.20243558158040564,0.37422063527797533,-0.1717850536975697
CV-G,gfold_1,G+E+GxE legacy-grid,W185,ME4,0.139022959298029,0.09615499437518514,0.04286796492284385
CV-G,gfold_1,G+E+GxE legacy-grid,W195,ME1,0.5047456048439601,0.5048074494738118,-6.184462985170391e-05
CV-G,gfold_1,G+E+GxE legacy-grid,W195,ME2,-0.34168540765371125,-0.03535685527430703,-0.3063285523794042
CV-G,gfold_1,G+E+GxE legacy-grid,W195,ME3,-1.1620081992423568,-0.3731572856722225,-0.7888509135701343
CV-G,gfold_1,G+E+GxE legacy-grid,W195,ME4,-0.5325337961734922,-0.44773986513488584,-0.08479393103860633
CV-G,gfold_1,G+E+GxE legacy-grid,W199,ME1,0.6092911681429728,-0.2557670762747373,0.8650582444177102
CV-G,gfold_1,G+E+GxE legacy-grid,W199,ME2,0.017074732989860796,0.22999214450251204,-0.21291741151265126
CV-G,gfold_1,G+E+GxE legacy-grid,W199,ME3,0.06689413740368748,0.1979627104625982,-0.13106857305891073
CV-G,gfold_1,G+E+GxE legacy-grid,W199,ME4,0.572218642097592,0.05955558999041932,0.5126630521071727
CV-G,gfold_1,G+E+GxE legacy-grid,W200,ME1,1.0039696045842548,0.5726485049888218,0.43132109959543297
CV-G,gfold_1,G+E+GxE legacy-grid,W200,ME2,0.23002211537016914,0.16564704019939042,0.06437507517077873
CV-G,gfold_1,G+E+GxE legacy-grid,W200,ME3,0.34821421840012096,-0.16093927221369175,0.5091534906138127
CV-G,gfold_1,G+E+GxE legacy-grid,W200,ME4,0.2760845094354399,-0.1598431426221585,0.4359276520575984
CV-G,gfold_1,G+E+GxE legacy-grid,W209,ME1,0.36454525646096697,0.31113527162833104,0.053409984832635926
CV-G,gfold_1,G+E+GxE legacy-grid,W209,ME2,-0.8098557464246845,0.44286118058516605,-1.2527169270098506
CV-G,gfold_1,G+E+GxE legacy-grid,W209,ME3,-0.7401547756764563,0.38787586540621416,-1.1280306410826704
CV-G,gfold_1,G+E+GxE legacy-grid,W209,ME4,-0.27233475855970657,0.5316719517540398,-0.8040067103137464
CV-G,gfold_1,G+E+GxE legacy-grid,W210,ME1,0.5902095871809442,0.38662579884872644,0.20358378833221774
CV-G,gfold_1,G+E+GxE legacy-grid,W210,ME2,-0.6701754778644194,0.5748683097004046,-1.245043787564824
CV-G,gfold_1,G+E+GxE legacy-grid,W210,ME3,0.48982871662825406,0.45609109281842625,0.03373762380982781
CV-G,gfold_1,G+E+GxE legacy-grid,W210,ME4,-0.4280954595136601,0.6167466619771848,-1.044842121490845
CV-G,gfold_1,G+E+GxE legacy-grid,W215,ME1,1.1515729222777444,-0.014962387289321588,1.166535309567066
CV-G,gfold_1,G+E+GxE legacy-grid,W215,ME2,0.39902948123043197,0.03769539231234641,0.36133408891808555
CV-G,gfold_1,G+E+GxE legacy-grid,W215,ME3,0.44175952246051514,-0.052553294655383775,0.4943128171158989
CV-G,gfold_1,G+E+GxE legacy-grid,W215,ME4,0.719145036628753,0.014175352848107853,0.7049696837806451
CV-G,gfold_1,G+E+GxE legacy-grid,W224,ME1,0.9583301766238543,0.3233410350109412,0.6349891416129132
CV-G,gfold_1,G+E+GxE legacy-grid,W224,ME2,0.4067884413706568,0.3591970407831911,0.04759140058746569
CV-G,gfold_1,G+E+GxE legacy-grid,W224,ME3,-0.6646005774985572,0.3916051504302102,-1.0562057279287673
CV-G,gfold_1,G+E+GxE legacy-grid,W224,ME4,-1.776786462223186,-0.015437665211433676,-1.7613487970117523
CV-G,gfold_1,G+E+GxE legacy-grid,W228,ME1,1.0757026669459995,0.3457098798097576,0.7299927871362419
CV-G,gfold_1,G+E+GxE legacy-grid,W228,ME2,-0.6800672027413945,0.05647819868448783,-0.7365454014258823
CV-G,gfold_1,G+E+GxE legacy-grid,W228,ME3,0.9277558840882347,0.2356868779229996,0.6920690061652351
CV-G,gfold_1,G+E+GxE legacy-grid,W228,ME4,-0.2857789523945702,-0.0532844746251836,-0.2324944777693866
CV-G,gfold_1,G+E+GxE legacy-grid,W232,ME1,-0.4672097002834548,0.1418056828774773,-0.6090153831609322
CV-G,gfold_1,G+E+GxE legacy-grid,W232,ME2,-0.6741815315094128,-0.45379316570246536,-0.22038836580694748
CV-G,gfold_1,G+E+GxE legacy-grid,W232,ME3,0.08056906718010086,-0.25741811047782776,0.33798717765792863
CV-G,gfold_1,G+E+GxE legacy-grid,W232,ME4,-0.12411822488933168,0.4406890685398209,-0.5648072934291526
CV-G,gfold_1,G+E+GxE legacy-grid,W247,ME1,-1.1563536607725982,0.1939242068071537,-1.3502778675797518
CV-G,gfold_1,G+E+GxE legacy-grid,W247,ME2,1.1383204173971626,-0.18034959818173238,1.318670015578895
CV-G,gfold_1,G+E+GxE legacy-grid,W247,ME3,1.4571167234627758,0.06948518368202232,1.3876315397807535
CV-G,gfold_1,G+E+GxE legacy-grid,W247,ME4,2.2903063738321063,0.03370606836960109,2.2566003054625052
CV-G,gfold_1,G+E+GxE legacy-grid,W250,ME1,0.5522093068698729,0.5223105181460117,0.029898788723861203
CV-G,gfold_1,G+E+GxE legacy-grid,W250,ME2,-0.21156777267572885,0.5135786009704789,-0.7251463736462078
CV-G,gfold_1,G+E+GxE legacy-grid,W250,ME3,-0.42974485023902886,0.4293170162197659,-0.8590618664587948
CV-G,gfold_1,G+E+GxE legacy-grid,W250,ME4,0.18984972136184178,0.2021568333747762,-0.012307112012934412
CV-G,gfold_1,G+E+GxE legacy-grid,W257,ME1,0.8522535261627155,0.4236819804735067,0.42857154568920885
CV-G,gfold_1,G+E+GxE legacy-grid,W257,ME2,0.6658529057589677,0.4402035112916714,0.22564939446729632
CV-G,gfold_1,G+E+GxE legacy-grid,W257,ME3,0.7868593407896832,0.3963890798313375,0.39047026095834575
CV-G,gfold_1,G+E+GxE legacy-grid,W257,ME4,0.7067392474669155,0.5020101019333201,0.20472914553359545
CV-G,gfold_1,G+E+GxE legacy-grid,W259,ME1,0.47726747673218567,0.38943507778128766,0.087832398950898
CV-G,gfold_1,G+E+GxE legacy-grid,W259,ME2,-0.46469593640210755,0.09446396416854581,-0.5591599005706533
CV-G,gfold_1,G+E+GxE legacy-grid,W259,ME3,-1.1657669044619396,0.04973231730588357,-1.215499221767823
CV-G,gfold_1,G+E+GxE legacy-grid,W259,ME4,-0.5089336899683482,-0.10393605687993372,-0.40499763308841447
CV-G,gfold_1,G+E+GxE legacy-grid,W260,ME1,-1.0910788543659937,0.1830762376376464,-1.2741550920036402
CV-G,gfold_1,G+E+GxE legacy-grid,W260,ME2,-1.04520032288024,-0.004024466790863856,-1.0411758560893762
CV-G,gfold_1,G+E+GxE legacy-grid,W260,ME3,-1.5575675793283468,-0.27889264780900946,-1.2786749315193373
CV-G,gfold_1,G+E+GxE legacy-grid,W260,ME4,-0.5241872252789396,0.08921536438778675,-0.6134025896667263
CV-G,gfold_1,G+E+GxE legacy-grid,W265,ME1,0.26048019392028027,-0.17840332345956494,0.4388835173798452
CV-G,gfold_1,G+E+GxE legacy-grid,W265,ME2,0.2681144327306972,-0.4416448154835273,0.7097592482142245
CV-G,gfold_1,G+E+GxE legacy-grid,W265,ME3,-1.1188379916529498,-0.3257438404633834,-0.7930941511895664
CV-G,gfold_1,G+E+GxE legacy-grid,W265,ME4,-1.0373164677953268,-0.714114145766518,-0.32320232202880883
CV-G,gfold_1,G+E+GxE legacy-grid,W266,ME1,-0.5750128958423102,0.03208022191287114,-0.6070931177551814
CV-G,gfold_1,G+E+GxE legacy-grid,W266,ME2,-1.267779954309016,-0.7178716658141412,-0.5499082884948748
CV-G,gfold_1,G+E+GxE legacy-grid,W266,ME3,-1.1455881476763603,-0.6808917080900201,-0.4646964395863402
CV-G,gfold_1,G+E+GxE legacy-grid,W266,ME4,-0.2543121441210449,-0.42868715142314434,0.17437500730209943
CV-G,gfold_1,G+E+GxE legacy-grid,W278,ME1,2.2798131350711293,0.39988666554398083,1.8799264695271485
CV-G,gfold_1,G+E+GxE legacy-grid,W278,ME2,-0.8811546411553238,-0.5128855396514156,-0.36826910150390824
CV-G,gfold_1,G+E+GxE legacy-grid,W278,ME3,-1.2455359204029204,-0.18938254913419836,-1.056153371268722
CV-G,gfold_1,G+E+GxE legacy-grid,W278,ME4,-0.7724682092591277,-0.16766440513000844,-0.6048038041291193
CV-G,gfold_1,G+E+GxE legacy-grid,W281,ME1,-0.1682486437170095,0.10099081394002488,-0.2692394576570344
CV-G,gfold_1,G+E+GxE legacy-grid,W281,ME2,-0.09756928245888206,0.09447279401311008,-0.19204207647199215
CV-G,gfold_1,G+E+GxE legacy-grid,W281,ME3,0.5104213533144165,0.04119316670581213,0.4692281866086044
CV-G,gfold_1,G+E+GxE legacy-grid,W281,ME4,-1.6677303714492135,-0.10001757578564092,-1.5677127956635726
CV-G,gfold_1,G+E+GxE legacy-grid,W283,ME1,0.918261299827786,-0.3965005268438215,1.3147618266716075
CV-G,gfold_1,G+E+GxE legacy-grid,W283,ME2,-0.2911635652398385,-0.16299827446858986,-0.12816529077124864
CV-G,gfold_1,G+E+GxE legacy-grid,W283,ME3,-1.7213542150877255,-0.059851587136306714,-1.6615026279514187
CV-G,gfold_1,G+E+GxE legacy-grid,W283,ME4,-0.37978604211172917,-0.4194004413504849,0.039614399238755704
CV-G,gfold_1,G+E+GxE legacy-grid,W284,ME1,1.0625662648581822,-0.07013163584299645,1.1326979007011786
CV-G,gfold_1,G+E+GxE legacy-grid,W284,ME2,-0.32454101693603876,-0.1611967383767946,-0.16334427855924416
CV-G,gfold_1,G+E+GxE legacy-grid,W284,ME3,-0.1334068414214321,0.004547888998056738,-0.13795473041948886
CV-G,gfold_1,G+E+GxE legacy-grid,W284,ME4,1.4590555663724403,-0.35929040845478855,1.8183459748272288
CV-G,gfold_1,G+E+GxE legacy-grid,W285,ME1,1.2356279786623419,-0.44280468913578447,1.6784326677981263
CV-G,gfold_1,G+E+GxE legacy-grid,W285,ME2,-0.17458930277415685,-0.4389478528022453,0.26435855002808845
CV-G,gfold_1,G+E+GxE legacy-grid,W285,ME3,-0.5557332705879994,-0.4529117277603429,-0.10282154282765649
CV-G,gfold_1,G+E+GxE legacy-grid,W285,ME4,-0.2086852721244325,-0.021384183854050314,-0.1873010882703822
CV-G,gfold_1,G+E+GxE legacy-grid,W288,ME1,-0.7560069441991898,-0.3686837080528351,-0.38732323614635467
CV-G,gfold_1,G+E+GxE legacy-grid,W288,ME2,0.30044132375538307,-0.39494745734558584,0.6953887811009689
CV-G,gfold_1,G+E+GxE legacy-grid,W288,ME3,-0.35653034047871324,-0.28636139008573064,-0.0701689503929826
CV-G,gfold_1,G+E+GxE legacy-grid,W288,ME4,-2.48609552092087,-0.8384166604997633,-1.6476788604211068
CV-G,gfold_1,G+E+GxE legacy-grid,W294,ME1,0.08446217884031194,0.00027576401896250253,0.08418641482134945
CV-G,gfold_1,G+E+GxE legacy-grid,W294,ME2,0.6605937737226507,0.29801555855715073,0.3625782151655
CV-G,gfold_1,G+E+GxE legacy-grid,W294,ME3,0.9711541479493911,0.18676429462617453,0.7843898533232166
CV-G,gfold_1,G+E+GxE legacy-grid,W294,ME4,-2.6827630726304075,-0.005843826209599123,-2.6769192464208085
CV-G,gfold_1,G+E+GxE legacy-grid,W297,ME1,0.12716159368620536,-0.1118821600683732,0.23904375375457856
CV-G,gfold_1,G+E+GxE legacy-grid,W297,ME2,-1.2652484828113897,-0.020814261842461747,-1.2444342209689279
CV-G,gfold_1,G+E+GxE legacy-grid,W297,ME3,-0.6500556552780606,-0.01489837401622866,-0.635157281261832
CV-G,gfold_1,G+E+GxE legacy-grid,W297,ME4,-1.0464890424070596,-0.19658925868478352,-0.8498997837222761
CV-G,gfold_1,G+E+GxE legacy-grid,W298,ME1,1.7541371613809094,-0.12252197354820529,1.8766591349291146
CV-G,gfold_1,G+E+GxE legacy-grid,W298,ME2,-0.9044821510059489,-0.8617963394441862,-0.042685811561762654
CV-G,gfold_1,G+E+GxE legacy-grid,W298,ME3,-0.7041134382113813,-0.4988702358927643,-0.20524320231861698
CV-G,gfold_1,G+E+GxE legacy-grid,W298,ME4,0.6656435958616905,-0.7271961563491812,1.3928397522108718
CV-G,gfold_1,G+E+GxE legacy-grid,W300,ME1,-0.397260191583976,-0.5670461565738778,0.16978596498990178
CV-G,gfold_1,G+E+GxE legacy-grid,W300,ME2,-1.1990568318272115,-1.0302125279440448,-0.16884430388316662
CV-G,gfold_1,G+E+GxE legacy-grid,W300,ME3,-1.1588238579664407,-0.7468435872187493,-0.4119802707476914
CV-G,gfold_1,G+E+GxE legacy-grid,W300,ME4,-0.6507624615591974,-0.4323515863482394,-0.21841087521095798
CV-G,gfold_1,G+E+GxE legacy-grid,W306,ME1,0.22139675088281457,0.020294059889465525,0.20110269099334904
CV-G,gfold_1,G+E+GxE legacy-grid,W306,ME2,-1.4221997156642086,-0.6122712366099615,-0.809928479054247
CV-G,gfold_1,G+E+GxE legacy-grid,W306,ME3,-0.7049580910697139,-0.24295445453883893,-0.46200363653087495
CV-G,gfold_1,G+E+GxE legacy-grid,W306,ME4,-0.13395160247480797,0.0038728320235679216,-0.1378244344983759
CV-G,gfold_1,G+E+GxE legacy-grid,W322,ME1,0.36149937029801327,0.35082998771573726,0.01066938258227601
CV-G,gfold_1,G+E+GxE legacy-grid,W322,ME2,0.8221079839499407,-0.2251290842092332,1.0472370681591738
CV-G,gfold_1,G+E+GxE legacy-grid,W322,ME3,0.6480237504654676,-0.27070590631614305,0.9187296567816106
CV-G,gfold_1,G+E+GxE legacy-grid,W322,ME4,-0.6964208003640836,-0.4675819918154549,-0.2288388085486287
CV-G,gfold_1,G+E+GxE legacy-grid,W333,ME1,1.1801097808739682,-0.15044891983214448,1.3305587007061126
CV-G,gfold_1,G+E+GxE legacy-grid,W333,ME2,0.18842370998542793,0.05369388710975655,0.13472982287567137
CV-G,gfold_1,G+E+GxE legacy-grid,W333,ME3,-1.0495764572696338,0.1933620811063142,-1.242938538375948
CV-G,gfold_1,G+E+GxE legacy-grid,W333,ME4,-0.6665273325042338,-0.5706743181184911,-0.09585301438574267
CV-G,gfold_1,G+E+GxE legacy-grid,W335,ME1,-1.2333233669920391,0.5785255950216871,-1.8118489620137264
CV-G,gfold_1,G+E+GxE legacy-grid,W335,ME2,0.5764856332140236,0.2746523653379104,0.3018332678761132
CV-G,gfold_1,G+E+GxE legacy-grid,W335,ME3,0.2146577084404855,0.3187330782000641,-0.10407536975957857
CV-G,gfold_1,G+E+GxE legacy-grid,W335,ME4,-2.0075404339950196,0.10511739773709301,-2.1126578317321125
CV-G,gfold_1,G+E+GxE legacy-grid,W338,ME1,0.3426295354328722,-0.0978848256978638,0.44051436113073605
CV-G,gfold_1,G+E+GxE legacy-grid,W338,ME2,0.33145184960130375,-0.30549403876002085,0.6369458883613246
CV-G,gfold_1,G+E+GxE legacy-grid,W338,ME3,0.6649590402750464,-0.09123722232001814,0.7561962625950646
CV-G,gfold_1,G+E+GxE legacy-grid,W338,ME4,-2.2632082512174176,-0.4609436280575056,-1.802264623159912
CV-G,gfold_1,G+E+GxE legacy-grid,W355,ME1,0.36082341160409537,0.3031776416412155,0.057645769962879845
CV-G,gfold_1,G+E+GxE legacy-grid,W355,ME2,-0.9454666745525154,0.26848775122242163,-1.213954425774937
CV-G,gfold_1,G+E+GxE legacy-grid,W355,ME3,-0.1772527712975054,0.24945498921949288,-0.4267077605169983
CV-G,gfold_1,G+E+GxE legacy-grid,W355,ME4,-0.17507085418623797,0.27721564342669197,-0.45228649761292994
CV-G,gfold_1,G+E+GxE legacy-grid,W360,ME1,1.1992076499972983,0.18134498461493537,1.017862665382363
CV-G,gfold_1,G+E+GxE legacy-grid,W360,ME2,-0.7609983465205008,-0.18192562592263625,-0.5790727205978645
CV-G,gfold_1,G+E+GxE legacy-grid,W360,ME3,-0.7399520589904557,-0.0014775055383388705,-0.7384745534521168
CV-G,gfold_1,G+E+GxE legacy-grid,W360,ME4,0.5098120945891214,-0.17282398641679023,0.6826360810059116
CV-G,gfold_1,G+E+GxE legacy-grid,W361,ME1,1.7077566220813938,0.28594740557581017,1.4218092165055836
CV-G,gfold_1,G+E+GxE legacy-grid,W361,ME2,0.3831001968316201,0.16966898693691473,0.21343120989470538
CV-G,gfold_1,G+E+GxE legacy-grid,W361,ME3,-0.20830221036983157,0.33740625213155784,-0.5457084625013894
CV-G,gfold_1,G+E+GxE legacy-grid,W361,ME4,-0.545380120651159,0.19000322814611084,-0.7353833487972699
CV-G,gfold_1,G+E+GxE legacy-grid,W375,ME1,-1.4323891303103982,-0.29739287351499466,-1.1349962567954035
CV-G,gfold_1,G+E+GxE legacy-grid,W375,ME2,0.38901751145732083,0.21621747407253752,0.1728000373847833
CV-G,gfold_1,G+E+GxE legacy-grid,W375,ME3,-0.08121574130502755,0.11764240975389217,-0.19885815105891974
CV-G,gfold_1,G+E+GxE legacy-grid,W375,ME4,-1.647505080431404,-0.8229071042982415,-0.8245979761331624
CV-G,gfold_1,G+E+GxE legacy-grid,W386,ME1,0.5493588786425111,0.3645408051347418,0.1848180735077693
CV-G,gfold_1,G+E+GxE legacy-grid,W386,ME2,-0.4948394332600915,0.01926202944002665,-0.5141014627001181
CV-G,gfold_1,G+E+GxE legacy-grid,W386,ME3,-2.209377743575444,-0.21380234222409403,-1.9955754013513498
CV-G,gfold_1,G+E+GxE legacy-grid,W386,ME4,-0.765907379734098,-0.34900032268053993,-0.416907057053558
CV-G,gfold_1,G+E+GxE legacy-grid,W388,ME1,0.0873126070676752,-0.0711014763740387,0.1584140834417139
CV-G,gfold_1,G+E+GxE legacy-grid,W388,ME2,-0.38628993544188317,-0.09992618399518195,-0.28636375144670123
CV-G,gfold_1,G+E+GxE legacy-grid,W388,ME3,-0.816367803083855,-0.02280094312139336,-0.7935668599624617
CV-G,gfold_1,G+E+GxE legacy-grid,W388,ME4,-0.5011849884309924,-0.42188733144339025,-0.0792976569876021
CV-G,gfold_1,G+E+GxE legacy-grid,W405,ME1,1.4818398248612796,0.27762905760305867,1.204210767258221
CV-G,gfold_1,G+E+GxE legacy-grid,W405,ME2,1.9187097933278512,0.536251574959862,1.3824582183679892
CV-G,gfold_1,G+E+GxE legacy-grid,W405,ME3,0.5428306834886591,0.41417978148428675,0.1286509020043724
CV-G,gfold_1,G+E+GxE legacy-grid,W405,ME4,1.6132429269127186,0.7001721303125912,0.9130707966001275
CV-G,gfold_1,G+E+GxE legacy-grid,W411,ME1,-1.530232115234783,-0.5695965385268864,-0.9606355767078967
CV-G,gfold_1,G+E+GxE legacy-grid,W411,ME2,-0.7556063122305567,-0.4606221341801284,-0.29498417805042837
CV-G,gfold_1,G+E+GxE legacy-grid,W411,ME3,1.849060989315101,-0.5131191056593579,2.362180094974459
CV-G,gfold_1,G+E+GxE legacy-grid,W411,ME4,1.4066161303846103,-0.10109399874708282,1.5077101291316932
CV-G,gfold_1,G+E+GxE legacy-grid,W412,ME1,-0.336269171599065,-0.17921698799281394,-0.15705218360625106
CV-G,gfold_1,G+E+GxE legacy-grid,W412,ME2,0.02449194447790443,0.4761665752131236,-0.4516746307352192
CV-G,gfold_1,G+E+GxE legacy-grid,W412,ME3,0.33839935218628936,0.2370077487796356,0.10139160340665376
CV-G,gfold_1,G+E+GxE legacy-grid,W412,ME4,0.20503245635381828,-0.028080664244819985,0.23311312059863826
CV-G,gfold_1,G+E+GxE legacy-grid,W415,ME1,-0.01355183177771391,-0.5562187099852149,0.542666878207501
CV-G,gfold_1,G+E+GxE legacy-grid,W415,ME2,1.83232332847136,-0.25837199315512327,2.0906953216264834
CV-G,gfold_1,G+E+GxE legacy-grid,W415,ME3,1.9449882144359945,-0.037844092220094064,1.9828323066560885
CV-G,gfold_1,G+E+GxE legacy-grid,W415,ME4,-0.07298466144485104,-0.48653972693716574,0.4135550654923147
CV-G,gfold_1,G+E+GxE legacy-grid,W417,ME1,-0.03804922637173485,0.17463766301242306,-0.21268688938415792
CV-G,gfold_1,G+E+GxE legacy-grid,W417,ME2,1.5770497426507435,-0.04981326990588435,1.626863012556628
CV-G,gfold_1,G+E+GxE legacy-grid,W417,ME3,1.1736427776775933,0.13301163781313163,1.0406311398644617
CV-G,gfold_1,G+E+GxE legacy-grid,W417,ME4,0.7372856515984407,-0.15895162755457617,0.8962372791530169
CV-G,gfold_1,G+E+GxE legacy-grid,W419,ME1,-1.6789837482998657,-0.21534134030661647,-1.4636424079932493
CV-G,gfold_1,G+E+GxE legacy-grid,W419,ME2,-0.012062503947815505,0.5128705080578119,-0.5249330120056274
CV-G,gfold_1,G+E+GxE legacy-grid,W419,ME3,-0.5403605885663361,0.2058285683613025,-0.7461891569276385
CV-G,gfold_1,G+E+GxE legacy-grid,W419,ME4,-0.26471192425544493,-0.16272167890154565,-0.10199024535389928
CV-G,gfold_1,G+E+GxE legacy-grid,W435,ME1,-0.8796096562182832,0.0031764325213219156,-0.8827860887396052
CV-G,gfold_1,G+E+GxE legacy-grid,W435,ME2,0.4319765827720364,0.48827625570620237,-0.05629967293416599
CV-G,gfold_1,G+E+GxE legacy-grid,W435,ME3,-0.03741204407187156,0.22127980450343182,-0.25869184857530336
CV-G,gfold_1,G+E+GxE legacy-grid,W435,ME4,0.004502353928706192,0.432570736719232,-0.42806838279052584
CV-G,gfold_1,G+E+GxE legacy-grid,W437,ME1,-0.704397905122626,-0.8239622238787832,0.11956431875615714
CV-G,gfold_1,G+E+GxE legacy-grid,W437,ME2,0.3079471367458448,-0.4591891987219061,0.767136335467751
CV-G,gfold_1,G+E+GxE legacy-grid,W437,ME3,-0.02109335084887578,0.022974659678366403,-0.044068010527242185
CV-G,gfold_1,G+E+GxE legacy-grid,W437,ME4,-0.19450160829514038,0.5056487846827112,-0.7001503929778516
CV-G,gfold_1,G+E+GxE legacy-grid,W438,ME1,0.5673328646361946,0.07320614595622746,0.49412671867996716
CV-G,gfold_1,G+E+GxE legacy-grid,W438,ME2,0.1924614070241416,-0.5156764238212004,0.708137830845342
CV-G,gfold_1,G+E+GxE legacy-grid,W438,ME3,-1.3403313106936483,-0.4111609522102215,-0.9291703584834268
CV-G,gfold_1,G+E+GxE legacy-grid,W438,ME4,-0.8563744535204845,-0.48079716219659446,-0.37557729132389
CV-G,gfold_1,G+E+GxE legacy-grid,W440,ME1,-1.6469042146210608,0.3973611556523358,-2.0442653702733966
CV-G,gfold_1,G+E+GxE legacy-grid,W440,ME2,0.16898200888365905,-0.21778330222573938,0.38676531110939844
CV-G,gfold_1,G+E+GxE legacy-grid,W440,ME3,1.692327204922804,-0.38058901746204293,2.0729162223848467
CV-G,gfold_1,G+E+GxE legacy-grid,W440,ME4,1.0853872181243212,-0.05443616945950511,1.1398233875838262
CV-G,gfold_1,G+E+GxE legacy-grid,W445,ME1,-0.5518348423135264,-0.20908609015459825,-0.3427487521589282
CV-G,gfold_1,G+E+GxE legacy-grid,W445,ME2,0.4856247924854782,-0.22580786985691836,0.7114326623423965
CV-G,gfold_1,G+E+GxE legacy-grid,W445,ME3,0.6847999359172923,-0.3163570005244729,1.0011569364417652
CV-G,gfold_1,G+E+GxE legacy-grid,W445,ME4,-0.2175353119513613,-1.0224917677933243,0.804956455841963
CV-G,gfold_1,G+E+GxE legacy-grid,W457,ME1,-0.3174482012178212,0.35427911427698117,-0.6717273154948024
CV-G,gfold_1,G+E+GxE legacy-grid,W457,ME2,1.459304674617408,0.5382954202935247,0.9210092543238834
CV-G,gfold_1,G+E+GxE legacy-grid,W457,ME3,1.705774078427467,0.49731549105101513,1.208458587376452
CV-G,gfold_1,G+E+GxE legacy-grid,W457,ME4,0.3464757595433167,0.18929171009408574,0.15718404944923098
CV-G,gfold_1,G+E+GxE legacy-grid,W462,ME1,0.1336687141252414,0.06766317725590609,0.0660055368693353
CV-G,gfold_1,G+E+GxE legacy-grid,W462,ME2,1.8385444196767766,0.7577903861153606,1.080754033561416
CV-G,gfold_1,G+E+GxE legacy-grid,W462,ME3,1.0706880407753672,0.8235044567410046,0.24718358403436258
CV-G,gfold_1,G+E+GxE legacy-grid,W462,ME4,0.5163650574120837,1.060394220322164,-0.5440291629100802
CV-G,gfold_1,G+E+GxE legacy-grid,W463,ME1,0.15286431221636598,0.12151321521647696,0.03135109699988903
CV-G,gfold_1,G+E+GxE legacy-grid,W463,ME2,1.6161989493615307,0.9028407312948948,0.7133582180666359
CV-G,gfold_1,G+E+GxE legacy-grid,W463,ME3,0.7807862867382699,0.8659992920011598,-0.08521300526288988
CV-G,gfold_1,G+E+GxE legacy-grid,W463,ME4,0.18464983129464213,1.145879142478962,-0.96122931118432
CV-G,gfold_1,G+E+GxE legacy-grid,W472,ME1,-0.246480682437141,-0.169224240250076,-0.07725644218706498
CV-G,gfold_1,G+E+GxE legacy-grid,W472,ME2,1.0721414237704705,0.6440694914806484,0.4280719322898221
CV-G,gfold_1,G+E+GxE legacy-grid,W472,ME3,0.9859862521417206,0.795991192820034,0.1899950593216866
CV-G,gfold_1,G+E+GxE legacy-grid,W472,ME4,0.7454355549412843,0.68998172899642,0.055453825944864366
CV-G,gfold_1,G+E+GxE legacy-grid,W478,ME1,-1.1201287900431438,-1.3355284707110457,0.21539968066790194
CV-G,gfold_1,G+E+GxE legacy-grid,W478,ME2,1.5837391560832192,0.48491204928674536,1.0988271067964739
CV-G,gfold_1,G+E+GxE legacy-grid,W478,ME3,2.3682859943896455,0.8570574542372766,1.5112285401523688
CV-G,gfold_1,G+E+GxE legacy-grid,W478,ME4,1.8565836219939622,1.030020041897275,0.8265635800966873
CV-G,gfold_1,G+E+GxE legacy-grid,W479,ME1,-1.7023491156835893,0.24324492486807753,-1.9455940405516667
CV-G,gfold_1,G+E+GxE legacy-grid,W479,ME2,-0.8799205488002311,0.4703275739643132,-1.3502481227645442
CV-G,gfold_1,G+E+GxE legacy-grid,W479,ME3,-1.1343204785461969,0.013275525568603608,-1.1475960041148006
CV-G,gfold_1,G+E+GxE legacy-grid,W479,ME4,-0.5541042932449943,0.15678540678119862,-0.7108897000261929
CV-G,gfold_1,G+E+GxE legacy-grid,W480,ME1,-0.5553938055574061,-0.5366459741212171,-0.018747831436189077
CV-G,gfold_1,G+E+GxE legacy-grid,W480,ME2,0.7247982195811928,0.20705330267749694,0.5177449169036958
CV-G,gfold_1,G+E+GxE legacy-grid,W480,ME3,-0.04519129689711931,0.1311265171183287,-0.17631781401544802
CV-G,gfold_1,G+E+GxE legacy-grid,W480,ME4,0.0719907909733504,0.5949777764031622,-0.5229869854298118
CV-G,gfold_1,G+E+GxE legacy-grid,W481,ME1,-0.6238692356593067,-0.7053172177599939,0.08144798210068716
CV-G,gfold_1,G+E+GxE legacy-grid,W481,ME2,0.6685995523338926,0.08134463956755668,0.5872549127663359
CV-G,gfold_1,G+E+GxE legacy-grid,W481,ME3,0.558971999611405,0.14204606114872198,0.416925938462683
CV-G,gfold_1,G+E+GxE legacy-grid,W481,ME4,0.3609976915615497,0.5598320157216953,-0.19883432416014557
CV-G,gfold_1,G+E+GxE legacy-grid,W483,ME1,0.06985169815491646,0.4032056719859329,-0.3333539738310164
CV-G,gfold_1,G+E+GxE legacy-grid,W483,ME2,1.4315977190758915,0.315068866879855,1.1165288521960366
CV-G,gfold_1,G+E+GxE legacy-grid,W483,ME3,0.6017874530003112,0.13464244346422444,0.4671450095360868
CV-G,gfold_1,G+E+GxE legacy-grid,W483,ME4,0.624060208728226,0.20070593510794074,0.4233542736202852
CV-G,gfold_1,G+E+GxE legacy-grid,W486,ME1,0.2621904508566996,0.07901944005663238,0.18317101080006726
CV-G,gfold_1,G+E+GxE legacy-grid,W486,ME2,2.429908818879724,0.3338033585773535,2.0961054603023705
CV-G,gfold_1,G+E+GxE legacy-grid,W486,ME3,2.0737977753317973,0.6586522116536487,1.4151455636781485
CV-G,gfold_1,G+E+GxE legacy-grid,W486,ME4,0.5986350276432176,0.2433188258227673,0.3553162018204503
CV-G,gfold_1,G+E+GxE legacy-grid,W492,ME1,0.4626162756435408,-0.16116613652599515,0.6237824121695359
CV-G,gfold_1,G+E+GxE legacy-grid,W492,ME2,1.6708407616377905,0.6917626523105905,0.9790781093272
CV-G,gfold_1,G+E+GxE legacy-grid,W492,ME3,-0.4861169820041824,0.269383540539267,-0.7555005225434495
CV-G,gfold_1,G+E+GxE legacy-grid,W492,ME4,1.3253216312099565,-0.1552698669122791,1.4805914981222357
CV-G,gfold_1,G+E+GxE legacy-grid,W493,ME1,0.414558055730206,0.07764816323016832,0.33690989250003767
CV-G,gfold_1,G+E+GxE legacy-grid,W493,ME2,-0.22233918389812937,-0.6924653042489618,0.47012612035083245
CV-G,gfold_1,G+E+GxE legacy-grid,W493,ME3,-1.0674493117519623,-0.8007773403043434,-0.2666719714476189
CV-G,gfold_1,G+E+GxE legacy-grid,W493,ME4,0.9141055139894508,-0.49575395921848137,1.4098594732079321
CV-G,gfold_1,G+E+GxE legacy-grid,W494,ME1,-1.7667606495413364,-1.2151566132324774,-0.551604036308859
CV-G,gfold_1,G+E+GxE legacy-grid,W494,ME2,0.07548210911883936,-0.1498116901501131,0.2252937992689525
CV-G,gfold_1,G+E+GxE legacy-grid,W494,ME3,-0.10884433630110421,0.009637050005405257,-0.11848138630650946
CV-G,gfold_1,G+E+GxE legacy-grid,W494,ME4,1.2643546901799998,-0.25335424180017146,1.5177089319801713
CV-G,gfold_1,G+E+GxE legacy-grid,W496,ME1,0.07713250625566485,-0.18724367207988837,0.2643761783355532
CV-G,gfold_1,G+E+GxE legacy-grid,W496,ME2,-0.30151095498638586,-0.13205122383078666,-0.1694597311555992
CV-G,gfold_1,G+E+GxE legacy-grid,W496,ME3,0.6887191251799566,-0.21889619596581575,0.9076153211457724
CV-G,gfold_1,G+E+GxE legacy-grid,W496,ME4,1.191587696047471,0.05782004016793778,1.133767655879533
CV-G,gfold_1,G+E+GxE legacy-grid,W497,ME1,0.07669272590058679,-0.021935995133814445,0.09862872103440123
CV-G,gfold_1,G+E+GxE legacy-grid,W497,ME2,1.2973158134843144,0.007197556263919983,1.2901182572203944
CV-G,gfold_1,G+E+GxE legacy-grid,W497,ME3,1.222260996203249,0.1282328094242944,1.0940281867789545
CV-G,gfold_1,G+E+GxE legacy-grid,W497,ME4,0.670481617633745,-0.22364938884782662,0.8941310064815716
CV-G,gfold_1,G+E+GxE legacy-grid,W498,ME1,0.7280318640142522,-0.18606096589643423,0.9140928299106865
CV-G,gfold_1,G+E+GxE legacy-grid,W498,ME2,0.4544687070284439,-0.02277920916113404,0.4772479161895779
CV-G,gfold_1,G+E+GxE legacy-grid,W498,ME3,-1.779542350498295,0.12005917304959811,-1.8996015235478931
CV-G,gfold_1,G+E+GxE legacy-grid,W498,ME4,-0.9874887768941991,0.1571880469102254,-1.1446768238044245
CV-G,gfold_1,G+E+GxE legacy-grid,W504,ME1,0.22973628946801242,0.711900397854837,-0.48216410838682466
CV-G,gfold_1,G+E+GxE legacy-grid,W504,ME2,-0.6235204581631704,-0.14404923001423212,-0.4794712281489383
CV-G,gfold_1,G+E+GxE legacy-grid,W504,ME3,-1.4609223992778704,-0.16821358353517626,-1.292708815742694
CV-G,gfold_1,G+E+GxE legacy-grid,W504,ME4,-0.29521899487662834,-0.09338363668328538,-0.20183535819334297
CV-G,gfold_1,G+E+GxE legacy-grid,W505,ME1,0.7185847304607064,0.07889318078206353,0.6396915496786428
CV-G,gfold_1,G+E+GxE legacy-grid,W505,ME2,-0.0927531579346486,-0.6317851910374962,0.5390320331028476
CV-G,gfold_1,G+E+GxE legacy-grid,W505,ME3,-0.44593684553327567,-0.4148925395411579,-0.03104430599211777
CV-G,gfold_1,G+E+GxE legacy-grid,W505,ME4,0.15842224659865833,-0.48610766928010973,0.6445299158787681
CV-G,gfold_1,G+E+GxE legacy-grid,W515,ME1,-0.08609930220441896,-0.21953824181399334,0.13343893960957437
CV-G,gfold_1,G+E+GxE legacy-grid,W515,ME2,0.9101272479223992,-0.3244222713515611,1.2345495192739602
CV-G,gfold_1,G+E+GxE legacy-grid,W515,ME3,0.34541841743903756,-0.1415751962395529,0.48699361367859045
CV-G,gfold_1,G+E+GxE legacy-grid,W515,ME4,0.3683923915058278,-0.24015164679773582,0.6085440383035636
CV-G,gfold_1,G+E+GxE legacy-grid,W518,ME1,-0.1406564984761391,-0.4712898159598712,0.3306333174837321
CV-G,gfold_1,G+E+GxE legacy-grid,W518,ME2,1.545222817246839,0.7275563516524058,0.8176664655944331
CV-G,gfold_1,G+E+GxE legacy-grid,W518,ME3,0.7390435424794451,0.6664592111995631,0.07258433127988206
CV-G,gfold_1,G+E+GxE legacy-grid,W518,ME4,0.5383682230973467,0.7799921001164257,-0.24162387701907906
CV-G,gfold_1,G+E+GxE legacy-grid,W520,ME1,-1.0631446577378398,0.1859896706180007,-1.2491343283558405
CV-G,gfold_1,G+E+GxE legacy-grid,W520,ME2,1.0143162860859474,0.5371804786675192,0.4771358074184282
CV-G,gfold_1,G+E+GxE legacy-grid,W520,ME3,1.273995983776153,0.6831146771521038,0.5908813066240491
CV-G,gfold_1,G+E+GxE legacy-grid,W520,ME4,1.9184709671659197,0.4232480115610068,1.495222955604913
CV-G,gfold_1,G+E+GxE legacy-grid,W533,ME1,0.21659988738019506,-0.1060429965047962,0.3226428838849913
CV-G,gfold_1,G+E+GxE legacy-grid,W533,ME2,0.7705798816157614,0.4477905609465885,0.32278932066917293
CV-G,gfold_1,G+E+GxE legacy-grid,W533,ME3,0.5911110408709809,0.300700166692747,0.29041087417823386
CV-G,gfold_1,G+E+GxE legacy-grid,W533,ME4,0.058782598200538355,-0.06169557443635959,0.12047817263689795
CV-G,gfold_1,G+E+GxE legacy-grid,W545,ME1,-1.5147176415972805,0.09011465860449965,-1.6048323002017801
CV-G,gfold_1,G+E+GxE legacy-grid,W545,ME2,0.3687910541912884,0.19166727782424417,0.1771237763670442
CV-G,gfold_1,G+E+GxE legacy-grid,W545,ME3,1.910298321544253,0.1654440291401712,1.744854292404082
CV-G,gfold_1,G+E+GxE legacy-grid,W545,ME4,1.5691893953297815,0.4142122781362441,1.1549771171935375
CV-G,gfold_1,G+E+GxE legacy-grid,W549,ME1,-1.4492473772550856,-0.5921956760694878,-0.8570517011855978
CV-G,gfold_1,G+E+GxE legacy-grid,W549,ME2,0.5536770750204113,-0.3782233146457286,0.93190038966614
CV-G,gfold_1,G+E+GxE legacy-grid,W549,ME3,-0.4345509250029448,-0.0917591544742322,-0.34279177052871257
CV-G,gfold_1,G+E+GxE legacy-grid,W549,ME4,2.5931744034647943,0.2932206468455988,2.2999537566191957
CV-G,gfold_1,G+E+GxE legacy-grid,W551,ME1,-1.219258539710167,-0.501464591009487,-0.7177939487006799
CV-G,gfold_1,G+E+GxE legacy-grid,W551,ME2,0.6877817776071544,0.5180870419677506,0.16969473563940385
CV-G,gfold_1,G+E+GxE legacy-grid,W551,ME3,0.9346060187693153,0.6523682087895593,0.282237809979756
CV-G,gfold_1,G+E+GxE legacy-grid,W551,ME4,1.9749145545065567,0.3178047568372148,1.6571097976693419
CV-G,gfold_1,G+E+GxE legacy-grid,W552,ME1,-2.126582420802298,-0.8628175281415023,-1.2637648926607956
CV-G,gfold_1,G+E+GxE legacy-grid,W552,ME2,0.4156485916123478,-0.09959806257522326,0.5152466541875711
CV-G,gfold_1,G+E+GxE legacy-grid,W552,ME3,0.24379823205297826,-0.13946315051902722,0.3832613825720055
CV-G,gfold_1,G+E+GxE legacy-grid,W552,ME4,1.7448135190063983,0.41122026589919,1.3335932531072083
CV-G,gfold_1,G+E+GxE legacy-grid,W553,ME1,-2.045141614306222,-0.6903303707076471,-1.3548112435985749
CV-G,gfold_1,G+E+GxE legacy-grid,W553,ME2,0.10633441799615763,1.1360529538887552,-1.0297185358925975
CV-G,gfold_1,G+E+GxE legacy-grid,W553,ME3,-0.00769715651571153,0.7639010905643961,-0.7715982470801077
CV-G,gfold_1,G+E+GxE legacy-grid,W553,ME4,0.7691457949753856,0.8512476963843756,-0.08210190140898999
CV-G,gfold_1,G+E+GxE legacy-grid,W564,ME1,-1.8422725653244976,0.006509170507621072,-1.8487817358321186
CV-G,gfold_1,G+E+GxE legacy-grid,W564,ME2,1.0479532136106535,0.28791437281795923,0.7600388407926943
CV-G,gfold_1,G+E+GxE legacy-grid,W564,ME3,0.18802580381724174,0.18148844639177103,0.006537357425470708
CV-G,gfold_1,G+E+GxE legacy-grid,W564,ME4,1.4563022206485077,0.8706286517251834,0.5856735689233242
CV-G,gfold_1,G+E+GxE legacy-grid,W565,ME1,-2.001456765701728,-1.0453048133769145,-0.9561519523248134
CV-G,gfold_1,G+E+GxE legacy-grid,W565,ME2,0.2028467688431519,-0.059049075208568017,0.2618958440517199
CV-G,gfold_1,G+E+GxE legacy-grid,W565,ME3,0.39330178797794274,0.06656445528621834,0.3267373326917244
CV-G,gfold_1,G+E+GxE legacy-grid,W565,ME4,0.9561766366511554,0.5459277795900203,0.4102488570611351
CV-G,gfold_1,G+E+GxE legacy-grid,W567,ME1,-1.8052577187720307,-1.0223735454341405,-0.7828841733378902
CV-G,gfold_1,G+E+GxE legacy-grid,W567,ME2,-0.09448721591052203,0.019938755702909802,-0.11442597161343183
CV-G,gfold_1,G+E+GxE legacy-grid,W567,ME3,0.12111240438009135,0.1376501342406831,-0.016537729860591738
CV-G,gfold_1,G+E+GxE legacy-grid,W567,ME4,1.2716313895932525,0.839808645910323,0.4318227436829295
CV-G,gfold_1,G+E+GxE legacy-grid,W579,ME1,-2.015155109354367,-0.6526176794554394,-1.3625374298989277
CV-G,gfold_1,G+E+GxE legacy-grid,W579,ME2,0.828594879662607,0.1507822788988997,0.6778126007637073
CV-G,gfold_1,G+E+GxE legacy-grid,W579,ME3,-0.13355043240734935,-0.10053135297535133,-0.033019079431998014
CV-G,gfold_1,G+E+GxE legacy-grid,W579,ME4,0.3242837930084128,0.30573130818782807,0.018552484820584747
CV-G,gfold_1,G+E+GxE legacy-grid,W580,ME1,-1.7434441466415098,0.03168725481984502,-1.7751314014613548
CV-G,gfold_1,G+E+GxE legacy-grid,W580,ME2,0.5192807060464169,0.31552508340547,0.20375562264094688
CV-G,gfold_1,G+E+GxE legacy-grid,W580,ME3,-0.05056328907611873,-0.09832988384696317,0.047766594770844446
CV-G,gfold_1,G+E+GxE legacy-grid,W580,ME4,0.11452604905708998,-0.40497558939027994,0.51950163844737
CV-G,gfold_1,G+E+GxE legacy-grid,W587,ME1,-2.0059034337364126,-0.8997751001237413,-1.1061283336126713
CV-G,gfold_1,G+E+GxE legacy-grid,W587,ME2,-0.060584483878563994,0.25181843076614546,-0.3124029146447095
CV-G,gfold_1,G+E+GxE legacy-grid,W587,ME3,0.14319163009691935,0.30072952711525985,-0.1575378970183405
CV-G,gfold_1,G+E+GxE legacy-grid,W587,ME4,0.7443656834599843,0.5939487606630969,0.15041692279688745
CV-G,gfold_1,G+E+GxE legacy-grid,W589,ME1,-0.8414709265361711,0.13022645310264164,-0.9716973796388126
CV-G,gfold_1,G+E+GxE legacy-grid,W589,ME2,0.6547840466355984,0.3764737602676098,0.2783102863679886
CV-G,gfold_1,G+E+GxE legacy-grid,W589,ME3,0.7316528299690309,0.20600266303540085,0.5256501669336301
CV-G,gfold_1,G+E+GxE legacy-grid,W589,ME4,2.615987839463101,0.8091941293171881,1.8067937101459126
CV-G,gfold_1,G+E+GxE legacy-grid,W592,ME1,-1.0251036570235235,-0.5114713483194872,-0.5136323087040363
CV-G,gfold_1,G+E+GxE legacy-grid,W592,ME2,1.052433918161452,0.48600538808466504,0.5664285300767868
CV-G,gfold_1,G+E+GxE legacy-grid,W592,ME3,1.9209747336735834,0.426172914129488,1.4948018195440955
CV-G,gfold_1,G+E+GxE legacy-grid,W592,ME4,1.7018770591171724,0.5673103535768664,1.134566705540306
CV-G,gfold_1,G+E+GxE legacy-grid,W594,ME1,-0.4903714656509386,-0.057428215672577325,-0.43294324997836126
CV-G,gfold_1,G+E+GxE legacy-grid,W594,ME2,0.9528331720873529,0.6466145721374211,0.3062185999499317
CV-G,gfold_1,G+E+GxE legacy-grid,W594,ME3,2.9378438632922617,0.8389451090277216,2.09889875426454
CV-G,gfold_1,G+E+GxE legacy-grid,W594,ME4,1.7915574626967217,0.9262631008668886,0.8652943618298331
CV-G,gfold_1,G+E+GxE expanded-grid,W032,ME1,3.2789208050843364,0.767088857032751,2.5118319480515856
CV-G,gfold_1,G+E+GxE expanded-grid,W032,ME2,-0.2730255719593472,0.30298228832597646,-0.5760078602853236
CV-G,gfold_1,G+E+GxE expanded-grid,W032,ME3,-1.408832657504465,0.09920116085064509,-1.50803381835511
CV-G,gfold_1,G+E+GxE expanded-grid,W032,ME4,0.9739475166236292,0.12562687744512613,0.8483206391785031
CV-G,gfold_1,G+E+GxE expanded-grid,W033,ME1,-1.3051134379183305,-0.20169910724720863,-1.103414330671122
CV-G,gfold_1,G+E+GxE expanded-grid,W033,ME2,-2.87368218561558,-1.8618778981875648,-1.011804287428015
CV-G,gfold_1,G+E+GxE expanded-grid,W033,ME3,-2.228348646773606,-0.9890883601737626,-1.2392602865998432
CV-G,gfold_1,G+E+GxE expanded-grid,W033,ME4,-1.224803578191063,-1.414420359745467,0.1896167815544041
CV-G,gfold_1,G+E+GxE expanded-grid,W042,ME1,0.28221674517408457,-0.4286422222419518,0.7108589674160364
CV-G,gfold_1,G+E+GxE expanded-grid,W042,ME2,1.061629488376578,-0.11168315562491445,1.1733126440014925
CV-G,gfold_1,G+E+GxE expanded-grid,W042,ME3,1.1875964428972565,0.16159883876734196,1.0259976041299146
CV-G,gfold_1,G+E+GxE expanded-grid,W042,ME4,-1.6246916444330985,0.7114400291029652,-2.3361316735360638
CV-G,gfold_1,G+E+GxE expanded-grid,W045,ME1,-0.28018903224586655,-0.5405099436800147,0.26032091143414815
CV-G,gfold_1,G+E+GxE expanded-grid,W045,ME2,-0.6089201963006126,-0.381786519087913,-0.22713367721269956
CV-G,gfold_1,G+E+GxE expanded-grid,W045,ME3,-1.45838844070287,0.0046884749486719585,-1.463076915651542
CV-G,gfold_1,G+E+GxE expanded-grid,W045,ME4,-0.5331867324451682,-0.14364314231515168,-0.38954359013001655
CV-G,gfold_1,G+E+GxE expanded-grid,W048,ME1,0.5356442468285734,0.8234940884161619,-0.28784984158758853
CV-G,gfold_1,G+E+GxE expanded-grid,W048,ME2,-0.12263085028538062,-0.31130115854486645,0.18867030825948583
CV-G,gfold_1,G+E+GxE expanded-grid,W048,ME3,-0.4988627936364293,-0.0819023072598044,-0.4169604863766249
CV-G,gfold_1,G+E+GxE expanded-grid,W048,ME4,0.51088983277249,0.27372024537736334,0.23716958739512667
CV-G,gfold_1,G+E+GxE expanded-grid,W050,ME1,-0.45643508158402396,0.17259883187232336,-0.6290339134563473
CV-G,gfold_1,G+E+GxE expanded-grid,W050,ME2,0.06876105229264243,-0.15786360864834906,0.22662466094099148
CV-G,gfold_1,G+E+GxE expanded-grid,W050,ME3,0.4988327160980865,-0.7148548101455952,1.2136875262436817
CV-G,gfold_1,G+E+GxE expanded-grid,W050,ME4,-0.43450682169939076,-0.3588936057322004,-0.07561321596719034
CV-G,gfold_1,G+E+GxE expanded-grid,W051,ME1,0.5807135891434996,0.5744139042942832,0.0062996848492163915
CV-G,gfold_1,G+E+GxE expanded-grid,W051,ME2,0.43938113690259234,0.379444796641485,0.059936340261107335
CV-G,gfold_1,G+E+GxE expanded-grid,W051,ME3,0.6325159239864702,0.604113199871312,0.028402724115158207
CV-G,gfold_1,G+E+GxE expanded-grid,W051,ME4,-0.2958247309358938,0.4053845820652557,-0.7012093130011494
CV-G,gfold_1,G+E+GxE expanded-grid,W058,ME1,0.03071124655290282,0.4428616036335658,-0.412150357080663
CV-G,gfold_1,G+E+GxE expanded-grid,W058,ME2,0.23106001868419593,0.06445047073732055,0.16660954794687538
CV-G,gfold_1,G+E+GxE expanded-grid,W058,ME3,-0.17704160808292188,-0.23776784134327142,0.06072623326034954
CV-G,gfold_1,G+E+GxE expanded-grid,W058,ME4,-1.814806233319674,-0.4337354948663524,-1.3810707384533216
CV-G,gfold_1,G+E+GxE expanded-grid,W060,ME1,0.2574668840799267,0.38720944132179086,-0.12974255724186418
CV-G,gfold_1,G+E+GxE expanded-grid,W060,ME2,-2.3790959417668787,-0.5693997393842359,-1.8096962023826428
CV-G,gfold_1,G+E+GxE expanded-grid,W060,ME3,-1.3131081490695713,-0.61154514763779,-0.7015630014317813
CV-G,gfold_1,G+E+GxE expanded-grid,W060,ME4,0.6133850940214327,-0.20139735856858582,0.8147824525900185
CV-G,gfold_1,G+E+GxE expanded-grid,W061,ME1,0.14228515145252696,0.7475238112342731,-0.6052386597817462
CV-G,gfold_1,G+E+GxE expanded-grid,W061,ME2,0.19935333817642859,-0.2954793017040522,0.49483263988048076
CV-G,gfold_1,G+E+GxE expanded-grid,W061,ME3,3.0579703928043984,-0.07511385463513648,3.133084247439535
CV-G,gfold_1,G+E+GxE expanded-grid,W061,ME4,-0.7652544434624218,0.3020550283377986,-1.0673094718002205
CV-G,gfold_1,G+E+GxE expanded-grid,W064,ME1,0.502253516165182,0.39546119553812187,0.10679232062706012
CV-G,gfold_1,G+E+GxE expanded-grid,W064,ME2,-0.0993033404347555,0.3968726621083919,-0.4961760025431474
CV-G,gfold_1,G+E+GxE expanded-grid,W064,ME3,-0.6407644738363967,0.2575635802583221,-0.8983280540947187
CV-G,gfold_1,G+E+GxE expanded-grid,W064,ME4,0.021297762844700634,0.4148248207052595,-0.39352705786055886
CV-G,gfold_1,G+E+GxE expanded-grid,W066,ME1,1.2391462215029736,0.9182989607069514,0.3208472607960222
CV-G,gfold_1,G+E+GxE expanded-grid,W066,ME2,-0.9564849042459331,-0.5470449243214777,-0.40943997992445547
CV-G,gfold_1,G+E+GxE expanded-grid,W066,ME3,-0.9555328080228224,-0.6092333787058573,-0.3462994293169651
CV-G,gfold_1,G+E+GxE expanded-grid,W066,ME4,-0.458563196624501,-0.19514376812469195,-0.26341942849980904
CV-G,gfold_1,G+E+GxE expanded-grid,W068,ME1,0.702777069919819,-0.1767128085559645,0.8794898784757835
CV-G,gfold_1,G+E+GxE expanded-grid,W068,ME2,0.5612082027258494,-0.43961559618479185,1.0008237989106412
CV-G,gfold_1,G+E+GxE expanded-grid,W068,ME3,-0.7319869825363742,0.0001774943071018685,-0.7321644768434761
CV-G,gfold_1,G+E+GxE expanded-grid,W068,ME4,-0.83802143759495,-0.25372215185520575,-0.5842992857397442
CV-G,gfold_1,G+E+GxE expanded-grid,W069,ME1,0.5606872948261147,-0.37050894459122163,0.9311962394173363
CV-G,gfold_1,G+E+GxE expanded-grid,W069,ME2,-0.12619389641828938,0.3380840501427229,-0.4642779465610123
CV-G,gfold_1,G+E+GxE expanded-grid,W069,ME3,-0.40510632636145155,0.08280630577477076,-0.4879126321362223
CV-G,gfold_1,G+E+GxE expanded-grid,W069,ME4,0.10106612181808877,-0.010475417477477138,0.11154153929556591
CV-G,gfold_1,G+E+GxE expanded-grid,W076,ME1,1.7062011026773198,-0.3383253260148774,2.044526428692197
CV-G,gfold_1,G+E+GxE expanded-grid,W076,ME2,-0.30518791733668793,0.2702153207167229,-0.5754032380534109
CV-G,gfold_1,G+E+GxE expanded-grid,W076,ME3,-0.6796185053197205,0.046090611871705225,-0.7257091171914257
CV-G,gfold_1,G+E+GxE expanded-grid,W076,ME4,0.06664930026891967,-0.0960215979596352,0.16267089822855488
CV-G,gfold_1,G+E+GxE expanded-grid,W081,ME1,1.3097065362511746,1.3098680416437252,-0.00016150539255055385
CV-G,gfold_1,G+E+GxE expanded-grid,W081,ME2,0.2438945791771601,0.13649379103911088,0.10740078813804921
CV-G,gfold_1,G+E+GxE expanded-grid,W081,ME3,1.3987765505377063,0.0311865901459639,1.3675899603917425
CV-G,gfold_1,G+E+GxE expanded-grid,W081,ME4,-0.28706909153378485,0.04467017176436368,-0.3317392632981485
CV-G,gfold_1,G+E+GxE expanded-grid,W104,ME1,0.5123928965739414,0.4026031952648434,0.10978970130909799
CV-G,gfold_1,G+E+GxE expanded-grid,W104,ME2,-0.5399818987415089,-0.36785620337570263,-0.1721256953658063
CV-G,gfold_1,G+E+GxE expanded-grid,W104,ME3,0.5294429356840787,-0.1408724803928808,0.6703154160769595
CV-G,gfold_1,G+E+GxE expanded-grid,W104,ME4,-0.1326378632293884,-0.3480435101569154,0.21540564692752703
CV-G,gfold_1,G+E+GxE expanded-grid,W106,ME1,1.448050034246058,-0.2353325098416362,1.6833825440876942
CV-G,gfold_1,G+E+GxE expanded-grid,W106,ME2,0.41126914592145514,0.13394950927693372,0.2773196366445214
CV-G,gfold_1,G+E+GxE expanded-grid,W106,ME3,0.009373277751200794,0.8614148928606915,-0.8520416151094907
CV-G,gfold_1,G+E+GxE expanded-grid,W106,ME4,-0.20606566033566145,0.35000854268971776,-0.5560742030253792
CV-G,gfold_1,G+E+GxE expanded-grid,W115,ME1,0.004397721974021596,0.966666037678064,-0.9622683157040425
CV-G,gfold_1,G+E+GxE expanded-grid,W115,ME2,-2.239232141523036,-0.0378058864478076,-2.201426255075228
CV-G,gfold_1,G+E+GxE expanded-grid,W115,ME3,-2.160573701420955,-0.511201435281504,-1.649372266139451
CV-G,gfold_1,G+E+GxE expanded-grid,W115,ME4,-0.6033262480868572,0.07404296431089422,-0.6773692123977514
CV-G,gfold_1,G+E+GxE expanded-grid,W123,ME1,-0.12899417498590277,0.47009684925883155,-0.5990910242447343
CV-G,gfold_1,G+E+GxE expanded-grid,W123,ME2,-2.261382517127264,-0.28016037159082957,-1.9812221455364343
CV-G,gfold_1,G+E+GxE expanded-grid,W123,ME3,-2.0254292440876536,-0.0972158863214508,-1.9282133577662028
CV-G,gfold_1,G+E+GxE expanded-grid,W123,ME4,-1.205136823020109,-0.6799635206828908,-0.5251733023372182
CV-G,gfold_1,G+E+GxE expanded-grid,W126,ME1,0.7035507575815313,0.6143674515384233,0.08918330604310798
CV-G,gfold_1,G+E+GxE expanded-grid,W126,ME2,-0.7164381194835368,0.401350175809834,-1.1177882952933706
CV-G,gfold_1,G+E+GxE expanded-grid,W126,ME3,-1.0076225497962263,0.35292436419310336,-1.3605469139893298
CV-G,gfold_1,G+E+GxE expanded-grid,W126,ME4,-0.11498498378793998,0.1581685436677527,-0.27315352745569266
CV-G,gfold_1,G+E+GxE expanded-grid,W129,ME1,0.3675992867045699,0.2968833517944969,0.07071593491007305
CV-G,gfold_1,G+E+GxE expanded-grid,W129,ME2,-0.7055021626137922,-0.13555881555811047,-0.5699433470556817
CV-G,gfold_1,G+E+GxE expanded-grid,W129,ME3,-1.0066174128948104,-0.3680034676051613,-0.6386139452896491
CV-G,gfold_1,G+E+GxE expanded-grid,W129,ME4,0.25807762840091447,-0.3317683591889805,0.5898459875898949
CV-G,gfold_1,G+E+GxE expanded-grid,W136,ME1,1.2001116429494054,-0.06422702801266456,1.2643386709620699
CV-G,gfold_1,G+E+GxE expanded-grid,W136,ME2,-0.5954780826482163,-0.5161634750522825,-0.07931460759593378
CV-G,gfold_1,G+E+GxE expanded-grid,W136,ME3,-0.12334702587868498,-0.4460132299353526,0.32266620405666757
CV-G,gfold_1,G+E+GxE expanded-grid,W136,ME4,-0.7200209065692281,-0.6741788082461683,-0.045842098323059854
CV-G,gfold_1,G+E+GxE expanded-grid,W137,ME1,1.2593842619172477,0.048792922728854826,1.210591339188393
CV-G,gfold_1,G+E+GxE expanded-grid,W137,ME2,-0.7298422610634676,-0.37955711744771814,-0.3502851436157495
CV-G,gfold_1,G+E+GxE expanded-grid,W137,ME3,-1.5665040065695122,-0.37473414569713265,-1.1917698608723795
CV-G,gfold_1,G+E+GxE expanded-grid,W137,ME4,-0.313572010802162,-1.0422128474081134,0.7286408366059514
CV-G,gfold_1,G+E+GxE expanded-grid,W146,ME1,0.32484286329413,0.6080337545658587,-0.28319089127172875
CV-G,gfold_1,G+E+GxE expanded-grid,W146,ME2,-0.3760058324827775,0.24918706525762688,-0.6251928977404044
CV-G,gfold_1,G+E+GxE expanded-grid,W146,ME3,-0.9709561692159852,0.17186245770422684,-1.142818626920212
CV-G,gfold_1,G+E+GxE expanded-grid,W146,ME4,-0.22216879946963794,0.21460493845875478,-0.4367737379283927
CV-G,gfold_1,G+E+GxE expanded-grid,W147,ME1,-0.13546057502168943,0.3170461504834614,-0.4525067255051508
CV-G,gfold_1,G+E+GxE expanded-grid,W147,ME2,-2.2811596382024684,-0.4998896688194946,-1.7812699693829739
CV-G,gfold_1,G+E+GxE expanded-grid,W147,ME3,-1.0190844890838067,-0.1166241559959874,-0.9024603330878193
CV-G,gfold_1,G+E+GxE expanded-grid,W147,ME4,-0.899649181598651,-0.2903620650260368,-0.6092871165726143
CV-G,gfold_1,G+E+GxE expanded-grid,W155,ME1,-0.43492656458841156,0.4088053668246244,-0.843731931413036
CV-G,gfold_1,G+E+GxE expanded-grid,W155,ME2,-0.7343672663654739,0.07521002067236411,-0.809577287037838
CV-G,gfold_1,G+E+GxE expanded-grid,W155,ME3,-0.16035971413084232,0.32436045668685126,-0.4847201708176936
CV-G,gfold_1,G+E+GxE expanded-grid,W155,ME4,-0.3288255461127541,-0.07603585245891878,-0.2527896936538353
CV-G,gfold_1,G+E+GxE expanded-grid,W161,ME1,0.9529713715564129,0.17903540493557626,0.7739359666208366
CV-G,gfold_1,G+E+GxE expanded-grid,W161,ME2,0.17511449858665887,-0.5630763466283952,0.7381908452150541
CV-G,gfold_1,G+E+GxE expanded-grid,W161,ME3,-0.05767526614328379,-0.2553454554931267,0.19767018934984293
CV-G,gfold_1,G+E+GxE expanded-grid,W161,ME4,0.40682123110987123,0.1637615736889932,0.24305965742087804
CV-G,gfold_1,G+E+GxE expanded-grid,W163,ME1,0.926380948235444,0.47364859344905935,0.4527323547863847
CV-G,gfold_1,G+E+GxE expanded-grid,W163,ME2,0.6447467621475108,-0.004786028430888599,0.6495327905783994
CV-G,gfold_1,G+E+GxE expanded-grid,W163,ME3,-1.4454399123846235,-0.41066119095425735,-1.0347787214303663
CV-G,gfold_1,G+E+GxE expanded-grid,W163,ME4,0.2292304319161596,-0.3293828654649958,0.5586132973811554
CV-G,gfold_1,G+E+GxE expanded-grid,W170,ME1,-0.9970391551049749,0.03487899714118905,-1.031918152246164
CV-G,gfold_1,G+E+GxE expanded-grid,W170,ME2,-2.333371237841007,0.09060438396033096,-2.423975621801338
CV-G,gfold_1,G+E+GxE expanded-grid,W170,ME3,-1.0502606260848832,0.15905604312235466,-1.209316669207238
CV-G,gfold_1,G+E+GxE expanded-grid,W170,ME4,-0.9573357078660927,0.22147298167776974,-1.1788086895438625
CV-G,gfold_1,G+E+GxE expanded-grid,W171,ME1,-0.48228439356587777,-0.419143712691142,-0.06314068087473579
CV-G,gfold_1,G+E+GxE expanded-grid,W171,ME2,-2.0723132396483144,-0.16723932220254295,-1.9050739174457714
CV-G,gfold_1,G+E+GxE expanded-grid,W171,ME3,-1.2616181108255835,0.5059717501337985,-1.767589860959382
CV-G,gfold_1,G+E+GxE expanded-grid,W171,ME4,-0.1221515493722353,-0.2446425413445346,0.12249099197229929
CV-G,gfold_1,G+E+GxE expanded-grid,W174,ME1,0.5784983992068063,0.02656394097280109,0.5519344582340052
CV-G,gfold_1,G+E+GxE expanded-grid,W174,ME2,0.4238758739796326,-0.0501141141966908,0.47398998817632343
CV-G,gfold_1,G+E+GxE expanded-grid,W174,ME3,0.47890735517000743,-0.3086500139814236,0.787557369151431
CV-G,gfold_1,G+E+GxE expanded-grid,W174,ME4,-0.026319384775212437,0.2980118082499508,-0.3243311930251633
CV-G,gfold_1,G+E+GxE expanded-grid,W175,ME1,-0.26662913796426974,-0.5335313800473261,0.2669022420830564
CV-G,gfold_1,G+E+GxE expanded-grid,W175,ME2,-0.9091527159190688,-0.8154750548496779,-0.0936776610693909
CV-G,gfold_1,G+E+GxE expanded-grid,W175,ME3,-1.7588905881120498,-0.4389387859131781,-1.3199518021988716
CV-G,gfold_1,G+E+GxE expanded-grid,W175,ME4,-0.11690445909262505,0.17860701947043361,-0.29551147856305865
CV-G,gfold_1,G+E+GxE expanded-grid,W182,ME1,-0.9739343983020377,-0.8154761412395591,-0.1584582570624785
CV-G,gfold_1,G+E+GxE expanded-grid,W182,ME2,-1.3916385260091175,-1.2287057669520016,-0.1629327590571159
CV-G,gfold_1,G+E+GxE expanded-grid,W182,ME3,-1.8680450769944406,-1.2191776559409206,-0.6488674210535199
CV-G,gfold_1,G+E+GxE expanded-grid,W182,ME4,-0.5312200569280725,-0.6864785017502391,0.15525844482216655
CV-G,gfold_1,G+E+GxE expanded-grid,W183,ME1,1.2446271877801591,0.26616202104052705,0.978465166739632
CV-G,gfold_1,G+E+GxE expanded-grid,W183,ME2,-0.394137497084525,-0.14395049924257158,-0.2501869978419534
CV-G,gfold_1,G+E+GxE expanded-grid,W183,ME3,0.4471484076966806,-0.22823893497122677,0.6753873426679073
CV-G,gfold_1,G+E+GxE expanded-grid,W183,ME4,-0.5280733761007202,0.15255090714913375,-0.680624283249854
CV-G,gfold_1,G+E+GxE expanded-grid,W185,ME1,0.6157657122594117,0.3641044530936327,0.25166125916577897
CV-G,gfold_1,G+E+GxE expanded-grid,W185,ME2,0.15217303813942173,0.2797392437733101,-0.12756620563388837
CV-G,gfold_1,G+E+GxE expanded-grid,W185,ME3,0.20243558158040564,0.44256128281003654,-0.2401257012296309
CV-G,gfold_1,G+E+GxE expanded-grid,W185,ME4,0.139022959298029,0.009906981589059952,0.12911597770896904
CV-G,gfold_1,G+E+GxE expanded-grid,W195,ME1,0.5047456048439601,0.7722242313587179,-0.26747862651475773
CV-G,gfold_1,G+E+GxE expanded-grid,W195,ME2,-0.34168540765371125,-0.14320468573744757,-0.19848072191626367
CV-G,gfold_1,G+E+GxE expanded-grid,W195,ME3,-1.1620081992423568,-0.6047550921157352,-0.5572531071266216
CV-G,gfold_1,G+E+GxE expanded-grid,W195,ME4,-0.5325337961734922,-0.5183063378148275,-0.01422745835866468
CV-G,gfold_1,G+E+GxE expanded-grid,W199,ME1,0.6092911681429728,-0.4063088911409327,1.0156000592839054
CV-G,gfold_1,G+E+GxE expanded-grid,W199,ME2,0.017074732989860796,0.2359483060634087,-0.2188735730735479
CV-G,gfold_1,G+E+GxE expanded-grid,W199,ME3,0.06689413740368748,0.25682692075901115,-0.18993278335532365
CV-G,gfold_1,G+E+GxE expanded-grid,W199,ME4,0.572218642097592,0.11891953056700018,0.4532991115305918
CV-G,gfold_1,G+E+GxE expanded-grid,W200,ME1,1.0039696045842548,0.7897456009270362,0.2142240036572186
CV-G,gfold_1,G+E+GxE expanded-grid,W200,ME2,0.23002211537016914,0.16224211319645745,0.06778000217371169
CV-G,gfold_1,G+E+GxE expanded-grid,W200,ME3,0.34821421840012096,-0.2779129798565032,0.6261271982566241
CV-G,gfold_1,G+E+GxE expanded-grid,W200,ME4,0.2760845094354399,-0.29728364924461154,0.5733681586800514
CV-G,gfold_1,G+E+GxE expanded-grid,W209,ME1,0.36454525646096697,0.37343258078447616,-0.008887324323509194
CV-G,gfold_1,G+E+GxE expanded-grid,W209,ME2,-0.8098557464246845,0.4077765856165211,-1.2176323320412057
CV-G,gfold_1,G+E+GxE expanded-grid,W209,ME3,-0.7401547756764563,0.36832870719515487,-1.1084834828716112
CV-G,gfold_1,G+E+GxE expanded-grid,W209,ME4,-0.27233475855970657,0.5410005285841606,-0.8133352871438672
CV-G,gfold_1,G+E+GxE expanded-grid,W210,ME1,0.5902095871809442,0.529400990492906,0.060808596688038175
CV-G,gfold_1,G+E+GxE expanded-grid,W210,ME2,-0.6701754778644194,0.5524377413832444,-1.222613219247664
CV-G,gfold_1,G+E+GxE expanded-grid,W210,ME3,0.48982871662825406,0.3954068751632123,0.09442184146504173
CV-G,gfold_1,G+E+GxE expanded-grid,W210,ME4,-0.4280954595136601,0.6166751330352351,-1.0447705925488953
CV-G,gfold_1,G+E+GxE expanded-grid,W215,ME1,1.1515729222777444,0.1211549961470796,1.0304179261306647
CV-G,gfold_1,G+E+GxE expanded-grid,W215,ME2,0.39902948123043197,0.04679089713789544,0.3522385840925365
CV-G,gfold_1,G+E+GxE expanded-grid,W215,ME3,0.44175952246051514,-0.13446034505155333,0.5762198675120684
CV-G,gfold_1,G+E+GxE expanded-grid,W215,ME4,0.719145036628753,-0.03899847935845964,0.7581435159872126
CV-G,gfold_1,G+E+GxE expanded-grid,W224,ME1,0.9583301766238543,0.3701912356481093,0.588138940975745
CV-G,gfold_1,G+E+GxE expanded-grid,W224,ME2,0.4067884413706568,0.36217266971898315,0.04461577165167363
CV-G,gfold_1,G+E+GxE expanded-grid,W224,ME3,-0.6646005774985572,0.5140396925225967,-1.178640270021154
CV-G,gfold_1,G+E+GxE expanded-grid,W224,ME4,-1.776786462223186,-0.23709413226480008,-1.5396923299583858
CV-G,gfold_1,G+E+GxE expanded-grid,W228,ME1,1.0757026669459995,0.5957397196329258,0.47996294731307365
CV-G,gfold_1,G+E+GxE expanded-grid,W228,ME2,-0.6800672027413945,0.183076273910305,-0.8631434766516995
CV-G,gfold_1,G+E+GxE expanded-grid,W228,ME3,0.9277558840882347,0.34577338214027775,0.581982501947957
CV-G,gfold_1,G+E+GxE expanded-grid,W228,ME4,-0.2857789523945702,-0.11624068701646112,-0.16953826537810907
CV-G,gfold_1,G+E+GxE expanded-grid,W232,ME1,-0.4672097002834548,0.24192692553556575,-0.7091366258190206
CV-G,gfold_1,G+E+GxE expanded-grid,W232,ME2,-0.6741815315094128,-0.5643807146397307,-0.10980081686968213
CV-G,gfold_1,G+E+GxE expanded-grid,W232,ME3,0.08056906718010086,-0.31799869674044273,0.3985677639205436
CV-G,gfold_1,G+E+GxE expanded-grid,W232,ME4,-0.12411822488933168,0.606827287068374,-0.7309455119577056
CV-G,gfold_1,G+E+GxE expanded-grid,W247,ME1,-1.1563536607725982,0.22804347930134683,-1.384397140073945
CV-G,gfold_1,G+E+GxE expanded-grid,W247,ME2,1.1383204173971626,-0.32678971908311916,1.4651101364802819
CV-G,gfold_1,G+E+GxE expanded-grid,W247,ME3,1.4571167234627758,0.05688675163726589,1.4002299718255098
CV-G,gfold_1,G+E+GxE expanded-grid,W247,ME4,2.2903063738321063,0.07569764279443018,2.2146087310376763
CV-G,gfold_1,G+E+GxE expanded-grid,W250,ME1,0.5522093068698729,0.653454149492273,-0.10124484262240008
CV-G,gfold_1,G+E+GxE expanded-grid,W250,ME2,-0.21156777267572885,0.5511142521503781,-0.762682024826107
CV-G,gfold_1,G+E+GxE expanded-grid,W250,ME3,-0.42974485023902886,0.42495135591526667,-0.8546962061542955
CV-G,gfold_1,G+E+GxE expanded-grid,W250,ME4,0.18984972136184178,0.15597876547446682,0.03387095588737496
CV-G,gfold_1,G+E+GxE expanded-grid,W257,ME1,0.8522535261627155,0.5626826774506768,0.28957084871203875
CV-G,gfold_1,G+E+GxE expanded-grid,W257,ME2,0.6658529057589677,0.4222302295213923,0.24362267623757544
CV-G,gfold_1,G+E+GxE expanded-grid,W257,ME3,0.7868593407896832,0.3777961113956563,0.40906322939402695
CV-G,gfold_1,G+E+GxE expanded-grid,W257,ME4,0.7067392474669155,0.4929713989306688,0.2137678485362467
CV-G,gfold_1,G+E+GxE expanded-grid,W259,ME1,0.47726747673218567,0.5216818692090446,-0.04441439247685891
CV-G,gfold_1,G+E+GxE expanded-grid,W259,ME2,-0.46469593640210755,0.22217043448077642,-0.6868663708828839
CV-G,gfold_1,G+E+GxE expanded-grid,W259,ME3,-1.1657669044619396,-0.04333299750692085,-1.1224339069550189
CV-G,gfold_1,G+E+GxE expanded-grid,W259,ME4,-0.5089336899683482,-0.24402721856980852,-0.2649064713985397
CV-G,gfold_1,G+E+GxE expanded-grid,W260,ME1,-1.0910788543659937,-0.16600078561979498,-0.9250780687461988
CV-G,gfold_1,G+E+GxE expanded-grid,W260,ME2,-1.04520032288024,0.3187459413092524,-1.3639462641894924
CV-G,gfold_1,G+E+GxE expanded-grid,W260,ME3,-1.5575675793283468,-0.22819557640026672,-1.32937200292808
CV-G,gfold_1,G+E+GxE expanded-grid,W260,ME4,-0.5241872252789396,0.5258823915671221,-1.0500696168460617
CV-G,gfold_1,G+E+GxE expanded-grid,W265,ME1,0.26048019392028027,-0.1701739754063562,0.43065416932663647
CV-G,gfold_1,G+E+GxE expanded-grid,W265,ME2,0.2681144327306972,-0.46234885249191726,0.7304632852226145
CV-G,gfold_1,G+E+GxE expanded-grid,W265,ME3,-1.1188379916529498,-0.23510660433873584,-0.883731387314214
CV-G,gfold_1,G+E+GxE expanded-grid,W265,ME4,-1.0373164677953268,-0.8745251264473627,-0.16279134134796414
CV-G,gfold_1,G+E+GxE expanded-grid,W266,ME1,-0.5750128958423102,0.22593855171487595,-0.8009514475571862
CV-G,gfold_1,G+E+GxE expanded-grid,W266,ME2,-1.267779954309016,-0.9739155182971476,-0.2938644360118684
CV-G,gfold_1,G+E+GxE expanded-grid,W266,ME3,-1.1455881476763603,-0.921777809977603,-0.22381033769875736
CV-G,gfold_1,G+E+GxE expanded-grid,W266,ME4,-0.2543121441210449,-0.451036151846564,0.19672400772551907
CV-G,gfold_1,G+E+GxE expanded-grid,W278,ME1,2.2798131350711293,0.3999363013991901,1.8798768336719391
CV-G,gfold_1,G+E+GxE expanded-grid,W278,ME2,-0.8811546411553238,-0.5804008482421288,-0.30075379291319504
CV-G,gfold_1,G+E+GxE expanded-grid,W278,ME3,-1.2455359204029204,-0.14896690880620703,-1.0965690115967133
CV-G,gfold_1,G+E+GxE expanded-grid,W278,ME4,-0.7724682092591277,-0.13073626447082565,-0.6417319447883021
CV-G,gfold_1,G+E+GxE expanded-grid,W281,ME1,-0.1682486437170095,0.002803851730397035,-0.17105249544740656
CV-G,gfold_1,G+E+GxE expanded-grid,W281,ME2,-0.09756928245888206,0.12010101165578888,-0.21767029411467093
CV-G,gfold_1,G+E+GxE expanded-grid,W281,ME3,0.5104213533144165,0.0763849152859256,0.4340364380284909
CV-G,gfold_1,G+E+GxE expanded-grid,W281,ME4,-1.6677303714492135,-0.06024655634617232,-1.6074838151030413
CV-G,gfold_1,G+E+GxE expanded-grid,W283,ME1,0.918261299827786,-0.40742562924002046,1.3256869290678064
CV-G,gfold_1,G+E+GxE expanded-grid,W283,ME2,-0.2911635652398385,-0.11997626213710409,-0.1711873031027344
CV-G,gfold_1,G+E+GxE expanded-grid,W283,ME3,-1.7213542150877255,-0.05295368082807296,-1.6684005342596524
CV-G,gfold_1,G+E+GxE expanded-grid,W283,ME4,-0.37978604211172917,-0.5745186421371403,0.19473260002541115
CV-G,gfold_1,G+E+GxE expanded-grid,W284,ME1,1.0625662648581822,0.04966504774060959,1.0129012171175726
CV-G,gfold_1,G+E+GxE expanded-grid,W284,ME2,-0.32454101693603876,-0.1717995565575673,-0.15274146037847147
CV-G,gfold_1,G+E+GxE expanded-grid,W284,ME3,-0.1334068414214321,0.0054688139967398255,-0.13887565541817193
CV-G,gfold_1,G+E+GxE expanded-grid,W284,ME4,1.4590555663724403,-0.5069852990192074,1.9660408653916477
CV-G,gfold_1,G+E+GxE expanded-grid,W285,ME1,1.2356279786623419,-0.572047959609632,1.8076759382719738
CV-G,gfold_1,G+E+GxE expanded-grid,W285,ME2,-0.17458930277415685,-0.42764014168583203,0.2530508389116752
CV-G,gfold_1,G+E+GxE expanded-grid,W285,ME3,-0.5557332705879994,-0.6031302003494579,0.047396929761458484
CV-G,gfold_1,G+E+GxE expanded-grid,W285,ME4,-0.2086852721244325,0.08695997644470731,-0.2956452485691398
CV-G,gfold_1,G+E+GxE expanded-grid,W288,ME1,-0.7560069441991898,-0.39665150088784956,-0.35935544331134023
CV-G,gfold_1,G+E+GxE expanded-grid,W288,ME2,0.30044132375538307,-0.3375546096781991,0.6379959334335822
CV-G,gfold_1,G+E+GxE expanded-grid,W288,ME3,-0.35653034047871324,-0.33791159833487533,-0.018618742143837907
CV-G,gfold_1,G+E+GxE expanded-grid,W288,ME4,-2.48609552092087,-1.2358210947407906,-1.2502744261800796
CV-G,gfold_1,G+E+GxE expanded-grid,W294,ME1,0.08446217884031194,0.043185831639629406,0.04127634720068254
CV-G,gfold_1,G+E+GxE expanded-grid,W294,ME2,0.6605937737226507,0.38657844276983633,0.2740153309528144
CV-G,gfold_1,G+E+GxE expanded-grid,W294,ME3,0.9711541479493911,0.219277238679311,0.7518769092700801
CV-G,gfold_1,G+E+GxE expanded-grid,W294,ME4,-2.6827630726304075,-0.04252097544849513,-2.6402420971819125
CV-G,gfold_1,G+E+GxE expanded-grid,W297,ME1,0.12716159368620536,-0.14874064825810684,0.27590224194431223
CV-G,gfold_1,G+E+GxE expanded-grid,W297,ME2,-1.2652484828113897,0.03186633936195336,-1.297114822173343
CV-G,gfold_1,G+E+GxE expanded-grid,W297,ME3,-0.6500556552780606,0.029978178428497163,-0.6800338337065578
CV-G,gfold_1,G+E+GxE expanded-grid,W297,ME4,-1.0464890424070596,-0.4092197595553379,-0.6372692828517217
CV-G,gfold_1,G+E+GxE expanded-grid,W298,ME1,1.7541371613809094,-0.06614296502119209,1.8202801264021014
CV-G,gfold_1,G+E+GxE expanded-grid,W298,ME2,-0.9044821510059489,-0.9972526058243304,0.09277045481838153
CV-G,gfold_1,G+E+GxE expanded-grid,W298,ME3,-0.7041134382113813,-0.5033765427267255,-0.2007368954846558
CV-G,gfold_1,G+E+GxE expanded-grid,W298,ME4,0.6656435958616905,-0.8347170514724721,1.5003606473341626
CV-G,gfold_1,G+E+GxE expanded-grid,W300,ME1,-0.397260191583976,-0.755669697776611,0.35840950619263495
CV-G,gfold_1,G+E+GxE expanded-grid,W300,ME2,-1.1990568318272115,-1.19581314580216,-0.00324368602505154
CV-G,gfold_1,G+E+GxE expanded-grid,W300,ME3,-1.1588238579664407,-0.810844504995633,-0.34797935297080773
CV-G,gfold_1,G+E+GxE expanded-grid,W300,ME4,-0.6507624615591974,-0.4714440159664852,-0.17931844559271215
CV-G,gfold_1,G+E+GxE expanded-grid,W306,ME1,0.22139675088281457,0.0768271057409808,0.1445696451418338
CV-G,gfold_1,G+E+GxE expanded-grid,W306,ME2,-1.4221997156642086,-0.8356919837591916,-0.5865077319050169
CV-G,gfold_1,G+E+GxE expanded-grid,W306,ME3,-0.7049580910697139,-0.32812901221999974,-0.3768290788497141
CV-G,gfold_1,G+E+GxE expanded-grid,W306,ME4,-0.13395160247480797,0.1078255733893507,-0.24177717586415867
CV-G,gfold_1,G+E+GxE expanded-grid,W322,ME1,0.36149937029801327,0.32939325235755035,0.03210611794046292
CV-G,gfold_1,G+E+GxE expanded-grid,W322,ME2,0.8221079839499407,-0.15136739460757082,0.9734753785575114
CV-G,gfold_1,G+E+GxE expanded-grid,W322,ME3,0.6480237504654676,-0.25597260901230084,0.9039963594777685
CV-G,gfold_1,G+E+GxE expanded-grid,W322,ME4,-0.6964208003640836,-0.5728392942793123,-0.12358150608477125
CV-G,gfold_1,G+E+GxE expanded-grid,W333,ME1,1.1801097808739682,-0.31256438744605325,1.4926741683200215
CV-G,gfold_1,G+E+GxE expanded-grid,W333,ME2,0.18842370998542793,0.10432588934027509,0.08409782064515284
CV-G,gfold_1,G+E+GxE expanded-grid,W333,ME3,-1.0495764572696338,0.5182894949053557,-1.5678659521749894
CV-G,gfold_1,G+E+GxE expanded-grid,W333,ME4,-0.6665273325042338,-0.7564582448560548,0.08993091235182105
CV-G,gfold_1,G+E+GxE expanded-grid,W335,ME1,-1.2333233669920391,0.8628259471379364,-2.0961493141299754
CV-G,gfold_1,G+E+GxE expanded-grid,W335,ME2,0.5764856332140236,0.2378291789192705,0.3386564542947531
CV-G,gfold_1,G+E+GxE expanded-grid,W335,ME3,0.2146577084404855,0.27794805979532944,-0.06329035135484393
CV-G,gfold_1,G+E+GxE expanded-grid,W335,ME4,-2.0075404339950196,0.05852665287717329,-2.066067086872193
CV-G,gfold_1,G+E+GxE expanded-grid,W338,ME1,0.3426295354328722,-0.05068004629975511,0.3933095817326273
CV-G,gfold_1,G+E+GxE expanded-grid,W338,ME2,0.33145184960130375,-0.4196757306127463,0.75112758021405
CV-G,gfold_1,G+E+GxE expanded-grid,W338,ME3,0.6649590402750464,-0.0016364608531699715,0.6665955011282163
CV-G,gfold_1,G+E+GxE expanded-grid,W338,ME4,-2.2632082512174176,-0.7312648091143029,-1.5319434421031146
CV-G,gfold_1,G+E+GxE expanded-grid,W355,ME1,0.36082341160409537,0.42633119816242454,-0.06550778655832917
CV-G,gfold_1,G+E+GxE expanded-grid,W355,ME2,-0.9454666745525154,0.19986715726943424,-1.1453338318219497
CV-G,gfold_1,G+E+GxE expanded-grid,W355,ME3,-0.1772527712975054,0.22371444160494236,-0.40096721290244774
CV-G,gfold_1,G+E+GxE expanded-grid,W355,ME4,-0.17507085418623797,0.16984946091761818,-0.3449203151038561
CV-G,gfold_1,G+E+GxE expanded-grid,W360,ME1,1.1992076499972983,0.4187710404643831,0.7804366095329152
CV-G,gfold_1,G+E+GxE expanded-grid,W360,ME2,-0.7609983465205008,-0.22986539059948113,-0.5311329559210196
CV-G,gfold_1,G+E+GxE expanded-grid,W360,ME3,-0.7399520589904557,-0.07301603969684739,-0.6669360192936082
CV-G,gfold_1,G+E+GxE expanded-grid,W360,ME4,0.5098120945891214,-0.3297429018034557,0.839554996392577
CV-G,gfold_1,G+E+GxE expanded-grid,W361,ME1,1.7077566220813938,0.3659395110180225,1.3418171110633712
CV-G,gfold_1,G+E+GxE expanded-grid,W361,ME2,0.3831001968316201,0.1559486356477445,0.2271515611838756
CV-G,gfold_1,G+E+GxE expanded-grid,W361,ME3,-0.20830221036983157,0.3536104224515325,-0.561912632821364
CV-G,gfold_1,G+E+GxE expanded-grid,W361,ME4,-0.545380120651159,0.22472333909235298,-0.770103459743512
CV-G,gfold_1,G+E+GxE expanded-grid,W375,ME1,-1.4323891303103982,-0.48206246144121395,-0.9503266688691843
CV-G,gfold_1,G+E+GxE expanded-grid,W375,ME2,0.38901751145732083,0.35647470047142527,0.032542810985895565
CV-G,gfold_1,G+E+GxE expanded-grid,W375,ME3,-0.08121574130502755,0.24232982796205402,-0.32354556926708156
CV-G,gfold_1,G+E+GxE expanded-grid,W375,ME4,-1.647505080431404,-0.9438516793563057,-0.7036534010750983
CV-G,gfold_1,G+E+GxE expanded-grid,W386,ME1,0.5493588786425111,0.4777393550494966,0.07161952359301449
CV-G,gfold_1,G+E+GxE expanded-grid,W386,ME2,-0.4948394332600915,0.08758666212251931,-0.5824260953826108
CV-G,gfold_1,G+E+GxE expanded-grid,W386,ME3,-2.209377743575444,-0.30343848000552825,-1.9059392635699155
CV-G,gfold_1,G+E+GxE expanded-grid,W386,ME4,-0.765907379734098,-0.4297793230357942,-0.33612805669830376
CV-G,gfold_1,G+E+GxE expanded-grid,W388,ME1,0.0873126070676752,-0.07195316994021315,0.15926577700788835
CV-G,gfold_1,G+E+GxE expanded-grid,W388,ME2,-0.38628993544188317,-0.12031501152886644,-0.26597492391301675
CV-G,gfold_1,G+E+GxE expanded-grid,W388,ME3,-0.816367803083855,0.03176118451859198,-0.848128987602447
CV-G,gfold_1,G+E+GxE expanded-grid,W388,ME4,-0.5011849884309924,-0.4504787370029475,-0.05070625142804486
CV-G,gfold_1,G+E+GxE expanded-grid,W405,ME1,1.4818398248612796,0.09449265698636929,1.3873471678749103
CV-G,gfold_1,G+E+GxE expanded-grid,W405,ME2,1.9187097933278512,0.6937196196224811,1.2249901737053701
CV-G,gfold_1,G+E+GxE expanded-grid,W405,ME3,0.5428306834886591,0.5201803607678559,0.02265032272080325
CV-G,gfold_1,G+E+GxE expanded-grid,W405,ME4,1.6132429269127186,0.8420919039942729,0.7711510229184457
CV-G,gfold_1,G+E+GxE expanded-grid,W411,ME1,-1.530232115234783,-0.84715028621894,-0.6830818290158431
CV-G,gfold_1,G+E+GxE expanded-grid,W411,ME2,-0.7556063122305567,-0.5944792026433942,-0.1611271095871626
CV-G,gfold_1,G+E+GxE expanded-grid,W411,ME3,1.849060989315101,-0.6690863546020502,2.5181473439171516
CV-G,gfold_1,G+E+GxE expanded-grid,W411,ME4,1.4066161303846103,0.16627065202518926,1.240345478359421
CV-G,gfold_1,G+E+GxE expanded-grid,W412,ME1,-0.336269171599065,-0.40499530966122355,0.06872613806215855
CV-G,gfold_1,G+E+GxE expanded-grid,W412,ME2,0.02449194447790443,0.6590277397316839,-0.6345357952537795
CV-G,gfold_1,G+E+GxE expanded-grid,W412,ME3,0.33839935218628936,0.3641680409617424,-0.02576868877545302
CV-G,gfold_1,G+E+GxE expanded-grid,W412,ME4,0.20503245635381828,0.03183823897867813,0.17319421737514015
CV-G,gfold_1,G+E+GxE expanded-grid,W415,ME1,-0.01355183177771391,-0.715917900798204,0.7023660690204901
CV-G,gfold_1,G+E+GxE expanded-grid,W415,ME2,1.83232332847136,-0.11027319549819413,1.9425965239695542
CV-G,gfold_1,G+E+GxE expanded-grid,W415,ME3,1.9449882144359945,0.16537011335393834,1.7796181010820562
CV-G,gfold_1,G+E+GxE expanded-grid,W415,ME4,-0.07298466144485104,-0.5124172853677109,0.43943262392285987
CV-G,gfold_1,G+E+GxE expanded-grid,W417,ME1,-0.03804922637173485,0.25517303715950806,-0.2932222635312429
CV-G,gfold_1,G+E+GxE expanded-grid,W417,ME2,1.5770497426507435,-0.009420575365992199,1.5864703180167357
CV-G,gfold_1,G+E+GxE expanded-grid,W417,ME3,1.1736427776775933,0.2646042168867211,0.9090385607908722
CV-G,gfold_1,G+E+GxE expanded-grid,W417,ME4,0.7372856515984407,-0.22986668433527876,0.9671523359337195
CV-G,gfold_1,G+E+GxE expanded-grid,W419,ME1,-1.6789837482998657,-0.4881890410674321,-1.1907947072324336
CV-G,gfold_1,G+E+GxE expanded-grid,W419,ME2,-0.012062503947815505,0.8272904991214154,-0.8393530030692309
CV-G,gfold_1,G+E+GxE expanded-grid,W419,ME3,-0.5403605885663361,0.3452768978721034,-0.8856374864384395
CV-G,gfold_1,G+E+GxE expanded-grid,W419,ME4,-0.26471192425544493,-0.09792484733234602,-0.1667870769230989
CV-G,gfold_1,G+E+GxE expanded-grid,W435,ME1,-0.8796096562182832,0.045995577431412325,-0.9256052336496956
CV-G,gfold_1,G+E+GxE expanded-grid,W435,ME2,0.4319765827720364,0.5675945656034208,-0.13561798283138443
CV-G,gfold_1,G+E+GxE expanded-grid,W435,ME3,-0.03741204407187156,0.16872465430787564,-0.2061366983797472
CV-G,gfold_1,G+E+GxE expanded-grid,W435,ME4,0.004502353928706192,0.4930999724372435,-0.48859761850853733
CV-G,gfold_1,G+E+GxE expanded-grid,W437,ME1,-0.704397905122626,-1.1165573093009071,0.4121594041782811
CV-G,gfold_1,G+E+GxE expanded-grid,W437,ME2,0.3079471367458448,-0.4743538923331433,0.782301029078988
CV-G,gfold_1,G+E+GxE expanded-grid,W437,ME3,-0.02109335084887578,0.14226306164822,-0.1633564124970958
CV-G,gfold_1,G+E+GxE expanded-grid,W437,ME4,-0.19450160829514038,0.5746070207376203,-0.7691086290327607
CV-G,gfold_1,G+E+GxE expanded-grid,W438,ME1,0.5673328646361946,0.3334384799308326,0.233894384705362
CV-G,gfold_1,G+E+GxE expanded-grid,W438,ME2,0.1924614070241416,-0.6542852746205088,0.8467466816446504
CV-G,gfold_1,G+E+GxE expanded-grid,W438,ME3,-1.3403313106936483,-0.5777191098095706,-0.7626122008840777
CV-G,gfold_1,G+E+GxE expanded-grid,W438,ME4,-0.8563744535204845,-0.699781952932087,-0.15659250058839747
CV-G,gfold_1,G+E+GxE expanded-grid,W440,ME1,-1.6469042146210608,0.5392836838451107,-2.1861878984661716
CV-G,gfold_1,G+E+GxE expanded-grid,W440,ME2,0.16898200888365905,-0.19952466659602164,0.3685066754796807
CV-G,gfold_1,G+E+GxE expanded-grid,W440,ME3,1.692327204922804,-0.6180954324547955,2.3104226373775996
CV-G,gfold_1,G+E+GxE expanded-grid,W440,ME4,1.0853872181243212,-0.04941382589016027,1.1348010440144813
CV-G,gfold_1,G+E+GxE expanded-grid,W445,ME1,-0.5518348423135264,-0.08475892586918063,-0.46707591644434576
CV-G,gfold_1,G+E+GxE expanded-grid,W445,ME2,0.4856247924854782,-0.32879371697378823,0.8144185094592664
CV-G,gfold_1,G+E+GxE expanded-grid,W445,ME3,0.6847999359172923,-0.41022511957929636,1.0950250554965886
CV-G,gfold_1,G+E+GxE expanded-grid,W445,ME4,-0.2175353119513613,-1.2738352266173334,1.0562999146659722
CV-G,gfold_1,G+E+GxE expanded-grid,W457,ME1,-0.3174482012178212,0.3476356957326256,-0.6650838969504468
CV-G,gfold_1,G+E+GxE expanded-grid,W457,ME2,1.459304674617408,0.6977515995276417,0.7615530750897664
CV-G,gfold_1,G+E+GxE expanded-grid,W457,ME3,1.705774078427467,0.6270488774206049,1.0787252010068622
CV-G,gfold_1,G+E+GxE expanded-grid,W457,ME4,0.3464757595433167,0.19331710458221796,0.15315865496109876
CV-G,gfold_1,G+E+GxE expanded-grid,W462,ME1,0.1336687141252414,0.07127089908949413,0.06239781503574726
CV-G,gfold_1,G+E+GxE expanded-grid,W462,ME2,1.8385444196767766,0.7286288213442165,1.1099155983325601
CV-G,gfold_1,G+E+GxE expanded-grid,W462,ME3,1.0706880407753672,0.8888682469230706,0.18181979385229652
CV-G,gfold_1,G+E+GxE expanded-grid,W462,ME4,0.5163650574120837,1.2842119167656976,-0.7678468593536139
CV-G,gfold_1,G+E+GxE expanded-grid,W463,ME1,0.15286431221636598,0.17141433624862643,-0.018550024032260443
CV-G,gfold_1,G+E+GxE expanded-grid,W463,ME2,1.6161989493615307,0.9722664526514136,0.6439324967101171
CV-G,gfold_1,G+E+GxE expanded-grid,W463,ME3,0.7807862867382699,0.9072846932978504,-0.12649840655958056
CV-G,gfold_1,G+E+GxE expanded-grid,W463,ME4,0.18464983129464213,1.401721954488319,-1.217072123193677
CV-G,gfold_1,G+E+GxE expanded-grid,W472,ME1,-0.246480682437141,-0.34748687667005873,0.10100619423291773
CV-G,gfold_1,G+E+GxE expanded-grid,W472,ME2,1.0721414237704705,0.7537081756760717,0.31843324809439877
CV-G,gfold_1,G+E+GxE expanded-grid,W472,ME3,0.9859862521417206,0.9396282418540802,0.04635801028764042
CV-G,gfold_1,G+E+GxE expanded-grid,W472,ME4,0.7454355549412843,0.905391304700567,-0.15995574975928262
CV-G,gfold_1,G+E+GxE expanded-grid,W478,ME1,-1.1201287900431438,-1.7457882516185612,0.6256594615754174
CV-G,gfold_1,G+E+GxE expanded-grid,W478,ME2,1.5837391560832192,0.5080082651345437,1.0757308909486756
CV-G,gfold_1,G+E+GxE expanded-grid,W478,ME3,2.3682859943896455,1.1940716151494535,1.174214379240192
CV-G,gfold_1,G+E+GxE expanded-grid,W478,ME4,1.8565836219939622,1.175745453939349,0.6808381680546132
CV-G,gfold_1,G+E+GxE expanded-grid,W479,ME1,-1.7023491156835893,0.2987809450664626,-2.001130060750052
CV-G,gfold_1,G+E+GxE expanded-grid,W479,ME2,-0.8799205488002311,0.510210370398107,-1.390130919198338
CV-G,gfold_1,G+E+GxE expanded-grid,W479,ME3,-1.1343204785461969,-0.20655180917371338,-0.9277686693724835
CV-G,gfold_1,G+E+GxE expanded-grid,W479,ME4,-0.5541042932449943,0.3496533892682155,-0.9037576825132099
CV-G,gfold_1,G+E+GxE expanded-grid,W480,ME1,-0.5553938055574061,-0.7082853723145055,0.15289156675709936
CV-G,gfold_1,G+E+GxE expanded-grid,W480,ME2,0.7247982195811928,0.5207735965045649,0.20402462307662794
CV-G,gfold_1,G+E+GxE expanded-grid,W480,ME3,-0.04519129689711931,0.14256014784403637,-0.18775144474115568
CV-G,gfold_1,G+E+GxE expanded-grid,W480,ME4,0.0719907909733504,0.7127620543224703,-0.6407712633491199
CV-G,gfold_1,G+E+GxE expanded-grid,W481,ME1,-0.6238692356593067,-0.8196229720191017,0.19575373635979498
CV-G,gfold_1,G+E+GxE expanded-grid,W481,ME2,0.6685995523338926,0.29817517411374134,0.37042437822015123
CV-G,gfold_1,G+E+GxE expanded-grid,W481,ME3,0.558971999611405,0.1491015054326277,0.4098704941787773
CV-G,gfold_1,G+E+GxE expanded-grid,W481,ME4,0.3609976915615497,0.6766248531054179,-0.31562716154386816
CV-G,gfold_1,G+E+GxE expanded-grid,W483,ME1,0.06985169815491646,0.5945464625731383,-0.5246947644182218
CV-G,gfold_1,G+E+GxE expanded-grid,W483,ME2,1.4315977190758915,0.24283870172510566,1.1887590173507858
CV-G,gfold_1,G+E+GxE expanded-grid,W483,ME3,0.6017874530003112,-0.07310316976459444,0.6748906227649056
CV-G,gfold_1,G+E+GxE expanded-grid,W483,ME4,0.624060208728226,0.14431625521788874,0.4797439535103373
CV-G,gfold_1,G+E+GxE expanded-grid,W486,ME1,0.2621904508566996,0.1707367949372685,0.09145365591943111
CV-G,gfold_1,G+E+GxE expanded-grid,W486,ME2,2.429908818879724,0.2879611834525045,2.1419476354272198
CV-G,gfold_1,G+E+GxE expanded-grid,W486,ME3,2.0737977753317973,0.8263929957120261,1.2474047796197714
CV-G,gfold_1,G+E+GxE expanded-grid,W486,ME4,0.5986350276432176,0.15908807017229484,0.43954695747092276
CV-G,gfold_1,G+E+GxE expanded-grid,W492,ME1,0.4626162756435408,-0.24909170151145804,0.7117079771549988
CV-G,gfold_1,G+E+GxE expanded-grid,W492,ME2,1.6708407616377905,0.9413545641481403,0.7294861974896502
CV-G,gfold_1,G+E+GxE expanded-grid,W492,ME3,-0.4861169820041824,0.2547495600569446,-0.740866542061127
CV-G,gfold_1,G+E+GxE expanded-grid,W492,ME4,1.3253216312099565,-0.2544492539097164,1.579770885119673
CV-G,gfold_1,G+E+GxE expanded-grid,W493,ME1,0.414558055730206,0.09157265989990573,0.3229853958303003
CV-G,gfold_1,G+E+GxE expanded-grid,W493,ME2,-0.22233918389812937,-0.7298668030854987,0.5075276191873693
CV-G,gfold_1,G+E+GxE expanded-grid,W493,ME3,-1.0674493117519623,-0.8786689162420307,-0.18878039550993164
CV-G,gfold_1,G+E+GxE expanded-grid,W493,ME4,0.9141055139894508,-0.6128101840494308,1.5269156980388816
CV-G,gfold_1,G+E+GxE expanded-grid,W494,ME1,-1.7667606495413364,-1.573854362043647,-0.19290628749768945
CV-G,gfold_1,G+E+GxE expanded-grid,W494,ME2,0.07548210911883936,-0.1324726331502755,0.20795474226911487
CV-G,gfold_1,G+E+GxE expanded-grid,W494,ME3,-0.10884433630110421,0.14704299635081092,-0.2558873326519151
CV-G,gfold_1,G+E+GxE expanded-grid,W494,ME4,1.2643546901799998,-0.4452557897175832,1.709610479897583
CV-G,gfold_1,G+E+GxE expanded-grid,W496,ME1,0.07713250625566485,-0.2288141709343209,0.30594667718998575
CV-G,gfold_1,G+E+GxE expanded-grid,W496,ME2,-0.30151095498638586,-0.021683531851041254,-0.2798274231353446
CV-G,gfold_1,G+E+GxE expanded-grid,W496,ME3,0.6887191251799566,-0.22310432791519771,0.9118234530951543
CV-G,gfold_1,G+E+GxE expanded-grid,W496,ME4,1.191587696047471,0.19814426985624467,0.9934434261912263
CV-G,gfold_1,G+E+GxE expanded-grid,W497,ME1,0.07669272590058679,-0.03826084625784053,0.11495357215842732
CV-G,gfold_1,G+E+GxE expanded-grid,W497,ME2,1.2973158134843144,0.03517487508269284,1.2621409384016216
CV-G,gfold_1,G+E+GxE expanded-grid,W497,ME3,1.222260996203249,0.1971562252887017,1.025104770914547
CV-G,gfold_1,G+E+GxE expanded-grid,W497,ME4,0.670481617633745,-0.4235486940753506,1.0940303117090957
CV-G,gfold_1,G+E+GxE expanded-grid,W498,ME1,0.7280318640142522,-0.07111337046959726,0.7991452344838494
CV-G,gfold_1,G+E+GxE expanded-grid,W498,ME2,0.4544687070284439,-0.15628018782796949,0.6107488948564134
CV-G,gfold_1,G+E+GxE expanded-grid,W498,ME3,-1.779542350498295,0.06377030908322406,-1.843312659581519
CV-G,gfold_1,G+E+GxE expanded-grid,W498,ME4,-0.9874887768941991,0.15394555386355352,-1.1414343307577526
CV-G,gfold_1,G+E+GxE expanded-grid,W504,ME1,0.22973628946801242,1.0647631218937477,-0.8350268324257353
CV-G,gfold_1,G+E+GxE expanded-grid,W504,ME2,-0.6235204581631704,-0.36777572298823874,-0.2557447351749316
CV-G,gfold_1,G+E+GxE expanded-grid,W504,ME3,-1.4609223992778704,-0.4221381193661051,-1.0387842799117653
CV-G,gfold_1,G+E+GxE expanded-grid,W504,ME4,-0.29521899487662834,-0.16566567859111922,-0.12955331628550912
CV-G,gfold_1,G+E+GxE expanded-grid,W505,ME1,0.7185847304607064,0.1954087529434471,0.5231759775172593
CV-G,gfold_1,G+E+GxE expanded-grid,W505,ME2,-0.0927531579346486,-0.8375363899875775,0.744783232052929
CV-G,gfold_1,G+E+GxE expanded-grid,W505,ME3,-0.44593684553327567,-0.4748932698469323,0.028956424313656637
CV-G,gfold_1,G+E+GxE expanded-grid,W505,ME4,0.15842224659865833,-0.6999566214276668,0.8583788680263251
CV-G,gfold_1,G+E+GxE expanded-grid,W515,ME1,-0.08609930220441896,-0.1908217238613564,0.10472242165693744
CV-G,gfold_1,G+E+GxE expanded-grid,W515,ME2,0.9101272479223992,-0.23580282488376458,1.1459300728061637
CV-G,gfold_1,G+E+GxE expanded-grid,W515,ME3,0.34541841743903756,-0.0485343585468791,0.39395277598591666
CV-G,gfold_1,G+E+GxE expanded-grid,W515,ME4,0.3683923915058278,-0.42300705982235237,0.7913994513281801
CV-G,gfold_1,G+E+GxE expanded-grid,W518,ME1,-0.1406564984761391,-0.6344525522631735,0.49379605378703445
CV-G,gfold_1,G+E+GxE expanded-grid,W518,ME2,1.545222817246839,0.8373146925999982,0.7079081246468407
CV-G,gfold_1,G+E+GxE expanded-grid,W518,ME3,0.7390435424794451,0.7694241532323921,-0.030380610752946957
CV-G,gfold_1,G+E+GxE expanded-grid,W518,ME4,0.5383682230973467,0.9598321263084276,-0.42146390321108096
CV-G,gfold_1,G+E+GxE expanded-grid,W520,ME1,-1.0631446577378398,0.07752767553631298,-1.1406723332741528
CV-G,gfold_1,G+E+GxE expanded-grid,W520,ME2,1.0143162860859474,0.6395625025424345,0.37475378354351285
CV-G,gfold_1,G+E+GxE expanded-grid,W520,ME3,1.273995983776153,0.9177123478733533,0.35628363590279966
CV-G,gfold_1,G+E+GxE expanded-grid,W520,ME4,1.9184709671659197,0.46510098041767756,1.4533699867482421
CV-G,gfold_1,G+E+GxE expanded-grid,W533,ME1,0.21659988738019506,-0.3393747230207173,0.5559746104009123
CV-G,gfold_1,G+E+GxE expanded-grid,W533,ME2,0.7705798816157614,0.675357297857805,0.09522258375795645
CV-G,gfold_1,G+E+GxE expanded-grid,W533,ME3,0.5911110408709809,0.49450703469474366,0.09660400617623721
CV-G,gfold_1,G+E+GxE expanded-grid,W533,ME4,0.058782598200538355,-0.09221128629165871,0.15099388449219708
CV-G,gfold_1,G+E+GxE expanded-grid,W545,ME1,-1.5147176415972805,0.07693842061105824,-1.5916560622083387
CV-G,gfold_1,G+E+GxE expanded-grid,W545,ME2,0.3687910541912884,0.3011915766344418,0.06759947755684659
CV-G,gfold_1,G+E+GxE expanded-grid,W545,ME3,1.910298321544253,0.06804290135463041,1.8422554201896226
CV-G,gfold_1,G+E+GxE expanded-grid,W545,ME4,1.5691893953297815,0.5183288142022484,1.050860581127533
CV-G,gfold_1,G+E+GxE expanded-grid,W549,ME1,-1.4492473772550856,-0.9136802741630086,-0.535567103092077
CV-G,gfold_1,G+E+GxE expanded-grid,W549,ME2,0.5536770750204113,-0.45057771160672827,1.0042547866271396
CV-G,gfold_1,G+E+GxE expanded-grid,W549,ME3,-0.4345509250029448,-0.1150257815747071,-0.3195251434282377
CV-G,gfold_1,G+E+GxE expanded-grid,W549,ME4,2.5931744034647943,0.5381792170320329,2.0549951864327616
CV-G,gfold_1,G+E+GxE expanded-grid,W551,ME1,-1.219258539710167,-0.8009260208245853,-0.41833251888558165
CV-G,gfold_1,G+E+GxE expanded-grid,W551,ME2,0.6877817776071544,0.6150759716452242,0.07270580596193021
CV-G,gfold_1,G+E+GxE expanded-grid,W551,ME3,0.9346060187693153,0.7864529828869158,0.14815303588239948
CV-G,gfold_1,G+E+GxE expanded-grid,W551,ME4,1.9749145545065567,0.3888920492183401,1.5860225052882166
CV-G,gfold_1,G+E+GxE expanded-grid,W552,ME1,-2.126582420802298,-0.9563711564843425,-1.1702112643179554
CV-G,gfold_1,G+E+GxE expanded-grid,W552,ME2,0.4156485916123478,-0.19540161617103116,0.6110502077833789
CV-G,gfold_1,G+E+GxE expanded-grid,W552,ME3,0.24379823205297826,-0.327730472450623,0.5715287045036013
CV-G,gfold_1,G+E+GxE expanded-grid,W552,ME4,1.7448135190063983,0.4313058448520512,1.313507674154347
CV-G,gfold_1,G+E+GxE expanded-grid,W553,ME1,-2.045141614306222,-0.8610545729697798,-1.1840870413364422
CV-G,gfold_1,G+E+GxE expanded-grid,W553,ME2,0.10633441799615763,1.352926806364458,-1.2465923883683003
CV-G,gfold_1,G+E+GxE expanded-grid,W553,ME3,-0.00769715651571153,0.718612566236506,-0.7263097227522176
CV-G,gfold_1,G+E+GxE expanded-grid,W553,ME4,0.7691457949753856,1.0572650376796449,-0.28811924270425926
CV-G,gfold_1,G+E+GxE expanded-grid,W564,ME1,-1.8422725653244976,-0.2356306071505548,-1.6066419581739428
CV-G,gfold_1,G+E+GxE expanded-grid,W564,ME2,1.0479532136106535,0.3129057975428595,0.735047416067794
CV-G,gfold_1,G+E+GxE expanded-grid,W564,ME3,0.18802580381724174,0.15790867749794618,0.030117126319295556
CV-G,gfold_1,G+E+GxE expanded-grid,W564,ME4,1.4563022206485077,1.311625357221909,0.1446768634265987
CV-G,gfold_1,G+E+GxE expanded-grid,W565,ME1,-2.001456765701728,-1.4824528704357514,-0.5190038952659766
CV-G,gfold_1,G+E+GxE expanded-grid,W565,ME2,0.2028467688431519,-0.08031935224060203,0.28316612108375394
CV-G,gfold_1,G+E+GxE expanded-grid,W565,ME3,0.39330178797794274,0.11196124799014405,0.2813405399877987
CV-G,gfold_1,G+E+GxE expanded-grid,W565,ME4,0.9561766366511554,0.8148279620084605,0.14134867464269485
CV-G,gfold_1,G+E+GxE expanded-grid,W567,ME1,-1.8052577187720307,-1.3126092764187602,-0.49264844235327043
CV-G,gfold_1,G+E+GxE expanded-grid,W567,ME2,-0.09448721591052203,0.05999712267799892,-0.15448433858852095
CV-G,gfold_1,G+E+GxE expanded-grid,W567,ME3,0.12111240438009135,0.17826213669398902,-0.057149732313897667
CV-G,gfold_1,G+E+GxE expanded-grid,W567,ME4,1.2716313895932525,0.9525797804609321,0.31905160913232045
CV-G,gfold_1,G+E+GxE expanded-grid,W579,ME1,-2.015155109354367,-0.9960181278041373,-1.0191369815502296
CV-G,gfold_1,G+E+GxE expanded-grid,W579,ME2,0.828594879662607,0.2665553501365033,0.5620395295261038
CV-G,gfold_1,G+E+GxE expanded-grid,W579,ME3,-0.13355043240734935,-0.17532528486274582,0.04177485245539647
CV-G,gfold_1,G+E+GxE expanded-grid,W579,ME4,0.3242837930084128,0.4323387729362899,-0.1080549799278771
CV-G,gfold_1,G+E+GxE expanded-grid,W580,ME1,-1.7434441466415098,0.165892786281133,-1.9093369329226428
CV-G,gfold_1,G+E+GxE expanded-grid,W580,ME2,0.5192807060464169,0.4594875776785371,0.059793128367879755
CV-G,gfold_1,G+E+GxE expanded-grid,W580,ME3,-0.05056328907611873,-0.04951647202837965,-0.001046817047739075
CV-G,gfold_1,G+E+GxE expanded-grid,W580,ME4,0.11452604905708998,-0.6056864309443426,0.7202124800014326
CV-G,gfold_1,G+E+GxE expanded-grid,W587,ME1,-2.0059034337364126,-1.336148207119283,-0.6697552266171296
CV-G,gfold_1,G+E+GxE expanded-grid,W587,ME2,-0.060584483878563994,0.455060657135235,-0.515645141013799
CV-G,gfold_1,G+E+GxE expanded-grid,W587,ME3,0.14319163009691935,0.4366268347732954,-0.29343520467637607
CV-G,gfold_1,G+E+GxE expanded-grid,W587,ME4,0.7443656834599843,0.776336990898595,-0.03197130743861065
CV-G,gfold_1,G+E+GxE expanded-grid,W589,ME1,-0.8414709265361711,-0.045845393198010655,-0.7956255333381604
CV-G,gfold_1,G+E+GxE expanded-grid,W589,ME2,0.6547840466355984,0.43905608474717095,0.21572796188842747
CV-G,gfold_1,G+E+GxE expanded-grid,W589,ME3,0.7316528299690309,0.1897984654676352,0.5418543645013957
CV-G,gfold_1,G+E+GxE expanded-grid,W589,ME4,2.615987839463101,1.1014881839117738,1.514499655551327
CV-G,gfold_1,G+E+GxE expanded-grid,W592,ME1,-1.0251036570235235,-0.8607549828521484,-0.1643486741713751
CV-G,gfold_1,G+E+GxE expanded-grid,W592,ME2,1.052433918161452,0.5563602367752437,0.4960736813862082
CV-G,gfold_1,G+E+GxE expanded-grid,W592,ME3,1.9209747336735834,0.5712022340832466,1.3497724995903368
CV-G,gfold_1,G+E+GxE expanded-grid,W592,ME4,1.7018770591171724,0.6170708663502309,1.0848061927669415
CV-G,gfold_1,G+E+GxE expanded-grid,W594,ME1,-0.4903714656509386,-0.07733221986443749,-0.4130392457865011
CV-G,gfold_1,G+E+GxE expanded-grid,W594,ME2,0.9528331720873529,0.6096147720677014,0.3432184000196514
CV-G,gfold_1,G+E+GxE expanded-grid,W594,ME3,2.9378438632922617,0.9520313285863153,1.9858125347059463
CV-G,gfold_1,G+E+GxE expanded-grid,W594,ME4,1.7915574626967217,1.0510851222500357,0.740472340446686
CV-G,gfold_2,G+E,W004,ME1,0.7854394885133357,0.32367065760327224,0.46176883091006343
CV-G,gfold_2,G+E,W004,ME2,0.09394919369402198,0.31015185331447537,-0.21620265962045337
CV-G,gfold_2,G+E,W004,ME3,0.5704677250133174,0.30418914824507304,0.2662785767682444
CV-G,gfold_2,G+E,W004,ME4,0.5517573500177323,0.297726145568642,0.2540312044490903
CV-G,gfold_2,G+E,W006,ME1,2.336096876440566,0.2291804037292673,2.1069164727112986
CV-G,gfold_2,G+E,W006,ME2,0.6264758666133936,0.21566159944047042,0.4108142671729232
CV-G,gfold_2,G+E,W006,ME3,0.07353310887018515,0.20969889437106806,-0.13616578550088293
CV-G,gfold_2,G+E,W006,ME4,0.7195855719445825,0.20323589169463704,0.5163496802499454
CV-G,gfold_2,G+E,W009,ME1,-0.9676390239598921,-0.045926313247797716,-0.9217127107120944
CV-G,gfold_2,G+E,W009,ME2,-1.7892630828199947,-0.0594451175365946,-1.7298179652834
CV-G,gfold_2,G+E,W009,ME3,-1.9360396320902578,-0.06540782260599694,-1.8706318094842609
CV-G,gfold_2,G+E,W009,ME4,-1.5027577623731856,-0.07187082528242796,-1.4308869370907575
CV-G,gfold_2,G+E,W019,ME1,0.9500232143612553,0.02964867030961858,0.9203745440516367
CV-G,gfold_2,G+E,W019,ME2,-0.8514098510582172,0.016129866020821698,-0.8675397170790389
CV-G,gfold_2,G+E,W019,ME3,-0.767698905386699,0.010167160951419356,-0.7778660663381184
CV-G,gfold_2,G+E,W019,ME4,-1.0320693775157166,0.00370415827498834,-1.035773535790705
CV-G,gfold_2,G+E,W020,ME1,1.8423619870581072,-0.2108711083400853,2.0532330953981925
CV-G,gfold_2,G+E,W020,ME2,0.32309166498039293,-0.22438991262888217,0.5474815776092751
CV-G,gfold_2,G+E,W020,ME3,-0.22068482127299466,-0.23035261769828452,0.009667796425289865
CV-G,gfold_2,G+E,W020,ME4,0.09811610854244561,-0.23681562037471554,0.33493172891716116
CV-G,gfold_2,G+E,W022,ME1,-0.43795616259006515,-0.05483220581327988,-0.38312395677678523
CV-G,gfold_2,G+E,W022,ME2,-0.862459724145355,-0.06835101010207677,-0.7941087140432782
CV-G,gfold_2,G+E,W022,ME3,-0.9282505206986612,-0.07431371517147911,-0.8539368055271821
CV-G,gfold_2,G+E,W022,ME4,0.3972553213947196,-0.08077671784791013,0.4780320392426297
CV-G,gfold_2,G+E,W023,ME1,1.6509760917923297,-0.21411199762041808,1.8650880894127477
CV-G,gfold_2,G+E,W023,ME2,0.221041720232341,-0.22763080190921495,0.44867252214155595
CV-G,gfold_2,G+E,W023,ME3,-0.41496342521819896,-0.2335935069786173,-0.18136991823958165
CV-G,gfold_2,G+E,W023,ME4,0.6959854657394379,-0.24005650965504832,0.9360419753944862
CV-G,gfold_2,G+E,W027,ME1,0.8585733327468119,0.40495588907313174,0.4536174436736802
CV-G,gfold_2,G+E,W027,ME2,8.855924078961156e-05,0.39143708478433487,-0.39134852554354527
CV-G,gfold_2,G+E,W027,ME3,0.06547512060168752,0.38547437971493254,-0.319999259113245
CV-G,gfold_2,G+E,W027,ME4,-0.4499727579658295,0.3790113770385015,-0.828984135004331
CV-G,gfold_2,G+E,W036,ME1,0.34510533595035325,-0.41997290600774156,0.7650782419580948
CV-G,gfold_2,G+E,W036,ME2,-1.0594208640181544,-0.43349171029653844,-0.625929153721616
CV-G,gfold_2,G+E,W036,ME3,0.23345123453839747,-0.43945441536594076,0.6729056499043382
CV-G,gfold_2,G+E,W036,ME4,-0.8364480971812744,-0.4459174180423718,-0.39053067913890266
CV-G,gfold_2,G+E,W037,ME1,-1.4010181316481083,-0.27128577755112937,-1.129732354096979
CV-G,gfold_2,G+E,W037,ME2,-1.4064349769127418,-0.28480458183992624,-1.1216303950728155
CV-G,gfold_2,G+E,W037,ME3,-1.7641105427765482,-0.29076728690932857,-1.4733432558672197
CV-G,gfold_2,G+E,W037,ME4,-0.8793216234539528,-0.2972302895857596,-0.5820913338681932
CV-G,gfold_2,G+E,W038,ME1,1.4950495236749437,-0.16672321463479542,1.6617727383097392
CV-G,gfold_2,G+E,W038,ME2,-1.4137319435046494,-0.1802420189235923,-1.233489924581057
CV-G,gfold_2,G+E,W038,ME3,-1.2334742775859238,-0.18620472399299465,-1.047269553592929
CV-G,gfold_2,G+E,W038,ME4,-0.03247114579268723,-0.19266772666942567,0.16019658087673844
CV-G,gfold_2,G+E,W039,ME1,0.5656063195384781,0.03343360214674771,0.5321727173917303
CV-G,gfold_2,G+E,W039,ME2,-0.36052588427479415,0.01991479785795083,-0.38044068213274496
CV-G,gfold_2,G+E,W039,ME3,-0.8247467594385198,0.013952092788548488,-0.8386988522270683
CV-G,gfold_2,G+E,W039,ME4,-0.41439953121260803,0.007489090112117472,-0.4218886213247255
CV-G,gfold_2,G+E,W043,ME1,1.142190941369396,-0.1738630222547338,1.3160539636241297
CV-G,gfold_2,G+E,W043,ME2,-0.05952126584956081,-0.18738182654353067,0.12786056069396987
CV-G,gfold_2,G+E,W043,ME3,0.4015371533466911,-0.19334453161293302,0.5948816849596241
CV-G,gfold_2,G+E,W043,ME4,0.18150315046728918,-0.19980753428936404,0.3813106847566532
CV-G,gfold_2,G+E,W059,ME1,-0.6702009104749236,-0.21163575642982083,-0.4585651540451028
CV-G,gfold_2,G+E,W059,ME2,-0.12266249367909973,-0.2251545607186177,0.10249206703951796
CV-G,gfold_2,G+E,W059,ME3,0.8378932664901717,-0.23111726578802005,1.0690105322781918
CV-G,gfold_2,G+E,W059,ME4,-0.9835554258600077,-0.23758026846445107,-0.7459751573955566
CV-G,gfold_2,G+E,W072,ME1,0.16075592636583644,-0.22587173708729127,0.3866276634531277
CV-G,gfold_2,G+E,W072,ME2,-0.2761899113313803,-0.23939054137608815,-0.03679936995529218
CV-G,gfold_2,G+E,W072,ME3,0.5789395931823991,-0.2453532464454905,0.8242928396278896
CV-G,gfold_2,G+E,W072,ME4,-2.5818096849868675,-0.2518162491219215,-2.329993435864946
CV-G,gfold_2,G+E,W082,ME1,-1.575635364856345,0.022225979816556503,-1.5978613446729015
CV-G,gfold_2,G+E,W082,ME2,-0.4044722294735835,0.008707175527759622,-0.41317940500134315
CV-G,gfold_2,G+E,W082,ME3,-0.17478638495117227,0.00274447045835728,-0.17753085540952954
CV-G,gfold_2,G+E,W082,ME4,-1.2067730970503319,-0.0037185322180737362,-1.2030545648322581
CV-G,gfold_2,G+E,W083,ME1,-0.32102345262299814,-0.06789350759710283,-0.2531299450258953
CV-G,gfold_2,G+E,W083,ME2,-0.8237978256978608,-0.08141231188589972,-0.742385513811961
CV-G,gfold_2,G+E,W083,ME3,-0.2850473690779795,-0.08737501695530206,-0.19767235212267745
CV-G,gfold_2,G+E,W083,ME4,-0.27423850046025544,-0.09383801963173308,-0.18040048082852236
CV-G,gfold_2,G+E,W091,ME1,0.14509485927664081,0.03056366698398049,0.11453119229266032
CV-G,gfold_2,G+E,W091,ME2,-2.283532892731493,0.01704486269518361,-2.3005777554266764
CV-G,gfold_2,G+E,W091,ME3,-0.5492970158075015,0.011082157625781268,-0.5603791734332827
CV-G,gfold_2,G+E,W091,ME4,-0.8183546824239967,0.0046191549493502515,-0.822973837373347
CV-G,gfold_2,G+E,W092,ME1,0.8987806589139243,-0.19243654203487076,1.091217200948795
CV-G,gfold_2,G+E,W092,ME2,-0.8534983150437588,-0.20595534632366763,-0.6475429687200912
CV-G,gfold_2,G+E,W092,ME3,-0.9969630307240622,-0.21191805139307,-0.7850449793309923
CV-G,gfold_2,G+E,W092,ME4,0.10336319882205586,-0.218381054069501,0.32174425289155684
CV-G,gfold_2,G+E,W095,ME1,0.9078287325156386,-0.39251196850022047,1.300340701015859
CV-G,gfold_2,G+E,W095,ME2,-0.12277640989649309,-0.40603077278901734,0.28325436289252426
CV-G,gfold_2,G+E,W095,ME3,0.18433467082632615,-0.41199347785841967,0.5963281486847458
CV-G,gfold_2,G+E,W095,ME4,0.011582385790249792,-0.4184564805348507,0.43003886632510047
CV-G,gfold_2,G+E,W101,ME1,1.9633911695919264,0.19885054130051893,1.7645406282914076
CV-G,gfold_2,G+E,W101,ME2,0.13447172369227128,0.18533173701172206,-0.05086001331945078
CV-G,gfold_2,G+E,W101,ME3,0.1008407357800961,0.1793690319423197,-0.07852829616222361
CV-G,gfold_2,G+E,W101,ME4,-0.24015208039795774,0.1729060292658887,-0.41305810966384643
CV-G,gfold_2,G+E,W108,ME1,0.8526281538725978,-0.061670151102867846,0.9142983049754657
CV-G,gfold_2,G+E,W108,ME2,0.22433263317925403,-0.07518895539166473,0.29952158857091876
CV-G,gfold_2,G+E,W108,ME3,-0.22712952258207705,-0.08115166046106707,-0.14597786212101
CV-G,gfold_2,G+E,W108,ME4,-0.5390867589964545,-0.08761466313749808,-0.4514720958589564
CV-G,gfold_2,G+E,W128,ME1,-0.43034144718268247,-0.35091740149800454,-0.07942404568467792
CV-G,gfold_2,G+E,W128,ME2,-0.5816309335562019,-0.3644362057868014,-0.21719472776940046
CV-G,gfold_2,G+E,W128,ME3,-1.1272845202362811,-0.37039891085620374,-0.7568856093800773
CV-G,gfold_2,G+E,W128,ME4,-0.5459701233062877,-0.37686191353263476,-0.16910820977365293
CV-G,gfold_2,G+E,W130,ME1,-0.6770093618979953,0.09236944106889228,-0.7693788029668875
CV-G,gfold_2,G+E,W130,ME2,-0.5809347788943552,0.07885063678009539,-0.6597854156744506
CV-G,gfold_2,G+E,W130,ME3,0.062096509168355345,0.07288793171069305,-0.010791422542337704
CV-G,gfold_2,G+E,W130,ME4,-2.1176742629523604,0.06642492903426203,-2.1840991919866224
CV-G,gfold_2,G+E,W132,ME1,0.35493524129442927,-0.27755641722843416,0.6324916585228635
CV-G,gfold_2,G+E,W132,ME2,-1.0969056282192537,-0.29107522151723103,-0.8058304067020228
CV-G,gfold_2,G+E,W132,ME3,0.6356242465051369,-0.29703792658663336,0.9326621730917704
CV-G,gfold_2,G+E,W132,ME4,-0.6911737100844733,-0.3035009292630644,-0.3876727808214089
CV-G,gfold_2,G+E,W133,ME1,0.6006177222511422,-0.2942219070830948,0.894839629334237
CV-G,gfold_2,G+E,W133,ME2,-1.3169537881504032,-0.3077407113718917,-1.0092130767785115
CV-G,gfold_2,G+E,W133,ME3,-0.6892728874904679,-0.313703416441294,-0.3755694710491739
CV-G,gfold_2,G+E,W133,ME4,-0.5994007637547354,-0.32016641911772503,-0.27923434463701036
CV-G,gfold_2,G+E,W152,ME1,1.0771115928983819,-0.2282842722626559,1.3053958651610378
CV-G,gfold_2,G+E,W152,ME2,0.2734684949481772,-0.24180307655145278,0.51527157149963
CV-G,gfold_2,G+E,W152,ME3,0.14814129584675167,-0.24776578162085514,0.3959070774676068
CV-G,gfold_2,G+E,W152,ME4,-0.39748612176558745,-0.2542287842972861,-0.14325733746830133
CV-G,gfold_2,G+E,W154,ME1,0.06533173339438465,0.07320998256450167,-0.007878249170117022
CV-G,gfold_2,G+E,W154,ME2,-0.5974652877738541,0.05969117827570479,-0.6571564660495589
CV-G,gfold_2,G+E,W154,ME3,-0.928512363084745,0.05372847320630245,-0.9822408362910475
CV-G,gfold_2,G+E,W154,ME4,-0.8088910398357336,0.047265470529871435,-0.856156510365605
CV-G,gfold_2,G+E,W157,ME1,0.8671164733482509,0.1289268164781306,0.7381896568701203
CV-G,gfold_2,G+E,W157,ME2,0.017365852212088022,0.1154080121893337,-0.09804215997724569
CV-G,gfold_2,G+E,W157,ME3,-0.8729510980635914,0.10944530711993136,-0.9823964051835228
CV-G,gfold_2,G+E,W157,ME4,-0.3791331058400538,0.10298230444350034,-0.4821154102835541
CV-G,gfold_2,G+E,W162,ME1,0.32594231418182734,0.20114483977394143,0.12479747440788591
CV-G,gfold_2,G+E,W162,ME2,-1.9813384827023757,0.18762603548514456,-2.1689645181875203
CV-G,gfold_2,G+E,W162,ME3,-1.273696646699747,0.1816633304157422,-1.4553599771154893
CV-G,gfold_2,G+E,W162,ME4,0.5150513181666635,0.17520032773931118,0.33985099042735234
CV-G,gfold_2,G+E,W172,ME1,-0.6308731450179689,0.1685558342882093,-0.7994289793061782
CV-G,gfold_2,G+E,W172,ME2,-0.7664599962766292,0.15503702999941243,-0.9214970262760416
CV-G,gfold_2,G+E,W172,ME3,-0.585498837315659,0.14907432493001008,-0.734573162245669
CV-G,gfold_2,G+E,W172,ME4,-0.41822274841784135,0.14261132225357906,-0.5608340706714204
CV-G,gfold_2,G+E,W176,ME1,0.04524028643180243,0.28518095841200763,-0.2399406719802052
CV-G,gfold_2,G+E,W176,ME2,-1.0688759100617886,0.27166215412321076,-1.3405380641849993
CV-G,gfold_2,G+E,W176,ME3,-1.538149010115268,0.26569944905380843,-1.8038484591690764
CV-G,gfold_2,G+E,W176,ME4,-0.6277680914133182,0.2592364463773774,-0.8870045377906957
CV-G,gfold_2,G+E,W178,ME1,0.15653729258933885,-0.3137051183801863,0.4702424109695251
CV-G,gfold_2,G+E,W178,ME2,-0.5449562402343447,-0.32722392266898315,-0.2177323175653616
CV-G,gfold_2,G+E,W178,ME3,-0.06704246634219774,-0.3331866277383855,0.26614416139618774
CV-G,gfold_2,G+E,W178,ME4,-0.6849747488545886,-0.3396496304148165,-0.34532511843977215
CV-G,gfold_2,G+E,W180,ME1,-0.8810593025739135,-1.2062167821814607,0.32515747960754715
CV-G,gfold_2,G+E,W180,ME2,-2.949626330544363,-1.2197355864702575,-1.7298907440741054
CV-G,gfold_2,G+E,W180,ME3,-2.3006424849183382,-1.22569829153966,-1.0749441933786783
CV-G,gfold_2,G+E,W180,ME4,-1.6784448196663495,-1.2321612942160909,-0.4462835254502586
CV-G,gfold_2,G+E,W188,ME1,0.8868577248428988,-0.003863617753508214,0.890721342596407
CV-G,gfold_2,G+E,W188,ME2,-0.032263646498871555,-0.017382422042305095,-0.01488122445656646
CV-G,gfold_2,G+E,W188,ME3,-0.10903015992993796,-0.023345127111707435,-0.08568503281823053
CV-G,gfold_2,G+E,W188,ME4,-0.5395194276102152,-0.029808129788138453,-0.5097112978220768
CV-G,gfold_2,G+E,W192,ME1,0.5140054245425649,-0.3854791448072979,0.8994845693498628
CV-G,gfold_2,G+E,W192,ME2,-0.5678280852153964,-0.39899794909609476,-0.16883013611930164
CV-G,gfold_2,G+E,W192,ME3,-1.6528444217483242,-0.4049606541654971,-1.2478837675828272
CV-G,gfold_2,G+E,W192,ME4,-1.3559100348627087,-0.4114236568419281,-0.9444863780207806
CV-G,gfold_2,G+E,W203,ME1,0.22288711764169133,0.3629446746185975,-0.14005755697690614
CV-G,gfold_2,G+E,W203,ME2,-1.9441574950809923,0.3494258703298006,-2.293583365410793
CV-G,gfold_2,G+E,W203,ME3,-1.5355390327830185,0.3434631652603983,-1.8790021980434168
CV-G,gfold_2,G+E,W203,ME4,-0.5941536734751245,0.33700016258396726,-0.9311538360590917
CV-G,gfold_2,G+E,W214,ME1,1.094442196520746,0.3926812670553653,0.7017609294653807
CV-G,gfold_2,G+E,W214,ME2,0.6404116172078261,0.37916246276656845,0.2612491544412577
CV-G,gfold_2,G+E,W214,ME3,0.8081783789340117,0.3731997576971661,0.43497862123684555
CV-G,gfold_2,G+E,W214,ME4,0.7291986818721446,0.3667367550207351,0.36246192685140954
CV-G,gfold_2,G+E,W220,ME1,0.08302067656533246,-0.1488586318080777,0.23187930837341017
CV-G,gfold_2,G+E,W220,ME2,-0.35315930221670117,-0.16237743609687458,-0.1907818661198266
CV-G,gfold_2,G+E,W220,ME3,0.17830384941782781,-0.16834014116627694,0.3466439905841048
CV-G,gfold_2,G+E,W220,ME4,-0.34458255035572233,-0.17480314384270795,-0.16977940651301437
CV-G,gfold_2,G+E,W221,ME1,0.6424864408707738,0.38082953937133845,0.2616569014994353
CV-G,gfold_2,G+E,W221,ME2,-0.3566907049558908,0.3673107350825416,-0.7240014400384324
CV-G,gfold_2,G+E,W221,ME3,0.8762320597299136,0.36134803001313925,0.5148840297167743
CV-G,gfold_2,G+E,W221,ME4,0.0513092312355759,0.35488502733670824,-0.30357579610113233
CV-G,gfold_2,G+E,W237,ME1,1.1157796878227189,0.38628958045459366,0.7294901073681253
CV-G,gfold_2,G+E,W237,ME2,0.48195415881391984,0.3727707761657968,0.10918338264812305
CV-G,gfold_2,G+E,W237,ME3,0.26840296981622275,0.36680807109639446,-0.09840510128017171
CV-G,gfold_2,G+E,W237,ME4,0.8166134752559995,0.36034506841996344,0.45626840683603603
CV-G,gfold_2,G+E,W238,ME1,0.5957231297807281,0.41024210662553806,0.18548102315519
CV-G,gfold_2,G+E,W238,ME2,-0.18922753670917877,0.3967233023367412,-0.5859508390459199
CV-G,gfold_2,G+E,W238,ME3,0.7495341309799431,0.39076059726733886,0.3587735337126043
CV-G,gfold_2,G+E,W238,ME4,-0.4792998232767549,0.38429759459090784,-0.8635974178676628
CV-G,gfold_2,G+E,W242,ME1,0.06949335860633282,-0.14150059323387174,0.21099395184020456
CV-G,gfold_2,G+E,W242,ME2,0.5003199845291967,-0.1550193975226686,0.6553393820518653
CV-G,gfold_2,G+E,W242,ME3,0.2636222346380582,-0.16098210259207096,0.42460433723012914
CV-G,gfold_2,G+E,W242,ME4,0.2908503092177919,-0.16744510526850198,0.4582954144862939
CV-G,gfold_2,G+E,W244,ME1,1.219136215346889,-0.010199841646005396,1.2293360569928944
CV-G,gfold_2,G+E,W244,ME2,0.3642976922830024,-0.023718645934802277,0.3880163382178047
CV-G,gfold_2,G+E,W244,ME3,0.10337469435509486,-0.029681351004204617,0.1330560453592995
CV-G,gfold_2,G+E,W244,ME4,0.48935866921132964,-0.036144353680635635,0.5255030228919653
CV-G,gfold_2,G+E,W270,ME1,-0.37194838892499626,-0.0031507902533707416,-0.36879759867162554
CV-G,gfold_2,G+E,W270,ME2,-2.0905081910375016,-0.016669594542167623,-2.073838596495334
CV-G,gfold_2,G+E,W270,ME3,-0.48957161219476547,-0.022632299611569963,-0.4669393125831955
CV-G,gfold_2,G+E,W270,ME4,-0.5548201631332172,-0.02909530228800098,-0.5257248608452163
CV-G,gfold_2,G+E,W271,ME1,0.40696777256477257,-0.2112870253006786,0.6182547978654511
CV-G,gfold_2,G+E,W271,ME2,-0.8202474369224396,-0.22480582958947548,-0.5954416073329641
CV-G,gfold_2,G+E,W271,ME3,-0.7556372625697024,-0.23076853465887784,-0.5248687279108246
CV-G,gfold_2,G+E,W271,ME4,-0.16506440915525686,-0.23723153733530886,0.072167128180052
CV-G,gfold_2,G+E,W286,ME1,0.3014530636684557,-0.2528765099157335,0.5543295735841892
CV-G,gfold_2,G+E,W286,ME2,-0.8867618505225658,-0.2663953142045304,-0.6203665363180355
CV-G,gfold_2,G+E,W286,ME3,-2.1155283644860483,-0.2723580192739327,-1.8431703452121155
CV-G,gfold_2,G+E,W286,ME4,0.24955012335878898,-0.27882102195036373,0.5283711453091527
CV-G,gfold_2,G+E,W287,ME1,1.5152875640892192,-0.2813448663373232,1.7966324304265424
CV-G,gfold_2,G+E,W287,ME2,0.01636592097052534,-0.29486367062612007,0.3112295915966454
CV-G,gfold_2,G+E,W287,ME3,-2.1521356193662067,-0.3008263756955224,-1.8513092436706842
CV-G,gfold_2,G+E,W287,ME4,-0.027751124551658162,-0.3072893783719534,0.27953825382029523
CV-G,gfold_2,G+E,W290,ME1,0.14298554238839276,0.18443800165895774,-0.041452459270564984
CV-G,gfold_2,G+E,W290,ME2,-0.22502254368561264,0.17091919737016087,-0.3959417410557735
CV-G,gfold_2,G+E,W290,ME3,-0.5032718815569279,0.1649564923007585,-0.6682283738576864
CV-G,gfold_2,G+E,W290,ME4,0.3595816851892409,0.1584934896243275,0.2010881955649134
CV-G,gfold_2,G+E,W293,ME1,0.8461698979174604,0.06320079010948665,0.7829691078079738
CV-G,gfold_2,G+E,W293,ME2,-2.0360815538385406,0.04968198582068976,-2.0857635396592302
CV-G,gfold_2,G+E,W293,ME3,-0.8401025484030156,0.04371928075128742,-0.883821829154303
CV-G,gfold_2,G+E,W293,ME4,0.6055183919530507,0.0372562780748564,0.5682621138781943
CV-G,gfold_2,G+E,W304,ME1,1.3452798805286592,0.02963814949644028,1.315641731032219
CV-G,gfold_2,G+E,W304,ME2,-1.4753606171143565,0.0161193452076434,-1.4914799623219999
CV-G,gfold_2,G+E,W304,ME3,0.19459720305507383,0.010156640138241059,0.18444056291683278
CV-G,gfold_2,G+E,W304,ME4,0.7707191353890623,0.003693637461810043,0.7670254979272523
CV-G,gfold_2,G+E,W317,ME1,-0.29379779101136066,-0.25931518693564043,-0.034482604075720236
CV-G,gfold_2,G+E,W317,ME2,0.9552127552951211,-0.2728339912244373,1.2280467465195584
CV-G,gfold_2,G+E,W317,ME3,1.2256058215222476,-0.27879669629383963,1.5044025178160871
CV-G,gfold_2,G+E,W317,ME4,-1.8528260044161615,-0.28525969897027065,-1.5675663054458908
CV-G,gfold_2,G+E,W320,ME1,-0.21795196792156646,0.08201427740235281,-0.29996624532391925
CV-G,gfold_2,G+E,W320,ME2,-0.7185329121478228,0.06849547311355593,-0.7870283852613787
CV-G,gfold_2,G+E,W320,ME3,0.17673279510132764,0.06253276804415359,0.11420002705717405
CV-G,gfold_2,G+E,W320,ME4,-1.312100371043892,0.056069765367722575,-1.3681701364116148
CV-G,gfold_2,G+E,W325,ME1,0.17486147405095656,-0.34652909410654875,0.5213905681575053
CV-G,gfold_2,G+E,W325,ME2,-0.41129454515968505,-0.3600478983953456,-0.05124664676433943
CV-G,gfold_2,G+E,W325,ME3,-0.1120117845198536,-0.36601060346474795,0.25399881894489434
CV-G,gfold_2,G+E,W325,ME4,0.04828841764131719,-0.37247360614117897,0.42076202378249616
CV-G,gfold_2,G+E,W328,ME1,0.7714153816347115,-0.07804370249731085,0.8494590841320223
CV-G,gfold_2,G+E,W328,ME2,0.7744340469708973,-0.09156250678610774,0.8659965537570051
CV-G,gfold_2,G+E,W328,ME3,1.1924363037755052,-0.09752521185551008,1.2899615156310154
CV-G,gfold_2,G+E,W328,ME4,-0.8026212782872341,-0.1039882145319411,-0.698633063755293
CV-G,gfold_2,G+E,W334,ME1,0.7888355701442222,-0.013213152663991388,0.8020487228082136
CV-G,gfold_2,G+E,W334,ME2,0.23763551589927928,-0.02673195695278827,0.2643674728520676
CV-G,gfold_2,G+E,W334,ME3,-0.5649906659153311,-0.03269466202219061,-0.5322960038931405
CV-G,gfold_2,G+E,W334,ME4,0.3459172236964618,-0.03915766469862163,0.3850748883950834
CV-G,gfold_2,G+E,W337,ME1,-0.6706406908300031,-0.19713615794819683,-0.4735045328818063
CV-G,gfold_2,G+E,W337,ME2,0.05425572061124421,-0.2106549622369937,0.26491068284823793
CV-G,gfold_2,G+E,W337,ME3,0.42424142217868743,-0.21661766730639606,0.6408590894850835
CV-G,gfold_2,G+E,W337,ME4,-1.6994253140827222,-0.22308066998282708,-1.476344644099895
CV-G,gfold_2,G+E,W339,ME1,0.6585221356698515,-0.08409547749408783,0.7426176131639394
CV-G,gfold_2,G+E,W339,ME2,-0.15685001625454117,-0.09761428178288471,-0.05923573447165646
CV-G,gfold_2,G+E,W339,ME3,-0.05215968297836793,-0.10357698685228706,0.05141730387391913
CV-G,gfold_2,G+E,W339,ME4,0.5779849347137154,-0.11003998952871807,0.6880249242424334
CV-G,gfold_2,G+E,W352,ME1,-0.7664965200758838,0.02489134950980895,-0.7913878695856927
CV-G,gfold_2,G+E,W352,ME2,-0.10218921794204906,0.011372545221012068,-0.11356176316306113
CV-G,gfold_2,G+E,W352,ME3,1.5962648353445779,0.005409840151609726,1.590854995192968
CV-G,gfold_2,G+E,W352,ME4,-1.491941047029161,-0.0010531625248212904,-1.4908878845043396
CV-G,gfold_2,G+E,W356,ME1,-0.11187531746042761,0.18274631308172695,-0.29462163054215457
CV-G,gfold_2,G+E,W356,ME2,-0.8903185679767308,0.16922750879293008,-1.059546076769661
CV-G,gfold_2,G+E,W356,ME3,-0.28544435592139683,0.16326480372352772,-0.4487091596449245
CV-G,gfold_2,G+E,W356,ME4,-0.4883071971450517,0.1568018010470967,-0.6451089981921484
CV-G,gfold_2,G+E,W362,ME1,1.1535112134723502,-0.02318319454157613,1.1766944080139263
CV-G,gfold_2,G+E,W362,ME2,-0.969844745074655,-0.03670199883037301,-0.933142746244282
CV-G,gfold_2,G+E,W362,ME3,-1.239505098994422,-0.04266470389977535,-1.1968403950946467
CV-G,gfold_2,G+E,W362,ME4,0.12958291681597156,-0.04912770657620637,0.17871062339217791
CV-G,gfold_2,G+E,W366,ME1,1.1668104971731592,-0.05758515635281601,1.2243956535259752
CV-G,gfold_2,G+E,W366,ME2,0.5991802751902414,-0.0711039606416129,0.6702842358318544
CV-G,gfold_2,G+E,W366,ME3,-0.010653441519878112,-0.07706666571101524,0.06641322419113713
CV-G,gfold_2,G+E,W366,ME4,-0.8742082671095057,-0.08352966838744624,-0.7906785987220595
CV-G,gfold_2,G+E,W368,ME1,1.0881712544205484,-0.1426958018433191,1.2308670562638675
CV-G,gfold_2,G+E,W368,ME2,-0.7045275460872065,-0.15621460613211596,-0.5483129399550906
CV-G,gfold_2,G+E,W368,ME3,-1.1813423031696024,-0.16217731120151832,-1.019164991968084
CV-G,gfold_2,G+E,W368,ME4,-1.0803158613011001,-0.16864031387794934,-0.9116755474231508
CV-G,gfold_2,G+E,W374,ME1,-0.8595589296589503,-0.19874388054878822,-0.6608150491101621
CV-G,gfold_2,G+E,W374,ME2,0.4668033019006278,-0.2122626848375851,0.679065986738213
CV-G,gfold_2,G+E,W374,ME3,0.5852491500341488,-0.21822538990698745,0.8034745399411363
CV-G,gfold_2,G+E,W374,ME4,-0.7082208534666563,-0.22468839258341847,-0.48353246088323787
CV-G,gfold_2,G+E,W378,ME1,-0.09864118640481433,-0.008928309634573327,-0.089712876770241
CV-G,gfold_2,G+E,W378,ME2,-0.5151165199560768,-0.022447113923370208,-0.49266940603270654
CV-G,gfold_2,G+E,W378,ME3,-0.9245678342363294,-0.028409818992772548,-0.8961580152435569
CV-G,gfold_2,G+E,W378,ME4,-0.30022221739211963,-0.034872821669203566,-0.26534939572291605
CV-G,gfold_2,G+E,W381,ME1,-0.47157492751164415,-0.3685123525184662,-0.10306257499317795
CV-G,gfold_2,G+E,W381,ME2,-0.8907742328463031,-0.3820311568072631,-0.50874307603904
CV-G,gfold_2,G+E,W381,ME3,-0.852772341278013,-0.3879938618766654,-0.46477847940134764
CV-G,gfold_2,G+E,W381,ME4,-0.09855144316709136,-0.3944568645530964,0.29590542138600506
CV-G,gfold_2,G+E,W383,ME1,0.03905078513810063,0.14301292518506953,-0.1039621400469689
CV-G,gfold_2,G+E,W383,ME2,0.4160029976220155,0.12949412089627266,0.2865088767257428
CV-G,gfold_2,G+E,W383,ME3,-0.3379564241239671,0.1235314158268703,-0.4614878399508374
CV-G,gfold_2,G+E,W383,ME4,0.6185692506844961,0.11706841315043928,0.5015008375340568
CV-G,gfold_2,G+E,W384,ME1,-1.1003631063065464,-0.014779738987351614,-1.0855833673191948
CV-G,gfold_2,G+E,W384,ME2,-1.605009929865278,-0.028298543276148495,-1.5767113865891296
CV-G,gfold_2,G+E,W384,ME3,-1.6143620375226666,-0.03426124834555084,-1.5801007891771157
CV-G,gfold_2,G+E,W384,ME4,-0.05356964074008553,-0.04072425102198185,-0.01284538971810368
CV-G,gfold_2,G+E,W390,ME1,0.7458511124755932,0.09641153407453351,0.6494395784010597
CV-G,gfold_2,G+E,W390,ME2,0.043718470502375345,0.08289272978573663,-0.03917425928336128
CV-G,gfold_2,G+E,W390,ME3,-0.8386919781296001,0.07693002471633428,-0.9156220028459343
CV-G,gfold_2,G+E,W390,ME4,-0.056598321036412325,0.07046702203990327,-0.1270653430763156
CV-G,gfold_2,G+E,W393,ME1,-0.17097691073462892,0.4125987318290039,-0.5835756425636328
CV-G,gfold_2,G+E,W393,ME2,0.2843285076729935,0.39907992754020705,-0.11475141986721354
CV-G,gfold_2,G+E,W393,ME3,0.3277905122856262,0.3931172224708047,-0.0653267101851785
CV-G,gfold_2,G+E,W393,ME4,0.43542455983050643,0.3866542197943737,0.04877034003613273
CV-G,gfold_2,G+E,W394,ME1,-0.08289053442847352,0.4168165105013937,-0.4997070449298672
CV-G,gfold_2,G+E,W394,ME2,0.03283314306258371,0.4032977062125968,-0.3704645631500131
CV-G,gfold_2,G+E,W394,ME3,0.31778137591437794,0.3973350011431945,-0.07955362522881654
CV-G,gfold_2,G+E,W394,ME4,0.5342460712135143,0.39087199846676346,0.14337407274675085
CV-G,gfold_2,G+E,W399,ME1,1.132841536783646,0.3969764028764362,0.7358651339072098
CV-G,gfold_2,G+E,W399,ME2,2.299487407322027,0.38345759858763934,1.9160298087343874
CV-G,gfold_2,G+E,W399,ME3,0.47372118661984175,0.377494893518237,0.09622629310160474
CV-G,gfold_2,G+E,W399,ME4,0.7935325713873685,0.371031890841806,0.42250068054556256
CV-G,gfold_2,G+E,W400,ME1,0.20878971403722194,0.2845547325948999,-0.07576501855767795
CV-G,gfold_2,G+E,W400,ME2,-0.8134757506662899,0.271035928306103,-1.084511678972393
CV-G,gfold_2,G+E,W400,ME3,-0.4093295906531172,0.2650732232367007,-0.6744028138898179
CV-G,gfold_2,G+E,W400,ME4,-0.5505328105059495,0.25861022056026967,-0.8091430310662191
CV-G,gfold_2,G+E,W403,ME1,0.7123707969250567,0.10012775950625442,0.6122430374188023
CV-G,gfold_2,G+E,W403,ME2,2.353274847967837,0.08660895521745754,2.2666658927503796
CV-G,gfold_2,G+E,W403,ME3,0.292492469335884,0.0806462501480552,0.2118462191878288
CV-G,gfold_2,G+E,W403,ME4,0.7541990610454606,0.07418324747162419,0.6800158135738364
CV-G,gfold_2,G+E,W407,ME1,0.8491343432739153,0.25875076602332836,0.590383577250587
CV-G,gfold_2,G+E,W407,ME2,0.37837900248854744,0.24523196173453146,0.13314704075401598
CV-G,gfold_2,G+E,W407,ME3,0.4321051402897683,0.2392692566651291,0.19283588362463921
CV-G,gfold_2,G+E,W407,ME4,0.5189846692008548,0.2328062539886981,0.28617841521215676
CV-G,gfold_2,G+E,W418,ME1,-0.8542327009141062,-0.021761817680539128,-0.8324708832335671
CV-G,gfold_2,G+E,W418,ME2,0.5635118417886885,-0.03528062196933601,0.5987924637580245
CV-G,gfold_2,G+E,W418,ME3,-0.4893857885659317,-0.04124332703873835,-0.44814246152719334
CV-G,gfold_2,G+E,W418,ME4,0.11843579998507499,-0.04770632971516937,0.16614212970024436
CV-G,gfold_2,G+E,W421,ME1,-0.7322262287023361,0.014412786710379178,-0.7466390154127153
CV-G,gfold_2,G+E,W421,ME2,0.5014021885944325,0.0008939824215822957,0.5005082061728502
CV-G,gfold_2,G+E,W421,ME3,0.7517640145259437,-0.005068722647820045,0.7568327371737638
CV-G,gfold_2,G+E,W421,ME4,-0.3591359491822277,-0.011531725324251061,-0.3476042238579766
CV-G,gfold_2,G+E,W422,ME1,0.18329874160394888,0.18224484339316166,0.0010538982107872186
CV-G,gfold_2,G+E,W422,ME2,1.9038373982792973,0.1687260391043648,1.7351113591749325
CV-G,gfold_2,G+E,W422,ME3,0.6236893016168898,0.16276333403496243,0.4609259675819274
CV-G,gfold_2,G+E,W422,ME4,0.3901674228311079,0.1563003313585314,0.23386709147257648
CV-G,gfold_2,G+E,W427,ME1,-0.5985411448390269,0.0776933089310309,-0.6762344537700578
CV-G,gfold_2,G+E,W427,ME2,0.19678389460633755,0.06417450464223401,0.13260938996410354
CV-G,gfold_2,G+E,W427,ME3,0.1611320568079141,0.05821179957283167,0.10292025723508241
CV-G,gfold_2,G+E,W427,ME4,0.17928474048400575,0.051748796896400655,0.1275359435876051
CV-G,gfold_2,G+E,W429,ME1,-1.0413592420001396,0.07269654598995355,-1.1140557879900932
CV-G,gfold_2,G+E,W429,ME2,0.3234523996688045,0.059177741701156666,0.2642746579676478
CV-G,gfold_2,G+E,W429,ME3,-0.037031950285621784,0.05321503663175433,-0.09024698691737612
CV-G,gfold_2,G+E,W429,ME4,-0.19399813936276414,0.04675203395532331,-0.24075017331808746
CV-G,gfold_2,G+E,W431,ME1,-1.0437698898724235,-0.024538869814285533,-1.019231020058138
CV-G,gfold_2,G+E,W431,ME2,0.4575760882917803,-0.03805767410308242,0.49563376239486273
CV-G,gfold_2,G+E,W431,ME3,0.0238252881572805,-0.044020379172484754,0.06784566732976526
CV-G,gfold_2,G+E,W431,ME4,-0.40857030497993724,-0.05048338184891577,-0.3580869231310215
CV-G,gfold_2,G+E,W432,ME1,-0.380581114413579,0.08224570161521033,-0.46282681602878933
CV-G,gfold_2,G+E,W432,ME2,1.3095048487453835,0.06872689732641345,1.24077795141897
CV-G,gfold_2,G+E,W432,ME3,0.6673240682783796,0.0627641922570111,0.6045598760213685
CV-G,gfold_2,G+E,W432,ME4,-0.14617645748907251,0.05630118958058009,-0.2024776470696526
CV-G,gfold_2,G+E,W433,ME1,-0.8926564734189554,0.03989110617219067,-0.9325475795911461
CV-G,gfold_2,G+E,W433,ME2,0.43648260203781,0.026372301883393786,0.4101103001544162
CV-G,gfold_2,G+E,W433,ME3,-0.24169978438832343,0.020409596813991446,-0.26210938120231486
CV-G,gfold_2,G+E,W433,ME4,0.502779262939989,0.013946594137560428,0.48883266880242854
CV-G,gfold_2,G+E,W436,ME1,-0.10514016276320107,0.2863743273178063,-0.39151449008100736
CV-G,gfold_2,G+E,W436,ME2,1.712521439846205,0.27285552302900945,1.4396659168171955
CV-G,gfold_2,G+E,W436,ME3,0.3901765724021114,0.2668928179596071,0.12328375444250428
CV-G,gfold_2,G+E,W436,ME4,0.6863487557056707,0.2604298152831761,0.42591894042249456
CV-G,gfold_2,G+E,W443,ME1,-0.16270252479462838,-0.01072351172604866,-0.15197901306857972
CV-G,gfold_2,G+E,W443,ME2,0.8099252773676141,-0.02424231601484554,0.8341675933824596
CV-G,gfold_2,G+E,W443,ME3,1.6516233836797303,-0.030205021084247885,1.6818284047639782
CV-G,gfold_2,G+E,W443,ME4,-0.8104879803556154,-0.0366680237606789,-0.7738199565949365
CV-G,gfold_2,G+E,W446,ME1,-0.008673527468599925,0.25913738348623405,-0.267810910954834
CV-G,gfold_2,G+E,W446,ME2,1.907792822494339,0.24561857919743718,1.6621742432969018
CV-G,gfold_2,G+E,W446,ME3,0.7195574010376993,0.23965587412803482,0.4799015269096645
CV-G,gfold_2,G+E,W446,ME4,0.17579979146771263,0.2331928714516038,-0.057393079983891176
CV-G,gfold_2,G+E,W449,ME1,0.12509299720120523,-0.44008884467008597,0.5651818418712912
CV-G,gfold_2,G+E,W449,ME2,-1.4031757073595486,-0.45360764895888284,-0.9495680584006657
CV-G,gfold_2,G+E,W449,ME3,-0.9981708843114786,-0.45957035402828517,-0.5386005302831934
CV-G,gfold_2,G+E,W449,ME4,-2.3110613998993825,-0.4660333567047162,-1.8450280431946664
CV-G,gfold_2,G+E,W454,ME1,-1.2862436030531907,0.3415534955700358,-1.6277970986232266
CV-G,gfold_2,G+E,W454,ME2,0.7295257426030093,0.3280346912812389,0.4014910513217704
CV-G,gfold_2,G+E,W454,ME3,1.4784695477214393,0.3220719862118366,1.1563975615096027
CV-G,gfold_2,G+E,W454,ME4,1.1902818235041195,0.31560898353540556,0.8746728399687139
CV-G,gfold_2,G+E,W456,ME1,0.3544140201328539,0.2561435850244382,0.09827043510841571
CV-G,gfold_2,G+E,W456,ME2,1.2343707746958408,0.2426247807356413,0.9917459939601995
CV-G,gfold_2,G+E,W456,ME3,1.1406084043881837,0.23666207566623895,0.9039463287219447
CV-G,gfold_2,G+E,W456,ME4,0.389742620919416,0.23019907298980793,0.1595435479296081
CV-G,gfold_2,G+E,W464,ME1,-0.8488657517660154,0.3494308966619867,-1.198296648428002
CV-G,gfold_2,G+E,W464,ME2,0.6863768109259724,0.3359120923731898,0.35046471855278255
CV-G,gfold_2,G+E,W464,ME3,1.7880601598862824,0.3299493873037875,1.4581107725824949
CV-G,gfold_2,G+E,W464,ME4,0.4570422571144192,0.32348638462735646,0.13355587248706274
CV-G,gfold_2,G+E,W466,ME1,-0.17420196667187293,-0.1588728326751081,-0.015329133996764832
CV-G,gfold_2,G+E,W466,ME2,1.461146320131931,-0.17239163696390497,1.633537957095836
CV-G,gfold_2,G+E,W466,ME3,0.38304770227777957,-0.17835434203330733,0.5614020443110869
CV-G,gfold_2,G+E,W466,ME4,0.1882999810543706,-0.18481734470973835,0.37311732576410894
CV-G,gfold_2,G+E,W468,ME1,0.04701569601341622,0.3836960627495499,-0.3366803667361337
CV-G,gfold_2,G+E,W468,ME2,1.0038992808732146,0.37017725846075306,0.6337220224124616
CV-G,gfold_2,G+E,W468,ME3,1.4324106273565322,0.3642145533913507,1.0681960739651815
CV-G,gfold_2,G+E,W468,ME4,0.06763263802746716,0.3577515507149197,-0.29011891268745255
CV-G,gfold_2,G+E,W474,ME1,-0.26507361856019424,0.2865508578890509,-0.5516244764492451
CV-G,gfold_2,G+E,W474,ME2,1.0483076196203214,0.273032053600254,0.7752755660200674
CV-G,gfold_2,G+E,W474,ME3,0.9011746586364905,0.2670693485308517,0.6341053101056389
CV-G,gfold_2,G+E,W474,ME4,0.7805525129745386,0.26060634585442066,0.519946167120118
CV-G,gfold_2,G+E,W475,ME1,0.18180837484507215,0.4737507468729863,-0.2919423720279142
CV-G,gfold_2,G+E,W475,ME2,1.3919548754230655,0.4602319425841894,0.9317229328388761
CV-G,gfold_2,G+E,W475,ME3,0.16777947480299704,0.4542692375147871,-0.28648976271179005
CV-G,gfold_2,G+E,W475,ME4,0.570118232645334,0.4478062348383561,0.12231199780697793
CV-G,gfold_2,G+E,W484,ME1,-0.4499931137901852,0.1815087039269762,-0.6315018177171614
CV-G,gfold_2,G+E,W484,ME2,0.9858055883439324,0.16798989963817934,0.817815688705753
CV-G,gfold_2,G+E,W484,ME3,0.4674707554681761,0.16202719456877698,0.30544356089939917
CV-G,gfold_2,G+E,W484,ME4,0.3790675062126212,0.15556419189234597,0.22350331432027523
CV-G,gfold_2,G+E,W500,ME1,1.0885377380497812,-0.18548461783300482,1.274022355882786
CV-G,gfold_2,G+E,W500,ME2,-0.3922642081762817,-0.1990034221218017,-0.19326078605448002
CV-G,gfold_2,G+E,W500,ME3,-0.24884554756982202,-0.20496612719120405,-0.04387942037861797
CV-G,gfold_2,G+E,W500,ME4,1.2997548494877165,-0.21142912986763507,1.5111839793553514
CV-G,gfold_2,G+E,W503,ME1,-1.008359427207929,-0.3300676281470286,-0.6782917990609004
CV-G,gfold_2,G+E,W503,ME2,-2.051270382824297,-0.3435864324358255,-1.7076839503884713
CV-G,gfold_2,G+E,W503,ME3,-1.3912385384653865,-0.3495491375052278,-1.0416894009601587
CV-G,gfold_2,G+E,W503,ME4,-0.46435308934683,-0.35601214018165883,-0.10834094916517117
CV-G,gfold_2,G+E,W506,ME1,0.44054581708310364,-0.15681864995269162,0.5973644670357953
CV-G,gfold_2,G+E,W506,ME2,0.1312567548902864,-0.1703374542414885,0.3015942091317749
CV-G,gfold_2,G+E,W506,ME3,-1.924079347616261,-0.17630015931089085,-1.7477791883053702
CV-G,gfold_2,G+E,W506,ME4,-0.7475543638085629,-0.18276316198732187,-0.564791201821241
CV-G,gfold_2,G+E,W508,ME1,-1.7867462234554732,0.4046141091762571,-2.19136033263173
CV-G,gfold_2,G+E,W508,ME2,0.19312591829226916,0.39109530488746025,-0.1979693865951911
CV-G,gfold_2,G+E,W508,ME3,0.5028025845322519,0.3851325998180579,0.11766998471419399
CV-G,gfold_2,G+E,W508,ME4,1.2122377889769722,0.3786695971416269,0.8335681918353453
CV-G,gfold_2,G+E,W512,ME1,0.7003338457249367,0.19380489482984897,0.5065289508950878
CV-G,gfold_2,G+E,W512,ME2,0.8502199749310789,0.1802860905410521,0.6699338843900269
CV-G,gfold_2,G+E,W512,ME3,1.727760392329879,0.17432338547164974,1.5534370068582293
CV-G,gfold_2,G+E,W512,ME4,0.5619683293024913,0.16786038279521873,0.39410794650727254
CV-G,gfold_2,G+E,W513,ME1,0.011328334606835667,0.22670473509598515,-0.2153764004891495
CV-G,gfold_2,G+E,W513,ME2,1.3825124867369198,0.21318593080718828,1.1693265559297314
CV-G,gfold_2,G+E,W513,ME3,1.2704568882997376,0.20722322573778593,1.0632336625619516
CV-G,gfold_2,G+E,W513,ME4,-0.15853504643850008,0.2007602230613549,-0.359295269499855
CV-G,gfold_2,G+E,W527,ME1,-2.157301893012618,0.15161809166625104,-2.308919984678869
CV-G,gfold_2,G+E,W527,ME2,0.6181663114224368,0.13809928737745417,0.4800670240449827
CV-G,gfold_2,G+E,W527,ME3,0.1582771301467489,0.1321365823080518,0.026140547838697098
CV-G,gfold_2,G+E,W527,ME4,0.8112326510412262,0.1256735796316208,0.6855590714096054
CV-G,gfold_2,G+E,W528,ME1,-1.8478349724081802,0.0677337870812027,-1.9155687594893829
CV-G,gfold_2,G+E,W528,ME2,0.7566061589488636,0.05421498279240581,0.7023911761564579
CV-G,gfold_2,G+E,W528,ME3,-0.05504839575386742,0.04825227772300347,-0.10330067347687089
CV-G,gfold_2,G+E,W528,ME4,0.7628524333206811,0.041789275046572455,0.7210631582741086
CV-G,gfold_2,G+E,W530,ME1,-2.0769768255655374,-0.24844972856624742,-1.82852709699929
CV-G,gfold_2,G+E,W530,ME2,0.41949009960999495,-0.2619685328550443,0.6814586324650392
CV-G,gfold_2,G+E,W530,ME3,-0.44079290962602663,-0.2679312379244466,-0.17286167170158
CV-G,gfold_2,G+E,W530,ME4,0.4346142895174631,-0.27439424060087764,0.7090085301183408
CV-G,gfold_2,G+E,W534,ME1,0.04028054131619112,-0.11711958135373945,0.1574001226699306
CV-G,gfold_2,G+E,W534,ME2,1.8999199461367207,-0.13063838564253633,2.030558331779257
CV-G,gfold_2,G+E,W534,ME3,0.9748706205260559,-0.13660109071193868,1.1114717112379946
CV-G,gfold_2,G+E,W534,ME4,0.4959430988425651,-0.1430640933883697,0.6390071922309348
CV-G,gfold_2,G+E,W536,ME1,0.29428627269680174,0.04979366486563076,0.244492607831171
CV-G,gfold_2,G+E,W536,ME2,1.975984335961642,0.03627486057683388,1.939709475384808
CV-G,gfold_2,G+E,W536,ME3,1.1094407139156917,0.03031215550743154,1.0791285584082602
CV-G,gfold_2,G+E,W536,ME4,0.49440122523716273,0.023849152831000524,0.4705520724061622
CV-G,gfold_2,G+E,W538,ME1,-0.6929961922131744,-0.027427396962676556,-0.6655687952504978
CV-G,gfold_2,G+E,W538,ME2,0.6743713073484808,-0.04094620125147344,0.7153175085999542
CV-G,gfold_2,G+E,W538,ME3,1.8891820000859245,-0.04690890632087578,1.9360909064068004
CV-G,gfold_2,G+E,W538,ME4,2.2981730759004892,-0.053371908997306795,2.351544984897796
CV-G,gfold_2,G+E,W539,ME1,-0.6286335228393262,-0.028339739784935133,-0.6002937830543911
CV-G,gfold_2,G+E,W539,ME2,1.0885959885050411,-0.04185854407373202,1.1304545325787732
CV-G,gfold_2,G+E,W539,ME3,1.9842054466484027,-0.047821249143134355,2.032026695791537
CV-G,gfold_2,G+E,W539,ME4,2.5590801167004287,-0.05428425181956537,2.613364368519994
CV-G,gfold_2,G+E,W548,ME1,-1.2218972218406412,-0.32493523436725785,-0.8969619874733834
CV-G,gfold_2,G+E,W548,ME2,0.3781258553387854,-0.3384540386560547,0.7165798939948401
CV-G,gfold_2,G+E,W548,ME3,0.8777102022319961,-0.34441674372545705,1.222126945957453
CV-G,gfold_2,G+E,W548,ME4,1.5442755498792187,-0.35087974640188807,1.8951552962811067
CV-G,gfold_2,G+E,W550,ME1,-1.4484003928675266,-0.03636011387631124,-1.4120402789912154
CV-G,gfold_2,G+E,W550,ME2,0.8365057280926893,-0.04987891816510812,0.8863846462577974
CV-G,gfold_2,G+E,W550,ME3,1.0729179243213662,-0.05584162323451046,1.1287595475558767
CV-G,gfold_2,G+E,W550,ME4,1.4409621516151645,-0.06230462591094148,1.503266777526106
CV-G,gfold_2,G+E,W555,ME1,-2.3112983140160472,0.08599066357843001,-2.3972889775944775
CV-G,gfold_2,G+E,W555,ME2,0.12136503001331247,0.07247185928963312,0.04889317072367935
CV-G,gfold_2,G+E,W555,ME3,0.5844551763473157,0.06650915422023078,0.517946022127085
CV-G,gfold_2,G+E,W555,ME4,1.4273920905472062,0.06004615154379977,1.3673459390034064
CV-G,gfold_2,G+E,W556,ME1,-1.5694458635626432,0.36722282665829115,-1.9366686902209342
CV-G,gfold_2,G+E,W556,ME2,0.30082737315877106,0.3537040223694943,-0.052876649210723214
CV-G,gfold_2,G+E,W556,ME3,0.9035396866398238,0.34774131730009195,0.5557983693397318
CV-G,gfold_2,G+E,W556,ME4,1.7595635853846139,0.3412783146236609,1.418285270760953
CV-G,gfold_2,G+E,W557,ME1,-2.050321249599372,0.040670867167802244,-2.0909921167671746
CV-G,gfold_2,G+E,W557,ME2,0.2700889804988472,0.027152062879005363,0.24293691761984185
CV-G,gfold_2,G+E,W557,ME3,0.6539025343594655,0.021189357809603022,0.6327131765498625
CV-G,gfold_2,G+E,W557,ME4,0.050129225925318634,0.014726355133172005,0.03540287079214663
CV-G,gfold_2,G+E,W566,ME1,-1.5091145141103515,-0.046077009757221996,-1.4630375043531294
CV-G,gfold_2,G+E,W566,ME2,-0.039225193117343994,-0.05959581404601888,0.020370620928674886
CV-G,gfold_2,G+E,W566,ME3,0.9078474162173232,-0.06555851911542122,0.9734059353327444
CV-G,gfold_2,G+E,W566,ME4,1.3676051548275066,-0.07202152179185223,1.4396266766193588
CV-G,gfold_2,G+E,W573,ME1,-1.7408461849142838,0.3640272435362795,-2.1048734284505635
CV-G,gfold_2,G+E,W573,ME2,0.5521645208005797,0.35050843924748265,0.201656081553097
CV-G,gfold_2,G+E,W573,ME3,0.6844958608882918,0.3445457341780803,0.3399501267102115
CV-G,gfold_2,G+E,W573,ME4,1.9489544376808983,0.3380827315016493,1.610871706179249
CV-G,gfold_2,G+E,W576,ME1,-1.7027155993128222,-0.2948804771310484,-1.4078351221817738
CV-G,gfold_2,G+E,W576,ME2,0.4243505248854375,-0.3083992814198453,0.7327498063052829
CV-G,gfold_2,G+E,W576,ME3,0.08415884182801656,-0.3143619864892476,0.3985208283172642
CV-G,gfold_2,G+E,W576,ME4,0.3435572130759473,-0.32082498916567864,0.6643822022416259
CV-G,gfold_2,G+E,W583,ME1,-2.1487913287337777,0.4324342184839041,-2.5812255472176817
CV-G,gfold_2,G+E,W583,ME2,0.13085804812941076,0.41891541419510725,-0.2880573660656965
CV-G,gfold_2,G+E,W583,ME3,-0.10947782594485483,0.4129527091257049,-0.5224305350705598
CV-G,gfold_2,G+E,W583,ME4,1.787883712830787,0.4064897064492739,1.381394006381513
CV-G,gfold_2,G+E,W584,ME1,-1.462473364230048,0.5350399361350625,-1.9975133003651107
CV-G,gfold_2,G+E,W584,ME2,0.6090150419585175,0.5215211318462656,0.08749391011225194
CV-G,gfold_2,G+E,W584,ME3,0.9256442519424007,0.5155584267768633,0.4100858251655375
CV-G,gfold_2,G+E,W584,ME4,1.3320083279680808,0.5090954241004323,0.8229129038676485
CV-G,gfold_2,G+E,W590,ME1,-0.8955720542915144,0.33754979857202994,-1.2331218528635444
CV-G,gfold_2,G+E,W590,ME2,0.1349273885618447,0.32403099428323306,-0.18910360572138837
CV-G,gfold_2,G+E,W590,ME3,1.0812462015045308,0.31806828921383073,0.7631779122907001
CV-G,gfold_2,G+E,W590,ME4,2.792201965794846,0.3116052865373997,2.480596679257446
CV-G,gfold_2,G+E,W591,ME1,-1.107521753197551,0.28035806440388644,-1.3878798176014375
CV-G,gfold_2,G+E,W591,ME2,0.9965326988151226,0.26683926011508957,0.7296934387000331
CV-G,gfold_2,G+E,W591,ME3,1.961915057716992,0.26087655504568724,1.7010385026713046
CV-G,gfold_2,G+E,W591,ME4,1.935250642677778,0.2544135523692562,1.680837090308522
CV-G,gfold_2,G+E+GxE legacy-grid,W004,ME1,0.7854394885133357,0.42802416690466183,0.35741532160867384
CV-G,gfold_2,G+E+GxE legacy-grid,W004,ME2,0.09394919369402198,0.33687830657737966,-0.24292911288335767
CV-G,gfold_2,G+E+GxE legacy-grid,W004,ME3,0.5704677250133174,0.29474315968248516,0.2757245653308323
CV-G,gfold_2,G+E+GxE legacy-grid,W004,ME4,0.5517573500177323,0.47072619875531074,0.08103115126242155
CV-G,gfold_2,G+E+GxE legacy-grid,W006,ME1,2.336096876440566,0.440365819099921,1.8957310573406447
CV-G,gfold_2,G+E+GxE legacy-grid,W006,ME2,0.6264758666133936,0.1764533241082576,0.450022542505136
CV-G,gfold_2,G+E+GxE legacy-grid,W006,ME3,0.07353310887018515,0.018712426617646945,0.0548206822525382
CV-G,gfold_2,G+E+GxE legacy-grid,W006,ME4,0.7195855719445825,0.056627443244200805,0.6629581287003817
CV-G,gfold_2,G+E+GxE legacy-grid,W009,ME1,-0.9676390239598921,0.0797229288383551,-1.0473619527982472
CV-G,gfold_2,G+E+GxE legacy-grid,W009,ME2,-1.7892630828199947,-0.291308654341824,-1.4979544284781707
CV-G,gfold_2,G+E+GxE legacy-grid,W009,ME3,-1.9360396320902578,0.04248236770096389,-1.9785219997912216
CV-G,gfold_2,G+E+GxE legacy-grid,W009,ME4,-1.5027577623731856,-0.1654271573156945,-1.3373306050574911
CV-G,gfold_2,G+E+GxE legacy-grid,W019,ME1,0.9500232143612553,0.42683879737482655,0.5231844169864287
CV-G,gfold_2,G+E+GxE legacy-grid,W019,ME2,-0.8514098510582172,-0.12143790511469991,-0.7299719459435173
CV-G,gfold_2,G+E+GxE legacy-grid,W019,ME3,-0.767698905386699,-0.1036821026384782,-0.6640168027482208
CV-G,gfold_2,G+E+GxE legacy-grid,W019,ME4,-1.0320693775157166,-0.19070075084115157,-0.841368626674565
CV-G,gfold_2,G+E+GxE legacy-grid,W020,ME1,1.8423619870581072,-0.1694996120037537,2.0118615990618607
CV-G,gfold_2,G+E+GxE legacy-grid,W020,ME2,0.32309166498039293,-0.11629108362442771,0.4393827486048206
CV-G,gfold_2,G+E+GxE legacy-grid,W020,ME3,-0.22068482127299466,-0.017416123740339344,-0.2032686975326553
CV-G,gfold_2,G+E+GxE legacy-grid,W020,ME4,0.09811610854244561,-0.5421793868153263,0.6402954953577719
CV-G,gfold_2,G+E+GxE legacy-grid,W022,ME1,-0.43795616259006515,-0.43497248986643183,-0.0029836727236333127
CV-G,gfold_2,G+E+GxE legacy-grid,W022,ME2,-0.862459724145355,-0.1181365362883095,-0.7443231878570455
CV-G,gfold_2,G+E+GxE legacy-grid,W022,ME3,-0.9282505206986612,-0.019977160617494272,-0.908273360081167
CV-G,gfold_2,G+E+GxE legacy-grid,W022,ME4,0.3972553213947196,0.012134776240233285,0.3851205451544863
CV-G,gfold_2,G+E+GxE legacy-grid,W023,ME1,1.6509760917923297,-0.06877614399276694,1.7197522357850967
CV-G,gfold_2,G+E+GxE legacy-grid,W023,ME2,0.221041720232341,-0.13614705741590627,0.3571887776482473
CV-G,gfold_2,G+E+GxE legacy-grid,W023,ME3,-0.41496342521819896,-0.020826801300392668,-0.3941366239178063
CV-G,gfold_2,G+E+GxE legacy-grid,W023,ME4,0.6959854657394379,-0.5846587474854048,1.2806442132248428
CV-G,gfold_2,G+E+GxE legacy-grid,W027,ME1,0.8585733327468119,0.39686036883108755,0.46171296391572436
CV-G,gfold_2,G+E+GxE legacy-grid,W027,ME2,8.855924078961156e-05,0.4489464748197917,-0.4488579155790021
CV-G,gfold_2,G+E+GxE legacy-grid,W027,ME3,0.06547512060168752,0.3679385444224705,-0.30246342382078295
CV-G,gfold_2,G+E+GxE legacy-grid,W027,ME4,-0.4499727579658295,0.4102725712942381,-0.8602453292600676
CV-G,gfold_2,G+E+GxE legacy-grid,W036,ME1,0.34510533595035325,0.029435688003934007,0.3156696479464193
CV-G,gfold_2,G+E+GxE legacy-grid,W036,ME2,-1.0594208640181544,-0.7864046040322257,-0.2730162599859287
CV-G,gfold_2,G+E+GxE legacy-grid,W036,ME3,0.23345123453839747,-0.7501969465748851,0.9836481811132826
CV-G,gfold_2,G+E+GxE legacy-grid,W036,ME4,-0.8364480971812744,-0.36764298541005963,-0.4688051117712148
CV-G,gfold_2,G+E+GxE legacy-grid,W037,ME1,-1.4010181316481083,-0.5423587432291468,-0.8586593884189615
CV-G,gfold_2,G+E+GxE legacy-grid,W037,ME2,-1.4064349769127418,-0.4596221742736566,-0.9468128026390852
CV-G,gfold_2,G+E+GxE legacy-grid,W037,ME3,-1.7641105427765482,-0.26799523222459287,-1.4961153105519553
CV-G,gfold_2,G+E+GxE legacy-grid,W037,ME4,-0.8793216234539528,0.0038145019486973755,-0.8831361254026502
CV-G,gfold_2,G+E+GxE legacy-grid,W038,ME1,1.4950495236749437,0.8035164414686087,0.691533082206335
CV-G,gfold_2,G+E+GxE legacy-grid,W038,ME2,-1.4137319435046494,-0.6776071594210372,-0.7361247840836121
CV-G,gfold_2,G+E+GxE legacy-grid,W038,ME3,-1.2334742775859238,-0.378259877746191,-0.8552143998397328
CV-G,gfold_2,G+E+GxE legacy-grid,W038,ME4,-0.03247114579268723,-0.30523887838274566,0.27276773259005843
CV-G,gfold_2,G+E+GxE legacy-grid,W039,ME1,0.5656063195384781,0.3364715726868602,0.2291347468516179
CV-G,gfold_2,G+E+GxE legacy-grid,W039,ME2,-0.36052588427479415,0.1917732401678562,-0.5522991244426504
CV-G,gfold_2,G+E+GxE legacy-grid,W039,ME3,-0.8247467594385198,0.11612826593059153,-0.9408750253691114
CV-G,gfold_2,G+E+GxE legacy-grid,W039,ME4,-0.41439953121260803,-0.30821883276372136,-0.10618069844888667
CV-G,gfold_2,G+E+GxE legacy-grid,W043,ME1,1.142190941369396,0.5074105929931467,0.6347803483762493
CV-G,gfold_2,G+E+GxE legacy-grid,W043,ME2,-0.05952126584956081,-0.49779133840000994,0.43827007255044914
CV-G,gfold_2,G+E+GxE legacy-grid,W043,ME3,0.4015371533466911,-0.7152452033949946,1.1167823567416857
CV-G,gfold_2,G+E+GxE legacy-grid,W043,ME4,0.18150315046728918,-0.20940844565646152,0.3909115961237507
CV-G,gfold_2,G+E+GxE legacy-grid,W059,ME1,-0.6702009104749236,0.49325194742277023,-1.1634528578976937
CV-G,gfold_2,G+E+GxE legacy-grid,W059,ME2,-0.12266249367909973,-0.6343101814450901,0.5116476877659903
CV-G,gfold_2,G+E+GxE legacy-grid,W059,ME3,0.8378932664901717,-0.7383608358160346,1.5762541023062062
CV-G,gfold_2,G+E+GxE legacy-grid,W059,ME4,-0.9835554258600077,-0.10967810098453865,-0.873877324875469
CV-G,gfold_2,G+E+GxE legacy-grid,W072,ME1,0.16075592636583644,-0.5241408387564217,0.6848967651222582
CV-G,gfold_2,G+E+GxE legacy-grid,W072,ME2,-0.2761899113313803,0.2327789906046861,-0.5089689019360664
CV-G,gfold_2,G+E+GxE legacy-grid,W072,ME3,0.5789395931823991,-0.09816761846491431,0.6771072116473134
CV-G,gfold_2,G+E+GxE legacy-grid,W072,ME4,-2.5818096849868675,-0.6579264005930205,-1.923883284393847
CV-G,gfold_2,G+E+GxE legacy-grid,W082,ME1,-1.575635364856345,0.293376660680344,-1.869012025536689
CV-G,gfold_2,G+E+GxE legacy-grid,W082,ME2,-0.4044722294735835,0.09280319336962066,-0.4972754228432042
CV-G,gfold_2,G+E+GxE legacy-grid,W082,ME3,-0.17478638495117227,0.24665669148549899,-0.4214430764366712
CV-G,gfold_2,G+E+GxE legacy-grid,W082,ME4,-1.2067730970503319,-0.33905535831601413,-0.8677177387343178
CV-G,gfold_2,G+E+GxE legacy-grid,W083,ME1,-0.32102345262299814,-0.2454846270979122,-0.07553882552508595
CV-G,gfold_2,G+E+GxE legacy-grid,W083,ME2,-0.8237978256978608,-0.2777351858242412,-0.5460626398736195
CV-G,gfold_2,G+E+GxE legacy-grid,W083,ME3,-0.2850473690779795,0.24458488419300026,-0.5296322532709797
CV-G,gfold_2,G+E+GxE legacy-grid,W083,ME4,-0.27423850046025544,0.03896467309283221,-0.31320317355308763
CV-G,gfold_2,G+E+GxE legacy-grid,W091,ME1,0.14509485927664081,0.8040713276261348,-0.658976468349494
CV-G,gfold_2,G+E+GxE legacy-grid,W091,ME2,-2.283532892731493,-0.27487663422284975,-2.008656258508643
CV-G,gfold_2,G+E+GxE legacy-grid,W091,ME3,-0.5492970158075015,-0.24888002930420788,-0.30041698650329357
CV-G,gfold_2,G+E+GxE legacy-grid,W091,ME4,-0.8183546824239967,-0.18132310334897278,-0.6370315790750238
CV-G,gfold_2,G+E+GxE legacy-grid,W092,ME1,0.8987806589139243,-0.06670253539783173,0.9654831943117561
CV-G,gfold_2,G+E+GxE legacy-grid,W092,ME2,-0.8534983150437588,-0.3818326666389099,-0.4716656484048489
CV-G,gfold_2,G+E+GxE legacy-grid,W092,ME3,-0.9969630307240622,-0.2994512293776805,-0.6975118013463817
CV-G,gfold_2,G+E+GxE legacy-grid,W092,ME4,0.10336319882205586,-0.3416712051121752,0.44503440393423105
CV-G,gfold_2,G+E+GxE legacy-grid,W095,ME1,0.9078287325156386,-0.019823235460434185,0.9276519679760727
CV-G,gfold_2,G+E+GxE legacy-grid,W095,ME2,-0.12277640989649309,-0.9033464198835018,0.7805700099870088
CV-G,gfold_2,G+E+GxE legacy-grid,W095,ME3,0.18433467082632615,-0.7748254228218825,0.9591600936482086
CV-G,gfold_2,G+E+GxE legacy-grid,W095,ME4,0.011582385790249792,-0.5072170265907286,0.5187994123809785
CV-G,gfold_2,G+E+GxE legacy-grid,W101,ME1,1.9633911695919264,0.3320735940655223,1.631317575526404
CV-G,gfold_2,G+E+GxE legacy-grid,W101,ME2,0.13447172369227128,0.30420527278954623,-0.16973354909727495
CV-G,gfold_2,G+E+GxE legacy-grid,W101,ME3,0.1008407357800961,0.2598989532118759,-0.15905821743177978
CV-G,gfold_2,G+E+GxE legacy-grid,W101,ME4,-0.24015208039795774,0.07534766466543913,-0.31549974506339684
CV-G,gfold_2,G+E+GxE legacy-grid,W108,ME1,0.8526281538725978,-0.06427028009533328,0.9168984339679311
CV-G,gfold_2,G+E+GxE legacy-grid,W108,ME2,0.22433263317925403,-0.17336713602941892,0.39769976920867295
CV-G,gfold_2,G+E+GxE legacy-grid,W108,ME3,-0.22712952258207705,-0.27770193399501275,0.0505724114129357
CV-G,gfold_2,G+E+GxE legacy-grid,W108,ME4,-0.5390867589964545,-0.19887626022056556,-0.34021049877588894
CV-G,gfold_2,G+E+GxE legacy-grid,W128,ME1,-0.43034144718268247,0.28924275016636697,-0.7195841973490494
CV-G,gfold_2,G+E+GxE legacy-grid,W128,ME2,-0.5816309335562019,-0.6258323742194065,0.04420144066320464
CV-G,gfold_2,G+E+GxE legacy-grid,W128,ME3,-1.1272845202362811,-0.6211732959458838,-0.5061112242903973
CV-G,gfold_2,G+E+GxE legacy-grid,W128,ME4,-0.5459701233062877,-0.5359257252841467,-0.010044398022140966
CV-G,gfold_2,G+E+GxE legacy-grid,W130,ME1,-0.6770093618979953,0.02148332317438892,-0.6984926850723843
CV-G,gfold_2,G+E+GxE legacy-grid,W130,ME2,-0.5809347788943552,0.08102822748004228,-0.6619630063743974
CV-G,gfold_2,G+E+GxE legacy-grid,W130,ME3,0.062096509168355345,0.024343655031651423,0.03775285413670392
CV-G,gfold_2,G+E+GxE legacy-grid,W130,ME4,-2.1176742629523604,0.3259636337507585,-2.4436378967031187
CV-G,gfold_2,G+E+GxE legacy-grid,W132,ME1,0.35493524129442927,-0.32703966751223107,0.6819749088066603
CV-G,gfold_2,G+E+GxE legacy-grid,W132,ME2,-1.0969056282192537,-0.20129872953306605,-0.8956068986861877
CV-G,gfold_2,G+E+GxE legacy-grid,W132,ME3,0.6356242465051369,-0.5109820977169512,1.1466063442220882
CV-G,gfold_2,G+E+GxE legacy-grid,W132,ME4,-0.6911737100844733,-0.3925397123410129,-0.29863399774346033
CV-G,gfold_2,G+E+GxE legacy-grid,W133,ME1,0.6006177222511422,-0.28404775769849944,0.8846654799496416
CV-G,gfold_2,G+E+GxE legacy-grid,W133,ME2,-1.3169537881504032,-0.47724430028079495,-0.8397094878696083
CV-G,gfold_2,G+E+GxE legacy-grid,W133,ME3,-0.6892728874904679,-0.24077693063410596,-0.4484959568563619
CV-G,gfold_2,G+E+GxE legacy-grid,W133,ME4,-0.5994007637547354,-0.26538635231124186,-0.33401441144349353
CV-G,gfold_2,G+E+GxE legacy-grid,W152,ME1,1.0771115928983819,-0.5048968474239639,1.5820084403223458
CV-G,gfold_2,G+E+GxE legacy-grid,W152,ME2,0.2734684949481772,0.32249070143403086,-0.04902220648585365
CV-G,gfold_2,G+E+GxE legacy-grid,W152,ME3,0.14814129584675167,-0.07360417378153827,0.22174546962828995
CV-G,gfold_2,G+E+GxE legacy-grid,W152,ME4,-0.39748612176558745,-0.7315526137432942,0.3340664919777067
CV-G,gfold_2,G+E+GxE legacy-grid,W154,ME1,0.06533173339438465,-0.7030297256282729,0.7683614590226576
CV-G,gfold_2,G+E+GxE legacy-grid,W154,ME2,-0.5974652877738541,0.4196700897260948,-1.017135377499949
CV-G,gfold_2,G+E+GxE legacy-grid,W154,ME3,-0.928512363084745,0.13760701177492182,-1.066119374859667
CV-G,gfold_2,G+E+GxE legacy-grid,W154,ME4,-0.8088910398357336,0.4192353053408186,-1.2281263451765523
CV-G,gfold_2,G+E+GxE legacy-grid,W157,ME1,0.8671164733482509,0.5277007364918167,0.3394157368564342
CV-G,gfold_2,G+E+GxE legacy-grid,W157,ME2,0.017365852212088022,0.08094491505138217,-0.06357906283929415
CV-G,gfold_2,G+E+GxE legacy-grid,W157,ME3,-0.8729510980635914,-0.004277273456343289,-0.8686738246072481
CV-G,gfold_2,G+E+GxE legacy-grid,W157,ME4,-0.3791331058400538,-0.06469928969631844,-0.31443381614373533
CV-G,gfold_2,G+E+GxE legacy-grid,W162,ME1,0.32594231418182734,0.27424900904687877,0.051693305134948575
CV-G,gfold_2,G+E+GxE legacy-grid,W162,ME2,-1.9813384827023757,-0.056767356466929805,-1.924571126235446
CV-G,gfold_2,G+E+GxE legacy-grid,W162,ME3,-1.273696646699747,0.035556502508634326,-1.3092531492083814
CV-G,gfold_2,G+E+GxE legacy-grid,W162,ME4,0.5150513181666635,0.4306711541846076,0.08438016398205589
CV-G,gfold_2,G+E+GxE legacy-grid,W172,ME1,-0.6308731450179689,0.49314088681525037,-1.1240140318332192
CV-G,gfold_2,G+E+GxE legacy-grid,W172,ME2,-0.7664599962766292,0.027455205436007473,-0.7939152017126366
CV-G,gfold_2,G+E+GxE legacy-grid,W172,ME3,-0.585498837315659,-0.060731071330295115,-0.5247677659853639
CV-G,gfold_2,G+E+GxE legacy-grid,W172,ME4,-0.41822274841784135,0.03829971001481698,-0.4565224584326583
CV-G,gfold_2,G+E+GxE legacy-grid,W176,ME1,0.04524028643180243,0.6090168289466736,-0.5637765425148712
CV-G,gfold_2,G+E+GxE legacy-grid,W176,ME2,-1.0688759100617886,0.22818473686988577,-1.2970606469316743
CV-G,gfold_2,G+E+GxE legacy-grid,W176,ME3,-1.538149010115268,0.14956161158724907,-1.687710621702517
CV-G,gfold_2,G+E+GxE legacy-grid,W176,ME4,-0.6277680914133182,0.189599555599403,-0.8173676470127212
CV-G,gfold_2,G+E+GxE legacy-grid,W178,ME1,0.15653729258933885,-0.04571066501639895,0.2022479576057378
CV-G,gfold_2,G+E+GxE legacy-grid,W178,ME2,-0.5449562402343447,-0.4294876767032318,-0.11546856353111296
CV-G,gfold_2,G+E+GxE legacy-grid,W178,ME3,-0.06704246634219774,-0.4028629049310802,0.33582043858888244
CV-G,gfold_2,G+E+GxE legacy-grid,W178,ME4,-0.6849747488545886,-0.5916169161713152,-0.09335783268327347
CV-G,gfold_2,G+E+GxE legacy-grid,W180,ME1,-0.8810593025739135,-1.0390843969679477,0.15802509439403423
CV-G,gfold_2,G+E+GxE legacy-grid,W180,ME2,-2.949626330544363,-2.1431334732352156,-0.8064928573091472
CV-G,gfold_2,G+E+GxE legacy-grid,W180,ME3,-2.3006424849183382,-1.4793841517646806,-0.8212583331536576
CV-G,gfold_2,G+E+GxE legacy-grid,W180,ME4,-1.6784448196663495,-0.9909684800801432,-0.6874763395862064
CV-G,gfold_2,G+E+GxE legacy-grid,W188,ME1,0.8868577248428988,-0.2296933186391224,1.1165510434820212
CV-G,gfold_2,G+E+GxE legacy-grid,W188,ME2,-0.032263646498871555,0.11626094269968408,-0.14852458919855563
CV-G,gfold_2,G+E+GxE legacy-grid,W188,ME3,-0.10903015992993796,0.1359159979817429,-0.24494615791168084
CV-G,gfold_2,G+E+GxE legacy-grid,W188,ME4,-0.5395194276102152,0.02529824712968653,-0.5648176747399017
CV-G,gfold_2,G+E+GxE legacy-grid,W192,ME1,0.5140054245425649,-0.08254612229535621,0.5965515468379211
CV-G,gfold_2,G+E+GxE legacy-grid,W192,ME2,-0.5678280852153964,-0.5450871580686516,-0.022740927146744805
CV-G,gfold_2,G+E+GxE legacy-grid,W192,ME3,-1.6528444217483242,-0.5039709249024793,-1.148873496845845
CV-G,gfold_2,G+E+GxE legacy-grid,W192,ME4,-1.3559100348627087,-0.7787199380275243,-0.5771900968351844
CV-G,gfold_2,G+E+GxE legacy-grid,W203,ME1,0.22288711764169133,0.3710343296429556,-0.14814721200126424
CV-G,gfold_2,G+E+GxE legacy-grid,W203,ME2,-1.9441574950809923,0.35486068552906974,-2.2990181806100622
CV-G,gfold_2,G+E+GxE legacy-grid,W203,ME3,-1.5355390327830185,0.25398783904155725,-1.7895268718245758
CV-G,gfold_2,G+E+GxE legacy-grid,W203,ME4,-0.5941536734751245,0.4956335486487089,-1.0897872221238334
CV-G,gfold_2,G+E+GxE legacy-grid,W214,ME1,1.094442196520746,0.3414424666500222,0.7529997298707238
CV-G,gfold_2,G+E+GxE legacy-grid,W214,ME2,0.6404116172078261,0.4622910788801944,0.17812053832763175
CV-G,gfold_2,G+E+GxE legacy-grid,W214,ME3,0.8081783789340117,0.3959727242012295,0.4122056547327822
CV-G,gfold_2,G+E+GxE legacy-grid,W214,ME4,0.7291986818721446,0.35906910995681507,0.3701295719153296
CV-G,gfold_2,G+E+GxE legacy-grid,W220,ME1,0.08302067656533246,-0.294310944920418,0.37733162148575045
CV-G,gfold_2,G+E+GxE legacy-grid,W220,ME2,-0.35315930221670117,-0.13681195483042505,-0.21634734738627612
CV-G,gfold_2,G+E+GxE legacy-grid,W220,ME3,0.17830384941782781,0.02896394442353315,0.14933990499429467
CV-G,gfold_2,G+E+GxE legacy-grid,W220,ME4,-0.34458255035572233,-0.4627612902884962,0.11817873993277389
CV-G,gfold_2,G+E+GxE legacy-grid,W221,ME1,0.6424864408707738,0.5207638824889356,0.12172255838183821
CV-G,gfold_2,G+E+GxE legacy-grid,W221,ME2,-0.3566907049558908,0.4382292931264128,-0.7949199980823036
CV-G,gfold_2,G+E+GxE legacy-grid,W221,ME3,0.8762320597299136,0.3665953623449401,0.5096366973849735
CV-G,gfold_2,G+E+GxE legacy-grid,W221,ME4,0.0513092312355759,0.3489356676038531,-0.2976264363682772
CV-G,gfold_2,G+E+GxE legacy-grid,W237,ME1,1.1157796878227189,0.3171858378355368,0.7985938499871821
CV-G,gfold_2,G+E+GxE legacy-grid,W237,ME2,0.48195415881391984,0.37071722920905653,0.11123692960486331
CV-G,gfold_2,G+E+GxE legacy-grid,W237,ME3,0.26840296981622275,0.3446544824731005,-0.07625151265687774
CV-G,gfold_2,G+E+GxE legacy-grid,W237,ME4,0.8166134752559995,0.4118367484094239,0.40477672684657556
CV-G,gfold_2,G+E+GxE legacy-grid,W238,ME1,0.5957231297807281,0.4413459387006545,0.15437719108007353
CV-G,gfold_2,G+E+GxE legacy-grid,W238,ME2,-0.18922753670917877,0.4534178517739373,-0.642645388483116
CV-G,gfold_2,G+E+GxE legacy-grid,W238,ME3,0.7495341309799431,0.4017770613056627,0.34775706967428044
CV-G,gfold_2,G+E+GxE legacy-grid,W238,ME4,-0.4792998232767549,0.4026136052025976,-0.8819134284793525
CV-G,gfold_2,G+E+GxE legacy-grid,W242,ME1,0.06949335860633282,-0.1346736838309978,0.2041670424373306
CV-G,gfold_2,G+E+GxE legacy-grid,W242,ME2,0.5003199845291967,-0.13932740442460795,0.6396473889538046
CV-G,gfold_2,G+E+GxE legacy-grid,W242,ME3,0.2636222346380582,0.013591519897905224,0.2500307147401529
CV-G,gfold_2,G+E+GxE legacy-grid,W242,ME4,0.2908503092177919,-0.46457272079047096,0.7554230300082629
CV-G,gfold_2,G+E+GxE legacy-grid,W244,ME1,1.219136215346889,0.10183504471181337,1.1173011706350757
CV-G,gfold_2,G+E+GxE legacy-grid,W244,ME2,0.3642976922830024,-0.13214292922872348,0.49644062151172585
CV-G,gfold_2,G+E+GxE legacy-grid,W244,ME3,0.10337469435509486,0.243716347915092,-0.14034165355999714
CV-G,gfold_2,G+E+GxE legacy-grid,W244,ME4,0.48935866921132964,-0.27392760562503177,0.7632862748363614
CV-G,gfold_2,G+E+GxE legacy-grid,W270,ME1,-0.37194838892499626,0.03237655716275578,-0.40432494608775205
CV-G,gfold_2,G+E+GxE legacy-grid,W270,ME2,-2.0905081910375016,-0.08197336023524515,-2.0085348308022564
CV-G,gfold_2,G+E+GxE legacy-grid,W270,ME3,-0.48957161219476547,-0.12737146828811421,-0.36220014390665123
CV-G,gfold_2,G+E+GxE legacy-grid,W270,ME4,-0.5548201631332172,0.08623504081895478,-0.641055203952172
CV-G,gfold_2,G+E+GxE legacy-grid,W271,ME1,0.40696777256477257,0.1544223567060725,0.25254541585870005
CV-G,gfold_2,G+E+GxE legacy-grid,W271,ME2,-0.8202474369224396,-0.35374592434422575,-0.4665015125782139
CV-G,gfold_2,G+E+GxE legacy-grid,W271,ME3,-0.7556372625697024,-0.4740034824296931,-0.28163378014000934
CV-G,gfold_2,G+E+GxE legacy-grid,W271,ME4,-0.16506440915525686,-0.34832712750189176,0.1832627183466349
CV-G,gfold_2,G+E+GxE legacy-grid,W286,ME1,0.3014530636684557,0.15884009126788587,0.14261297240056983
CV-G,gfold_2,G+E+GxE legacy-grid,W286,ME2,-0.8867618505225658,-0.6633069616391509,-0.22345488888341491
CV-G,gfold_2,G+E+GxE legacy-grid,W286,ME3,-2.1155283644860483,-0.5371624042970737,-1.5783659601889746
CV-G,gfold_2,G+E+GxE legacy-grid,W286,ME4,0.24955012335878898,-0.3633097074208883,0.6128598307796773
CV-G,gfold_2,G+E+GxE legacy-grid,W287,ME1,1.5152875640892192,-0.11007996625245049,1.6253675303416697
CV-G,gfold_2,G+E+GxE legacy-grid,W287,ME2,0.01636592097052534,-0.26736534488014424,0.2837312658506696
CV-G,gfold_2,G+E+GxE legacy-grid,W287,ME3,-2.1521356193662067,-0.19351468621401913,-1.9586209331521875
CV-G,gfold_2,G+E+GxE legacy-grid,W287,ME4,-0.027751124551658162,-0.656391096240196,0.6286399716885378
CV-G,gfold_2,G+E+GxE legacy-grid,W290,ME1,0.14298554238839276,0.178872719701962,-0.035887177313569246
CV-G,gfold_2,G+E+GxE legacy-grid,W290,ME2,-0.22502254368561264,0.07255051948599965,-0.2975730631716123
CV-G,gfold_2,G+E+GxE legacy-grid,W290,ME3,-0.5032718815569279,-0.034967991317674856,-0.46830389023925306
CV-G,gfold_2,G+E+GxE legacy-grid,W290,ME4,0.3595816851892409,0.29620035364144776,0.06338133154779313
CV-G,gfold_2,G+E+GxE legacy-grid,W293,ME1,0.8461698979174604,0.45609365075346625,0.3900762471639942
CV-G,gfold_2,G+E+GxE legacy-grid,W293,ME2,-2.0360815538385406,-0.001915700360590183,-2.0341658534779503
CV-G,gfold_2,G+E+GxE legacy-grid,W293,ME3,-0.8401025484030156,-0.09424041536422546,-0.7458621330387901
CV-G,gfold_2,G+E+GxE legacy-grid,W293,ME4,0.6055183919530507,-0.2105119507140132,0.8160303426670639
CV-G,gfold_2,G+E+GxE legacy-grid,W304,ME1,1.3452798805286592,0.20187876552628364,1.1434011150023755
CV-G,gfold_2,G+E+GxE legacy-grid,W304,ME2,-1.4753606171143565,-0.4169475611643241,-1.0584130559500324
CV-G,gfold_2,G+E+GxE legacy-grid,W304,ME3,0.19459720305507383,-0.08140945053375052,0.27600665358882437
CV-G,gfold_2,G+E+GxE legacy-grid,W304,ME4,0.7707191353890623,0.23069970152702218,0.5400194338620401
CV-G,gfold_2,G+E+GxE legacy-grid,W317,ME1,-0.29379779101136066,-0.26053033517067214,-0.03326745584068852
CV-G,gfold_2,G+E+GxE legacy-grid,W317,ME2,0.9552127552951211,-0.1763264790726303,1.1315392343677513
CV-G,gfold_2,G+E+GxE legacy-grid,W317,ME3,1.2256058215222476,-0.601994841413247,1.8276006629354946
CV-G,gfold_2,G+E+GxE legacy-grid,W317,ME4,-1.8528260044161615,-0.20450471124219857,-1.648321293173963
CV-G,gfold_2,G+E+GxE legacy-grid,W320,ME1,-0.21795196792156646,0.19091272967111056,-0.408864697592677
CV-G,gfold_2,G+E+GxE legacy-grid,W320,ME2,-0.7185329121478228,0.10071305248499562,-0.8192459646328184
CV-G,gfold_2,G+E+GxE legacy-grid,W320,ME3,0.17673279510132764,0.11441022816032292,0.062322566941004715
CV-G,gfold_2,G+E+GxE legacy-grid,W320,ME4,-1.312100371043892,-0.22098121764784975,-1.0911191533960423
CV-G,gfold_2,G+E+GxE legacy-grid,W325,ME1,0.17486147405095656,0.20746400219423125,-0.03260252814327469
CV-G,gfold_2,G+E+GxE legacy-grid,W325,ME2,-0.41129454515968505,-0.4659404828160784,0.05464593765639336
CV-G,gfold_2,G+E+GxE legacy-grid,W325,ME3,-0.1120117845198536,-0.5316748040364648,0.4196630195166112
CV-G,gfold_2,G+E+GxE legacy-grid,W325,ME4,0.04828841764131719,-0.555566868877562,0.6038552865188792
CV-G,gfold_2,G+E+GxE legacy-grid,W328,ME1,0.7714153816347115,0.31533383624318106,0.4560815453915304
CV-G,gfold_2,G+E+GxE legacy-grid,W328,ME2,0.7744340469708973,-0.2408416665037617,1.015275713474659
CV-G,gfold_2,G+E+GxE legacy-grid,W328,ME3,1.1924363037755052,-0.2176694460494781,1.4101057498249834
CV-G,gfold_2,G+E+GxE legacy-grid,W328,ME4,-0.8026212782872341,-0.031194417395657797,-0.7714268608915763
CV-G,gfold_2,G+E+GxE legacy-grid,W334,ME1,0.7888355701442222,0.0429816983956625,0.7458538717485598
CV-G,gfold_2,G+E+GxE legacy-grid,W334,ME2,0.23763551589927928,-0.2919478127843516,0.5295833286836309
CV-G,gfold_2,G+E+GxE legacy-grid,W334,ME3,-0.5649906659153311,0.004990845105389994,-0.569981511020721
CV-G,gfold_2,G+E+GxE legacy-grid,W334,ME4,0.3459172236964618,-0.07901036485784313,0.4249275885543049
CV-G,gfold_2,G+E+GxE legacy-grid,W337,ME1,-0.6706406908300031,-0.4138685669639437,-0.2567721238660594
CV-G,gfold_2,G+E+GxE legacy-grid,W337,ME2,0.05425572061124421,-0.16181169959467012,0.21606742020591432
CV-G,gfold_2,G+E+GxE legacy-grid,W337,ME3,0.42424142217868743,-0.14600627013258094,0.5702476923112684
CV-G,gfold_2,G+E+GxE legacy-grid,W337,ME4,-1.6994253140827222,-0.3244691239319609,-1.3749561901507614
CV-G,gfold_2,G+E+GxE legacy-grid,W339,ME1,0.6585221356698515,0.37415548448673625,0.28436665118311527
CV-G,gfold_2,G+E+GxE legacy-grid,W339,ME2,-0.15685001625454117,-0.1887619351081889,0.03191191885364772
CV-G,gfold_2,G+E+GxE legacy-grid,W339,ME3,-0.05215968297836793,-0.2773604703034109,0.22520078732504295
CV-G,gfold_2,G+E+GxE legacy-grid,W339,ME4,0.5779849347137154,-0.37274791281198777,0.9507328475257031
CV-G,gfold_2,G+E+GxE legacy-grid,W352,ME1,-0.7664965200758838,0.4300211787087839,-1.1965176987846677
CV-G,gfold_2,G+E+GxE legacy-grid,W352,ME2,-0.10218921794204906,-0.19455870514979315,0.09236948720774409
CV-G,gfold_2,G+E+GxE legacy-grid,W352,ME3,1.5962648353445779,-0.17421726877770827,1.7704821041222862
CV-G,gfold_2,G+E+GxE legacy-grid,W352,ME4,-1.491941047029161,-0.10044766664605592,-1.391493380383105
CV-G,gfold_2,G+E+GxE legacy-grid,W356,ME1,-0.11187531746042761,0.1377709085081396,-0.24964622596856723
CV-G,gfold_2,G+E+GxE legacy-grid,W356,ME2,-0.8903185679767308,0.05611356694381901,-0.9464321349205498
CV-G,gfold_2,G+E+GxE legacy-grid,W356,ME3,-0.28544435592139683,0.14468085899053781,-0.4301252149119347
CV-G,gfold_2,G+E+GxE legacy-grid,W356,ME4,-0.4883071971450517,0.21687984691336706,-0.7051870440584188
CV-G,gfold_2,G+E+GxE legacy-grid,W362,ME1,1.1535112134723502,0.20854403728017382,0.9449671761921764
CV-G,gfold_2,G+E+GxE legacy-grid,W362,ME2,-0.969844745074655,-0.25082943908433725,-0.7190153059903177
CV-G,gfold_2,G+E+GxE legacy-grid,W362,ME3,-1.239505098994422,-0.03902783075423523,-1.2004772682401867
CV-G,gfold_2,G+E+GxE legacy-grid,W362,ME4,0.12958291681597156,-0.24310932222440854,0.37269223904038007
CV-G,gfold_2,G+E+GxE legacy-grid,W366,ME1,1.1668104971731592,0.06820330929316178,1.0986071878799974
CV-G,gfold_2,G+E+GxE legacy-grid,W366,ME2,0.5991802751902414,-0.2002557095358837,0.7994359847261251
CV-G,gfold_2,G+E+GxE legacy-grid,W366,ME3,-0.010653441519878112,-0.33211139829783237,0.32145795677795425
CV-G,gfold_2,G+E+GxE legacy-grid,W366,ME4,-0.8742082671095057,-0.10807086974493871,-0.766137397364567
CV-G,gfold_2,G+E+GxE legacy-grid,W368,ME1,1.0881712544205484,-0.053833226659513414,1.1420044810800618
CV-G,gfold_2,G+E+GxE legacy-grid,W368,ME2,-0.7045275460872065,-0.29991486027908565,-0.4046126858081208
CV-G,gfold_2,G+E+GxE legacy-grid,W368,ME3,-1.1813423031696024,-0.03322782626793324,-1.1481144769016691
CV-G,gfold_2,G+E+GxE legacy-grid,W368,ME4,-1.0803158613011001,-0.0908853207528918,-0.9894305405482083
CV-G,gfold_2,G+E+GxE legacy-grid,W374,ME1,-0.8595589296589503,-0.42459808290810896,-0.43496084675084135
CV-G,gfold_2,G+E+GxE legacy-grid,W374,ME2,0.4668033019006278,0.3357068043071344,0.1310964975934934
CV-G,gfold_2,G+E+GxE legacy-grid,W374,ME3,0.5852491500341488,-0.05000898969504045,0.6352581397291892
CV-G,gfold_2,G+E+GxE legacy-grid,W374,ME4,-0.7082208534666563,-0.7268769712568535,0.018656117790197158
CV-G,gfold_2,G+E+GxE legacy-grid,W378,ME1,-0.09864118640481433,0.14980919747258364,-0.24845038387739798
CV-G,gfold_2,G+E+GxE legacy-grid,W378,ME2,-0.5151165199560768,-0.012434435510482483,-0.5026820844455943
CV-G,gfold_2,G+E+GxE legacy-grid,W378,ME3,-0.9245678342363294,0.021204203033587103,-0.9457720372699164
CV-G,gfold_2,G+E+GxE legacy-grid,W378,ME4,-0.30022221739211963,-0.20313779233128224,-0.09708442506083739
CV-G,gfold_2,G+E+GxE legacy-grid,W381,ME1,-0.47157492751164415,0.40067234935366264,-0.8722472768653068
CV-G,gfold_2,G+E+GxE legacy-grid,W381,ME2,-0.8907742328463031,-0.5823455833717873,-0.30842864947451576
CV-G,gfold_2,G+E+GxE legacy-grid,W381,ME3,-0.852772341278013,-0.5159657980121961,-0.33680654326581694
CV-G,gfold_2,G+E+GxE legacy-grid,W381,ME4,-0.09855144316709136,-0.6477876037671519,0.5492361606000606
CV-G,gfold_2,G+E+GxE legacy-grid,W383,ME1,0.03905078513810063,0.10063950762556555,-0.061588722487464914
CV-G,gfold_2,G+E+GxE legacy-grid,W383,ME2,0.4160029976220155,0.33842835081629646,0.07757464680571902
CV-G,gfold_2,G+E+GxE legacy-grid,W383,ME3,-0.3379564241239671,0.49289616629524663,-0.8308525904192137
CV-G,gfold_2,G+E+GxE legacy-grid,W383,ME4,0.6185692506844961,-0.08775762806675605,0.7063268787512521
CV-G,gfold_2,G+E+GxE legacy-grid,W384,ME1,-1.1003631063065464,-0.10563010228823479,-0.9947330040183117
CV-G,gfold_2,G+E+GxE legacy-grid,W384,ME2,-1.605009929865278,-0.25082187621843877,-1.3541880536468391
CV-G,gfold_2,G+E+GxE legacy-grid,W384,ME3,-1.6143620375226666,-0.11160919565985353,-1.502752841862813
CV-G,gfold_2,G+E+GxE legacy-grid,W384,ME4,-0.05356964074008553,0.2786592720499295,-0.33222891279001504
CV-G,gfold_2,G+E+GxE legacy-grid,W390,ME1,0.7458511124755932,0.41057945540492,0.3352716570706732
CV-G,gfold_2,G+E+GxE legacy-grid,W390,ME2,0.043718470502375345,0.10124681130384726,-0.057528340801471914
CV-G,gfold_2,G+E+GxE legacy-grid,W390,ME3,-0.8386919781296001,0.05642702298079386,-0.8951190011103939
CV-G,gfold_2,G+E+GxE legacy-grid,W390,ME4,-0.056598321036412325,-0.34233717655906903,0.2857388555226567
CV-G,gfold_2,G+E+GxE legacy-grid,W393,ME1,-0.17097691073462892,0.19708246245339472,-0.3680593731880236
CV-G,gfold_2,G+E+GxE legacy-grid,W393,ME2,0.2843285076729935,0.5470333158644417,-0.2627048081914482
CV-G,gfold_2,G+E+GxE legacy-grid,W393,ME3,0.3277905122856262,0.4306358500368868,-0.10284533775126059
CV-G,gfold_2,G+E+GxE legacy-grid,W393,ME4,0.43542455983050643,0.4972420139629762,-0.06181745413246975
CV-G,gfold_2,G+E+GxE legacy-grid,W394,ME1,-0.08289053442847352,0.368283014903513,-0.4511735493319865
CV-G,gfold_2,G+E+GxE legacy-grid,W394,ME2,0.03283314306258371,0.4580942181345338,-0.4252610750719501
CV-G,gfold_2,G+E+GxE legacy-grid,W394,ME3,0.31778137591437794,0.4195270700822417,-0.10174569416786378
CV-G,gfold_2,G+E+GxE legacy-grid,W394,ME4,0.5342460712135143,0.4720396156704768,0.0622064555430375
CV-G,gfold_2,G+E+GxE legacy-grid,W399,ME1,1.132841536783646,0.3506711121098073,0.7821704246738387
CV-G,gfold_2,G+E+GxE legacy-grid,W399,ME2,2.299487407322027,0.49365451387375353,1.8058328934482732
CV-G,gfold_2,G+E+GxE legacy-grid,W399,ME3,0.47372118661984175,0.38458887820470833,0.08913230841513342
CV-G,gfold_2,G+E+GxE legacy-grid,W399,ME4,0.7935325713873685,0.39278996273089595,0.4007426086564726
CV-G,gfold_2,G+E+GxE legacy-grid,W400,ME1,0.20878971403722194,0.4289980313813823,-0.22020831734416038
CV-G,gfold_2,G+E+GxE legacy-grid,W400,ME2,-0.8134757506662899,0.2776339667837686,-1.0911097174500584
CV-G,gfold_2,G+E+GxE legacy-grid,W400,ME3,-0.4093295906531172,0.18312033614786263,-0.5924499268009799
CV-G,gfold_2,G+E+GxE legacy-grid,W400,ME4,-0.5505328105059495,0.18662822179609367,-0.7371610323020432
CV-G,gfold_2,G+E+GxE legacy-grid,W403,ME1,0.7123707969250567,0.19328906679746322,0.5190817301275934
CV-G,gfold_2,G+E+GxE legacy-grid,W403,ME2,2.353274847967837,-0.038655485350499064,2.3919303333183364
CV-G,gfold_2,G+E+GxE legacy-grid,W403,ME3,0.292492469335884,-0.05910309220988503,0.35159556154576904
CV-G,gfold_2,G+E+GxE legacy-grid,W403,ME4,0.7541990610454606,0.260824629402546,0.4933744316429146
CV-G,gfold_2,G+E+GxE legacy-grid,W407,ME1,0.8491343432739153,0.5262089624728484,0.3229253808010669
CV-G,gfold_2,G+E+GxE legacy-grid,W407,ME2,0.37837900248854744,0.12458249114051313,0.2537965113480343
CV-G,gfold_2,G+E+GxE legacy-grid,W407,ME3,0.4321051402897683,0.13025280614438062,0.3018523341453877
CV-G,gfold_2,G+E+GxE legacy-grid,W407,ME4,0.5189846692008548,0.3627915602260432,0.15619310897481165
CV-G,gfold_2,G+E+GxE legacy-grid,W418,ME1,-0.8542327009141062,-0.3967157024003351,-0.4575169985137711
CV-G,gfold_2,G+E+GxE legacy-grid,W418,ME2,0.5635118417886885,0.31591932171410125,0.24759252007458726
CV-G,gfold_2,G+E+GxE legacy-grid,W418,ME3,-0.4893857885659317,0.2472645795930484,-0.7366503681589801
CV-G,gfold_2,G+E+GxE legacy-grid,W418,ME4,0.11843579998507499,-0.13853424309366377,0.2569700430787388
CV-G,gfold_2,G+E+GxE legacy-grid,W421,ME1,-0.7322262287023361,0.014263493424014055,-0.7464897221263501
CV-G,gfold_2,G+E+GxE legacy-grid,W421,ME2,0.5014021885944325,0.1391048449458308,0.3622973436486017
CV-G,gfold_2,G+E+GxE legacy-grid,W421,ME3,0.7517640145259437,0.1568442456991931,0.5949197688267506
CV-G,gfold_2,G+E+GxE legacy-grid,W421,ME4,-0.3591359491822277,-0.07646263177233809,-0.2826733174098896
CV-G,gfold_2,G+E+GxE legacy-grid,W422,ME1,0.18329874160394888,0.0852756430850991,0.09802309851884977
CV-G,gfold_2,G+E+GxE legacy-grid,W422,ME2,1.9038373982792973,0.18739844510081058,1.7164389531784867
CV-G,gfold_2,G+E+GxE legacy-grid,W422,ME3,0.6236893016168898,0.11685988355108366,0.5068294180658062
CV-G,gfold_2,G+E+GxE legacy-grid,W422,ME4,0.3901674228311079,0.33517713075699224,0.054990292074115654
CV-G,gfold_2,G+E+GxE legacy-grid,W427,ME1,-0.5985411448390269,-0.037805445465923085,-0.5607356993731037
CV-G,gfold_2,G+E+GxE legacy-grid,W427,ME2,0.19678389460633755,0.33094391670864276,-0.1341600221023052
CV-G,gfold_2,G+E+GxE legacy-grid,W427,ME3,0.1611320568079141,0.2921904153328722,-0.13105835852495812
CV-G,gfold_2,G+E+GxE legacy-grid,W427,ME4,0.17928474048400575,-0.2855001285137993,0.464784868997805
CV-G,gfold_2,G+E+GxE legacy-grid,W429,ME1,-1.0413592420001396,-0.10100207247286845,-0.9403571695272712
CV-G,gfold_2,G+E+GxE legacy-grid,W429,ME2,0.3234523996688045,0.2955034861864245,0.02794891348237999
CV-G,gfold_2,G+E+GxE legacy-grid,W429,ME3,-0.037031950285621784,0.32200196537600195,-0.35903391566162374
CV-G,gfold_2,G+E+GxE legacy-grid,W429,ME4,-0.19399813936276414,-0.2436463335737243,0.04964819421096017
CV-G,gfold_2,G+E+GxE legacy-grid,W431,ME1,-1.0437698898724235,-0.4096943677312109,-0.6340755221412127
CV-G,gfold_2,G+E+GxE legacy-grid,W431,ME2,0.4575760882917803,0.49192542516519006,-0.03434933687340974
CV-G,gfold_2,G+E+GxE legacy-grid,W431,ME3,0.0238252881572805,0.29136972510186804,-0.2675444369445875
CV-G,gfold_2,G+E+GxE legacy-grid,W431,ME4,-0.40857030497993724,-0.5100649435596858,0.10149463857974855
CV-G,gfold_2,G+E+GxE legacy-grid,W432,ME1,-0.380581114413579,-0.07612685663810824,-0.30445425777547075
CV-G,gfold_2,G+E+GxE legacy-grid,W432,ME2,1.3095048487453835,0.50796584585515,0.8015390028902335
CV-G,gfold_2,G+E+GxE legacy-grid,W432,ME3,0.6673240682783796,0.40521672826681404,0.2621073400115656
CV-G,gfold_2,G+E+GxE legacy-grid,W432,ME4,-0.14617645748907251,-0.3929502866398134,0.2467738291507409
CV-G,gfold_2,G+E+GxE legacy-grid,W433,ME1,-0.8926564734189554,0.11482682362640452,-1.00748329704536
CV-G,gfold_2,G+E+GxE legacy-grid,W433,ME2,0.43648260203781,0.3461839495102865,0.09029865252752345
CV-G,gfold_2,G+E+GxE legacy-grid,W433,ME3,-0.24169978438832343,0.2189811339928289,-0.4606809183811523
CV-G,gfold_2,G+E+GxE legacy-grid,W433,ME4,0.502779262939989,-0.5105580229201601,1.013337285860149
CV-G,gfold_2,G+E+GxE legacy-grid,W436,ME1,-0.10514016276320107,0.3083275680889984,-0.41346773085219946
CV-G,gfold_2,G+E+GxE legacy-grid,W436,ME2,1.712521439846205,0.1947018549005735,1.5178195849456315
CV-G,gfold_2,G+E+GxE legacy-grid,W436,ME3,0.3901765724021114,0.3213551608877142,0.06882141151439719
CV-G,gfold_2,G+E+GxE legacy-grid,W436,ME4,0.6863487557056707,0.15114124032872212,0.5352075153769486
CV-G,gfold_2,G+E+GxE legacy-grid,W443,ME1,-0.16270252479462838,-0.39526031093395153,0.23255778613932315
CV-G,gfold_2,G+E+GxE legacy-grid,W443,ME2,0.8099252773676141,0.3720271596113225,0.4378981177562916
CV-G,gfold_2,G+E+GxE legacy-grid,W443,ME3,1.6516233836797303,0.19272540911140448,1.4588979745683257
CV-G,gfold_2,G+E+GxE legacy-grid,W443,ME4,-0.8104879803556154,-0.2290657615341721,-0.5814222188214433
CV-G,gfold_2,G+E+GxE legacy-grid,W446,ME1,-0.008673527468599925,-0.07620402889528141,0.06753050142668149
CV-G,gfold_2,G+E+GxE legacy-grid,W446,ME2,1.907792822494339,0.6032083248299402,1.3045844976643988
CV-G,gfold_2,G+E+GxE legacy-grid,W446,ME3,0.7195574010376993,0.71602020220943,0.0035371988282693057
CV-G,gfold_2,G+E+GxE legacy-grid,W446,ME4,0.17579979146771263,0.24813158582904613,-0.0723317943613335
CV-G,gfold_2,G+E+GxE legacy-grid,W449,ME1,0.12509299720120523,-0.3272405402759462,0.45233353747715144
CV-G,gfold_2,G+E+GxE legacy-grid,W449,ME2,-1.4031757073595486,-0.7332759194126163,-0.6698997879469323
CV-G,gfold_2,G+E+GxE legacy-grid,W449,ME3,-0.9981708843114786,-0.5101804198411543,-0.48799046447032435
CV-G,gfold_2,G+E+GxE legacy-grid,W449,ME4,-2.3110613998993825,-0.5882603870892902,-1.7228010128100923
CV-G,gfold_2,G+E+GxE legacy-grid,W454,ME1,-1.2862436030531907,-0.3414338703937905,-0.9448097326594003
CV-G,gfold_2,G+E+GxE legacy-grid,W454,ME2,0.7295257426030093,0.7094791772975714,0.020046565305437913
CV-G,gfold_2,G+E+GxE legacy-grid,W454,ME3,1.4784695477214393,0.6404113340647102,0.8380582136567292
CV-G,gfold_2,G+E+GxE legacy-grid,W454,ME4,1.1902818235041195,0.5170668897065627,0.6732149337975568
CV-G,gfold_2,G+E+GxE legacy-grid,W456,ME1,0.3544140201328539,0.28523915036892783,0.06917486976392606
CV-G,gfold_2,G+E+GxE legacy-grid,W456,ME2,1.2343707746958408,0.49346459494903355,0.7409061797468073
CV-G,gfold_2,G+E+GxE legacy-grid,W456,ME3,1.1406084043881837,0.4412639023140535,0.6993445020741302
CV-G,gfold_2,G+E+GxE legacy-grid,W456,ME4,0.389742620919416,0.02412205975791456,0.3656205611615015
CV-G,gfold_2,G+E+GxE legacy-grid,W464,ME1,-0.8488657517660154,-0.017836584414724216,-0.8310291673512912
CV-G,gfold_2,G+E+GxE legacy-grid,W464,ME2,0.6863768109259724,0.7083389651491576,-0.02196215422318526
CV-G,gfold_2,G+E+GxE legacy-grid,W464,ME3,1.7880601598862824,0.6798353681669735,1.1082247917193089
CV-G,gfold_2,G+E+GxE legacy-grid,W464,ME4,0.4570422571144192,0.39890739553771826,0.05813486157670095
CV-G,gfold_2,G+E+GxE legacy-grid,W466,ME1,-0.17420196667187293,-0.06768309031103653,-0.1065188763608364
CV-G,gfold_2,G+E+GxE legacy-grid,W466,ME2,1.461146320131931,-0.17107129925597636,1.6322176193879074
CV-G,gfold_2,G+E+GxE legacy-grid,W466,ME3,0.38304770227777957,-0.15754411795626874,0.5405918202340483
CV-G,gfold_2,G+E+GxE legacy-grid,W466,ME4,0.1882999810543706,-0.5877508927706255,0.7760508738249962
CV-G,gfold_2,G+E+GxE legacy-grid,W468,ME1,0.04701569601341622,-0.02967733825594443,0.07669303426936065
CV-G,gfold_2,G+E+GxE legacy-grid,W468,ME2,1.0038992808732146,0.4011091821495583,0.6027900987236563
CV-G,gfold_2,G+E+GxE legacy-grid,W468,ME3,1.4324106273565322,0.41359246571685854,1.0188181616396736
CV-G,gfold_2,G+E+GxE legacy-grid,W468,ME4,0.06763263802746716,0.923289128738966,-0.8556564907114987
CV-G,gfold_2,G+E+GxE legacy-grid,W474,ME1,-0.26507361856019424,-0.17646082886703268,-0.08861278969316155
CV-G,gfold_2,G+E+GxE legacy-grid,W474,ME2,1.0483076196203214,0.6070593620983907,0.44124825752193064
CV-G,gfold_2,G+E+GxE legacy-grid,W474,ME3,0.9011746586364905,0.5105147305409032,0.39065992809558725
CV-G,gfold_2,G+E+GxE legacy-grid,W474,ME4,0.7805525129745386,0.34596604050823115,0.4345864724663075
CV-G,gfold_2,G+E+GxE legacy-grid,W475,ME1,0.18180837484507215,0.38752371615973286,-0.2057153413146607
CV-G,gfold_2,G+E+GxE legacy-grid,W475,ME2,1.3919548754230655,0.7092068870858422,0.6827479883372233
CV-G,gfold_2,G+E+GxE legacy-grid,W475,ME3,0.16777947480299704,0.47762888043446,-0.30984940563146296
CV-G,gfold_2,G+E+GxE legacy-grid,W475,ME4,0.570118232645334,0.6999477014436014,-0.1298294687982674
CV-G,gfold_2,G+E+GxE legacy-grid,W484,ME1,-0.4499931137901852,-0.21317444624542808,-0.2368186675447571
CV-G,gfold_2,G+E+GxE legacy-grid,W484,ME2,0.9858055883439324,0.2612000413890956,0.7246055469548368
CV-G,gfold_2,G+E+GxE legacy-grid,W484,ME3,0.4674707554681761,0.464194195356233,0.0032765601119431054
CV-G,gfold_2,G+E+GxE legacy-grid,W484,ME4,0.3790675062126212,0.6903292667125566,-0.31126176049993537
CV-G,gfold_2,G+E+GxE legacy-grid,W500,ME1,1.0885377380497812,-0.31497779589847796,1.403515533948259
CV-G,gfold_2,G+E+GxE legacy-grid,W500,ME2,-0.3922642081762817,-0.15669988648863775,-0.23556432168764396
CV-G,gfold_2,G+E+GxE legacy-grid,W500,ME3,-0.24884554756982202,-0.03687119015866162,-0.2119743574111604
CV-G,gfold_2,G+E+GxE legacy-grid,W500,ME4,1.2997548494877165,-0.6096493323804152,1.9094041818681315
CV-G,gfold_2,G+E+GxE legacy-grid,W503,ME1,-1.008359427207929,0.5547859878422323,-1.5631454150501614
CV-G,gfold_2,G+E+GxE legacy-grid,W503,ME2,-2.051270382824297,-0.6946602366194018,-1.3566101462048952
CV-G,gfold_2,G+E+GxE legacy-grid,W503,ME3,-1.3912385384653865,-0.7178027868619438,-0.6734357516034427
CV-G,gfold_2,G+E+GxE legacy-grid,W503,ME4,-0.46435308934683,-0.628390187905283,0.164037098558453
CV-G,gfold_2,G+E+GxE legacy-grid,W506,ME1,0.44054581708310364,-0.3131899417645947,0.7537357588476983
CV-G,gfold_2,G+E+GxE legacy-grid,W506,ME2,0.1312567548902864,-0.2078836328740076,0.339140387764294
CV-G,gfold_2,G+E+GxE legacy-grid,W506,ME3,-1.924079347616261,-0.37895993287670593,-1.545119414739555
CV-G,gfold_2,G+E+GxE legacy-grid,W506,ME4,-0.7475543638085629,0.16669637552341873,-0.9142507393319816
CV-G,gfold_2,G+E+GxE legacy-grid,W508,ME1,-1.7867462234554732,0.11939036090862042,-1.9061365843640936
CV-G,gfold_2,G+E+GxE legacy-grid,W508,ME2,0.19312591829226916,0.5119651117414973,-0.3188391934492281
CV-G,gfold_2,G+E+GxE legacy-grid,W508,ME3,0.5028025845322519,0.44757905490706,0.05522352962519189
CV-G,gfold_2,G+E+GxE legacy-grid,W508,ME4,1.2122377889769722,0.4862104968282922,0.72602729214868
CV-G,gfold_2,G+E+GxE legacy-grid,W512,ME1,0.7003338457249367,0.12045778644191737,0.5798760592830193
CV-G,gfold_2,G+E+GxE legacy-grid,W512,ME2,0.8502199749310789,0.2725095646451767,0.5777104102859022
CV-G,gfold_2,G+E+GxE legacy-grid,W512,ME3,1.727760392329879,0.37909192328729846,1.3486684690425805
CV-G,gfold_2,G+E+GxE legacy-grid,W512,ME4,0.5619683293024913,0.08655223983892499,0.4754160894635663
CV-G,gfold_2,G+E+GxE legacy-grid,W513,ME1,0.011328334606835667,0.225277788824584,-0.21394945421774833
CV-G,gfold_2,G+E+GxE legacy-grid,W513,ME2,1.3825124867369198,0.3479621124046355,1.0345503743322844
CV-G,gfold_2,G+E+GxE legacy-grid,W513,ME3,1.2704568882997376,0.4494329998592084,0.8210238884405292
CV-G,gfold_2,G+E+GxE legacy-grid,W513,ME4,-0.15853504643850008,0.10430213923166284,-0.2628371856701629
CV-G,gfold_2,G+E+GxE legacy-grid,W527,ME1,-2.157301893012618,-0.7078225634452713,-1.4494793295673467
CV-G,gfold_2,G+E+GxE legacy-grid,W527,ME2,0.6181663114224368,0.17494386816575647,0.44322244325668037
CV-G,gfold_2,G+E+GxE legacy-grid,W527,ME3,0.1582771301467489,0.4330063685910939,-0.27472923844434505
CV-G,gfold_2,G+E+GxE legacy-grid,W527,ME4,0.8112326510412262,0.7116624163352306,0.09957023470599558
CV-G,gfold_2,G+E+GxE legacy-grid,W528,ME1,-1.8478349724081802,-0.8460469710395049,-1.0017880013686753
CV-G,gfold_2,G+E+GxE legacy-grid,W528,ME2,0.7566061589488636,0.16007022885174127,0.5965359300971224
CV-G,gfold_2,G+E+GxE legacy-grid,W528,ME3,-0.05504839575386742,0.3350846947645687,-0.39013309051843614
CV-G,gfold_2,G+E+GxE legacy-grid,W528,ME4,0.7628524333206811,0.5299337851630088,0.23291864815767227
CV-G,gfold_2,G+E+GxE legacy-grid,W530,ME1,-2.0769768255655374,-0.8273114597323101,-1.2496653658332273
CV-G,gfold_2,G+E+GxE legacy-grid,W530,ME2,0.41949009960999495,-0.5588021537405458,0.9782922533505407
CV-G,gfold_2,G+E+GxE legacy-grid,W530,ME3,-0.44079290962602663,-0.07579576603557145,-0.3649971435904552
CV-G,gfold_2,G+E+GxE legacy-grid,W530,ME4,0.4346142895174631,-0.003271836844206115,0.43788612636166924
CV-G,gfold_2,G+E+GxE legacy-grid,W534,ME1,0.04028054131619112,-1.442990130967266,1.483270672283457
CV-G,gfold_2,G+E+GxE legacy-grid,W534,ME2,1.8999199461367207,0.3807757659171737,1.519144180219547
CV-G,gfold_2,G+E+GxE legacy-grid,W534,ME3,0.9748706205260559,0.14949638974855736,0.8253742307774985
CV-G,gfold_2,G+E+GxE legacy-grid,W534,ME4,0.4959430988425651,0.21980293691058495,0.27614016193198015
CV-G,gfold_2,G+E+GxE legacy-grid,W536,ME1,0.29428627269680174,-0.11127421426576592,0.40556048696256763
CV-G,gfold_2,G+E+GxE legacy-grid,W536,ME2,1.975984335961642,0.04327251447766405,1.932711821483978
CV-G,gfold_2,G+E+GxE legacy-grid,W536,ME3,1.1094407139156917,0.01169103185616716,1.0977496820595245
CV-G,gfold_2,G+E+GxE legacy-grid,W536,ME4,0.49440122523716273,0.04819224978734354,0.4462089754498192
CV-G,gfold_2,G+E+GxE legacy-grid,W538,ME1,-0.6929961922131744,-0.22717047539255508,-0.46582571682061935
CV-G,gfold_2,G+E+GxE legacy-grid,W538,ME2,0.6743713073484808,0.10229263741641355,0.5720786699320672
CV-G,gfold_2,G+E+GxE legacy-grid,W538,ME3,1.8891820000859245,0.053477655430694,1.8357043446552306
CV-G,gfold_2,G+E+GxE legacy-grid,W538,ME4,2.2981730759004892,-0.06973743287502769,2.367910508775517
CV-G,gfold_2,G+E+GxE legacy-grid,W539,ME1,-0.6286335228393262,-0.014022368721533254,-0.6146111541177929
CV-G,gfold_2,G+E+GxE legacy-grid,W539,ME2,1.0885959885050411,-0.17207142730825511,1.2606674158132962
CV-G,gfold_2,G+E+GxE legacy-grid,W539,ME3,1.9842054466484027,-0.1368578232742419,2.1210632699226446
CV-G,gfold_2,G+E+GxE legacy-grid,W539,ME4,2.5590801167004287,0.2527463908798633,2.3063337258205654
CV-G,gfold_2,G+E+GxE legacy-grid,W548,ME1,-1.2218972218406412,-0.22571107382963396,-0.9961861480110072
CV-G,gfold_2,G+E+GxE legacy-grid,W548,ME2,0.3781258553387854,-0.5297927729793588,0.9079186283181442
CV-G,gfold_2,G+E+GxE legacy-grid,W548,ME3,0.8777102022319961,-0.43618515632423677,1.313895358556233
CV-G,gfold_2,G+E+GxE legacy-grid,W548,ME4,1.5442755498792187,-0.22539560991803528,1.7696711597972539
CV-G,gfold_2,G+E+GxE legacy-grid,W550,ME1,-1.4484003928675266,-0.5799540048363419,-0.8684463880311848
CV-G,gfold_2,G+E+GxE legacy-grid,W550,ME2,0.8365057280926893,0.09599221851939123,0.7405135095732981
CV-G,gfold_2,G+E+GxE legacy-grid,W550,ME3,1.0729179243213662,-0.03544138528205013,1.1083593096034163
CV-G,gfold_2,G+E+GxE legacy-grid,W550,ME4,1.4409621516151645,0.17387858924164065,1.267083562373524
CV-G,gfold_2,G+E+GxE legacy-grid,W555,ME1,-2.3112983140160472,-0.8990906642462921,-1.412207649769755
CV-G,gfold_2,G+E+GxE legacy-grid,W555,ME2,0.12136503001331247,0.42363777271166314,-0.3022727426983507
CV-G,gfold_2,G+E+GxE legacy-grid,W555,ME3,0.5844551763473157,0.2341892849034103,0.3502658914439054
CV-G,gfold_2,G+E+GxE legacy-grid,W555,ME4,1.4273920905472062,0.5969775920267629,0.8304144985204432
CV-G,gfold_2,G+E+GxE legacy-grid,W556,ME1,-1.5694458635626432,-0.2180364399145265,-1.3514094236481167
CV-G,gfold_2,G+E+GxE legacy-grid,W556,ME2,0.30082737315877106,0.6756695354203571,-0.37484216226158606
CV-G,gfold_2,G+E+GxE legacy-grid,W556,ME3,0.9035396866398238,0.7634812403606733,0.14005844627915043
CV-G,gfold_2,G+E+GxE legacy-grid,W556,ME4,1.7595635853846139,0.6543559549829632,1.1052076304016507
CV-G,gfold_2,G+E+GxE legacy-grid,W557,ME1,-2.050321249599372,-1.0571321087254848,-0.9931891408738873
CV-G,gfold_2,G+E+GxE legacy-grid,W557,ME2,0.2700889804988472,0.3592275543294359,-0.08913857383058871
CV-G,gfold_2,G+E+GxE legacy-grid,W557,ME3,0.6539025343594655,0.291423547776883,0.36247898658258254
CV-G,gfold_2,G+E+GxE legacy-grid,W557,ME4,0.050129225925318634,0.5108709019760004,-0.4607416760506817
CV-G,gfold_2,G+E+GxE legacy-grid,W566,ME1,-1.5091145141103515,-0.9288203058043895,-0.580294208305962
CV-G,gfold_2,G+E+GxE legacy-grid,W566,ME2,-0.039225193117343994,-0.2540735843103264,0.2148483911929824
CV-G,gfold_2,G+E+GxE legacy-grid,W566,ME3,0.9078474162173232,-0.033670536929094275,0.9415179531464175
CV-G,gfold_2,G+E+GxE legacy-grid,W566,ME4,1.3676051548275066,0.9584835754649164,0.4091215793625902
CV-G,gfold_2,G+E+GxE legacy-grid,W573,ME1,-1.7408461849142838,0.05481797092250762,-1.7956641558367914
CV-G,gfold_2,G+E+GxE legacy-grid,W573,ME2,0.5521645208005797,0.5903837416991998,-0.038219220898620176
CV-G,gfold_2,G+E+GxE legacy-grid,W573,ME3,0.6844958608882918,0.313491181512297,0.37100467937599485
CV-G,gfold_2,G+E+GxE legacy-grid,W573,ME4,1.9489544376808983,0.7367123927940702,1.212242044886828
CV-G,gfold_2,G+E+GxE legacy-grid,W576,ME1,-1.7027155993128222,-1.0379239375876612,-0.664791661725161
CV-G,gfold_2,G+E+GxE legacy-grid,W576,ME2,0.4243505248854375,-0.5882741921345037,1.0126247170199412
CV-G,gfold_2,G+E+GxE legacy-grid,W576,ME3,0.08415884182801656,-0.0808870345286706,0.16504587635668716
CV-G,gfold_2,G+E+GxE legacy-grid,W576,ME4,0.3435572130759473,-0.07428161109982392,0.41783882417577123
CV-G,gfold_2,G+E+GxE legacy-grid,W583,ME1,-2.1487913287337777,0.28141967511488025,-2.4302110038486577
CV-G,gfold_2,G+E+GxE legacy-grid,W583,ME2,0.13085804812941076,0.5651375732831451,-0.4342795251537343
CV-G,gfold_2,G+E+GxE legacy-grid,W583,ME3,-0.10947782594485483,0.5573238309052144,-0.6668016568500692
CV-G,gfold_2,G+E+GxE legacy-grid,W583,ME4,1.787883712830787,0.359549365119738,1.4283343477110488
CV-G,gfold_2,G+E+GxE legacy-grid,W584,ME1,-1.462473364230048,-0.37552207771523005,-1.086951286514818
CV-G,gfold_2,G+E+GxE legacy-grid,W584,ME2,0.6090150419585175,0.731737924486963,-0.12272288252844543
CV-G,gfold_2,G+E+GxE legacy-grid,W584,ME3,0.9256442519424007,0.815196082575849,0.11044816936655177
CV-G,gfold_2,G+E+GxE legacy-grid,W584,ME4,1.3320083279680808,1.2284717280258017,0.10353659994227904
CV-G,gfold_2,G+E+GxE legacy-grid,W590,ME1,-0.8955720542915144,0.09969839586227022,-0.9952704501537847
CV-G,gfold_2,G+E+GxE legacy-grid,W590,ME2,0.1349273885618447,0.5672227559195678,-0.4322953673577231
CV-G,gfold_2,G+E+GxE legacy-grid,W590,ME3,1.0812462015045308,0.2918516937072097,0.789394507797321
CV-G,gfold_2,G+E+GxE legacy-grid,W590,ME4,2.792201965794846,0.660380659408415,2.131821306386431
CV-G,gfold_2,G+E+GxE legacy-grid,W591,ME1,-1.107521753197551,-0.10587116387641568,-1.0016505893211354
CV-G,gfold_2,G+E+GxE legacy-grid,W591,ME2,0.9965326988151226,0.5598556271637106,0.436677071651412
CV-G,gfold_2,G+E+GxE legacy-grid,W591,ME3,1.961915057716992,0.48748173218152674,1.4744333255354651
CV-G,gfold_2,G+E+GxE legacy-grid,W591,ME4,1.935250642677778,0.3088168298276672,1.6264338128501108
CV-G,gfold_2,G+E+GxE expanded-grid,W004,ME1,0.7854394885133357,0.4267355085604972,0.3587039799528385
CV-G,gfold_2,G+E+GxE expanded-grid,W004,ME2,0.09394919369402198,0.36093661279356226,-0.26698741909954027
CV-G,gfold_2,G+E+GxE expanded-grid,W004,ME3,0.5704677250133174,0.2543958698970383,0.31607185511627917
CV-G,gfold_2,G+E+GxE expanded-grid,W004,ME4,0.5517573500177323,0.5723301566096642,-0.020572806591931947
CV-G,gfold_2,G+E+GxE expanded-grid,W006,ME1,2.336096876440566,0.5933432085085572,1.7427536679320088
CV-G,gfold_2,G+E+GxE expanded-grid,W006,ME2,0.6264758666133936,0.09165609587900074,0.5348197707343929
CV-G,gfold_2,G+E+GxE expanded-grid,W006,ME3,0.07353310887018515,-0.11824464114226259,0.19177775001244773
CV-G,gfold_2,G+E+GxE expanded-grid,W006,ME4,0.7195855719445825,0.04301902899724227,0.6765665429473402
CV-G,gfold_2,G+E+GxE expanded-grid,W009,ME1,-0.9676390239598921,0.011695435552858319,-0.9793344595127504
CV-G,gfold_2,G+E+GxE expanded-grid,W009,ME2,-1.7892630828199947,-0.3949034468699688,-1.3943596359500259
CV-G,gfold_2,G+E+GxE expanded-grid,W009,ME3,-1.9360396320902578,0.1689259345328157,-2.1049655666230733
CV-G,gfold_2,G+E+GxE expanded-grid,W009,ME4,-1.5027577623731856,-0.147738461606292,-1.3550193007668936
CV-G,gfold_2,G+E+GxE expanded-grid,W019,ME1,0.9500232143612553,0.555405429737494,0.3946177846237613
CV-G,gfold_2,G+E+GxE expanded-grid,W019,ME2,-0.8514098510582172,-0.17190341179868715,-0.67950643925953
CV-G,gfold_2,G+E+GxE expanded-grid,W019,ME3,-0.767698905386699,-0.10429985600164965,-0.6633990493850495
CV-G,gfold_2,G+E+GxE expanded-grid,W019,ME4,-1.0320693775157166,-0.2908106472627843,-0.7412587302529323
CV-G,gfold_2,G+E+GxE expanded-grid,W020,ME1,1.8423619870581072,-0.17220519986458613,2.0145671869226933
CV-G,gfold_2,G+E+GxE expanded-grid,W020,ME2,0.32309166498039293,-0.08577308834614501,0.40886475332653793
CV-G,gfold_2,G+E+GxE expanded-grid,W020,ME3,-0.22068482127299466,0.014060875401220222,-0.23474569667421488
CV-G,gfold_2,G+E+GxE expanded-grid,W020,ME4,0.09811610854244561,-0.5719378097487176,0.6700539182911631
CV-G,gfold_2,G+E+GxE expanded-grid,W022,ME1,-0.43795616259006515,-0.5813195899807401,0.14336342739067492
CV-G,gfold_2,G+E+GxE expanded-grid,W022,ME2,-0.862459724145355,-0.10910312170331497,-0.7533566024420401
CV-G,gfold_2,G+E+GxE expanded-grid,W022,ME3,-0.9282505206986612,-0.0012988426825953237,-0.9269516780160659
CV-G,gfold_2,G+E+GxE expanded-grid,W022,ME4,0.3972553213947196,0.014886147897516838,0.38236917349720273
CV-G,gfold_2,G+E+GxE expanded-grid,W023,ME1,1.6509760917923297,-0.05815568344110311,1.7091317752334327
CV-G,gfold_2,G+E+GxE expanded-grid,W023,ME2,0.221041720232341,-0.08097524021983783,0.30201696045217885
CV-G,gfold_2,G+E+GxE expanded-grid,W023,ME3,-0.41496342521819896,0.014364429920295149,-0.4293278551384941
CV-G,gfold_2,G+E+GxE expanded-grid,W023,ME4,0.6959854657394379,-0.6417938618942884,1.3377793276337262
CV-G,gfold_2,G+E+GxE expanded-grid,W027,ME1,0.8585733327468119,0.4619470852829249,0.396626247463887
CV-G,gfold_2,G+E+GxE expanded-grid,W027,ME2,8.855924078961156e-05,0.450069285299157,-0.4499807260583674
CV-G,gfold_2,G+E+GxE expanded-grid,W027,ME3,0.06547512060168752,0.3568477495551554,-0.2913726289534679
CV-G,gfold_2,G+E+GxE expanded-grid,W027,ME4,-0.4499727579658295,0.3722037294429985,-0.822176487408828
CV-G,gfold_2,G+E+GxE expanded-grid,W036,ME1,0.34510533595035325,0.028231354475531687,0.31687398147482154
CV-G,gfold_2,G+E+GxE expanded-grid,W036,ME2,-1.0594208640181544,-0.8260329343381143,-0.23338792968004007
CV-G,gfold_2,G+E+GxE expanded-grid,W036,ME3,0.23345123453839747,-0.7851856475869382,1.0186368821253358
CV-G,gfold_2,G+E+GxE expanded-grid,W036,ME4,-0.8364480971812744,-0.32510809149993314,-0.5113400056813413
CV-G,gfold_2,G+E+GxE expanded-grid,W037,ME1,-1.4010181316481083,-0.7466261879911077,-0.6543919436570006
CV-G,gfold_2,G+E+GxE expanded-grid,W037,ME2,-1.4064349769127418,-0.545288883205691,-0.8611460937070508
CV-G,gfold_2,G+E+GxE expanded-grid,W037,ME3,-1.7641105427765482,-0.2242825241336117,-1.5398280186429365
CV-G,gfold_2,G+E+GxE expanded-grid,W037,ME4,-0.8793216234539528,0.2055543166665882,-1.084875940120541
CV-G,gfold_2,G+E+GxE expanded-grid,W038,ME1,1.4950495236749437,1.013128022156601,0.4819215015183427
CV-G,gfold_2,G+E+GxE expanded-grid,W038,ME2,-1.4137319435046494,-0.7875496723030331,-0.6261822712016163
CV-G,gfold_2,G+E+GxE expanded-grid,W038,ME3,-1.2334742775859238,-0.442947233815544,-0.7905270437703797
CV-G,gfold_2,G+E+GxE expanded-grid,W038,ME4,-0.03247114579268723,-0.2898701563085238,0.2573990105158366
CV-G,gfold_2,G+E+GxE expanded-grid,W039,ME1,0.5656063195384781,0.4067644108692604,0.15884190866921766
CV-G,gfold_2,G+E+GxE expanded-grid,W039,ME2,-0.36052588427479415,0.20154940830219478,-0.562075292576989
CV-G,gfold_2,G+E+GxE expanded-grid,W039,ME3,-0.8247467594385198,0.1891083736246808,-1.0138551330632006
CV-G,gfold_2,G+E+GxE expanded-grid,W039,ME4,-0.41439953121260803,-0.3798642769457797,-0.03453525426682835
CV-G,gfold_2,G+E+GxE expanded-grid,W043,ME1,1.142190941369396,0.7352323933221051,0.4069585480472909
CV-G,gfold_2,G+E+GxE expanded-grid,W043,ME2,-0.05952126584956081,-0.5867844991924378,0.527263233342877
CV-G,gfold_2,G+E+GxE expanded-grid,W043,ME3,0.4015371533466911,-0.978665583038075,1.3802027363847662
CV-G,gfold_2,G+E+GxE expanded-grid,W043,ME4,0.18150315046728918,-0.15414907597084718,0.33565222643813636
CV-G,gfold_2,G+E+GxE expanded-grid,W059,ME1,-0.6702009104749236,0.8419434368697293,-1.5121443473446528
CV-G,gfold_2,G+E+GxE expanded-grid,W059,ME2,-0.12266249367909973,-0.7630498617456049,0.6403873680665051
CV-G,gfold_2,G+E+GxE expanded-grid,W059,ME3,0.8378932664901717,-0.9832181291177442,1.821111395607916
CV-G,gfold_2,G+E+GxE expanded-grid,W059,ME4,-0.9835554258600077,-0.10327954425375663,-0.880275881606251
CV-G,gfold_2,G+E+GxE expanded-grid,W072,ME1,0.16075592636583644,-0.6018151156237344,0.7625710419895708
CV-G,gfold_2,G+E+GxE expanded-grid,W072,ME2,-0.2761899113313803,0.3044550421897667,-0.5806449535211471
CV-G,gfold_2,G+E+GxE expanded-grid,W072,ME3,0.5789395931823991,-0.05173187240093698,0.6306714655833361
CV-G,gfold_2,G+E+GxE expanded-grid,W072,ME4,-2.5818096849868675,-0.7198695400751141,-1.8619401449117534
CV-G,gfold_2,G+E+GxE expanded-grid,W082,ME1,-1.575635364856345,0.26579120405496837,-1.8414265689113134
CV-G,gfold_2,G+E+GxE expanded-grid,W082,ME2,-0.4044722294735835,0.18266948893508936,-0.5871417184086729
CV-G,gfold_2,G+E+GxE expanded-grid,W082,ME3,-0.17478638495117227,0.35519661709431544,-0.5299830020454877
CV-G,gfold_2,G+E+GxE expanded-grid,W082,ME4,-1.2067730970503319,-0.39911451535787923,-0.8076585816924526
CV-G,gfold_2,G+E+GxE expanded-grid,W083,ME1,-0.32102345262299814,-0.3614187225394505,0.04039526991645237
CV-G,gfold_2,G+E+GxE expanded-grid,W083,ME2,-0.8237978256978608,-0.3455902331699893,-0.47820759252787143
CV-G,gfold_2,G+E+GxE expanded-grid,W083,ME3,-0.2850473690779795,0.4554656378639392,-0.7405130069419187
CV-G,gfold_2,G+E+GxE expanded-grid,W083,ME4,-0.27423850046025544,0.04782324177702937,-0.3220617422372848
CV-G,gfold_2,G+E+GxE expanded-grid,W091,ME1,0.14509485927664081,1.0724852142193708,-0.92739035494273
CV-G,gfold_2,G+E+GxE expanded-grid,W091,ME2,-2.283532892731493,-0.3691062468671285,-1.9144266458643644
CV-G,gfold_2,G+E+GxE expanded-grid,W091,ME3,-0.5492970158075015,-0.3664720417170479,-0.18282497409045356
CV-G,gfold_2,G+E+GxE expanded-grid,W091,ME4,-0.8183546824239967,-0.20244617540371254,-0.6159085070202841
CV-G,gfold_2,G+E+GxE expanded-grid,W092,ME1,0.8987806589139243,0.007313947721345792,0.8914667111925786
CV-G,gfold_2,G+E+GxE expanded-grid,W092,ME2,-0.8534983150437588,-0.45723596905138103,-0.3962623459923778
CV-G,gfold_2,G+E+GxE expanded-grid,W092,ME3,-0.9969630307240622,-0.3730607754794449,-0.6239022552446174
CV-G,gfold_2,G+E+GxE expanded-grid,W092,ME4,0.10336319882205586,-0.35522226573012355,0.4585854645521794
CV-G,gfold_2,G+E+GxE expanded-grid,W095,ME1,0.9078287325156386,0.1208592180323637,0.7869695144832749
CV-G,gfold_2,G+E+GxE expanded-grid,W095,ME2,-0.12277640989649309,-1.0710110194362223,0.9482346095397293
CV-G,gfold_2,G+E+GxE expanded-grid,W095,ME3,0.18433467082632615,-0.913251807182167,1.0975864780084932
CV-G,gfold_2,G+E+GxE expanded-grid,W095,ME4,0.011582385790249792,-0.517622103272254,0.5292044890625038
CV-G,gfold_2,G+E+GxE expanded-grid,W101,ME1,1.9633911695919264,0.4226408942089703,1.540750275382956
CV-G,gfold_2,G+E+GxE expanded-grid,W101,ME2,0.13447172369227128,0.3162879277332121,-0.18181620404094084
CV-G,gfold_2,G+E+GxE expanded-grid,W101,ME3,0.1008407357800961,0.26038966564158805,-0.15954892986149194
CV-G,gfold_2,G+E+GxE expanded-grid,W101,ME4,-0.24015208039795774,0.031021207096953864,-0.2711732874949116
CV-G,gfold_2,G+E+GxE expanded-grid,W108,ME1,0.8526281538725978,-0.0010914470793889804,0.8537196009519868
CV-G,gfold_2,G+E+GxE expanded-grid,W108,ME2,0.22433263317925403,-0.2166012909454582,0.4409339241247122
CV-G,gfold_2,G+E+GxE expanded-grid,W108,ME3,-0.22712952258207705,-0.42656175073062635,0.1994322281485493
CV-G,gfold_2,G+E+GxE expanded-grid,W108,ME4,-0.5390867589964545,-0.24352937822315163,-0.2955573807733029
CV-G,gfold_2,G+E+GxE expanded-grid,W128,ME1,-0.43034144718268247,0.4501581243473677,-0.8804995715300501
CV-G,gfold_2,G+E+GxE expanded-grid,W128,ME2,-0.5816309335562019,-0.6182696440492352,0.036638710493033355
CV-G,gfold_2,G+E+GxE expanded-grid,W128,ME3,-1.1272845202362811,-0.697751904330408,-0.4295326159058731
CV-G,gfold_2,G+E+GxE expanded-grid,W128,ME4,-0.5459701233062877,-0.5964946998910546,0.050524576584766945
CV-G,gfold_2,G+E+GxE expanded-grid,W130,ME1,-0.6770093618979953,0.0072206542651505265,-0.6842300161631458
CV-G,gfold_2,G+E+GxE expanded-grid,W130,ME2,-0.5809347788943552,0.06588097327141317,-0.6468157521657684
CV-G,gfold_2,G+E+GxE expanded-grid,W130,ME3,0.062096509168355345,-0.07533831095877955,0.1374348201271349
CV-G,gfold_2,G+E+GxE expanded-grid,W130,ME4,-2.1176742629523604,0.5000468500215626,-2.617721112973923
CV-G,gfold_2,G+E+GxE expanded-grid,W132,ME1,0.35493524129442927,-0.15594245661307538,0.5108776979075047
CV-G,gfold_2,G+E+GxE expanded-grid,W132,ME2,-1.0969056282192537,-0.22428454814186322,-0.8726210800773906
CV-G,gfold_2,G+E+GxE expanded-grid,W132,ME3,0.6356242465051369,-0.6669628304841827,1.3025870769893197
CV-G,gfold_2,G+E+GxE expanded-grid,W132,ME4,-0.6911737100844733,-0.4604898371914367,-0.23068387289303655
CV-G,gfold_2,G+E+GxE expanded-grid,W133,ME1,0.6006177222511422,-0.3792278552919969,0.9798455775431391
CV-G,gfold_2,G+E+GxE expanded-grid,W133,ME2,-1.3169537881504032,-0.5227854769896734,-0.7941683111607298
CV-G,gfold_2,G+E+GxE expanded-grid,W133,ME3,-0.6892728874904679,-0.1331503248791407,-0.5561225626113272
CV-G,gfold_2,G+E+GxE expanded-grid,W133,ME4,-0.5994007637547354,-0.24453242872504996,-0.3548683350296854
CV-G,gfold_2,G+E+GxE expanded-grid,W152,ME1,1.0771115928983819,-0.6053432338388278,1.6824548267372097
CV-G,gfold_2,G+E+GxE expanded-grid,W152,ME2,0.2734684949481772,0.4691702972846093,-0.19570180233643208
CV-G,gfold_2,G+E+GxE expanded-grid,W152,ME3,0.14814129584675167,-0.0029961516473439396,0.1511374474940956
CV-G,gfold_2,G+E+GxE expanded-grid,W152,ME4,-0.39748612176558745,-0.8379319632602239,0.44044584149463645
CV-G,gfold_2,G+E+GxE expanded-grid,W154,ME1,0.06533173339438465,-0.8004274851565358,0.8657592185509205
CV-G,gfold_2,G+E+GxE expanded-grid,W154,ME2,-0.5974652877738541,0.5370407228239765,-1.1345060105978306
CV-G,gfold_2,G+E+GxE expanded-grid,W154,ME3,-0.928512363084745,0.16698952723959212,-1.0955018903243372
CV-G,gfold_2,G+E+GxE expanded-grid,W154,ME4,-0.8088910398357336,0.3953969042549743,-1.204287944090708
CV-G,gfold_2,G+E+GxE expanded-grid,W157,ME1,0.8671164733482509,0.7502889733130361,0.1168275000352148
CV-G,gfold_2,G+E+GxE expanded-grid,W157,ME2,0.017365852212088022,0.09072130709075987,-0.07335545487867184
CV-G,gfold_2,G+E+GxE expanded-grid,W157,ME3,-0.8729510980635914,-0.08084299855332665,-0.7921080995102647
CV-G,gfold_2,G+E+GxE expanded-grid,W157,ME4,-0.3791331058400538,-0.19403388559052653,-0.18509922024952724
CV-G,gfold_2,G+E+GxE expanded-grid,W162,ME1,0.32594231418182734,0.39162004633551767,-0.06567773215369033
CV-G,gfold_2,G+E+GxE expanded-grid,W162,ME2,-1.9813384827023757,-0.21185271213683285,-1.769485770565543
CV-G,gfold_2,G+E+GxE expanded-grid,W162,ME3,-1.273696646699747,-0.09091862189143968,-1.1827780248083073
CV-G,gfold_2,G+E+GxE expanded-grid,W162,ME4,0.5150513181666635,0.5741434094088158,-0.05909209124215231
CV-G,gfold_2,G+E+GxE expanded-grid,W172,ME1,-0.6308731450179689,0.6013404819197936,-1.2322136269377624
CV-G,gfold_2,G+E+GxE expanded-grid,W172,ME2,-0.7664599962766292,-0.019995471854139062,-0.7464645244224901
CV-G,gfold_2,G+E+GxE expanded-grid,W172,ME3,-0.585498837315659,-0.1645098670000687,-0.4209889703155903
CV-G,gfold_2,G+E+GxE expanded-grid,W172,ME4,-0.41822274841784135,0.03540565052049691,-0.4536283989383383
CV-G,gfold_2,G+E+GxE expanded-grid,W176,ME1,0.04524028643180243,0.7022918178887783,-0.6570515314569758
CV-G,gfold_2,G+E+GxE expanded-grid,W176,ME2,-1.0688759100617886,0.22984270070008272,-1.2987186107618713
CV-G,gfold_2,G+E+GxE expanded-grid,W176,ME3,-1.538149010115268,0.07214389078901833,-1.6102929009042863
CV-G,gfold_2,G+E+GxE expanded-grid,W176,ME4,-0.6277680914133182,0.19993737836219996,-0.8277054697755182
CV-G,gfold_2,G+E+GxE expanded-grid,W178,ME1,0.15653729258933885,0.06864070826796967,0.08789658432136918
CV-G,gfold_2,G+E+GxE expanded-grid,W178,ME2,-0.5449562402343447,-0.4524656041553402,-0.09249063607900454
CV-G,gfold_2,G+E+GxE expanded-grid,W178,ME3,-0.06704246634219774,-0.4946172115244645,0.42757474518226674
CV-G,gfold_2,G+E+GxE expanded-grid,W178,ME4,-0.6849747488545886,-0.6284246658708154,-0.05655008298377329
CV-G,gfold_2,G+E+GxE expanded-grid,W180,ME1,-0.8810593025739135,-0.981458882321051,0.10039957974713754
CV-G,gfold_2,G+E+GxE expanded-grid,W180,ME2,-2.949626330544363,-2.3607149592365935,-0.5889113713077694
CV-G,gfold_2,G+E+GxE expanded-grid,W180,ME3,-2.3006424849183382,-1.4976577871920755,-0.8029846977262627
CV-G,gfold_2,G+E+GxE expanded-grid,W180,ME4,-1.6784448196663495,-1.0134157281875789,-0.6650290914787707
CV-G,gfold_2,G+E+GxE expanded-grid,W188,ME1,0.8868577248428988,-0.43559067040685245,1.3224483952497512
CV-G,gfold_2,G+E+GxE expanded-grid,W188,ME2,-0.032263646498871555,0.1769099196543612,-0.20917356615323277
CV-G,gfold_2,G+E+GxE expanded-grid,W188,ME3,-0.10903015992993796,0.27423591579381446,-0.38326607572375243
CV-G,gfold_2,G+E+GxE expanded-grid,W188,ME4,-0.5395194276102152,0.08913056323921381,-0.628649990849429
CV-G,gfold_2,G+E+GxE expanded-grid,W192,ME1,0.5140054245425649,-0.07819329322622205,0.592198717768787
CV-G,gfold_2,G+E+GxE expanded-grid,W192,ME2,-0.5678280852153964,-0.6456731533714395,0.07784506815604308
CV-G,gfold_2,G+E+GxE expanded-grid,W192,ME3,-1.6528444217483242,-0.555039582856647,-1.0978048388916772
CV-G,gfold_2,G+E+GxE expanded-grid,W192,ME4,-1.3559100348627087,-0.7204096409881795,-0.6355003938745292
CV-G,gfold_2,G+E+GxE expanded-grid,W203,ME1,0.22288711764169133,0.4054631988378333,-0.182576081196142
CV-G,gfold_2,G+E+GxE expanded-grid,W203,ME2,-1.9441574950809923,0.3375738208419455,-2.2817313159229378
CV-G,gfold_2,G+E+GxE expanded-grid,W203,ME3,-1.5355390327830185,0.22265359095369472,-1.7581926237367131
CV-G,gfold_2,G+E+GxE expanded-grid,W203,ME4,-0.5941536734751245,0.5399615674375868,-1.1341152409127113
CV-G,gfold_2,G+E+GxE expanded-grid,W214,ME1,1.094442196520746,0.4096616720755867,0.6847805244451594
CV-G,gfold_2,G+E+GxE expanded-grid,W214,ME2,0.6404116172078261,0.4627858796968449,0.1776257375109812
CV-G,gfold_2,G+E+GxE expanded-grid,W214,ME3,0.8081783789340117,0.4006479393653584,0.40753043956865326
CV-G,gfold_2,G+E+GxE expanded-grid,W214,ME4,0.7291986818721446,0.29327187453131637,0.4359268073408283
CV-G,gfold_2,G+E+GxE expanded-grid,W220,ME1,0.08302067656533246,-0.33581981061511446,0.4188404871804469
CV-G,gfold_2,G+E+GxE expanded-grid,W220,ME2,-0.35315930221670117,-0.17261052668875645,-0.1805487755279447
CV-G,gfold_2,G+E+GxE expanded-grid,W220,ME3,0.17830384941782781,0.1333171939920626,0.044986655425765215
CV-G,gfold_2,G+E+GxE expanded-grid,W220,ME4,-0.34458255035572233,-0.5526852808309187,0.2081027304751964
CV-G,gfold_2,G+E+GxE expanded-grid,W221,ME1,0.6424864408707738,0.6558591035886677,-0.013372662717893946
CV-G,gfold_2,G+E+GxE expanded-grid,W221,ME2,-0.3566907049558908,0.4364477605508794,-0.7931384655067701
CV-G,gfold_2,G+E+GxE expanded-grid,W221,ME3,0.8762320597299136,0.3721036220441077,0.504128437685806
CV-G,gfold_2,G+E+GxE expanded-grid,W221,ME4,0.0513092312355759,0.29416110355227626,-0.24285187231670036
CV-G,gfold_2,G+E+GxE expanded-grid,W237,ME1,1.1157796878227189,0.3996536756538001,0.7161260121689188
CV-G,gfold_2,G+E+GxE expanded-grid,W237,ME2,0.48195415881391984,0.31399328186517217,0.16796087694874767
CV-G,gfold_2,G+E+GxE expanded-grid,W237,ME3,0.26840296981622275,0.33436140668315534,-0.06595843686693259
CV-G,gfold_2,G+E+GxE expanded-grid,W237,ME4,0.8166134752559995,0.3642259716102041,0.4523875036457954
CV-G,gfold_2,G+E+GxE expanded-grid,W238,ME1,0.5957231297807281,0.5486515628632797,0.047071566917448404
CV-G,gfold_2,G+E+GxE expanded-grid,W238,ME2,-0.18922753670917877,0.45355693911468253,-0.6427844758238613
CV-G,gfold_2,G+E+GxE expanded-grid,W238,ME3,0.7495341309799431,0.3921828504679482,0.35735128051199494
CV-G,gfold_2,G+E+GxE expanded-grid,W238,ME4,-0.4792998232767549,0.3481109842607983,-0.8274108075375533
CV-G,gfold_2,G+E+GxE expanded-grid,W242,ME1,0.06949335860633282,-0.13833561832130364,0.20782897692763647
CV-G,gfold_2,G+E+GxE expanded-grid,W242,ME2,0.5003199845291967,-0.17705446441793343,0.6773744489471301
CV-G,gfold_2,G+E+GxE expanded-grid,W242,ME3,0.2636222346380582,0.10283620802036249,0.1607860266176957
CV-G,gfold_2,G+E+GxE expanded-grid,W242,ME4,0.2908503092177919,-0.5267580205339403,0.8176083297517323
CV-G,gfold_2,G+E+GxE expanded-grid,W244,ME1,1.219136215346889,0.09126707412021255,1.1278691412266764
CV-G,gfold_2,G+E+GxE expanded-grid,W244,ME2,0.3642976922830024,-0.10061099566967321,0.4649086879526756
CV-G,gfold_2,G+E+GxE expanded-grid,W244,ME3,0.10337469435509486,0.3561997503071775,-0.2528250559520826
CV-G,gfold_2,G+E+GxE expanded-grid,W244,ME4,0.48935866921132964,-0.39337005795167757,0.8827287271630072
CV-G,gfold_2,G+E+GxE expanded-grid,W270,ME1,-0.37194838892499626,0.10204675631983104,-0.47399514524482733
CV-G,gfold_2,G+E+GxE expanded-grid,W270,ME2,-2.0905081910375016,-0.13990435770973567,-1.950603833327766
CV-G,gfold_2,G+E+GxE expanded-grid,W270,ME3,-0.48957161219476547,-0.2166060685597726,-0.27296554363499287
CV-G,gfold_2,G+E+GxE expanded-grid,W270,ME4,-0.5548201631332172,0.1672822258885505,-0.7221023890217677
CV-G,gfold_2,G+E+GxE expanded-grid,W271,ME1,0.40696777256477257,0.2254346388900582,0.18153313367471438
CV-G,gfold_2,G+E+GxE expanded-grid,W271,ME2,-0.8202474369224396,-0.3912798637728182,-0.4289675731496214
CV-G,gfold_2,G+E+GxE expanded-grid,W271,ME3,-0.7556372625697024,-0.5601856632592704,-0.195451599310432
CV-G,gfold_2,G+E+GxE expanded-grid,W271,ME4,-0.16506440915525686,-0.323045429877814,0.15798102072255713
CV-G,gfold_2,G+E+GxE expanded-grid,W286,ME1,0.3014530636684557,0.16954620337556783,0.13190686029288787
CV-G,gfold_2,G+E+GxE expanded-grid,W286,ME2,-0.8867618505225658,-0.7850511826540874,-0.10171066786847849
CV-G,gfold_2,G+E+GxE expanded-grid,W286,ME3,-2.1155283644860483,-0.5551982946107789,-1.5603300698752696
CV-G,gfold_2,G+E+GxE expanded-grid,W286,ME4,0.24955012335878898,-0.35064470488121835,0.6001948282400074
CV-G,gfold_2,G+E+GxE expanded-grid,W287,ME1,1.5152875640892192,-0.07526051105875559,1.5905480751479748
CV-G,gfold_2,G+E+GxE expanded-grid,W287,ME2,0.01636592097052534,-0.2627730290075282,0.27913894997805355
CV-G,gfold_2,G+E+GxE expanded-grid,W287,ME3,-2.1521356193662067,-0.19268200325274443,-1.9594536161134624
CV-G,gfold_2,G+E+GxE expanded-grid,W287,ME4,-0.027751124551658162,-0.7014124827366602,0.6736613581850021
CV-G,gfold_2,G+E+GxE expanded-grid,W290,ME1,0.14298554238839276,0.15446769644745947,-0.011482154059066718
CV-G,gfold_2,G+E+GxE expanded-grid,W290,ME2,-0.22502254368561264,-0.03954952819385915,-0.1854730154917535
CV-G,gfold_2,G+E+GxE expanded-grid,W290,ME3,-0.5032718815569279,-0.13937353520676177,-0.36389834635016616
CV-G,gfold_2,G+E+GxE expanded-grid,W290,ME4,0.3595816851892409,0.44975528146841487,-0.09017359627917398
CV-G,gfold_2,G+E+GxE expanded-grid,W293,ME1,0.8461698979174604,0.5790318809192797,0.26713801699818074
CV-G,gfold_2,G+E+GxE expanded-grid,W293,ME2,-2.0360815538385406,0.0072528464902841495,-2.043334400328825
CV-G,gfold_2,G+E+GxE expanded-grid,W293,ME3,-0.8401025484030156,-0.09316383755193754,-0.746938710851078
CV-G,gfold_2,G+E+GxE expanded-grid,W293,ME4,0.6055183919530507,-0.34401529466364766,0.9495336866166983
CV-G,gfold_2,G+E+GxE expanded-grid,W304,ME1,1.3452798805286592,0.3677493923060672,0.977530488222592
CV-G,gfold_2,G+E+GxE expanded-grid,W304,ME2,-1.4753606171143565,-0.6065156832761567,-0.8688449338381998
CV-G,gfold_2,G+E+GxE expanded-grid,W304,ME3,0.19459720305507383,-0.15485054701470502,0.34944775006977885
CV-G,gfold_2,G+E+GxE expanded-grid,W304,ME4,0.7707191353890623,0.27530674533647953,0.4954123900525828
CV-G,gfold_2,G+E+GxE expanded-grid,W317,ME1,-0.29379779101136066,-0.22720915904666233,-0.06658863196469833
CV-G,gfold_2,G+E+GxE expanded-grid,W317,ME2,0.9552127552951211,-0.11182539884920767,1.0670381541443288
CV-G,gfold_2,G+E+GxE expanded-grid,W317,ME3,1.2256058215222476,-0.8171862406400726,2.04279206216232
CV-G,gfold_2,G+E+GxE expanded-grid,W317,ME4,-1.8528260044161615,-0.12461611473301248,-1.728209889683149
CV-G,gfold_2,G+E+GxE expanded-grid,W320,ME1,-0.21795196792156646,0.24999344877865062,-0.46794541670021705
CV-G,gfold_2,G+E+GxE expanded-grid,W320,ME2,-0.7185329121478228,0.14481212897736373,-0.8633450411251865
CV-G,gfold_2,G+E+GxE expanded-grid,W320,ME3,0.17673279510132764,0.1394412803510032,0.03729151475032444
CV-G,gfold_2,G+E+GxE expanded-grid,W320,ME4,-1.312100371043892,-0.38737134804639534,-0.9247290229974967
CV-G,gfold_2,G+E+GxE expanded-grid,W325,ME1,0.17486147405095656,0.2866896032010198,-0.11182812915006327
CV-G,gfold_2,G+E+GxE expanded-grid,W325,ME2,-0.41129454515968505,-0.38411235237588426,-0.027182192783800796
CV-G,gfold_2,G+E+GxE expanded-grid,W325,ME3,-0.1120117845198536,-0.5942485563832002,0.48223677186334657
CV-G,gfold_2,G+E+GxE expanded-grid,W325,ME4,0.04828841764131719,-0.6022316502771285,0.6505200679184457
CV-G,gfold_2,G+E+GxE expanded-grid,W328,ME1,0.7714153816347115,0.3321855457551298,0.43922983587958164
CV-G,gfold_2,G+E+GxE expanded-grid,W328,ME2,0.7744340469708973,-0.17434166801689366,0.948775714987791
CV-G,gfold_2,G+E+GxE expanded-grid,W328,ME3,1.1924363037755052,-0.20111740517941992,1.3935537089549253
CV-G,gfold_2,G+E+GxE expanded-grid,W328,ME4,-0.8026212782872341,-0.040604498756232205,-0.7620167795310019
CV-G,gfold_2,G+E+GxE expanded-grid,W334,ME1,0.7888355701442222,-0.04758302844938864,0.8364185985936109
CV-G,gfold_2,G+E+GxE expanded-grid,W334,ME2,0.23763551589927928,-0.4573255604531449,0.6949610763524241
CV-G,gfold_2,G+E+GxE expanded-grid,W334,ME3,-0.5649906659153311,0.1211860610863856,-0.6861767270017167
CV-G,gfold_2,G+E+GxE expanded-grid,W334,ME4,0.3459172236964618,-0.04671405988386764,0.3926312835803294
CV-G,gfold_2,G+E+GxE expanded-grid,W337,ME1,-0.6706406908300031,-0.5245486464731599,-0.1460920443568432
CV-G,gfold_2,G+E+GxE expanded-grid,W337,ME2,0.05425572061124421,-0.0941401838685078,0.148395904479752
CV-G,gfold_2,G+E+GxE expanded-grid,W337,ME3,0.42424142217868743,-0.06587291533208751,0.49011433751077493
CV-G,gfold_2,G+E+GxE expanded-grid,W337,ME4,-1.6994253140827222,-0.42686309455207927,-1.272562219530643
CV-G,gfold_2,G+E+GxE expanded-grid,W339,ME1,0.6585221356698515,0.5145810816727985,0.14394105399705304
CV-G,gfold_2,G+E+GxE expanded-grid,W339,ME2,-0.15685001625454117,-0.17348221062197267,0.01663219436743149
CV-G,gfold_2,G+E+GxE expanded-grid,W339,ME3,-0.05215968297836793,-0.3088362457815611,0.2566765628031932
CV-G,gfold_2,G+E+GxE expanded-grid,W339,ME4,0.5779849347137154,-0.5155373681017968,1.0935223028155123
CV-G,gfold_2,G+E+GxE expanded-grid,W352,ME1,-0.7664965200758838,0.5653084655454839,-1.3318049856213676
CV-G,gfold_2,G+E+GxE expanded-grid,W352,ME2,-0.10218921794204906,-0.24063648225445508,0.138447264312406
CV-G,gfold_2,G+E+GxE expanded-grid,W352,ME3,1.5962648353445779,-0.25244496779797415,1.848709803142552
CV-G,gfold_2,G+E+GxE expanded-grid,W352,ME4,-1.491941047029161,-0.12254557355073603,-1.3693954734784248
CV-G,gfold_2,G+E+GxE expanded-grid,W356,ME1,-0.11187531746042761,0.1003024261171247,-0.2121777435775523
CV-G,gfold_2,G+E+GxE expanded-grid,W356,ME2,-0.8903185679767308,-0.010065193947013874,-0.8802533740297169
CV-G,gfold_2,G+E+GxE expanded-grid,W356,ME3,-0.28544435592139683,0.15832466290487354,-0.4437690188262704
CV-G,gfold_2,G+E+GxE expanded-grid,W356,ME4,-0.4883071971450517,0.2581678810289047,-0.7464750781739564
CV-G,gfold_2,G+E+GxE expanded-grid,W362,ME1,1.1535112134723502,0.3877359762649998,0.7657752372073504
CV-G,gfold_2,G+E+GxE expanded-grid,W362,ME2,-0.969844745074655,-0.37788783391570185,-0.5919569111589531
CV-G,gfold_2,G+E+GxE expanded-grid,W362,ME3,-1.239505098994422,-0.10273753319617145,-1.1367675657982506
CV-G,gfold_2,G+E+GxE expanded-grid,W362,ME4,0.12958291681597156,-0.2962331212295616,0.42581603804553314
CV-G,gfold_2,G+E+GxE expanded-grid,W366,ME1,1.1668104971731592,0.19903110620748504,0.9677793909656742
CV-G,gfold_2,G+E+GxE expanded-grid,W366,ME2,0.5991802751902414,-0.28982382421447206,0.8890040994047135
CV-G,gfold_2,G+E+GxE expanded-grid,W366,ME3,-0.010653441519878112,-0.49704289672701585,0.4863894552071377
CV-G,gfold_2,G+E+GxE expanded-grid,W366,ME4,-0.8742082671095057,-0.08931499196428855,-0.7848932751452171
CV-G,gfold_2,G+E+GxE expanded-grid,W368,ME1,1.0881712544205484,-0.059600220098043805,1.1477714745185923
CV-G,gfold_2,G+E+GxE expanded-grid,W368,ME2,-0.7045275460872065,-0.33842760211206024,-0.3660999439751462
CV-G,gfold_2,G+E+GxE expanded-grid,W368,ME3,-1.1813423031696024,0.05438836611313039,-1.2357306692827328
CV-G,gfold_2,G+E+GxE expanded-grid,W368,ME4,-1.0803158613011001,-0.07474849398347877,-1.0055673673176213
CV-G,gfold_2,G+E+GxE expanded-grid,W374,ME1,-0.8595589296589503,-0.5170402051988261,-0.3425187244601242
CV-G,gfold_2,G+E+GxE expanded-grid,W374,ME2,0.4668033019006278,0.45872511981419417,0.008078182086433627
CV-G,gfold_2,G+E+GxE expanded-grid,W374,ME3,0.5852491500341488,0.018204707931331096,0.5670444421028177
CV-G,gfold_2,G+E+GxE expanded-grid,W374,ME4,-0.7082208534666563,-0.8204805714062002,0.11225971793954392
CV-G,gfold_2,G+E+GxE expanded-grid,W378,ME1,-0.09864118640481433,0.2160245475782487,-0.314665733983063
CV-G,gfold_2,G+E+GxE expanded-grid,W378,ME2,-0.5151165199560768,-0.06415980584562085,-0.4509567141104559
CV-G,gfold_2,G+E+GxE expanded-grid,W378,ME3,-0.9245678342363294,-0.011240773632425025,-0.9133270606039043
CV-G,gfold_2,G+E+GxE expanded-grid,W378,ME4,-0.30022221739211963,-0.1842246005720457,-0.11599761682007392
CV-G,gfold_2,G+E+GxE expanded-grid,W381,ME1,-0.47157492751164415,0.4467660490884224,-0.9183409766000665
CV-G,gfold_2,G+E+GxE expanded-grid,W381,ME2,-0.8907742328463031,-0.572530443129668,-0.31824378971663503
CV-G,gfold_2,G+E+GxE expanded-grid,W381,ME3,-0.852772341278013,-0.4390442734044873,-0.41372806787352573
CV-G,gfold_2,G+E+GxE expanded-grid,W381,ME4,-0.09855144316709136,-0.6911663150579599,0.5926148718908686
CV-G,gfold_2,G+E+GxE expanded-grid,W383,ME1,0.03905078513810063,0.007824531477092611,0.03122625366100802
CV-G,gfold_2,G+E+GxE expanded-grid,W383,ME2,0.4160029976220155,0.4554712444814798,-0.03946824685946432
CV-G,gfold_2,G+E+GxE expanded-grid,W383,ME3,-0.3379564241239671,0.6317724445750197,-0.9697288686989868
CV-G,gfold_2,G+E+GxE expanded-grid,W383,ME4,0.6185692506844961,-0.15174097774588827,0.7703102284303843
CV-G,gfold_2,G+E+GxE expanded-grid,W384,ME1,-1.1003631063065464,-0.08326560286285606,-1.0170975034436904
CV-G,gfold_2,G+E+GxE expanded-grid,W384,ME2,-1.605009929865278,-0.40388232890063375,-1.2011276009646443
CV-G,gfold_2,G+E+GxE expanded-grid,W384,ME3,-1.6143620375226666,-0.1308323646480785,-1.4835296728745881
CV-G,gfold_2,G+E+GxE expanded-grid,W384,ME4,-0.05356964074008553,0.4102865402950802,-0.46385618103516574
CV-G,gfold_2,G+E+GxE expanded-grid,W390,ME1,0.7458511124755932,0.5187700590295713,0.22708105344602192
CV-G,gfold_2,G+E+GxE expanded-grid,W390,ME2,0.043718470502375345,0.14170235756166544,-0.09798388705929009
CV-G,gfold_2,G+E+GxE expanded-grid,W390,ME3,-0.8386919781296001,0.0419385489987646,-0.8806305271283646
CV-G,gfold_2,G+E+GxE expanded-grid,W390,ME4,-0.056598321036412325,-0.5153164596825777,0.45871813864616534
CV-G,gfold_2,G+E+GxE expanded-grid,W393,ME1,-0.17097691073462892,0.17554938295087083,-0.34652629368549975
CV-G,gfold_2,G+E+GxE expanded-grid,W393,ME2,0.2843285076729935,0.5962668438950159,-0.31193833622202244
CV-G,gfold_2,G+E+GxE expanded-grid,W393,ME3,0.3277905122856262,0.4196319126968715,-0.09184140041124528
CV-G,gfold_2,G+E+GxE expanded-grid,W393,ME4,0.43542455983050643,0.4970945328788462,-0.061669973048339766
CV-G,gfold_2,G+E+GxE expanded-grid,W394,ME1,-0.08289053442847352,0.3537016388076364,-0.4365921732361099
CV-G,gfold_2,G+E+GxE expanded-grid,W394,ME2,0.03283314306258371,0.4420409213107474,-0.4092077782481637
CV-G,gfold_2,G+E+GxE expanded-grid,W394,ME3,0.31778137591437794,0.4318813054890506,-0.11409992957467269
CV-G,gfold_2,G+E+GxE expanded-grid,W394,ME4,0.5342460712135143,0.5188334021883295,0.015412669025184789
CV-G,gfold_2,G+E+GxE expanded-grid,W399,ME1,1.132841536783646,0.42262189319247323,0.7102196435911727
CV-G,gfold_2,G+E+GxE expanded-grid,W399,ME2,2.299487407322027,0.5147922106566861,1.7846951966653406
CV-G,gfold_2,G+E+GxE expanded-grid,W399,ME3,0.47372118661984175,0.35299482588145,0.12072636073839177
CV-G,gfold_2,G+E+GxE expanded-grid,W399,ME4,0.7935325713873685,0.3554202617173631,0.4381123096700055
CV-G,gfold_2,G+E+GxE expanded-grid,W400,ME1,0.20878971403722194,0.5998001651260267,-0.39101045108880483
CV-G,gfold_2,G+E+GxE expanded-grid,W400,ME2,-0.8134757506662899,0.24267647506625145,-1.0561522257325413
CV-G,gfold_2,G+E+GxE expanded-grid,W400,ME3,-0.4093295906531172,0.13825518230835515,-0.5475847729614723
CV-G,gfold_2,G+E+GxE expanded-grid,W400,ME4,-0.5505328105059495,0.1007267954877733,-0.6512596059937228
CV-G,gfold_2,G+E+GxE expanded-grid,W403,ME1,0.7123707969250567,0.234825197401388,0.4775455995236687
CV-G,gfold_2,G+E+GxE expanded-grid,W403,ME2,2.353274847967837,-0.07274169567132426,2.4260165436391614
CV-G,gfold_2,G+E+GxE expanded-grid,W403,ME3,0.292492469335884,-0.16909531647578,0.46158778581166404
CV-G,gfold_2,G+E+GxE expanded-grid,W403,ME4,0.7541990610454606,0.3696963709882416,0.38450269005721904
CV-G,gfold_2,G+E+GxE expanded-grid,W407,ME1,0.8491343432739153,0.5131459391422176,0.3359884041316977
CV-G,gfold_2,G+E+GxE expanded-grid,W407,ME2,0.37837900248854744,0.055265601611408005,0.32311340087713947
CV-G,gfold_2,G+E+GxE expanded-grid,W407,ME3,0.4321051402897683,0.16704892007934682,0.2650562202104215
CV-G,gfold_2,G+E+GxE expanded-grid,W407,ME4,0.5189846692008548,0.4660395722288144,0.05294509697204042
CV-G,gfold_2,G+E+GxE expanded-grid,W418,ME1,-0.8542327009141062,-0.5638032548347586,-0.2904294460793476
CV-G,gfold_2,G+E+GxE expanded-grid,W418,ME2,0.5635118417886885,0.4459980722576584,0.1175137695310301
CV-G,gfold_2,G+E+GxE expanded-grid,W418,ME3,-0.4893857885659317,0.3758686530717596,-0.8652544416376913
CV-G,gfold_2,G+E+GxE expanded-grid,W418,ME4,0.11843579998507499,-0.13069930986765724,0.24913510985273224
CV-G,gfold_2,G+E+GxE expanded-grid,W421,ME1,-0.7322262287023361,0.0020814649163553908,-0.7343076936186915
CV-G,gfold_2,G+E+GxE expanded-grid,W421,ME2,0.5014021885944325,0.19948046520339244,0.30192172339104006
CV-G,gfold_2,G+E+GxE expanded-grid,W421,ME3,0.7517640145259437,0.1338210968047586,0.617942917721185
CV-G,gfold_2,G+E+GxE expanded-grid,W421,ME4,-0.3591359491822277,-0.021909974355890018,-0.33722597482633765
CV-G,gfold_2,G+E+GxE expanded-grid,W422,ME1,0.18329874160394888,0.0012277063220285777,0.1820710352819203
CV-G,gfold_2,G+E+GxE expanded-grid,W422,ME2,1.9038373982792973,0.17611984243778503,1.7277175558415123
CV-G,gfold_2,G+E+GxE expanded-grid,W422,ME3,0.6236893016168898,0.06842818957124785,0.555261112045642
CV-G,gfold_2,G+E+GxE expanded-grid,W422,ME4,0.3901674228311079,0.46721341422850954,-0.07704599139740165
CV-G,gfold_2,G+E+GxE expanded-grid,W427,ME1,-0.5985411448390269,-0.1080370067120232,-0.49050413812700366
CV-G,gfold_2,G+E+GxE expanded-grid,W427,ME2,0.19678389460633755,0.47377369242491213,-0.2769897978185746
CV-G,gfold_2,G+E+GxE expanded-grid,W427,ME3,0.1611320568079141,0.3474790419571468,-0.1863469851492327
CV-G,gfold_2,G+E+GxE expanded-grid,W427,ME4,0.17928474048400575,-0.4128541505947958,0.5921388910788016
CV-G,gfold_2,G+E+GxE expanded-grid,W429,ME1,-1.0413592420001396,-0.20842619438006413,-0.8329330476200755
CV-G,gfold_2,G+E+GxE expanded-grid,W429,ME2,0.3234523996688045,0.42706683414394997,-0.10361443447514546
CV-G,gfold_2,G+E+GxE expanded-grid,W429,ME3,-0.037031950285621784,0.41130206706132555,-0.44833401734694733
CV-G,gfold_2,G+E+GxE expanded-grid,W429,ME4,-0.19399813936276414,-0.36057732090623085,0.1665791815434667
CV-G,gfold_2,G+E+GxE expanded-grid,W431,ME1,-1.0437698898724235,-0.46295893212516237,-0.5808109577472611
CV-G,gfold_2,G+E+GxE expanded-grid,W431,ME2,0.4575760882917803,0.6039470452652634,-0.14637095697348312
CV-G,gfold_2,G+E+GxE expanded-grid,W431,ME3,0.0238252881572805,0.38895824668011536,-0.36513295852283484
CV-G,gfold_2,G+E+GxE expanded-grid,W431,ME4,-0.40857030497993724,-0.666620111348466,0.25804980636852876
CV-G,gfold_2,G+E+GxE expanded-grid,W432,ME1,-0.380581114413579,-0.25847659956213104,-0.12210451485144797
CV-G,gfold_2,G+E+GxE expanded-grid,W432,ME2,1.3095048487453835,0.7557386072851662,0.5537662414602174
CV-G,gfold_2,G+E+GxE expanded-grid,W432,ME3,0.6673240682783796,0.5593463747584195,0.10797769351996012
CV-G,gfold_2,G+E+GxE expanded-grid,W432,ME4,-0.14617645748907251,-0.5376810057725253,0.3915045482834528
CV-G,gfold_2,G+E+GxE expanded-grid,W433,ME1,-0.8926564734189554,0.0877445585361509,-0.9804010319551063
CV-G,gfold_2,G+E+GxE expanded-grid,W433,ME2,0.43648260203781,0.5338868531026454,-0.09740425106483541
CV-G,gfold_2,G+E+GxE expanded-grid,W433,ME3,-0.24169978438832343,0.279813309152855,-0.5215130935411785
CV-G,gfold_2,G+E+GxE expanded-grid,W433,ME4,0.502779262939989,-0.6998835104753116,1.2026627734153006
CV-G,gfold_2,G+E+GxE expanded-grid,W436,ME1,-0.10514016276320107,0.3276344069635954,-0.4327745697267965
CV-G,gfold_2,G+E+GxE expanded-grid,W436,ME2,1.712521439846205,0.11987860977167313,1.592642830074532
CV-G,gfold_2,G+E+GxE expanded-grid,W436,ME3,0.3901765724021114,0.3719834696675317,0.01819310273457969
CV-G,gfold_2,G+E+GxE expanded-grid,W436,ME4,0.6863487557056707,0.10629682611086741,0.5800519295948032
CV-G,gfold_2,G+E+GxE expanded-grid,W443,ME1,-0.16270252479462838,-0.48340687206563004,0.32070434727100167
CV-G,gfold_2,G+E+GxE expanded-grid,W443,ME2,0.8099252773676141,0.3875359382480787,0.4223893391195354
CV-G,gfold_2,G+E+GxE expanded-grid,W443,ME3,1.6516233836797303,0.3216092203065539,1.3300141633731764
CV-G,gfold_2,G+E+GxE expanded-grid,W443,ME4,-0.8104879803556154,-0.2980844823746979,-0.5124034979809176
CV-G,gfold_2,G+E+GxE expanded-grid,W446,ME1,-0.008673527468599925,-0.23550743976635646,0.22683391229775654
CV-G,gfold_2,G+E+GxE expanded-grid,W446,ME2,1.907792822494339,0.7970203535223611,1.110772468971978
CV-G,gfold_2,G+E+GxE expanded-grid,W446,ME3,0.7195574010376993,0.8991205855491758,-0.17956318451147657
CV-G,gfold_2,G+E+GxE expanded-grid,W446,ME4,0.17579979146771263,0.2298301655835053,-0.05403037411579267
CV-G,gfold_2,G+E+GxE expanded-grid,W449,ME1,0.12509299720120523,-0.5241866391497707,0.649279636350976
CV-G,gfold_2,G+E+GxE expanded-grid,W449,ME2,-1.4031757073595486,-0.7848315733311974,-0.6183441340283512
CV-G,gfold_2,G+E+GxE expanded-grid,W449,ME3,-0.9981708843114786,-0.3678543112014435,-0.6303165731100351
CV-G,gfold_2,G+E+GxE expanded-grid,W449,ME4,-2.3110613998993825,-0.5802432477364792,-1.7308181521629034
CV-G,gfold_2,G+E+GxE expanded-grid,W454,ME1,-1.2862436030531907,-0.40286145837641435,-0.8833821446767764
CV-G,gfold_2,G+E+GxE expanded-grid,W454,ME2,0.7295257426030093,0.8121465496121663,-0.08262080700915697
CV-G,gfold_2,G+E+GxE expanded-grid,W454,ME3,1.4784695477214393,0.6879248863393326,0.7905446613821068
CV-G,gfold_2,G+E+GxE expanded-grid,W454,ME4,1.1902818235041195,0.4835524123184818,0.7067294111856377
CV-G,gfold_2,G+E+GxE expanded-grid,W456,ME1,0.3544140201328539,0.25224176208423543,0.10217225804861846
CV-G,gfold_2,G+E+GxE expanded-grid,W456,ME2,1.2343707746958408,0.6488162685093927,0.5855545061864481
CV-G,gfold_2,G+E+GxE expanded-grid,W456,ME3,1.1406084043881837,0.5217629982432511,0.6188454061449326
CV-G,gfold_2,G+E+GxE expanded-grid,W456,ME4,0.389742620919416,-0.09224999759096494,0.481992618510381
CV-G,gfold_2,G+E+GxE expanded-grid,W464,ME1,-0.8488657517660154,-0.1726192847357596,-0.6762464670302558
CV-G,gfold_2,G+E+GxE expanded-grid,W464,ME2,0.6863768109259724,0.7899294834674006,-0.10355267254142819
CV-G,gfold_2,G+E+GxE expanded-grid,W464,ME3,1.7880601598862824,0.8307529781369809,0.9573071817493015
CV-G,gfold_2,G+E+GxE expanded-grid,W464,ME4,0.4570422571144192,0.4538726490368195,0.003169608077599695
CV-G,gfold_2,G+E+GxE expanded-grid,W466,ME1,-0.17420196667187293,0.08488268536742113,-0.2590846520392941
CV-G,gfold_2,G+E+GxE expanded-grid,W466,ME2,1.461146320131931,-0.16132142443752362,1.6224677445694546
CV-G,gfold_2,G+E+GxE expanded-grid,W466,ME3,0.38304770227777957,-0.1552602026946136,0.5383079049723931
CV-G,gfold_2,G+E+GxE expanded-grid,W466,ME4,0.1882999810543706,-0.8689749496534638,1.0572749307078344
CV-G,gfold_2,G+E+GxE expanded-grid,W468,ME1,0.04701569601341622,0.09489577824364658,-0.04788008223023035
CV-G,gfold_2,G+E+GxE expanded-grid,W468,ME2,1.0038992808732146,0.33725520515792856,0.666644075715286
CV-G,gfold_2,G+E+GxE expanded-grid,W468,ME3,1.4324106273565322,0.2947963275657415,1.1376142997907908
CV-G,gfold_2,G+E+GxE expanded-grid,W468,ME4,0.06763263802746716,1.0472594686973165,-0.9796268306698492
CV-G,gfold_2,G+E+GxE expanded-grid,W474,ME1,-0.26507361856019424,-0.26646692834891383,0.0013933097887195989
CV-G,gfold_2,G+E+GxE expanded-grid,W474,ME2,1.0483076196203214,0.7180975939140993,0.33021002570622204
CV-G,gfold_2,G+E+GxE expanded-grid,W474,ME3,0.9011746586364905,0.5551250656379748,0.3460495929985157
CV-G,gfold_2,G+E+GxE expanded-grid,W474,ME4,0.7805525129745386,0.34993662238636175,0.4306158905881769
CV-G,gfold_2,G+E+GxE expanded-grid,W475,ME1,0.18180837484507215,0.2928272400737858,-0.11101886522871365
CV-G,gfold_2,G+E+GxE expanded-grid,W475,ME2,1.3919548754230655,0.781285117201624,0.6106697582214415
CV-G,gfold_2,G+E+GxE expanded-grid,W475,ME3,0.16777947480299704,0.46714599004744173,-0.2993665152444447
CV-G,gfold_2,G+E+GxE expanded-grid,W475,ME4,0.570118232645334,0.8714216066593418,-0.30130337401400775
CV-G,gfold_2,G+E+GxE expanded-grid,W484,ME1,-0.4499931137901852,-0.23693473625554706,-0.21305837753463813
CV-G,gfold_2,G+E+GxE expanded-grid,W484,ME2,0.9858055883439324,0.287715513006966,0.6980900753369663
CV-G,gfold_2,G+E+GxE expanded-grid,W484,ME3,0.4674707554681761,0.5442397777593178,-0.07676902229114163
CV-G,gfold_2,G+E+GxE expanded-grid,W484,ME4,0.3790675062126212,0.805575624166171,-0.4265081179535498
CV-G,gfold_2,G+E+GxE expanded-grid,W500,ME1,1.0885377380497812,-0.42502860473663057,1.5135663427864117
CV-G,gfold_2,G+E+GxE expanded-grid,W500,ME2,-0.3922642081762817,-0.15435676400002518,-0.23790744417625653
CV-G,gfold_2,G+E+GxE expanded-grid,W500,ME3,-0.24884554756982202,0.11170648003585039,-0.3605520276056724
CV-G,gfold_2,G+E+GxE expanded-grid,W500,ME4,1.2997548494877165,-0.7834814586094757,2.083236308097192
CV-G,gfold_2,G+E+GxE expanded-grid,W503,ME1,-1.008359427207929,0.820449488685107,-1.828808915893036
CV-G,gfold_2,G+E+GxE expanded-grid,W503,ME2,-2.051270382824297,-0.7680274476311632,-1.2832429351931336
CV-G,gfold_2,G+E+GxE expanded-grid,W503,ME3,-1.3912385384653865,-0.9047705867621345,-0.48646795170325197
CV-G,gfold_2,G+E+GxE expanded-grid,W503,ME4,-0.46435308934683,-0.6518003668813697,0.18744727753453966
CV-G,gfold_2,G+E+GxE expanded-grid,W506,ME1,0.44054581708310364,-0.29386583212287226,0.7344116492059759
CV-G,gfold_2,G+E+GxE expanded-grid,W506,ME2,0.1312567548902864,-0.23908628297033002,0.3703430378606164
CV-G,gfold_2,G+E+GxE expanded-grid,W506,ME3,-1.924079347616261,-0.44232431793518734,-1.4817550296810738
CV-G,gfold_2,G+E+GxE expanded-grid,W506,ME4,-0.7475543638085629,0.24583751497963682,-0.9933918787881997
CV-G,gfold_2,G+E+GxE expanded-grid,W508,ME1,-1.7867462234554732,0.04842784148306167,-1.8351740649385349
CV-G,gfold_2,G+E+GxE expanded-grid,W508,ME2,0.19312591829226916,0.5152989489995784,-0.32217303070730924
CV-G,gfold_2,G+E+GxE expanded-grid,W508,ME3,0.5028025845322519,0.4811817475483456,0.021620836983906322
CV-G,gfold_2,G+E+GxE expanded-grid,W508,ME4,1.2122377889769722,0.5022982477501091,0.7099395412268631
CV-G,gfold_2,G+E+GxE expanded-grid,W512,ME1,0.7003338457249367,0.13769887223527208,0.5626349734896646
CV-G,gfold_2,G+E+GxE expanded-grid,W512,ME2,0.8502199749310789,0.3086608668880064,0.5415591080430725
CV-G,gfold_2,G+E+GxE expanded-grid,W512,ME3,1.727760392329879,0.4619997798886386,1.2657606124412404
CV-G,gfold_2,G+E+GxE expanded-grid,W512,ME4,0.5619683293024913,-0.0295923844885909,0.5915607137910822
CV-G,gfold_2,G+E+GxE expanded-grid,W513,ME1,0.011328334606835667,0.26993800408332813,-0.25860966947649244
CV-G,gfold_2,G+E+GxE expanded-grid,W513,ME2,1.3825124867369198,0.3893641026717192,0.9931483840652007
CV-G,gfold_2,G+E+GxE expanded-grid,W513,ME3,1.2704568882997376,0.5367451808309908,0.7337117074687468
CV-G,gfold_2,G+E+GxE expanded-grid,W513,ME4,-0.15853504643850008,0.01810393935911174,-0.17663898579761184
CV-G,gfold_2,G+E+GxE expanded-grid,W527,ME1,-2.157301893012618,-0.9194747362962307,-1.2378271567163872
CV-G,gfold_2,G+E+GxE expanded-grid,W527,ME2,0.6181663114224368,0.12106513999821153,0.4971011714242253
CV-G,gfold_2,G+E+GxE expanded-grid,W527,ME3,0.1582771301467489,0.4518238307254419,-0.29354670057869303
CV-G,gfold_2,G+E+GxE expanded-grid,W527,ME4,0.8112326510412262,0.9643246070308148,-0.15309195598958858
CV-G,gfold_2,G+E+GxE expanded-grid,W528,ME1,-1.8478349724081802,-1.1207420548227374,-0.7270929175854428
CV-G,gfold_2,G+E+GxE expanded-grid,W528,ME2,0.7566061589488636,0.1882542670879693,0.5683518918608943
CV-G,gfold_2,G+E+GxE expanded-grid,W528,ME3,-0.05504839575386742,0.37411819282983144,-0.4291665885836989
CV-G,gfold_2,G+E+GxE expanded-grid,W528,ME4,0.7628524333206811,0.7090965088026904,0.053755924517990716
CV-G,gfold_2,G+E+GxE expanded-grid,W530,ME1,-2.0769768255655374,-1.0198805481570448,-1.0570962774084927
CV-G,gfold_2,G+E+GxE expanded-grid,W530,ME2,0.41949009960999495,-0.6522345904457129,1.0717246900557078
CV-G,gfold_2,G+E+GxE expanded-grid,W530,ME3,-0.44079290962602663,-0.017962427184138333,-0.4228304824418883
CV-G,gfold_2,G+E+GxE expanded-grid,W530,ME4,0.4346142895174631,0.07483587161444039,0.35977841790302273
CV-G,gfold_2,G+E+GxE expanded-grid,W534,ME1,0.04028054131619112,-1.93623711874986,1.976517660066051
CV-G,gfold_2,G+E+GxE expanded-grid,W534,ME2,1.8999199461367207,0.6241293734394152,1.2757905726973053
CV-G,gfold_2,G+E+GxE expanded-grid,W534,ME3,0.9748706205260559,0.3098636716677302,0.6650069488583257
CV-G,gfold_2,G+E+GxE expanded-grid,W534,ME4,0.4959430988425651,0.27625055539477045,0.21969254344779465
CV-G,gfold_2,G+E+GxE expanded-grid,W536,ME1,0.29428627269680174,-0.0019412938726494008,0.29622756656945115
CV-G,gfold_2,G+E+GxE expanded-grid,W536,ME2,1.975984335961642,-0.0076826101344636836,1.9836669460961056
CV-G,gfold_2,G+E+GxE expanded-grid,W536,ME3,1.1094407139156917,-0.044597451294123076,1.1540381652098148
CV-G,gfold_2,G+E+GxE expanded-grid,W536,ME4,0.49440122523716273,-0.031220451954708045,0.5256216771918708
CV-G,gfold_2,G+E+GxE expanded-grid,W538,ME1,-0.6929961922131744,-0.27473393090875464,-0.4182622613044198
CV-G,gfold_2,G+E+GxE expanded-grid,W538,ME2,0.6743713073484808,0.13136936841787986,0.543001938930601
CV-G,gfold_2,G+E+GxE expanded-grid,W538,ME3,1.8891820000859245,0.1518523744192149,1.7373296256667097
CV-G,gfold_2,G+E+GxE expanded-grid,W538,ME4,2.2981730759004892,-0.14665584368272466,2.444828919583214
CV-G,gfold_2,G+E+GxE expanded-grid,W539,ME1,-0.6286335228393262,-0.02537402927809583,-0.6032594935612303
CV-G,gfold_2,G+E+GxE expanded-grid,W539,ME2,1.0885959885050411,-0.2561102029313957,1.3447061914364369
CV-G,gfold_2,G+E+GxE expanded-grid,W539,ME3,1.9842054466484027,-0.17330268525010584,2.1575081318985085
CV-G,gfold_2,G+E+GxE expanded-grid,W539,ME4,2.5590801167004287,0.40781955275768655,2.151260563942742
CV-G,gfold_2,G+E+GxE expanded-grid,W548,ME1,-1.2218972218406412,-0.2815813668047219,-0.9403158550359193
CV-G,gfold_2,G+E+GxE expanded-grid,W548,ME2,0.3781258553387854,-0.48034118940452036,0.8584670447433058
CV-G,gfold_2,G+E+GxE expanded-grid,W548,ME3,0.8777102022319961,-0.3747561539399074,1.2524663561719036
CV-G,gfold_2,G+E+GxE expanded-grid,W548,ME4,1.5442755498792187,-0.2634590628129094,1.807734612692128
CV-G,gfold_2,G+E+GxE expanded-grid,W550,ME1,-1.4484003928675266,-0.6861556129539659,-0.7622447799135608
CV-G,gfold_2,G+E+GxE expanded-grid,W550,ME2,0.8365057280926893,0.18901059975799492,0.6474951283346944
CV-G,gfold_2,G+E+GxE expanded-grid,W550,ME3,1.0729179243213662,-0.029737562283745037,1.1026554866051113
CV-G,gfold_2,G+E+GxE expanded-grid,W550,ME4,1.4409621516151645,0.14274788557003262,1.298214266045132
CV-G,gfold_2,G+E+GxE expanded-grid,W555,ME1,-2.3112983140160472,-1.191151024110021,-1.1201472899060263
CV-G,gfold_2,G+E+GxE expanded-grid,W555,ME2,0.12136503001331247,0.5017402906589631,-0.38037526064565064
CV-G,gfold_2,G+E+GxE expanded-grid,W555,ME3,0.5844551763473157,0.28080299146785664,0.30365218487945905
CV-G,gfold_2,G+E+GxE expanded-grid,W555,ME4,1.4273920905472062,0.7927599734268954,0.6346321171203108
CV-G,gfold_2,G+E+GxE expanded-grid,W556,ME1,-1.5694458635626432,-0.4903288578077888,-1.0791170057548545
CV-G,gfold_2,G+E+GxE expanded-grid,W556,ME2,0.30082737315877106,0.7192186851807643,-0.4183913120219932
CV-G,gfold_2,G+E+GxE expanded-grid,W556,ME3,0.9035396866398238,0.9702619899080646,-0.0667223032682408
CV-G,gfold_2,G+E+GxE expanded-grid,W556,ME4,1.7595635853846139,0.8223751378655191,0.9371884475190948
CV-G,gfold_2,G+E+GxE expanded-grid,W557,ME1,-2.050321249599372,-1.2988410613539478,-0.7514801882454243
CV-G,gfold_2,G+E+GxE expanded-grid,W557,ME2,0.2700889804988472,0.3915897529931696,-0.1215007724943224
CV-G,gfold_2,G+E+GxE expanded-grid,W557,ME3,0.6539025343594655,0.3805599598810279,0.2733425744784376
CV-G,gfold_2,G+E+GxE expanded-grid,W557,ME4,0.050129225925318634,0.6339912634463397,-0.5838620375210211
CV-G,gfold_2,G+E+GxE expanded-grid,W566,ME1,-1.5091145141103515,-1.0724020331373407,-0.43671248097301074
CV-G,gfold_2,G+E+GxE expanded-grid,W566,ME2,-0.039225193117343994,-0.3399464757947028,0.30072128267735876
CV-G,gfold_2,G+E+GxE expanded-grid,W566,ME3,0.9078474162173232,-0.07225254120157455,0.9800999574188978
CV-G,gfold_2,G+E+GxE expanded-grid,W566,ME4,1.3676051548275066,1.2470312859164878,0.12057386891101873
CV-G,gfold_2,G+E+GxE expanded-grid,W573,ME1,-1.7408461849142838,-0.06449636838236514,-1.6763498165319186
CV-G,gfold_2,G+E+GxE expanded-grid,W573,ME2,0.5521645208005797,0.6751753118036532,-0.12301079100307355
CV-G,gfold_2,G+E+GxE expanded-grid,W573,ME3,0.6844958608882918,0.29445990003515965,0.3900359608531322
CV-G,gfold_2,G+E+GxE expanded-grid,W573,ME4,1.9489544376808983,0.8877115065245376,1.0612429311563607
CV-G,gfold_2,G+E+GxE expanded-grid,W576,ME1,-1.7027155993128222,-1.3069285330523313,-0.395787066260491
CV-G,gfold_2,G+E+GxE expanded-grid,W576,ME2,0.4243505248854375,-0.6766461817781483,1.1009967066635857
CV-G,gfold_2,G+E+GxE expanded-grid,W576,ME3,0.08415884182801656,0.014248200877445069,0.06991064095057149
CV-G,gfold_2,G+E+GxE expanded-grid,W576,ME4,0.3435572130759473,-0.013032074808023389,0.35658928788397065
CV-G,gfold_2,G+E+GxE expanded-grid,W583,ME1,-2.1487913287337777,0.3571607896239761,-2.5059521183577536
CV-G,gfold_2,G+E+GxE expanded-grid,W583,ME2,0.13085804812941076,0.5806880897151079,-0.4498300415856971
CV-G,gfold_2,G+E+GxE expanded-grid,W583,ME3,-0.10947782594485483,0.6272206001588132,-0.736698426103668
CV-G,gfold_2,G+E+GxE expanded-grid,W583,ME4,1.787883712830787,0.21742456875711086,1.5704591440736761
CV-G,gfold_2,G+E+GxE expanded-grid,W584,ME1,-1.462473364230048,-0.5515528305779989,-0.9109205336520492
CV-G,gfold_2,G+E+GxE expanded-grid,W584,ME2,0.6090150419585175,0.7293324553288382,-0.12031741337032065
CV-G,gfold_2,G+E+GxE expanded-grid,W584,ME3,0.9256442519424007,0.8895153060947965,0.03612894584760429
CV-G,gfold_2,G+E+GxE expanded-grid,W584,ME4,1.3320083279680808,1.4249628627938764,-0.09295453482579563
CV-G,gfold_2,G+E+GxE expanded-grid,W590,ME1,-0.8955720542915144,-0.04311727332558711,-0.8524547809659273
CV-G,gfold_2,G+E+GxE expanded-grid,W590,ME2,0.1349273885618447,0.6516494882582097,-0.516722099696365
CV-G,gfold_2,G+E+GxE expanded-grid,W590,ME3,1.0812462015045308,0.27055244306188087,0.8106937584426499
CV-G,gfold_2,G+E+GxE expanded-grid,W590,ME4,2.792201965794846,0.8438856357507011,1.9483163300441446
CV-G,gfold_2,G+E+GxE expanded-grid,W591,ME1,-1.107521753197551,-0.2017497372427545,-0.9057720159547965
CV-G,gfold_2,G+E+GxE expanded-grid,W591,ME2,0.9965326988151226,0.640776735913927,0.3557559629011956
CV-G,gfold_2,G+E+GxE expanded-grid,W591,ME3,1.961915057716992,0.5317956984044216,1.4301193593125703
CV-G,gfold_2,G+E+GxE expanded-grid,W591,ME4,1.935250642677778,0.32973304041673207,1.605517602261046
CV-G,gfold_3,G+E,W001,ME1,1.6716294803197338,-0.26057987702779756,1.9322093573475314
CV-G,gfold_3,G+E,W001,ME2,-1.7274698635629413,-0.2642264396888105,-1.4632434238741308
CV-G,gfold_3,G+E,W001,ME3,-1.8902847867543517,-0.25662517153501346,-1.6336596152193383
CV-G,gfold_3,G+E,W001,ME4,0.050915896132156344,-0.2139300158713638,0.26484591200352015
CV-G,gfold_3,G+E,W005,ME1,0.998317612613427,-0.10445764355509686,1.1027752561685238
CV-G,gfold_3,G+E,W005,ME2,-0.28248061800298024,-0.10810420621610979,-0.17437641178687047
CV-G,gfold_3,G+E,W005,ME3,1.6186819222047384,-0.10050293806231277,1.7191848602670512
CV-G,gfold_3,G+E,W005,ME4,-0.11428484730385398,-0.05780778239866306,-0.056477064905190916
CV-G,gfold_3,G+E,W013,ME1,1.1741808901610542,-0.3679445703383905,1.5421254604994448
CV-G,gfold_3,G+E,W013,ME2,-0.2076376631756647,-0.37159113299940344,0.16395346982373873
CV-G,gfold_3,G+E,W013,ME3,0.7516035304828591,-0.3639898648456064,1.1155933953284656
CV-G,gfold_3,G+E,W013,ME4,-0.1916381287422496,-0.32129470918195674,0.12965658043970713
CV-G,gfold_3,G+E,W014,ME1,0.31602282395060466,0.08159515936041262,0.23442766459019204
CV-G,gfold_3,G+E,W014,ME2,-0.6536512976636655,0.07794859669939969,-0.7315998943630652
CV-G,gfold_3,G+E,W014,ME3,-0.43037833988277874,0.08554986485319671,-0.5159282047359754
CV-G,gfold_3,G+E,W014,ME4,0.006807297634742042,0.12824502051684641,-0.12143772288210437
CV-G,gfold_3,G+E,W015,ME1,0.7976148890844981,-0.31394279153113697,1.111557680615635
CV-G,gfold_3,G+E,W015,ME2,-0.6338235471585086,-0.3175893541921499,-0.31623419296635874
CV-G,gfold_3,G+E,W015,ME3,-0.697905239702633,-0.3099880860383529,-0.3879171536642801
CV-G,gfold_3,G+E,W015,ME4,-0.23608499542860478,-0.2672929303747032,0.031207934946098415
CV-G,gfold_3,G+E,W018,ME1,1.8136703909295409,-0.10970996706216657,1.9233803579917075
CV-G,gfold_3,G+E,W018,ME2,-0.35961455453564845,-0.1133565297231795,-0.24625802481246895
CV-G,gfold_3,G+E,W018,ME3,-0.5233577265280902,-0.10575526156938247,-0.41760246495870773
CV-G,gfold_3,G+E,W018,ME4,-0.5764535938212662,-0.06306010590573277,-0.5133934879155334
CV-G,gfold_3,G+E,W021,ME1,0.6658680964157973,0.33217284178211426,0.333695254633683
CV-G,gfold_3,G+E,W021,ME2,-0.4888968039194143,0.32852627912110133,-0.8174230830405156
CV-G,gfold_3,G+E,W021,ME3,-0.718396518045794,0.33612754727489835,-1.0545240653206922
CV-G,gfold_3,G+E,W021,ME4,0.26606233100032195,0.37882270293854803,-0.11276037193822608
CV-G,gfold_3,G+E,W030,ME1,-0.5190467736182077,-0.012980870398427997,-0.5060659032197797
CV-G,gfold_3,G+E,W030,ME2,0.41790792992397896,-0.016627433059440932,0.4345353629834199
CV-G,gfold_3,G+E,W030,ME3,0.5699440402411526,-0.009026164905643905,0.5789702051467965
CV-G,gfold_3,G+E,W030,ME4,-1.1923848989672625,0.03366899075800579,-1.2260538897252684
CV-G,gfold_3,G+E,W035,ME1,0.26570869369733,-0.3393118879404742,0.6050205816378043
CV-G,gfold_3,G+E,W035,ME2,-0.3621966554632271,-0.3429584506014871,-0.019238204861739994
CV-G,gfold_3,G+E,W035,ME3,-0.07067447363303,-0.3353571824476901,0.26468270881466005
CV-G,gfold_3,G+E,W035,ME4,0.011094650262009738,-0.2926620267840404,0.30375667704605014
CV-G,gfold_3,G+E,W040,ME1,0.12124899113458985,-0.0728623314393247,0.19411132257391456
CV-G,gfold_3,G+E,W040,ME2,-0.3822269236881942,-0.07650889410033765,-0.30571802958785654
CV-G,gfold_3,G+E,W040,ME3,-0.6295052512348155,-0.06890762594654061,-0.5605976252882748
CV-G,gfold_3,G+E,W040,ME4,-0.2185186497099088,-0.026212470282890914,-0.1923061794270179
CV-G,gfold_3,G+E,W041,ME1,0.7482861925898263,0.3589429869533889,0.38934320563643743
CV-G,gfold_3,G+E,W041,ME2,1.4223008900008585,0.35529642429237596,1.0670044657084825
CV-G,gfold_3,G+E,W041,ME3,1.167983603526761,0.362897692446173,0.805085911080588
CV-G,gfold_3,G+E,W041,ME4,-0.9540552931035775,0.40559284810982266,-1.3596481412134
CV-G,gfold_3,G+E,W047,ME1,0.004511739103114679,-0.07514034503345629,0.07965208413657097
CV-G,gfold_3,G+E,W047,ME2,-0.7633779297282691,-0.07878690769446922,-0.6845910220337998
CV-G,gfold_3,G+E,W047,ME3,-0.7506031315340369,-0.0711856395406722,-0.6794174919933647
CV-G,gfold_3,G+E,W047,ME4,-0.39312796881970424,-0.028490483877022493,-0.3646374849426818
CV-G,gfold_3,G+E,W052,ME1,0.139231121208924,-0.039337271648399535,0.17856839285732354
CV-G,gfold_3,G+E,W052,ME2,-0.48340351076956456,-0.04298383430941247,-0.44041967646015207
CV-G,gfold_3,G+E,W052,ME3,-0.5166005036614257,-0.03538256615561545,-0.48121793750581027
CV-G,gfold_3,G+E,W052,ME4,-0.31881910108177297,0.007312589508034255,-0.32613169058980723
CV-G,gfold_3,G+E,W056,ME1,-1.092259746060187,-0.29905782269783887,-0.7932019233623482
CV-G,gfold_3,G+E,W056,ME2,-0.28348687792328675,-0.3027043853588518,0.01921750743556505
CV-G,gfold_3,G+E,W056,ME3,1.5632389085837513,-0.2951031172050548,1.8583420257888061
CV-G,gfold_3,G+E,W056,ME4,-1.3650904761765097,-0.2524079615414051,-1.1126825146351047
CV-G,gfold_3,G+E,W057,ME1,0.44940657682987684,-0.3055661942987112,0.7549727711285881
CV-G,gfold_3,G+E,W057,ME2,-0.13420600370827623,-0.3092127569597241,0.17500675325144788
CV-G,gfold_3,G+E,W057,ME3,0.22090813959215116,-0.3016114888059271,0.5225196283980782
CV-G,gfold_3,G+E,W057,ME4,-0.5565665709923975,-0.2589163331422774,-0.29765023785012007
CV-G,gfold_3,G+E,W071,ME1,0.5258713500490438,0.19803600630353696,0.3278353437455069
CV-G,gfold_3,G+E,W071,ME2,1.2510341858289644,0.19438944364252403,1.0566447421864404
CV-G,gfold_3,G+E,W071,ME3,1.4130089512006208,0.20199071179632105,1.2110182394042996
CV-G,gfold_3,G+E,W071,ME4,-2.090140805713025,0.24468586745997073,-2.3348266731729956
CV-G,gfold_3,G+E,W077,ME1,-0.15064114135255904,0.25134903244435713,-0.40199017379691615
CV-G,gfold_3,G+E,W077,ME2,0.32447764562534365,0.2477024697833442,0.07677517584199944
CV-G,gfold_3,G+E,W077,ME3,1.2641726710337384,0.25530373793714123,1.0088689330965972
CV-G,gfold_3,G+E,W077,ME4,-0.07680787865008504,0.2979988936007909,-0.37480677225087594
CV-G,gfold_3,G+E,W085,ME1,-0.07534097166628811,-0.41765930232236226,0.34231833065607414
CV-G,gfold_3,G+E,W085,ME2,-1.1528891203892548,-0.4213058649833752,-0.7315832554058797
CV-G,gfold_3,G+E,W085,ME3,0.22778361385898288,-0.41370459682957816,0.6414882106885611
CV-G,gfold_3,G+E,W085,ME4,0.08238270440568299,-0.3710094411659285,0.45339214557161145
CV-G,gfold_3,G+E,W086,ME1,0.9299969200438688,0.3483671034589264,0.5816298165849424
CV-G,gfold_3,G+E,W086,ME2,-0.08236779611563717,0.3447205407979135,-0.42708833691355064
CV-G,gfold_3,G+E,W086,ME3,1.1544860508505967,0.3523218089517105,0.8021642418988862
CV-G,gfold_3,G+E,W086,ME4,0.6251851471240046,0.3950169646153602,0.23016818250864446
CV-G,gfold_3,G+E,W096,ME1,-0.01652442121482098,-0.3849663395509272,0.3684419183361062
CV-G,gfold_3,G+E,W096,ME2,-0.596522314640988,-0.3886129022119401,-0.20790941242904792
CV-G,gfold_3,G+E,W096,ME3,-0.39243653348645485,-0.3810116340581431,-0.011424899428311763
CV-G,gfold_3,G+E,W096,ME4,-0.9079485522807936,-0.3383164783944934,-0.5696320738863002
CV-G,gfold_3,G+E,W098,ME1,0.47585040669915263,0.04448448185869032,0.4313659248404623
CV-G,gfold_3,G+E,W098,ME2,0.35041257111852275,0.04083791919767739,0.3095746519208454
CV-G,gfold_3,G+E,W098,ME3,-0.8464374448405143,0.048439187351474414,-0.8948766321919888
CV-G,gfold_3,G+E,W098,ME4,0.024688311436172554,0.09113434301512412,-0.06644603157895157
CV-G,gfold_3,G+E,W102,ME1,1.255768290108823,-0.016412619298422988,1.272180909407246
CV-G,gfold_3,G+E,W102,ME2,-0.07896296695132968,-0.020059181959435922,-0.058903784991893755
CV-G,gfold_3,G+E,W102,ME3,0.5583976356677377,-0.012457913805638895,0.5708555494733766
CV-G,gfold_3,G+E,W102,ME4,-0.8065546293214246,0.030237241858010806,-0.8367918711794354
CV-G,gfold_3,G+E,W109,ME1,-0.7609666893148012,0.004316948370259397,-0.7652836376850606
CV-G,gfold_3,G+E,W109,ME2,0.017422810320783577,0.0006703857092464627,0.016752424611537114
CV-G,gfold_3,G+E,W109,ME3,0.48547875440783805,0.00827165386304349,0.47720710054479454
CV-G,gfold_3,G+E,W109,ME4,-1.494891060304804,0.05096680952669319,-1.5458578698314973
CV-G,gfold_3,G+E,W110,ME1,0.268111197488963,-0.027126909097518574,0.2952381065864816
CV-G,gfold_3,G+E,W110,ME2,-0.5164645285285623,-0.03077347175853151,-0.48569105677003077
CV-G,gfold_3,G+E,W110,ME3,-0.05165289126336848,-0.02317220360473448,-0.028480687658634
CV-G,gfold_3,G+E,W110,ME4,-1.3647600746896376,0.01952295205891522,-1.3842830267485529
CV-G,gfold_3,G+E,W111,ME1,0.1083487673856123,0.27220030473357865,-0.16385153734796634
CV-G,gfold_3,G+E,W111,ME2,0.9387771765967842,0.2685537420725657,0.6702234345242184
CV-G,gfold_3,G+E,W111,ME3,1.2584797107685726,0.27615501022636274,0.9823247005422098
CV-G,gfold_3,G+E,W111,ME4,-1.3664042154219294,0.3188501658900124,-1.6852543813119418
CV-G,gfold_3,G+E,W116,ME1,-0.07556900592447717,0.026238097862761076,-0.10180710378723824
CV-G,gfold_3,G+E,W116,ME2,1.1867348097892616,0.022591535201748142,1.1641432745875135
CV-G,gfold_3,G+E,W116,ME3,0.9659173002277245,0.030192803355545167,0.9357244968721793
CV-G,gfold_3,G+E,W116,ME4,-0.3306191541843449,0.07288795901919487,-0.40350711320353977
CV-G,gfold_3,G+E,W120,ME1,1.3191048053208203,-0.19370695062695636,1.5128117559477767
CV-G,gfold_3,G+E,W120,ME2,0.3107697274656989,-0.1973535132879693,0.5081232407536682
CV-G,gfold_3,G+E,W120,ME3,-0.314728470519806,-0.18975224513417227,-0.12497622538563374
CV-G,gfold_3,G+E,W120,ME4,-0.5501001418921881,-0.1470570894705226,-0.40304305242166555
CV-G,gfold_3,G+E,W121,ME1,1.8092807314594008,0.16688704662579418,1.6423936848336067
CV-G,gfold_3,G+E,W121,ME2,-0.030124553083377532,0.16324048396478125,-0.19336503704815877
CV-G,gfold_3,G+E,W121,ME3,-0.545335593901919,0.17084175211857827,-0.7161773460204972
CV-G,gfold_3,G+E,W121,ME4,0.6148011003937416,0.21353690778222795,0.40126419261151364
CV-G,gfold_3,G+E,W122,ME1,0.10748549483675186,0.319372426728113,-0.21188693189136115
CV-G,gfold_3,G+E,W122,ME2,0.8530172509359556,0.31572586406710007,0.5372913868688556
CV-G,gfold_3,G+E,W122,ME3,0.6971656537632893,0.3233271322208971,0.3738385215423922
CV-G,gfold_3,G+E,W122,ME4,-0.9691357609686646,0.36602228788454677,-1.3351580488532113
CV-G,gfold_3,G+E,W124,ME1,1.1001186207335232,-0.2635115626365691,1.3636301833700923
CV-G,gfold_3,G+E,W124,ME2,-0.6767762897944802,-0.26715812529758204,-0.4096181644968982
CV-G,gfold_3,G+E,W124,ME3,-0.019581422232458942,-0.259556857143785,0.23997543491132606
CV-G,gfold_3,G+E,W124,ME4,-0.7409935342835337,-0.21686170148013528,-0.5241318328033984
CV-G,gfold_3,G+E,W127,ME1,2.398537542781108,0.20532463389700054,2.1932129088841075
CV-G,gfold_3,G+E,W127,ME2,0.6391711961739891,0.20167807123598758,0.4374931249380015
CV-G,gfold_3,G+E,W127,ME3,0.18361671589674317,0.20927933938978463,-0.025662623493041464
CV-G,gfold_3,G+E,W127,ME4,0.050357360285301446,0.25197449505343433,-0.2016171347681329
CV-G,gfold_3,G+E,W134,ME1,1.617992565161419,0.19070131272856486,1.4272912524328543
CV-G,gfold_3,G+E,W134,ME2,0.28636001354983914,0.1870547500675519,0.09930526348228724
CV-G,gfold_3,G+E,W134,ME3,-0.47690181931976794,0.19465601822134895,-0.6715578375411169
CV-G,gfold_3,G+E,W134,ME4,-0.3801793772151487,0.23735117388499866,-0.6175305511001474
CV-G,gfold_3,G+E,W135,ME1,1.738524958775611,-0.016691550014701916,1.755216508790313
CV-G,gfold_3,G+E,W135,ME2,0.013321826494629393,-0.02033811267571485,0.033659939170344245
CV-G,gfold_3,G+E,W135,ME3,-0.5546098822864167,-0.012736844521917824,-0.5418730377644989
CV-G,gfold_3,G+E,W135,ME4,0.34041053224859497,0.029958311141731878,0.3104522211068631
CV-G,gfold_3,G+E,W138,ME1,0.6408820569828011,-0.3869863143292996,1.0278683713121006
CV-G,gfold_3,G+E,W138,ME2,-0.5049336758568758,-0.3906328769903125,-0.11430079886656325
CV-G,gfold_3,G+E,W138,ME3,0.6090852536963093,-0.3830316088365155,0.9921168625328247
CV-G,gfold_3,G+E,W138,ME4,-0.2742463671623236,-0.3403364531728658,0.06609008601054223
CV-G,gfold_3,G+E,W139,ME1,0.29973466265138987,-0.0562554411794533,0.3559901038308432
CV-G,gfold_3,G+E,W139,ME2,-0.4674425829770324,-0.05990200384046624,-0.40754057913656616
CV-G,gfold_3,G+E,W139,ME3,0.6211468965133073,-0.052300735686669216,0.6734476321999766
CV-G,gfold_3,G+E,W139,ME4,0.2685560755559988,-0.009605580023019512,0.27816165557901834
CV-G,gfold_3,G+E,W140,ME1,0.18610030534741487,-0.18782317231922724,0.37392347766664213
CV-G,gfold_3,G+E,W140,ME2,-1.6087375216455324,-0.19146973498024017,-1.4172677866652923
CV-G,gfold_3,G+E,W140,ME3,-1.259016580021917,-0.18386846682644314,-1.0751481131954739
CV-G,gfold_3,G+E,W140,ME4,0.13089665606139114,-0.14117331116279347,0.27206996722418464
CV-G,gfold_3,G+E,W142,ME1,1.6714747427873913,0.30620915409087573,1.3652655886965155
CV-G,gfold_3,G+E,W142,ME2,-0.13766146230253548,0.3025625914298628,-0.44022405373239826
CV-G,gfold_3,G+E,W142,ME3,-0.2556027704364871,0.31016385958365983,-0.5657666300201469
CV-G,gfold_3,G+E,W142,ME4,-0.015164401242247784,0.3528590152473095,-0.3680234164895573
CV-G,gfold_3,G+E,W145,ME1,-0.7810907125999806,-0.03174958806852646,-0.7493411245314542
CV-G,gfold_3,G+E,W145,ME2,-2.249516244482142,-0.03539615072953939,-2.2141200937526024
CV-G,gfold_3,G+E,W145,ME3,-1.1994770000380148,-0.027794882575742363,-1.1716821174622725
CV-G,gfold_3,G+E,W145,ME4,-1.030755638270297,0.014900273087907336,-1.0456559113582042
CV-G,gfold_3,G+E,W149,ME1,0.5843132727906273,0.1091652888399636,0.4751479839506637
CV-G,gfold_3,G+E,W149,ME2,-2.175945354082383,0.10551872617895067,-2.2814640802613337
CV-G,gfold_3,G+E,W149,ME3,-1.2089371120513464,0.11311999433274769,-1.322057106384094
CV-G,gfold_3,G+E,W149,ME4,-0.6308597053261925,0.1558151499963974,-0.78667485532259
CV-G,gfold_3,G+E,W151,ME1,-0.07536540390823601,-0.36392410016929877,0.2885586962610628
CV-G,gfold_3,G+E,W151,ME2,-2.0675667305902654,-0.3675706628303117,-1.6999960677599537
CV-G,gfold_3,G+E,W151,ME3,-1.2934023978846596,-0.3599693946765147,-0.9334330032081449
CV-G,gfold_3,G+E,W151,ME4,-0.8262213844923779,-0.317274239012865,-0.5089471454795129
CV-G,gfold_3,G+E,W166,ME1,-2.224246235952392,0.11743838328996818,-2.34168461924236
CV-G,gfold_3,G+E,W166,ME2,-2.5271870243780064,0.11379182062895525,-2.640978845006962
CV-G,gfold_3,G+E,W166,ME3,-2.2671688921425965,0.12139308878275228,-2.3885619809253487
CV-G,gfold_3,G+E,W166,ME4,-1.8428116926831115,0.16408824444640197,-2.0068999371295133
CV-G,gfold_3,G+E,W168,ME1,0.623722479054078,0.24641523551748246,0.3773072435365955
CV-G,gfold_3,G+E,W168,ME2,-0.39804862054835655,0.24276867285646953,-0.6408172934048261
CV-G,gfold_3,G+E,W168,ME3,-0.35333755267421413,0.25036994101026655,-0.6037074936844806
CV-G,gfold_3,G+E,W168,ME4,0.3942974414170083,0.2930650966739162,0.10123234474309206
CV-G,gfold_3,G+E,W173,ME1,-0.15331239980563044,-0.17881092141350668,0.025498521607876246
CV-G,gfold_3,G+E,W173,ME2,-0.25165362384063844,-0.18245748407451962,-0.06919613976611882
CV-G,gfold_3,G+E,W173,ME3,-0.24218968304615685,-0.1748562159207226,-0.06733346712543425
CV-G,gfold_3,G+E,W173,ME4,-0.1768801956619657,-0.13216106025707292,-0.04471913540489278
CV-G,gfold_3,G+E,W177,ME1,1.053053978659442,-0.23670804201276008,1.289762020672202
CV-G,gfold_3,G+E,W177,ME2,0.00270230356208855,-0.240354604673773,0.24305690823586157
CV-G,gfold_3,G+E,W177,ME3,-0.31923047025472223,-0.23275333651997598,-0.08647713373474625
CV-G,gfold_3,G+E,W177,ME4,-0.6361067956058029,-0.1900581808563263,-0.44604861474947655
CV-G,gfold_3,G+E,W186,ME1,-0.3243055171247901,0.13722617703752854,-0.46153169416231865
CV-G,gfold_3,G+E,W186,ME2,-0.7054325471476078,0.1335796143765156,-0.8390121615241235
CV-G,gfold_3,G+E,W186,ME3,-1.010435243814476,0.14118088253031263,-1.1516161263447886
CV-G,gfold_3,G+E,W186,ME4,-0.4604197383126394,0.1838760381939623,-0.6442957765066017
CV-G,gfold_3,G+E,W191,ME1,0.37423671243400053,0.34590786641204513,0.0283288460219554
CV-G,gfold_3,G+E,W191,ME2,-0.5956299709380749,0.3422613037510322,-0.937891274689107
CV-G,gfold_3,G+E,W191,ME3,-0.3839900049031236,0.3498625719048292,-0.7338525768079529
CV-G,gfold_3,G+E,W191,ME4,-1.0203479914338283,0.3925577275684789,-1.412905719002307
CV-G,gfold_3,G+E,W194,ME1,0.7324459557263389,0.009665132999917916,0.722780822726421
CV-G,gfold_3,G+E,W194,ME2,-0.6745739095915452,0.006018570338904981,-0.6805924799304501
CV-G,gfold_3,G+E,W194,ME3,-1.4886776922026967,0.013619838492702008,-1.5022975306953987
CV-G,gfold_3,G+E,W194,ME4,-0.8865353892506589,0.05631499415635171,-0.9428503834070106
CV-G,gfold_3,G+E,W198,ME1,1.4489621712788143,0.28499283698268185,1.1639693342961324
CV-G,gfold_3,G+E,W198,ME2,2.143377888742169,0.2813462743216689,1.8620316144204998
CV-G,gfold_3,G+E,W198,ME3,0.22186259732206748,0.28894754247546595,-0.06708494515339847
CV-G,gfold_3,G+E,W198,ME4,1.4464688430630315,0.3316426981391156,1.1148261449239159
CV-G,gfold_3,G+E,W201,ME1,0.2495345495272083,0.11951939097970281,0.1300151585475055
CV-G,gfold_3,G+E,W201,ME2,-0.15299585089940518,0.11587282831868988,-0.26886867921809504
CV-G,gfold_3,G+E,W201,ME3,0.5758988428924009,0.1234740964724869,0.452424746419914
CV-G,gfold_3,G+E,W201,ME4,0.0012848727827377002,0.1661692521361366,-0.1648843793533989
CV-G,gfold_3,G+E,W204,ME1,0.8061091652020398,0.3328211552124118,0.473288009989628
CV-G,gfold_3,G+E,W204,ME2,-0.32156020924758333,0.32917459255139886,-0.6507348017989822
CV-G,gfold_3,G+E,W204,ME3,0.5958073107633124,0.3367758607051959,0.2590314500581165
CV-G,gfold_3,G+E,W204,ME4,0.406097494519581,0.37947101636884556,0.026626478150735433
CV-G,gfold_3,G+E,W206,ME1,1.270818551149298,-0.14377681685475652,1.4145953680040546
CV-G,gfold_3,G+E,W206,ME2,-2.1234173205066416,-0.14742337951576945,-1.9759939409908722
CV-G,gfold_3,G+E,W206,ME3,-1.0829402451737922,-0.13982211136197242,-0.9431181338118197
CV-G,gfold_3,G+E,W206,ME4,-0.8419547886291413,-0.09712695569832273,-0.7448278329308186
CV-G,gfold_3,G+E,W212,ME1,0.8616355070710643,0.2801881939900983,0.581447313080966
CV-G,gfold_3,G+E,W212,ME2,0.5139076577927054,0.2765416313290854,0.23736602646362004
CV-G,gfold_3,G+E,W212,ME3,0.1652708558137473,0.2841428994828824,-0.11887204366913509
CV-G,gfold_3,G+E,W212,ME4,0.7225591853264305,0.3268380551465321,0.3957211301798984
CV-G,gfold_3,G+E,W213,ME1,1.0264146908545742,0.16983913713148954,0.8565755537230846
CV-G,gfold_3,G+E,W213,ME2,0.36083590500999824,0.16619257447047658,0.19464333053952165
CV-G,gfold_3,G+E,W213,ME3,0.9103391421494047,0.17379384262427364,0.736545299525131
CV-G,gfold_3,G+E,W213,ME4,0.781732518284796,0.21648899828792334,0.5652435199968726
CV-G,gfold_3,G+E,W219,ME1,0.33301952026633597,-0.11964154165293195,0.4526610619192679
CV-G,gfold_3,G+E,W219,ME2,0.31073808407197756,-0.12328810431394488,0.43402618838592244
CV-G,gfold_3,G+E,W219,ME3,0.3660363937109506,-0.11568683616014785,0.48172322987109845
CV-G,gfold_3,G+E,W219,ME4,0.11969447231601589,-0.07299168049649815,0.19268615281251406
CV-G,gfold_3,G+E,W225,ME1,0.6895836592674551,0.27050507433802473,0.4190785849294304
CV-G,gfold_3,G+E,W225,ME2,-0.4081998212538374,0.2668585116770118,-0.6750583329308493
CV-G,gfold_3,G+E,W225,ME3,-0.06123970120544897,0.2744597798308088,-0.3356994810362578
CV-G,gfold_3,G+E,W225,ME4,-1.2229155696946508,0.3171549354944585,-1.5400705051891093
CV-G,gfold_3,G+E,W227,ME1,0.5613143890361353,-0.12959436076324976,0.6909087497993851
CV-G,gfold_3,G+E,W227,ME2,-0.1766081512935137,-0.1332409234242627,-0.04336722786925101
CV-G,gfold_3,G+E,W227,ME3,0.4533650527340126,-0.12563965527046567,0.5790047080044782
CV-G,gfold_3,G+E,W227,ME4,-0.4077128344544833,-0.08294449960681598,-0.3247683348476673
CV-G,gfold_3,G+E,W243,ME1,0.105807814222934,-0.3134152293818119,0.4192230436047459
CV-G,gfold_3,G+E,W243,ME2,0.4818845433477355,-0.3170617920428248,0.7989463353905604
CV-G,gfold_3,G+E,W243,ME3,-0.1538221010073438,-0.3094605238890278,0.15563842288168397
CV-G,gfold_3,G+E,W243,ME4,-0.5057162088223804,-0.2667653682253781,-0.23895084059700233
CV-G,gfold_3,G+E,W249,ME1,-0.4484213062248097,0.2960162717121752,-0.744437577936985
CV-G,gfold_3,G+E,W249,ME2,0.6315451382873913,0.2923697090511623,0.33917542923622906
CV-G,gfold_3,G+E,W249,ME3,1.0688129114298666,0.2999709772049593,0.7688419342249073
CV-G,gfold_3,G+E,W249,ME4,0.03136714149222922,0.342666132868609,-0.31129899137637973
CV-G,gfold_3,G+E,W254,ME1,0.8122335138505444,0.013800444358161922,0.7984330694923825
CV-G,gfold_3,G+E,W254,ME2,-0.3479571282890808,0.010153881697148988,-0.3581110099862298
CV-G,gfold_3,G+E,W254,ME3,0.013436057999783153,0.017755149850946013,-0.0043190918511628595
CV-G,gfold_3,G+E,W254,ME4,-0.26432645585409414,0.060450305514595716,-0.3247767613686899
CV-G,gfold_3,G+E,W255,ME1,1.112774522063013,0.3496562268862203,0.7631182951767927
CV-G,gfold_3,G+E,W255,ME2,-0.561075384995478,0.34600966422520735,-0.9070850492206854
CV-G,gfold_3,G+E,W255,ME3,0.1625003944384145,0.3536109323790044,-0.19111053794058988
CV-G,gfold_3,G+E,W255,ME4,-0.4336729512801425,0.39630608804265405,-0.8299790393227966
CV-G,gfold_3,G+E,W261,ME1,0.22731749751507793,-0.2100513959379751,0.437368893453053
CV-G,gfold_3,G+E,W261,ME2,1.084621578253768,-0.21369795859898805,1.298319536852756
CV-G,gfold_3,G+E,W261,ME3,0.1292295183486723,-0.206096690445191,0.3353262087938633
CV-G,gfold_3,G+E,W261,ME4,0.6606482400482687,-0.1634015347815413,0.82404977482981
CV-G,gfold_3,G+E,W262,ME1,0.33104865274913176,-0.13451906171866657,0.4655677144677983
CV-G,gfold_3,G+E,W262,ME2,-0.02358069926201445,-0.1381656243796795,0.11458492511766505
CV-G,gfold_3,G+E,W262,ME3,0.2723559451932222,-0.13056435622588247,0.4029203014191047
CV-G,gfold_3,G+E,W262,ME4,0.046494809569726334,-0.08786920056223278,0.13436401013195912
CV-G,gfold_3,G+E,W263,ME1,0.5681717049431042,-0.06823626936805931,0.6364079743111635
CV-G,gfold_3,G+E,W263,ME2,0.6325134261352326,-0.07188283202907224,0.7043962581643048
CV-G,gfold_3,G+E,W263,ME3,-1.4979857667015282,-0.06428156387527521,-1.433704202826253
CV-G,gfold_3,G+E,W263,ME4,-0.5994007637547354,-0.02158640821162551,-0.5778143555431099
CV-G,gfold_3,G+E,W269,ME1,-0.1518057448854522,0.08267698733456698,-0.2344827322200192
CV-G,gfold_3,G+E,W269,ME2,2.4513756971795924,0.07903042467355405,2.3723452725060383
CV-G,gfold_3,G+E,W269,ME3,-0.03230189427895601,0.08663169282735107,-0.11893358710630708
CV-G,gfold_3,G+E,W269,ME4,1.300148184591136,0.1293268484910008,1.1708213361001352
CV-G,gfold_3,G+E,W289,ME1,0.5617053049073161,0.22630369761786287,0.33540160728945323
CV-G,gfold_3,G+E,W289,ME2,-0.3997953358817187,0.2226571349568499,-0.6224524708385686
CV-G,gfold_3,G+E,W289,ME3,-0.5727276860976623,0.23025840311064696,-0.8029860892083093
CV-G,gfold_3,G+E,W289,ME4,0.09530769590403353,0.27295355877429667,-0.17764586287026313
CV-G,gfold_3,G+E,W299,ME1,-0.2784869193900994,0.03257448700780187,-0.31106140639790125
CV-G,gfold_3,G+E,W299,ME2,-0.4033014239059308,0.02892792434678893,-0.43222934825271975
CV-G,gfold_3,G+E,W299,ME3,-0.801704629463191,0.03652919250058596,-0.8382338219637769
CV-G,gfold_3,G+E,W299,ME4,-0.6884124976584712,0.07922434816423565,-0.7676368458227069
CV-G,gfold_3,G+E,W302,ME1,-0.8003921837395503,-0.09280162420906907,-0.7075905595304812
CV-G,gfold_3,G+E,W302,ME2,-0.4864919059966695,-0.096448186870082,-0.39004371912658753
CV-G,gfold_3,G+E,W302,ME3,-1.2653430299308328,-0.08884691871628497,-1.1764961112145478
CV-G,gfold_3,G+E,W302,ME4,-0.7026040281898321,-0.04615176305263527,-0.6564522651371969
CV-G,gfold_3,G+E,W303,ME1,-1.255776597343008,0.019298739427703496,-1.2750753367707115
CV-G,gfold_3,G+E,W303,ME2,-1.047927983418932,0.015652176766690562,-1.0635801601856225
CV-G,gfold_3,G+E,W303,ME3,-1.2611619982820832,0.023253444920487587,-1.2844154432025707
CV-G,gfold_3,G+E,W303,ME4,-0.7252207966364285,0.06594860058413729,-0.7911693972205658
CV-G,gfold_3,G+E,W307,ME1,0.529128982308885,0.30020705110299506,0.22892193120589
CV-G,gfold_3,G+E,W307,ME2,-0.3628928101250738,0.29656048844198213,-0.6594532985670559
CV-G,gfold_3,G+E,W307,ME3,-0.5341608365861715,0.30416175659577915,-0.8383225931819507
CV-G,gfold_3,G+E,W307,ME4,-0.009067707139252375,0.34685691225942883,-0.3559246193986812
CV-G,gfold_3,G+E,W308,ME1,0.2569863833216007,0.3033189308351997,-0.046332547513599
CV-G,gfold_3,G+E,W308,ME2,-0.17723469048917492,0.29967236817418674,-0.4769070586633617
CV-G,gfold_3,G+E,W308,ME3,-0.7532722345663698,0.30727363632798377,-1.0605458708943536
CV-G,gfold_3,G+E,W308,ME4,0.11230763907380584,0.34996879199163344,-0.2376611529178276
CV-G,gfold_3,G+E,W310,ME1,1.4606977914948989,-0.1471044049080361,1.607802196402935
CV-G,gfold_3,G+E,W310,ME2,-0.21608644929899126,-0.15075096756904904,-0.06533548172994222
CV-G,gfold_3,G+E,W310,ME3,-1.2849558693013277,-0.14314969941525202,-1.1418061698860758
CV-G,gfold_3,G+E,W310,ME4,-1.6030582137450489,-0.10045454375160233,-1.5026036699934466
CV-G,gfold_3,G+E,W319,ME1,-1.6812478027204563,0.030452527755697675,-1.711700330476154
CV-G,gfold_3,G+E,W319,ME2,0.38090414530743055,0.02680596509468474,0.3540981802127458
CV-G,gfold_3,G+E,W319,ME3,0.8645082780562494,0.034407233248481765,0.8301010448077677
CV-G,gfold_3,G+E,W319,ME4,-1.6535388409178535,0.07710238891213148,-1.730641229829985
CV-G,gfold_3,G+E,W324,ME1,0.869437536333388,-0.21047517982387257,1.0799127161572606
CV-G,gfold_3,G+E,W324,ME2,-0.8083178774898768,-0.21412174248488552,-0.5941961350049914
CV-G,gfold_3,G+E,W324,ME3,-0.3029033305031427,-0.20652047433108847,-0.09638285617205425
CV-G,gfold_3,G+E,W324,ME4,0.0561551197096985,-0.16382531866743877,0.21998043837713727
CV-G,gfold_3,G+E,W330,ME1,-0.7261670326990275,-0.1392097664661822,-0.5869572662328453
CV-G,gfold_3,G+E,W330,ME2,0.5869469391779631,-0.14285632912719515,0.7298032683051583
CV-G,gfold_3,G+E,W330,ME3,0.5831037317739829,-0.1352550609733981,0.718358792747381
CV-G,gfold_3,G+E,W330,ME4,-1.1303952866684164,-0.0925599053097484,-1.037835381358668
CV-G,gfold_3,G+E,W344,ME1,0.8937964815563652,0.3244098785265804,0.5693866030297847
CV-G,gfold_3,G+E,W344,ME2,0.05443292361607808,0.32076331586556744,-0.26633039224948934
CV-G,gfold_3,G+E,W344,ME3,0.1939974995256575,0.32836458401936447,-0.13436708449370696
CV-G,gfold_3,G+E,W344,ME4,0.11909660295881917,0.37105973968301414,-0.25196313672419496
CV-G,gfold_3,G+E,W345,ME1,-1.1022769652592055,-0.2552494850164884,-0.8470274802427171
CV-G,gfold_3,G+E,W345,ME2,0.602616747748268,-0.25889604767750135,0.8615127954257693
CV-G,gfold_3,G+E,W345,ME3,0.4881140713258382,-0.2512947795237043,0.7394088508495424
CV-G,gfold_3,G+E,W345,ME4,-2.0626073484736898,-0.20859962386005465,-1.854007724613635
CV-G,gfold_3,G+E,W346,ME1,0.8811487243075244,0.37483655091612106,0.5063121733914033
CV-G,gfold_3,G+E,W346,ME2,0.6804594963002706,0.3711899882551081,0.30926950804516246
CV-G,gfold_3,G+E,W346,ME3,0.39060734535986,0.37879125640890515,0.011816088950954873
CV-G,gfold_3,G+E,W346,ME4,0.20038323543140474,0.42148641207255483,-0.2211031766411501
CV-G,gfold_3,G+E,W349,ME1,-0.06457449704750653,-0.17490886099410954,0.11033436394660301
CV-G,gfold_3,G+E,W349,ME2,-0.3762083502025878,-0.1785554236551225,-0.1976529265474653
CV-G,gfold_3,G+E,W349,ME3,-1.8742025963316886,-0.17095415550132545,-1.7032484408303632
CV-G,gfold_3,G+E,W349,ME4,0.17874980474335508,-0.12825899983767575,0.30700880458103086
CV-G,gfold_3,G+E,W353,ME1,-0.5724800867602826,0.38594744323088026,-0.9584275299911629
CV-G,gfold_3,G+E,W353,ME2,0.1338388558178651,0.38230088056986733,-0.24846202475200224
CV-G,gfold_3,G+E,W353,ME3,0.7475407502342775,0.38990214872366435,0.3576386015106131
CV-G,gfold_3,G+E,W353,ME4,-0.967822021723245,0.43259730438731403,-1.400419326110559
CV-G,gfold_3,G+E,W357,ME1,-0.15157771062726316,0.07363484821785606,-0.2252125588451192
CV-G,gfold_3,G+E,W357,ME2,-1.0485355365783626,0.06998828555684312,-1.1185238221352058
CV-G,gfold_3,G+E,W357,ME3,-0.7274849828014595,0.07758955371064015,-0.8050745365120996
CV-G,gfold_3,G+E,W357,ME4,-0.4582721286479708,0.12028470937428985,-0.5785568380222607
CV-G,gfold_3,G+E,W358,ME1,0.3981477332212473,0.23161153146549168,0.16653620175575562
CV-G,gfold_3,G+E,W358,ME2,-0.9178926212646227,0.22796496880447875,-1.1458575900691015
CV-G,gfold_3,G+E,W358,ME3,-0.8300511793888522,0.23556623695827578,-1.065617416347128
CV-G,gfold_3,G+E,W358,ME4,-0.3216747139325956,0.27826139262192545,-0.599936106554521
CV-G,gfold_3,G+E,W359,ME1,0.10942378603136031,0.22409685050008307,-0.11467306446872276
CV-G,gfold_3,G+E,W359,ME2,-2.191767050942546,0.2204502878390701,-2.412217338781616
CV-G,gfold_3,G+E,W359,ME3,-1.4510653004211223,0.22805155599286717,-1.6791168564139893
CV-G,gfold_3,G+E,W359,ME4,-0.2899719045970181,0.27074671165651687,-0.5607186162535349
CV-G,gfold_3,G+E,W369,ME1,1.5059788799067169,-0.322069814598639,1.8280486945053558
CV-G,gfold_3,G+E,W369,ME2,-1.0773436822213476,-0.3257163772596519,-0.7516273049616957
CV-G,gfold_3,G+E,W369,ME3,-2.518149042467704,-0.3181151091058549,-2.2000339333618495
CV-G,gfold_3,G+E,W369,ME4,-0.24801878246633907,-0.2754199534422052,0.02740117097586614
CV-G,gfold_3,G+E,W370,ME1,0.367517845898074,-0.31159195412962265,0.6791098000276967
CV-G,gfold_3,G+E,W370,ME2,-0.3077383748705453,-0.3152385167906356,0.0075001419200902975
CV-G,gfold_3,G+E,W370,ME3,-0.33693439416538445,-0.30763724863683856,-0.029297145528545898
CV-G,gfold_3,G+E,W370,ME4,0.6035517164359556,-0.2649420929731889,0.8684938094091446
CV-G,gfold_3,G+E,W377,ME1,-0.8604547785304051,-0.07281813613354407,-0.787636642396861
CV-G,gfold_3,G+E,W377,ME2,-1.1326120336932695,-0.076464698794557,-1.0561473348987125
CV-G,gfold_3,G+E,W377,ME3,-1.0597122915696302,-0.06886343064075998,-0.9908488609288703
CV-G,gfold_3,G+E,W377,ME4,-1.2020373424051667,-0.02616827497711028,-1.1758690674280563
CV-G,gfold_3,G+E,W379,ME1,0.029961991133138355,0.02698118826315581,0.0029808028699825455
CV-G,gfold_3,G+E,W379,ME2,-0.9210632893153995,0.023334625602142875,-0.9443979149175423
CV-G,gfold_3,G+E,W379,ME3,-0.4943945800158474,0.0309358937559399,-0.5253304737717873
CV-G,gfold_3,G+E,W379,ME4,-0.30165395716856463,0.0736310494195896,-0.3752850065881542
CV-G,gfold_3,G+E,W391,ME1,0.5788078742714912,-0.5938327110525601,1.1726405853240514
CV-G,gfold_3,G+E,W391,ME2,0.25110294426665075,-0.597479273713573,0.8485822179802238
CV-G,gfold_3,G+E,W391,ME3,-0.42960125925311243,-0.589878005559776,0.16027674630666355
CV-G,gfold_3,G+E,W391,ME4,-0.9025283945556787,-0.5471828498961263,-0.35534554465955237
CV-G,gfold_3,G+E,W401,ME1,-0.07231137366463306,0.2117247322323282,-0.28403610589696127
CV-G,gfold_3,G+E,W401,ME2,2.233086909939294,0.20807816957131525,2.0250087403679786
CV-G,gfold_3,G+E,W401,ME3,0.9859524660273871,0.2156794377251123,0.7702730283022747
CV-G,gfold_3,G+E,W401,ME4,0.051899233890704534,0.258374593388762,-0.20647535949805748
CV-G,gfold_3,G+E,W404,ME1,1.5656912792296387,0.1806065888266536,1.385084690402985
CV-G,gfold_3,G+E,W404,ME2,2.122278073809454,0.17696002616564066,1.9453180476438137
CV-G,gfold_3,G+E,W404,ME3,0.095156222043514,0.18456129431943769,-0.08940507227592369
CV-G,gfold_3,G+E,W404,ME4,1.8980175417881282,0.22725644998308736,1.6707610918050408
CV-G,gfold_3,G+E,W424,ME1,-0.9516359054834128,-0.06153560746992068,-0.8901002980134921
CV-G,gfold_3,G+E,W424,ME2,0.0024364990548377532,-0.06518217013093361,0.06761866918577136
CV-G,gfold_3,G+E,W424,ME3,0.14240610293866926,-0.05758090197713659,0.19998700491580584
CV-G,gfold_3,G+E,W424,ME4,0.31206680469621634,-0.014885746313486888,0.3269525510097032
CV-G,gfold_3,G+E,W425,ME1,-0.017623872102518333,-0.04017542061782774,0.022551548515309404
CV-G,gfold_3,G+E,W425,ME2,1.4630449237551506,-0.043821983278840675,1.5068669070339913
CV-G,gfold_3,G+E,W425,ME3,1.0359305756549586,-0.03622071512504365,1.0721512907800022
CV-G,gfold_3,G+E,W425,ME4,-0.016934409207633682,0.0064744405386060536,-0.023408849746239736
CV-G,gfold_3,G+E,W426,ME1,-0.9697076204448922,0.19473957966293556,-1.1644472001078279
CV-G,gfold_3,G+E,W426,ME2,0.3311860450940529,0.1910930170019226,0.1400930280921303
CV-G,gfold_3,G+E,W426,ME3,0.03698497969011068,0.19869428515571966,-0.16170930546560897
CV-G,gfold_3,G+E,W426,ME4,0.12064634326629034,0.24138944081936936,-0.12074309755307902
CV-G,gfold_3,G+E,W428,ME1,-0.8434417940533767,-0.045584867423351355,-0.7978569266300254
CV-G,gfold_3,G+E,W428,ME2,0.29988440002590616,-0.049231430084364286,0.3491158301102705
CV-G,gfold_3,G+E,W428,ME3,0.024154702772029957,-0.04163016193056726,0.06578486470259721
CV-G,gfold_3,G+E,W428,ME4,-0.24336956154392553,0.0010649937330824422,-0.24443455527700797
CV-G,gfold_3,G+E,W430,ME1,-0.8572378666738105,0.06646496092818777,-0.9237028276019983
CV-G,gfold_3,G+E,W430,ME2,0.273778600206637,0.06281839826717484,0.2109602019394622
CV-G,gfold_3,G+E,W430,ME3,0.25864722930247525,0.07041966642097186,0.18822756288150339
CV-G,gfold_3,G+E,W430,ME4,-0.6387814743090532,0.11311482208462156,-0.7518962963936747
CV-G,gfold_3,G+E,W434,ME1,-0.9589655780680585,-0.06011852042656897,-0.8988470576414895
CV-G,gfold_3,G+E,W434,ME2,0.24002775646453645,-0.06376508308758191,0.30379283955211833
CV-G,gfold_3,G+E,W434,ME3,-0.26644811313748434,-0.05616381493378488,-0.21028429820369945
CV-G,gfold_3,G+E,W434,ME4,0.6260190175432536,-0.013468659270135179,0.6394876768133888
CV-G,gfold_3,G+E,W441,ME1,-0.1405261931857474,0.1020383810250143,-0.24256457421076172
CV-G,gfold_3,G+E,W441,ME2,1.1898295336951092,0.09839181836400136,1.091437715331108
CV-G,gfold_3,G+E,W441,ME3,0.5097202914419995,0.10599308651779839,0.4037272049242011
CV-G,gfold_3,G+E,W441,ME4,-0.09874811071880044,0.1486882421814481,-0.24743635290024854
CV-G,gfold_3,G+E,W442,ME1,-1.5050098974629482,0.07944991343942213,-1.5844598109023704
CV-G,gfold_3,G+E,W442,ME2,0.20619463989876383,0.0758033507784092,0.13039128912035464
CV-G,gfold_3,G+E,W442,ME3,1.7519259106067904,0.08340461893220623,1.6685212916745842
CV-G,gfold_3,G+E,W442,ME4,0.8402057147590752,0.12609977459585592,0.7141059401632193
CV-G,gfold_3,G+E,W444,ME1,-1.3819365506860797,-0.31728305127546425,-1.0646534994106154
CV-G,gfold_3,G+E,W444,ME2,1.0617117612002522,-0.3209296139364772,1.3826413751367295
CV-G,gfold_3,G+E,W444,ME3,-0.4131051889298666,-0.31332834578268015,-0.09977684314718643
CV-G,gfold_3,G+E,W444,ME4,-2.0072100325081474,-0.2706331901190305,-1.736576842389117
CV-G,gfold_3,G+E,W447,ME1,-0.8943422981134241,-0.16672799067265318,-0.7276143074407709
CV-G,gfold_3,G+E,W447,ME2,1.4092511544305966,-0.17037455333366613,1.5796257077642628
CV-G,gfold_3,G+E,W447,ME3,4.875384608494055,-0.16277328517986908,5.038157893673923
CV-G,gfold_3,G+E,W447,ME4,-0.6688873431247483,-0.12007812951621939,-0.5488092136085289
CV-G,gfold_3,G+E,W452,ME1,-0.18952098237378498,-0.21886316957764607,0.029342187203861086
CV-G,gfold_3,G+E,W452,ME2,2.0976278701013205,-0.222509732238659,2.3201376023399796
CV-G,gfold_3,G+E,W452,ME3,1.1739384061780092,-0.21490846408486197,1.3888468702628711
CV-G,gfold_3,G+E,W452,ME4,-0.10936815851111582,-0.1722133084212123,0.06284514991009647
CV-G,gfold_3,G+E,W453,ME1,0.3815175205347489,0.18351967441367514,0.19799784612107377
CV-G,gfold_3,G+E,W453,ME2,1.5860301377885717,0.17987311175266218,1.4061570260359095
CV-G,gfold_3,G+E,W453,ME3,1.5987143286337429,0.18747437990645924,1.4112399487272835
CV-G,gfold_3,G+E,W453,ME4,0.8344944890574307,0.23016953557010894,0.6043249534873218
CV-G,gfold_3,G+E,W460,ME1,0.9802784739745464,0.3522125633207426,0.6280659106538038
CV-G,gfold_3,G+E,W460,ME2,0.169754107690435,0.34856600065972965,-0.17881189296929464
CV-G,gfold_3,G+E,W460,ME3,0.7245155133161162,0.35616726881352667,0.3683482445025895
CV-G,gfold_3,G+E,W460,ME4,1.3428014432059008,0.39886242447717635,0.9439390187287244
CV-G,gfold_3,G+E,W465,ME1,-0.549196160183055,0.04553436441257032,-0.5947305245956253
CV-G,gfold_3,G+E,W465,ME2,1.4330912872594905,0.04188780175155739,1.3912034855079332
CV-G,gfold_3,G+E,W465,ME3,-0.01515544125479358,0.04948906990535441,-0.064644511160148
CV-G,gfold_3,G+E,W465,ME4,-0.5143617143955314,0.09218422556900412,-0.6065459399645354
CV-G,gfold_3,G+E,W467,ME1,-0.38400162828641343,0.547372097176747,-0.9313737254631604
CV-G,gfold_3,G+E,W467,ME2,1.1888042877385714,0.543725534515734,0.6450787532228374
CV-G,gfold_3,G+E,W467,ME3,1.411953135127704,0.551326802669531,0.8606263324581729
CV-G,gfold_3,G+E,W467,ME4,0.731102423772693,0.5940219583331807,0.13708046543951224
CV-G,gfold_3,G+E,W471,ME1,-0.124954710983697,0.20595059594457804,-0.330905306928275
CV-G,gfold_3,G+E,W471,ME2,1.0765145407826204,0.2023040332835651,0.8742105074990554
CV-G,gfold_3,G+E,W471,ME3,0.6808385140117097,0.20990530143736214,0.47093321257434756
CV-G,gfold_3,G+E,W471,ME4,0.895744631361849,0.2526004571010118,0.6431441742608373
CV-G,gfold_3,G+E,W476,ME1,-0.14867841791600267,0.38010708044753033,-0.528785498363533
CV-G,gfold_3,G+E,W476,ME2,1.2076321070021656,0.3764605177865174,0.8311715892156482
CV-G,gfold_3,G+E,W476,ME3,1.2745281150769037,0.3840617859403144,0.8904663291365893
CV-G,gfold_3,G+E,W476,ME4,0.8550029813497011,0.4267569416039641,0.428246039745737
CV-G,gfold_3,G+E,W485,ME1,-0.9317154842144731,-0.028738718857449864,-0.9029767653570233
CV-G,gfold_3,G+E,W485,ME2,0.7339051882939019,-0.0323852815184628,0.7662904698123647
CV-G,gfold_3,G+E,W485,ME3,0.2628704935941416,-0.024784013364665774,0.2876545069588074
CV-G,gfold_3,G+E,W485,ME4,0.06889917706047614,0.017911142298983926,0.05098803476149222
CV-G,gfold_3,G+E,W487,ME1,-0.26387643870470245,0.002667867141472678,-0.2665443058461751
CV-G,gfold_3,G+E,W487,ME2,1.2477116294883301,-0.0009786955195402562,1.2486903250078705
CV-G,gfold_3,G+E,W487,ME3,0.6283855715092214,0.0066225726342567705,0.6217629988749646
CV-G,gfold_3,G+E,W487,ME4,-0.12355968904247606,0.04931772829790647,-0.17287741734038253
CV-G,gfold_3,G+E,W491,ME1,0.07964902717639381,0.03808314190223405,0.04156588527415976
CV-G,gfold_3,G+E,W491,ME2,1.272709910527388,0.03443657924122112,1.238273331286167
CV-G,gfold_3,G+E,W491,ME3,1.5891444117488291,0.042037847395018146,1.547106564353811
CV-G,gfold_3,G+E,W491,ME4,0.15219968526256802,0.08473300305866785,0.06746668220390017
CV-G,gfold_3,G+E,W517,ME1,-0.3560837198195595,0.42265303048103636,-0.7787367503005959
CV-G,gfold_3,G+E,W517,ME2,1.2586286003218419,0.41900646782002343,0.8396221325018185
CV-G,gfold_3,G+E,W517,ME3,0.30337159815121556,0.42660773597382046,-0.1232361378226049
CV-G,gfold_3,G+E,W517,ME4,1.3390883598296244,0.46930289163747013,0.8697854681921542
CV-G,gfold_3,G+E,W524,ME1,-1.8219205077811278,-0.518930867432443,-1.302989640348685
CV-G,gfold_3,G+E,W524,ME2,-0.14534447829782987,-0.5225774300934559,0.37723295179562605
CV-G,gfold_3,G+E,W524,ME3,-0.07123194451953051,-0.5149761619396589,0.4437442174201284
CV-G,gfold_3,G+E,W524,ME4,1.9022104939905746,-0.4722810062760092,2.3744915002665836
CV-G,gfold_3,G+E,W541,ME1,-0.5933045009813293,-0.36497666053920735,-0.2283278404421219
CV-G,gfold_3,G+E,W541,ME2,0.5333746736094507,-0.3686232232002203,0.9019978968096709
CV-G,gfold_3,G+E,W541,ME3,0.7788351386355192,-0.36102195504642326,1.1398570936819425
CV-G,gfold_3,G+E,W541,ME4,1.1725188102337143,-0.3183267993827736,1.490845609616488
CV-G,gfold_3,G+E,W554,ME1,-2.289097550165217,0.03587971833572927,-2.324977268500946
CV-G,gfold_3,G+E,W554,ME2,0.5153252818313763,0.03223315567471634,0.4830921261566599
CV-G,gfold_3,G+E,W554,ME3,-0.009149959432045036,0.03983442382851336,-0.0489843832605584
CV-G,gfold_3,G+E,W554,ME4,1.212041121425263,0.08252957949216307,1.1295115419331
CV-G,gfold_3,G+E,W559,ME1,-2.006636400994877,0.44952017912676906,-2.4561565801216463
CV-G,gfold_3,G+E,W559,ME2,1.475702281243281,0.44587361646575613,1.0298286647775248
CV-G,gfold_3,G+E,W559,ME3,-0.06654412115578129,0.45347488461955315,-0.5200190057753344
CV-G,gfold_3,G+E,W559,ME4,-0.7646644408072932,0.49617004028320283,-1.2608344810904961
CV-G,gfold_3,G+E,W560,ME1,-1.177055913783901,0.07180246977152403,-1.248858383555425
CV-G,gfold_3,G+E,W560,ME2,0.3080610529632381,0.0681559071105111,0.239905145852727
CV-G,gfold_3,G+E,W560,ME3,0.7700845350231875,0.07575717526430813,0.6943273597588794
CV-G,gfold_3,G+E,W560,ME4,1.405561992307448,0.11845233092795783,1.2871096613794901
CV-G,gfold_3,G+E,W563,ME1,-2.418661729219824,0.17146027103210554,-2.590122000251929
CV-G,gfold_3,G+E,W563,ME2,0.6355701779686163,0.1678137083710926,0.46775646959752365
CV-G,gfold_3,G+E,W563,ME3,0.5096527192133324,0.17541497652488963,0.3342377426884428
CV-G,gfold_3,G+E,W563,ME4,1.3973019551356471,0.2181101321885393,1.179191822947108
CV-G,gfold_3,G+E,W571,ME1,-2.0155215929835992,0.03366255778674322,-2.0491841507703423
CV-G,gfold_3,G+E,W571,ME2,0.39112496147909465,0.03001599512573029,0.36110896635336437
CV-G,gfold_3,G+E,W571,ME3,-0.18840218902750308,0.037617263279527316,-0.2260194523070304
CV-G,gfold_3,G+E,W571,ME4,0.9986568278204154,0.08031241894317702,0.9183444088772384
CV-G,gfold_3,G+E,W577,ME1,-1.4524724331923298,0.38130265919367246,-1.8337750923860021
CV-G,gfold_3,G+E,W577,ME2,0.986248595856017,0.3776560965326595,0.6085924993233575
CV-G,gfold_3,G+E,W577,ME3,0.7816309395966025,0.38525736468645655,0.3963735749101459
CV-G,gfold_3,G+E,W577,ME4,2.3877197455448753,0.4279525203501062,1.959767225194769
CV-G,gfold_3,G+E,W585,ME1,-2.2687292044605485,0.03975400249894477,-2.3084832069594934
CV-G,gfold_3,G+E,W585,ME2,0.2297436535054296,0.03610743983793184,0.19363621366749778
CV-G,gfold_3,G+E,W585,ME3,0.11161005972384323,0.043708707991728865,0.06790135173211437
CV-G,gfold_3,G+E,W585,ME4,1.1666109169803598,0.08640386365537857,1.0802070533249812
CV-G,gfold_3,G+E,W586,ME1,-1.9222392932229935,0.0033593937513548937,-1.9255986869743484
CV-G,gfold_3,G+E,W586,ME2,0.6403166870266653,-0.0002871689096580407,0.6406038559363234
CV-G,gfold_3,G+E,W586,ME3,0.3150193610676296,0.007314099244138986,0.3077052618234906
CV-G,gfold_3,G+E,W586,ME4,0.9123197726199288,0.05000925490778869,0.8623105177121401
CV-G,gfold_3,G+E+GxE legacy-grid,W001,ME1,1.6716294803197338,-0.073033042834396,1.7446625231541297
CV-G,gfold_3,G+E+GxE legacy-grid,W001,ME2,-1.7274698635629413,-0.6196869632108761,-1.1077829003520652
CV-G,gfold_3,G+E+GxE legacy-grid,W001,ME3,-1.8902847867543517,-0.3813170110569147,-1.5089677756974371
CV-G,gfold_3,G+E+GxE legacy-grid,W001,ME4,0.050915896132156344,0.004136615410903224,0.04677928072125312
CV-G,gfold_3,G+E+GxE legacy-grid,W005,ME1,0.998317612613427,0.3886297610878593,0.6096878515255677
CV-G,gfold_3,G+E+GxE legacy-grid,W005,ME2,-0.28248061800298024,-0.36840442001830553,0.08592380201532529
CV-G,gfold_3,G+E+GxE legacy-grid,W005,ME3,1.6186819222047384,-0.22612896021856949,1.8448108824233078
CV-G,gfold_3,G+E+GxE legacy-grid,W005,ME4,-0.11428484730385398,-0.21807961110339547,0.10379476379954149
CV-G,gfold_3,G+E+GxE legacy-grid,W013,ME1,1.1741808901610542,0.25410928213164974,0.9200716080294045
CV-G,gfold_3,G+E+GxE legacy-grid,W013,ME2,-0.2076376631756647,-0.5701308516869811,0.3624931885113164
CV-G,gfold_3,G+E+GxE legacy-grid,W013,ME3,0.7516035304828591,-0.7756842447991105,1.5272877752819696
CV-G,gfold_3,G+E+GxE legacy-grid,W013,ME4,-0.1916381287422496,-0.2715302443898545,0.0798921156476049
CV-G,gfold_3,G+E+GxE legacy-grid,W014,ME1,0.31602282395060466,0.4635936142003168,-0.14757079024971215
CV-G,gfold_3,G+E+GxE legacy-grid,W014,ME2,-0.6536512976636655,-0.03422392017342955,-0.6194273774902359
CV-G,gfold_3,G+E+GxE legacy-grid,W014,ME3,-0.43037833988277874,-0.11695057935756996,-0.31342776052520877
CV-G,gfold_3,G+E+GxE legacy-grid,W014,ME4,0.006807297634742042,-0.05809750341222471,0.06490480104696675
CV-G,gfold_3,G+E+GxE legacy-grid,W015,ME1,0.7976148890844981,0.05877160472391309,0.738843284360585
CV-G,gfold_3,G+E+GxE legacy-grid,W015,ME2,-0.6338235471585086,-0.461583566380278,-0.17223998077823066
CV-G,gfold_3,G+E+GxE legacy-grid,W015,ME3,-0.697905239702633,-0.5779972401117416,-0.11990799959089138
CV-G,gfold_3,G+E+GxE legacy-grid,W015,ME4,-0.23608499542860478,-0.4185932647823576,0.1825082693537528
CV-G,gfold_3,G+E+GxE legacy-grid,W018,ME1,1.8136703909295409,0.06714307110998646,1.7465273198195543
CV-G,gfold_3,G+E+GxE legacy-grid,W018,ME2,-0.35961455453564845,-0.06853192323860846,-0.29108263129704
CV-G,gfold_3,G+E+GxE legacy-grid,W018,ME3,-0.5233577265280902,-0.2878020763809336,-0.23555565014715663
CV-G,gfold_3,G+E+GxE legacy-grid,W018,ME4,-0.5764535938212662,-0.2751455849957946,-0.30130800882547154
CV-G,gfold_3,G+E+GxE legacy-grid,W021,ME1,0.6658680964157973,0.47014137479583507,0.19572672161996219
CV-G,gfold_3,G+E+GxE legacy-grid,W021,ME2,-0.4888968039194143,0.5830180641927085,-1.0719148681121229
CV-G,gfold_3,G+E+GxE legacy-grid,W021,ME3,-0.718396518045794,0.5205826419547387,-1.2389791600005327
CV-G,gfold_3,G+E+GxE legacy-grid,W021,ME4,0.26606233100032195,0.5837273639292911,-0.3176650329289692
CV-G,gfold_3,G+E+GxE legacy-grid,W030,ME1,-0.5190467736182077,-0.1058386018440378,-0.4132081717741699
CV-G,gfold_3,G+E+GxE legacy-grid,W030,ME2,0.41790792992397896,0.1737937411259346,0.24411418879804436
CV-G,gfold_3,G+E+GxE legacy-grid,W030,ME3,0.5699440402411526,0.13619743685464555,0.43374660338650706
CV-G,gfold_3,G+E+GxE legacy-grid,W030,ME4,-1.1923848989672625,-0.17770813558741094,-1.0146767633798515
CV-G,gfold_3,G+E+GxE legacy-grid,W035,ME1,0.26570869369733,0.21144821530550467,0.05426047839182535
CV-G,gfold_3,G+E+GxE legacy-grid,W035,ME2,-0.3621966554632271,-0.5613016992806364,0.19910504381740934
CV-G,gfold_3,G+E+GxE legacy-grid,W035,ME3,-0.07067447363303,-0.7287840877243154,0.6581096140912853
CV-G,gfold_3,G+E+GxE legacy-grid,W035,ME4,0.011094650262009738,-0.2482341130213902,0.25932876328339993
CV-G,gfold_3,G+E+GxE legacy-grid,W040,ME1,0.12124899113458985,0.12275780092620843,-0.001508809791618576
CV-G,gfold_3,G+E+GxE legacy-grid,W040,ME2,-0.3822269236881942,-0.04765983710087787,-0.3345670865873164
CV-G,gfold_3,G+E+GxE legacy-grid,W040,ME3,-0.6295052512348155,-0.08385617035425912,-0.5456490808805564
CV-G,gfold_3,G+E+GxE legacy-grid,W040,ME4,-0.2185186497099088,-0.027309597386868313,-0.1912090523230405
CV-G,gfold_3,G+E+GxE legacy-grid,W041,ME1,0.7482861925898263,0.2038761829930116,0.5444100095968147
CV-G,gfold_3,G+E+GxE legacy-grid,W041,ME2,1.4223008900008585,0.41147618995954993,1.0108247000413084
CV-G,gfold_3,G+E+GxE legacy-grid,W041,ME3,1.167983603526761,0.3066685453835495,0.8613150581432115
CV-G,gfold_3,G+E+GxE legacy-grid,W041,ME4,-0.9540552931035775,0.519683091314013,-1.4737383844175906
CV-G,gfold_3,G+E+GxE legacy-grid,W047,ME1,0.004511739103114679,0.044978014791047155,-0.04046627568793248
CV-G,gfold_3,G+E+GxE legacy-grid,W047,ME2,-0.7633779297282691,-0.2667711434231059,-0.4966067863051632
CV-G,gfold_3,G+E+GxE legacy-grid,W047,ME3,-0.7506031315340369,-0.0069852920862094586,-0.7436178394478274
CV-G,gfold_3,G+E+GxE legacy-grid,W047,ME4,-0.39312796881970424,-0.27556120602199224,-0.117566762797712
CV-G,gfold_3,G+E+GxE legacy-grid,W052,ME1,0.139231121208924,0.184255780275388,-0.045024659066463996
CV-G,gfold_3,G+E+GxE legacy-grid,W052,ME2,-0.48340351076956456,-0.00550526367713294,-0.4778982470924316
CV-G,gfold_3,G+E+GxE legacy-grid,W052,ME3,-0.5166005036614257,-0.15378919490313098,-0.36281130875829476
CV-G,gfold_3,G+E+GxE legacy-grid,W052,ME4,-0.31881910108177297,-0.21603053659109234,-0.10278856449068063
CV-G,gfold_3,G+E+GxE legacy-grid,W056,ME1,-1.092259746060187,0.07350422240822084,-1.1657639684684078
CV-G,gfold_3,G+E+GxE legacy-grid,W056,ME2,-0.28348687792328675,-0.18756783306851693,-0.09591904485476982
CV-G,gfold_3,G+E+GxE legacy-grid,W056,ME3,1.5632389085837513,-0.46995615509059896,2.0331950636743503
CV-G,gfold_3,G+E+GxE legacy-grid,W056,ME4,-1.3650904761765097,-0.7243270117645156,-0.640763464411994
CV-G,gfold_3,G+E+GxE legacy-grid,W057,ME1,0.44940657682987684,-0.26417135065965996,0.7135779274895369
CV-G,gfold_3,G+E+GxE legacy-grid,W057,ME2,-0.13420600370827623,-0.42419569059045764,0.2899896868821814
CV-G,gfold_3,G+E+GxE legacy-grid,W057,ME3,0.22090813959215116,-0.3080430817774103,0.5289512213695615
CV-G,gfold_3,G+E+GxE legacy-grid,W057,ME4,-0.5565665709923975,-0.5370829732790386,-0.019483597713358836
CV-G,gfold_3,G+E+GxE legacy-grid,W071,ME1,0.5258713500490438,0.1992641015785493,0.32660724847049455
CV-G,gfold_3,G+E+GxE legacy-grid,W071,ME2,1.2510341858289644,0.24724122484440714,1.0037929609845573
CV-G,gfold_3,G+E+GxE legacy-grid,W071,ME3,1.4130089512006208,0.14493214819038996,1.2680768030102307
CV-G,gfold_3,G+E+GxE legacy-grid,W071,ME4,-2.090140805713025,0.17629055673545713,-2.266431362448482
CV-G,gfold_3,G+E+GxE legacy-grid,W077,ME1,-0.15064114135255904,0.20681092215991947,-0.3574520635124785
CV-G,gfold_3,G+E+GxE legacy-grid,W077,ME2,0.32447764562534365,0.27158334188500466,0.05289430374033899
CV-G,gfold_3,G+E+GxE legacy-grid,W077,ME3,1.2641726710337384,0.34703322899693423,0.9171394420368042
CV-G,gfold_3,G+E+GxE legacy-grid,W077,ME4,-0.07680787865008504,0.43073265340240496,-0.50754053205249
CV-G,gfold_3,G+E+GxE legacy-grid,W085,ME1,-0.07534097166628811,0.15748802232463177,-0.23282899399091989
CV-G,gfold_3,G+E+GxE legacy-grid,W085,ME2,-1.1528891203892548,-0.7816916571043355,-0.3711974632849193
CV-G,gfold_3,G+E+GxE legacy-grid,W085,ME3,0.22778361385898288,-0.5647866771524402,0.7925702910114232
CV-G,gfold_3,G+E+GxE legacy-grid,W085,ME4,0.08238270440568299,-0.6956601717836945,0.7780428761893775
CV-G,gfold_3,G+E+GxE legacy-grid,W086,ME1,0.9299969200438688,0.4785858520459066,0.4514110679979622
CV-G,gfold_3,G+E+GxE legacy-grid,W086,ME2,-0.08236779611563717,0.5139851639837487,-0.5963529600993859
CV-G,gfold_3,G+E+GxE legacy-grid,W086,ME3,1.1544860508505967,0.42230416401874094,0.7321818868318558
CV-G,gfold_3,G+E+GxE legacy-grid,W086,ME4,0.6251851471240046,0.2628209153528879,0.36236423177111676
CV-G,gfold_3,G+E+GxE legacy-grid,W096,ME1,-0.01652442121482098,0.03993614623707091,-0.05646056745189189
CV-G,gfold_3,G+E+GxE legacy-grid,W096,ME2,-0.596522314640988,-0.6843717238027847,0.08784940916179662
CV-G,gfold_3,G+E+GxE legacy-grid,W096,ME3,-0.39243653348645485,-0.7643657976075199,0.37192926412106503
CV-G,gfold_3,G+E+GxE legacy-grid,W096,ME4,-0.9079485522807936,-0.32419440849252157,-0.5837541437882721
CV-G,gfold_3,G+E+GxE legacy-grid,W098,ME1,0.47585040669915263,-0.1301119464921592,0.6059623531913119
CV-G,gfold_3,G+E+GxE legacy-grid,W098,ME2,0.35041257111852275,-0.08883094523247974,0.4392435163510025
CV-G,gfold_3,G+E+GxE legacy-grid,W098,ME3,-0.8464374448405143,0.24335319630392793,-1.0897906411444422
CV-G,gfold_3,G+E+GxE legacy-grid,W098,ME4,0.024688311436172554,0.03256515235773328,-0.007876840921560727
CV-G,gfold_3,G+E+GxE legacy-grid,W102,ME1,1.255768290108823,-0.07668043705388643,1.3324487271627095
CV-G,gfold_3,G+E+GxE legacy-grid,W102,ME2,-0.07896296695132968,-0.1859527580250398,0.10698979107371012
CV-G,gfold_3,G+E+GxE legacy-grid,W102,ME3,0.5583976356677377,0.02681059862341406,0.5315870370443236
CV-G,gfold_3,G+E+GxE legacy-grid,W102,ME4,-0.8065546293214246,0.09717354389010402,-0.9037281732115287
CV-G,gfold_3,G+E+GxE legacy-grid,W109,ME1,-0.7609666893148012,0.3059520241420219,-1.066918713456823
CV-G,gfold_3,G+E+GxE legacy-grid,W109,ME2,0.017422810320783577,-0.161585255190268,0.17900806551105158
CV-G,gfold_3,G+E+GxE legacy-grid,W109,ME3,0.48547875440783805,-0.05792496377023981,0.5434037181780779
CV-G,gfold_3,G+E+GxE legacy-grid,W109,ME4,-1.494891060304804,-0.09089621128846707,-1.403994849016337
CV-G,gfold_3,G+E+GxE legacy-grid,W110,ME1,0.268111197488963,0.30623615624853845,-0.038124958759575445
CV-G,gfold_3,G+E+GxE legacy-grid,W110,ME2,-0.5164645285285623,-0.2625783655366458,-0.25388616299191646
CV-G,gfold_3,G+E+GxE legacy-grid,W110,ME3,-0.05165289126336848,-0.12932503778887725,0.07767214652550877
CV-G,gfold_3,G+E+GxE legacy-grid,W110,ME4,-1.3647600746896376,-0.09012204551303915,-1.2746380291765984
CV-G,gfold_3,G+E+GxE legacy-grid,W111,ME1,0.1083487673856123,0.1427394475940888,-0.03439068020847649
CV-G,gfold_3,G+E+GxE legacy-grid,W111,ME2,0.9387771765967842,0.4265348333953806,0.5122423432014036
CV-G,gfold_3,G+E+GxE legacy-grid,W111,ME3,1.2584797107685726,0.5122721387671295,0.746207572001443
CV-G,gfold_3,G+E+GxE legacy-grid,W111,ME4,-1.3664042154219294,0.2954494653174395,-1.661853680739369
CV-G,gfold_3,G+E+GxE legacy-grid,W116,ME1,-0.07556900592447717,0.25309273462234994,-0.3286617405468271
CV-G,gfold_3,G+E+GxE legacy-grid,W116,ME2,1.1867348097892616,-0.02643465582256057,1.2131694656118222
CV-G,gfold_3,G+E+GxE legacy-grid,W116,ME3,0.9659173002277245,0.0014451122777689954,0.9644721879499555
CV-G,gfold_3,G+E+GxE legacy-grid,W116,ME4,-0.3306191541843449,0.03289937136473525,-0.36351852554908015
CV-G,gfold_3,G+E+GxE legacy-grid,W120,ME1,1.3191048053208203,-0.09738555775493697,1.4164903630757573
CV-G,gfold_3,G+E+GxE legacy-grid,W120,ME2,0.3107697274656989,-0.2671716541044541,0.5779413815701531
CV-G,gfold_3,G+E+GxE legacy-grid,W120,ME3,-0.314728470519806,-0.37401900544444333,0.05929053492463732
CV-G,gfold_3,G+E+GxE legacy-grid,W120,ME4,-0.5501001418921881,-0.17530517890548009,-0.37479496298670806
CV-G,gfold_3,G+E+GxE legacy-grid,W121,ME1,1.8092807314594008,0.4976319625605221,1.3116487688988787
CV-G,gfold_3,G+E+GxE legacy-grid,W121,ME2,-0.030124553083377532,0.010315313360886598,-0.04043986644426413
CV-G,gfold_3,G+E+GxE legacy-grid,W121,ME3,-0.545335593901919,0.06880718499158994,-0.614142778893509
CV-G,gfold_3,G+E+GxE legacy-grid,W121,ME4,0.6148011003937416,0.08609323337700561,0.528707867016736
CV-G,gfold_3,G+E+GxE legacy-grid,W122,ME1,0.10748549483675186,0.44595560678624613,-0.3384701119494943
CV-G,gfold_3,G+E+GxE legacy-grid,W122,ME2,0.8530172509359556,0.47199608653231906,0.38102116440363654
CV-G,gfold_3,G+E+GxE legacy-grid,W122,ME3,0.6971656537632893,0.6027796710649985,0.0943859826982908
CV-G,gfold_3,G+E+GxE legacy-grid,W122,ME4,-0.9691357609686646,0.220860945541189,-1.1899967065098536
CV-G,gfold_3,G+E+GxE legacy-grid,W124,ME1,1.1001186207335232,-0.14499548244619218,1.2451141031797153
CV-G,gfold_3,G+E+GxE legacy-grid,W124,ME2,-0.6767762897944802,-0.4205901148427308,-0.25618617495174945
CV-G,gfold_3,G+E+GxE legacy-grid,W124,ME3,-0.019581422232458942,-0.4972166856312332,0.47763526339877427
CV-G,gfold_3,G+E+GxE legacy-grid,W124,ME4,-0.7409935342835337,-0.20718126812539223,-0.5338122661581415
CV-G,gfold_3,G+E+GxE legacy-grid,W127,ME1,2.398537542781108,0.19140406533672094,2.2071334774443874
CV-G,gfold_3,G+E+GxE legacy-grid,W127,ME2,0.6391711961739891,0.18480119790185573,0.45436999827213337
CV-G,gfold_3,G+E+GxE legacy-grid,W127,ME3,0.18361671589674317,0.11980497248516088,0.06381174341158229
CV-G,gfold_3,G+E+GxE legacy-grid,W127,ME4,0.050357360285301446,0.3402751190498813,-0.2899177587645798
CV-G,gfold_3,G+E+GxE legacy-grid,W134,ME1,1.617992565161419,0.3981399290814007,1.2198526360800184
CV-G,gfold_3,G+E+GxE legacy-grid,W134,ME2,0.28636001354983914,0.32101492607755194,-0.0346549125277128
CV-G,gfold_3,G+E+GxE legacy-grid,W134,ME3,-0.47690181931976794,0.0760318151289555,-0.5529336344487235
CV-G,gfold_3,G+E+GxE legacy-grid,W134,ME4,-0.3801793772151487,0.05332471253926564,-0.43350408975441435
CV-G,gfold_3,G+E+GxE legacy-grid,W135,ME1,1.738524958775611,0.48315156473331194,1.255373394042299
CV-G,gfold_3,G+E+GxE legacy-grid,W135,ME2,0.013321826494629393,-0.33595879042751603,0.3492806169221454
CV-G,gfold_3,G+E+GxE legacy-grid,W135,ME3,-0.5546098822864167,-0.13384668646297224,-0.42076319582344446
CV-G,gfold_3,G+E+GxE legacy-grid,W135,ME4,0.34041053224859497,-0.02299320058347564,0.3634037328320706
CV-G,gfold_3,G+E+GxE legacy-grid,W138,ME1,0.6408820569828011,0.27063805976163735,0.37024399722116375
CV-G,gfold_3,G+E+GxE legacy-grid,W138,ME2,-0.5049336758568758,-0.5298684372644519,0.02493476140757611
CV-G,gfold_3,G+E+GxE legacy-grid,W138,ME3,0.6090852536963093,-0.6726964008041827,1.281781654500492
CV-G,gfold_3,G+E+GxE legacy-grid,W138,ME4,-0.2742463671623236,-0.5162208193098822,0.24197445214755858
CV-G,gfold_3,G+E+GxE legacy-grid,W139,ME1,0.29973466265138987,0.012485166333475645,0.28724949631791424
CV-G,gfold_3,G+E+GxE legacy-grid,W139,ME2,-0.4674425829770324,-0.22440086542012938,-0.24304171755690301
CV-G,gfold_3,G+E+GxE legacy-grid,W139,ME3,0.6211468965133073,0.12671661351719735,0.49443028299611
CV-G,gfold_3,G+E+GxE legacy-grid,W139,ME4,0.2685560755559988,-0.15523909752907916,0.42379517308507797
CV-G,gfold_3,G+E+GxE legacy-grid,W140,ME1,0.18610030534741487,-0.22425593218848,0.4103562375358949
CV-G,gfold_3,G+E+GxE legacy-grid,W140,ME2,-1.6087375216455324,-0.37618026455264053,-1.2325572570928918
CV-G,gfold_3,G+E+GxE legacy-grid,W140,ME3,-1.259016580021917,-0.2618358973100437,-0.9971806827118734
CV-G,gfold_3,G+E+GxE legacy-grid,W140,ME4,0.13089665606139114,0.10820975993434506,0.02268689612704608
CV-G,gfold_3,G+E+GxE legacy-grid,W142,ME1,1.6714747427873913,0.5227060629831912,1.1487686798042
CV-G,gfold_3,G+E+GxE legacy-grid,W142,ME2,-0.13766146230253548,0.3131165150953875,-0.450777977397923
CV-G,gfold_3,G+E+GxE legacy-grid,W142,ME3,-0.2556027704364871,0.46096546058429466,-0.7165682310207817
CV-G,gfold_3,G+E+GxE legacy-grid,W142,ME4,-0.015164401242247784,0.16978093517434262,-0.1849453364165904
CV-G,gfold_3,G+E+GxE legacy-grid,W145,ME1,-0.7810907125999806,-0.28744461385931347,-0.49364609874066717
CV-G,gfold_3,G+E+GxE legacy-grid,W145,ME2,-2.249516244482142,-0.07003070554650978,-2.1794855389356322
CV-G,gfold_3,G+E+GxE legacy-grid,W145,ME3,-1.1994770000380148,0.22243062167154454,-1.4219076217095594
CV-G,gfold_3,G+E+GxE legacy-grid,W145,ME4,-1.030755638270297,0.1471146418362036,-1.1778702801065006
CV-G,gfold_3,G+E+GxE legacy-grid,W149,ME1,0.5843132727906273,0.14101649451847684,0.4432967782721504
CV-G,gfold_3,G+E+GxE legacy-grid,W149,ME2,-2.175945354082383,0.053116665714835046,-2.229062019797218
CV-G,gfold_3,G+E+GxE legacy-grid,W149,ME3,-1.2089371120513464,-0.08206124409987756,-1.1268758679514688
CV-G,gfold_3,G+E+GxE legacy-grid,W149,ME4,-0.6308597053261925,0.15980646455464442,-0.7906661698808369
CV-G,gfold_3,G+E+GxE legacy-grid,W151,ME1,-0.07536540390823601,0.14462586929931365,-0.21999127320754966
CV-G,gfold_3,G+E+GxE legacy-grid,W151,ME2,-2.0675667305902654,-0.740000567814901,-1.3275661627753643
CV-G,gfold_3,G+E+GxE legacy-grid,W151,ME3,-1.2934023978846596,-0.627000199746155,-0.6664021981385047
CV-G,gfold_3,G+E+GxE legacy-grid,W151,ME4,-0.8262213844923779,-0.4931808504224937,-0.3330405340698842
CV-G,gfold_3,G+E+GxE legacy-grid,W166,ME1,-2.224246235952392,-1.4968986232770698,-0.727347612675322
CV-G,gfold_3,G+E+GxE legacy-grid,W166,ME2,-2.5271870243780064,0.3905646701511585,-2.917751694529165
CV-G,gfold_3,G+E+GxE legacy-grid,W166,ME3,-2.2671688921425965,0.5648612248401746,-2.832030116982771
CV-G,gfold_3,G+E+GxE legacy-grid,W166,ME4,-1.8428116926831115,0.9886154453872196,-2.831427138070331
CV-G,gfold_3,G+E+GxE legacy-grid,W168,ME1,0.623722479054078,0.16699743781856136,0.4567250412355166
CV-G,gfold_3,G+E+GxE legacy-grid,W168,ME2,-0.39804862054835655,0.19809711824455423,-0.5961457387929108
CV-G,gfold_3,G+E+GxE legacy-grid,W168,ME3,-0.35333755267421413,0.14565773261967163,-0.49899528529388576
CV-G,gfold_3,G+E+GxE legacy-grid,W168,ME4,0.3942974414170083,0.35477019689472494,0.039527244522283345
CV-G,gfold_3,G+E+GxE legacy-grid,W173,ME1,-0.15331239980563044,-0.10669219273071145,-0.046620207074918985
CV-G,gfold_3,G+E+GxE legacy-grid,W173,ME2,-0.25165362384063844,-0.2524249588701133,0.0007713350294748511
CV-G,gfold_3,G+E+GxE legacy-grid,W173,ME3,-0.24218968304615685,-0.2646375571873838,0.022447874141226953
CV-G,gfold_3,G+E+GxE legacy-grid,W173,ME4,-0.1768801956619657,-0.11325826491197398,-0.06362193074999171
CV-G,gfold_3,G+E+GxE legacy-grid,W177,ME1,1.053053978659442,0.023889080918792622,1.0291648977406493
CV-G,gfold_3,G+E+GxE legacy-grid,W177,ME2,0.00270230356208855,-0.3237667248065417,0.32646902836863023
CV-G,gfold_3,G+E+GxE legacy-grid,W177,ME3,-0.31923047025472223,-0.5285501477662127,0.20931967751149044
CV-G,gfold_3,G+E+GxE legacy-grid,W177,ME4,-0.6361067956058029,-0.29332414600531,-0.3427826496004929
CV-G,gfold_3,G+E+GxE legacy-grid,W186,ME1,-0.3243055171247901,0.008071716202964232,-0.3323772333277543
CV-G,gfold_3,G+E+GxE legacy-grid,W186,ME2,-0.7054325471476078,0.29914268687346796,-1.0045752340210758
CV-G,gfold_3,G+E+GxE legacy-grid,W186,ME3,-1.010435243814476,0.241516145016396,-1.251951388830872
CV-G,gfold_3,G+E+GxE legacy-grid,W186,ME4,-0.4604197383126394,0.07875597903877998,-0.5391757173514193
CV-G,gfold_3,G+E+GxE legacy-grid,W191,ME1,0.37423671243400053,0.16210638488069068,0.21213032755330985
CV-G,gfold_3,G+E+GxE legacy-grid,W191,ME2,-0.5956299709380749,0.3617397486639553,-0.9573697196020302
CV-G,gfold_3,G+E+GxE legacy-grid,W191,ME3,-0.3839900049031236,0.3130758758479649,-0.6970658807510886
CV-G,gfold_3,G+E+GxE legacy-grid,W191,ME4,-1.0203479914338283,0.5116694761714102,-1.5320174676052385
CV-G,gfold_3,G+E+GxE legacy-grid,W194,ME1,0.7324459557263389,0.4807672375753896,0.2516787181509493
CV-G,gfold_3,G+E+GxE legacy-grid,W194,ME2,-0.6745739095915452,0.3435206727555696,-1.0180945823471148
CV-G,gfold_3,G+E+GxE legacy-grid,W194,ME3,-1.4886776922026967,-0.277372692914032,-1.2113049992886649
CV-G,gfold_3,G+E+GxE legacy-grid,W194,ME4,-0.8865353892506589,-0.21415859988572156,-0.6723767893649373
CV-G,gfold_3,G+E+GxE legacy-grid,W198,ME1,1.4489621712788143,0.588280092244882,0.8606820790339323
CV-G,gfold_3,G+E+GxE legacy-grid,W198,ME2,2.143377888742169,0.2524833149706391,1.8908945737715297
CV-G,gfold_3,G+E+GxE legacy-grid,W198,ME3,0.22186259732206748,0.23774039737442657,-0.015877800052359087
CV-G,gfold_3,G+E+GxE legacy-grid,W198,ME4,1.4464688430630315,0.21938344885740202,1.2270853942056295
CV-G,gfold_3,G+E+GxE legacy-grid,W201,ME1,0.2495345495272083,0.24556883047664319,0.003965719050565114
CV-G,gfold_3,G+E+GxE legacy-grid,W201,ME2,-0.15299585089940518,0.12806194124271247,-0.2810577921421177
CV-G,gfold_3,G+E+GxE legacy-grid,W201,ME3,0.5758988428924009,0.20810740390435986,0.367791438988041
CV-G,gfold_3,G+E+GxE legacy-grid,W201,ME4,0.0012848727827377002,0.224712882632914,-0.2234280098501763
CV-G,gfold_3,G+E+GxE legacy-grid,W204,ME1,0.8061091652020398,0.21022182623440577,0.595887338967634
CV-G,gfold_3,G+E+GxE legacy-grid,W204,ME2,-0.32156020924758333,0.3544778131854374,-0.6760380224330207
CV-G,gfold_3,G+E+GxE legacy-grid,W204,ME3,0.5958073107633124,0.2805023937612647,0.3153049170020477
CV-G,gfold_3,G+E+GxE legacy-grid,W204,ME4,0.406097494519581,0.4761840975619481,-0.07008660304236713
CV-G,gfold_3,G+E+GxE legacy-grid,W206,ME1,1.270818551149298,0.7707576335315458,0.5000609176177522
CV-G,gfold_3,G+E+GxE legacy-grid,W206,ME2,-2.1234173205066416,-0.5755205002120264,-1.547896820294615
CV-G,gfold_3,G+E+GxE legacy-grid,W206,ME3,-1.0829402451737922,-0.3313592243629785,-0.7515810208108137
CV-G,gfold_3,G+E+GxE legacy-grid,W206,ME4,-0.8419547886291413,-0.13591077096520937,-0.706044017663932
CV-G,gfold_3,G+E+GxE legacy-grid,W212,ME1,0.8616355070710643,0.41317970588457326,0.44845580118649103
CV-G,gfold_3,G+E+GxE legacy-grid,W212,ME2,0.5139076577927054,0.32290302305092305,0.19100463474178236
CV-G,gfold_3,G+E+GxE legacy-grid,W212,ME3,0.1652708558137473,0.1998480693924377,-0.0345772135786904
CV-G,gfold_3,G+E+GxE legacy-grid,W212,ME4,0.7225591853264305,0.3177572667584698,0.40480191856796066
CV-G,gfold_3,G+E+GxE legacy-grid,W213,ME1,1.0264146908545742,0.06564742482612128,0.9607672660284529
CV-G,gfold_3,G+E+GxE legacy-grid,W213,ME2,0.36083590500999824,0.10584941768809288,0.2549864873219054
CV-G,gfold_3,G+E+GxE legacy-grid,W213,ME3,0.9103391421494047,0.048896213354571054,0.8614429287948336
CV-G,gfold_3,G+E+GxE legacy-grid,W213,ME4,0.781732518284796,0.30279966624566435,0.4789328520391316
CV-G,gfold_3,G+E+GxE legacy-grid,W219,ME1,0.33301952026633597,-0.4430148213526346,0.7760343416189706
CV-G,gfold_3,G+E+GxE legacy-grid,W219,ME2,0.31073808407197756,-0.04063855431164425,0.3513766383836218
CV-G,gfold_3,G+E+GxE legacy-grid,W219,ME3,0.3660363937109506,0.04708763286688042,0.3189487608440702
CV-G,gfold_3,G+E+GxE legacy-grid,W219,ME4,0.11969447231601589,-0.2243846854094219,0.3440791577254378
CV-G,gfold_3,G+E+GxE legacy-grid,W225,ME1,0.6895836592674551,0.31775523129891875,0.3718284279685364
CV-G,gfold_3,G+E+GxE legacy-grid,W225,ME2,-0.4081998212538374,0.39442355635835546,-0.8026233776121929
CV-G,gfold_3,G+E+GxE legacy-grid,W225,ME3,-0.06123970120544897,0.3161983418995092,-0.37743804310495815
CV-G,gfold_3,G+E+GxE legacy-grid,W225,ME4,-1.2229155696946508,0.14844553517641612,-1.3713611048710668
CV-G,gfold_3,G+E+GxE legacy-grid,W227,ME1,0.5613143890361353,-0.041269293392689005,0.6025836824288243
CV-G,gfold_3,G+E+GxE legacy-grid,W227,ME2,-0.1766081512935137,-0.3956951950164657,0.219087043722952
CV-G,gfold_3,G+E+GxE legacy-grid,W227,ME3,0.4533650527340126,0.041505719648352,0.41185933308566064
CV-G,gfold_3,G+E+GxE legacy-grid,W227,ME4,-0.4077128344544833,0.11689773671495408,-0.5246105711694374
CV-G,gfold_3,G+E+GxE legacy-grid,W243,ME1,0.105807814222934,-0.1898072248896424,0.2956150391125764
CV-G,gfold_3,G+E+GxE legacy-grid,W243,ME2,0.4818845433477355,-0.11232489765683276,0.5942094410045683
CV-G,gfold_3,G+E+GxE legacy-grid,W243,ME3,-0.1538221010073438,-0.4742538362647909,0.32043173525744706
CV-G,gfold_3,G+E+GxE legacy-grid,W243,ME4,-0.5057162088223804,-0.6778346655531823,0.17211845673080184
CV-G,gfold_3,G+E+GxE legacy-grid,W249,ME1,-0.4484213062248097,0.2492821109575013,-0.697703417182311
CV-G,gfold_3,G+E+GxE legacy-grid,W249,ME2,0.6315451382873913,0.38290768167570954,0.2486374566116818
CV-G,gfold_3,G+E+GxE legacy-grid,W249,ME3,1.0688129114298666,0.26403842555266144,0.8047744858772051
CV-G,gfold_3,G+E+GxE legacy-grid,W249,ME4,0.03136714149222922,0.25730060744743616,-0.22593346595520694
CV-G,gfold_3,G+E+GxE legacy-grid,W254,ME1,0.8122335138505444,0.12615743132113108,0.6860760825294133
CV-G,gfold_3,G+E+GxE legacy-grid,W254,ME2,-0.3479571282890808,-0.23816561918435353,-0.10979150910472729
CV-G,gfold_3,G+E+GxE legacy-grid,W254,ME3,0.013436057999783153,-0.15496782462284764,0.16840388262263079
CV-G,gfold_3,G+E+GxE legacy-grid,W254,ME4,-0.26432645585409414,-0.044126379234153204,-0.22020007661994095
CV-G,gfold_3,G+E+GxE legacy-grid,W255,ME1,1.112774522063013,0.27049402056232963,0.8422805015006833
CV-G,gfold_3,G+E+GxE legacy-grid,W255,ME2,-0.561075384995478,0.348403817671023,-0.9094792026665011
CV-G,gfold_3,G+E+GxE legacy-grid,W255,ME3,0.1625003944384145,0.290107338199835,-0.12760694376142048
CV-G,gfold_3,G+E+GxE legacy-grid,W255,ME4,-0.4336729512801425,0.5508609623270488,-0.9845339136071913
CV-G,gfold_3,G+E+GxE legacy-grid,W261,ME1,0.22731749751507793,0.5358324576574718,-0.3085149601423939
CV-G,gfold_3,G+E+GxE legacy-grid,W261,ME2,1.084621578253768,-0.597851993132948,1.682473571386716
CV-G,gfold_3,G+E+GxE legacy-grid,W261,ME3,0.1292295183486723,-0.5264023600157934,0.6556318783644657
CV-G,gfold_3,G+E+GxE legacy-grid,W261,ME4,0.6606482400482687,-0.3181584548008545,0.9788066948491232
CV-G,gfold_3,G+E+GxE legacy-grid,W262,ME1,0.33104865274913176,-0.03902719513126193,0.3700758478803937
CV-G,gfold_3,G+E+GxE legacy-grid,W262,ME2,-0.02358069926201445,-0.11514079978787138,0.09156010052585693
CV-G,gfold_3,G+E+GxE legacy-grid,W262,ME3,0.2723559451932222,0.007476945329274379,0.2648789998639478
CV-G,gfold_3,G+E+GxE legacy-grid,W262,ME4,0.046494809569726334,-0.18985680241054825,0.2363516119802746
CV-G,gfold_3,G+E+GxE legacy-grid,W263,ME1,0.5681717049431042,-0.42647041455479945,0.9946421194979036
CV-G,gfold_3,G+E+GxE legacy-grid,W263,ME2,0.6325134261352326,0.019960016215407148,0.6125534099198255
CV-G,gfold_3,G+E+GxE legacy-grid,W263,ME3,-1.4979857667015282,-0.055793082760677654,-1.4421926839408505
CV-G,gfold_3,G+E+GxE legacy-grid,W263,ME4,-0.5994007637547354,0.007495949470753244,-0.6068967132254887
CV-G,gfold_3,G+E+GxE legacy-grid,W269,ME1,-0.1518057448854522,-0.1251580716884232,-0.026647673197029015
CV-G,gfold_3,G+E+GxE legacy-grid,W269,ME2,2.4513756971795924,0.3829266363374251,2.068449060842167
CV-G,gfold_3,G+E+GxE legacy-grid,W269,ME3,-0.03230189427895601,0.06754740061447607,-0.09984929489343208
CV-G,gfold_3,G+E+GxE legacy-grid,W269,ME4,1.300148184591136,-0.024699395056165266,1.3248475796473014
CV-G,gfold_3,G+E+GxE legacy-grid,W289,ME1,0.5617053049073161,0.48914799430367206,0.07255731060364401
CV-G,gfold_3,G+E+GxE legacy-grid,W289,ME2,-0.3997953358817187,0.32728006453359015,-0.7270754004153088
CV-G,gfold_3,G+E+GxE legacy-grid,W289,ME3,-0.5727276860976623,0.08106525282477331,-0.6537929389224356
CV-G,gfold_3,G+E+GxE legacy-grid,W289,ME4,0.09530769590403353,0.018542902972846026,0.0767647929311875
CV-G,gfold_3,G+E+GxE legacy-grid,W299,ME1,-0.2784869193900994,0.22469539997041071,-0.50318231936051
CV-G,gfold_3,G+E+GxE legacy-grid,W299,ME2,-0.4033014239059308,-0.11771508482591628,-0.2855863390800145
CV-G,gfold_3,G+E+GxE legacy-grid,W299,ME3,-0.801704629463191,0.007747325535233463,-0.8094519549984245
CV-G,gfold_3,G+E+GxE legacy-grid,W299,ME4,-0.6884124976584712,-0.19243681772251642,-0.4959756799359548
CV-G,gfold_3,G+E+GxE legacy-grid,W302,ME1,-0.8003921837395503,0.4063218605546156,-1.206714044294166
CV-G,gfold_3,G+E+GxE legacy-grid,W302,ME2,-0.4864919059966695,-0.015284238474231798,-0.4712076675224377
CV-G,gfold_3,G+E+GxE legacy-grid,W302,ME3,-1.2653430299308328,-0.3591126370442439,-0.9062303928865889
CV-G,gfold_3,G+E+GxE legacy-grid,W302,ME4,-0.7026040281898321,-0.23900672415103025,-0.4635973040388019
CV-G,gfold_3,G+E+GxE legacy-grid,W303,ME1,-1.255776597343008,0.09963105892538492,-1.3554076562683928
CV-G,gfold_3,G+E+GxE legacy-grid,W303,ME2,-1.047927983418932,0.07719204310385218,-1.125120026522784
CV-G,gfold_3,G+E+GxE legacy-grid,W303,ME3,-1.2611619982820832,0.043851207504064876,-1.305013205786148
CV-G,gfold_3,G+E+GxE legacy-grid,W303,ME4,-0.7252207966364285,0.11053868039697222,-0.8357594770334007
CV-G,gfold_3,G+E+GxE legacy-grid,W307,ME1,0.529128982308885,0.6222875082106054,-0.09315852590172036
CV-G,gfold_3,G+E+GxE legacy-grid,W307,ME2,-0.3628928101250738,0.20629370687471377,-0.5691865169997876
CV-G,gfold_3,G+E+GxE legacy-grid,W307,ME3,-0.5341608365861715,0.49246089370034996,-1.0266217302865215
CV-G,gfold_3,G+E+GxE legacy-grid,W307,ME4,-0.009067707139252375,0.3215027845895384,-0.33057049172879077
CV-G,gfold_3,G+E+GxE legacy-grid,W308,ME1,0.2569863833216007,0.5379959001867595,-0.2810095168651588
CV-G,gfold_3,G+E+GxE legacy-grid,W308,ME2,-0.17723469048917492,0.27534140503594995,-0.4525760955251249
CV-G,gfold_3,G+E+GxE legacy-grid,W308,ME3,-0.7532722345663698,0.5245158795124348,-1.2777881140788048
CV-G,gfold_3,G+E+GxE legacy-grid,W308,ME4,0.11230763907380584,0.18398400846436563,-0.0716763693905598
CV-G,gfold_3,G+E+GxE legacy-grid,W310,ME1,1.4606977914948989,0.40912658267238383,1.051571208822515
CV-G,gfold_3,G+E+GxE legacy-grid,W310,ME2,-0.21608644929899126,-0.05399101516701968,-0.16209543413197158
CV-G,gfold_3,G+E+GxE legacy-grid,W310,ME3,-1.2849558693013277,-0.24001013300304722,-1.0449457362982804
CV-G,gfold_3,G+E+GxE legacy-grid,W310,ME4,-1.6030582137450489,-0.5817266212675605,-1.0213315924774884
CV-G,gfold_3,G+E+GxE legacy-grid,W319,ME1,-1.6812478027204563,0.27795004928879496,-1.9591978520092512
CV-G,gfold_3,G+E+GxE legacy-grid,W319,ME2,0.38090414530743055,-0.020126577264727823,0.4010307225721584
CV-G,gfold_3,G+E+GxE legacy-grid,W319,ME3,0.8645082780562494,0.05400736957724428,0.8105009084790051
CV-G,gfold_3,G+E+GxE legacy-grid,W319,ME4,-1.6535388409178535,-0.20769512349656816,-1.4458437174212855
CV-G,gfold_3,G+E+GxE legacy-grid,W324,ME1,0.869437536333388,-0.08647808923025574,0.9559156255636438
CV-G,gfold_3,G+E+GxE legacy-grid,W324,ME2,-0.8083178774898768,-0.297436726760188,-0.5108811507296889
CV-G,gfold_3,G+E+GxE legacy-grid,W324,ME3,-0.3029033305031427,-0.08737434549527189,-0.21552898500787082
CV-G,gfold_3,G+E+GxE legacy-grid,W324,ME4,0.0561551197096985,-0.3281321756358525,0.384287295345551
CV-G,gfold_3,G+E+GxE legacy-grid,W330,ME1,-0.7261670326990275,-0.048530138794125,-0.6776368939049024
CV-G,gfold_3,G+E+GxE legacy-grid,W330,ME2,0.5869469391779631,-0.1892791248044171,0.7762260639823803
CV-G,gfold_3,G+E+GxE legacy-grid,W330,ME3,0.5831037317739829,0.03841040313174697,0.544693328642236
CV-G,gfold_3,G+E+GxE legacy-grid,W330,ME4,-1.1303952866684164,-0.42581204276398177,-0.7045832439044346
CV-G,gfold_3,G+E+GxE legacy-grid,W344,ME1,0.8937964815563652,0.20844971466756385,0.6853467668888014
CV-G,gfold_3,G+E+GxE legacy-grid,W344,ME2,0.05443292361607808,0.3828073959063055,-0.3283744722902274
CV-G,gfold_3,G+E+GxE legacy-grid,W344,ME3,0.1939974995256575,0.4801246913144903,-0.28612719178883284
CV-G,gfold_3,G+E+GxE legacy-grid,W344,ME4,0.11909660295881917,0.42709072232952394,-0.30799411937070476
CV-G,gfold_3,G+E+GxE legacy-grid,W345,ME1,-1.1022769652592055,0.045309898767892334,-1.1475868640270979
CV-G,gfold_3,G+E+GxE legacy-grid,W345,ME2,0.602616747748268,-0.36930652324654123,0.9719232709948092
CV-G,gfold_3,G+E+GxE legacy-grid,W345,ME3,0.4881140713258382,-0.3751614962982006,0.8632755676240388
CV-G,gfold_3,G+E+GxE legacy-grid,W345,ME4,-2.0626073484736898,-0.32744882292435457,-1.7351585255493351
CV-G,gfold_3,G+E+GxE legacy-grid,W346,ME1,0.8811487243075244,1.1502152317644008,-0.2690665074568763
CV-G,gfold_3,G+E+GxE legacy-grid,W346,ME2,0.6804594963002706,0.4358566897876978,0.24460280651257277
CV-G,gfold_3,G+E+GxE legacy-grid,W346,ME3,0.39060734535986,0.42480692471836545,-0.03419957935850543
CV-G,gfold_3,G+E+GxE legacy-grid,W346,ME4,0.20038323543140474,0.01213938859178533,0.18824384683961942
CV-G,gfold_3,G+E+GxE legacy-grid,W349,ME1,-0.06457449704750653,0.42258617349506905,-0.4871606705425756
CV-G,gfold_3,G+E+GxE legacy-grid,W349,ME2,-0.3762083502025878,-0.37416805320288693,-0.0020402969997008746
CV-G,gfold_3,G+E+GxE legacy-grid,W349,ME3,-1.8742025963316886,-0.5762771867574861,-1.2979254095742025
CV-G,gfold_3,G+E+GxE legacy-grid,W349,ME4,0.17874980474335508,-0.06838783965760661,0.2471376444009617
CV-G,gfold_3,G+E+GxE legacy-grid,W353,ME1,-0.5724800867602826,0.3384285310225539,-0.9109086177828365
CV-G,gfold_3,G+E+GxE legacy-grid,W353,ME2,0.1338388558178651,0.5646487683013799,-0.4308099124835148
CV-G,gfold_3,G+E+GxE legacy-grid,W353,ME3,0.7475407502342775,0.503845026154266,0.2436957240800115
CV-G,gfold_3,G+E+GxE legacy-grid,W353,ME4,-0.967822021723245,0.5651583163809002,-1.5329803381041454
CV-G,gfold_3,G+E+GxE legacy-grid,W357,ME1,-0.15157771062726316,0.11739851577349088,-0.268976226400754
CV-G,gfold_3,G+E+GxE legacy-grid,W357,ME2,-1.0485355365783626,0.09452966354683796,-1.1430652001252006
CV-G,gfold_3,G+E+GxE legacy-grid,W357,ME3,-0.7274849828014595,0.0348306971322053,-0.7623156799336648
CV-G,gfold_3,G+E+GxE legacy-grid,W357,ME4,-0.4582721286479708,0.3353542342371091,-0.7936263628850799
CV-G,gfold_3,G+E+GxE legacy-grid,W358,ME1,0.3981477332212473,0.24702272447193996,0.15112500874930734
CV-G,gfold_3,G+E+GxE legacy-grid,W358,ME2,-0.9178926212646227,0.23585534418423054,-1.1537479654488532
CV-G,gfold_3,G+E+GxE legacy-grid,W358,ME3,-0.8300511793888522,0.16200615598427942,-0.9920573353731317
CV-G,gfold_3,G+E+GxE legacy-grid,W358,ME4,-0.3216747139325956,0.2906307618778274,-0.6123054758104229
CV-G,gfold_3,G+E+GxE legacy-grid,W359,ME1,0.10942378603136031,0.31435116643682076,-0.20492738040546044
CV-G,gfold_3,G+E+GxE legacy-grid,W359,ME2,-2.191767050942546,0.11891296043493253,-2.3106800113774786
CV-G,gfold_3,G+E+GxE legacy-grid,W359,ME3,-1.4510653004211223,0.1365652655111881,-1.5876305659323104
CV-G,gfold_3,G+E+GxE legacy-grid,W359,ME4,-0.2899719045970181,0.26353474604528326,-0.5535066506423014
CV-G,gfold_3,G+E+GxE legacy-grid,W369,ME1,1.5059788799067169,-0.0680917510846183,1.5740706309913353
CV-G,gfold_3,G+E+GxE legacy-grid,W369,ME2,-1.0773436822213476,-0.3320754166464883,-0.7452682655748593
CV-G,gfold_3,G+E+GxE legacy-grid,W369,ME3,-2.518149042467704,-0.4190289329071192,-2.099120109560585
CV-G,gfold_3,G+E+GxE legacy-grid,W369,ME4,-0.24801878246633907,-0.5240321500672357,0.2760133676008966
CV-G,gfold_3,G+E+GxE legacy-grid,W370,ME1,0.367517845898074,-0.33462193502125703,0.702139780919331
CV-G,gfold_3,G+E+GxE legacy-grid,W370,ME2,-0.3077383748705453,-0.22798041185747736,-0.07975796301306792
CV-G,gfold_3,G+E+GxE legacy-grid,W370,ME3,-0.33693439416538445,-0.11886077107997235,-0.21807362308541212
CV-G,gfold_3,G+E+GxE legacy-grid,W370,ME4,0.6035517164359556,-0.7697182612051311,1.3732699776410868
CV-G,gfold_3,G+E+GxE legacy-grid,W377,ME1,-0.8604547785304051,0.002523147754731423,-0.8629779262851365
CV-G,gfold_3,G+E+GxE legacy-grid,W377,ME2,-1.1326120336932695,-0.14171112138017838,-0.9909009123130911
CV-G,gfold_3,G+E+GxE legacy-grid,W377,ME3,-1.0597122915696302,-0.10415770215453664,-0.9555545894150935
CV-G,gfold_3,G+E+GxE legacy-grid,W377,ME4,-1.2020373424051667,-0.05312631952801794,-1.1489110228771486
CV-G,gfold_3,G+E+GxE legacy-grid,W379,ME1,0.029961991133138355,0.3084156104459843,-0.27845361931284596
CV-G,gfold_3,G+E+GxE legacy-grid,W379,ME2,-0.9210632893153995,0.13745260277758903,-1.0585158920929885
CV-G,gfold_3,G+E+GxE legacy-grid,W379,ME3,-0.4943945800158474,0.11021719340992119,-0.6046117734257686
CV-G,gfold_3,G+E+GxE legacy-grid,W379,ME4,-0.30165395716856463,-0.23374668272328558,-0.06790727444527905
CV-G,gfold_3,G+E+GxE legacy-grid,W391,ME1,0.5788078742714912,-0.2139341007095813,0.7927419749810725
CV-G,gfold_3,G+E+GxE legacy-grid,W391,ME2,0.25110294426665075,-0.971874315932952,1.2229772601996027
CV-G,gfold_3,G+E+GxE legacy-grid,W391,ME3,-0.42960125925311243,-0.752321650753153,0.3227203915000406
CV-G,gfold_3,G+E+GxE legacy-grid,W391,ME4,-0.9025283945556787,-0.6478761524997807,-0.254652242055898
CV-G,gfold_3,G+E+GxE legacy-grid,W401,ME1,-0.07231137366463306,0.2744158242638169,-0.34672719792844997
CV-G,gfold_3,G+E+GxE legacy-grid,W401,ME2,2.233086909939294,0.2756769084338616,1.957410001505432
CV-G,gfold_3,G+E+GxE legacy-grid,W401,ME3,0.9859524660273871,0.21701312747991153,0.7689393385474755
CV-G,gfold_3,G+E+GxE legacy-grid,W401,ME4,0.051899233890704534,0.3134231332105123,-0.26152389931980774
CV-G,gfold_3,G+E+GxE legacy-grid,W404,ME1,1.5656912792296387,-0.18342157237341256,1.7491128516030512
CV-G,gfold_3,G+E+GxE legacy-grid,W404,ME2,2.122278073809454,0.20779878137719898,1.9144792924322553
CV-G,gfold_3,G+E+GxE legacy-grid,W404,ME3,0.095156222043514,0.2407632656169545,-0.1456070435734405
CV-G,gfold_3,G+E+GxE legacy-grid,W404,ME4,1.8980175417881282,0.6866744805408659,1.2113430612472622
CV-G,gfold_3,G+E+GxE legacy-grid,W424,ME1,-0.9516359054834128,0.20086572250038331,-1.152501627983796
CV-G,gfold_3,G+E+GxE legacy-grid,W424,ME2,0.0024364990548377532,-0.09867336389376936,0.10110986294860712
CV-G,gfold_3,G+E+GxE legacy-grid,W424,ME3,0.14240610293866926,-0.14135779846314117,0.2837639014018104
CV-G,gfold_3,G+E+GxE legacy-grid,W424,ME4,0.31206680469621634,-0.1540195653815486,0.46608637007776493
CV-G,gfold_3,G+E+GxE legacy-grid,W425,ME1,-0.017623872102518333,-0.014081083669362948,-0.0035427884331553847
CV-G,gfold_3,G+E+GxE legacy-grid,W425,ME2,1.4630449237551506,-0.024725829596158964,1.4877707533513096
CV-G,gfold_3,G+E+GxE legacy-grid,W425,ME3,1.0359305756549586,-0.01628869098553714,1.0522192666404957
CV-G,gfold_3,G+E+GxE legacy-grid,W425,ME4,-0.016934409207633682,-0.09131534429152212,0.07438093508388843
CV-G,gfold_3,G+E+GxE legacy-grid,W426,ME1,-0.9697076204448922,0.4715420193850012,-1.4412496398298935
CV-G,gfold_3,G+E+GxE legacy-grid,W426,ME2,0.3311860450940529,0.20558581678325,0.12560022831080292
CV-G,gfold_3,G+E+GxE legacy-grid,W426,ME3,0.03698497969011068,0.0889408296888514,-0.05195584999874073
CV-G,gfold_3,G+E+GxE legacy-grid,W426,ME4,0.12064634326629034,0.2748299150830408,-0.15418357181675044
CV-G,gfold_3,G+E+GxE legacy-grid,W428,ME1,-0.8434417940533767,-0.03585762894732743,-0.8075841651060492
CV-G,gfold_3,G+E+GxE legacy-grid,W428,ME2,0.29988440002590616,0.07655779636033383,0.22332660366557233
CV-G,gfold_3,G+E+GxE legacy-grid,W428,ME3,0.024154702772029957,-0.024089536048658974,0.04824423882068893
CV-G,gfold_3,G+E+GxE legacy-grid,W428,ME4,-0.24336956154392553,-0.3308806765715016,0.08751111502757608
CV-G,gfold_3,G+E+GxE legacy-grid,W430,ME1,-0.8572378666738105,-0.15516380502828975,-0.7020740616455208
CV-G,gfold_3,G+E+GxE legacy-grid,W430,ME2,0.273778600206637,0.28676180065576357,-0.012983200449126542
CV-G,gfold_3,G+E+GxE legacy-grid,W430,ME3,0.25864722930247525,0.20917293211561094,0.0494742971868643
CV-G,gfold_3,G+E+GxE legacy-grid,W430,ME4,-0.6387814743090532,0.021666926224621477,-0.6604484005336747
CV-G,gfold_3,G+E+GxE legacy-grid,W434,ME1,-0.9589655780680585,-0.025686571587632077,-0.9332790064804264
CV-G,gfold_3,G+E+GxE legacy-grid,W434,ME2,0.24002775646453645,-0.07616974836440998,0.31619750482894643
CV-G,gfold_3,G+E+GxE legacy-grid,W434,ME3,-0.26644811313748434,-0.11074990978406206,-0.15569820335342227
CV-G,gfold_3,G+E+GxE legacy-grid,W434,ME4,0.6260190175432536,-0.09957358020946751,0.7255925977527211
CV-G,gfold_3,G+E+GxE legacy-grid,W441,ME1,-0.1405261931857474,-0.12203692808306714,-0.018489265102680272
CV-G,gfold_3,G+E+GxE legacy-grid,W441,ME2,1.1898295336951092,0.044621412457915385,1.1452081212371938
CV-G,gfold_3,G+E+GxE legacy-grid,W441,ME3,0.5097202914419995,0.29969596395820386,0.21002432748379563
CV-G,gfold_3,G+E+GxE legacy-grid,W441,ME4,-0.09874811071880044,0.1439398130151005,-0.24268792373390094
CV-G,gfold_3,G+E+GxE legacy-grid,W442,ME1,-1.5050098974629482,-0.17345050943437187,-1.3315593880285763
CV-G,gfold_3,G+E+GxE legacy-grid,W442,ME2,0.20619463989876383,0.1047556833267795,0.10143895657198433
CV-G,gfold_3,G+E+GxE legacy-grid,W442,ME3,1.7519259106067904,0.09624279819130817,1.6556831124154823
CV-G,gfold_3,G+E+GxE legacy-grid,W442,ME4,0.8402057147590752,0.2148714342906003,0.625334280468475
CV-G,gfold_3,G+E+GxE legacy-grid,W444,ME1,-1.3819365506860797,-0.7748660907960627,-0.607070459890017
CV-G,gfold_3,G+E+GxE legacy-grid,W444,ME2,1.0617117612002522,0.2588294587434361,0.8028823024568161
CV-G,gfold_3,G+E+GxE legacy-grid,W444,ME3,-0.4131051889298666,-0.05759669258499803,-0.3555084963448686
CV-G,gfold_3,G+E+GxE legacy-grid,W444,ME4,-2.0072100325081474,-0.7996189720327397,-1.2075910604754077
CV-G,gfold_3,G+E+GxE legacy-grid,W447,ME1,-0.8943422981134241,0.049379973452126566,-0.9437222715655507
CV-G,gfold_3,G+E+GxE legacy-grid,W447,ME2,1.4092511544305966,-0.11333148482692111,1.5225826392575177
CV-G,gfold_3,G+E+GxE legacy-grid,W447,ME3,4.875384608494055,-0.3694957081323019,5.2448803166263565
CV-G,gfold_3,G+E+GxE legacy-grid,W447,ME4,-0.6688873431247483,-0.13614974051633832,-0.53273760260841
CV-G,gfold_3,G+E+GxE legacy-grid,W452,ME1,-0.18952098237378498,0.1441503485522852,-0.33367133092607015
CV-G,gfold_3,G+E+GxE legacy-grid,W452,ME2,2.0976278701013205,-0.38593142463347124,2.4835592947347918
CV-G,gfold_3,G+E+GxE legacy-grid,W452,ME3,1.1739384061780092,-0.516907010839202,1.6908454170172111
CV-G,gfold_3,G+E+GxE legacy-grid,W452,ME4,-0.10936815851111582,-0.06972860167073404,-0.039639556840381784
CV-G,gfold_3,G+E+GxE legacy-grid,W453,ME1,0.3815175205347489,-0.2805257548724159,0.6620432754071648
CV-G,gfold_3,G+E+GxE legacy-grid,W453,ME2,1.5860301377885717,0.3885451654356499,1.197484972352922
CV-G,gfold_3,G+E+GxE legacy-grid,W453,ME3,1.5987143286337429,0.4017352653871219,1.196979063246621
CV-G,gfold_3,G+E+GxE legacy-grid,W453,ME4,0.8344944890574307,0.40317579072946635,0.4313186983279644
CV-G,gfold_3,G+E+GxE legacy-grid,W460,ME1,0.9802784739745464,0.23508942640007552,0.7451890475744709
CV-G,gfold_3,G+E+GxE legacy-grid,W460,ME2,0.169754107690435,0.34821285131156154,-0.17845874362112654
CV-G,gfold_3,G+E+GxE legacy-grid,W460,ME3,0.7245155133161162,0.2871891943409695,0.4373263189751467
CV-G,gfold_3,G+E+GxE legacy-grid,W460,ME4,1.3428014432059008,0.5402057341473162,0.8025957090585846
CV-G,gfold_3,G+E+GxE legacy-grid,W465,ME1,-0.549196160183055,-0.23589694400529182,-0.31329921617776313
CV-G,gfold_3,G+E+GxE legacy-grid,W465,ME2,1.4330912872594905,0.2964615682839421,1.1366297189755485
CV-G,gfold_3,G+E+GxE legacy-grid,W465,ME3,-0.01515544125479358,0.35402625728674547,-0.36918169854153904
CV-G,gfold_3,G+E+GxE legacy-grid,W465,ME4,-0.5143617143955314,0.04097625692544184,-0.5553379713209732
CV-G,gfold_3,G+E+GxE legacy-grid,W467,ME1,-0.38400162828641343,-0.06511984229124236,-0.3188817859951711
CV-G,gfold_3,G+E+GxE legacy-grid,W467,ME2,1.1888042877385714,0.6927857542785845,0.4960185334599869
CV-G,gfold_3,G+E+GxE legacy-grid,W467,ME3,1.411953135127704,0.8612321798737334,0.5507209552539706
CV-G,gfold_3,G+E+GxE legacy-grid,W467,ME4,0.731102423772693,0.9930771015570484,-0.26197467778435546
CV-G,gfold_3,G+E+GxE legacy-grid,W471,ME1,-0.124954710983697,-0.32326463445814524,0.19830992347444826
CV-G,gfold_3,G+E+GxE legacy-grid,W471,ME2,1.0765145407826204,0.48640895953244323,0.5901055812501772
CV-G,gfold_3,G+E+GxE legacy-grid,W471,ME3,0.6808385140117097,0.5893071677107152,0.09153134630099447
CV-G,gfold_3,G+E+GxE legacy-grid,W471,ME4,0.895744631361849,0.3781963612891116,0.5175482700727374
CV-G,gfold_3,G+E+GxE legacy-grid,W476,ME1,-0.14867841791600267,0.1600881039644177,-0.30876652188042036
CV-G,gfold_3,G+E+GxE legacy-grid,W476,ME2,1.2076321070021656,0.5895216361712449,0.6181104708309207
CV-G,gfold_3,G+E+GxE legacy-grid,W476,ME3,1.2745281150769037,0.5097568792956572,0.7647712357812465
CV-G,gfold_3,G+E+GxE legacy-grid,W476,ME4,0.8550029813497011,0.5655853718167442,0.2894176095329569
CV-G,gfold_3,G+E+GxE legacy-grid,W485,ME1,-0.9317154842144731,-0.5762042642074309,-0.3555112200070423
CV-G,gfold_3,G+E+GxE legacy-grid,W485,ME2,0.7339051882939019,0.016697086671143738,0.7172081016227582
CV-G,gfold_3,G+E+GxE legacy-grid,W485,ME3,0.2628704935941416,0.26450400739842284,-0.001633513804281228
CV-G,gfold_3,G+E+GxE legacy-grid,W485,ME4,0.06889917706047614,-0.030740062628862863,0.09963923968933901
CV-G,gfold_3,G+E+GxE legacy-grid,W487,ME1,-0.26387643870470245,0.2997232664322603,-0.5635997051369628
CV-G,gfold_3,G+E+GxE legacy-grid,W487,ME2,1.2477116294883301,0.13905834137064121,1.108653288117689
CV-G,gfold_3,G+E+GxE legacy-grid,W487,ME3,0.6283855715092214,0.022347345028180407,0.606038226481041
CV-G,gfold_3,G+E+GxE legacy-grid,W487,ME4,-0.12355968904247606,-0.24057808576810763,0.11701839672563157
CV-G,gfold_3,G+E+GxE legacy-grid,W491,ME1,0.07964902717639381,0.1512955465362329,-0.07164651935983908
CV-G,gfold_3,G+E+GxE legacy-grid,W491,ME2,1.272709910527388,0.08404872420778814,1.1886611863196
CV-G,gfold_3,G+E+GxE legacy-grid,W491,ME3,1.5891444117488291,-0.13928129829830058,1.7284257100471296
CV-G,gfold_3,G+E+GxE legacy-grid,W491,ME4,0.15219968526256802,0.23123469407242042,-0.0790350088098524
CV-G,gfold_3,G+E+GxE legacy-grid,W517,ME1,-0.3560837198195595,-0.4511465668457462,0.09506284702618673
CV-G,gfold_3,G+E+GxE legacy-grid,W517,ME2,1.2586286003218419,0.9294712508895657,0.32915734943227615
CV-G,gfold_3,G+E+GxE legacy-grid,W517,ME3,0.30337159815121556,0.899560136905314,-0.5961885387540984
CV-G,gfold_3,G+E+GxE legacy-grid,W517,ME4,1.3390883598296244,0.6895929450202376,0.6494954148093868
CV-G,gfold_3,G+E+GxE legacy-grid,W524,ME1,-1.8219205077811278,-0.5248378747728242,-1.2970826330083036
CV-G,gfold_3,G+E+GxE legacy-grid,W524,ME2,-0.14534447829782987,-0.757770917814935,0.6124264395171051
CV-G,gfold_3,G+E+GxE legacy-grid,W524,ME3,-0.07123194451953051,-0.7170519986601256,0.6458200541405951
CV-G,gfold_3,G+E+GxE legacy-grid,W524,ME4,1.9022104939905746,-0.541412523430458,2.4436230174210327
CV-G,gfold_3,G+E+GxE legacy-grid,W541,ME1,-0.5933045009813293,-0.48716707958012007,-0.10613742140120919
CV-G,gfold_3,G+E+GxE legacy-grid,W541,ME2,0.5333746736094507,-0.4322423800802435,0.9656170536896942
CV-G,gfold_3,G+E+GxE legacy-grid,W541,ME3,0.7788351386355192,-0.15569190374514855,0.9345270423806677
CV-G,gfold_3,G+E+GxE legacy-grid,W541,ME4,1.1725188102337143,-0.5314897931552308,1.704008603388945
CV-G,gfold_3,G+E+GxE legacy-grid,W554,ME1,-2.289097550165217,-0.5689779900147905,-1.7201195601504264
CV-G,gfold_3,G+E+GxE legacy-grid,W554,ME2,0.5153252818313763,0.4095388095073856,0.10578647232399069
CV-G,gfold_3,G+E+GxE legacy-grid,W554,ME3,-0.009149959432045036,0.006374936784748925,-0.015524896216793961
CV-G,gfold_3,G+E+GxE legacy-grid,W554,ME4,1.212041121425263,0.3450229439757817,0.8670181774494814
CV-G,gfold_3,G+E+GxE legacy-grid,W559,ME1,-2.006636400994877,-0.3520200506060259,-1.6546163503888511
CV-G,gfold_3,G+E+GxE legacy-grid,W559,ME2,1.475702281243281,0.7725261715074472,0.7031761097358338
CV-G,gfold_3,G+E+GxE legacy-grid,W559,ME3,-0.06654412115578129,0.9600312775785703,-1.0265753987343516
CV-G,gfold_3,G+E+GxE legacy-grid,W559,ME4,-0.7646644408072932,0.8983761108241178,-1.663040551631411
CV-G,gfold_3,G+E+GxE legacy-grid,W560,ME1,-1.177055913783901,-1.0189436765035098,-0.15811223728039114
CV-G,gfold_3,G+E+GxE legacy-grid,W560,ME2,0.3080610529632381,0.029851918468204383,0.2782091344950337
CV-G,gfold_3,G+E+GxE legacy-grid,W560,ME3,0.7700845350231875,0.29283541323559603,0.4772491217875915
CV-G,gfold_3,G+E+GxE legacy-grid,W560,ME4,1.405561992307448,1.1030767554293504,0.3024852368780977
CV-G,gfold_3,G+E+GxE legacy-grid,W563,ME1,-2.418661729219824,-0.17816856669210002,-2.2404931625277236
CV-G,gfold_3,G+E+GxE legacy-grid,W563,ME2,0.6355701779686163,0.2032813990682784,0.43228877890033784
CV-G,gfold_3,G+E+GxE legacy-grid,W563,ME3,0.5096527192133324,0.2927607631124801,0.21689195610085232
CV-G,gfold_3,G+E+GxE legacy-grid,W563,ME4,1.3973019551356471,0.7287858316676845,0.6685161234679626
CV-G,gfold_3,G+E+GxE legacy-grid,W571,ME1,-2.0155215929835992,-0.8520540688474425,-1.1634675241361567
CV-G,gfold_3,G+E+GxE legacy-grid,W571,ME2,0.39112496147909465,0.21331358785316684,0.1778113736259278
CV-G,gfold_3,G+E+GxE legacy-grid,W571,ME3,-0.18840218902750308,0.2725754359730129,-0.460977625000516
CV-G,gfold_3,G+E+GxE legacy-grid,W571,ME4,0.9986568278204154,0.5055264500593288,0.4931303777610866
CV-G,gfold_3,G+E+GxE legacy-grid,W577,ME1,-1.4524724331923298,0.21332797246217108,-1.6658004056545008
CV-G,gfold_3,G+E+GxE legacy-grid,W577,ME2,0.986248595856017,0.4961238029113375,0.4901247929446795
CV-G,gfold_3,G+E+GxE legacy-grid,W577,ME3,0.7816309395966025,0.4630881510155291,0.3185427885810734
CV-G,gfold_3,G+E+GxE legacy-grid,W577,ME4,2.3877197455448753,0.47988440466212545,1.90783534088275
CV-G,gfold_3,G+E+GxE legacy-grid,W585,ME1,-2.2687292044605485,-0.8356013593438414,-1.433127845116707
CV-G,gfold_3,G+E+GxE legacy-grid,W585,ME2,0.2297436535054296,0.13249892166028404,0.09724473184514557
CV-G,gfold_3,G+E+GxE legacy-grid,W585,ME3,0.11161005972384323,0.2843671358251745,-0.17275707610133123
CV-G,gfold_3,G+E+GxE legacy-grid,W585,ME4,1.1666109169803598,0.638322383849364,0.5282885331309958
CV-G,gfold_3,G+E+GxE legacy-grid,W586,ME1,-1.9222392932229935,-0.8297501266131395,-1.092489166609854
CV-G,gfold_3,G+E+GxE legacy-grid,W586,ME2,0.6403166870266653,0.1360028285869177,0.5043138584397476
CV-G,gfold_3,G+E+GxE legacy-grid,W586,ME3,0.3150193610676296,0.2566261635897114,0.05839319747791821
CV-G,gfold_3,G+E+GxE legacy-grid,W586,ME4,0.9123197726199288,0.4623241681831927,0.4499956044367361
CV-G,gfold_3,G+E+GxE expanded-grid,W001,ME1,1.6716294803197338,-0.07076557432882734,1.7423950546485611
CV-G,gfold_3,G+E+GxE expanded-grid,W001,ME2,-1.7274698635629413,-0.6463812237634043,-1.081088639799537
CV-G,gfold_3,G+E+GxE expanded-grid,W001,ME3,-1.8902847867543517,-0.37072252594202426,-1.5195622608123274
CV-G,gfold_3,G+E+GxE expanded-grid,W001,ME4,0.050915896132156344,0.006119684342546047,0.044796211789610296
CV-G,gfold_3,G+E+GxE expanded-grid,W005,ME1,0.998317612613427,0.5157707642182972,0.48254684839512985
CV-G,gfold_3,G+E+GxE expanded-grid,W005,ME2,-0.28248061800298024,-0.4441920272068692,0.16171140920388893
CV-G,gfold_3,G+E+GxE expanded-grid,W005,ME3,1.6186819222047384,-0.24788180023783635,1.8665637224425748
CV-G,gfold_3,G+E+GxE expanded-grid,W005,ME4,-0.11428484730385398,-0.2806081923121076,0.16632334500825363
CV-G,gfold_3,G+E+GxE expanded-grid,W013,ME1,1.1741808901610542,0.47583412864916963,0.6983467615118846
CV-G,gfold_3,G+E+GxE expanded-grid,W013,ME2,-0.2076376631756647,-0.5848024362713312,0.37716477309566654
CV-G,gfold_3,G+E+GxE expanded-grid,W013,ME3,0.7516035304828591,-0.9316418349781241,1.6832453654609831
CV-G,gfold_3,G+E+GxE expanded-grid,W013,ME4,-0.1916381287422496,-0.21170590170985154,0.020067772967601927
CV-G,gfold_3,G+E+GxE expanded-grid,W014,ME1,0.31602282395060466,0.4769161973747908,-0.16089337342418614
CV-G,gfold_3,G+E+GxE expanded-grid,W014,ME2,-0.6536512976636655,-0.036340637065326364,-0.6173106605983392
CV-G,gfold_3,G+E+GxE expanded-grid,W014,ME3,-0.43037833988277874,-0.18779445896974686,-0.24258388091303187
CV-G,gfold_3,G+E+GxE expanded-grid,W014,ME4,0.006807297634742042,-0.07648871136869038,0.08329600900343243
CV-G,gfold_3,G+E+GxE expanded-grid,W015,ME1,0.7976148890844981,0.1258735670088579,0.6717413220756402
CV-G,gfold_3,G+E+GxE expanded-grid,W015,ME2,-0.6338235471585086,-0.5018985843442537,-0.13192496281425492
CV-G,gfold_3,G+E+GxE expanded-grid,W015,ME3,-0.697905239702633,-0.6395633249732018,-0.05834191472943118
CV-G,gfold_3,G+E+GxE expanded-grid,W015,ME4,-0.23608499542860478,-0.4715363442034042,0.2354513487747994
CV-G,gfold_3,G+E+GxE expanded-grid,W018,ME1,1.8136703909295409,0.15504879295651486,1.6586215979730259
CV-G,gfold_3,G+E+GxE expanded-grid,W018,ME2,-0.35961455453564845,-0.0667200005023221,-0.2928945540333263
CV-G,gfold_3,G+E+GxE expanded-grid,W018,ME3,-0.5233577265280902,-0.41124727316833226,-0.11211045335975794
CV-G,gfold_3,G+E+GxE expanded-grid,W018,ME4,-0.5764535938212662,-0.35515716821653587,-0.22129642560473028
CV-G,gfold_3,G+E+GxE expanded-grid,W021,ME1,0.6658680964157973,0.6209902300034424,0.044877866412354805
CV-G,gfold_3,G+E+GxE expanded-grid,W021,ME2,-0.4888968039194143,0.7420016608911176,-1.230898464810532
CV-G,gfold_3,G+E+GxE expanded-grid,W021,ME3,-0.718396518045794,0.6327547255048168,-1.3511512435506108
CV-G,gfold_3,G+E+GxE expanded-grid,W021,ME4,0.26606233100032195,0.6698679156659786,-0.40380558466565664
CV-G,gfold_3,G+E+GxE expanded-grid,W030,ME1,-0.5190467736182077,-0.10967864888871381,-0.4093681247294939
CV-G,gfold_3,G+E+GxE expanded-grid,W030,ME2,0.41790792992397896,0.227521478290577,0.19038645163340195
CV-G,gfold_3,G+E+GxE expanded-grid,W030,ME3,0.5699440402411526,0.16709366129294906,0.4028503789482036
CV-G,gfold_3,G+E+GxE expanded-grid,W030,ME4,-1.1923848989672625,-0.24723837418001388,-0.9451465247872486
CV-G,gfold_3,G+E+GxE expanded-grid,W035,ME1,0.26570869369733,0.22291069915483264,0.042797994542497386
CV-G,gfold_3,G+E+GxE expanded-grid,W035,ME2,-0.3621966554632271,-0.5612110369146192,0.19901438145139205
CV-G,gfold_3,G+E+GxE expanded-grid,W035,ME3,-0.07067447363303,-0.7727205086519139,0.7020460350188839
CV-G,gfold_3,G+E+GxE expanded-grid,W035,ME4,0.011094650262009738,-0.19334469657567022,0.20443934683767995
CV-G,gfold_3,G+E+GxE expanded-grid,W040,ME1,0.12124899113458985,0.14857438966415898,-0.027325398529569125
CV-G,gfold_3,G+E+GxE expanded-grid,W040,ME2,-0.3822269236881942,0.0015495906053272432,-0.38377651429352144
CV-G,gfold_3,G+E+GxE expanded-grid,W040,ME3,-0.6295052512348155,-0.0528493721437301,-0.5766558790910854
CV-G,gfold_3,G+E+GxE expanded-grid,W040,ME4,-0.2185186497099088,0.03931276338127085,-0.25783141309117963
CV-G,gfold_3,G+E+GxE expanded-grid,W041,ME1,0.7482861925898263,0.2458480956200591,0.5024380969697673
CV-G,gfold_3,G+E+GxE expanded-grid,W041,ME2,1.4223008900008585,0.3856067021305401,1.0366941878703184
CV-G,gfold_3,G+E+GxE expanded-grid,W041,ME3,1.167983603526761,0.25725534227024993,0.9107282612565111
CV-G,gfold_3,G+E+GxE expanded-grid,W041,ME4,-0.9540552931035775,0.4923366282163522,-1.4463919213199297
CV-G,gfold_3,G+E+GxE expanded-grid,W047,ME1,0.004511739103114679,0.0415210515793944,-0.03700931247627972
CV-G,gfold_3,G+E+GxE expanded-grid,W047,ME2,-0.7633779297282691,-0.34015158204861745,-0.42322634767965167
CV-G,gfold_3,G+E+GxE expanded-grid,W047,ME3,-0.7506031315340369,-0.033652038104219094,-0.7169510934298178
CV-G,gfold_3,G+E+GxE expanded-grid,W047,ME4,-0.39312796881970424,-0.34068107150249033,-0.052446897317213914
CV-G,gfold_3,G+E+GxE expanded-grid,W052,ME1,0.139231121208924,0.3050994406873843,-0.1658683194784603
CV-G,gfold_3,G+E+GxE expanded-grid,W052,ME2,-0.48340351076956456,0.00048775286385210545,-0.48389126363341667
CV-G,gfold_3,G+E+GxE expanded-grid,W052,ME3,-0.5166005036614257,-0.24582254875972306,-0.27077795490170264
CV-G,gfold_3,G+E+GxE expanded-grid,W052,ME4,-0.31881910108177297,-0.33534146911208557,0.016522368030312595
CV-G,gfold_3,G+E+GxE expanded-grid,W056,ME1,-1.092259746060187,0.1357084242032594,-1.2279681702634464
CV-G,gfold_3,G+E+GxE expanded-grid,W056,ME2,-0.28348687792328675,-0.18233850166765064,-0.10114837625563611
CV-G,gfold_3,G+E+GxE expanded-grid,W056,ME3,1.5632389085837513,-0.49826807197332307,2.0615069805570743
CV-G,gfold_3,G+E+GxE expanded-grid,W056,ME4,-1.3650904761765097,-0.8220973730682001,-0.5429931031083096
CV-G,gfold_3,G+E+GxE expanded-grid,W057,ME1,0.44940657682987684,-0.4322950521533707,0.8817016289832476
CV-G,gfold_3,G+E+GxE expanded-grid,W057,ME2,-0.13420600370827623,-0.4876574133720958,0.35345140966381955
CV-G,gfold_3,G+E+GxE expanded-grid,W057,ME3,0.22090813959215116,-0.2740075383674838,0.494915677959635
CV-G,gfold_3,G+E+GxE expanded-grid,W057,ME4,-0.5565665709923975,-0.5982236177772398,0.04165704678484228
CV-G,gfold_3,G+E+GxE expanded-grid,W071,ME1,0.5258713500490438,0.23266135729190218,0.29320999275714166
CV-G,gfold_3,G+E+GxE expanded-grid,W071,ME2,1.2510341858289644,0.2543324674635147,0.9967017183654497
CV-G,gfold_3,G+E+GxE expanded-grid,W071,ME3,1.4130089512006208,0.13440714856194247,1.2786018026386783
CV-G,gfold_3,G+E+GxE expanded-grid,W071,ME4,-2.090140805713025,0.09960826854509061,-2.1897490742581156
CV-G,gfold_3,G+E+GxE expanded-grid,W077,ME1,-0.15064114135255904,0.23532711908733772,-0.38596826043989674
CV-G,gfold_3,G+E+GxE expanded-grid,W077,ME2,0.32447764562534365,0.2775617168916565,0.04691592873368716
CV-G,gfold_3,G+E+GxE expanded-grid,W077,ME3,1.2641726710337384,0.37160617994960343,0.892566491084135
CV-G,gfold_3,G+E+GxE expanded-grid,W077,ME4,-0.07680787865008504,0.46310652934337393,-0.539914407993459
CV-G,gfold_3,G+E+GxE expanded-grid,W085,ME1,-0.07534097166628811,0.18250376757521558,-0.2578447392415037
CV-G,gfold_3,G+E+GxE expanded-grid,W085,ME2,-1.1528891203892548,-0.8678107703252069,-0.2850783500640479
CV-G,gfold_3,G+E+GxE expanded-grid,W085,ME3,0.22778361385898288,-0.5709852480110019,0.7987688618699849
CV-G,gfold_3,G+E+GxE expanded-grid,W085,ME4,0.08238270440568299,-0.7665485724579563,0.8489312768636392
CV-G,gfold_3,G+E+GxE expanded-grid,W086,ME1,0.9299969200438688,0.4845484822084236,0.4454484378354452
CV-G,gfold_3,G+E+GxE expanded-grid,W086,ME2,-0.08236779611563717,0.5961749520930482,-0.6785427482086853
CV-G,gfold_3,G+E+GxE expanded-grid,W086,ME3,1.1544860508505967,0.46428151001798346,0.6902045408326133
CV-G,gfold_3,G+E+GxE expanded-grid,W086,ME4,0.6251851471240046,0.2646637130267691,0.3605214340972355
CV-G,gfold_3,G+E+GxE expanded-grid,W096,ME1,-0.01652442121482098,0.19525964964179335,-0.21178407085661433
CV-G,gfold_3,G+E+GxE expanded-grid,W096,ME2,-0.596522314640988,-0.7615601671282008,0.1650378524872128
CV-G,gfold_3,G+E+GxE expanded-grid,W096,ME3,-0.39243653348645485,-0.9434844700608721,0.5510479365744172
CV-G,gfold_3,G+E+GxE expanded-grid,W096,ME4,-0.9079485522807936,-0.35770218806889786,-0.5502463642118958
CV-G,gfold_3,G+E+GxE expanded-grid,W098,ME1,0.47585040669915263,-0.195720239444233,0.6715706461433857
CV-G,gfold_3,G+E+GxE expanded-grid,W098,ME2,0.35041257111852275,-0.12509549692476551,0.47550806804328827
CV-G,gfold_3,G+E+GxE expanded-grid,W098,ME3,-0.8464374448405143,0.24523733705052359,-1.091674781891038
CV-G,gfold_3,G+E+GxE expanded-grid,W098,ME4,0.024688311436172554,-0.03204096573203699,0.056729277168209545
CV-G,gfold_3,G+E+GxE expanded-grid,W102,ME1,1.255768290108823,-0.1189698557288542,1.374738145837677
CV-G,gfold_3,G+E+GxE expanded-grid,W102,ME2,-0.07896296695132968,-0.22458887202316513,0.14562590507183545
CV-G,gfold_3,G+E+GxE expanded-grid,W102,ME3,0.5583976356677377,-0.007331259073414248,0.565728894741152
CV-G,gfold_3,G+E+GxE expanded-grid,W102,ME4,-0.8065546293214246,0.09638846559034908,-0.9029430949117737
CV-G,gfold_3,G+E+GxE expanded-grid,W109,ME1,-0.7609666893148012,0.3331126866625318,-1.094079375977333
CV-G,gfold_3,G+E+GxE expanded-grid,W109,ME2,0.017422810320783577,-0.15288120110114783,0.1703040114219314
CV-G,gfold_3,G+E+GxE expanded-grid,W109,ME3,0.48547875440783805,-0.04653926469695753,0.5320180191047956
CV-G,gfold_3,G+E+GxE expanded-grid,W109,ME4,-1.494891060304804,-0.1445567447533036,-1.3503343155515004
CV-G,gfold_3,G+E+GxE expanded-grid,W110,ME1,0.268111197488963,0.4971876332814965,-0.2290764357925335
CV-G,gfold_3,G+E+GxE expanded-grid,W110,ME2,-0.5164645285285623,-0.3674937234500762,-0.1489708050784861
CV-G,gfold_3,G+E+GxE expanded-grid,W110,ME3,-0.05165289126336848,-0.2331012832323954,0.18144839196902693
CV-G,gfold_3,G+E+GxE expanded-grid,W110,ME4,-1.3647600746896376,-0.1362324110663954,-1.2285276636232423
CV-G,gfold_3,G+E+GxE expanded-grid,W111,ME1,0.1083487673856123,0.230821719844192,-0.1224729524585797
CV-G,gfold_3,G+E+GxE expanded-grid,W111,ME2,0.9387771765967842,0.4661466859384852,0.472630490658299
CV-G,gfold_3,G+E+GxE expanded-grid,W111,ME3,1.2584797107685726,0.5719338331189798,0.6865458776495927
CV-G,gfold_3,G+E+GxE expanded-grid,W111,ME4,-1.3664042154219294,0.20808309780573725,-1.5744873132276667
CV-G,gfold_3,G+E+GxE expanded-grid,W116,ME1,-0.07556900592447717,0.25027033279027705,-0.32583933871475423
CV-G,gfold_3,G+E+GxE expanded-grid,W116,ME2,1.1867348097892616,-0.013001029542733696,1.1997358393319952
CV-G,gfold_3,G+E+GxE expanded-grid,W116,ME3,0.9659173002277245,0.01823558722560393,0.9476817130021206
CV-G,gfold_3,G+E+GxE expanded-grid,W116,ME4,-0.3306191541843449,0.024956490859847892,-0.3555756450441928
CV-G,gfold_3,G+E+GxE expanded-grid,W120,ME1,1.3191048053208203,-0.10118140227308728,1.4202862075939076
CV-G,gfold_3,G+E+GxE expanded-grid,W120,ME2,0.3107697274656989,-0.24447477342163237,0.5552445008873312
CV-G,gfold_3,G+E+GxE expanded-grid,W120,ME3,-0.314728470519806,-0.43638214584921026,0.12165367532940424
CV-G,gfold_3,G+E+GxE expanded-grid,W120,ME4,-0.5501001418921881,-0.1477553331429966,-0.40234480874919154
CV-G,gfold_3,G+E+GxE expanded-grid,W121,ME1,1.8092807314594008,0.5746809341946879,1.234599797264713
CV-G,gfold_3,G+E+GxE expanded-grid,W121,ME2,-0.030124553083377532,-0.05131102660374041,0.021186473520362875
CV-G,gfold_3,G+E+GxE expanded-grid,W121,ME3,-0.545335593901919,0.0233749633313865,-0.5687105572333055
CV-G,gfold_3,G+E+GxE expanded-grid,W121,ME4,0.6148011003937416,0.07770767803574072,0.5370934223580008
CV-G,gfold_3,G+E+GxE expanded-grid,W122,ME1,0.10748549483675186,0.5299749198138284,-0.42248942497707653
CV-G,gfold_3,G+E+GxE expanded-grid,W122,ME2,0.8530172509359556,0.5791476327531808,0.2738696181827748
CV-G,gfold_3,G+E+GxE expanded-grid,W122,ME3,0.6971656537632893,0.7138226771966424,-0.01665702343335307
CV-G,gfold_3,G+E+GxE expanded-grid,W122,ME4,-0.9691357609686646,0.12240806933106893,-1.0915438302997336
CV-G,gfold_3,G+E+GxE expanded-grid,W124,ME1,1.1001186207335232,-0.1569054916997023,1.2570241124332255
CV-G,gfold_3,G+E+GxE expanded-grid,W124,ME2,-0.6767762897944802,-0.4497535424854699,-0.22702274730901034
CV-G,gfold_3,G+E+GxE expanded-grid,W124,ME3,-0.019581422232458942,-0.573078092865062,0.553496670632603
CV-G,gfold_3,G+E+GxE expanded-grid,W124,ME4,-0.7409935342835337,-0.25286084769786843,-0.4881326865856652
CV-G,gfold_3,G+E+GxE expanded-grid,W127,ME1,2.398537542781108,0.19990952682560947,2.1986280159554985
CV-G,gfold_3,G+E+GxE expanded-grid,W127,ME2,0.6391711961739891,0.176231269714422,0.4629399264595671
CV-G,gfold_3,G+E+GxE expanded-grid,W127,ME3,0.18361671589674317,0.0852921232675543,0.09832459262918887
CV-G,gfold_3,G+E+GxE expanded-grid,W127,ME4,0.050357360285301446,0.35629267275221393,-0.30593531246691247
CV-G,gfold_3,G+E+GxE expanded-grid,W134,ME1,1.617992565161419,0.4228678328713899,1.1951247322900291
CV-G,gfold_3,G+E+GxE expanded-grid,W134,ME2,0.28636001354983914,0.3639159048157843,-0.07755589126594514
CV-G,gfold_3,G+E+GxE expanded-grid,W134,ME3,-0.47690181931976794,0.04477148740819994,-0.5216733067279679
CV-G,gfold_3,G+E+GxE expanded-grid,W134,ME4,-0.3801793772151487,0.03981287526313164,-0.41999225247828037
CV-G,gfold_3,G+E+GxE expanded-grid,W135,ME1,1.738524958775611,0.6514520102277768,1.0870729485478343
CV-G,gfold_3,G+E+GxE expanded-grid,W135,ME2,0.013321826494629393,-0.4315749069207065,0.44489673341533587
CV-G,gfold_3,G+E+GxE expanded-grid,W135,ME3,-0.5546098822864167,-0.16391712159002425,-0.39069276069639247
CV-G,gfold_3,G+E+GxE expanded-grid,W135,ME4,0.34041053224859497,-0.03327015273572709,0.37368068498432205
CV-G,gfold_3,G+E+GxE expanded-grid,W138,ME1,0.6408820569828011,0.36237839080869905,0.27850366617410205
CV-G,gfold_3,G+E+GxE expanded-grid,W138,ME2,-0.5049336758568758,-0.5151002127646959,0.0101665369078201
CV-G,gfold_3,G+E+GxE expanded-grid,W138,ME3,0.6090852536963093,-0.6746333047853221,1.2837185584816315
CV-G,gfold_3,G+E+GxE expanded-grid,W138,ME4,-0.2742463671623236,-0.5554873035510229,0.28124093638869935
CV-G,gfold_3,G+E+GxE expanded-grid,W139,ME1,0.29973466265138987,0.03601367236135673,0.26372099029003315
CV-G,gfold_3,G+E+GxE expanded-grid,W139,ME2,-0.4674425829770324,-0.2714045635489532,-0.1960380194280792
CV-G,gfold_3,G+E+GxE expanded-grid,W139,ME3,0.6211468965133073,0.24853619844500513,0.3726106980683022
CV-G,gfold_3,G+E+GxE expanded-grid,W139,ME4,0.2685560755559988,-0.28061527040651685,0.5491713459625156
CV-G,gfold_3,G+E+GxE expanded-grid,W140,ME1,0.18610030534741487,-0.1795182686916133,0.3656185740390282
CV-G,gfold_3,G+E+GxE expanded-grid,W140,ME2,-1.6087375216455324,-0.40439906821816074,-1.2043384534273716
CV-G,gfold_3,G+E+GxE expanded-grid,W140,ME3,-1.259016580021917,-0.32186072244292036,-0.9371558575789967
CV-G,gfold_3,G+E+GxE expanded-grid,W140,ME4,0.13089665606139114,0.1601261988681293,-0.029229542806738146
CV-G,gfold_3,G+E+GxE expanded-grid,W142,ME1,1.6714747427873913,0.717863440619255,0.9536113021681363
CV-G,gfold_3,G+E+GxE expanded-grid,W142,ME2,-0.13766146230253548,0.3078808767441243,-0.44554233904665974
CV-G,gfold_3,G+E+GxE expanded-grid,W142,ME3,-0.2556027704364871,0.4312313265746497,-0.6868340970111368
CV-G,gfold_3,G+E+GxE expanded-grid,W142,ME4,-0.015164401242247784,0.048381547046461276,-0.06354594828870906
CV-G,gfold_3,G+E+GxE expanded-grid,W145,ME1,-0.7810907125999806,-0.3562684503992867,-0.42482226220069397
CV-G,gfold_3,G+E+GxE expanded-grid,W145,ME2,-2.249516244482142,-0.04339750806609704,-2.206118736416045
CV-G,gfold_3,G+E+GxE expanded-grid,W145,ME3,-1.1994770000380148,0.28726184497120355,-1.4867388450092185
CV-G,gfold_3,G+E+GxE expanded-grid,W145,ME4,-1.030755638270297,0.16214347954584502,-1.1928991178161419
CV-G,gfold_3,G+E+GxE expanded-grid,W149,ME1,0.5843132727906273,0.1305121898049689,0.45380108298565836
CV-G,gfold_3,G+E+GxE expanded-grid,W149,ME2,-2.175945354082383,0.004558498161122002,-2.180503852243505
CV-G,gfold_3,G+E+GxE expanded-grid,W149,ME3,-1.2089371120513464,-0.17088819710481076,-1.0380489149465355
CV-G,gfold_3,G+E+GxE expanded-grid,W149,ME4,-0.6308597053261925,0.117361367988863,-0.7482210733150555
CV-G,gfold_3,G+E+GxE expanded-grid,W151,ME1,-0.07536540390823601,0.298454862495506,-0.373820266403742
CV-G,gfold_3,G+E+GxE expanded-grid,W151,ME2,-2.0675667305902654,-0.8263137511436798,-1.2412529794465856
CV-G,gfold_3,G+E+GxE expanded-grid,W151,ME3,-1.2934023978846596,-0.6815070272959765,-0.6118953705886832
CV-G,gfold_3,G+E+GxE expanded-grid,W151,ME4,-0.8262213844923779,-0.6096127867516987,-0.2166085977406792
CV-G,gfold_3,G+E+GxE expanded-grid,W166,ME1,-2.224246235952392,-1.8455110083047517,-0.3787352276476401
CV-G,gfold_3,G+E+GxE expanded-grid,W166,ME2,-2.5271870243780064,0.40553432477482926,-2.9327213491528354
CV-G,gfold_3,G+E+GxE expanded-grid,W166,ME3,-2.2671688921425965,0.6594694986633678,-2.926638390805964
CV-G,gfold_3,G+E+GxE expanded-grid,W166,ME4,-1.8428116926831115,1.1105672001123947,-2.9533788927955062
CV-G,gfold_3,G+E+GxE expanded-grid,W168,ME1,0.623722479054078,0.21176027396459585,0.4119622050894821
CV-G,gfold_3,G+E+GxE expanded-grid,W168,ME2,-0.39804862054835655,0.13814759751500588,-0.5361962180633624
CV-G,gfold_3,G+E+GxE expanded-grid,W168,ME3,-0.35333755267421413,0.07146741144447018,-0.4248049641186843
CV-G,gfold_3,G+E+GxE expanded-grid,W168,ME4,0.3942974414170083,0.3039639180673951,0.0903335233496132
CV-G,gfold_3,G+E+GxE expanded-grid,W173,ME1,-0.15331239980563044,-0.13248182699606664,-0.020830572809563797
CV-G,gfold_3,G+E+GxE expanded-grid,W173,ME2,-0.25165362384063844,-0.25173768163108046,8.405779044201589e-05
CV-G,gfold_3,G+E+GxE expanded-grid,W173,ME3,-0.24218968304615685,-0.32145746939727615,0.07926778635111931
CV-G,gfold_3,G+E+GxE expanded-grid,W173,ME4,-0.1768801956619657,-0.047676564273127386,-0.1292036313888383
CV-G,gfold_3,G+E+GxE expanded-grid,W177,ME1,1.053053978659442,0.03947144105881975,1.0135825376006222
CV-G,gfold_3,G+E+GxE expanded-grid,W177,ME2,0.00270230356208855,-0.3985165023964469,0.4012188059585355
CV-G,gfold_3,G+E+GxE expanded-grid,W177,ME3,-0.31923047025472223,-0.6463678036548192,0.32713733340009693
CV-G,gfold_3,G+E+GxE expanded-grid,W177,ME4,-0.6361067956058029,-0.24795361761701,-0.38815317798879284
CV-G,gfold_3,G+E+GxE expanded-grid,W186,ME1,-0.3243055171247901,0.0802560759092078,-0.4045615930339979
CV-G,gfold_3,G+E+GxE expanded-grid,W186,ME2,-0.7054325471476078,0.32709283619510265,-1.0325253833427106
CV-G,gfold_3,G+E+GxE expanded-grid,W186,ME3,-1.010435243814476,0.2636629822203842,-1.2740982260348601
CV-G,gfold_3,G+E+GxE expanded-grid,W186,ME4,-0.4604197383126394,-0.03846526573006516,-0.42195447258257424
CV-G,gfold_3,G+E+GxE expanded-grid,W191,ME1,0.37423671243400053,0.19322109681702626,0.18101561561697427
CV-G,gfold_3,G+E+GxE expanded-grid,W191,ME2,-0.5956299709380749,0.30835398812187725,-0.9039839590599521
CV-G,gfold_3,G+E+GxE expanded-grid,W191,ME3,-0.3839900049031236,0.2730204941832036,-0.6570104990863272
CV-G,gfold_3,G+E+GxE expanded-grid,W191,ME4,-1.0203479914338283,0.4766909069579287,-1.4970388983917569
CV-G,gfold_3,G+E+GxE expanded-grid,W194,ME1,0.7324459557263389,0.562027461006464,0.1704184947198749
CV-G,gfold_3,G+E+GxE expanded-grid,W194,ME2,-0.6745739095915452,0.42030819159332483,-1.09488210118487
CV-G,gfold_3,G+E+GxE expanded-grid,W194,ME3,-1.4886776922026967,-0.34433168137756925,-1.1443460108251275
CV-G,gfold_3,G+E+GxE expanded-grid,W194,ME4,-0.8865353892506589,-0.18118989833308335,-0.7053454909175756
CV-G,gfold_3,G+E+GxE expanded-grid,W198,ME1,1.4489621712788143,0.6470976596286464,0.8018645116501679
CV-G,gfold_3,G+E+GxE expanded-grid,W198,ME2,2.143377888742169,0.21807567934906813,1.9253022093931007
CV-G,gfold_3,G+E+GxE expanded-grid,W198,ME3,0.22186259732206748,0.27264824704005725,-0.05078564971798977
CV-G,gfold_3,G+E+GxE expanded-grid,W198,ME4,1.4464688430630315,0.22758794024114054,1.218880902821891
CV-G,gfold_3,G+E+GxE expanded-grid,W201,ME1,0.2495345495272083,0.24923079372479479,0.0003037558024135134
CV-G,gfold_3,G+E+GxE expanded-grid,W201,ME2,-0.15299585089940518,0.157128772385407,-0.31012462328481216
CV-G,gfold_3,G+E+GxE expanded-grid,W201,ME3,0.5758988428924009,0.2732378007414344,0.3026610421509665
CV-G,gfold_3,G+E+GxE expanded-grid,W201,ME4,0.0012848727827377002,0.28395960265778575,-0.28267472987504805
CV-G,gfold_3,G+E+GxE expanded-grid,W204,ME1,0.8061091652020398,0.2576726239633895,0.5484365412386503
CV-G,gfold_3,G+E+GxE expanded-grid,W204,ME2,-0.32156020924758333,0.3214207760994102,-0.6429809853469935
CV-G,gfold_3,G+E+GxE expanded-grid,W204,ME3,0.5958073107633124,0.24087773417190395,0.35492957659140845
CV-G,gfold_3,G+E+GxE expanded-grid,W204,ME4,0.406097494519581,0.43987545466852385,-0.033777960148942854
CV-G,gfold_3,G+E+GxE expanded-grid,W206,ME1,1.270818551149298,0.9700445813180792,0.30077396983121873
CV-G,gfold_3,G+E+GxE expanded-grid,W206,ME2,-2.1234173205066416,-0.6375964342688705,-1.485820886237771
CV-G,gfold_3,G+E+GxE expanded-grid,W206,ME3,-1.0829402451737922,-0.3601262208651656,-0.7228140243086265
CV-G,gfold_3,G+E+GxE expanded-grid,W206,ME4,-0.8419547886291413,-0.08914251964787955,-0.7528122689812617
CV-G,gfold_3,G+E+GxE expanded-grid,W212,ME1,0.8616355070710643,0.45115073991469645,0.41048476715636784
CV-G,gfold_3,G+E+GxE expanded-grid,W212,ME2,0.5139076577927054,0.3450422542792323,0.16886540351347312
CV-G,gfold_3,G+E+GxE expanded-grid,W212,ME3,0.1652708558137473,0.18470958000679868,-0.01943872419305137
CV-G,gfold_3,G+E+GxE expanded-grid,W212,ME4,0.7225591853264305,0.30516656218783633,0.41739262313859415
CV-G,gfold_3,G+E+GxE expanded-grid,W213,ME1,1.0264146908545742,0.06704177433920161,0.9593729165153726
CV-G,gfold_3,G+E+GxE expanded-grid,W213,ME2,0.36083590500999824,0.04846314583290645,0.3123727591770918
CV-G,gfold_3,G+E+GxE expanded-grid,W213,ME3,0.9103391421494047,-0.04460675435774843,0.9549458965071531
CV-G,gfold_3,G+E+GxE expanded-grid,W213,ME4,0.781732518284796,0.27780915060638706,0.503923367678409
CV-G,gfold_3,G+E+GxE expanded-grid,W219,ME1,0.33301952026633597,-0.4715532731574711,0.804572793423807
CV-G,gfold_3,G+E+GxE expanded-grid,W219,ME2,0.31073808407197756,-0.04448952818444868,0.35522761225642624
CV-G,gfold_3,G+E+GxE expanded-grid,W219,ME3,0.3660363937109506,0.006351104459399614,0.35968528925155097
CV-G,gfold_3,G+E+GxE expanded-grid,W219,ME4,0.11969447231601589,-0.3340755247110119,0.45376999702702775
CV-G,gfold_3,G+E+GxE expanded-grid,W225,ME1,0.6895836592674551,0.35599077736054385,0.3335928819069113
CV-G,gfold_3,G+E+GxE expanded-grid,W225,ME2,-0.4081998212538374,0.40666134604694415,-0.8148611673007815
CV-G,gfold_3,G+E+GxE expanded-grid,W225,ME3,-0.06123970120544897,0.3254500482656266,-0.3866897494710756
CV-G,gfold_3,G+E+GxE expanded-grid,W225,ME4,-1.2229155696946508,0.10403052841310818,-1.326946098107759
CV-G,gfold_3,G+E+GxE expanded-grid,W227,ME1,0.5613143890361353,0.006211416856420713,0.5551029721797146
CV-G,gfold_3,G+E+GxE expanded-grid,W227,ME2,-0.1766081512935137,-0.42154204763474934,0.24493389634123564
CV-G,gfold_3,G+E+GxE expanded-grid,W227,ME3,0.4533650527340126,0.14876943174762583,0.3045956209863868
CV-G,gfold_3,G+E+GxE expanded-grid,W227,ME4,-0.4077128344544833,0.18854600063239096,-0.5962588350868743
CV-G,gfold_3,G+E+GxE expanded-grid,W243,ME1,0.105807814222934,-0.2148540560247942,0.3206618702477282
CV-G,gfold_3,G+E+GxE expanded-grid,W243,ME2,0.4818845433477355,-0.1114213073207489,0.5933058506684844
CV-G,gfold_3,G+E+GxE expanded-grid,W243,ME3,-0.1538221010073438,-0.5242685249120066,0.37044642390466276
CV-G,gfold_3,G+E+GxE expanded-grid,W243,ME4,-0.5057162088223804,-0.7669987010544418,0.26128249223206135
CV-G,gfold_3,G+E+GxE expanded-grid,W249,ME1,-0.4484213062248097,0.22269021645841094,-0.6711115226832206
CV-G,gfold_3,G+E+GxE expanded-grid,W249,ME2,0.6315451382873913,0.37375605287210106,0.2577890854152903
CV-G,gfold_3,G+E+GxE expanded-grid,W249,ME3,1.0688129114298666,0.20928508837711307,0.8595278230527534
CV-G,gfold_3,G+E+GxE expanded-grid,W249,ME4,0.03136714149222922,0.23139033702773004,-0.20002319553550083
CV-G,gfold_3,G+E+GxE expanded-grid,W254,ME1,0.8122335138505444,0.16795309882963477,0.6442804150209096
CV-G,gfold_3,G+E+GxE expanded-grid,W254,ME2,-0.3479571282890808,-0.38135971127941626,0.03340258299033544
CV-G,gfold_3,G+E+GxE expanded-grid,W254,ME3,0.013436057999783153,-0.23536430902134722,0.24880036702113037
CV-G,gfold_3,G+E+GxE expanded-grid,W254,ME4,-0.26432645585409414,-0.1398709809749586,-0.12445547487913555
CV-G,gfold_3,G+E+GxE expanded-grid,W255,ME1,1.112774522063013,0.2990505632996964,0.8137239587633165
CV-G,gfold_3,G+E+GxE expanded-grid,W255,ME2,-0.561075384995478,0.3127110563935879,-0.8737864413890659
CV-G,gfold_3,G+E+GxE expanded-grid,W255,ME3,0.1625003944384145,0.2465025476509597,-0.0840021532125452
CV-G,gfold_3,G+E+GxE expanded-grid,W255,ME4,-0.4336729512801425,0.5765375053559382,-1.0102104566360808
CV-G,gfold_3,G+E+GxE expanded-grid,W261,ME1,0.22731749751507793,0.7335353261369115,-0.5062178286218336
CV-G,gfold_3,G+E+GxE expanded-grid,W261,ME2,1.084621578253768,-0.6904657175784841,1.775087295832252
CV-G,gfold_3,G+E+GxE expanded-grid,W261,ME3,0.1292295183486723,-0.628594504518465,0.7578240228671373
CV-G,gfold_3,G+E+GxE expanded-grid,W261,ME4,0.6606482400482687,-0.3722054197968979,1.0328536598451667
CV-G,gfold_3,G+E+GxE expanded-grid,W262,ME1,0.33104865274913176,-0.0012048111511169177,0.3322534639002487
CV-G,gfold_3,G+E+GxE expanded-grid,W262,ME2,-0.02358069926201445,-0.022083242313413572,-0.0014974569486008761
CV-G,gfold_3,G+E+GxE expanded-grid,W262,ME3,0.2723559451932222,0.0994658937461548,0.1728900514470674
CV-G,gfold_3,G+E+GxE expanded-grid,W262,ME4,0.046494809569726334,-0.30474846233201225,0.3512432719017386
CV-G,gfold_3,G+E+GxE expanded-grid,W263,ME1,0.5681717049431042,-0.3537671621068704,0.9219388670499746
CV-G,gfold_3,G+E+GxE expanded-grid,W263,ME2,0.6325134261352326,-0.028341037590644762,0.6608544637258774
CV-G,gfold_3,G+E+GxE expanded-grid,W263,ME3,-1.4979857667015282,-0.15420976335093506,-1.3437760033505932
CV-G,gfold_3,G+E+GxE expanded-grid,W263,ME4,-0.5994007637547354,-0.08896255427018185,-0.5104382094845535
CV-G,gfold_3,G+E+GxE expanded-grid,W269,ME1,-0.1518057448854522,-0.17425635667566028,0.022450611790208075
CV-G,gfold_3,G+E+GxE expanded-grid,W269,ME2,2.4513756971795924,0.4528838101310336,1.9984918870485586
CV-G,gfold_3,G+E+GxE expanded-grid,W269,ME3,-0.03230189427895601,0.02443807797551227,-0.05673997225446828
CV-G,gfold_3,G+E+GxE expanded-grid,W269,ME4,1.300148184591136,-0.02277304766051713,1.322921232251653
CV-G,gfold_3,G+E+GxE expanded-grid,W289,ME1,0.5617053049073161,0.5621860923093875,-0.00048078740207146975
CV-G,gfold_3,G+E+GxE expanded-grid,W289,ME2,-0.3997953358817187,0.3505760689915949,-0.7503714048733137
CV-G,gfold_3,G+E+GxE expanded-grid,W289,ME3,-0.5727276860976623,-0.0028319561617454175,-0.569895729935917
CV-G,gfold_3,G+E+GxE expanded-grid,W289,ME4,0.09530769590403353,-0.04617681193962406,0.14148450784365757
CV-G,gfold_3,G+E+GxE expanded-grid,W299,ME1,-0.2784869193900994,0.17547625484417928,-0.4539631742342787
CV-G,gfold_3,G+E+GxE expanded-grid,W299,ME2,-0.4033014239059308,-0.16652685943183138,-0.23677456447409945
CV-G,gfold_3,G+E+GxE expanded-grid,W299,ME3,-0.801704629463191,0.004102119375152287,-0.8058067488383432
CV-G,gfold_3,G+E+GxE expanded-grid,W299,ME4,-0.6884124976584712,-0.285956272944243,-0.40245622471422826
CV-G,gfold_3,G+E+GxE expanded-grid,W302,ME1,-0.8003921837395503,0.5481286894553826,-1.348520873194933
CV-G,gfold_3,G+E+GxE expanded-grid,W302,ME2,-0.4864919059966695,0.11317088158637807,-0.5996627875830476
CV-G,gfold_3,G+E+GxE expanded-grid,W302,ME3,-1.2653430299308328,-0.4176189957716826,-0.8477240341591502
CV-G,gfold_3,G+E+GxE expanded-grid,W302,ME4,-0.7026040281898321,-0.306686855680651,-0.3959171725091811
CV-G,gfold_3,G+E+GxE expanded-grid,W303,ME1,-1.255776597343008,0.05614095571027927,-1.3119175530532872
CV-G,gfold_3,G+E+GxE expanded-grid,W303,ME2,-1.047927983418932,0.18731508442005212,-1.235243067838984
CV-G,gfold_3,G+E+GxE expanded-grid,W303,ME3,-1.2611619982820832,0.12212096419112327,-1.3832829624732064
CV-G,gfold_3,G+E+GxE expanded-grid,W303,ME4,-0.7252207966364285,0.13552911972637877,-0.8607499163628072
CV-G,gfold_3,G+E+GxE expanded-grid,W307,ME1,0.529128982308885,0.6733742995388445,-0.14424531722995948
CV-G,gfold_3,G+E+GxE expanded-grid,W307,ME2,-0.3628928101250738,0.26613725148848194,-0.6290300616135558
CV-G,gfold_3,G+E+GxE expanded-grid,W307,ME3,-0.5341608365861715,0.6166501464109267,-1.1508109829970983
CV-G,gfold_3,G+E+GxE expanded-grid,W307,ME4,-0.009067707139252375,0.31837669089916165,-0.327444398038414
CV-G,gfold_3,G+E+GxE expanded-grid,W308,ME1,0.2569863833216007,0.5125375140498976,-0.2555511307282969
CV-G,gfold_3,G+E+GxE expanded-grid,W308,ME2,-0.17723469048917492,0.3273298767635543,-0.5045645672527292
CV-G,gfold_3,G+E+GxE expanded-grid,W308,ME3,-0.7532722345663698,0.6434544276422325,-1.3967266622086023
CV-G,gfold_3,G+E+GxE expanded-grid,W308,ME4,0.11230763907380584,0.14033796147135008,-0.028030322397544244
CV-G,gfold_3,G+E+GxE expanded-grid,W310,ME1,1.4606977914948989,0.4689952457599617,0.9917025457349371
CV-G,gfold_3,G+E+GxE expanded-grid,W310,ME2,-0.21608644929899126,-0.03699754760932934,-0.1790889016896619
CV-G,gfold_3,G+E+GxE expanded-grid,W310,ME3,-1.2849558693013277,-0.19470269566536694,-1.0902531736359606
CV-G,gfold_3,G+E+GxE expanded-grid,W310,ME4,-1.6030582137450489,-0.6300214900771292,-0.9730367236679197
CV-G,gfold_3,G+E+GxE expanded-grid,W319,ME1,-1.6812478027204563,0.2706859112052335,-1.9519337139256898
CV-G,gfold_3,G+E+GxE expanded-grid,W319,ME2,0.38090414530743055,-0.037868186907988974,0.41877233221541954
CV-G,gfold_3,G+E+GxE expanded-grid,W319,ME3,0.8645082780562494,0.08477840231987667,0.7797298757363728
CV-G,gfold_3,G+E+GxE expanded-grid,W319,ME4,-1.6535388409178535,-0.2527177388791057,-1.4008211020387478
CV-G,gfold_3,G+E+GxE expanded-grid,W324,ME1,0.869437536333388,-0.1097359858961716,0.9791735222295597
CV-G,gfold_3,G+E+GxE expanded-grid,W324,ME2,-0.8083178774898768,-0.3436451401613665,-0.46467273732851033
CV-G,gfold_3,G+E+GxE expanded-grid,W324,ME3,-0.3029033305031427,-0.0028635012251348717,-0.3000398292780079
CV-G,gfold_3,G+E+GxE expanded-grid,W324,ME4,0.0561551197096985,-0.3383111560987435,0.394466275808442
CV-G,gfold_3,G+E+GxE expanded-grid,W330,ME1,-0.7261670326990275,0.04127750160986354,-0.767444534308891
CV-G,gfold_3,G+E+GxE expanded-grid,W330,ME2,0.5869469391779631,-0.18484338419492408,0.7717903233728872
CV-G,gfold_3,G+E+GxE expanded-grid,W330,ME3,0.5831037317739829,0.11224033892715442,0.4708633928468285
CV-G,gfold_3,G+E+GxE expanded-grid,W330,ME4,-1.1303952866684164,-0.6341045634083927,-0.49629072326002366
CV-G,gfold_3,G+E+GxE expanded-grid,W344,ME1,0.8937964815563652,0.26263078161944253,0.6311656999369226
CV-G,gfold_3,G+E+GxE expanded-grid,W344,ME2,0.05443292361607808,0.3804544109316072,-0.3260214873155291
CV-G,gfold_3,G+E+GxE expanded-grid,W344,ME3,0.1939974995256575,0.4940687321480841,-0.30007123262242663
CV-G,gfold_3,G+E+GxE expanded-grid,W344,ME4,0.11909660295881917,0.40192467452989444,-0.28282807157107526
CV-G,gfold_3,G+E+GxE expanded-grid,W345,ME1,-1.1022769652592055,0.07333415486517614,-1.1756111201243815
CV-G,gfold_3,G+E+GxE expanded-grid,W345,ME2,0.602616747748268,-0.37273019002294167,0.9753469377712096
CV-G,gfold_3,G+E+GxE expanded-grid,W345,ME3,0.4881140713258382,-0.3641692724962466,0.8522833438220847
CV-G,gfold_3,G+E+GxE expanded-grid,W345,ME4,-2.0626073484736898,-0.3433860497067116,-1.7192212987669782
CV-G,gfold_3,G+E+GxE expanded-grid,W346,ME1,0.8811487243075244,1.254572243749505,-0.3734235194419806
CV-G,gfold_3,G+E+GxE expanded-grid,W346,ME2,0.6804594963002706,0.5599407049179326,0.12051879138233801
CV-G,gfold_3,G+E+GxE expanded-grid,W346,ME3,0.39060734535986,0.5858994374455923,-0.19529209208573223
CV-G,gfold_3,G+E+GxE expanded-grid,W346,ME4,0.20038323543140474,-0.11361261394555748,0.31399584937696223
CV-G,gfold_3,G+E+GxE expanded-grid,W349,ME1,-0.06457449704750653,0.5537233100806238,-0.6182978071281303
CV-G,gfold_3,G+E+GxE expanded-grid,W349,ME2,-0.3762083502025878,-0.3925608872451027,0.01635253704251488
CV-G,gfold_3,G+E+GxE expanded-grid,W349,ME3,-1.8742025963316886,-0.6992750987798327,-1.174927497551856
CV-G,gfold_3,G+E+GxE expanded-grid,W349,ME4,0.17874980474335508,-0.03019661245146993,0.208946417194825
CV-G,gfold_3,G+E+GxE expanded-grid,W353,ME1,-0.5724800867602826,0.5036862031191303,-1.0761662898794129
CV-G,gfold_3,G+E+GxE expanded-grid,W353,ME2,0.1338388558178651,0.6064486331622558,-0.47260977734439075
CV-G,gfold_3,G+E+GxE expanded-grid,W353,ME3,0.7475407502342775,0.5007100772983444,0.24683067293593308
CV-G,gfold_3,G+E+GxE expanded-grid,W353,ME4,-0.967822021723245,0.5934113491344838,-1.5612333708577288
CV-G,gfold_3,G+E+GxE expanded-grid,W357,ME1,-0.15157771062726316,0.0349069674611886,-0.18648467808845176
CV-G,gfold_3,G+E+GxE expanded-grid,W357,ME2,-1.0485355365783626,0.08094878923892813,-1.1294843258172909
CV-G,gfold_3,G+E+GxE expanded-grid,W357,ME3,-0.7274849828014595,0.06406913630842717,-0.7915541191098866
CV-G,gfold_3,G+E+GxE expanded-grid,W357,ME4,-0.4582721286479708,0.5579584131484189,-1.0162305417963897
CV-G,gfold_3,G+E+GxE expanded-grid,W358,ME1,0.3981477332212473,0.32395410894601884,0.07419362427522846
CV-G,gfold_3,G+E+GxE expanded-grid,W358,ME2,-0.9178926212646227,0.22683587587803583,-1.1447284971426586
CV-G,gfold_3,G+E+GxE expanded-grid,W358,ME3,-0.8300511793888522,0.1237255387849031,-0.9537767181737553
CV-G,gfold_3,G+E+GxE expanded-grid,W358,ME4,-0.3216747139325956,0.24020413473508184,-0.5618788486676775
CV-G,gfold_3,G+E+GxE expanded-grid,W359,ME1,0.10942378603136031,0.4196286846279339,-0.3102048985965736
CV-G,gfold_3,G+E+GxE expanded-grid,W359,ME2,-2.191767050942546,0.05557809512316721,-2.2473451460657135
CV-G,gfold_3,G+E+GxE expanded-grid,W359,ME3,-1.4510653004211223,0.06912516314072029,-1.5201904635618426
CV-G,gfold_3,G+E+GxE expanded-grid,W359,ME4,-0.2899719045970181,0.20282930976114139,-0.4928012143581595
CV-G,gfold_3,G+E+GxE expanded-grid,W369,ME1,1.5059788799067169,-0.02803823013120128,1.534017110037918
CV-G,gfold_3,G+E+GxE expanded-grid,W369,ME2,-1.0773436822213476,-0.3144643011986452,-0.7628793810227024
CV-G,gfold_3,G+E+GxE expanded-grid,W369,ME3,-2.518149042467704,-0.4538265418287345,-2.0643225006389696
CV-G,gfold_3,G+E+GxE expanded-grid,W369,ME4,-0.24801878246633907,-0.5504017195386713,0.30238293707233227
CV-G,gfold_3,G+E+GxE expanded-grid,W370,ME1,0.367517845898074,-0.3681110758733516,0.7356289217714256
CV-G,gfold_3,G+E+GxE expanded-grid,W370,ME2,-0.3077383748705453,-0.18294556364570908,-0.12479281122483621
CV-G,gfold_3,G+E+GxE expanded-grid,W370,ME3,-0.33693439416538445,-0.06636176986379397,-0.27057262430159046
CV-G,gfold_3,G+E+GxE expanded-grid,W370,ME4,0.6035517164359556,-0.9882710200538515,1.591822736489807
CV-G,gfold_3,G+E+GxE expanded-grid,W377,ME1,-0.8604547785304051,-0.016938101719970056,-0.8435166768104351
CV-G,gfold_3,G+E+GxE expanded-grid,W377,ME2,-1.1326120336932695,-0.1883091360097962,-0.9443028976834733
CV-G,gfold_3,G+E+GxE expanded-grid,W377,ME3,-1.0597122915696302,-0.11662000290052355,-0.9430922886691067
CV-G,gfold_3,G+E+GxE expanded-grid,W377,ME4,-1.2020373424051667,0.03195570600200259,-1.2339930484071693
CV-G,gfold_3,G+E+GxE expanded-grid,W379,ME1,0.029961991133138355,0.40472888350354386,-0.3747668923704055
CV-G,gfold_3,G+E+GxE expanded-grid,W379,ME2,-0.9210632893153995,0.1571105003946861,-1.0781737897100856
CV-G,gfold_3,G+E+GxE expanded-grid,W379,ME3,-0.4943945800158474,0.13787077059884295,-0.6322653506146904
CV-G,gfold_3,G+E+GxE expanded-grid,W379,ME4,-0.30165395716856463,-0.29507559406303313,-0.006578363105531504
CV-G,gfold_3,G+E+GxE expanded-grid,W391,ME1,0.5788078742714912,-0.13194133158669516,0.7107492058581864
CV-G,gfold_3,G+E+GxE expanded-grid,W391,ME2,0.25110294426665075,-1.077460111592294,1.3285630558589447
CV-G,gfold_3,G+E+GxE expanded-grid,W391,ME3,-0.42960125925311243,-0.8027219395957356,0.37312068034262313
CV-G,gfold_3,G+E+GxE expanded-grid,W391,ME4,-0.9025283945556787,-0.7081481065072116,-0.19438028804846708
CV-G,gfold_3,G+E+GxE expanded-grid,W401,ME1,-0.07231137366463306,0.33009839684791986,-0.4024097705125529
CV-G,gfold_3,G+E+GxE expanded-grid,W401,ME2,2.233086909939294,0.3259968777991461,1.9070900321401476
CV-G,gfold_3,G+E+GxE expanded-grid,W401,ME3,0.9859524660273871,0.24214271773982643,0.7438097482875606
CV-G,gfold_3,G+E+GxE expanded-grid,W401,ME4,0.051899233890704534,0.32732000412392115,-0.2754207702332166
CV-G,gfold_3,G+E+GxE expanded-grid,W404,ME1,1.5656912792296387,-0.3358740005788051,1.9015652798084437
CV-G,gfold_3,G+E+GxE expanded-grid,W404,ME2,2.122278073809454,0.2384285364074199,1.8838495374020343
CV-G,gfold_3,G+E+GxE expanded-grid,W404,ME3,0.095156222043514,0.2988814211512616,-0.2037251991077476
CV-G,gfold_3,G+E+GxE expanded-grid,W404,ME4,1.8980175417881282,0.8746678086157306,1.0233497331723975
CV-G,gfold_3,G+E+GxE expanded-grid,W424,ME1,-0.9516359054834128,0.1467076179349344,-1.0983435234183472
CV-G,gfold_3,G+E+GxE expanded-grid,W424,ME2,0.0024364990548377532,-0.08264294674477356,0.08507944579961131
CV-G,gfold_3,G+E+GxE expanded-grid,W424,ME3,0.14240610293866926,-0.14336881453725372,0.285774917475923
CV-G,gfold_3,G+E+GxE expanded-grid,W424,ME4,0.31206680469621634,-0.09167259634205091,0.4037394010382672
CV-G,gfold_3,G+E+GxE expanded-grid,W425,ME1,-0.017623872102518333,-0.0725001701612822,0.054876298058763866
CV-G,gfold_3,G+E+GxE expanded-grid,W425,ME2,1.4630449237551506,-0.0056584416040121755,1.4687033653591628
CV-G,gfold_3,G+E+GxE expanded-grid,W425,ME3,1.0359305756549586,-0.007682186741923246,1.0436127623968818
CV-G,gfold_3,G+E+GxE expanded-grid,W425,ME4,-0.016934409207633682,-0.08277999622731558,0.06584558701968189
CV-G,gfold_3,G+E+GxE expanded-grid,W426,ME1,-0.9697076204448922,0.5340113738717527,-1.503718994316645
CV-G,gfold_3,G+E+GxE expanded-grid,W426,ME2,0.3311860450940529,0.24104797780575693,0.09013806728829599
CV-G,gfold_3,G+E+GxE expanded-grid,W426,ME3,0.03698497969011068,0.0740401393004383,-0.037055159610327626
CV-G,gfold_3,G+E+GxE expanded-grid,W426,ME4,0.12064634326629034,0.32299897416178824,-0.2023526308954979
CV-G,gfold_3,G+E+GxE expanded-grid,W428,ME1,-0.8434417940533767,-0.03727137693092955,-0.8061704171224472
CV-G,gfold_3,G+E+GxE expanded-grid,W428,ME2,0.29988440002590616,0.11424535418071742,0.18563904584518875
CV-G,gfold_3,G+E+GxE expanded-grid,W428,ME3,0.024154702772029957,-0.06408275720025172,0.08823745997228168
CV-G,gfold_3,G+E+GxE expanded-grid,W428,ME4,-0.24336956154392553,-0.4555222305145627,0.21215266897063717
CV-G,gfold_3,G+E+GxE expanded-grid,W430,ME1,-0.8572378666738105,-0.20501961599276572,-0.6522182506810448
CV-G,gfold_3,G+E+GxE expanded-grid,W430,ME2,0.273778600206637,0.34179815307110767,-0.06801955286447064
CV-G,gfold_3,G+E+GxE expanded-grid,W430,ME3,0.25864722930247525,0.21210995676676792,0.04653727253570733
CV-G,gfold_3,G+E+GxE expanded-grid,W430,ME4,-0.6387814743090532,0.0056983271632955225,-0.6444798014723487
CV-G,gfold_3,G+E+GxE expanded-grid,W434,ME1,-0.9589655780680585,-0.019276553784918257,-0.9396890242831403
CV-G,gfold_3,G+E+GxE expanded-grid,W434,ME2,0.24002775646453645,-0.12850301481066623,0.3685307712752027
CV-G,gfold_3,G+E+GxE expanded-grid,W434,ME3,-0.26644811313748434,-0.1417770786738636,-0.12467103446362074
CV-G,gfold_3,G+E+GxE expanded-grid,W434,ME4,0.6260190175432536,-0.0955172640527021,0.7215362815959557
CV-G,gfold_3,G+E+GxE expanded-grid,W441,ME1,-0.1405261931857474,-0.18755781152729145,0.04703161834154404
CV-G,gfold_3,G+E+GxE expanded-grid,W441,ME2,1.1898295336951092,0.05348679423126078,1.1363427394638486
CV-G,gfold_3,G+E+GxE expanded-grid,W441,ME3,0.5097202914419995,0.3036569145867628,0.20606337685523668
CV-G,gfold_3,G+E+GxE expanded-grid,W441,ME4,-0.09874811071880044,0.10638109661901665,-0.2051292073378171
CV-G,gfold_3,G+E+GxE expanded-grid,W442,ME1,-1.5050098974629482,-0.28861347421667277,-1.2163964232462754
CV-G,gfold_3,G+E+GxE expanded-grid,W442,ME2,0.20619463989876383,0.10413527006320376,0.10205936983556006
CV-G,gfold_3,G+E+GxE expanded-grid,W442,ME3,1.7519259106067904,0.06284198790152197,1.6890839227052683
CV-G,gfold_3,G+E+GxE expanded-grid,W442,ME4,0.8402057147590752,0.2549900048101465,0.5852157099489288
CV-G,gfold_3,G+E+GxE expanded-grid,W444,ME1,-1.3819365506860797,-0.8592885537788683,-0.5226479969072114
CV-G,gfold_3,G+E+GxE expanded-grid,W444,ME2,1.0617117612002522,0.34385430336564643,0.7178574578346057
CV-G,gfold_3,G+E+GxE expanded-grid,W444,ME3,-0.4131051889298666,-0.07029807506519932,-0.3428071138646673
CV-G,gfold_3,G+E+GxE expanded-grid,W444,ME4,-2.0072100325081474,-0.878430909908564,-1.1287791225995836
CV-G,gfold_3,G+E+GxE expanded-grid,W447,ME1,-0.8943422981134241,-0.033364551105925844,-0.8609777470074983
CV-G,gfold_3,G+E+GxE expanded-grid,W447,ME2,1.4092511544305966,-0.053429902555432465,1.4626810569860291
CV-G,gfold_3,G+E+GxE expanded-grid,W447,ME3,4.875384608494055,-0.3790129510131294,5.254397559507184
CV-G,gfold_3,G+E+GxE expanded-grid,W447,ME4,-0.6688873431247483,-0.06559750128364916,-0.6032898418410991
CV-G,gfold_3,G+E+GxE expanded-grid,W452,ME1,-0.18952098237378498,0.12126152422423513,-0.3107825065980201
CV-G,gfold_3,G+E+GxE expanded-grid,W452,ME2,2.0976278701013205,-0.42991569239696587,2.5275435624982863
CV-G,gfold_3,G+E+GxE expanded-grid,W452,ME3,1.1739384061780092,-0.5797584142958119,1.753696820473821
CV-G,gfold_3,G+E+GxE expanded-grid,W452,ME4,-0.10936815851111582,0.0714074203656758,-0.18077557887679163
CV-G,gfold_3,G+E+GxE expanded-grid,W453,ME1,0.3815175205347489,-0.42188431306431157,0.8034018335990605
CV-G,gfold_3,G+E+GxE expanded-grid,W453,ME2,1.5860301377885717,0.4838566969711269,1.1021734408174448
CV-G,gfold_3,G+E+GxE expanded-grid,W453,ME3,1.5987143286337429,0.4973233314016853,1.1013909972320577
CV-G,gfold_3,G+E+GxE expanded-grid,W453,ME4,0.8344944890574307,0.44796726488408467,0.38652722417334606
CV-G,gfold_3,G+E+GxE expanded-grid,W460,ME1,0.9802784739745464,0.2842110121176104,0.696067461856936
CV-G,gfold_3,G+E+GxE expanded-grid,W460,ME2,0.169754107690435,0.2895082805723011,-0.1197541728818661
CV-G,gfold_3,G+E+GxE expanded-grid,W460,ME3,0.7245155133161162,0.22943563829497832,0.49507987502113787
CV-G,gfold_3,G+E+GxE expanded-grid,W460,ME4,1.3428014432059008,0.5397126053586982,0.8030888378472025
CV-G,gfold_3,G+E+GxE expanded-grid,W465,ME1,-0.549196160183055,-0.2928196671486416,-0.25637649303441334
CV-G,gfold_3,G+E+GxE expanded-grid,W465,ME2,1.4330912872594905,0.3864949062036302,1.0465963810558603
CV-G,gfold_3,G+E+GxE expanded-grid,W465,ME3,-0.01515544125479358,0.4585828057177792,-0.4737382469725728
CV-G,gfold_3,G+E+GxE expanded-grid,W465,ME4,-0.5143617143955314,0.06220593206170152,-0.5765676464572329
CV-G,gfold_3,G+E+GxE expanded-grid,W467,ME1,-0.38400162828641343,-0.10555680520098333,-0.2784448230854301
CV-G,gfold_3,G+E+GxE expanded-grid,W467,ME2,1.1888042877385714,0.6806497835736025,0.5081545041649689
CV-G,gfold_3,G+E+GxE expanded-grid,W467,ME3,1.411953135127704,0.9213134368156651,0.4906396983120388
CV-G,gfold_3,G+E+GxE expanded-grid,W467,ME4,0.731102423772693,1.063026457941025,-0.33192403416833194
CV-G,gfold_3,G+E+GxE expanded-grid,W471,ME1,-0.124954710983697,-0.4017881542022342,0.2768334432185372
CV-G,gfold_3,G+E+GxE expanded-grid,W471,ME2,1.0765145407826204,0.5451981377053401,0.5313164030772803
CV-G,gfold_3,G+E+GxE expanded-grid,W471,ME3,0.6808385140117097,0.6907071610509098,-0.009868647039200096
CV-G,gfold_3,G+E+GxE expanded-grid,W471,ME4,0.895744631361849,0.44425498387199147,0.45148964748985754
CV-G,gfold_3,G+E+GxE expanded-grid,W476,ME1,-0.14867841791600267,0.07925229363925844,-0.22793071155526112
CV-G,gfold_3,G+E+GxE expanded-grid,W476,ME2,1.2076321070021656,0.6572883980211246,0.550343708981041
CV-G,gfold_3,G+E+GxE expanded-grid,W476,ME3,1.2745281150769037,0.6242257279049339,0.6503023871719698
CV-G,gfold_3,G+E+GxE expanded-grid,W476,ME4,0.8550029813497011,0.6282828996710724,0.22672008167862867
CV-G,gfold_3,G+E+GxE expanded-grid,W485,ME1,-0.9317154842144731,-0.6868138571416399,-0.24490162707283325
CV-G,gfold_3,G+E+GxE expanded-grid,W485,ME2,0.7339051882939019,-0.00425897336558758,0.7381641616594895
CV-G,gfold_3,G+E+GxE expanded-grid,W485,ME3,0.2628704935941416,0.2845514734211886,-0.021680979827046976
CV-G,gfold_3,G+E+GxE expanded-grid,W485,ME4,0.06889917706047614,-0.0959352368382564,0.16483441389873255
CV-G,gfold_3,G+E+GxE expanded-grid,W487,ME1,-0.26387643870470245,0.26431926611877105,-0.5281957048234736
CV-G,gfold_3,G+E+GxE expanded-grid,W487,ME2,1.2477116294883301,0.26781062687301865,0.9799010026153114
CV-G,gfold_3,G+E+GxE expanded-grid,W487,ME3,0.6283855715092214,0.08731150954688817,0.5410740619623332
CV-G,gfold_3,G+E+GxE expanded-grid,W487,ME4,-0.12355968904247606,-0.2848374686294467,0.16127777958697065
CV-G,gfold_3,G+E+GxE expanded-grid,W491,ME1,0.07964902717639381,0.23568508555193807,-0.15603605837554424
CV-G,gfold_3,G+E+GxE expanded-grid,W491,ME2,1.272709910527388,0.11506446062393354,1.1576454499034545
CV-G,gfold_3,G+E+GxE expanded-grid,W491,ME3,1.5891444117488291,-0.22211609917440894,1.811260510923238
CV-G,gfold_3,G+E+GxE expanded-grid,W491,ME4,0.15219968526256802,0.2803814795797343,-0.12818179431716628
CV-G,gfold_3,G+E+GxE expanded-grid,W517,ME1,-0.3560837198195595,-0.5431876015757342,0.1871038817561747
CV-G,gfold_3,G+E+GxE expanded-grid,W517,ME2,1.2586286003218419,1.0462077980233884,0.2124208022984535
CV-G,gfold_3,G+E+GxE expanded-grid,W517,ME3,0.30337159815121556,1.0065153784773695,-0.703143780326154
CV-G,gfold_3,G+E+GxE expanded-grid,W517,ME4,1.3390883598296244,0.7170249163626923,0.6220634434669321
CV-G,gfold_3,G+E+GxE expanded-grid,W524,ME1,-1.8219205077811278,-0.6893374010265251,-1.1325831067546028
CV-G,gfold_3,G+E+GxE expanded-grid,W524,ME2,-0.14534447829782987,-0.8411213354100759,0.695776857112246
CV-G,gfold_3,G+E+GxE expanded-grid,W524,ME3,-0.07123194451953051,-0.7930473847829866,0.7218154402634561
CV-G,gfold_3,G+E+GxE expanded-grid,W524,ME4,1.9022104939905746,-0.5158543330268148,2.4180648270173895
CV-G,gfold_3,G+E+GxE expanded-grid,W541,ME1,-0.5933045009813293,-0.6386519057378461,0.045347404756516885
CV-G,gfold_3,G+E+GxE expanded-grid,W541,ME2,0.5333746736094507,-0.4222408570062266,0.9556155306156773
CV-G,gfold_3,G+E+GxE expanded-grid,W541,ME3,0.7788351386355192,-0.06481628138130827,0.8436514200168275
CV-G,gfold_3,G+E+GxE expanded-grid,W541,ME4,1.1725188102337143,-0.5825400527114937,1.755058862945208
CV-G,gfold_3,G+E+GxE expanded-grid,W554,ME1,-2.289097550165217,-0.6932897632624975,-1.5958077869027194
CV-G,gfold_3,G+E+GxE expanded-grid,W554,ME2,0.5153252818313763,0.5294892776674736,-0.014163995836097287
CV-G,gfold_3,G+E+GxE expanded-grid,W554,ME3,-0.009149959432045036,-0.04948857080838693,0.04033861137634189
CV-G,gfold_3,G+E+GxE expanded-grid,W554,ME4,1.212041121425263,0.40407679028550536,0.8079643311397577
CV-G,gfold_3,G+E+GxE expanded-grid,W559,ME1,-2.006636400994877,-0.4169922590816978,-1.5896441419131793
CV-G,gfold_3,G+E+GxE expanded-grid,W559,ME2,1.475702281243281,0.9250337046918586,0.5506685765514223
CV-G,gfold_3,G+E+GxE expanded-grid,W559,ME3,-0.06654412115578129,1.1223446394472143,-1.1888887606029956
CV-G,gfold_3,G+E+GxE expanded-grid,W559,ME4,-0.7646644408072932,0.8506757783378405,-1.6153402191451338
CV-G,gfold_3,G+E+GxE expanded-grid,W560,ME1,-1.177055913783901,-1.1608376169971957,-0.016218296786705277
CV-G,gfold_3,G+E+GxE expanded-grid,W560,ME2,0.3080610529632381,-0.03192427053530787,0.339985323498546
CV-G,gfold_3,G+E+GxE expanded-grid,W560,ME3,0.7700845350231875,0.349292345669012,0.4207921893541755
CV-G,gfold_3,G+E+GxE expanded-grid,W560,ME4,1.405561992307448,1.3146098330406508,0.09095215926679723
CV-G,gfold_3,G+E+GxE expanded-grid,W563,ME1,-2.418661729219824,-0.34314675710441483,-2.075514972115409
CV-G,gfold_3,G+E+GxE expanded-grid,W563,ME2,0.6355701779686163,0.2518339969914397,0.38373618097717654
CV-G,gfold_3,G+E+GxE expanded-grid,W563,ME3,0.5096527192133324,0.39517223286767456,0.11448048634565788
CV-G,gfold_3,G+E+GxE expanded-grid,W563,ME4,1.3973019551356471,0.9672429553938345,0.4300589997418126
CV-G,gfold_3,G+E+GxE expanded-grid,W571,ME1,-2.0155215929835992,-0.9973178192923668,-1.0182037736912324
CV-G,gfold_3,G+E+GxE expanded-grid,W571,ME2,0.39112496147909465,0.22025866191942356,0.1708662995596711
CV-G,gfold_3,G+E+GxE expanded-grid,W571,ME3,-0.18840218902750308,0.25367645381688164,-0.4420786428443847
CV-G,gfold_3,G+E+GxE expanded-grid,W571,ME4,0.9986568278204154,0.6077552275643191,0.3909016002560963
CV-G,gfold_3,G+E+GxE expanded-grid,W577,ME1,-1.4524724331923298,0.17930599270579622,-1.631778425898126
CV-G,gfold_3,G+E+GxE expanded-grid,W577,ME2,0.986248595856017,0.5136206906679328,0.4726279051880842
CV-G,gfold_3,G+E+GxE expanded-grid,W577,ME3,0.7816309395966025,0.48608256188607846,0.295548377710524
CV-G,gfold_3,G+E+GxE expanded-grid,W577,ME4,2.3877197455448753,0.4849628823445359,1.9027568632003393
CV-G,gfold_3,G+E+GxE expanded-grid,W585,ME1,-2.2687292044605485,-1.0496811242544688,-1.2190480802060797
CV-G,gfold_3,G+E+GxE expanded-grid,W585,ME2,0.2297436535054296,0.15836235216810624,0.07138130133732337
CV-G,gfold_3,G+E+GxE expanded-grid,W585,ME3,0.11161005972384323,0.3032819380786689,-0.19167187835482563
CV-G,gfold_3,G+E+GxE expanded-grid,W585,ME4,1.1666109169803598,0.8012132826377539,0.36539763434260586
CV-G,gfold_3,G+E+GxE expanded-grid,W586,ME1,-1.9222392932229935,-1.0314096004934077,-0.8908296927295858
CV-G,gfold_3,G+E+GxE expanded-grid,W586,ME2,0.6403166870266653,0.19212420061249502,0.4481924864141703
CV-G,gfold_3,G+E+GxE expanded-grid,W586,ME3,0.3150193610676296,0.282641468792209,0.032377892275420594
CV-G,gfold_3,G+E+GxE expanded-grid,W586,ME4,0.9123197726199288,0.5430222220521416,0.36929755056778724
CV-G,gfold_4,G+E,W007,ME1,0.6174108165506322,0.37851850974587237,0.23889230680475987
CV-G,gfold_4,G+E,W007,ME2,-0.3135924027088055,0.3720860263412254,-0.6856784290500308
CV-G,gfold_4,G+E,W007,ME3,0.05432570287169062,0.3680016843192698,-0.31367598144757913
CV-G,gfold_4,G+E,W007,ME4,0.0033538154267226572,0.38190264300460114,-0.3785488275778785
CV-G,gfold_4,G+E,W010,ME1,-1.0508226637149842,-1.0497127662372723,-0.001109897477711952
CV-G,gfold_4,G+E,W010,ME2,-1.6176229866022003,-1.0561452496419192,-0.561477736960281
CV-G,gfold_4,G+E,W010,ME3,-1.9872087022480789,-1.0602295916638749,-0.926979110584204
CV-G,gfold_4,G+E,W010,ME4,-0.5624036639271369,-1.0463286329785435,0.4839249690514066
CV-G,gfold_4,G+E,W017,ME1,2.3397128482489933,-0.2249785739322933,2.5646914221812867
CV-G,gfold_4,G+E,W017,ME2,-0.1947081725015398,-0.23141105733694026,0.03670288483540046
CV-G,gfold_4,G+E,W017,ME3,-0.37300951774479224,-0.2354953993588959,-0.13751411838589633
CV-G,gfold_4,G+E,W017,ME4,0.4352593590870711,-0.22159444067356454,0.6568537997606356
CV-G,gfold_4,G+E,W024,ME1,-0.4015276898443709,-0.5155318230304008,0.11400413318602987
CV-G,gfold_4,G+E,W024,ME2,-1.953574569052161,-0.5219643064350478,-1.4316102626171134
CV-G,gfold_4,G+E,W024,ME3,-1.5283848230729375,-0.5260486484570034,-1.0023361746159343
CV-G,gfold_4,G+E,W024,ME4,-0.9611117248589154,-0.5121476897716721,-0.44896403508724325
CV-G,gfold_4,G+E,W025,ME1,-1.127238572450251,-0.8231596610684653,-0.30407891138178567
CV-G,gfold_4,G+E,W025,ME2,-0.23620531902637532,-0.8295921444731122,0.5933868254467369
CV-G,gfold_4,G+E,W025,ME3,0.6009343536133955,-0.8336764864950679,1.4346108401084634
CV-G,gfold_4,G+E,W025,ME4,-1.3375570189371746,-0.8197755278097366,-0.517781491127438
CV-G,gfold_4,G+E,W031,ME1,0.9857757284130315,-0.009280117928194744,0.9950558463412262
CV-G,gfold_4,G+E,W031,ME2,0.3983523126048168,-0.0157126013328417,0.4140649139376585
CV-G,gfold_4,G+E,W031,ME3,0.9539401226965609,-0.019796943354797338,0.9737370660513582
CV-G,gfold_4,G+E,W031,ME4,0.6522780690475105,-0.005895984669465986,0.6581740537169765
CV-G,gfold_4,G+E,W034,ME1,0.4341119933699142,-0.8338061170614234,1.2679181104313375
CV-G,gfold_4,G+E,W034,ME2,-0.3815434263838341,-0.8402386004660704,0.45869517408223626
CV-G,gfold_4,G+E,W034,ME3,0.13568266618633773,-0.844322942488026,0.9800056086743637
CV-G,gfold_4,G+E,W034,ME4,-0.5413366357880117,-0.8304219838026947,0.289085348014683
CV-G,gfold_4,G+E,W044,ME1,-1.2752653823375188,-0.20383552126019072,-1.071429861077328
CV-G,gfold_4,G+E,W044,ME2,-0.035174838721142666,-0.21026800466483767,0.175093165943695
CV-G,gfold_4,G+E,W044,ME3,0.8075702288760123,-0.21435234668679332,1.0219225755628056
CV-G,gfold_4,G+E,W044,ME4,-1.2559399849777169,-0.20045138800146195,-1.0554885969762549
CV-G,gfold_4,G+E,W046,ME1,0.409679751421092,0.0472979092411758,0.3623818421799162
CV-G,gfold_4,G+E,W046,ME2,-0.6993633442320486,0.04086542583652884,-0.7402287700685775
CV-G,gfold_4,G+E,W046,ME3,-0.6145380025851526,0.03678108381457321,-0.6513190863997258
CV-G,gfold_4,G+E,W046,ME4,-0.051909766603657696,0.05068204249990456,-0.10259180910356225
CV-G,gfold_4,G+E,W053,ME1,0.025385017808058567,-0.09157160784578307,0.11695662565384163
CV-G,gfold_4,G+E,W053,ME2,-0.34734324645090614,-0.09800409125043003,-0.24933915520047611
CV-G,gfold_4,G+E,W053,ME3,-0.33672323095080087,-0.10208843327238566,-0.23463479767841522
CV-G,gfold_4,G+E,W053,ME4,-0.6915591784858242,-0.08818747458705431,-0.6033717038987698
CV-G,gfold_4,G+E,W062,ME1,1.1229709110363206,0.2621671469402148,0.8608037640961058
CV-G,gfold_4,G+E,W062,ME2,1.043269991340045,0.25573466353556784,0.7875353278044771
CV-G,gfold_4,G+E,W062,ME3,1.2077920927400025,0.2516503215136122,0.9561417712263903
CV-G,gfold_4,G+E,W062,ME4,-0.3358583777618871,0.2655512801989436,-0.6014096579608307
CV-G,gfold_4,G+E,W063,ME1,1.0832603737888356,0.08695095902091476,0.9963094147679208
CV-G,gfold_4,G+E,W063,ME2,0.9219428911375693,0.0805184756162678,0.8414244155213015
CV-G,gfold_4,G+E,W063,ME3,0.21655817737173513,0.07643413359431217,0.14012404377742296
CV-G,gfold_4,G+E,W063,ME4,-0.07550987280880234,0.09033509227964352,-0.16584496508844587
CV-G,gfold_4,G+E,W067,ME1,-0.8797969700732243,-0.5337227414656535,-0.34607422860757087
CV-G,gfold_4,G+E,W067,ME2,-0.28198065238220005,-0.5401552248703004,0.2581745724881004
CV-G,gfold_4,G+E,W067,ME3,-0.6099346445072371,-0.544239566892256,-0.06569507761498106
CV-G,gfold_4,G+E,W067,ME4,-2.8990973795108976,-0.5303386082069248,-2.368758771303973
CV-G,gfold_4,G+E,W070,ME1,0.38118361322811606,0.17126324717543223,0.20992036605268383
CV-G,gfold_4,G+E,W070,ME2,-0.45527253375219584,0.1648307637707853,-0.6201032975229811
CV-G,gfold_4,G+E,W070,ME3,-0.5903218051367416,0.16074642174882964,-0.7510682268855713
CV-G,gfold_4,G+E,W070,ME4,0.23840300652789242,0.174647380434161,0.06375562609373142
CV-G,gfold_4,G+E,W073,ME1,0.33457503967041147,-0.23198188871173972,0.5665569283821512
CV-G,gfold_4,G+E,W073,ME2,-0.2542863541981711,-0.23841437211638666,-0.01587198208178442
CV-G,gfold_4,G+E,W073,ME3,-0.9465288085529907,-0.24249871413834231,-0.7040300944146484
CV-G,gfold_4,G+E,W073,ME4,-1.0614357763369846,-0.22859775545301095,-0.8328380208839736
CV-G,gfold_4,G+E,W079,ME1,-0.13540356645714433,-0.11488479383658938,-0.020518772620554945
CV-G,gfold_4,G+E,W079,ME2,0.17594988418087532,-0.12131727724123634,0.2972671614221116
CV-G,gfold_4,G+E,W079,ME3,1.155178666194431,-0.125401619263192,1.280580285457623
CV-G,gfold_4,G+E,W079,ME4,-0.9842476956420256,-0.11150066057786062,-0.8727470350641651
CV-G,gfold_4,G+E,W080,ME1,-0.40858860776757955,-0.4659533624887043,0.05736475472112473
CV-G,gfold_4,G+E,W080,ME2,-0.7041984547925146,-0.47238584589335125,-0.23181260889916339
CV-G,gfold_4,G+E,W080,ME3,-0.712061621608296,-0.4764701879153069,-0.23559143369298913
CV-G,gfold_4,G+E,W080,ME4,-1.2064269621593235,-0.4625692292299755,-0.7438577329293481
CV-G,gfold_4,G+E,W087,ME1,0.8599333942152956,0.8476545123134964,0.012278881901799155
CV-G,gfold_4,G+E,W087,ME2,-0.27144973095207503,0.8412220289088495,-1.1126717598609246
CV-G,gfold_4,G+E,W087,ME3,-0.05258200940753501,0.8371376868868938,-0.8897196962944288
CV-G,gfold_4,G+E,W087,ME4,0.1424056411874335,0.8510386455722251,-0.7086330043847916
CV-G,gfold_4,G+E,W088,ME1,1.4928506218995488,0.33726871230640953,1.1555819095931392
CV-G,gfold_4,G+E,W088,ME2,-0.19478411664646908,0.33083622890176256,-0.5256203455482317
CV-G,gfold_4,G+E,W088,ME3,0.020598714238448546,0.32675188687980694,-0.3061531726413584
CV-G,gfold_4,G+E,W088,ME4,0.6437269638991793,0.3406528455651383,0.30307411833404097
CV-G,gfold_4,G+E,W089,ME1,-0.7229582649230821,-1.6541784416904213,0.9312201767673391
CV-G,gfold_4,G+E,W089,ME2,-2.8246349253490743,-1.6606109250950682,-1.164024000254006
CV-G,gfold_4,G+E,W089,ME3,-1.316520546617237,-1.6646952671170239,0.3481747204997869
CV-G,gfold_4,G+E,W089,ME4,-1.4280240927235608,-1.6507943084316925,0.2227702157081317
CV-G,gfold_4,G+E,W090,ME1,-0.6055287660363904,0.06323864874458454,-0.6687674147809749
CV-G,gfold_4,G+E,W090,ME2,-0.32331958193843435,0.05680616533993759,-0.38012574727837195
CV-G,gfold_4,G+E,W090,ME3,0.9570484452152278,0.052721823317981954,0.9043266218972459
CV-G,gfold_4,G+E,W090,ME4,-1.1133560099883029,0.0666227820033133,-1.1799787919916163
CV-G,gfold_4,G+E,W094,ME1,1.2993228334229248,0.6585093401411305,0.6408134932817943
CV-G,gfold_4,G+E,W094,ME2,0.12579510513415798,0.6520768567364835,-0.5262817516023255
CV-G,gfold_4,G+E,W094,ME3,0.04509364713010937,0.6479925147145279,-0.6028988675844186
CV-G,gfold_4,G+E,W094,ME4,0.13394893646392358,0.6618934733998592,-0.5279445369359356
CV-G,gfold_4,G+E,W097,ME1,0.41013581993747006,-0.6103912178502775,1.0205270377877476
CV-G,gfold_4,G+E,W097,ME2,-0.3978334454710586,-0.6168237012549245,0.21899025578386588
CV-G,gfold_4,G+E,W097,ME3,-0.6868571803156359,-0.6209080432768801,-0.06594913703875582
CV-G,gfold_4,G+E,W097,ME4,-0.4001136002564273,-0.6070070845915488,0.20689348433512156
CV-G,gfold_4,G+E,W099,ME1,0.5299678226157947,0.2668810463734977,0.263086776242297
CV-G,gfold_4,G+E,W099,ME2,-0.1884870812961242,0.2604485629688507,-0.4489356442649749
CV-G,gfold_4,G+E,W099,ME3,-0.6989357161897987,0.2563642209468951,-0.9552999371366937
CV-G,gfold_4,G+E,W099,ME4,-1.2921189477902029,0.27026517963222646,-1.5623841274224293
CV-G,gfold_4,G+E,W105,ME1,0.6205218553587818,-0.5043153783013956,1.1248372336601773
CV-G,gfold_4,G+E,W105,ME2,-0.0716596716806794,-0.5107478617060426,0.4390881900253632
CV-G,gfold_4,G+E,W105,ME3,0.46307011407626053,-0.5148322037279982,0.9779023178042587
CV-G,gfold_4,G+E,W105,ME4,0.5019375258186719,-0.500931245042667,1.0028687708613389
CV-G,gfold_4,G+E,W112,ME1,0.7907575731775291,-0.6018274465290704,1.3925850197065994
CV-G,gfold_4,G+E,W112,ME2,-0.26957644204383174,-0.6082599299337174,0.3386834878898856
CV-G,gfold_4,G+E,W112,ME3,-0.14410859313651292,-0.612344271955673,0.46823567881916006
CV-G,gfold_4,G+E,W112,ME4,-0.00245967740181196,-0.5984433132703417,0.5959836358685298
CV-G,gfold_4,G+E,W125,ME1,1.0141497053962651,0.2413395688287725,0.7728101365674926
CV-G,gfold_4,G+E,W125,ME2,0.43950138179872955,0.23490708542412556,0.204594296374604
CV-G,gfold_4,G+E,W125,ME3,-0.34899603698238185,0.2308227434021699,-0.5798187803845518
CV-G,gfold_4,G+E,W125,ME4,0.4416313877624592,0.24472370208750127,0.19690768567495792
CV-G,gfold_4,G+E,W143,ME1,-0.7254747858438096,0.2744317738068365,-0.9999065596506461
CV-G,gfold_4,G+E,W143,ME2,-2.721002810915005,0.2679992904021895,-2.9890021013171943
CV-G,gfold_4,G+E,W143,ME3,-2.1099029764495496,0.2639149483802339,-2.3738179248297833
CV-G,gfold_4,G+E,W143,ME4,-1.9721402746873031,0.27781590706556525,-2.2499561817528684
CV-G,gfold_4,G+E,W150,ME1,0.03753598613727311,-0.654427896306573,0.6919638824438462
CV-G,gfold_4,G+E,W150,ME2,-2.2598003474412476,-0.66086037971122,-1.5989399677300276
CV-G,gfold_4,G+E,W150,ME3,-1.2722860764263308,-0.6649447217331756,-0.6073413546931552
CV-G,gfold_4,G+E,W150,ME4,-0.6872482257523514,-0.6510437630478444,-0.03620446270450706
CV-G,gfold_4,G+E,W153,ME1,1.725315259961947,0.39424805626901877,1.3310672036929283
CV-G,gfold_4,G+E,W153,ME2,-0.3121494639551593,0.3878155728643718,-0.6999650368195312
CV-G,gfold_4,G+E,W153,ME3,-0.9093640827863332,0.38373123084241617,-1.2930953136287493
CV-G,gfold_4,G+E,W153,ME4,-0.08753806027135781,0.39763218952774754,-0.48517024979910534
CV-G,gfold_4,G+E,W158,ME1,-0.43877871473567476,0.435863843208637,-0.8746425579443118
CV-G,gfold_4,G+E,W158,ME2,-0.9264806383203201,0.42943135980399005,-1.3559119981243102
CV-G,gfold_4,G+E,W158,ME3,-0.6064124420879877,0.42534701778203443,-1.0317594598700222
CV-G,gfold_4,G+E,W158,ME4,-0.09425622383775488,0.4392479764673658,-0.5335042003051207
CV-G,gfold_4,G+E,W159,ME1,-0.45084824225839343,-0.5859570808527023,0.13510883859430883
CV-G,gfold_4,G+E,W159,ME2,-2.3468196801721457,-0.5923895642573492,-1.7544301159147966
CV-G,gfold_4,G+E,W159,ME3,-1.3606874445794765,-0.5964739062793049,-0.7642135383001717
CV-G,gfold_4,G+E,W159,ME4,-1.7754727229777658,-0.5825729475939736,-1.1928997753837922
CV-G,gfold_4,G+E,W160,ME1,0.17598535718060326,0.02899728154256653,0.14698807563803673
CV-G,gfold_4,G+E,W160,ME2,-2.017728385480751,0.022564798137919576,-2.0402931836186706
CV-G,gfold_4,G+E,W160,ME3,-1.211749806069595,0.018480456115963936,-1.230230262185559
CV-G,gfold_4,G+E,W160,ME4,-0.46173347755805894,0.03238141480129529,-0.49411489235935424
CV-G,gfold_4,G+E,W164,ME1,0.2006456333876131,-0.12922211616325635,0.32986774955086945
CV-G,gfold_4,G+E,W164,ME2,-0.9798250714540458,-0.1356545995679033,-0.8441704718861426
CV-G,gfold_4,G+E,W164,ME3,-0.7725303197363654,-0.13973894158985894,-0.6327913781465064
CV-G,gfold_4,G+E,W164,ME4,-0.9345694720801964,-0.12583798290452758,-0.8087314891756687
CV-G,gfold_4,G+E,W165,ME1,-0.14388155441338457,0.25495685382022054,-0.3988384082336051
CV-G,gfold_4,G+E,W165,ME2,-2.1210187512626404,0.2485243704155736,-2.369543121678214
CV-G,gfold_4,G+E,W165,ME3,-0.35684286203629667,0.24444002839361795,-0.6012828904299146
CV-G,gfold_4,G+E,W165,ME4,-2.676469710975702,0.2583409870789493,-2.934810698054651
CV-G,gfold_4,G+E,W167,ME1,0.3232629116481066,-0.5727945400341923,0.8960574516822989
CV-G,gfold_4,G+E,W167,ME2,-0.5789285877324871,-0.5792270234388393,0.00029843570635212924
CV-G,gfold_4,G+E,W167,ME3,-0.6482480981612279,-0.5833113654607949,-0.06493673270043299
CV-G,gfold_4,G+E,W167,ME4,-0.4132195259023508,-0.5694104067754636,0.15619088087311284
CV-G,gfold_4,G+E,W184,ME1,0.6420385164350464,0.24634817973087023,0.3956903367041762
CV-G,gfold_4,G+E,W184,ME2,-0.6595875983255989,0.23991569632622328,-0.8995032946518222
CV-G,gfold_4,G+E,W184,ME3,0.5654335939776535,0.23583135430426763,0.32960223967338587
CV-G,gfold_4,G+E,W184,ME4,-0.04531747027035415,0.249732312989599,-0.2950497832599531
CV-G,gfold_4,G+E,W187,ME1,1.4995124798709274,0.06495284045432738,1.4345596394166
CV-G,gfold_4,G+E,W187,ME2,0.3381222769975478,0.05852035704968042,0.2796019199478674
CV-G,gfold_4,G+E,W187,ME3,-0.6477075203318948,0.054436015027724785,-0.7021435353596196
CV-G,gfold_4,G+E,W187,ME4,-1.294290157561076,0.06833697371305614,-1.362627131274132
CV-G,gfold_4,G+E,W202,ME1,0.10798228375637937,0.13101968624899496,-0.023037402492615586
CV-G,gfold_4,G+E,W202,ME2,1.6505826609780379,0.12458720284434802,1.5259954581336899
CV-G,gfold_4,G+E,W202,ME3,1.6463443033151486,0.12050286082239238,1.5258414424927562
CV-G,gfold_4,G+E,W202,ME4,0.23480005698057385,0.13440381950772373,0.10039623747285012
CV-G,gfold_4,G+E,W205,ME1,-1.688113262708076,-0.9022005627482794,-0.7859126999597965
CV-G,gfold_4,G+E,W205,ME2,-1.3984988137676844,-0.9086330461529264,-0.489865767614758
CV-G,gfold_4,G+E,W205,ME3,-1.1770768062350196,-0.912717388174882,-0.26435941806013763
CV-G,gfold_4,G+E,W205,ME4,-0.902315993599832,-0.8988164294895508,-0.0034995641102811836
CV-G,gfold_4,G+E,W207,ME1,-0.6828323795624641,-0.1028041906794522,-0.5800281888830119
CV-G,gfold_4,G+E,W207,ME2,-0.6054837237425847,-0.10923667408409916,-0.4962470496584856
CV-G,gfold_4,G+E,W207,ME3,-0.13213986213393236,-0.1133210161060548,-0.01881884602787756
CV-G,gfold_4,G+E,W207,ME4,-0.9421057726617056,-0.09942005742072345,-0.8426857152409821
CV-G,gfold_4,G+E,W208,ME1,0.15941215305865145,0.3620876279165706,-0.20267547485791917
CV-G,gfold_4,G+E,W208,ME2,-1.6664867151851284,0.35565514451192365,-2.022141859697052
CV-G,gfold_4,G+E,W208,ME3,-0.6866544636296353,0.351570802489968,-1.0382252661196034
CV-G,gfold_4,G+E,W208,ME4,-0.20606566033566145,0.3654717611752994,-0.5715374215109609
CV-G,gfold_4,G+E,W211,ME1,-0.1524898476600194,0.47751088054718366,-0.6300007282072031
CV-G,gfold_4,G+E,W211,ME2,1.6467348243016455,0.4710783971425367,1.1756564271591088
CV-G,gfold_4,G+E,W211,ME3,1.7548568560252062,0.46699405512058106,1.2878628009046251
CV-G,gfold_4,G+E,W211,ME4,-0.0867513900645187,0.48089501380591243,-0.5676464038704311
CV-G,gfold_4,G+E,W218,ME1,0.6100892880466359,0.08386847642844927,0.5262208116181866
CV-G,gfold_4,G+E,W218,ME2,0.298517405417187,0.07743599302380232,0.2210814123933847
CV-G,gfold_4,G+E,W218,ME3,0.2319984316220647,0.07335165100184668,0.15864678062021803
CV-G,gfold_4,G+E,W218,ME4,0.5117709034041489,0.08725260968717803,0.42451829371697086
CV-G,gfold_4,G+E,W223,ME1,0.07968974757964321,-0.4466663887199203,0.5263561362995636
CV-G,gfold_4,G+E,W223,ME2,-0.08191213124606374,-0.4530988721245673,0.37118674087850356
CV-G,gfold_4,G+E,W223,ME3,0.16245816179549796,-0.4571832141465229,0.6196413759420208
CV-G,gfold_4,G+E,W223,ME4,-0.12370915638177525,-0.44328225546119154,0.3195730990794163
CV-G,gfold_4,G+E,W236,ME1,1.404014990173629,0.2097161794023789,1.19429881077125
CV-G,gfold_4,G+E,W236,ME2,2.2013865581102707,0.20328369599773197,1.9981028621125387
CV-G,gfold_4,G+E,W236,ME3,-0.05764992655753401,0.19919935397577632,-0.25684928053331035
CV-G,gfold_4,G+E,W236,ME4,1.606949565258014,0.21310031266110768,1.3938492525969062
CV-G,gfold_4,G+E,W240,ME1,1.3316222572792678,0.03390906982323142,1.2977131874560364
CV-G,gfold_4,G+E,W240,ME2,1.831165180261196,0.027476586418584463,1.8036885938426115
CV-G,gfold_4,G+E,W240,ME3,0.24719373654347795,0.023392244396628823,0.22380149214684913
CV-G,gfold_4,G+E,W240,ME4,1.6399897139452146,0.03729320308196017,1.6026965108632545
CV-G,gfold_4,G+E,W241,ME1,1.4679623114343485,0.16184774058921209,1.3061145708451365
CV-G,gfold_4,G+E,W241,ME2,2.3226883435977705,0.15541525718456514,2.1672730864132053
CV-G,gfold_4,G+E,W241,ME3,0.6970896350060393,0.1513309151626095,0.5457587198434297
CV-G,gfold_4,G+E,W241,ME4,0.999640165578963,0.16523187384794086,0.834408291731022
CV-G,gfold_4,G+E,W245,ME1,0.8245799401153493,-0.012316186189820489,0.8368961263051697
CV-G,gfold_4,G+E,W245,ME2,1.390265118198401,-0.018748669594467443,1.4090137877928683
CV-G,gfold_4,G+E,W245,ME3,0.6879504910788741,-0.022833011616423083,0.7107835026952971
CV-G,gfold_4,G+E,W245,ME4,0.3026503623203639,-0.00893205293109173,0.31158241525145564
CV-G,gfold_4,G+E,W246,ME1,1.3000069361974917,0.32666938910363313,0.9733375470938586
CV-G,gfold_4,G+E,W246,ME2,0.5598158934021549,0.32023690569898616,0.2395789877031687
CV-G,gfold_4,G+E,W246,ME3,0.9199935243201531,0.31615256367703054,0.6038409606431225
CV-G,gfold_4,G+E,W246,ME4,0.80577315980577,0.3300535223623619,0.4757196374434081
CV-G,gfold_4,G+E,W248,ME1,-0.6659415562951781,0.007240007247631414,-0.6731815635428096
CV-G,gfold_4,G+E,W248,ME2,0.5778209844290203,0.0008075238429844575,0.5770134605860359
CV-G,gfold_4,G+E,W248,ME3,0.5500524654274072,-0.00327681817897118,0.5533292836063783
CV-G,gfold_4,G+E,W248,ME4,-0.12229315000946639,0.010624140506360171,-0.13291729051582657
CV-G,gfold_4,G+E,W253,ME1,1.4390019606443423,0.49320418890551754,0.9457977717388247
CV-G,gfold_4,G+E,W253,ME2,2.4397752290417216,0.48677170550087057,1.953003523540851
CV-G,gfold_4,G+E,W253,ME3,0.016831562490282094,0.48268736347891494,-0.46585580098863283
CV-G,gfold_4,G+E,W253,ME4,1.5219891829194936,0.4965883221642463,1.0254008607552474
CV-G,gfold_4,G+E,W258,ME1,0.46397633711202585,0.013412433770095166,0.4505639033419307
CV-G,gfold_4,G+E,W258,ME2,-0.7187860592975854,0.0069799503654482085,-0.7257660096630336
CV-G,gfold_4,G+E,W258,ME3,-1.4529404297666215,0.0028956083434925712,-1.455836038110114
CV-G,gfold_4,G+E,W258,ME4,-0.8104879803556154,0.01679656702882392,-0.8272845473844394
CV-G,gfold_4,G+E,W264,ME1,0.556664118985209,-0.31750147925896627,0.8741655982441752
CV-G,gfold_4,G+E,W264,ME2,0.045212038685974426,-0.32393396266361324,0.36914600134958764
CV-G,gfold_4,G+E,W264,ME3,-1.4951815192118618,-0.32801830468556886,-1.167163214526293
CV-G,gfold_4,G+E,W264,ME4,-0.5063140781795771,-0.3141173460002375,-0.19219673217933958
CV-G,gfold_4,G+E,W267,ME1,0.5231512271120737,0.3541406662377744,0.16901056087429933
CV-G,gfold_4,G+E,W267,ME2,0.3420903585700772,0.34770818283312743,-0.005617824263050242
CV-G,gfold_4,G+E,W267,ME3,0.7941824810714333,0.3436238408111718,0.4505586402602615
CV-G,gfold_4,G+E,W267,ME4,0.2971830043828389,0.3575247994965032,-0.060341795113664276
CV-G,gfold_4,G+E,W268,ME1,1.1476311872433334,0.13601628889012599,1.0116148983532074
CV-G,gfold_4,G+E,W268,ME2,1.7299063203561518,0.12958380548547904,1.6003225148706728
CV-G,gfold_4,G+E,W268,ME3,-0.31718641033755546,0.1254994634635234,-0.4426858738010788
CV-G,gfold_4,G+E,W268,ME4,1.1852943343927658,0.13940042214885476,1.045893912243911
CV-G,gfold_4,G+E,W272,ME1,-0.45474925688955536,-0.5944147359387623,0.1396654790492069
CV-G,gfold_4,G+E,W272,ME2,-0.06924844507918962,-0.6008472193434092,0.5315987742642196
CV-G,gfold_4,G+E,W272,ME3,-0.03768233298653844,-0.6049315613653649,0.5672492283788264
CV-G,gfold_4,G+E,W272,ME4,1.5786294378118395,-0.5910306026800336,2.1696600404918733
CV-G,gfold_4,G+E,W273,ME1,-0.7698518813035222,-0.09183028718500306,-0.6780215941185191
CV-G,gfold_4,G+E,W273,ME2,-1.5513047620431406,-0.09826277058965002,-1.4530419914534907
CV-G,gfold_4,G+E,W273,ME3,-0.5423624158405863,-0.10234711261160566,-0.44001530322898064
CV-G,gfold_4,G+E,W273,ME4,-1.4516241989287055,-0.0884461539262743,-1.3631780450024311
CV-G,gfold_4,G+E,W276,ME1,-0.001987237255272065,-0.06494274219848879,0.06295550494321672
CV-G,gfold_4,G+E,W276,ME2,-1.794326025815247,-0.07137522560313575,-1.7229508002121112
CV-G,gfold_4,G+E,W276,ME3,-0.6416091266947295,-0.07545956762509139,-0.566149559069638
CV-G,gfold_4,G+E,W276,ME4,-0.6020203755435065,-0.061558608939760034,-0.5404617666037465
CV-G,gfold_4,G+E,W277,ME1,-0.5857956586223904,-0.3884465862910917,-0.19734907233129867
CV-G,gfold_4,G+E,W277,ME2,-1.1958102196315052,-0.39487906969573866,-0.8009311499357665
CV-G,gfold_4,G+E,W277,ME3,-1.162278488157023,-0.3989634117176943,-0.7633150764393286
CV-G,gfold_4,G+E,W277,ME4,-0.21065194764152748,-0.3850624530323629,0.17441050539083544
CV-G,gfold_4,G+E,W280,ME1,-0.1259401447422998,-0.23567860749356262,0.10973846275126281
CV-G,gfold_4,G+E,W280,ME2,-0.26238073431182996,-0.24211109089820956,-0.020269643413620392
CV-G,gfold_4,G+E,W280,ME3,0.5939068418320628,-0.2461954329201652,0.840102274752228
CV-G,gfold_4,G+E,W280,ME4,-1.5487937028773537,-0.23229447423483385,-1.31649922864252
CV-G,gfold_4,G+E,W291,ME1,0.9183020202310339,-0.3339966373641467,1.2522986575951807
CV-G,gfold_4,G+E,W291,ME2,-1.7677455750901723,-0.34042912076879367,-1.4273164543213785
CV-G,gfold_4,G+E,W291,ME3,-0.8569956055696786,-0.3445134627907493,-0.5124821427789292
CV-G,gfold_4,G+E,W291,ME4,-0.5587535141674078,-0.3306125041054179,-0.2281410100619899
CV-G,gfold_4,G+E,W292,ME1,1.0085221456673867,-0.06025577251448341,1.0687779181818702
CV-G,gfold_4,G+E,W292,ME2,-0.2828350240126491,-0.06668825591913037,-0.21614676809351874
CV-G,gfold_4,G+E,W292,ME3,-0.610846869594237,-0.07077259794108601,-0.5400742716531509
CV-G,gfold_4,G+E,W292,ME4,0.08500231619445406,-0.056871639255754655,0.1418739554502087
CV-G,gfold_4,G+E,W295,ME1,0.1308834385430769,-0.18914580077962717,0.3200292393227041
CV-G,gfold_4,G+E,W295,ME2,0.7316585073397596,-0.19557828418427411,0.9272367915240337
CV-G,gfold_4,G+E,W295,ME3,0.9363037710145666,-0.19966262620622977,1.1359663972207965
CV-G,gfold_4,G+E,W295,ME4,-1.4162240396209889,-0.1857616675208984,-1.2304623721000905
CV-G,gfold_4,G+E,W296,ME1,0.06292922960275023,0.09873240482110884,-0.035803175218358615
CV-G,gfold_4,G+E,W296,ME2,-0.5341785003332004,0.09229992141646189,-0.6264784217496623
CV-G,gfold_4,G+E,W296,ME3,-0.25608422256573676,0.08821557939450625,-0.344299801960243
CV-G,gfold_4,G+E,W296,ME4,-0.05135123075680209,0.1021165380798376,-0.1534677688366397
CV-G,gfold_4,G+E,W305,ME1,-1.474013526510542,0.09174465206080601,-1.5657581785713481
CV-G,gfold_4,G+E,W305,ME2,-0.9100577169794701,0.08531216865615905,-0.9953698856356292
CV-G,gfold_4,G+E,W305,ME3,-0.8350346312530166,0.08122782663420341,-0.91626245788722
CV-G,gfold_4,G+E,W305,ME4,1.0720138246080724,0.09512878531953477,0.9768850392885376
CV-G,gfold_4,G+E,W309,ME1,1.1562231923286694,-0.13193052234243285,1.2881537146711022
CV-G,gfold_4,G+E,W309,ME2,0.47954926089117506,-0.1383630057470798,0.6179122666382548
CV-G,gfold_4,G+E,W309,ME3,0.20164160789357255,-0.14244734776903545,0.344088955662608
CV-G,gfold_4,G+E,W309,ME4,-3.5756337573917047,-0.12854638908370408,-3.4470873683080008
CV-G,gfold_4,G+E,W313,ME1,0.10518072001291338,-0.2335828429118497,0.33876356292476306
CV-G,gfold_4,G+E,W313,ME2,-0.20317594466109895,-0.24001532631649664,0.036839381655397685
CV-G,gfold_4,G+E,W313,ME3,-0.4575930549782728,-0.24409966833845229,-0.2134933866398205
CV-G,gfold_4,G+E,W313,ME4,0.21611663956816807,-0.23019870965312092,0.446315349221289
CV-G,gfold_4,G+E,W318,ME1,0.09478072902336472,-0.33725495148938234,0.43203568051274704
CV-G,gfold_4,G+E,W318,ME2,0.25946312888756146,-0.3436874348940293,0.6031505637815908
CV-G,gfold_4,G+E,W318,ME3,0.08440379115693365,-0.34777177691598493,0.43217556807291857
CV-G,gfold_4,G+E,W318,ME4,-1.6941782238031122,-0.33387081823065357,-1.3603074055724587
CV-G,gfold_4,G+E,W326,ME1,-0.39023184998336463,-0.07789283249378891,-0.3123390174895757
CV-G,gfold_4,G+E,W326,ME2,-0.20335314766593282,-0.08432531589843587,-0.11902783176749696
CV-G,gfold_4,G+E,W326,ME3,0.26059837740522446,-0.0884096579203915,0.349008035325616
CV-G,gfold_4,G+E,W326,ME4,-0.8870703249913088,-0.07450869923506015,-0.8125616257562487
CV-G,gfold_4,G+E,W327,ME1,0.2115098369741906,-0.5726860996605279,0.7841959366347184
CV-G,gfold_4,G+E,W327,ME2,0.8295694961891933,-0.5791185830651748,1.4086880792543681
CV-G,gfold_4,G+E,W327,ME3,1.1601874576443458,-0.5832029250871305,1.7433903827314763
CV-G,gfold_4,G+E,W327,ME4,-0.33822625508446974,-0.5693019664017992,0.23107571131732946
CV-G,gfold_4,G+E,W329,ME1,-1.657556672110748,-0.5561635657430022,-1.1013931063677458
CV-G,gfold_4,G+E,W329,ME2,-0.2708042057201801,-0.5625960491476492,0.29179184342746906
CV-G,gfold_4,G+E,W329,ME3,-0.6632491329252244,-0.5666803911696048,-0.09656874175561958
CV-G,gfold_4,G+E,W329,ME4,-2.213388427018358,-0.5527794324842735,-1.6606089945340847
CV-G,gfold_4,G+E,W336,ME1,-0.3008831411765201,-0.21024219976462558,-0.09064094141189452
CV-G,gfold_4,G+E,W336,ME2,0.746284083917295,-0.21667468316927252,0.9629587670865675
CV-G,gfold_4,G+E,W336,ME3,0.38925590078652716,-0.22075902519122817,0.6100149259777553
CV-G,gfold_4,G+E,W336,ME4,-1.4660438638200486,-0.2068580665058968,-1.2591857973141518
CV-G,gfold_4,G+E,W348,ME1,0.9668733172252935,0.02756932623913463,0.9393039909861588
CV-G,gfold_4,G+E,W348,ME2,0.07469102427583192,0.021136842834487676,0.053554181441344245
CV-G,gfold_4,G+E,W348,ME3,-0.9414608914029917,0.017052500812532036,-0.9585133922155238
CV-G,gfold_4,G+E,W348,ME4,-0.07495133696194672,0.03095345949786339,-0.10590479645981012
CV-G,gfold_4,G+E,W350,ME1,-0.3812652171881476,-0.35615590435162575,-0.025109312836521847
CV-G,gfold_4,G+E,W350,ME2,-1.5057382750858699,-0.3625883877562727,-1.143149887329597
CV-G,gfold_4,G+E,W350,ME3,-0.9879167986113145,-0.36667272977822835,-0.6212440688330862
CV-G,gfold_4,G+E,W350,ME4,0.36951732990160646,-0.352771771092897,0.7222891009945034
CV-G,gfold_4,G+E,W351,ME1,0.9022093168674095,-0.04691924151936004,0.9491285583867695
CV-G,gfold_4,G+E,W351,ME2,-0.601920677609676,-0.053351724924007,-0.5485689526856691
CV-G,gfold_4,G+E,W351,ME3,-1.386314212301304,-0.057436066945962636,-1.3288781453553413
CV-G,gfold_4,G+E,W351,ME4,-0.5213866793425955,-0.04353510826063128,-0.47785157108196424
CV-G,gfold_4,G+E,W371,ME1,0.2933089830188497,-0.20370048559562615,0.49700946861447587
CV-G,gfold_4,G+E,W371,ME2,-0.6237862626704211,-0.2101329690002731,-0.413653293670148
CV-G,gfold_4,G+E,W371,ME3,-0.3055555404783089,-0.21421731102222874,-0.09133822945608017
CV-G,gfold_4,G+E,W371,ME4,-0.3424192072869176,-0.20031635233689737,-0.14210285495002023
CV-G,gfold_4,G+E,W380,ME1,-0.7226813661809958,-0.5887347486762581,-0.1339466175047377
CV-G,gfold_4,G+E,W380,ME2,-1.3392054226145362,-0.595167232080905,-0.7440381905336312
CV-G,gfold_4,G+E,W380,ME3,-1.7157288270512268,-0.5992515741028607,-1.116477252948366
CV-G,gfold_4,G+E,W380,ME4,-0.7243161258985648,-0.5853506154175294,-0.13896551048103534
CV-G,gfold_4,G+E,W382,ME1,-0.05317278413805646,0.691634135456792,-0.7448069195948485
CV-G,gfold_4,G+E,W382,ME2,-1.2624891788789776,0.685201652052145,-1.9476908309311227
CV-G,gfold_4,G+E,W382,ME3,-1.1322426325146966,0.6811173100301894,-1.8133599425448859
CV-G,gfold_4,G+E,W382,ME4,-1.4662326646696904,0.6950182687155206,-2.161250933385211
CV-G,gfold_4,G+E,W385,ME1,-0.0389206430012417,0.013349624886655729,-0.05227026788789743
CV-G,gfold_4,G+E,W385,ME2,-1.200873162626758,0.006917141482008773,-1.2077903041087668
CV-G,gfold_4,G+E,W385,ME3,-0.958353948569655,0.0028327994600531358,-0.961186748029708
CV-G,gfold_4,G+E,W385,ME4,-0.47114991993391137,0.016733758145384487,-0.48788367807929583
CV-G,gfold_4,G+E,W387,ME1,1.2658669501143358,-0.26400693320264557,1.5298738833169814
CV-G,gfold_4,G+E,W387,ME2,1.8712447027473609,-0.27043941660729254,2.1416841193546534
CV-G,gfold_4,G+E,W387,ME3,0.34203135947712243,-0.27452375862924816,0.6165551181063706
CV-G,gfold_4,G+E,W387,ME4,0.9272665065498537,-0.2606227999439168,1.1878893064937706
CV-G,gfold_4,G+E,W402,ME1,0.05677230463164708,0.36250347327653537,-0.3057311686448883
CV-G,gfold_4,G+E,W402,ME2,-0.8668138551212717,0.3560709898718884,-1.2228848449931602
CV-G,gfold_4,G+E,W402,ME3,-0.3630764001307948,0.3519866478499328,-0.7150630479807276
CV-G,gfold_4,G+E,W402,ME4,-0.3931987691383198,0.36588760653526414,-0.759086375673584
CV-G,gfold_4,G+E,W408,ME1,0.7120938981829689,-0.09968994516901922,0.811783843351988
CV-G,gfold_4,G+E,W408,ME2,0.70710956249153,-0.10612242857366617,0.8132319910651962
CV-G,gfold_4,G+E,W408,ME3,0.37231216444836523,-0.11020677059562181,0.482518935043987
CV-G,gfold_4,G+E,W408,ME4,0.6167913760170415,-0.09630581191029046,0.7130971879273319
CV-G,gfold_4,G+E,W409,ME1,-1.2779936493551367,-0.35475203115956144,-0.9232416181955753
CV-G,gfold_4,G+E,W409,ME2,0.5551643145252666,-0.3611845145642084,0.916348829089475
CV-G,gfold_4,G+E,W409,ME3,-0.41193112145678373,-0.36526885658616404,-0.046662264870619696
CV-G,gfold_4,G+E,W409,ME4,-1.0401956807523545,-0.35136789790083267,-0.6888277828515218
CV-G,gfold_4,G+E,W439,ME1,0.04300880833381053,0.05446414412907097,-0.011455335795260438
CV-G,gfold_4,G+E,W439,ME2,1.0807357695049118,0.04803166072442401,1.0327041087804878
CV-G,gfold_4,G+E,W439,ME3,1.289267307454817,0.043947318702468374,1.2453199887523487
CV-G,gfold_4,G+E,W439,ME4,0.47309819603598585,0.057848277387799726,0.4152499186481861
CV-G,gfold_4,G+E,W448,ME1,1.1745473737902856,-0.21252473126665178,1.3870721050569375
CV-G,gfold_4,G+E,W448,ME2,-0.3829294070287847,-0.21895721467129872,-0.16397219235748597
CV-G,gfold_4,G+E,W448,ME3,-1.2615843247112501,-0.22304155669325437,-1.0385427680179957
CV-G,gfold_4,G+E,W448,ME4,0.37681762942106406,-0.209140598007923,0.5859582274289871
CV-G,gfold_4,G+E,W450,ME1,-0.8801797418637559,-0.17183447533065216,-0.7083452665331038
CV-G,gfold_4,G+E,W450,ME2,-0.38176493013987695,-0.1782669587352991,-0.20349797140457784
CV-G,gfold_4,G+E,W450,ME3,-0.7210064953780436,-0.18235130075725475,-0.5386551946207889
CV-G,gfold_4,G+E,W450,ME4,1.103480632881599,-0.1684503420719234,1.2719309749535224
CV-G,gfold_4,G+E,W455,ME1,-0.20081682223479125,0.6647372273292975,-0.8655540495640888
CV-G,gfold_4,G+E,W455,ME2,1.2622802479571689,0.6583047439246505,0.6039755040325183
CV-G,gfold_4,G+E,W455,ME3,1.4468541912340296,0.6542204019026949,0.7926337893313347
CV-G,gfold_4,G+E,W455,ME4,1.2356097608221348,0.6681213605880262,0.5674884002341086
CV-G,gfold_4,G+E,W458,ME1,-0.31915845815423916,0.591891198481484,-0.9110496566357231
CV-G,gfold_4,G+E,W458,ME2,0.7401009647843434,0.585458715076837,0.1546422497075064
CV-G,gfold_4,G+E,W458,ME3,1.165474984537512,0.5813743730548814,0.5841006114826307
CV-G,gfold_4,G+E,W458,ME4,0.6077682687446079,0.5952753317402126,0.012492937004395244
CV-G,gfold_4,G+E,W459,ME1,1.47973050797303,0.47945736952341816,1.000273138449612
CV-G,gfold_4,G+E,W459,ME2,2.7066302969639775,0.4730248861187712,2.233605410845206
CV-G,gfold_4,G+E,W459,ME3,0.6879504910788741,0.46894054409681557,0.2190099469820585
CV-G,gfold_4,G+E,W459,ME4,1.597509522775956,0.48284150278214694,1.114668019993809
CV-G,gfold_4,G+E,W461,ME1,2.082612366221532,-0.1543305182056204,2.2369428844271524
CV-G,gfold_4,G+E,W461,ME2,-0.03632665825256279,-0.16076300161026735,0.12443634335770457
CV-G,gfold_4,G+E,W461,ME3,-0.3614631131713788,-0.164847343632223,-0.1966157695391558
CV-G,gfold_4,G+E,W461,ME4,1.5849227994665442,-0.15094638494689164,1.735869184413436
CV-G,gfold_4,G+E,W470,ME1,-0.3342575836786114,0.31946889344472446,-0.6537264771233359
CV-G,gfold_4,G+E,W470,ME2,0.8158868927445239,0.3130364100400775,0.5028504827044464
CV-G,gfold_4,G+E,W470,ME3,0.5600109226271545,0.30895206801812186,0.2510588546090326
CV-G,gfold_4,G+E,W470,ME4,0.04698254509796639,0.3228530267034532,-0.27587048160548683
CV-G,gfold_4,G+E,W473,ME1,-1.2022944197170344,0.5311957714034182,-1.7334901911204526
CV-G,gfold_4,G+E,W473,ME2,0.669909588833915,0.5247632879987713,0.1451463008351438
CV-G,gfold_4,G+E,W473,ME3,1.2072430683820856,0.5206789459768156,0.68656412240527
CV-G,gfold_4,G+E,W473,ME4,1.6803852290663543,0.5345799046621469,1.1458053244042075
CV-G,gfold_4,G+E,W477,ME1,-0.4917559593613715,0.09838182361138138,-0.5901377829727529
CV-G,gfold_4,G+E,W477,ME2,0.8760599702430972,0.09194934020673443,0.7841106300363628
CV-G,gfold_4,G+E,W477,ME3,0.776503896746521,0.08786499818477879,0.6886388985617422
CV-G,gfold_4,G+E,W477,ME4,-0.9737220482745313,0.10176595687011014,-1.0754880051446416
CV-G,gfold_4,G+E,W488,ME1,0.394873812800106,0.4058096036516728,-0.010935790851566762
CV-G,gfold_4,G+E,W488,ME2,1.9763007698988446,0.3993771202470258,1.5769236496518189
CV-G,gfold_4,G+E,W488,ME3,1.4092417994524535,0.3952927782250702,1.0139490212273834
CV-G,gfold_4,G+E,W488,ME4,0.04403253182232322,0.40919373691040156,-0.36516120508807837
CV-G,gfold_4,G+E,W489,ME1,-0.2186930792606787,0.2984927344790299,-0.5171858137397086
CV-G,gfold_4,G+E,W489,ME2,0.9137156087702856,0.29206025107438294,0.6216553576959026
CV-G,gfold_4,G+E,W489,ME3,0.14587762618641906,0.2879759090524273,-0.14209828286600826
CV-G,gfold_4,G+E,W489,ME4,-0.3171356268391395,0.3018768677377587,-0.6190124945768982
CV-G,gfold_4,G+E,W499,ME1,1.687876921215702,-0.15356371512908995,1.841440636344792
CV-G,gfold_4,G+E,W499,ME2,-0.25607104160399624,-0.1599961985337369,-0.09607484307025935
CV-G,gfold_4,G+E,W499,ME3,-1.3370371645461494,-0.16408054055569254,-1.1729566239904567
CV-G,gfold_4,G+E,W499,ME4,0.02338243889282106,-0.15017958187036118,0.17356202076318222
CV-G,gfold_4,G+E,W502,ME1,0.5774152364804089,-0.7320887743952686,1.3095040108756777
CV-G,gfold_4,G+E,W502,ME2,-1.6145915494837932,-0.7385212577999156,-0.8760702916838776
CV-G,gfold_4,G+E,W502,ME3,-1.4144664920695476,-0.7426055998218712,-0.6718608922476763
CV-G,gfold_4,G+E,W502,ME4,0.06271594923472902,-0.72870464113654,0.791420590371269
CV-G,gfold_4,G+E,W507,ME1,0.20433490192188597,0.12559382296394184,0.07874107895794413
CV-G,gfold_4,G+E,W507,ME2,1.448488962643801,0.11916133955929488,1.329327623084506
CV-G,gfold_4,G+E,W507,ME3,1.087184111098613,0.11507699753733924,0.9721071135612737
CV-G,gfold_4,G+E,W507,ME4,0.06763263802746716,0.12897795622267058,-0.06134531819520342
CV-G,gfold_4,G+E,W514,ME1,-1.8922527882711393,-0.0761089061184194,-1.8161438821527198
CV-G,gfold_4,G+E,W514,ME2,0.5232361302614574,-0.08254138952306636,0.6057775197845238
CV-G,gfold_4,G+E,W514,ME3,0.10787669409001106,-0.086625731545022,0.19450242563503306
CV-G,gfold_4,G+E,W514,ME4,1.3638684713450255,-0.07272477285969065,1.4365932442047162
CV-G,gfold_4,G+E,W519,ME1,-2.025921583973149,0.3078298979689863,-2.333751481942135
CV-G,gfold_4,G+E,W519,ME2,0.7358797360620509,0.3013974145643393,0.4344823214977116
CV-G,gfold_4,G+E,W519,ME3,0.5149824787494153,0.2973130725423837,0.21766940620703157
CV-G,gfold_4,G+E,W519,ME4,1.092954985514104,0.31121403122771507,0.781740954286389
CV-G,gfold_4,G+E,W522,ME1,-1.3571541132693217,0.09326759933285915,-1.4504217126021808
CV-G,gfold_4,G+E,W522,ME2,1.1833806100549058,0.08683511592821219,1.0965454941266937
CV-G,gfold_4,G+E,W522,ME3,2.001098503815065,0.08275077390625656,1.9183477299088085
CV-G,gfold_4,G+E,W522,ME4,1.705550808983107,0.09665173259158791,1.6088990763915192
CV-G,gfold_4,G+E,W531,ME1,-0.10364165192367358,0.2195823915363209,-0.32322404345999445
CV-G,gfold_4,G+E,W531,ME2,1.2738174293075992,0.21314990813167395,1.0606675211759253
CV-G,gfold_4,G+E,W531,ME3,0.8378256942615047,0.2090655661097183,0.6287601281517864
CV-G,gfold_4,G+E,W531,ME4,0.4139091296734829,0.22296652479504966,0.19094260487843326
CV-G,gfold_4,G+E,W535,ME1,-0.2776480790831897,0.5281981396521519,-0.8058462187353417
CV-G,gfold_4,G+E,W535,ME2,1.44903322901579,0.5217656562475049,0.927267572768285
CV-G,gfold_4,G+E,W535,ME3,1.0950900618526118,0.5176813142255493,0.5774087476270625
CV-G,gfold_4,G+E,W535,ME4,-0.10936815851111582,0.5315822729108806,-0.6409504314219964
CV-G,gfold_4,G+E,W537,ME1,-0.706295475913985,0.07220924373361541,-0.7785047196476004
CV-G,gfold_4,G+E,W537,ME2,0.8895463846467002,0.06577676032896845,0.8237696243177317
CV-G,gfold_4,G+E,W537,ME3,1.9229681144192505,0.06169241830701282,1.8612756961122376
CV-G,gfold_4,G+E,W537,ME4,2.506900281880854,0.07559337699234417,2.43130690488851
CV-G,gfold_4,G+E,W542,ME1,-1.4823530650957413,-0.025202844276835036,-1.4571502208189062
CV-G,gfold_4,G+E,W542,ME2,1.0681100554105007,-0.031635327681481994,1.0997453830919828
CV-G,gfold_4,G+E,W542,ME3,2.4846622652107855,-0.03571966970343763,2.520381934914223
CV-G,gfold_4,G+E,W542,ME4,1.3017215250048113,-0.021818711018106278,1.3235402360229176
CV-G,gfold_4,G+E,W544,ME1,-0.5626583254968559,0.803407885037953,-1.366066210534809
CV-G,gfold_4,G+E,W544,ME2,-0.08958881856261547,0.796975401633306,-0.8865642201959215
CV-G,gfold_4,G+E,W544,ME3,1.9377495394400805,0.7928910596113504,1.1448584798287302
CV-G,gfold_4,G+E,W544,ME4,2.125097763694028,0.8067920182966817,1.3183057453973461
CV-G,gfold_4,G+E,W561,ME1,-1.636455359147615,0.6416338862033067,-2.278089245350922
CV-G,gfold_4,G+E,W561,ME2,0.8531185097958601,0.6352014027986598,0.21791710699720035
CV-G,gfold_4,G+E,W561,ME3,0.9615419984215595,0.6311170607767042,0.33042493764485537
CV-G,gfold_4,G+E,W561,ME4,1.1325874305346098,0.6450180194620354,0.48756941107257434
CV-G,gfold_4,G+E,W568,ME1,-1.840798486726918,0.3652087649324273,-2.2060072516593454
CV-G,gfold_4,G+E,W568,ME2,0.31597190139331927,0.35877628152778035,-0.042804380134461084
CV-G,gfold_4,G+E,W568,ME3,0.8401231500361722,0.3546919395058247,0.4854312105303475
CV-G,gfold_4,G+E,W568,ME4,1.1783244363601795,0.3685928981911561,0.8097315381690233
CV-G,gfold_4,G+E,W570,ME1,-1.4261914849360469,0.057048167394303295,-1.4832396523303502
CV-G,gfold_4,G+E,W570,ME2,0.30964322264925526,0.05061568398965634,0.25902753865959893
CV-G,gfold_4,G+E,W570,ME3,0.3911901558321103,0.0465313419677007,0.3446588138644096
CV-G,gfold_4,G+E,W570,ME4,1.0427103594033518,0.06043230065303205,0.9822780587503197
CV-G,gfold_4,G+E,W572,ME1,-1.6947506884375068,0.09727660050819613,-1.792027288945703
CV-G,gfold_4,G+E,W572,ME2,0.5137431121453592,0.09084411710354917,0.42289899504181
CV-G,gfold_4,G+E,W572,ME3,0.7292624623799486,0.08675977508159353,0.6425026872983551
CV-G,gfold_4,G+E,W572,ME4,1.7434368461444318,0.10066073376692489,1.6427761123775069
CV-G,gfold_4,G+E,W574,ME1,-0.061316864787662406,-0.09776801288988692,0.03645114810222451
CV-G,gfold_4,G+E,W574,ME2,0.3493177096958004,-0.10420049629453387,0.45351820599033427
CV-G,gfold_4,G+E,W574,ME3,1.2219062420027489,-0.10828483831648951,1.3301910803192385
CV-G,gfold_4,G+E,W574,ME4,-1.7321979948995998,-0.09438387963115816,-1.6378141152684416
CV-G,gfold_4,G+E,W575,ME1,-1.6457151788462183,0.3901842791217956,-2.035899457968014
CV-G,gfold_4,G+E,W575,ME2,0.4306792036295026,0.3837517957171486,0.046927407912354
CV-G,gfold_4,G+E,W575,ME3,0.2991229942737987,0.379667453695193,-0.08054445942139432
CV-G,gfold_4,G+E,W575,ME4,0.8403394486942383,0.39356841238052437,0.4467710363137139
CV-G,gfold_4,G+E,W578,ME1,-2.3227733236513446,-0.02022417569102514,-2.3025491479603195
CV-G,gfold_4,G+E,W578,ME2,0.24635643520860157,-0.026656659095672094,0.2730130943042737
CV-G,gfold_4,G+E,W578,ME3,0.19438603984049102,-0.030741001117627734,0.22512704095811875
CV-G,gfold_4,G+E,W578,ME4,1.0267802877148795,-0.016840042432296382,1.0436203301471758
CV-G,gfold_4,G+E,W582,ME1,-1.6694063094559266,0.36557688464156785,-2.0349831940974945
CV-G,gfold_4,G+E,W582,ME2,0.5358934877495878,0.3591444012369209,0.1767490865126669
CV-G,gfold_4,G+E,W582,ME3,0.7045563662737035,0.35506005921496525,0.3494963070587383
CV-G,gfold_4,G+E,W582,ME4,1.45492554778654,0.3689610179002966,1.0859645298862433
CV-G,gfold_4,G+E,W588,ME1,-2.132503167434563,0.12004814280475909,-2.252551310239322
CV-G,gfold_4,G+E,W588,ME2,0.49792141528519684,0.11361565940011213,0.3843057558850847
CV-G,gfold_4,G+E,W588,ME3,0.4266655758821018,0.1095313173781565,0.3171342585039453
CV-G,gfold_4,G+E,W588,ME4,1.264551357731709,0.12343227606348785,1.141119081668221
CV-G,gfold_4,G+E,W595,ME1,-1.2485039333229087,0.3984886049439332,-1.6469925382668418
CV-G,gfold_4,G+E,W595,ME2,1.4190416204476648,0.3920561215392862,1.0269854989083786
CV-G,gfold_4,G+E,W595,ME3,1.574548810356833,0.3879717795173306,1.1865770308395025
CV-G,gfold_4,G+E,W595,ME4,1.65965646911617,0.40187273820266195,1.257783730913508
CV-G,gfold_4,G+E,W598,ME1,-0.9023967938758849,0.7106598310275994,-1.6130566249034843
CV-G,gfold_4,G+E,W598,ME2,0.5279066951745784,0.7042273476229525,-0.17632065244837403
CV-G,gfold_4,G+E,W598,ME3,1.7190773609462144,0.7001430056009968,1.0189343553452175
CV-G,gfold_4,G+E,W598,ME4,2.6928140518629142,0.7140439642863281,1.9787700875765861
CV-G,gfold_4,G+E,W599,ME1,0.2222763115929722,-0.7492843405772626,0.9715606521702348
CV-G,gfold_4,G+E,W599,ME2,-0.5428108181401058,-0.7557168239819095,0.21290600584180375
CV-G,gfold_4,G+E,W599,ME3,-0.3043476868908917,-0.7598011660038652,0.45545347911297346
CV-G,gfold_4,G+E,W599,ME4,0.3813173830041784,-0.7459002073185339,1.1272175903227124
CV-G,gfold_4,G+E+GxE legacy-grid,W007,ME1,0.6174108165506322,0.6652139083860975,-0.04780309183546527
CV-G,gfold_4,G+E+GxE legacy-grid,W007,ME2,-0.3135924027088055,0.4830060855761671,-0.7965984882849726
CV-G,gfold_4,G+E+GxE legacy-grid,W007,ME3,0.05432570287169062,0.19683143967247924,-0.14250573680078862
CV-G,gfold_4,G+E+GxE legacy-grid,W007,ME4,0.0033538154267226572,0.20130598275359252,-0.19795216732686985
CV-G,gfold_4,G+E+GxE legacy-grid,W010,ME1,-1.0508226637149842,-0.844468804915811,-0.20635385879917323
CV-G,gfold_4,G+E+GxE legacy-grid,W010,ME2,-1.6176229866022003,-1.1546589328746486,-0.46296405372755167
CV-G,gfold_4,G+E+GxE legacy-grid,W010,ME3,-1.9872087022480789,-1.2486440457393386,-0.7385646565087403
CV-G,gfold_4,G+E+GxE legacy-grid,W010,ME4,-0.5624036639271369,-1.1019893651649386,0.5395857012378017
CV-G,gfold_4,G+E+GxE legacy-grid,W017,ME1,2.3397128482489933,0.37444878179886243,1.9652640664501309
CV-G,gfold_4,G+E+GxE legacy-grid,W017,ME2,-0.1947081725015398,-0.42755574927168755,0.23284757677014775
CV-G,gfold_4,G+E+GxE legacy-grid,W017,ME3,-0.37300951774479224,-0.39497785775761574,0.021968340012823495
CV-G,gfold_4,G+E+GxE legacy-grid,W017,ME4,0.4352593590870711,-0.4156290592642462,0.8508884183513172
CV-G,gfold_4,G+E+GxE legacy-grid,W024,ME1,-0.4015276898443709,-0.24027866883784332,-0.1612490210065276
CV-G,gfold_4,G+E+GxE legacy-grid,W024,ME2,-1.953574569052161,-0.5106026197859704,-1.4429719492661905
CV-G,gfold_4,G+E+GxE legacy-grid,W024,ME3,-1.5283848230729375,-0.5635256804586402,-0.9648591426142974
CV-G,gfold_4,G+E+GxE legacy-grid,W024,ME4,-0.9611117248589154,-0.7556898898016094,-0.20542183505730593
CV-G,gfold_4,G+E+GxE legacy-grid,W025,ME1,-1.127238572450251,-1.0493399212111099,-0.07789865123914108
CV-G,gfold_4,G+E+GxE legacy-grid,W025,ME2,-0.23620531902637532,-0.80745868994239,0.5712533709160147
CV-G,gfold_4,G+E+GxE legacy-grid,W025,ME3,0.6009343536133955,-0.861019077541106,1.4619534311545015
CV-G,gfold_4,G+E+GxE legacy-grid,W025,ME4,-1.3375570189371746,-0.843971423084599,-0.49358559585257555
CV-G,gfold_4,G+E+GxE legacy-grid,W031,ME1,0.9857757284130315,-0.28043945234425877,1.2662151807572903
CV-G,gfold_4,G+E+GxE legacy-grid,W031,ME2,0.3983523126048168,0.41672469384190547,-0.018372381237088675
CV-G,gfold_4,G+E+GxE legacy-grid,W031,ME3,0.9539401226965609,0.2648140849891301,0.6891260377074309
CV-G,gfold_4,G+E+GxE legacy-grid,W031,ME4,0.6522780690475105,-0.4529743678474972,1.1052524368950076
CV-G,gfold_4,G+E+GxE legacy-grid,W034,ME1,0.4341119933699142,0.37850538493239133,0.05560660843752285
CV-G,gfold_4,G+E+GxE legacy-grid,W034,ME2,-0.3815434263838341,-1.3917846692416007,1.0102412428577665
CV-G,gfold_4,G+E+GxE legacy-grid,W034,ME3,0.13568266618633773,-1.476833535823329,1.6125162020096668
CV-G,gfold_4,G+E+GxE legacy-grid,W034,ME4,-0.5413366357880117,-0.8576560358044192,0.31631940001640746
CV-G,gfold_4,G+E+GxE legacy-grid,W044,ME1,-1.2752653823375188,0.09487642997969793,-1.3701418123172169
CV-G,gfold_4,G+E+GxE legacy-grid,W044,ME2,-0.035174838721142666,-0.2417532355487521,0.20657839682760945
CV-G,gfold_4,G+E+GxE legacy-grid,W044,ME3,0.8075702288760123,-0.06318813066998998,0.8707583595460022
CV-G,gfold_4,G+E+GxE legacy-grid,W044,ME4,-1.2559399849777169,-0.6968615956649439,-0.559078389312773
CV-G,gfold_4,G+E+GxE legacy-grid,W046,ME1,0.409679751421092,0.10360547194787463,0.30607427947321736
CV-G,gfold_4,G+E+GxE legacy-grid,W046,ME2,-0.6993633442320486,-0.801380067410435,0.10201672317838639
CV-G,gfold_4,G+E+GxE legacy-grid,W046,ME3,-0.6145380025851526,0.39186597393904404,-1.0064039765241966
CV-G,gfold_4,G+E+GxE legacy-grid,W046,ME4,-0.051909766603657696,0.503433991610519,-0.5553437582141767
CV-G,gfold_4,G+E+GxE legacy-grid,W053,ME1,0.025385017808058567,0.31158040109758073,-0.28619538328952215
CV-G,gfold_4,G+E+GxE legacy-grid,W053,ME2,-0.34734324645090614,-0.02720594856566126,-0.32013729788524486
CV-G,gfold_4,G+E+GxE legacy-grid,W053,ME3,-0.33672323095080087,-0.06971204429758479,-0.2670111866532161
CV-G,gfold_4,G+E+GxE legacy-grid,W053,ME4,-0.6915591784858242,-0.5771182197368262,-0.11444095874899796
CV-G,gfold_4,G+E+GxE legacy-grid,W062,ME1,1.1229709110363206,0.25459559029027856,0.8683753207460421
CV-G,gfold_4,G+E+GxE legacy-grid,W062,ME2,1.043269991340045,0.18622232140477926,0.8570476699352657
CV-G,gfold_4,G+E+GxE legacy-grid,W062,ME3,1.2077920927400025,0.19272933274535387,1.0150627599946487
CV-G,gfold_4,G+E+GxE legacy-grid,W062,ME4,-0.3358583777618871,0.36840566752406384,-0.704264045285951
CV-G,gfold_4,G+E+GxE legacy-grid,W063,ME1,1.0832603737888356,0.24413743848541525,0.8391229353034203
CV-G,gfold_4,G+E+GxE legacy-grid,W063,ME2,0.9219428911375693,-0.04315847394240907,0.9651013650799785
CV-G,gfold_4,G+E+GxE legacy-grid,W063,ME3,0.21655817737173513,0.03851295360655492,0.17804522376518023
CV-G,gfold_4,G+E+GxE legacy-grid,W063,ME4,-0.07550987280880234,0.037292670273260636,-0.11280254308206297
CV-G,gfold_4,G+E+GxE legacy-grid,W067,ME1,-0.8797969700732243,-0.3930245348298137,-0.48677243524341063
CV-G,gfold_4,G+E+GxE legacy-grid,W067,ME2,-0.28198065238220005,-0.22619949581877108,-0.05578115656342897
CV-G,gfold_4,G+E+GxE legacy-grid,W067,ME3,-0.6099346445072371,-0.5408294787221727,-0.06910516578506443
CV-G,gfold_4,G+E+GxE legacy-grid,W067,ME4,-2.8990973795108976,-1.0622597278671184,-1.8368376516437792
CV-G,gfold_4,G+E+GxE legacy-grid,W070,ME1,0.38118361322811606,0.005286614345195628,0.37589699888292044
CV-G,gfold_4,G+E+GxE legacy-grid,W070,ME2,-0.45527253375219584,0.08440557070073743,-0.5396781044529333
CV-G,gfold_4,G+E+GxE legacy-grid,W070,ME3,-0.5903218051367416,0.01666981552933212,-0.6069916206660737
CV-G,gfold_4,G+E+GxE legacy-grid,W070,ME4,0.23840300652789242,0.5693472305554035,-0.33094422402751106
CV-G,gfold_4,G+E+GxE legacy-grid,W073,ME1,0.33457503967041147,0.592245726270499,-0.2576706866000875
CV-G,gfold_4,G+E+GxE legacy-grid,W073,ME2,-0.2542863541981711,-0.606107334341173,0.35182098014300195
CV-G,gfold_4,G+E+GxE legacy-grid,W073,ME3,-0.9465288085529907,-0.5976624052695745,-0.3488664032834162
CV-G,gfold_4,G+E+GxE legacy-grid,W073,ME4,-1.0614357763369846,-0.2879486930243927,-0.773487083312592
CV-G,gfold_4,G+E+GxE legacy-grid,W079,ME1,-0.13540356645714433,0.31304947192572585,-0.4484530383828702
CV-G,gfold_4,G+E+GxE legacy-grid,W079,ME2,0.17594988418087532,0.02039044811625043,0.15555943606462488
CV-G,gfold_4,G+E+GxE legacy-grid,W079,ME3,1.155178666194431,-0.47809091228576595,1.633269578480197
CV-G,gfold_4,G+E+GxE legacy-grid,W079,ME4,-0.9842476956420256,-0.3627613298124297,-0.6214863658295959
CV-G,gfold_4,G+E+GxE legacy-grid,W080,ME1,-0.40858860776757955,-0.019199523723458057,-0.3893890840441215
CV-G,gfold_4,G+E+GxE legacy-grid,W080,ME2,-0.7041984547925146,-0.8026511103398901,0.09845265554737548
CV-G,gfold_4,G+E+GxE legacy-grid,W080,ME3,-0.712061621608296,-0.4842184822364182,-0.22784313937187778
CV-G,gfold_4,G+E+GxE legacy-grid,W080,ME4,-1.2064269621593235,-0.6067253198602957,-0.5997016422990279
CV-G,gfold_4,G+E+GxE legacy-grid,W087,ME1,0.8599333942152956,-0.7926220866746527,1.6525554808899483
CV-G,gfold_4,G+E+GxE legacy-grid,W087,ME2,-0.27144973095207503,1.2935571806470243,-1.5650069115990992
CV-G,gfold_4,G+E+GxE legacy-grid,W087,ME3,-0.05258200940753501,1.5067053142715614,-1.5592873236790965
CV-G,gfold_4,G+E+GxE legacy-grid,W087,ME4,0.1424056411874335,1.4739027002654166,-1.331497059077983
CV-G,gfold_4,G+E+GxE legacy-grid,W088,ME1,1.4928506218995488,0.3671775042351577,1.125673117664391
CV-G,gfold_4,G+E+GxE legacy-grid,W088,ME2,-0.19478411664646908,0.08695224817120628,-0.2817363648176754
CV-G,gfold_4,G+E+GxE legacy-grid,W088,ME3,0.020598714238448546,0.5769126693315508,-0.5563139550931023
CV-G,gfold_4,G+E+GxE legacy-grid,W088,ME4,0.6437269638991793,0.3284100865462265,0.3153168773529528
CV-G,gfold_4,G+E+GxE legacy-grid,W089,ME1,-0.7229582649230821,-1.2430799021227863,0.5201216371997042
CV-G,gfold_4,G+E+GxE legacy-grid,W089,ME2,-2.8246349253490743,-2.3075637584029915,-0.5170711669460828
CV-G,gfold_4,G+E+GxE legacy-grid,W089,ME3,-1.316520546617237,-2.019532378032986,0.7030118314157492
CV-G,gfold_4,G+E+GxE legacy-grid,W089,ME4,-1.4280240927235608,-1.2181017713522644,-0.2099223213712964
CV-G,gfold_4,G+E+GxE legacy-grid,W090,ME1,-0.6055287660363904,0.5171276960586685,-1.1226564620950588
CV-G,gfold_4,G+E+GxE legacy-grid,W090,ME2,-0.32331958193843435,-0.009360160030043406,-0.31395942190839093
CV-G,gfold_4,G+E+GxE legacy-grid,W090,ME3,0.9570484452152278,0.045421722583942545,0.9116267226312853
CV-G,gfold_4,G+E+GxE legacy-grid,W090,ME4,-1.1133560099883029,-0.22377674436143363,-0.8895792656268693
CV-G,gfold_4,G+E+GxE legacy-grid,W094,ME1,1.2993228334229248,0.5102462394579242,0.7890765939650005
CV-G,gfold_4,G+E+GxE legacy-grid,W094,ME2,0.12579510513415798,0.4470749348211278,-0.32127982968696983
CV-G,gfold_4,G+E+GxE legacy-grid,W094,ME3,0.04509364713010937,0.7737741228362831,-0.7286804757061738
CV-G,gfold_4,G+E+GxE legacy-grid,W094,ME4,0.13394893646392358,0.7930122717387177,-0.6590633352747941
CV-G,gfold_4,G+E+GxE legacy-grid,W097,ME1,0.41013581993747006,0.5593404281174081,-0.14920460817993808
CV-G,gfold_4,G+E+GxE legacy-grid,W097,ME2,-0.3978334454710586,-1.2407652278986283,0.8429317824275697
CV-G,gfold_4,G+E+GxE legacy-grid,W097,ME3,-0.6868571803156359,-1.0655156431740147,0.3786584628583788
CV-G,gfold_4,G+E+GxE legacy-grid,W097,ME4,-0.4001136002564273,-0.710676319489785,0.31056271923335776
CV-G,gfold_4,G+E+GxE legacy-grid,W099,ME1,0.5299678226157947,-0.0993016669717202,0.6292694895875148
CV-G,gfold_4,G+E+GxE legacy-grid,W099,ME2,-0.1884870812961242,0.3946158205104463,-0.5831029018065705
CV-G,gfold_4,G+E+GxE legacy-grid,W099,ME3,-0.6989357161897987,0.6860218022832487,-1.3849575184730474
CV-G,gfold_4,G+E+GxE legacy-grid,W099,ME4,-1.2921189477902029,0.16380791423619173,-1.4559268620263945
CV-G,gfold_4,G+E+GxE legacy-grid,W105,ME1,0.6205218553587818,-0.5226461793542021,1.1431680347129838
CV-G,gfold_4,G+E+GxE legacy-grid,W105,ME2,-0.0716596716806794,-0.5931614763592308,0.5215018046785513
CV-G,gfold_4,G+E+GxE legacy-grid,W105,ME3,0.46307011407626053,-0.519671206718258,0.9827413207945185
CV-G,gfold_4,G+E+GxE legacy-grid,W105,ME4,0.5019375258186719,-0.455198252168335,0.9571357779870069
CV-G,gfold_4,G+E+GxE legacy-grid,W112,ME1,0.7907575731775291,-0.2495468393814086,1.0403044125589378
CV-G,gfold_4,G+E+GxE legacy-grid,W112,ME2,-0.26957644204383174,-0.5949458559247613,0.3253694138809296
CV-G,gfold_4,G+E+GxE legacy-grid,W112,ME3,-0.14410859313651292,-0.7102575285448358,0.5661489354083229
CV-G,gfold_4,G+E+GxE legacy-grid,W112,ME4,-0.00245967740181196,-0.8572827063855842,0.8548230289837723
CV-G,gfold_4,G+E+GxE legacy-grid,W125,ME1,1.0141497053962651,0.7716712674938393,0.24247843790242585
CV-G,gfold_4,G+E+GxE legacy-grid,W125,ME2,0.43950138179872955,-0.11907690143809979,0.5585782832368293
CV-G,gfold_4,G+E+GxE legacy-grid,W125,ME3,-0.34899603698238185,-0.1986908396558815,-0.15030519732650036
CV-G,gfold_4,G+E+GxE legacy-grid,W125,ME4,0.4416313877624592,0.6438515961197904,-0.20222020835733118
CV-G,gfold_4,G+E+GxE legacy-grid,W143,ME1,-0.7254747858438096,-0.16607048267351557,-0.5594043031702941
CV-G,gfold_4,G+E+GxE legacy-grid,W143,ME2,-2.721002810915005,0.006308909952951495,-2.7273117208679563
CV-G,gfold_4,G+E+GxE legacy-grid,W143,ME3,-2.1099029764495496,0.495905085146401,-2.6058080615959507
CV-G,gfold_4,G+E+GxE legacy-grid,W143,ME4,-1.9721402746873031,0.728188833409646,-2.700329108096949
CV-G,gfold_4,G+E+GxE legacy-grid,W150,ME1,0.03753598613727311,-0.5704870310825897,0.6080230172198628
CV-G,gfold_4,G+E+GxE legacy-grid,W150,ME2,-2.2598003474412476,-1.1238357396459633,-1.1359646077952843
CV-G,gfold_4,G+E+GxE legacy-grid,W150,ME3,-1.2722860764263308,-0.705002647103758,-0.5672834293225728
CV-G,gfold_4,G+E+GxE legacy-grid,W150,ME4,-0.6872482257523514,-0.2159543653331742,-0.47129386041917726
CV-G,gfold_4,G+E+GxE legacy-grid,W153,ME1,1.725315259961947,0.4301691213884926,1.2951461385734544
CV-G,gfold_4,G+E+GxE legacy-grid,W153,ME2,-0.3121494639551593,0.3807019623678421,-0.6928514263230015
CV-G,gfold_4,G+E+GxE legacy-grid,W153,ME3,-0.9093640827863332,0.5302598494732378,-1.439623932259571
CV-G,gfold_4,G+E+GxE legacy-grid,W153,ME4,-0.08753806027135781,0.22672735659297127,-0.3142654168643291
CV-G,gfold_4,G+E+GxE legacy-grid,W158,ME1,-0.43877871473567476,0.7393035828866477,-1.1780822976223224
CV-G,gfold_4,G+E+GxE legacy-grid,W158,ME2,-0.9264806383203201,0.5063301410481852,-1.4328107793685052
CV-G,gfold_4,G+E+GxE legacy-grid,W158,ME3,-0.6064124420879877,0.6516420493687614,-1.258054491456749
CV-G,gfold_4,G+E+GxE legacy-grid,W158,ME4,-0.09425622383775488,-0.001750801357469526,-0.09250542248028536
CV-G,gfold_4,G+E+GxE legacy-grid,W159,ME1,-0.45084824225839343,-0.07562187684503978,-0.37522636541335364
CV-G,gfold_4,G+E+GxE legacy-grid,W159,ME2,-2.3468196801721457,-0.937790515770153,-1.4090291644019928
CV-G,gfold_4,G+E+GxE legacy-grid,W159,ME3,-1.3606874445794765,-0.7913374742782229,-0.5693499703012537
CV-G,gfold_4,G+E+GxE legacy-grid,W159,ME4,-1.7754727229777658,-0.6337695426348028,-1.141703180342963
CV-G,gfold_4,G+E+GxE legacy-grid,W160,ME1,0.17598535718060326,0.2670957908663929,-0.09111043368578964
CV-G,gfold_4,G+E+GxE legacy-grid,W160,ME2,-2.017728385480751,-0.3124266931824517,-1.705301692298299
CV-G,gfold_4,G+E+GxE legacy-grid,W160,ME3,-1.211749806069595,-0.18364820296280737,-1.0281016031067876
CV-G,gfold_4,G+E+GxE legacy-grid,W160,ME4,-0.46173347755805894,0.2802386254825729,-0.7419721030406319
CV-G,gfold_4,G+E+GxE legacy-grid,W164,ME1,0.2006456333876131,0.20234729184415937,-0.0017016584565462678
CV-G,gfold_4,G+E+GxE legacy-grid,W164,ME2,-0.9798250714540458,-0.10231881377402109,-0.8775062576800248
CV-G,gfold_4,G+E+GxE legacy-grid,W164,ME3,-0.7725303197363654,-0.2599628623274704,-0.512567457408895
CV-G,gfold_4,G+E+GxE legacy-grid,W164,ME4,-0.9345694720801964,-0.4745050552714774,-0.46006441680871896
CV-G,gfold_4,G+E+GxE legacy-grid,W165,ME1,-0.14388155441338457,0.18372508205279556,-0.32760663646618016
CV-G,gfold_4,G+E+GxE legacy-grid,W165,ME2,-2.1210187512626404,0.1394597206225279,-2.2604784718851683
CV-G,gfold_4,G+E+GxE legacy-grid,W165,ME3,-0.35684286203629667,0.2448794194354616,-0.6017222814717582
CV-G,gfold_4,G+E+GxE legacy-grid,W165,ME4,-2.676469710975702,0.3865232404909665,-3.0629929514666685
CV-G,gfold_4,G+E+GxE legacy-grid,W167,ME1,0.3232629116481066,-0.4614181584762668,0.7846810701243734
CV-G,gfold_4,G+E+GxE legacy-grid,W167,ME2,-0.5789285877324871,-1.0428251906805213,0.46389660294803414
CV-G,gfold_4,G+E+GxE legacy-grid,W167,ME3,-0.6482480981612279,-0.6510299604298097,0.0027818622685817918
CV-G,gfold_4,G+E+GxE legacy-grid,W167,ME4,-0.4132195259023508,-0.27584408610962385,-0.13737543979272693
CV-G,gfold_4,G+E+GxE legacy-grid,W184,ME1,0.6420385164350464,0.3925554909246381,0.2494830255104083
CV-G,gfold_4,G+E+GxE legacy-grid,W184,ME2,-0.6595875983255989,0.12164537876330062,-0.7812329770888995
CV-G,gfold_4,G+E+GxE legacy-grid,W184,ME3,0.5654335939776535,0.18494111889538192,0.3804924750822716
CV-G,gfold_4,G+E+GxE legacy-grid,W184,ME4,-0.04531747027035415,0.2780809532920299,-0.3233984235623841
CV-G,gfold_4,G+E+GxE legacy-grid,W187,ME1,1.4995124798709274,0.3111147995392949,1.1883976803316325
CV-G,gfold_4,G+E+GxE legacy-grid,W187,ME2,0.3381222769975478,0.2615065737946276,0.07661570320292022
CV-G,gfold_4,G+E+GxE legacy-grid,W187,ME3,-0.6477075203318948,-0.3228806198749794,-0.3248269004569154
CV-G,gfold_4,G+E+GxE legacy-grid,W187,ME4,-1.294290157561076,0.031157637186370973,-1.3254477947474468
CV-G,gfold_4,G+E+GxE legacy-grid,W202,ME1,0.10798228375637937,0.23412342610653478,-0.1261411423501554
CV-G,gfold_4,G+E+GxE legacy-grid,W202,ME2,1.6505826609780379,-0.11197368204565655,1.7625563430236943
CV-G,gfold_4,G+E+GxE legacy-grid,W202,ME3,1.6463443033151486,0.14008637580422026,1.5062579275109282
CV-G,gfold_4,G+E+GxE legacy-grid,W202,ME4,0.23480005698057385,0.19594003989284367,0.03886001708773018
CV-G,gfold_4,G+E+GxE legacy-grid,W205,ME1,-1.688113262708076,-0.7405455325772691,-0.9475677301308069
CV-G,gfold_4,G+E+GxE legacy-grid,W205,ME2,-1.3984988137676844,-1.1987995147547492,-0.19969929901293515
CV-G,gfold_4,G+E+GxE legacy-grid,W205,ME3,-1.1770768062350196,-1.0269810396614474,-0.15009576657357226
CV-G,gfold_4,G+E+GxE legacy-grid,W205,ME4,-0.902315993599832,-0.6663315689600181,-0.23598442463981384
CV-G,gfold_4,G+E+GxE legacy-grid,W207,ME1,-0.6828323795624641,0.40611011751564646,-1.0889424970781105
CV-G,gfold_4,G+E+GxE legacy-grid,W207,ME2,-0.6054837237425847,-0.314920505359851,-0.29056321838273375
CV-G,gfold_4,G+E+GxE legacy-grid,W207,ME3,-0.13213986213393236,-0.04861370831598154,-0.08352615381795082
CV-G,gfold_4,G+E+GxE legacy-grid,W207,ME4,-0.9421057726617056,-0.4932988540283509,-0.4488069186333547
CV-G,gfold_4,G+E+GxE legacy-grid,W208,ME1,0.15941215305865145,0.38641498403364755,-0.2270028309749961
CV-G,gfold_4,G+E+GxE legacy-grid,W208,ME2,-1.6664867151851284,0.40537879527969234,-2.0718655104648205
CV-G,gfold_4,G+E+GxE legacy-grid,W208,ME3,-0.6866544636296353,0.40251616804406737,-1.0891706316737026
CV-G,gfold_4,G+E+GxE legacy-grid,W208,ME4,-0.20606566033566145,0.3032131034969707,-0.5092787638326322
CV-G,gfold_4,G+E+GxE legacy-grid,W211,ME1,-0.1524898476600194,0.02636372726244297,-0.17885357492246237
CV-G,gfold_4,G+E+GxE legacy-grid,W211,ME2,1.6467348243016455,0.6566331662341638,0.9901016580674817
CV-G,gfold_4,G+E+GxE legacy-grid,W211,ME3,1.7548568560252062,0.6172915816577716,1.1375652743674345
CV-G,gfold_4,G+E+GxE legacy-grid,W211,ME4,-0.0867513900645187,0.6574711100559706,-0.7442225001204893
CV-G,gfold_4,G+E+GxE legacy-grid,W218,ME1,0.6100892880466359,0.33904512997868436,0.2710441580679515
CV-G,gfold_4,G+E+GxE legacy-grid,W218,ME2,0.298517405417187,0.3377399439276753,-0.03922253851048829
CV-G,gfold_4,G+E+GxE legacy-grid,W218,ME3,0.2319984316220647,-0.19010801970562252,0.4221064513276872
CV-G,gfold_4,G+E+GxE legacy-grid,W218,ME4,0.5117709034041489,-0.1092375779391426,0.6210084813432915
CV-G,gfold_4,G+E+GxE legacy-grid,W223,ME1,0.07968974757964321,-0.2954090718542566,0.3750988194338998
CV-G,gfold_4,G+E+GxE legacy-grid,W223,ME2,-0.08191213124606374,-0.37965073735067195,0.2977386061046082
CV-G,gfold_4,G+E+GxE legacy-grid,W223,ME3,0.16245816179549796,-0.7424710355235103,0.9049291973190083
CV-G,gfold_4,G+E+GxE legacy-grid,W223,ME4,-0.12370915638177525,-0.6179946674719679,0.4942855110901926
CV-G,gfold_4,G+E+GxE legacy-grid,W236,ME1,1.404014990173629,0.3355722724313019,1.068442717742327
CV-G,gfold_4,G+E+GxE legacy-grid,W236,ME2,2.2013865581102707,0.08039112624389835,2.120995431866372
CV-G,gfold_4,G+E+GxE legacy-grid,W236,ME3,-0.05764992655753401,0.09841590021714212,-0.15606582677467612
CV-G,gfold_4,G+E+GxE legacy-grid,W236,ME4,1.606949565258014,0.27639586292359863,1.3305537023344152
CV-G,gfold_4,G+E+GxE legacy-grid,W240,ME1,1.3316222572792678,0.4404360337126825,0.8911862235665853
CV-G,gfold_4,G+E+GxE legacy-grid,W240,ME2,1.831165180261196,-0.4387516750240175,2.2699168552852136
CV-G,gfold_4,G+E+GxE legacy-grid,W240,ME3,0.24719373654347795,-0.15973014020652293,0.40692387675000086
CV-G,gfold_4,G+E+GxE legacy-grid,W240,ME4,1.6399897139452146,0.2314210073996354,1.4085687065455792
CV-G,gfold_4,G+E+GxE legacy-grid,W241,ME1,1.4679623114343485,0.3670885187676003,1.1008737926667482
CV-G,gfold_4,G+E+GxE legacy-grid,W241,ME2,2.3226883435977705,-0.06592894874876468,2.3886172923465354
CV-G,gfold_4,G+E+GxE legacy-grid,W241,ME3,0.6970896350060393,0.012054601377648171,0.6850350336283911
CV-G,gfold_4,G+E+GxE legacy-grid,W241,ME4,0.999640165578963,0.27230714383775295,0.72733302174121
CV-G,gfold_4,G+E+GxE legacy-grid,W245,ME1,0.8245799401153493,0.15132426765263035,0.673255672462719
CV-G,gfold_4,G+E+GxE legacy-grid,W245,ME2,1.390265118198401,0.04165933980356972,1.3486057783948313
CV-G,gfold_4,G+E+GxE legacy-grid,W245,ME3,0.6879504910788741,0.053050855565830175,0.6348996355130438
CV-G,gfold_4,G+E+GxE legacy-grid,W245,ME4,0.3026503623203639,-0.34078475828483706,0.6434351206052009
CV-G,gfold_4,G+E+GxE legacy-grid,W246,ME1,1.3000069361974917,0.39766007211826765,0.902346864079224
CV-G,gfold_4,G+E+GxE legacy-grid,W246,ME2,0.5598158934021549,0.31800638348339955,0.24180950991875533
CV-G,gfold_4,G+E+GxE legacy-grid,W246,ME3,0.9199935243201531,0.23754849781751597,0.6824450265026372
CV-G,gfold_4,G+E+GxE legacy-grid,W246,ME4,0.80577315980577,0.4131029300491962,0.39267022975657384
CV-G,gfold_4,G+E+GxE legacy-grid,W248,ME1,-0.6659415562951781,0.20656378263037645,-0.8725053389255546
CV-G,gfold_4,G+E+GxE legacy-grid,W248,ME2,0.5778209844290203,0.29961187768262804,0.27820910674639227
CV-G,gfold_4,G+E+GxE legacy-grid,W248,ME3,0.5500524654274072,0.07059711813914664,0.4794553472882605
CV-G,gfold_4,G+E+GxE legacy-grid,W248,ME4,-0.12229315000946639,-0.5937433660293217,0.47145021601985526
CV-G,gfold_4,G+E+GxE legacy-grid,W253,ME1,1.4390019606443423,0.5054887463165867,0.9335132143277556
CV-G,gfold_4,G+E+GxE legacy-grid,W253,ME2,2.4397752290417216,0.681421227158989,1.7583540018827326
CV-G,gfold_4,G+E+GxE legacy-grid,W253,ME3,0.016831562490282094,0.5253371410325816,-0.5085055785422995
CV-G,gfold_4,G+E+GxE legacy-grid,W253,ME4,1.5219891829194936,0.39982949460700096,1.1221596883124927
CV-G,gfold_4,G+E+GxE legacy-grid,W258,ME1,0.46397633711202585,0.35900952555465926,0.10496681155736659
CV-G,gfold_4,G+E+GxE legacy-grid,W258,ME2,-0.7187860592975854,-0.3543516253927679,-0.36443443390481756
CV-G,gfold_4,G+E+GxE legacy-grid,W258,ME3,-1.4529404297666215,-0.49391764183386183,-0.9590227879327597
CV-G,gfold_4,G+E+GxE legacy-grid,W258,ME4,-0.8104879803556154,0.6055894321898886,-1.416077412545504
CV-G,gfold_4,G+E+GxE legacy-grid,W264,ME1,0.556664118985209,-0.423731706491785,0.980395825476994
CV-G,gfold_4,G+E+GxE legacy-grid,W264,ME2,0.045212038685974426,-0.22571251237716297,0.2709245510631374
CV-G,gfold_4,G+E+GxE legacy-grid,W264,ME3,-1.4951815192118618,-0.48517561824417604,-1.0100059009676858
CV-G,gfold_4,G+E+GxE legacy-grid,W264,ME4,-0.5063140781795771,-0.1962824791550707,-0.3100315990245064
CV-G,gfold_4,G+E+GxE legacy-grid,W267,ME1,0.5231512271120737,0.3676275346500752,0.15552369246199854
CV-G,gfold_4,G+E+GxE legacy-grid,W267,ME2,0.3420903585700772,0.30179203793371806,0.04029832063635913
CV-G,gfold_4,G+E+GxE legacy-grid,W267,ME3,0.7941824810714333,0.33422276558145997,0.45995971548997333
CV-G,gfold_4,G+E+GxE legacy-grid,W267,ME4,0.2971830043828389,0.43976428695074715,-0.14258128256790825
CV-G,gfold_4,G+E+GxE legacy-grid,W268,ME1,1.1476311872433334,0.3016816377091558,0.8459495495341776
CV-G,gfold_4,G+E+GxE legacy-grid,W268,ME2,1.7299063203561518,-0.15210282973116449,1.8820091500873162
CV-G,gfold_4,G+E+GxE legacy-grid,W268,ME3,-0.31718641033755546,-0.012915689581220333,-0.3042707207563351
CV-G,gfold_4,G+E+GxE legacy-grid,W268,ME4,1.1852943343927658,0.3508293113151227,0.8344650230776431
CV-G,gfold_4,G+E+GxE legacy-grid,W272,ME1,-0.45474925688955536,-0.5214174467594982,0.06666818986994283
CV-G,gfold_4,G+E+GxE legacy-grid,W272,ME2,-0.06924844507918962,-0.6573235187398835,0.5880750736606939
CV-G,gfold_4,G+E+GxE legacy-grid,W272,ME3,-0.03768233298653844,-0.6495981684830358,0.6119158354964973
CV-G,gfold_4,G+E+GxE legacy-grid,W272,ME4,1.5786294378118395,-0.5486013043799023,2.127230742191742
CV-G,gfold_4,G+E+GxE legacy-grid,W273,ME1,-0.7698518813035222,-0.17999001056575947,-0.5898618707377628
CV-G,gfold_4,G+E+GxE legacy-grid,W273,ME2,-1.5513047620431406,-0.2552449456864286,-1.296059816356712
CV-G,gfold_4,G+E+GxE legacy-grid,W273,ME3,-0.5423624158405863,-0.1294209604838774,-0.4129414553567089
CV-G,gfold_4,G+E+GxE legacy-grid,W273,ME4,-1.4516241989287055,0.07946096674216653,-1.5310851656708722
CV-G,gfold_4,G+E+GxE legacy-grid,W276,ME1,-0.001987237255272065,-0.5475480343121564,0.5455607970568843
CV-G,gfold_4,G+E+GxE legacy-grid,W276,ME2,-1.794326025815247,0.31894241333637663,-2.1132684391516237
CV-G,gfold_4,G+E+GxE legacy-grid,W276,ME3,-0.6416091266947295,-0.18575476481913034,-0.45585436187559913
CV-G,gfold_4,G+E+GxE legacy-grid,W276,ME4,-0.6020203755435065,0.16328889584941114,-0.7653092713929177
CV-G,gfold_4,G+E+GxE legacy-grid,W277,ME1,-0.5857956586223904,0.1665247778978658,-0.7523204365202562
CV-G,gfold_4,G+E+GxE legacy-grid,W277,ME2,-1.1958102196315052,-0.9161258023925312,-0.2796844172389741
CV-G,gfold_4,G+E+GxE legacy-grid,W277,ME3,-1.162278488157023,-0.14991016364948934,-1.0123683245075337
CV-G,gfold_4,G+E+GxE legacy-grid,W277,ME4,-0.21065194764152748,-0.7911338576037351,0.5804819099622076
CV-G,gfold_4,G+E+GxE legacy-grid,W280,ME1,-0.1259401447422998,-0.08673847567819722,-0.03920166906410259
CV-G,gfold_4,G+E+GxE legacy-grid,W280,ME2,-0.26238073431182996,-0.16617329020076932,-0.09620744411106064
CV-G,gfold_4,G+E+GxE legacy-grid,W280,ME3,0.5939068418320628,-0.1745762082864788,0.7684830501185416
CV-G,gfold_4,G+E+GxE legacy-grid,W280,ME4,-1.5487937028773537,-0.5657516554115762,-0.9830420474657775
CV-G,gfold_4,G+E+GxE legacy-grid,W291,ME1,0.9183020202310339,-0.3276190567715862,1.2459210770026201
CV-G,gfold_4,G+E+GxE legacy-grid,W291,ME2,-1.7677455750901723,-0.5109220839458769,-1.2568234911442953
CV-G,gfold_4,G+E+GxE legacy-grid,W291,ME3,-0.8569956055696786,-0.1736213300024716,-0.683374275567207
CV-G,gfold_4,G+E+GxE legacy-grid,W291,ME4,-0.5587535141674078,-0.5020822231808818,-0.05667129098652601
CV-G,gfold_4,G+E+GxE legacy-grid,W292,ME1,1.0085221456673867,-0.19055443843993772,1.1990765841073245
CV-G,gfold_4,G+E+GxE legacy-grid,W292,ME2,-0.2828350240126491,-0.14309679064357075,-0.13973823336907834
CV-G,gfold_4,G+E+GxE legacy-grid,W292,ME3,-0.610846869594237,-0.06763921925536637,-0.5432076503388705
CV-G,gfold_4,G+E+GxE legacy-grid,W292,ME4,0.08500231619445406,0.07878849598035231,0.006213820214101745
CV-G,gfold_4,G+E+GxE legacy-grid,W295,ME1,0.1308834385430769,0.24310831939665636,-0.11222488085357946
CV-G,gfold_4,G+E+GxE legacy-grid,W295,ME2,0.7316585073397596,-0.14845023579492572,0.8801087431346852
CV-G,gfold_4,G+E+GxE legacy-grid,W295,ME3,0.9363037710145666,-0.1848554329343972,1.121159203948964
CV-G,gfold_4,G+E+GxE legacy-grid,W295,ME4,-1.4162240396209889,-0.7160831609963033,-0.7001408786246855
CV-G,gfold_4,G+E+GxE legacy-grid,W296,ME1,0.06292922960275023,0.2579431180186181,-0.19501388841586786
CV-G,gfold_4,G+E+GxE legacy-grid,W296,ME2,-0.5341785003332004,0.07318233979663955,-0.6073608401298399
CV-G,gfold_4,G+E+GxE legacy-grid,W296,ME3,-0.25608422256573676,0.27361624161967196,-0.5297004641854087
CV-G,gfold_4,G+E+GxE legacy-grid,W296,ME4,-0.05135123075680209,-0.13205059911287467,0.08069936835607258
CV-G,gfold_4,G+E+GxE legacy-grid,W305,ME1,-1.474013526510542,0.31988737221899605,-1.7939008987295382
CV-G,gfold_4,G+E+GxE legacy-grid,W305,ME2,-0.9100577169794701,0.008681184715863556,-0.9187389016953337
CV-G,gfold_4,G+E+GxE legacy-grid,W305,ME3,-0.8350346312530166,0.1852530257323438,-1.0202876569853605
CV-G,gfold_4,G+E+GxE legacy-grid,W305,ME4,1.0720138246080724,-0.05272108485156049,1.1247349094596328
CV-G,gfold_4,G+E+GxE legacy-grid,W309,ME1,1.1562231923286694,0.7714542306808277,0.3847689616478417
CV-G,gfold_4,G+E+GxE legacy-grid,W309,ME2,0.47954926089117506,-0.10403302048811337,0.5835822813792885
CV-G,gfold_4,G+E+GxE legacy-grid,W309,ME3,0.20164160789357255,-0.6059001692227173,0.8075417771162898
CV-G,gfold_4,G+E+GxE legacy-grid,W309,ME4,-3.5756337573917047,-0.6329009812149607,-2.942732776176744
CV-G,gfold_4,G+E+GxE legacy-grid,W313,ME1,0.10518072001291338,0.19461483658392653,-0.08943411657101315
CV-G,gfold_4,G+E+GxE legacy-grid,W313,ME2,-0.20317594466109895,-0.4521831894115568,0.24900724475045782
CV-G,gfold_4,G+E+GxE legacy-grid,W313,ME3,-0.4575930549782728,-0.4459642506199336,-0.011628804358339184
CV-G,gfold_4,G+E+GxE legacy-grid,W313,ME4,0.21611663956816807,-0.2169364127339639,0.433053052302132
CV-G,gfold_4,G+E+GxE legacy-grid,W318,ME1,0.09478072902336472,0.48912219647481375,-0.39434146745144905
CV-G,gfold_4,G+E+GxE legacy-grid,W318,ME2,0.25946312888756146,-0.7425021422002152,1.0019652710877767
CV-G,gfold_4,G+E+GxE legacy-grid,W318,ME3,0.08440379115693365,-0.7096531154358109,0.7940569065927445
CV-G,gfold_4,G+E+GxE legacy-grid,W318,ME4,-1.6941782238031122,-0.46069126623840506,-1.2334869575647072
CV-G,gfold_4,G+E+GxE legacy-grid,W326,ME1,-0.39023184998336463,0.5462446043701352,-0.9364764543534998
CV-G,gfold_4,G+E+GxE legacy-grid,W326,ME2,-0.20335314766593282,-0.2662525810088292,0.06289943334289638
CV-G,gfold_4,G+E+GxE legacy-grid,W326,ME3,0.26059837740522446,-0.05418124553900658,0.314779622944231
CV-G,gfold_4,G+E+GxE legacy-grid,W326,ME4,-0.8870703249913088,-0.4183388000273912,-0.46873152496391757
CV-G,gfold_4,G+E+GxE legacy-grid,W327,ME1,0.2115098369741906,-0.04715260682522819,0.2586624437994188
CV-G,gfold_4,G+E+GxE legacy-grid,W327,ME2,0.8295694961891933,-0.8288951028461223,1.6584645990353155
CV-G,gfold_4,G+E+GxE legacy-grid,W327,ME3,1.1601874576443458,-0.6053588994903806,1.7655463571347263
CV-G,gfold_4,G+E+GxE legacy-grid,W327,ME4,-0.33822625508446974,-0.9067084280859874,0.5684821730015177
CV-G,gfold_4,G+E+GxE legacy-grid,W329,ME1,-1.657556672110748,-0.299343509882999,-1.358213162227749
CV-G,gfold_4,G+E+GxE legacy-grid,W329,ME2,-0.2708042057201801,-0.6689180144892096,0.3981138087690295
CV-G,gfold_4,G+E+GxE legacy-grid,W329,ME3,-0.6632491329252244,-0.41078420962179396,-0.2524649233034304
CV-G,gfold_4,G+E+GxE legacy-grid,W329,ME4,-2.213388427018358,-0.856051924158034,-1.3573365028603241
CV-G,gfold_4,G+E+GxE legacy-grid,W336,ME1,-0.3008831411765201,0.6161877621484142,-0.9170709033249342
CV-G,gfold_4,G+E+GxE legacy-grid,W336,ME2,0.746284083917295,-0.4468211892608143,1.1931052731781093
CV-G,gfold_4,G+E+GxE legacy-grid,W336,ME3,0.38925590078652716,-0.8680594835438006,1.2573153843303277
CV-G,gfold_4,G+E+GxE legacy-grid,W336,ME4,-1.4660438638200486,-0.23300839960927047,-1.2330354642107781
CV-G,gfold_4,G+E+GxE legacy-grid,W348,ME1,0.9668733172252935,0.3300415303042548,0.6368317869210387
CV-G,gfold_4,G+E+GxE legacy-grid,W348,ME2,0.07469102427583192,-0.18295420293770812,0.25764522721354005
CV-G,gfold_4,G+E+GxE legacy-grid,W348,ME3,-0.9414608914029917,-0.42181891151237033,-0.5196419798906213
CV-G,gfold_4,G+E+GxE legacy-grid,W348,ME4,-0.07495133696194672,0.42280864079060393,-0.49775997775255065
CV-G,gfold_4,G+E+GxE legacy-grid,W350,ME1,-0.3812652171881476,-0.4981406797447822,0.11687546255663461
CV-G,gfold_4,G+E+GxE legacy-grid,W350,ME2,-1.5057382750858699,-0.47648090145065275,-1.029257373635217
CV-G,gfold_4,G+E+GxE legacy-grid,W350,ME3,-0.9879167986113145,-0.39154652754813996,-0.5963702710631746
CV-G,gfold_4,G+E+GxE legacy-grid,W350,ME4,0.36951732990160646,-0.017807321440117378,0.38732465134172384
CV-G,gfold_4,G+E+GxE legacy-grid,W351,ME1,0.9022093168674095,0.3525811589062377,0.5496281579611717
CV-G,gfold_4,G+E+GxE legacy-grid,W351,ME2,-0.601920677609676,-0.31517921507759794,-0.2867414625320781
CV-G,gfold_4,G+E+GxE legacy-grid,W351,ME3,-1.386314212301304,0.07715006685264865,-1.4634642791539525
CV-G,gfold_4,G+E+GxE legacy-grid,W351,ME4,-0.5213866793425955,-0.17059096253370656,-0.350795716808889
CV-G,gfold_4,G+E+GxE legacy-grid,W371,ME1,0.2933089830188497,0.017684328755437417,0.2756246542634123
CV-G,gfold_4,G+E+GxE legacy-grid,W371,ME2,-0.6237862626704211,-0.3307067359947356,-0.29307952667568554
CV-G,gfold_4,G+E+GxE legacy-grid,W371,ME3,-0.3055555404783089,-0.3032761104911748,-0.002279429987134096
CV-G,gfold_4,G+E+GxE legacy-grid,W371,ME4,-0.3424192072869176,-0.3609216590949744,0.01850245180805682
CV-G,gfold_4,G+E+GxE legacy-grid,W380,ME1,-0.7226813661809958,0.6503736836628702,-1.3730550498438658
CV-G,gfold_4,G+E+GxE legacy-grid,W380,ME2,-1.3392054226145362,-1.0448852618762867,-0.2943201607382495
CV-G,gfold_4,G+E+GxE legacy-grid,W380,ME3,-1.7157288270512268,-1.2520220352997087,-0.4637067917515181
CV-G,gfold_4,G+E+GxE legacy-grid,W380,ME4,-0.7243161258985648,-0.775646012310235,0.051329886411670245
CV-G,gfold_4,G+E+GxE legacy-grid,W382,ME1,-0.05317278413805646,1.5350107316581065,-1.588183515796163
CV-G,gfold_4,G+E+GxE legacy-grid,W382,ME2,-1.2624891788789776,0.262813322245649,-1.5253025011246266
CV-G,gfold_4,G+E+GxE legacy-grid,W382,ME3,-1.1322426325146966,0.2181303780377281,-1.3503730105524248
CV-G,gfold_4,G+E+GxE legacy-grid,W382,ME4,-1.4662326646696904,0.8751540998493643,-2.3413867645190547
CV-G,gfold_4,G+E+GxE legacy-grid,W385,ME1,-0.0389206430012417,-0.07430616735100329,0.03538552434976159
CV-G,gfold_4,G+E+GxE legacy-grid,W385,ME2,-1.200873162626758,0.19006471984548576,-1.3909378824722436
CV-G,gfold_4,G+E+GxE legacy-grid,W385,ME3,-0.958353948569655,0.02165211113926006,-0.980006059708915
CV-G,gfold_4,G+E+GxE legacy-grid,W385,ME4,-0.47114991993391137,-0.08021532720469313,-0.39093459272921827
CV-G,gfold_4,G+E+GxE legacy-grid,W387,ME1,1.2658669501143358,-0.35546797595490454,1.6213349260692405
CV-G,gfold_4,G+E+GxE legacy-grid,W387,ME2,1.8712447027473609,0.08062256524640146,1.7906221375009594
CV-G,gfold_4,G+E+GxE legacy-grid,W387,ME3,0.34203135947712243,-0.6800391443812108,1.0220705038583333
CV-G,gfold_4,G+E+GxE legacy-grid,W387,ME4,0.9272665065498537,-0.2065375629217656,1.1338040694716192
CV-G,gfold_4,G+E+GxE legacy-grid,W402,ME1,0.05677230463164708,0.5477286502201875,-0.4909563455885404
CV-G,gfold_4,G+E+GxE legacy-grid,W402,ME2,-0.8668138551212717,0.27654895613757857,-1.1433628112588503
CV-G,gfold_4,G+E+GxE legacy-grid,W402,ME3,-0.3630764001307948,0.415148172323251,-0.7782245724540457
CV-G,gfold_4,G+E+GxE legacy-grid,W402,ME4,-0.3931987691383198,0.2202132419526105,-0.6134120110909302
CV-G,gfold_4,G+E+GxE legacy-grid,W408,ME1,0.7120938981829689,0.06727451601564083,0.644819382167328
CV-G,gfold_4,G+E+GxE legacy-grid,W408,ME2,0.70710956249153,-0.47647854585651955,1.1835881083480495
CV-G,gfold_4,G+E+GxE legacy-grid,W408,ME3,0.37231216444836523,0.3120043884693671,0.06030777597899811
CV-G,gfold_4,G+E+GxE legacy-grid,W408,ME4,0.6167913760170415,-0.3266290298228599,0.9434204058399014
CV-G,gfold_4,G+E+GxE legacy-grid,W409,ME1,-1.2779936493551367,-1.071163472865337,-0.20683017648979973
CV-G,gfold_4,G+E+GxE legacy-grid,W409,ME2,0.5551643145252666,0.5263185442922649,0.028845770233001722
CV-G,gfold_4,G+E+GxE legacy-grid,W409,ME3,-0.41193112145678373,-0.2802927033600516,-0.13163841809673216
CV-G,gfold_4,G+E+GxE legacy-grid,W409,ME4,-1.0401956807523545,-0.6220226271375301,-0.4181730536148244
CV-G,gfold_4,G+E+GxE legacy-grid,W439,ME1,0.04300880833381053,0.8985322193345122,-0.8555234110007017
CV-G,gfold_4,G+E+GxE legacy-grid,W439,ME2,1.0807357695049118,-0.12795157174136682,1.2086873412462786
CV-G,gfold_4,G+E+GxE legacy-grid,W439,ME3,1.289267307454817,-0.1308352667903807,1.4201025742451978
CV-G,gfold_4,G+E+GxE legacy-grid,W439,ME4,0.47309819603598585,-0.32069252034561596,0.7937907163816018
CV-G,gfold_4,G+E+GxE legacy-grid,W448,ME1,1.1745473737902856,0.1421513661891356,1.03239600760115
CV-G,gfold_4,G+E+GxE legacy-grid,W448,ME2,-0.3829294070287847,-0.32342319432697925,-0.05950621270180545
CV-G,gfold_4,G+E+GxE legacy-grid,W448,ME3,-1.2615843247112501,-0.3637852207605945,-0.8977991039506557
CV-G,gfold_4,G+E+GxE legacy-grid,W448,ME4,0.37681762942106406,-0.4626041106166995,0.8394217400377635
CV-G,gfold_4,G+E+GxE legacy-grid,W450,ME1,-0.8801797418637559,0.537283705538865,-1.4174634474026209
CV-G,gfold_4,G+E+GxE legacy-grid,W450,ME2,-0.38176493013987695,-0.41806029657038957,0.03629536643051262
CV-G,gfold_4,G+E+GxE legacy-grid,W450,ME3,-0.7210064953780436,-0.33937606868669745,-0.38163042669134617
CV-G,gfold_4,G+E+GxE legacy-grid,W450,ME4,1.103480632881599,-0.3778306348035229,1.481311267685122
CV-G,gfold_4,G+E+GxE legacy-grid,W455,ME1,-0.20081682223479125,-0.3932900789973179,0.19247325676252663
CV-G,gfold_4,G+E+GxE legacy-grid,W455,ME2,1.2622802479571689,1.1277317824448774,0.1345484655122915
CV-G,gfold_4,G+E+GxE legacy-grid,W455,ME3,1.4468541912340296,0.9437225452339768,0.5031316460000528
CV-G,gfold_4,G+E+GxE legacy-grid,W455,ME4,1.2356097608221348,1.0185327204251835,0.2170770403969513
CV-G,gfold_4,G+E+GxE legacy-grid,W458,ME1,-0.31915845815423916,0.9780026367231391,-1.2971610948773784
CV-G,gfold_4,G+E+GxE legacy-grid,W458,ME2,0.7401009647843434,0.5116108424736792,0.22849012231066423
CV-G,gfold_4,G+E+GxE legacy-grid,W458,ME3,1.165474984537512,0.23050846011967968,0.9349665244178325
CV-G,gfold_4,G+E+GxE legacy-grid,W458,ME4,0.6077682687446079,0.9168799530852193,-0.3091116843406114
CV-G,gfold_4,G+E+GxE legacy-grid,W459,ME1,1.47973050797303,0.4909135773425878,0.9888169306304423
CV-G,gfold_4,G+E+GxE legacy-grid,W459,ME2,2.7066302969639775,0.46902174942725366,2.237608547536724
CV-G,gfold_4,G+E+GxE legacy-grid,W459,ME3,0.6879504910788741,0.476410511597021,0.21153997948185305
CV-G,gfold_4,G+E+GxE legacy-grid,W459,ME4,1.597509522775956,0.5867353154867992,1.0107742072891566
CV-G,gfold_4,G+E+GxE legacy-grid,W461,ME1,2.082612366221532,-0.17165450251617131,2.2542668687377034
CV-G,gfold_4,G+E+GxE legacy-grid,W461,ME2,-0.03632665825256279,-0.16745049131624223,0.13112383306367945
CV-G,gfold_4,G+E+GxE legacy-grid,W461,ME3,-0.3614631131713788,-0.1342454840794859,-0.22721762909189291
CV-G,gfold_4,G+E+GxE legacy-grid,W461,ME4,1.5849227994665442,-0.26336136516774133,1.8482841646342856
CV-G,gfold_4,G+E+GxE legacy-grid,W470,ME1,-0.3342575836786114,-0.3313232088210313,-0.0029343748575801354
CV-G,gfold_4,G+E+GxE legacy-grid,W470,ME2,0.8158868927445239,0.6682239076023206,0.14766298514220322
CV-G,gfold_4,G+E+GxE legacy-grid,W470,ME3,0.5600109226271545,0.4265815875003634,0.13342933512679106
CV-G,gfold_4,G+E+GxE legacy-grid,W470,ME4,0.04698254509796639,0.4883516708984856,-0.4413691258005192
CV-G,gfold_4,G+E+GxE legacy-grid,W473,ME1,-1.2022944197170344,0.43946161944163226,-1.6417560391586667
CV-G,gfold_4,G+E+GxE legacy-grid,W473,ME2,0.669909588833915,0.7236735587795566,-0.05376396994564159
CV-G,gfold_4,G+E+GxE legacy-grid,W473,ME3,1.2072430683820856,0.671083220829013,0.5361598475530727
CV-G,gfold_4,G+E+GxE legacy-grid,W473,ME4,1.6803852290663543,0.3477513305318274,1.332633898534527
CV-G,gfold_4,G+E+GxE legacy-grid,W477,ME1,-0.4917559593613715,-0.33777679176889847,-0.15397916759247304
CV-G,gfold_4,G+E+GxE legacy-grid,W477,ME2,0.8760599702430972,0.5381682973506828,0.3378916728924144
CV-G,gfold_4,G+E+GxE legacy-grid,W477,ME3,0.776503896746521,0.45891285824407135,0.31759103850244963
CV-G,gfold_4,G+E+GxE legacy-grid,W477,ME4,-0.9737220482745313,-0.1037147157290204,-0.870007332545511
CV-G,gfold_4,G+E+GxE legacy-grid,W488,ME1,0.394873812800106,0.31968163308210423,0.0751921797180018
CV-G,gfold_4,G+E+GxE legacy-grid,W488,ME2,1.9763007698988446,0.8234216214259121,1.1528791484729326
CV-G,gfold_4,G+E+GxE legacy-grid,W488,ME3,1.4092417994524535,0.3573499616533014,1.0518918377991522
CV-G,gfold_4,G+E+GxE legacy-grid,W488,ME4,0.04403253182232322,0.13817097823448427,-0.09413844641216104
CV-G,gfold_4,G+E+GxE legacy-grid,W489,ME1,-0.2186930792606787,0.3527683132331295,-0.5714613924938082
CV-G,gfold_4,G+E+GxE legacy-grid,W489,ME2,0.9137156087702856,0.4056798753848645,0.5080357333854211
CV-G,gfold_4,G+E+GxE legacy-grid,W489,ME3,0.14587762618641906,0.2162524945457896,-0.07037486835937054
CV-G,gfold_4,G+E+GxE legacy-grid,W489,ME4,-0.3171356268391395,0.25697034232532756,-0.574105969164467
CV-G,gfold_4,G+E+GxE legacy-grid,W499,ME1,1.687876921215702,0.42847364561731166,1.2594032755983904
CV-G,gfold_4,G+E+GxE legacy-grid,W499,ME2,-0.25607104160399624,-0.1780260778322619,-0.07804496377173434
CV-G,gfold_4,G+E+GxE legacy-grid,W499,ME3,-1.3370371645461494,-0.1144149895633333,-1.2226221749828161
CV-G,gfold_4,G+E+GxE legacy-grid,W499,ME4,0.02338243889282106,-0.7179545216503608,0.7413369605431819
CV-G,gfold_4,G+E+GxE legacy-grid,W502,ME1,0.5774152364804089,-0.3943024316595776,0.9717176681399866
CV-G,gfold_4,G+E+GxE legacy-grid,W502,ME2,-1.6145915494837932,-0.9352088703418909,-0.6793826791419023
CV-G,gfold_4,G+E+GxE legacy-grid,W502,ME3,-1.4144664920695476,-0.8026755452341273,-0.6117909468354202
CV-G,gfold_4,G+E+GxE legacy-grid,W502,ME4,0.06271594923472902,-0.9289969453155177,0.9917128945502467
CV-G,gfold_4,G+E+GxE legacy-grid,W507,ME1,0.20433490192188597,0.4658554019745805,-0.2615205000526945
CV-G,gfold_4,G+E+GxE legacy-grid,W507,ME2,1.448488962643801,0.10071970490778526,1.3477692577360156
CV-G,gfold_4,G+E+GxE legacy-grid,W507,ME3,1.087184111098613,0.036221692542694806,1.050962418555918
CV-G,gfold_4,G+E+GxE legacy-grid,W507,ME4,0.06763263802746716,-0.09224219787237656,0.15987483589984372
CV-G,gfold_4,G+E+GxE legacy-grid,W514,ME1,-1.8922527882711393,-0.2232490517879205,-1.6690037364832189
CV-G,gfold_4,G+E+GxE legacy-grid,W514,ME2,0.5232361302614574,0.18661033595285076,0.3366257943086067
CV-G,gfold_4,G+E+GxE legacy-grid,W514,ME3,0.10787669409001106,0.1519235987935274,-0.04404690470351634
CV-G,gfold_4,G+E+GxE legacy-grid,W514,ME4,1.3638684713450255,-0.40675389009076823,1.7706223614357937
CV-G,gfold_4,G+E+GxE legacy-grid,W519,ME1,-2.025921583973149,0.1924491496056712,-2.21837073357882
CV-G,gfold_4,G+E+GxE legacy-grid,W519,ME2,0.7358797360620509,0.3944178128768715,0.34146192318517943
CV-G,gfold_4,G+E+GxE legacy-grid,W519,ME3,0.5149824787494153,0.503007356810353,0.01197512193906225
CV-G,gfold_4,G+E+GxE legacy-grid,W519,ME4,1.092954985514104,0.1951010592905551,0.897853926223549
CV-G,gfold_4,G+E+GxE legacy-grid,W522,ME1,-1.3571541132693217,-0.7477369420477059,-0.6094171712216158
CV-G,gfold_4,G+E+GxE legacy-grid,W522,ME2,1.1833806100549058,0.3210108656633281,0.8623697443915777
CV-G,gfold_4,G+E+GxE legacy-grid,W522,ME3,2.001098503815065,0.3232421410485385,1.6778563627665266
CV-G,gfold_4,G+E+GxE legacy-grid,W522,ME4,1.705550808983107,0.43888373515810036,1.2666670738250068
CV-G,gfold_4,G+E+GxE legacy-grid,W531,ME1,-0.10364165192367358,0.4074977572808691,-0.5111394092045427
CV-G,gfold_4,G+E+GxE legacy-grid,W531,ME2,1.2738174293075992,0.472725534039416,0.8010918952681833
CV-G,gfold_4,G+E+GxE legacy-grid,W531,ME3,0.8378256942615047,-0.06980837044974862,0.9076340647112533
CV-G,gfold_4,G+E+GxE legacy-grid,W531,ME4,0.4139091296734829,0.23026577792314426,0.18364335175033866
CV-G,gfold_4,G+E+GxE legacy-grid,W535,ME1,-0.2776480790831897,0.45178690418491724,-0.729434983268107
CV-G,gfold_4,G+E+GxE legacy-grid,W535,ME2,1.44903322901579,0.554793337029191,0.8942398919865989
CV-G,gfold_4,G+E+GxE legacy-grid,W535,ME3,1.0950900618526118,0.4888090025304485,0.6062810593221633
CV-G,gfold_4,G+E+GxE legacy-grid,W535,ME4,-0.10936815851111582,0.6126992028096683,-0.7220673613207841
CV-G,gfold_4,G+E+GxE legacy-grid,W537,ME1,-0.706295475913985,0.4340434288076997,-1.1403389047216848
CV-G,gfold_4,G+E+GxE legacy-grid,W537,ME2,0.8895463846467002,-0.219402841191639,1.108949225838339
CV-G,gfold_4,G+E+GxE legacy-grid,W537,ME3,1.9229681144192505,-0.06153170174345603,1.9844998161627065
CV-G,gfold_4,G+E+GxE legacy-grid,W537,ME4,2.506900281880854,0.18406046526103068,2.3228398166198234
CV-G,gfold_4,G+E+GxE legacy-grid,W542,ME1,-1.4823530650957413,0.5453376692993418,-2.027690734395083
CV-G,gfold_4,G+E+GxE legacy-grid,W542,ME2,1.0681100554105007,-0.05875321003931355,1.1268632654498143
CV-G,gfold_4,G+E+GxE legacy-grid,W542,ME3,2.4846622652107855,-0.4569138145592289,2.9415760797700146
CV-G,gfold_4,G+E+GxE legacy-grid,W542,ME4,1.3017215250048113,-0.053535555518132535,1.3552570805229438
CV-G,gfold_4,G+E+GxE legacy-grid,W544,ME1,-0.5626583254968559,-0.6117210537153379,0.04906272821848201
CV-G,gfold_4,G+E+GxE legacy-grid,W544,ME2,-0.08958881856261547,1.2000770789389286,-1.289665897501544
CV-G,gfold_4,G+E+GxE legacy-grid,W544,ME3,1.9377495394400805,1.3981563742455356,0.5395931651945449
CV-G,gfold_4,G+E+GxE legacy-grid,W544,ME4,2.125097763694028,1.3813987198926756,0.7436990438013522
CV-G,gfold_4,G+E+GxE legacy-grid,W561,ME1,-1.636455359147615,-0.018680251080449062,-1.6177751080671658
CV-G,gfold_4,G+E+GxE legacy-grid,W561,ME2,0.8531185097958601,0.9452774690028789,-0.09215895920701878
CV-G,gfold_4,G+E+GxE legacy-grid,W561,ME3,0.9615419984215595,0.8879909250695923,0.0735510733519672
CV-G,gfold_4,G+E+GxE legacy-grid,W561,ME4,1.1325874305346098,0.9600066142033828,0.1725808163312269
CV-G,gfold_4,G+E+GxE legacy-grid,W568,ME1,-1.840798486726918,-0.7325040474792885,-1.1082944392476295
CV-G,gfold_4,G+E+GxE legacy-grid,W568,ME2,0.31597190139331927,0.691083322708455,-0.3751114213151357
CV-G,gfold_4,G+E+GxE legacy-grid,W568,ME3,0.8401231500361722,0.9655212342344419,-0.1253980841982697
CV-G,gfold_4,G+E+GxE legacy-grid,W568,ME4,1.1783244363601795,0.536807395206785,0.6415170411533945
CV-G,gfold_4,G+E+GxE legacy-grid,W570,ME1,-1.4261914849360469,-1.1583938243030976,-0.2677976606329493
CV-G,gfold_4,G+E+GxE legacy-grid,W570,ME2,0.30964322264925526,0.34600438811643214,-0.03636116546717688
CV-G,gfold_4,G+E+GxE legacy-grid,W570,ME3,0.3911901558321103,0.3604290627741565,0.030761093057953826
CV-G,gfold_4,G+E+GxE legacy-grid,W570,ME4,1.0427103594033518,0.6801155086593171,0.36259485074403464
CV-G,gfold_4,G+E+GxE legacy-grid,W572,ME1,-1.6947506884375068,-1.5921785103188866,-0.10257217811862018
CV-G,gfold_4,G+E+GxE legacy-grid,W572,ME2,0.5137431121453592,0.16422576480155276,0.3495173473438064
CV-G,gfold_4,G+E+GxE legacy-grid,W572,ME3,0.7292624623799486,0.4792072867863417,0.2500551755936069
CV-G,gfold_4,G+E+GxE legacy-grid,W572,ME4,1.7434368461444318,1.3216773104588477,0.4217595356855841
CV-G,gfold_4,G+E+GxE legacy-grid,W574,ME1,-0.061316864787662406,-0.04061017365175727,-0.020706691135905134
CV-G,gfold_4,G+E+GxE legacy-grid,W574,ME2,0.3493177096958004,0.08918391993714692,0.2601337897586535
CV-G,gfold_4,G+E+GxE legacy-grid,W574,ME3,1.2219062420027489,0.3390461154303874,0.8828601265723615
CV-G,gfold_4,G+E+GxE legacy-grid,W574,ME4,-1.7321979948995998,-0.7422929447931034,-0.9899050501064964
CV-G,gfold_4,G+E+GxE legacy-grid,W575,ME1,-1.6457151788462183,-0.7739660006151999,-0.8717491782310184
CV-G,gfold_4,G+E+GxE legacy-grid,W575,ME2,0.4306792036295026,0.7785295323779842,-0.34785032874848154
CV-G,gfold_4,G+E+GxE legacy-grid,W575,ME3,0.2991229942737987,1.0920183772931586,-0.7928953830193599
CV-G,gfold_4,G+E+GxE legacy-grid,W575,ME4,0.8403394486942383,0.508119436932246,0.33222001176199223
CV-G,gfold_4,G+E+GxE legacy-grid,W578,ME1,-2.3227733236513446,-2.1778512768132083,-0.14492204683813625
CV-G,gfold_4,G+E+GxE legacy-grid,W578,ME2,0.24635643520860157,0.30844800243240994,-0.062091567223808375
CV-G,gfold_4,G+E+GxE legacy-grid,W578,ME3,0.19438603984049102,0.63608358023437,-0.44169754039387893
CV-G,gfold_4,G+E+GxE legacy-grid,W578,ME4,1.0267802877148795,1.1258406937844545,-0.099060406069575
CV-G,gfold_4,G+E+GxE legacy-grid,W582,ME1,-1.6694063094559266,-1.0050280633090696,-0.664378246146857
CV-G,gfold_4,G+E+GxE legacy-grid,W582,ME2,0.5358934877495878,0.7458507325593705,-0.20995724480978273
CV-G,gfold_4,G+E+GxE legacy-grid,W582,ME3,0.7045563662737035,0.707530014056645,-0.002973647782941402
CV-G,gfold_4,G+E+GxE legacy-grid,W582,ME4,1.45492554778654,1.1646429469991628,0.2902826007873771
CV-G,gfold_4,G+E+GxE legacy-grid,W588,ME1,-2.132503167434563,-1.1278138296282756,-1.0046893378062873
CV-G,gfold_4,G+E+GxE legacy-grid,W588,ME2,0.49792141528519684,0.4367211829437014,0.061200232341495464
CV-G,gfold_4,G+E+GxE legacy-grid,W588,ME3,0.4266655758821018,0.44655170605946254,-0.01988613017736074
CV-G,gfold_4,G+E+GxE legacy-grid,W588,ME4,1.264551357731709,0.7472509247606416,0.5173004329710673
CV-G,gfold_4,G+E+GxE legacy-grid,W595,ME1,-1.2485039333229087,-0.34074466975983064,-0.907759263563078
CV-G,gfold_4,G+E+GxE legacy-grid,W595,ME2,1.4190416204476648,0.7021781192347312,0.7168635012129336
CV-G,gfold_4,G+E+GxE legacy-grid,W595,ME3,1.574548810356833,0.641460449604798,0.933088360752035
CV-G,gfold_4,G+E+GxE legacy-grid,W595,ME4,1.65965646911617,0.5980795967920512,1.0615768723241188
CV-G,gfold_4,G+E+GxE legacy-grid,W598,ME1,-0.9023967938758849,-0.361999062579846,-0.5403977312960389
CV-G,gfold_4,G+E+GxE legacy-grid,W598,ME2,0.5279066951745784,1.2919620017103757,-0.7640553065357972
CV-G,gfold_4,G+E+GxE legacy-grid,W598,ME3,1.7190773609462144,1.0897154686467634,0.629361892299451
CV-G,gfold_4,G+E+GxE legacy-grid,W598,ME4,2.6928140518629142,0.9263621166626514,1.7664519352002628
CV-G,gfold_4,G+E+GxE legacy-grid,W599,ME1,0.2222763115929722,-0.10016590407316821,0.3224422156661404
CV-G,gfold_4,G+E+GxE legacy-grid,W599,ME2,-0.5428108181401058,-0.888357097644584,0.34554627950447825
CV-G,gfold_4,G+E+GxE legacy-grid,W599,ME3,-0.3043476868908917,-1.1764452056107613,0.8720975187198696
CV-G,gfold_4,G+E+GxE legacy-grid,W599,ME4,0.3813173830041784,-0.9194833827531609,1.3008007657573393
CV-G,gfold_4,G+E+GxE expanded-grid,W007,ME1,0.6174108165506322,0.6320826141711885,-0.01467179762055626
CV-G,gfold_4,G+E+GxE expanded-grid,W007,ME2,-0.3135924027088055,0.4275225001241151,-0.7411149028329206
CV-G,gfold_4,G+E+GxE expanded-grid,W007,ME3,0.05432570287169062,0.12887975744915897,-0.07455405457746836
CV-G,gfold_4,G+E+GxE expanded-grid,W007,ME4,0.0033538154267226572,0.14808435680749452,-0.14473054138077185
CV-G,gfold_4,G+E+GxE expanded-grid,W010,ME1,-1.0508226637149842,-0.709881608995752,-0.3409410547192322
CV-G,gfold_4,G+E+GxE expanded-grid,W010,ME2,-1.6176229866022003,-0.9326127285902572,-0.685010258011943
CV-G,gfold_4,G+E+GxE expanded-grid,W010,ME3,-1.9872087022480789,-1.0337359257297718,-0.9534727765183071
CV-G,gfold_4,G+E+GxE expanded-grid,W010,ME4,-0.5624036639271369,-0.8970907477892877,0.33468708386215074
CV-G,gfold_4,G+E+GxE expanded-grid,W017,ME1,2.3397128482489933,0.37548089444863436,1.964231953800359
CV-G,gfold_4,G+E+GxE expanded-grid,W017,ME2,-0.1947081725015398,-0.4461083450086686,0.25140017250712876
CV-G,gfold_4,G+E+GxE expanded-grid,W017,ME3,-0.37300951774479224,-0.4221765216507143,0.049167003905922047
CV-G,gfold_4,G+E+GxE expanded-grid,W017,ME4,0.4352593590870711,-0.4440996831195504,0.8793590422066215
CV-G,gfold_4,G+E+GxE expanded-grid,W024,ME1,-0.4015276898443709,-0.21148999964231438,-0.19003769020205655
CV-G,gfold_4,G+E+GxE expanded-grid,W024,ME2,-1.953574569052161,-0.45198022411838085,-1.5015943449337803
CV-G,gfold_4,G+E+GxE expanded-grid,W024,ME3,-1.5283848230729375,-0.5075195258676191,-1.0208652972053185
CV-G,gfold_4,G+E+GxE expanded-grid,W024,ME4,-0.9611117248589154,-0.7663803339287857,-0.1947313909301297
CV-G,gfold_4,G+E+GxE expanded-grid,W025,ME1,-1.127238572450251,-0.760010900227976,-0.3672276722222749
CV-G,gfold_4,G+E+GxE expanded-grid,W025,ME2,-0.23620531902637532,-0.531191932515594,0.29498661348921873
CV-G,gfold_4,G+E+GxE expanded-grid,W025,ME3,0.6009343536133955,-0.5648539415227285,1.165788295136124
CV-G,gfold_4,G+E+GxE expanded-grid,W025,ME4,-1.3375570189371746,-0.5762533642738942,-0.7613036546632804
CV-G,gfold_4,G+E+GxE expanded-grid,W031,ME1,0.9857757284130315,-0.2741732458628384,1.2599489742758698
CV-G,gfold_4,G+E+GxE expanded-grid,W031,ME2,0.3983523126048168,0.4385344050057693,-0.040182092400952496
CV-G,gfold_4,G+E+GxE expanded-grid,W031,ME3,0.9539401226965609,0.27702193364804306,0.6769181890485179
CV-G,gfold_4,G+E+GxE expanded-grid,W031,ME4,0.6522780690475105,-0.49382707952901034,1.1461051485765208
CV-G,gfold_4,G+E+GxE expanded-grid,W034,ME1,0.4341119933699142,0.5115971542715995,-0.07748516090168528
CV-G,gfold_4,G+E+GxE expanded-grid,W034,ME2,-0.3815434263838341,-1.34798478376727,0.966441357383436
CV-G,gfold_4,G+E+GxE expanded-grid,W034,ME3,0.13568266618633773,-1.4364135822072661,1.5720962483936038
CV-G,gfold_4,G+E+GxE expanded-grid,W034,ME4,-0.5413366357880117,-0.769879958751828,0.2285433229638163
CV-G,gfold_4,G+E+GxE expanded-grid,W044,ME1,-1.2752653823375188,0.1402507487099549,-1.4155161310474738
CV-G,gfold_4,G+E+GxE expanded-grid,W044,ME2,-0.035174838721142666,-0.17515499717361377,0.1399801584524711
CV-G,gfold_4,G+E+GxE expanded-grid,W044,ME3,0.8075702288760123,0.03918237487386241,0.7683878540021498
CV-G,gfold_4,G+E+GxE expanded-grid,W044,ME4,-1.2559399849777169,-0.681444239730295,-0.5744957452474219
CV-G,gfold_4,G+E+GxE expanded-grid,W046,ME1,0.409679751421092,0.11715619473619615,0.2925235566848958
CV-G,gfold_4,G+E+GxE expanded-grid,W046,ME2,-0.6993633442320486,-0.8695343615856251,0.17017101735357654
CV-G,gfold_4,G+E+GxE expanded-grid,W046,ME3,-0.6145380025851526,0.3921822675689866,-1.0067202701541391
CV-G,gfold_4,G+E+GxE expanded-grid,W046,ME4,-0.051909766603657696,0.5102095195451412,-0.5621192861487988
CV-G,gfold_4,G+E+GxE expanded-grid,W053,ME1,0.025385017808058567,0.3140657996812298,-0.2886807818731712
CV-G,gfold_4,G+E+GxE expanded-grid,W053,ME2,-0.34734324645090614,-0.013332667132458934,-0.3340105793184472
CV-G,gfold_4,G+E+GxE expanded-grid,W053,ME3,-0.33672323095080087,-0.06583930397527658,-0.27088392697552427
CV-G,gfold_4,G+E+GxE expanded-grid,W053,ME4,-0.6915591784858242,-0.6025165063276983,-0.08904267215812589
CV-G,gfold_4,G+E+GxE expanded-grid,W062,ME1,1.1229709110363206,0.3101504869384778,0.8128204240978428
CV-G,gfold_4,G+E+GxE expanded-grid,W062,ME2,1.043269991340045,0.21744739590030818,0.8258225954397368
CV-G,gfold_4,G+E+GxE expanded-grid,W062,ME3,1.2077920927400025,0.22381145940647534,0.9839806333335273
CV-G,gfold_4,G+E+GxE expanded-grid,W062,ME4,-0.3358583777618871,0.40466186734499127,-0.7405202451068784
CV-G,gfold_4,G+E+GxE expanded-grid,W063,ME1,1.0832603737888356,0.34879386407069146,0.7344665097181441
CV-G,gfold_4,G+E+GxE expanded-grid,W063,ME2,0.9219428911375693,0.022771205786436856,0.8991716853511325
CV-G,gfold_4,G+E+GxE expanded-grid,W063,ME3,0.21655817737173513,0.1142396272695448,0.10231855010219033
CV-G,gfold_4,G+E+GxE expanded-grid,W063,ME4,-0.07550987280880234,0.09545963569942914,-0.17096950850823148
CV-G,gfold_4,G+E+GxE expanded-grid,W067,ME1,-0.8797969700732243,-0.28469713542674446,-0.5950998346464799
CV-G,gfold_4,G+E+GxE expanded-grid,W067,ME2,-0.28198065238220005,-0.082852047699583,-0.19912860468261706
CV-G,gfold_4,G+E+GxE expanded-grid,W067,ME3,-0.6099346445072371,-0.4239626983774515,-0.18597194612978563
CV-G,gfold_4,G+E+GxE expanded-grid,W067,ME4,-2.8990973795108976,-0.982153230158203,-1.9169441493526946
CV-G,gfold_4,G+E+GxE expanded-grid,W070,ME1,0.38118361322811606,-0.051356823125762625,0.4325404363538787
CV-G,gfold_4,G+E+GxE expanded-grid,W070,ME2,-0.45527253375219584,0.024171454739785922,-0.4794439884919818
CV-G,gfold_4,G+E+GxE expanded-grid,W070,ME3,-0.5903218051367416,-0.03236812869326719,-0.5579536764434744
CV-G,gfold_4,G+E+GxE expanded-grid,W070,ME4,0.23840300652789242,0.5852826757963371,-0.34687966926844466
CV-G,gfold_4,G+E+GxE expanded-grid,W073,ME1,0.33457503967041147,0.5561135724881604,-0.22153853281774893
CV-G,gfold_4,G+E+GxE expanded-grid,W073,ME2,-0.2542863541981711,-0.66825066828636,0.41396431408818896
CV-G,gfold_4,G+E+GxE expanded-grid,W073,ME3,-0.9465288085529907,-0.6700946894316113,-0.2764341191213794
CV-G,gfold_4,G+E+GxE expanded-grid,W073,ME4,-1.0614357763369846,-0.34127754883749,-0.7201582274994947
CV-G,gfold_4,G+E+GxE expanded-grid,W079,ME1,-0.13540356645714433,0.35239186088644797,-0.48779542734359227
CV-G,gfold_4,G+E+GxE expanded-grid,W079,ME2,0.17594988418087532,0.049930044006825915,0.1260198401740494
CV-G,gfold_4,G+E+GxE expanded-grid,W079,ME3,1.155178666194431,-0.47647372112577485,1.6316523873202058
CV-G,gfold_4,G+E+GxE expanded-grid,W079,ME4,-0.9842476956420256,-0.35742886169661264,-0.626818833945413
CV-G,gfold_4,G+E+GxE expanded-grid,W080,ME1,-0.40858860776757955,0.042687612920803863,-0.4512762206883834
CV-G,gfold_4,G+E+GxE expanded-grid,W080,ME2,-0.7041984547925146,-0.7674181660148155,0.06321971122230086
CV-G,gfold_4,G+E+GxE expanded-grid,W080,ME3,-0.712061621608296,-0.4359902712675197,-0.2760713503407763
CV-G,gfold_4,G+E+GxE expanded-grid,W080,ME4,-1.2064269621593235,-0.5786372034160115,-0.627789758743312
CV-G,gfold_4,G+E+GxE expanded-grid,W087,ME1,0.8599333942152956,-0.9505133958892394,1.810446790104535
CV-G,gfold_4,G+E+GxE expanded-grid,W087,ME2,-0.27144973095207503,1.167039590540948,-1.438489321493023
CV-G,gfold_4,G+E+GxE expanded-grid,W087,ME3,-0.05258200940753501,1.3923081064002578,-1.444890115807793
CV-G,gfold_4,G+E+GxE expanded-grid,W087,ME4,0.1424056411874335,1.361756178509972,-1.2193505373225386
CV-G,gfold_4,G+E+GxE expanded-grid,W088,ME1,1.4928506218995488,0.35892665102743504,1.1339239708721136
CV-G,gfold_4,G+E+GxE expanded-grid,W088,ME2,-0.19478411664646908,0.04443443630122702,-0.23921855294769612
CV-G,gfold_4,G+E+GxE expanded-grid,W088,ME3,0.020598714238448546,0.5583533755712,-0.5377546613327515
CV-G,gfold_4,G+E+GxE expanded-grid,W088,ME4,0.6437269638991793,0.27877438860785186,0.3649525752913274
CV-G,gfold_4,G+E+GxE expanded-grid,W089,ME1,-0.7229582649230821,-0.9825853253383872,0.25962706041530503
CV-G,gfold_4,G+E+GxE expanded-grid,W089,ME2,-2.8246349253490743,-2.088077773592734,-0.7365571517563403
CV-G,gfold_4,G+E+GxE expanded-grid,W089,ME3,-1.316520546617237,-1.8005665153591484,0.4840459687419114
CV-G,gfold_4,G+E+GxE expanded-grid,W089,ME4,-1.4280240927235608,-0.9819167047004109,-0.44610738802314986
CV-G,gfold_4,G+E+GxE expanded-grid,W090,ME1,-0.6055287660363904,0.38654048380467926,-0.9920692498410697
CV-G,gfold_4,G+E+GxE expanded-grid,W090,ME2,-0.32331958193843435,-0.07750453961783696,-0.2458150423205974
CV-G,gfold_4,G+E+GxE expanded-grid,W090,ME3,0.9570484452152278,-0.03437573133143052,0.9914241765466584
CV-G,gfold_4,G+E+GxE expanded-grid,W090,ME4,-1.1133560099883029,-0.35841254893352065,-0.7549434610547823
CV-G,gfold_4,G+E+GxE expanded-grid,W094,ME1,1.2993228334229248,0.577580080756247,0.7217427526666778
CV-G,gfold_4,G+E+GxE expanded-grid,W094,ME2,0.12579510513415798,0.483213880207476,-0.35741877507331804
CV-G,gfold_4,G+E+GxE expanded-grid,W094,ME3,0.04509364713010937,0.836807637673,-0.7917139905428907
CV-G,gfold_4,G+E+GxE expanded-grid,W094,ME4,0.13394893646392358,0.8677242694071913,-0.7337753329432677
CV-G,gfold_4,G+E+GxE expanded-grid,W097,ME1,0.41013581993747006,0.6262001306621856,-0.21606431072471555
CV-G,gfold_4,G+E+GxE expanded-grid,W097,ME2,-0.3978334454710586,-1.254647343628632,0.8568138981575735
CV-G,gfold_4,G+E+GxE expanded-grid,W097,ME3,-0.6868571803156359,-1.0668350764187866,0.3799778961031507
CV-G,gfold_4,G+E+GxE expanded-grid,W097,ME4,-0.4001136002564273,-0.69151947395615,0.2914058736997227
CV-G,gfold_4,G+E+GxE expanded-grid,W099,ME1,0.5299678226157947,-0.22150775843967638,0.7514755810554711
CV-G,gfold_4,G+E+GxE expanded-grid,W099,ME2,-0.1884870812961242,0.2971939463904254,-0.48568102768654964
CV-G,gfold_4,G+E+GxE expanded-grid,W099,ME3,-0.6989357161897987,0.5755907755206265,-1.274526491710425
CV-G,gfold_4,G+E+GxE expanded-grid,W099,ME4,-1.2921189477902029,0.04884797061173843,-1.3409669184019413
CV-G,gfold_4,G+E+GxE expanded-grid,W105,ME1,0.6205218553587818,-0.42077116669825576,1.0412930220570376
CV-G,gfold_4,G+E+GxE expanded-grid,W105,ME2,-0.0716596716806794,-0.4946862975515315,0.4230266258708521
CV-G,gfold_4,G+E+GxE expanded-grid,W105,ME3,0.46307011407626053,-0.405924954792489,0.8689950688687496
CV-G,gfold_4,G+E+GxE expanded-grid,W105,ME4,0.5019375258186719,-0.33128910283096463,0.8332266286496366
CV-G,gfold_4,G+E+GxE expanded-grid,W112,ME1,0.7907575731775291,-0.21615767547808057,1.0069152486556097
CV-G,gfold_4,G+E+GxE expanded-grid,W112,ME2,-0.26957644204383174,-0.5422199008348876,0.27264345879105584
CV-G,gfold_4,G+E+GxE expanded-grid,W112,ME3,-0.14410859313651292,-0.6794819210281415,0.5353733278916286
CV-G,gfold_4,G+E+GxE expanded-grid,W112,ME4,-0.00245967740181196,-0.8310264450933568,0.8285667676915448
CV-G,gfold_4,G+E+GxE expanded-grid,W125,ME1,1.0141497053962651,0.6517652430051784,0.3623844623910868
CV-G,gfold_4,G+E+GxE expanded-grid,W125,ME2,0.43950138179872955,-0.3174081395458382,0.7569095213445678
CV-G,gfold_4,G+E+GxE expanded-grid,W125,ME3,-0.34899603698238185,-0.4153314358917796,0.06633539890939777
CV-G,gfold_4,G+E+GxE expanded-grid,W125,ME4,0.4416313877624592,0.5178357866510375,-0.07620439888857827
CV-G,gfold_4,G+E+GxE expanded-grid,W143,ME1,-0.7254747858438096,-0.25194730151720585,-0.4735274843266038
CV-G,gfold_4,G+E+GxE expanded-grid,W143,ME2,-2.721002810915005,-0.025448903254903385,-2.6955539076601016
CV-G,gfold_4,G+E+GxE expanded-grid,W143,ME3,-2.1099029764495496,0.5027121744940658,-2.6126151509436153
CV-G,gfold_4,G+E+GxE expanded-grid,W143,ME4,-1.9721402746873031,0.7379398950094341,-2.710080169696737
CV-G,gfold_4,G+E+GxE expanded-grid,W150,ME1,0.03753598613727311,-0.553123959471198,0.5906599456084711
CV-G,gfold_4,G+E+GxE expanded-grid,W150,ME2,-2.2598003474412476,-1.123409424431124,-1.1363909230101237
CV-G,gfold_4,G+E+GxE expanded-grid,W150,ME3,-1.2722860764263308,-0.649558427530727,-0.6227276488956038
CV-G,gfold_4,G+E+GxE expanded-grid,W150,ME4,-0.6872482257523514,-0.14658623991818545,-0.540661985834166
CV-G,gfold_4,G+E+GxE expanded-grid,W153,ME1,1.725315259961947,0.44047935299122704,1.28483590697072
CV-G,gfold_4,G+E+GxE expanded-grid,W153,ME2,-0.3121494639551593,0.3592242940461979,-0.6713737580013572
CV-G,gfold_4,G+E+GxE expanded-grid,W153,ME3,-0.9093640827863332,0.5085152823774524,-1.4178793651637855
CV-G,gfold_4,G+E+GxE expanded-grid,W153,ME4,-0.08753806027135781,0.20351995921445562,-0.29105801948581345
CV-G,gfold_4,G+E+GxE expanded-grid,W158,ME1,-0.43877871473567476,0.5086479660960774,-0.9474266808317522
CV-G,gfold_4,G+E+GxE expanded-grid,W158,ME2,-0.9264806383203201,0.25584637835174345,-1.1823270166720636
CV-G,gfold_4,G+E+GxE expanded-grid,W158,ME3,-0.6064124420879877,0.4335126710372372,-1.039925113125225
CV-G,gfold_4,G+E+GxE expanded-grid,W158,ME4,-0.09425622383775488,-0.2700089702185144,0.1757527463807595
CV-G,gfold_4,G+E+GxE expanded-grid,W159,ME1,-0.45084824225839343,0.04676366271659464,-0.4976119049749881
CV-G,gfold_4,G+E+GxE expanded-grid,W159,ME2,-2.3468196801721457,-0.8490134647237707,-1.497806215448375
CV-G,gfold_4,G+E+GxE expanded-grid,W159,ME3,-1.3606874445794765,-0.7083497078808548,-0.6523377366986217
CV-G,gfold_4,G+E+GxE expanded-grid,W159,ME4,-1.7754727229777658,-0.5291778837673676,-1.2462948392103983
CV-G,gfold_4,G+E+GxE expanded-grid,W160,ME1,0.17598535718060326,0.3629182236176433,-0.18693286643704005
CV-G,gfold_4,G+E+GxE expanded-grid,W160,ME2,-2.017728385480751,-0.27708778221990676,-1.7406406032608441
CV-G,gfold_4,G+E+GxE expanded-grid,W160,ME3,-1.211749806069595,-0.14050758525724688,-1.0712422208123482
CV-G,gfold_4,G+E+GxE expanded-grid,W160,ME4,-0.46173347755805894,0.3597507034182885,-0.8214841809763475
CV-G,gfold_4,G+E+GxE expanded-grid,W164,ME1,0.2006456333876131,0.2568238610652598,-0.056178227677646686
CV-G,gfold_4,G+E+GxE expanded-grid,W164,ME2,-0.9798250714540458,0.008093497378026405,-0.9879185688320723
CV-G,gfold_4,G+E+GxE expanded-grid,W164,ME3,-0.7725303197363654,-0.15681963199244597,-0.6157106877439195
CV-G,gfold_4,G+E+GxE expanded-grid,W164,ME4,-0.9345694720801964,-0.3764151806829915,-0.5581542913972048
CV-G,gfold_4,G+E+GxE expanded-grid,W165,ME1,-0.14388155441338457,0.2482114549718999,-0.39209300938528446
CV-G,gfold_4,G+E+GxE expanded-grid,W165,ME2,-2.1210187512626404,0.18330231439136666,-2.304321065654007
CV-G,gfold_4,G+E+GxE expanded-grid,W165,ME3,-0.35684286203629667,0.3026676761639508,-0.6595105382002475
CV-G,gfold_4,G+E+GxE expanded-grid,W165,ME4,-2.676469710975702,0.4350218305848644,-3.111491541560566
CV-G,gfold_4,G+E+GxE expanded-grid,W167,ME1,0.3232629116481066,-0.284783189007863,0.6080461006559696
CV-G,gfold_4,G+E+GxE expanded-grid,W167,ME2,-0.5789285877324871,-0.9044385450849177,0.3255099573524306
CV-G,gfold_4,G+E+GxE expanded-grid,W167,ME3,-0.6482480981612279,-0.5136418998767703,-0.13460619828445752
CV-G,gfold_4,G+E+GxE expanded-grid,W167,ME4,-0.4132195259023508,-0.0924777641062963,-0.3207417617960545
CV-G,gfold_4,G+E+GxE expanded-grid,W184,ME1,0.6420385164350464,0.38325817940013446,0.25878033703491193
CV-G,gfold_4,G+E+GxE expanded-grid,W184,ME2,-0.6595875983255989,0.09538885109548084,-0.7549764494210798
CV-G,gfold_4,G+E+GxE expanded-grid,W184,ME3,0.5654335939776535,0.17561994480097498,0.3898136491766785
CV-G,gfold_4,G+E+GxE expanded-grid,W184,ME4,-0.04531747027035415,0.2654478507834093,-0.3107653210537635
CV-G,gfold_4,G+E+GxE expanded-grid,W187,ME1,1.4995124798709274,0.2683523049938319,1.2311601748770955
CV-G,gfold_4,G+E+GxE expanded-grid,W187,ME2,0.3381222769975478,0.20831867134045048,0.12980360565709734
CV-G,gfold_4,G+E+GxE expanded-grid,W187,ME3,-0.6477075203318948,-0.4101944934790861,-0.23751302685280873
CV-G,gfold_4,G+E+GxE expanded-grid,W187,ME4,-1.294290157561076,-0.0091570952345509,-1.285133062326525
CV-G,gfold_4,G+E+GxE expanded-grid,W202,ME1,0.10798228375637937,0.2759951895500758,-0.16801290579369643
CV-G,gfold_4,G+E+GxE expanded-grid,W202,ME2,1.6505826609780379,-0.07509934573527906,1.725682006713317
CV-G,gfold_4,G+E+GxE expanded-grid,W202,ME3,1.6463443033151486,0.19153223786515985,1.4548120654499888
CV-G,gfold_4,G+E+GxE expanded-grid,W202,ME4,0.23480005698057385,0.25980554523342364,-0.02500548825284979
CV-G,gfold_4,G+E+GxE expanded-grid,W205,ME1,-1.688113262708076,-0.7111666063022546,-0.9769466564058213
CV-G,gfold_4,G+E+GxE expanded-grid,W205,ME2,-1.3984988137676844,-1.1513995750566117,-0.24709923871107264
CV-G,gfold_4,G+E+GxE expanded-grid,W205,ME3,-1.1770768062350196,-0.9976237671578823,-0.1794530390771374
CV-G,gfold_4,G+E+GxE expanded-grid,W205,ME4,-0.902315993599832,-0.6174637454679811,-0.28485224813185084
CV-G,gfold_4,G+E+GxE expanded-grid,W207,ME1,-0.6828323795624641,0.4315715010815314,-1.1144038806439955
CV-G,gfold_4,G+E+GxE expanded-grid,W207,ME2,-0.6054837237425847,-0.2965282351157022,-0.30895548862688255
CV-G,gfold_4,G+E+GxE expanded-grid,W207,ME3,-0.13213986213393236,0.00885185397572667,-0.14099171610965902
CV-G,gfold_4,G+E+GxE expanded-grid,W207,ME4,-0.9421057726617056,-0.4922615991458829,-0.4498441735158227
CV-G,gfold_4,G+E+GxE expanded-grid,W208,ME1,0.15941215305865145,0.3041076630796378,-0.14469551002098638
CV-G,gfold_4,G+E+GxE expanded-grid,W208,ME2,-1.6664867151851284,0.33476415764862294,-2.0012508728337512
CV-G,gfold_4,G+E+GxE expanded-grid,W208,ME3,-0.6866544636296353,0.32760644200648237,-1.0142609056361178
CV-G,gfold_4,G+E+GxE expanded-grid,W208,ME4,-0.20606566033566145,0.21877667866129713,-0.42484233899695856
CV-G,gfold_4,G+E+GxE expanded-grid,W211,ME1,-0.1524898476600194,-0.061094874139941635,-0.09139497352007778
CV-G,gfold_4,G+E+GxE expanded-grid,W211,ME2,1.6467348243016455,0.5850693087884713,1.0616655155131742
CV-G,gfold_4,G+E+GxE expanded-grid,W211,ME3,1.7548568560252062,0.5423391678759771,1.2125176881492292
CV-G,gfold_4,G+E+GxE expanded-grid,W211,ME4,-0.0867513900645187,0.5933488582106375,-0.6801002482751562
CV-G,gfold_4,G+E+GxE expanded-grid,W218,ME1,0.6100892880466359,0.2795474366232489,0.330541851423387
CV-G,gfold_4,G+E+GxE expanded-grid,W218,ME2,0.298517405417187,0.27161413697104736,0.02690326844613966
CV-G,gfold_4,G+E+GxE expanded-grid,W218,ME3,0.2319984316220647,-0.2919746746222987,0.5239731062443634
CV-G,gfold_4,G+E+GxE expanded-grid,W218,ME4,0.5117709034041489,-0.1861057620468858,0.6978766654510347
CV-G,gfold_4,G+E+GxE expanded-grid,W223,ME1,0.07968974757964321,-0.0025351166815680446,0.08222486426121126
CV-G,gfold_4,G+E+GxE expanded-grid,W223,ME2,-0.08191213124606374,-0.1289569188645409,0.04704478761847715
CV-G,gfold_4,G+E+GxE expanded-grid,W223,ME3,0.16245816179549796,-0.5165531711258009,0.6790113329212989
CV-G,gfold_4,G+E+GxE expanded-grid,W223,ME4,-0.12370915638177525,-0.3694459874803966,0.24573683109862132
CV-G,gfold_4,G+E+GxE expanded-grid,W236,ME1,1.404014990173629,0.39332432362643666,1.0106906665471924
CV-G,gfold_4,G+E+GxE expanded-grid,W236,ME2,2.2013865581102707,0.10929907271400219,2.0920874853962683
CV-G,gfold_4,G+E+GxE expanded-grid,W236,ME3,-0.05764992655753401,0.1238401313362384,-0.18149005789377243
CV-G,gfold_4,G+E+GxE expanded-grid,W236,ME4,1.606949565258014,0.31247682400433124,1.2944727412536827
CV-G,gfold_4,G+E+GxE expanded-grid,W240,ME1,1.3316222572792678,0.5088059003578451,0.8228163569214226
CV-G,gfold_4,G+E+GxE expanded-grid,W240,ME2,1.831165180261196,-0.407534973537076,2.238700153798272
CV-G,gfold_4,G+E+GxE expanded-grid,W240,ME3,0.24719373654347795,-0.10081780044125603,0.34801153698473397
CV-G,gfold_4,G+E+GxE expanded-grid,W240,ME4,1.6399897139452146,0.3109376073321326,1.329052106613082
CV-G,gfold_4,G+E+GxE expanded-grid,W241,ME1,1.4679623114343485,0.44140571258276223,1.0265565988515863
CV-G,gfold_4,G+E+GxE expanded-grid,W241,ME2,2.3226883435977705,-0.022198585910971715,2.3448869295087422
CV-G,gfold_4,G+E+GxE expanded-grid,W241,ME3,0.6970896350060393,0.05794681630795802,0.6391428186980812
CV-G,gfold_4,G+E+GxE expanded-grid,W241,ME4,0.999640165578963,0.31938653181667565,0.6802536337622873
CV-G,gfold_4,G+E+GxE expanded-grid,W245,ME1,0.8245799401153493,0.1706821681523291,0.6538977719630202
CV-G,gfold_4,G+E+GxE expanded-grid,W245,ME2,1.390265118198401,0.054553995719653046,1.335711122478748
CV-G,gfold_4,G+E+GxE expanded-grid,W245,ME3,0.6879504910788741,0.0878123231210229,0.6001381679578511
CV-G,gfold_4,G+E+GxE expanded-grid,W245,ME4,0.3026503623203639,-0.3573820656180522,0.6600324279384161
CV-G,gfold_4,G+E+GxE expanded-grid,W246,ME1,1.3000069361974917,0.3233179416571857,0.9766889945403061
CV-G,gfold_4,G+E+GxE expanded-grid,W246,ME2,0.5598158934021549,0.24083461658925479,0.3189812768129001
CV-G,gfold_4,G+E+GxE expanded-grid,W246,ME3,0.9199935243201531,0.15627517505564276,0.7637183492645103
CV-G,gfold_4,G+E+GxE expanded-grid,W246,ME4,0.80577315980577,0.3349441067992715,0.4708290530064985
CV-G,gfold_4,G+E+GxE expanded-grid,W248,ME1,-0.6659415562951781,0.2764157795747283,-0.9423573358699064
CV-G,gfold_4,G+E+GxE expanded-grid,W248,ME2,0.5778209844290203,0.3423441078689698,0.2354768765600505
CV-G,gfold_4,G+E+GxE expanded-grid,W248,ME3,0.5500524654274072,0.11343261951386822,0.4366198459135389
CV-G,gfold_4,G+E+GxE expanded-grid,W248,ME4,-0.12229315000946639,-0.5967629388462242,0.47446978883675783
CV-G,gfold_4,G+E+GxE expanded-grid,W253,ME1,1.4390019606443423,0.3541860764296914,1.084815884214651
CV-G,gfold_4,G+E+GxE expanded-grid,W253,ME2,2.4397752290417216,0.5367967649446751,1.9029784640970466
CV-G,gfold_4,G+E+GxE expanded-grid,W253,ME3,0.016831562490282094,0.3604495426669809,-0.3436179801766988
CV-G,gfold_4,G+E+GxE expanded-grid,W253,ME4,1.5219891829194936,0.20478683634125472,1.317202346578239
CV-G,gfold_4,G+E+GxE expanded-grid,W258,ME1,0.46397633711202585,0.2614578470973056,0.20251849001472028
CV-G,gfold_4,G+E+GxE expanded-grid,W258,ME2,-0.7187860592975854,-0.4627267791546025,-0.25605928014298296
CV-G,gfold_4,G+E+GxE expanded-grid,W258,ME3,-1.4529404297666215,-0.6267201468961394,-0.8262202828704821
CV-G,gfold_4,G+E+GxE expanded-grid,W258,ME4,-0.8104879803556154,0.5243945918651851,-1.3348825722208004
CV-G,gfold_4,G+E+GxE expanded-grid,W264,ME1,0.556664118985209,-0.34207626030753324,0.8987403792927422
CV-G,gfold_4,G+E+GxE expanded-grid,W264,ME2,0.045212038685974426,-0.12302062107820741,0.16823265976418184
CV-G,gfold_4,G+E+GxE expanded-grid,W264,ME3,-1.4951815192118618,-0.4028464982579714,-1.0923350209538905
CV-G,gfold_4,G+E+GxE expanded-grid,W264,ME4,-0.5063140781795771,-0.11331285400519117,-0.3930012241743859
CV-G,gfold_4,G+E+GxE expanded-grid,W267,ME1,0.5231512271120737,0.3482857483586646,0.17486547875340913
CV-G,gfold_4,G+E+GxE expanded-grid,W267,ME2,0.3420903585700772,0.2544869192853376,0.08760343928473957
CV-G,gfold_4,G+E+GxE expanded-grid,W267,ME3,0.7941824810714333,0.284781962649896,0.5094005184215373
CV-G,gfold_4,G+E+GxE expanded-grid,W267,ME4,0.2971830043828389,0.3885853085328136,-0.09140230414997469
CV-G,gfold_4,G+E+GxE expanded-grid,W268,ME1,1.1476311872433334,0.3415089928196769,0.8061221944236565
CV-G,gfold_4,G+E+GxE expanded-grid,W268,ME2,1.7299063203561518,-0.12977194418688748,1.8596782645430392
CV-G,gfold_4,G+E+GxE expanded-grid,W268,ME3,-0.31718641033755546,0.023125787594057392,-0.3403121979316128
CV-G,gfold_4,G+E+GxE expanded-grid,W268,ME4,1.1852943343927658,0.39518879706372323,0.7901055373290425
CV-G,gfold_4,G+E+GxE expanded-grid,W272,ME1,-0.45474925688955536,-0.502229891717581,0.04748063482802567
CV-G,gfold_4,G+E+GxE expanded-grid,W272,ME2,-0.06924844507918962,-0.6187174891863897,0.5494690441072001
CV-G,gfold_4,G+E+GxE expanded-grid,W272,ME3,-0.03768233298653844,-0.6122408503476614,0.574558517361123
CV-G,gfold_4,G+E+GxE expanded-grid,W272,ME4,1.5786294378118395,-0.5173640250677396,2.095993462879579
CV-G,gfold_4,G+E+GxE expanded-grid,W273,ME1,-0.7698518813035222,-0.09301359160192968,-0.6768382897015925
CV-G,gfold_4,G+E+GxE expanded-grid,W273,ME2,-1.5513047620431406,-0.17633503969867398,-1.3749697223444666
CV-G,gfold_4,G+E+GxE expanded-grid,W273,ME3,-0.5423624158405863,-0.03404106958385267,-0.5083213462567336
CV-G,gfold_4,G+E+GxE expanded-grid,W273,ME4,-1.4516241989287055,0.18710654172201707,-1.6387307406507226
CV-G,gfold_4,G+E+GxE expanded-grid,W276,ME1,-0.001987237255272065,-0.5420750909814271,0.5400878537261551
CV-G,gfold_4,G+E+GxE expanded-grid,W276,ME2,-1.794326025815247,0.32902733776875376,-2.1233533635840005
CV-G,gfold_4,G+E+GxE expanded-grid,W276,ME3,-0.6416091266947295,-0.19719567934094245,-0.444413447353787
CV-G,gfold_4,G+E+GxE expanded-grid,W276,ME4,-0.6020203755435065,0.17901766075241057,-0.7810380362959171
CV-G,gfold_4,G+E+GxE expanded-grid,W277,ME1,-0.5857956586223904,0.33476933338472525,-0.9205649920071156
CV-G,gfold_4,G+E+GxE expanded-grid,W277,ME2,-1.1958102196315052,-0.8355170815163246,-0.3602931381151806
CV-G,gfold_4,G+E+GxE expanded-grid,W277,ME3,-1.162278488157023,0.0023896644423714976,-1.1646681525993945
CV-G,gfold_4,G+E+GxE expanded-grid,W277,ME4,-0.21065194764152748,-0.6825721133637545,0.47192016572222695
CV-G,gfold_4,G+E+GxE expanded-grid,W280,ME1,-0.1259401447422998,-0.0345918168166901,-0.0913483279256097
CV-G,gfold_4,G+E+GxE expanded-grid,W280,ME2,-0.26238073431182996,-0.10059444696351358,-0.16178628734831638
CV-G,gfold_4,G+E+GxE expanded-grid,W280,ME3,0.5939068418320628,-0.09789449539695608,0.6918013372290188
CV-G,gfold_4,G+E+GxE expanded-grid,W280,ME4,-1.5487937028773537,-0.5376136344808815,-1.0111800683964722
CV-G,gfold_4,G+E+GxE expanded-grid,W291,ME1,0.9183020202310339,-0.1448482790541827,1.0631502992852166
CV-G,gfold_4,G+E+GxE expanded-grid,W291,ME2,-1.7677455750901723,-0.3497305269443909,-1.4180150481457814
CV-G,gfold_4,G+E+GxE expanded-grid,W291,ME3,-0.8569956055696786,0.020063728426207617,-0.8770593339958862
CV-G,gfold_4,G+E+GxE expanded-grid,W291,ME4,-0.5587535141674078,-0.356469874122296,-0.2022836400451118
CV-G,gfold_4,G+E+GxE expanded-grid,W292,ME1,1.0085221456673867,-0.10365686545954134,1.112179011126928
CV-G,gfold_4,G+E+GxE expanded-grid,W292,ME2,-0.2828350240126491,-0.0753533233726777,-0.2074817006399714
CV-G,gfold_4,G+E+GxE expanded-grid,W292,ME3,-0.610846869594237,0.0004152393191604589,-0.6112621089133974
CV-G,gfold_4,G+E+GxE expanded-grid,W292,ME4,0.08500231619445406,0.14423746790737926,-0.059235151712925205
CV-G,gfold_4,G+E+GxE expanded-grid,W295,ME1,0.1308834385430769,0.301526031078711,-0.1706425925356341
CV-G,gfold_4,G+E+GxE expanded-grid,W295,ME2,0.7316585073397596,-0.07756034095986666,0.8092188482996262
CV-G,gfold_4,G+E+GxE expanded-grid,W295,ME3,0.9363037710145666,-0.12116727498289052,1.0574710459974572
CV-G,gfold_4,G+E+GxE expanded-grid,W295,ME4,-1.4162240396209889,-0.6884726495527299,-0.727751390068259
CV-G,gfold_4,G+E+GxE expanded-grid,W296,ME1,0.06292922960275023,0.1405128677946687,-0.07758363819191848
CV-G,gfold_4,G+E+GxE expanded-grid,W296,ME2,-0.5341785003332004,-0.010432967176038538,-0.5237455331571618
CV-G,gfold_4,G+E+GxE expanded-grid,W296,ME3,-0.25608422256573676,0.19725862765757102,-0.4533428502233078
CV-G,gfold_4,G+E+GxE expanded-grid,W296,ME4,-0.05135123075680209,-0.23518064317017628,0.1838294124133742
CV-G,gfold_4,G+E+GxE expanded-grid,W305,ME1,-1.474013526510542,0.17641407697695616,-1.6504276034874983
CV-G,gfold_4,G+E+GxE expanded-grid,W305,ME2,-0.9100577169794701,-0.11668820209678278,-0.7933695148826874
CV-G,gfold_4,G+E+GxE expanded-grid,W305,ME3,-0.8350346312530166,0.08615858897481721,-0.9211932202278338
CV-G,gfold_4,G+E+GxE expanded-grid,W305,ME4,1.0720138246080724,-0.15631853617767394,1.2283323607857464
CV-G,gfold_4,G+E+GxE expanded-grid,W309,ME1,1.1562231923286694,0.792592786032539,0.3636304062961304
CV-G,gfold_4,G+E+GxE expanded-grid,W309,ME2,0.47954926089117506,-0.09886998509546285,0.578419245986638
CV-G,gfold_4,G+E+GxE expanded-grid,W309,ME3,0.20164160789357255,-0.6299652844304866,0.8316068923240592
CV-G,gfold_4,G+E+GxE expanded-grid,W309,ME4,-3.5756337573917047,-0.6306889611591502,-2.9449447962325546
CV-G,gfold_4,G+E+GxE expanded-grid,W313,ME1,0.10518072001291338,0.1663957371538498,-0.061215017140936426
CV-G,gfold_4,G+E+GxE expanded-grid,W313,ME2,-0.20317594466109895,-0.4866614683930265,0.28348552373192754
CV-G,gfold_4,G+E+GxE expanded-grid,W313,ME3,-0.4575930549782728,-0.492720249179209,0.035127194200936185
CV-G,gfold_4,G+E+GxE expanded-grid,W313,ME4,0.21611663956816807,-0.2424059932864125,0.45852263285458056
CV-G,gfold_4,G+E+GxE expanded-grid,W318,ME1,0.09478072902336472,0.6109413909834971,-0.5161606619601323
CV-G,gfold_4,G+E+GxE expanded-grid,W318,ME2,0.25946312888756146,-0.6696441327414873,0.9291072616290488
CV-G,gfold_4,G+E+GxE expanded-grid,W318,ME3,0.08440379115693365,-0.6484147479997956,0.7328185391567292
CV-G,gfold_4,G+E+GxE expanded-grid,W318,ME4,-1.6941782238031122,-0.37726809154126234,-1.31691013226185
CV-G,gfold_4,G+E+GxE expanded-grid,W326,ME1,-0.39023184998336463,0.4297714199402804,-0.820003269923645
CV-G,gfold_4,G+E+GxE expanded-grid,W326,ME2,-0.20335314766593282,-0.42188527011627047,0.21853212245033765
CV-G,gfold_4,G+E+GxE expanded-grid,W326,ME3,0.26059837740522446,-0.17933866254188832,0.43993703994711275
CV-G,gfold_4,G+E+GxE expanded-grid,W326,ME4,-0.8870703249913088,-0.5786855555778849,-0.30838476941342385
CV-G,gfold_4,G+E+GxE expanded-grid,W327,ME1,0.2115098369741906,0.08851782365237718,0.12299201332181342
CV-G,gfold_4,G+E+GxE expanded-grid,W327,ME2,0.8295694961891933,-0.7433771785719879,1.572946674761181
CV-G,gfold_4,G+E+GxE expanded-grid,W327,ME3,1.1601874576443458,-0.4819359398496075,1.6421233974939533
CV-G,gfold_4,G+E+GxE expanded-grid,W327,ME4,-0.33822625508446974,-0.8162542275840909,0.4780279724996212
CV-G,gfold_4,G+E+GxE expanded-grid,W329,ME1,-1.657556672110748,-0.2514384984026516,-1.4061181737080963
CV-G,gfold_4,G+E+GxE expanded-grid,W329,ME2,-0.2708042057201801,-0.6365400793673173,0.36573587364713717
CV-G,gfold_4,G+E+GxE expanded-grid,W329,ME3,-0.6632491329252244,-0.3637298318095525,-0.2995193011156719
CV-G,gfold_4,G+E+GxE expanded-grid,W329,ME4,-2.213388427018358,-0.8568747479197003,-1.3565136790986578
CV-G,gfold_4,G+E+GxE expanded-grid,W336,ME1,-0.3008831411765201,0.7394786887001459,-1.040361829876666
CV-G,gfold_4,G+E+GxE expanded-grid,W336,ME2,0.746284083917295,-0.3974316535599734,1.1437157374772684
CV-G,gfold_4,G+E+GxE expanded-grid,W336,ME3,0.38925590078652716,-0.8432394025914032,1.2324953033779305
CV-G,gfold_4,G+E+GxE expanded-grid,W336,ME4,-1.4660438638200486,-0.13235007407201024,-1.3336937897480383
CV-G,gfold_4,G+E+GxE expanded-grid,W348,ME1,0.9668733172252935,0.2470407872727557,0.7198325299525378
CV-G,gfold_4,G+E+GxE expanded-grid,W348,ME2,0.07469102427583192,-0.23885108611857184,0.3135421103944038
CV-G,gfold_4,G+E+GxE expanded-grid,W348,ME3,-0.9414608914029917,-0.523811670044744,-0.41764922135824767
CV-G,gfold_4,G+E+GxE expanded-grid,W348,ME4,-0.07495133696194672,0.3676379535825441,-0.4425892905444908
CV-G,gfold_4,G+E+GxE expanded-grid,W350,ME1,-0.3812652171881476,-0.5439199149894709,0.1626546978013233
CV-G,gfold_4,G+E+GxE expanded-grid,W350,ME2,-1.5057382750858699,-0.5317835402683111,-0.9739547348175588
CV-G,gfold_4,G+E+GxE expanded-grid,W350,ME3,-0.9879167986113145,-0.4436517283675741,-0.5442650702437404
CV-G,gfold_4,G+E+GxE expanded-grid,W350,ME4,0.36951732990160646,-0.03562358023210592,0.4051409101337124
CV-G,gfold_4,G+E+GxE expanded-grid,W351,ME1,0.9022093168674095,0.19299162736464745,0.709217689502762
CV-G,gfold_4,G+E+GxE expanded-grid,W351,ME2,-0.601920677609676,-0.46152218935495093,-0.14039848825472512
CV-G,gfold_4,G+E+GxE expanded-grid,W351,ME3,-1.386314212301304,-0.0453669898770121,-1.3409472224242918
CV-G,gfold_4,G+E+GxE expanded-grid,W351,ME4,-0.5213866793425955,-0.3216884231517062,-0.19969825619088932
CV-G,gfold_4,G+E+GxE expanded-grid,W371,ME1,0.2933089830188497,0.21632264852554534,0.07698633449330439
CV-G,gfold_4,G+E+GxE expanded-grid,W371,ME2,-0.6237862626704211,-0.17382472136137456,-0.4499615413090466
CV-G,gfold_4,G+E+GxE expanded-grid,W371,ME3,-0.3055555404783089,-0.14703439968247586,-0.15852114079583304
CV-G,gfold_4,G+E+GxE expanded-grid,W371,ME4,-0.3424192072869176,-0.20038742856496178,-0.14203177872195583
CV-G,gfold_4,G+E+GxE expanded-grid,W380,ME1,-0.7226813661809958,0.7741198464119466,-1.4968012125929424
CV-G,gfold_4,G+E+GxE expanded-grid,W380,ME2,-1.3392054226145362,-1.0186838542508179,-0.32052156836371837
CV-G,gfold_4,G+E+GxE expanded-grid,W380,ME3,-1.7157288270512268,-1.2381799127148267,-0.4775489143364
CV-G,gfold_4,G+E+GxE expanded-grid,W380,ME4,-0.7243161258985648,-0.7181147032290911,-0.006201422669473655
CV-G,gfold_4,G+E+GxE expanded-grid,W382,ME1,-0.05317278413805646,1.3602776940651649,-1.4134504782032213
CV-G,gfold_4,G+E+GxE expanded-grid,W382,ME2,-1.2624891788789776,0.06659688798180796,-1.3290860668607856
CV-G,gfold_4,G+E+GxE expanded-grid,W382,ME3,-1.1322426325146966,0.0255914217555411,-1.1578340542702377
CV-G,gfold_4,G+E+GxE expanded-grid,W382,ME4,-1.4662326646696904,0.703125359492486,-2.169358024162176
CV-G,gfold_4,G+E+GxE expanded-grid,W385,ME1,-0.0389206430012417,-0.07741950000393923,0.03849885700269753
CV-G,gfold_4,G+E+GxE expanded-grid,W385,ME2,-1.200873162626758,0.19211122588724186,-1.3929843885139999
CV-G,gfold_4,G+E+GxE expanded-grid,W385,ME3,-0.958353948569655,-0.004323533958751465,-0.9540304146109034
CV-G,gfold_4,G+E+GxE expanded-grid,W385,ME4,-0.47114991993391137,-0.11029908205684878,-0.36085083787706257
CV-G,gfold_4,G+E+GxE expanded-grid,W387,ME1,1.2658669501143358,-0.3154379233481132,1.581304873462449
CV-G,gfold_4,G+E+GxE expanded-grid,W387,ME2,1.8712447027473609,0.1974400575603741,1.6738046451869868
CV-G,gfold_4,G+E+GxE expanded-grid,W387,ME3,0.34203135947712243,-0.5946463473771724,0.9366777068542949
CV-G,gfold_4,G+E+GxE expanded-grid,W387,ME4,0.9272665065498537,-0.07132838780794515,0.9985948943577988
CV-G,gfold_4,G+E+GxE expanded-grid,W402,ME1,0.05677230463164708,0.5361058617920296,-0.4793335571603825
CV-G,gfold_4,G+E+GxE expanded-grid,W402,ME2,-0.8668138551212717,0.23544184447187452,-1.1022556995931463
CV-G,gfold_4,G+E+GxE expanded-grid,W402,ME3,-0.3630764001307948,0.3805247154917403,-0.7436011156225351
CV-G,gfold_4,G+E+GxE expanded-grid,W402,ME4,-0.3931987691383198,0.1719759756574224,-0.5651747447957423
CV-G,gfold_4,G+E+GxE expanded-grid,W408,ME1,0.7120938981829689,0.08897094985493226,0.6231229483280366
CV-G,gfold_4,G+E+GxE expanded-grid,W408,ME2,0.70710956249153,-0.507456015548545,1.214565578040075
CV-G,gfold_4,G+E+GxE expanded-grid,W408,ME3,0.37231216444836523,0.32785791774508255,0.044454246703282685
CV-G,gfold_4,G+E+GxE expanded-grid,W408,ME4,0.6167913760170415,-0.3461546361465156,0.9629460121635571
CV-G,gfold_4,G+E+GxE expanded-grid,W409,ME1,-1.2779936493551367,-1.0804127269785737,-0.197580922376563
CV-G,gfold_4,G+E+GxE expanded-grid,W409,ME2,0.5551643145252666,0.5940110080695647,-0.03884669354429815
CV-G,gfold_4,G+E+GxE expanded-grid,W409,ME3,-0.41193112145678373,-0.2465960886597188,-0.16533503279706493
CV-G,gfold_4,G+E+GxE expanded-grid,W409,ME4,-1.0401956807523545,-0.5793835347375332,-0.46081214601482123
CV-G,gfold_4,G+E+GxE expanded-grid,W439,ME1,0.04300880833381053,0.741135698810419,-0.6981268904766085
CV-G,gfold_4,G+E+GxE expanded-grid,W439,ME2,1.0807357695049118,-0.29336470802396625,1.374100477528878
CV-G,gfold_4,G+E+GxE expanded-grid,W439,ME3,1.289267307454817,-0.27500096493577686,1.5642682723905939
CV-G,gfold_4,G+E+GxE expanded-grid,W439,ME4,0.47309819603598585,-0.47522168306189533,0.9483198790978812
CV-G,gfold_4,G+E+GxE expanded-grid,W448,ME1,1.1745473737902856,0.3644087373213133,0.8101386364689723
CV-G,gfold_4,G+E+GxE expanded-grid,W448,ME2,-0.3829294070287847,-0.1698863041434556,-0.2130431028853291
CV-G,gfold_4,G+E+GxE expanded-grid,W448,ME3,-1.2615843247112501,-0.2163900267476051,-1.045194297963645
CV-G,gfold_4,G+E+GxE expanded-grid,W448,ME4,0.37681762942106406,-0.30692335775263563,0.6837409871736997
CV-G,gfold_4,G+E+GxE expanded-grid,W450,ME1,-0.8801797418637559,0.47794789422114314,-1.358127636084899
CV-G,gfold_4,G+E+GxE expanded-grid,W450,ME2,-0.38176493013987695,-0.5151010466729982,0.13333611653312122
CV-G,gfold_4,G+E+GxE expanded-grid,W450,ME3,-0.7210064953780436,-0.42794591286726025,-0.2930605825107834
CV-G,gfold_4,G+E+GxE expanded-grid,W450,ME4,1.103480632881599,-0.462757352465043,1.566237985346642
CV-G,gfold_4,G+E+GxE expanded-grid,W455,ME1,-0.20081682223479125,-0.5100495890175964,0.3092327667828052
CV-G,gfold_4,G+E+GxE expanded-grid,W455,ME2,1.2622802479571689,1.0388256015390926,0.22345464641807622
CV-G,gfold_4,G+E+GxE expanded-grid,W455,ME3,1.4468541912340296,0.8411811104168314,0.6056730808171982
CV-G,gfold_4,G+E+GxE expanded-grid,W455,ME4,1.2356097608221348,0.9276622074944131,0.3079475533277217
CV-G,gfold_4,G+E+GxE expanded-grid,W458,ME1,-0.31915845815423916,0.659552874332239,-0.9787113324864781
CV-G,gfold_4,G+E+GxE expanded-grid,W458,ME2,0.7401009647843434,0.1823361513092528,0.5577648134750905
CV-G,gfold_4,G+E+GxE expanded-grid,W458,ME3,1.165474984537512,-0.13083383511165755,1.2963088196491697
CV-G,gfold_4,G+E+GxE expanded-grid,W458,ME4,0.6077682687446079,0.63669903266411,-0.02893076391950211
CV-G,gfold_4,G+E+GxE expanded-grid,W459,ME1,1.47973050797303,0.3503387444070796,1.1293917635659505
CV-G,gfold_4,G+E+GxE expanded-grid,W459,ME2,2.7066302969639775,0.328257671596791,2.3783726253671866
CV-G,gfold_4,G+E+GxE expanded-grid,W459,ME3,0.6879504910788741,0.33833265600642765,0.3496178350724464
CV-G,gfold_4,G+E+GxE expanded-grid,W459,ME4,1.597509522775956,0.4495760869599204,1.1479334358160356
CV-G,gfold_4,G+E+GxE expanded-grid,W461,ME1,2.082612366221532,-0.06001615532785508,2.142628521549387
CV-G,gfold_4,G+E+GxE expanded-grid,W461,ME2,-0.03632665825256279,-0.06575531213615857,0.02942865388359578
CV-G,gfold_4,G+E+GxE expanded-grid,W461,ME3,-0.3614631131713788,-0.030513729166559162,-0.33094938400481966
CV-G,gfold_4,G+E+GxE expanded-grid,W461,ME4,1.5849227994665442,-0.14447609855065374,1.729398898017198
CV-G,gfold_4,G+E+GxE expanded-grid,W470,ME1,-0.3342575836786114,-0.3571720723861937,0.02291448870758228
CV-G,gfold_4,G+E+GxE expanded-grid,W470,ME2,0.8158868927445239,0.6653248000005023,0.15056209274402155
CV-G,gfold_4,G+E+GxE expanded-grid,W470,ME3,0.5600109226271545,0.4122129607957256,0.14779796183142885
CV-G,gfold_4,G+E+GxE expanded-grid,W470,ME4,0.04698254509796639,0.49337469054272837,-0.44639214544476197
CV-G,gfold_4,G+E+GxE expanded-grid,W473,ME1,-1.2022944197170344,0.3231504475498024,-1.5254448672668368
CV-G,gfold_4,G+E+GxE expanded-grid,W473,ME2,0.669909588833915,0.6361748876269988,0.03373470120691624
CV-G,gfold_4,G+E+GxE expanded-grid,W473,ME3,1.2072430683820856,0.5884591578595946,0.618783910522491
CV-G,gfold_4,G+E+GxE expanded-grid,W473,ME4,1.6803852290663543,0.23793898133167551,1.4424462477346789
CV-G,gfold_4,G+E+GxE expanded-grid,W477,ME1,-0.4917559593613715,-0.5532158504021564,0.061459891040784864
CV-G,gfold_4,G+E+GxE expanded-grid,W477,ME2,0.8760599702430972,0.36795997870364916,0.5080999915394481
CV-G,gfold_4,G+E+GxE expanded-grid,W477,ME3,0.776503896746521,0.27917954640122283,0.49732435034529815
CV-G,gfold_4,G+E+GxE expanded-grid,W477,ME4,-0.9737220482745313,-0.32155491663883345,-0.6521671316356978
CV-G,gfold_4,G+E+GxE expanded-grid,W488,ME1,0.394873812800106,0.2114888443268359,0.18338496847327013
CV-G,gfold_4,G+E+GxE expanded-grid,W488,ME2,1.9763007698988446,0.7989169568740151,1.1773838130248295
CV-G,gfold_4,G+E+GxE expanded-grid,W488,ME3,1.4092417994524535,0.2847008954540671,1.1245409039983865
CV-G,gfold_4,G+E+GxE expanded-grid,W488,ME4,0.04403253182232322,0.03490488439845518,0.00912764742386804
CV-G,gfold_4,G+E+GxE expanded-grid,W489,ME1,-0.2186930792606787,0.2222666397612622,-0.4409597190219409
CV-G,gfold_4,G+E+GxE expanded-grid,W489,ME2,0.9137156087702856,0.3460831165763228,0.5676324921939628
CV-G,gfold_4,G+E+GxE expanded-grid,W489,ME3,0.14587762618641906,0.13377317712113415,0.012104449065284906
CV-G,gfold_4,G+E+GxE expanded-grid,W489,ME4,-0.3171356268391395,0.16366035087831302,-0.4807959777174525
CV-G,gfold_4,G+E+GxE expanded-grid,W499,ME1,1.687876921215702,0.4162437507024504,1.2716331705132518
CV-G,gfold_4,G+E+GxE expanded-grid,W499,ME2,-0.25607104160399624,-0.1975828097318011,-0.05848823187219515
CV-G,gfold_4,G+E+GxE expanded-grid,W499,ME3,-1.3370371645461494,-0.139815546119684,-1.1972216184264655
CV-G,gfold_4,G+E+GxE expanded-grid,W499,ME4,0.02338243889282106,-0.7810810070172453,0.8044634459100664
CV-G,gfold_4,G+E+GxE expanded-grid,W502,ME1,0.5774152364804089,-0.204237344098841,0.7816525805792499
CV-G,gfold_4,G+E+GxE expanded-grid,W502,ME2,-1.6145915494837932,-0.7546612005264849,-0.8599303489573084
CV-G,gfold_4,G+E+GxE expanded-grid,W502,ME3,-1.4144664920695476,-0.6146372439497295,-0.799829248119818
CV-G,gfold_4,G+E+GxE expanded-grid,W502,ME4,0.06271594923472902,-0.7550763055109726,0.8177922547457016
CV-G,gfold_4,G+E+GxE expanded-grid,W507,ME1,0.20433490192188597,0.47019261375007654,-0.26585771182819057
CV-G,gfold_4,G+E+GxE expanded-grid,W507,ME2,1.448488962643801,0.0879871801213741,1.3605017825224268
CV-G,gfold_4,G+E+GxE expanded-grid,W507,ME3,1.087184111098613,0.012180008095532015,1.0750041030030808
CV-G,gfold_4,G+E+GxE expanded-grid,W507,ME4,0.06763263802746716,-0.13220836855874465,0.19984100658621182
CV-G,gfold_4,G+E+GxE expanded-grid,W514,ME1,-1.8922527882711393,-0.28287836050782017,-1.609374427763319
CV-G,gfold_4,G+E+GxE expanded-grid,W514,ME2,0.5232361302614574,0.16676012346962252,0.3564760067918349
CV-G,gfold_4,G+E+GxE expanded-grid,W514,ME3,0.10787669409001106,0.14315055020415884,-0.03527385611414778
CV-G,gfold_4,G+E+GxE expanded-grid,W514,ME4,1.3638684713450255,-0.43844677575719754,1.802315247102223
CV-G,gfold_4,G+E+GxE expanded-grid,W519,ME1,-2.025921583973149,0.12907952600374997,-2.1550011099768986
CV-G,gfold_4,G+E+GxE expanded-grid,W519,ME2,0.7358797360620509,0.33835005835310694,0.397529677708944
CV-G,gfold_4,G+E+GxE expanded-grid,W519,ME3,0.5149824787494153,0.44259540465839287,0.07238707409102241
CV-G,gfold_4,G+E+GxE expanded-grid,W519,ME4,1.092954985514104,0.12057283305854609,0.972382152455558
CV-G,gfold_4,G+E+GxE expanded-grid,W522,ME1,-1.3571541132693217,-0.7762633833764047,-0.580890729892917
CV-G,gfold_4,G+E+GxE expanded-grid,W522,ME2,1.1833806100549058,0.33634768254226705,0.8470329275126387
CV-G,gfold_4,G+E+GxE expanded-grid,W522,ME3,2.001098503815065,0.32851945717212194,1.672579046642943
CV-G,gfold_4,G+E+GxE expanded-grid,W522,ME4,1.705550808983107,0.43588379877751804,1.269667010205589
CV-G,gfold_4,G+E+GxE expanded-grid,W531,ME1,-0.10364165192367358,0.21761088737389067,-0.32125253929756425
CV-G,gfold_4,G+E+GxE expanded-grid,W531,ME2,1.2738174293075992,0.2906770402469308,0.9831403890606685
CV-G,gfold_4,G+E+GxE expanded-grid,W531,ME3,0.8378256942615047,-0.2899456519443246,1.1277713462058292
CV-G,gfold_4,G+E+GxE expanded-grid,W531,ME4,0.4139091296734829,0.038204206455384644,0.3757049232180983
CV-G,gfold_4,G+E+GxE expanded-grid,W535,ME1,-0.2776480790831897,0.4175461998688365,-0.6951942789520262
CV-G,gfold_4,G+E+GxE expanded-grid,W535,ME2,1.44903322901579,0.5346077101677638,0.9144255188480261
CV-G,gfold_4,G+E+GxE expanded-grid,W535,ME3,1.0950900618526118,0.45554242271833023,0.6395476391342816
CV-G,gfold_4,G+E+GxE expanded-grid,W535,ME4,-0.10936815851111582,0.606115675871124,-0.7154838343822398
CV-G,gfold_4,G+E+GxE expanded-grid,W537,ME1,-0.706295475913985,0.4200617056299434,-1.1263571815439284
CV-G,gfold_4,G+E+GxE expanded-grid,W537,ME2,0.8895463846467002,-0.3006461460106993,1.1901925306573995
CV-G,gfold_4,G+E+GxE expanded-grid,W537,ME3,1.9229681144192505,-0.11849885578835405,2.0414669702076047
CV-G,gfold_4,G+E+GxE expanded-grid,W537,ME4,2.506900281880854,0.11216407229402207,2.394736209586832
CV-G,gfold_4,G+E+GxE expanded-grid,W542,ME1,-1.4823530650957413,0.5037414773112775,-1.9860945424070189
CV-G,gfold_4,G+E+GxE expanded-grid,W542,ME2,1.0681100554105007,-0.10593117803009759,1.1740412334405983
CV-G,gfold_4,G+E+GxE expanded-grid,W542,ME3,2.4846622652107855,-0.5693052100007129,3.0539674752114983
CV-G,gfold_4,G+E+GxE expanded-grid,W542,ME4,1.3017215250048113,-0.16560584247532395,1.4673273674801353
CV-G,gfold_4,G+E+GxE expanded-grid,W544,ME1,-0.5626583254968559,-0.8963838299020918,0.33372550440523585
CV-G,gfold_4,G+E+GxE expanded-grid,W544,ME2,-0.08958881856261547,0.9966459907698502,-1.0862348093324656
CV-G,gfold_4,G+E+GxE expanded-grid,W544,ME3,1.9377495394400805,1.212109393647591,0.7256401457924895
CV-G,gfold_4,G+E+GxE expanded-grid,W544,ME4,2.125097763694028,1.201673729857087,0.9234240338369408
CV-G,gfold_4,G+E+GxE expanded-grid,W561,ME1,-1.636455359147615,-0.316911398157474,-1.319543960990141
CV-G,gfold_4,G+E+GxE expanded-grid,W561,ME2,0.8531185097958601,0.7237885370753379,0.12932997272052227
CV-G,gfold_4,G+E+GxE expanded-grid,W561,ME3,0.9615419984215595,0.6586064182369534,0.3029355801846061
CV-G,gfold_4,G+E+GxE expanded-grid,W561,ME4,1.1325874305346098,0.7384887535060073,0.39409867702860246
CV-G,gfold_4,G+E+GxE expanded-grid,W568,ME1,-1.840798486726918,-0.7968195291555726,-1.0439789575713454
CV-G,gfold_4,G+E+GxE expanded-grid,W568,ME2,0.31597190139331927,0.6733730293206113,-0.357401127927292
CV-G,gfold_4,G+E+GxE expanded-grid,W568,ME3,0.8401231500361722,0.9799893022577751,-0.13986615222160292
CV-G,gfold_4,G+E+GxE expanded-grid,W568,ME4,1.1783244363601795,0.5269961316364693,0.6513283047237102
CV-G,gfold_4,G+E+GxE expanded-grid,W570,ME1,-1.4261914849360469,-1.235658383668053,-0.19053310126799383
CV-G,gfold_4,G+E+GxE expanded-grid,W570,ME2,0.30964322264925526,0.3419381137598845,-0.03229489111062922
CV-G,gfold_4,G+E+GxE expanded-grid,W570,ME3,0.3911901558321103,0.3506518081829425,0.040538347649167805
CV-G,gfold_4,G+E+GxE expanded-grid,W570,ME4,1.0427103594033518,0.6933225583179022,0.34938780108544953
CV-G,gfold_4,G+E+GxE expanded-grid,W572,ME1,-1.6947506884375068,-1.6762048253659254,-0.018545863071581348
CV-G,gfold_4,G+E+GxE expanded-grid,W572,ME2,0.5137431121453592,0.1438033221621207,0.3699397899832385
CV-G,gfold_4,G+E+GxE expanded-grid,W572,ME3,0.7292624623799486,0.4808784871708766,0.24838397520907202
CV-G,gfold_4,G+E+GxE expanded-grid,W572,ME4,1.7434368461444318,1.3423668341094062,0.4010700120350257
CV-G,gfold_4,G+E+GxE expanded-grid,W574,ME1,-0.061316864787662406,-0.07720574631437731,0.0158888815267149
CV-G,gfold_4,G+E+GxE expanded-grid,W574,ME2,0.3493177096958004,0.054963170189453785,0.2943545395063466
CV-G,gfold_4,G+E+GxE expanded-grid,W574,ME3,1.2219062420027489,0.332070673313667,0.8898355686890819
CV-G,gfold_4,G+E+GxE expanded-grid,W574,ME4,-1.7321979948995998,-0.8475540931947271,-0.8846439017048727
CV-G,gfold_4,G+E+GxE expanded-grid,W575,ME1,-1.6457151788462183,-0.8898957469796417,-0.7558194318665766
CV-G,gfold_4,G+E+GxE expanded-grid,W575,ME2,0.4306792036295026,0.7301141944523838,-0.29943499082288116
CV-G,gfold_4,G+E+GxE expanded-grid,W575,ME3,0.2991229942737987,1.081344781615423,-0.7822217873416242
CV-G,gfold_4,G+E+GxE expanded-grid,W575,ME4,0.8403394486942383,0.449320341520788,0.3910191071734503
CV-G,gfold_4,G+E+GxE expanded-grid,W578,ME1,-2.3227733236513446,-2.235432660537014,-0.08734066311433075
CV-G,gfold_4,G+E+GxE expanded-grid,W578,ME2,0.24635643520860157,0.35634649658279066,-0.1099900613741891
CV-G,gfold_4,G+E+GxE expanded-grid,W578,ME3,0.19438603984049102,0.7024343506585063,-0.5080483108180154
CV-G,gfold_4,G+E+GxE expanded-grid,W578,ME4,1.0267802877148795,1.1758281793607996,-0.14904789164592014
CV-G,gfold_4,G+E+GxE expanded-grid,W582,ME1,-1.6694063094559266,-1.2696428612387403,-0.39976344821718635
CV-G,gfold_4,G+E+GxE expanded-grid,W582,ME2,0.5358934877495878,0.576425307736341,-0.04053181998675326
CV-G,gfold_4,G+E+GxE expanded-grid,W582,ME3,0.7045563662737035,0.5305527582727302,0.17400360800097336
CV-G,gfold_4,G+E+GxE expanded-grid,W582,ME4,1.45492554778654,1.0203708637356927,0.4345546840508472
CV-G,gfold_4,G+E+GxE expanded-grid,W588,ME1,-2.132503167434563,-1.2275407884489324,-0.9049623789856305
CV-G,gfold_4,G+E+GxE expanded-grid,W588,ME2,0.49792141528519684,0.4066140064492861,0.09130740883591076
CV-G,gfold_4,G+E+GxE expanded-grid,W588,ME3,0.4266655758821018,0.409191766633371,0.01747380924873082
CV-G,gfold_4,G+E+GxE expanded-grid,W588,ME4,1.264551357731709,0.7300335303283301,0.5345178274033788
CV-G,gfold_4,G+E+GxE expanded-grid,W595,ME1,-1.2485039333229087,-0.4122543720364283,-0.8362495612864804
CV-G,gfold_4,G+E+GxE expanded-grid,W595,ME2,1.4190416204476648,0.680524989317157,0.7385166311305078
CV-G,gfold_4,G+E+GxE expanded-grid,W595,ME3,1.574548810356833,0.6283601917520288,0.9461886186048042
CV-G,gfold_4,G+E+GxE expanded-grid,W595,ME4,1.65965646911617,0.5748671780608428,1.0847892910553272
CV-G,gfold_4,G+E+GxE expanded-grid,W598,ME1,-0.9023967938758849,-0.558971461922323,-0.34342533195356184
CV-G,gfold_4,G+E+GxE expanded-grid,W598,ME2,0.5279066951745784,1.1461648571412921,-0.6182581619667137
CV-G,gfold_4,G+E+GxE expanded-grid,W598,ME3,1.7190773609462144,0.9303791829341961,0.7886981780120184
CV-G,gfold_4,G+E+GxE expanded-grid,W598,ME4,2.6928140518629142,0.7730813800812456,1.9197326717816687
CV-G,gfold_4,G+E+GxE expanded-grid,W599,ME1,0.2222763115929722,0.11302232451298207,0.10925398707999014
CV-G,gfold_4,G+E+GxE expanded-grid,W599,ME2,-0.5428108181401058,-0.7803029209577789,0.23749210281767308
CV-G,gfold_4,G+E+GxE expanded-grid,W599,ME3,-0.3043476868908917,-1.076002417990045,0.7716547310991533
CV-G,gfold_4,G+E+GxE expanded-grid,W599,ME4,0.3813173830041784,-0.7921041548592275,1.1734215378634059
CV2,sparse_cell,G+E,W001,ME1,1.6716294803197338,-0.2924048578182931,1.964034338138027
CV2,sparse_cell,G+E,W002,ME2,0.40952243058809296,-0.29030108373451513,0.6998235143226081
CV2,sparse_cell,G+E,W003,ME3,-0.799559211203025,-0.2967920892995445,-0.5027671219034805
CV2,sparse_cell,G+E,W004,ME4,0.5517573500177323,0.22526397309115892,0.3264933769265734
CV2,sparse_cell,G+E,W005,ME1,0.998317612613427,-0.04430133550811605,1.042618948121543
CV2,sparse_cell,G+E,W006,ME2,0.6264758666133936,0.273923727449947,0.35255213916344663
CV2,sparse_cell,G+E,W007,ME3,0.05432570287169062,0.2877253293192974,-0.23339962644760678
CV2,sparse_cell,G+E,W008,ME4,0.9643265399939988,-0.16362424504276274,1.1279507850367616
CV2,sparse_cell,G+E,W009,ME1,-0.9676390239598921,-0.42578310397512714,-0.541855919984765
CV2,sparse_cell,G+E,W010,ME2,-1.6176229866022003,-0.7870380344405792,-0.8305849521616211
CV2,sparse_cell,G+E,W011,ME3,-0.21264372606166304,-0.13087226425818632,-0.08177146180347672
CV2,sparse_cell,G+E,W012,ME4,0.6924061162983242,-0.11852170887314292,0.8109278251714671
CV2,sparse_cell,G+E,W013,ME1,1.1741808901610542,-0.2383375726893924,1.4125184628504466
CV2,sparse_cell,G+E,W014,ME2,-0.6536512976636655,0.15779668829137855,-0.8114479859550441
CV2,sparse_cell,G+E,W015,ME3,-0.697905239702633,-0.19571516612095688,-0.5021900735816761
CV2,sparse_cell,G+E,W016,ME4,-0.6343525210445544,0.06842663818950265,-0.7027791592340571
CV2,sparse_cell,G+E,W017,ME1,2.3397128482489933,-0.08546194805956371,2.425174796308557
CV2,sparse_cell,G+E,W018,ME2,-0.35961455453564845,-0.007002863525167852,-0.3526116910104806
CV2,sparse_cell,G+E,W019,ME3,-0.767698905386699,-0.12640929778418317,-0.6412896076025159
CV2,sparse_cell,G+E,W020,ME4,0.09811610854244561,-0.1165365441599159,0.2146526527023615
CV2,sparse_cell,G+E,W021,ME1,0.6658680964157973,0.2697508273004619,0.39611726911533535
CV2,sparse_cell,G+E,W022,ME2,-0.862459724145355,-0.12128764383694991,-0.7411720803084051
CV2,sparse_cell,G+E,W023,ME3,-0.41496342521819896,-0.10181493365440294,-0.313148491563796
CV2,sparse_cell,G+E,W024,ME4,-0.9611117248589154,-0.600376249182634,-0.3607354756762814
CV2,sparse_cell,G+E,W025,ME1,-1.127238572450251,-0.45980215678345876,-0.6674364156667922
CV2,sparse_cell,G+E,W026,ME2,-0.2743862378893214,-0.09155237736070516,-0.18283386052861628
CV2,sparse_cell,G+E,W027,ME3,0.06547512060168752,0.3296950313746086,-0.26421991077292106
CV2,sparse_cell,G+E,W028,ME4,0.38525073403836974,-0.16333558356843048,0.5485863176068002
CV2,sparse_cell,G+E,W029,ME1,0.9675492759192114,-0.01662777447815761,0.984177050397369
CV2,sparse_cell,G+E,W030,ME2,0.41790792992397896,-0.009465455221940103,0.42737338514591905
CV2,sparse_cell,G+E,W031,ME3,0.9539401226965609,0.016972401097585237,0.9369677215989757
CV2,sparse_cell,G+E,W032,ME4,0.9739475166236292,0.23694725388053034,0.7370002627430989
CV2,sparse_cell,G+E,W033,ME1,-1.3051134379183305,-1.116569427546462,-0.18854401037186852
CV2,sparse_cell,G+E,W034,ME2,-0.3815434263838341,-0.3608460747667887,-0.02069735161704539
CV2,sparse_cell,G+E,W035,ME3,-0.07067447363303,-0.3800680279693545,0.30939355433632454
CV2,sparse_cell,G+E,W036,ME4,-0.8364480971812744,-0.4195462681092508,-0.41690182907202367
CV2,sparse_cell,G+E,W037,ME1,-1.4010181316481083,-0.5002282514792216,-0.9007898801688867
CV2,sparse_cell,G+E,W038,ME2,-1.4137319435046494,-0.12585522408295635,-1.2878767194216931
CV2,sparse_cell,G+E,W039,ME3,-0.8247467594385198,-0.008889346753646893,-0.8158574126848729
CV2,sparse_cell,G+E,W040,ME4,-0.2185186497099088,-0.24556004938096876,0.02704139967105995
CV2,sparse_cell,G+E,W041,ME1,0.7482861925898263,0.35746228482070574,0.39082390776912057
CV2,sparse_cell,G+E,W042,ME2,1.061629488376578,0.0638128499731228,0.9978166384034552
CV2,sparse_cell,G+E,W043,ME3,0.4015371533466911,-0.03564488650745242,0.4371820398541435
CV2,sparse_cell,G+E,W044,ME4,-1.2559399849777169,-0.1765608771706494,-1.0793791078070676
CV2,sparse_cell,G+E,W045,ME1,-0.28018903224586655,-0.2502979243206199,-0.02989110792524663
CV2,sparse_cell,G+E,W046,ME2,-0.6993633442320486,0.04705044859898665,-0.7464137928310353
CV2,sparse_cell,G+E,W047,ME3,-0.7506031315340369,-0.07532489246188036,-0.6752782390721566
CV2,sparse_cell,G+E,W048,ME4,0.51088983277249,0.016345744667704498,0.4945440881047855
CV2,sparse_cell,G+E,W049,ME1,0.6860409841848755,-0.23851812608474174,0.9245591102696172
CV2,sparse_cell,G+E,W050,ME2,0.06876105229264243,-0.2524385292859818,0.32119958157862427
CV2,sparse_cell,G+E,W051,ME3,0.6325159239864702,0.41198280799957665,0.2205331159868935
CV2,sparse_cell,G+E,W052,ME4,-0.31881910108177297,-0.012803319971198822,-0.30601578111057415
CV2,sparse_cell,G+E,W053,ME1,0.025385017808058567,-0.13243582164566498,0.15782083945372355
CV2,sparse_cell,G+E,W054,ME2,-0.9063491112354478,-0.12294237135513321,-0.7834067398803146
CV2,sparse_cell,G+E,W055,ME3,1.6860092015424728,-0.1265080279522622,1.812517229494735
CV2,sparse_cell,G+E,W056,ME4,-1.3650904761765097,-0.23684535194638429,-1.1282451242301255
CV2,sparse_cell,G+E,W057,ME1,0.44940657682987684,-0.10777102227250661,0.5571775991023834
CV2,sparse_cell,G+E,W058,ME2,0.23106001868419593,-0.08274246964804176,0.3138024883322377
CV2,sparse_cell,G+E,W059,ME3,0.8378932664901717,-0.2554631849350613,1.093356451425233
CV2,sparse_cell,G+E,W060,ME4,0.6133850940214327,-0.4987968536697621,1.112181947691195
CV2,sparse_cell,G+E,W061,ME1,0.14228515145252696,0.11136472099014931,0.03092043046237765
CV2,sparse_cell,G+E,W062,ME2,1.043269991340045,0.3807172292057458,0.6625527621342991
CV2,sparse_cell,G+E,W063,ME3,0.21655817737173513,0.285320658580221,-0.06876248120848585
CV2,sparse_cell,G+E,W064,ME4,0.021297762844700634,0.32534760307790805,-0.3040498402332074
CV2,sparse_cell,G+E,W065,ME1,0.8241971683248178,-0.21507816887942655,1.0392753372042445
CV2,sparse_cell,G+E,W066,ME2,-0.9564849042459331,-0.0679953393924418,-0.8884895648534913
CV2,sparse_cell,G+E,W067,ME3,-0.6099346445072371,-0.4532740133473498,-0.15666063115988732
CV2,sparse_cell,G+E,W068,ME4,-0.83802143759495,-0.021292994743920855,-0.8167284428510291
CV2,sparse_cell,G+E,W069,ME1,0.5606872948261147,-0.06262818392238327,0.6233154787484979
CV2,sparse_cell,G+E,W070,ME2,-0.45527253375219584,0.11262036156676518,-0.567892895318961
CV2,sparse_cell,G+E,W071,ME3,1.4130089512006208,0.18584680769109949,1.2271621435095212
CV2,sparse_cell,G+E,W072,ME4,-2.5818096849868675,-0.155975516530948,-2.4258341684559195
CV2,sparse_cell,G+E,W073,ME1,0.33457503967041147,-0.39008436491164805,0.7246594045820596
CV2,sparse_cell,G+E,W074,ME2,-0.674903000886236,0.2517974932546756,-0.9267004941409116
CV2,sparse_cell,G+E,W075,ME3,-0.20287953901933256,-0.4092950310099652,0.20641549199063267
CV2,sparse_cell,G+E,W076,ME4,0.06664930026891967,0.009247417324891608,0.057401882944028065
CV2,sparse_cell,G+E,W077,ME1,-0.15064114135255904,0.2898592079836304,-0.4405003493361894
CV2,sparse_cell,G+E,W078,ME2,-0.6132110404890881,-0.20092436860376578,-0.41228667188532236
CV2,sparse_cell,G+E,W079,ME3,1.155178666194431,-0.012848090857811944,1.168026757052243
CV2,sparse_cell,G+E,W080,ME4,-1.2064269621593235,-0.5937674743431501,-0.6126594878161734
CV2,sparse_cell,G+E,W081,ME1,1.3097065362511746,0.27237393393623943,1.0373326023149352
CV2,sparse_cell,G+E,W082,ME2,-0.4044722294735835,-0.1903767917152967,-0.21409543775828682
CV2,sparse_cell,G+E,W083,ME3,-0.2850473690779795,-0.10393191532968991,-0.18111545374828958
CV2,sparse_cell,G+E,W084,ME4,0.024696178138241338,-0.0780964669922585,0.10279264513049984
CV2,sparse_cell,G+E,W085,ME1,-0.07534097166628811,-0.3107349493213532,0.2353939776550651
CV2,sparse_cell,G+E,W086,ME2,-0.08236779611563717,0.367920799878648,-0.45028859599428517
CV2,sparse_cell,G+E,W087,ME3,-0.05258200940753501,0.4922780106279224,-0.5448600200354574
CV2,sparse_cell,G+E,W088,ME4,0.6437269638991793,0.2488865354737293,0.39484042842545
CV2,sparse_cell,G+E,W089,ME1,-0.7229582649230821,-1.220331232437549,0.4973729675144669
CV2,sparse_cell,G+E,W090,ME2,-0.32331958193843435,-0.08787791571054542,-0.23544166622788892
CV2,sparse_cell,G+E,W091,ME3,-0.5492970158075015,-0.1913049386881746,-0.35799207711932685
CV2,sparse_cell,G+E,W092,ME4,0.10336319882205586,-0.04042319461774817,0.14378639343980404
CV2,sparse_cell,G+E,W093,ME1,-0.05990793883528156,-0.448542024893439,0.3886340860581574
CV2,sparse_cell,G+E,W094,ME2,0.12579510513415798,0.47599913933590104,-0.35020403420174306
CV2,sparse_cell,G+E,W095,ME3,0.18433467082632615,-0.3175452185104368,0.501879889336763
CV2,sparse_cell,G+E,W096,ME4,-0.9079485522807936,-0.42214548766213417,-0.48580306461865946
CV2,sparse_cell,G+E,W097,ME1,0.41013581993747006,-0.5172355222575801,0.9273713421950501
CV2,sparse_cell,G+E,W098,ME2,0.35041257111852275,0.07581346910900827,0.2745991020095145
CV2,sparse_cell,G+E,W099,ME3,-0.6989357161897987,0.05597142022304326,-0.7549071364128419
CV2,sparse_cell,G+E,W100,ME4,-0.6463571084009043,0.038640927251789865,-0.6849980356526942
CV2,sparse_cell,G+E,W101,ME1,1.9633911695919264,0.23610778804359017,1.7272833815483362
CV2,sparse_cell,G+E,W102,ME2,-0.07896296695132968,-0.05683240128519802,-0.022130565666131655
CV2,sparse_cell,G+E,W103,ME3,-0.5613671051530811,0.25821189844653586,-0.8195790035996169
CV2,sparse_cell,G+E,W104,ME4,-0.1326378632293884,-0.11261910160968228,-0.020018761619706116
CV2,sparse_cell,G+E,W105,ME1,0.6205218553587818,-0.07765458347628112,0.6981764388350629
CV2,sparse_cell,G+E,W106,ME2,0.41126914592145514,0.31463177590642805,0.09663737001502709
CV2,sparse_cell,G+E,W107,ME3,-0.14108473590368073,-0.19469477788924736,0.053610041985566625
CV2,sparse_cell,G+E,W108,ME4,-0.5390867589964545,0.013009931944555915,-0.5520966909410104
CV2,sparse_cell,G+E,W109,ME1,-0.7609666893148012,-0.04257291277827455,-0.7183937765365266
CV2,sparse_cell,G+E,W110,ME2,-0.5164645285285623,-0.046026140385739156,-0.4704383881428231
CV2,sparse_cell,G+E,W111,ME3,1.2584797107685726,0.15515008360980148,1.1033296271587711
CV2,sparse_cell,G+E,W112,ME4,-0.00245967740181196,-0.402030305865041,0.39957062846322905
CV2,sparse_cell,G+E,W113,ME1,-1.0811349318928232,-0.5335940230439123,-0.5475409088489108
CV2,sparse_cell,G+E,W114,ME2,0.2898597728953063,-0.04670257680345121,0.3365623496987575
CV2,sparse_cell,G+E,W115,ME3,-2.160573701420955,-0.06586200416820595,-2.094711697252749
CV2,sparse_cell,G+E,W116,ME4,-0.3306191541843449,0.11989545241740168,-0.4505146066017466
CV2,sparse_cell,G+E,W117,ME1,-0.115605306397947,-0.21730066010889806,0.10169535371095106
CV2,sparse_cell,G+E,W118,ME2,-0.31294054879816674,-0.18019979615985943,-0.1327407526383073
CV2,sparse_cell,G+E,W119,ME3,0.6173797447651402,-0.28866968005952365,0.9060494248246639
CV2,sparse_cell,G+E,W120,ME4,-0.5501001418921881,-0.1553147409117945,-0.3947854009803936
CV2,sparse_cell,G+E,W121,ME1,1.8092807314594008,0.22864395577731902,1.5806367756820818
CV2,sparse_cell,G+E,W122,ME2,0.8530172509359556,0.27548886944896495,0.5775283814869907
CV2,sparse_cell,G+E,W123,ME3,-2.0254292440876536,-0.2552055869863156,-1.7702236571013379
CV2,sparse_cell,G+E,W124,ME4,-0.7409935342835337,-0.1540376918486264,-0.5869558424349073
CV2,sparse_cell,G+E,W125,ME1,1.0141497053962651,0.022483048607738178,0.991666656788527
CV2,sparse_cell,G+E,W126,ME2,-0.7164381194835368,0.28049810772211864,-0.9969362272056554
CV2,sparse_cell,G+E,W127,ME3,0.18361671589674317,0.18963723188968856,-0.006020515992945397
CV2,sparse_cell,G+E,W128,ME4,-0.5459701233062877,-0.41029560109704993,-0.13567452220923776
CV2,sparse_cell,G+E,W129,ME1,0.3675992867045699,-0.0630081519989113,0.4306074387034812
CV2,sparse_cell,G+E,W130,ME2,-0.5809347788943552,-0.09151171157442477,-0.4894230673199304
CV2,sparse_cell,G+E,W131,ME3,-0.939045184228159,-1.1813471045144073,0.2423019202862483
CV2,sparse_cell,G+E,W132,ME4,-0.6911737100844733,-0.22964523178391305,-0.4615284783005602
CV2,sparse_cell,G+E,W133,ME1,0.6006177222511422,-0.42180975495345685,1.022427477204599
CV2,sparse_cell,G+E,W134,ME2,0.28636001354983914,0.27395836415994207,0.012401649389897074
CV2,sparse_cell,G+E,W135,ME3,-0.5546098822864167,0.011814135883685092,-0.5664240181701018
CV2,sparse_cell,G+E,W136,ME4,-0.7200209065692281,-0.23179101303188077,-0.48822989353734736
CV2,sparse_cell,G+E,W137,ME1,1.2593842619172477,-0.4313963240882079,1.6907805860054557
CV2,sparse_cell,G+E,W138,ME2,-0.5049336758568758,-0.30864109270502993,-0.19629258315184583
CV2,sparse_cell,G+E,W139,ME3,0.6211468965133073,-0.035235217602437516,0.6563821141157449
CV2,sparse_cell,G+E,W140,ME4,0.13089665606139114,-0.23501879092831116,0.3659154469897023
CV2,sparse_cell,G+E,W141,ME1,0.988813470495336,0.39662400665213277,0.5921894638432033
CV2,sparse_cell,G+E,W142,ME2,-0.13766146230253548,0.2250792880211644,-0.3627407503236999
CV2,sparse_cell,G+E,W143,ME3,-2.1099029764495496,-0.4177083898810023,-1.6921945865685473
CV2,sparse_cell,G+E,W144,ME4,-1.4804713954134605,-0.5178497495903087,-0.9626216458231518
CV2,sparse_cell,G+E,W145,ME1,-0.7810907125999806,-0.26731295020752666,-0.513777762392454
CV2,sparse_cell,G+E,W146,ME2,-0.3760058324827775,0.2568621444249864,-0.6328679769077639
CV2,sparse_cell,G+E,W147,ME3,-1.0190844890838067,-0.20159003172786885,-0.8174944573559378
CV2,sparse_cell,G+E,W148,ME4,-0.4568403888715257,0.04870842781110622,-0.505548816682632
CV2,sparse_cell,G+E,W149,ME1,0.5843132727906273,0.05225397320828677,0.5320592995823406
CV2,sparse_cell,G+E,W150,ME2,-2.2598003474412476,-0.391040311090257,-1.8687600363509906
CV2,sparse_cell,G+E,W151,ME3,-1.2934023978846596,-0.48579055765429685,-0.8076118402303627
CV2,sparse_cell,G+E,W152,ME4,-0.39748612176558745,-0.15399785800555074,-0.2434882637600367
CV2,sparse_cell,G+E,W153,ME1,1.725315259961947,0.1760086494582244,1.5493066105037225
CV2,sparse_cell,G+E,W154,ME2,-0.5974652877738541,-0.04346421136010363,-0.5540010764137505
CV2,sparse_cell,G+E,W155,ME3,-0.16035971413084232,0.09454681305511288,-0.2549065271859552
CV2,sparse_cell,G+E,W156,ME4,0.3000307505315928,-0.04741186648506283,0.34744261701665563
CV2,sparse_cell,G+E,W157,ME1,0.8671164733482509,0.008069377239927381,0.8590470961083235
CV2,sparse_cell,G+E,W158,ME2,-0.9264806383203201,-0.11509180207381343,-0.8113888362465067
CV2,sparse_cell,G+E,W159,ME3,-1.3606874445794765,-0.592068442077095,-0.7686190025023816
CV2,sparse_cell,G+E,W160,ME4,-0.46173347755805894,0.0364619649518368,-0.4981954425098957
CV2,sparse_cell,G+E,W161,ME1,0.9529713715564129,0.09183920340485456,0.8611321681515584
CV2,sparse_cell,G+E,W162,ME2,-1.9813384827023757,0.10252725798450009,-2.0838657406868757
CV2,sparse_cell,G+E,W163,ME3,-1.4454399123846235,-0.04177527544013797,-1.4036646369444856
CV2,sparse_cell,G+E,W164,ME4,-0.9345694720801964,-0.21412555406750822,-0.7204439180126881
CV2,sparse_cell,G+E,W165,ME1,-0.14388155441338457,0.34087073367412263,-0.4847522880875072
CV2,sparse_cell,G+E,W166,ME2,-2.5271870243780064,-0.4311153395883976,-2.096071684789609
CV2,sparse_cell,G+E,W167,ME3,-0.6482480981612279,-0.2770124805863411,-0.37123561757488677
CV2,sparse_cell,G+E,W168,ME4,0.3942974414170083,0.23405830610418427,0.16023913531282402
CV2,sparse_cell,G+E,W169,ME1,0.9551865614931063,0.44559743671276375,0.5095891247803426
CV2,sparse_cell,G+E,W170,ME2,-2.333371237841007,-0.17168164231314914,-2.1616895955278577
CV2,sparse_cell,G+E,W171,ME3,-1.2616181108255835,-0.3261241062169121,-0.9354940046086714
CV2,sparse_cell,G+E,W172,ME4,-0.41822274841784135,0.06724889579350082,-0.48547164421134215
CV2,sparse_cell,G+E,W173,ME1,-0.15331239980563044,-0.13884558059923766,-0.014466819206392784
CV2,sparse_cell,G+E,W174,ME2,0.4238758739796326,0.12208372017200045,0.30179215380763214
CV2,sparse_cell,G+E,W175,ME3,-1.7588905881120498,-0.28969580046233334,-1.4691947876497164
CV2,sparse_cell,G+E,W176,ME4,-0.6277680914133182,0.16965486040807,-0.7974229518213882
CV2,sparse_cell,G+E,W177,ME1,1.053053978659442,-0.1752627557587558,1.2283167344181978
CV2,sparse_cell,G+E,W178,ME2,-0.5449562402343447,-0.2668387852035898,-0.27811745503075497
CV2,sparse_cell,G+E,W179,ME3,-2.2603272039900983,-0.9701195440432605,-1.2902076599468377
CV2,sparse_cell,G+E,W180,ME4,-1.6784448196663495,-1.3390509468421001,-0.3393938728242494
CV2,sparse_cell,G+E,W181,ME1,0.8223158856947588,0.07584375297469968,0.7464721327200591
CV2,sparse_cell,G+E,W182,ME2,-1.3916385260091175,-0.7434629367678998,-0.6481755892412178
CV2,sparse_cell,G+E,W183,ME3,0.4471484076966806,0.12625521618027927,0.3208931915164014
CV2,sparse_cell,G+E,W184,ME4,-0.04531747027035415,0.2852401916853251,-0.33055766195567926
CV2,sparse_cell,G+E,W185,ME1,0.6157657122594117,0.24070527047394205,0.3750604417854696
CV2,sparse_cell,G+E,W186,ME2,-0.7054325471476078,0.06542322743934462,-0.7708557745869524
CV2,sparse_cell,G+E,W187,ME3,-0.6477075203318948,0.05992236891762777,-0.7076298892495226
CV2,sparse_cell,G+E,W188,ME4,-0.5395194276102152,0.007902248445045647,-0.5474216760552608
CV2,sparse_cell,G+E,W189,ME1,0.7823610260277849,0.1483783234095109,0.633982702618274
CV2,sparse_cell,G+E,W190,ME2,0.6671123128290374,0.028037047224229658,0.6390752656048078
CV2,sparse_cell,G+E,W191,ME3,-0.3839900049031236,0.30839825031523244,-0.692388255218356
CV2,sparse_cell,G+E,W192,ME4,-1.3559100348627087,-0.37616550894487333,-0.9797445259178353
CV2,sparse_cell,G+E,W193,ME1,-0.1570098124205512,-0.36031277529876127,0.20330296287821006
CV2,sparse_cell,G+E,W194,ME2,-0.6745739095915452,0.01563251579963491,-0.69020642539118
CV2,sparse_cell,G+E,W195,ME3,-1.1620081992423568,-0.04685046206954499,-1.1151577371728119
CV2,sparse_cell,G+E,W196,ME4,-1.7898923878691095,-0.21334311812295847,-1.5765492697461512
CV2,sparse_cell,G+E,W197,ME1,-0.4289650975528974,-0.15268297719811016,-0.2762821203547873
CV2,sparse_cell,G+E,W198,ME2,2.143377888742169,0.33036615905459665,1.813011729687572
CV2,sparse_cell,G+E,W199,ME3,0.06689413740368748,0.13029675361029863,-0.06340261620661115
CV2,sparse_cell,G+E,W200,ME4,0.2760845094354399,0.11340907239061684,0.16267543704482304
CV2,sparse_cell,G+E,W201,ME1,0.2495345495272083,0.12909476849547988,0.12043978103172842
CV2,sparse_cell,G+E,W202,ME2,1.6505826609780379,0.1678580602208391,1.4827246007571988
CV2,sparse_cell,G+E,W203,ME3,-1.5355390327830185,0.2581398793266839,-1.7936789121097023
CV2,sparse_cell,G+E,W204,ME4,0.406097494519581,0.3040812472596901,0.10201624725989089
CV2,sparse_cell,G+E,W205,ME1,-1.688113262708076,-0.8966370366490299,-0.791476226059046
CV2,sparse_cell,G+E,W206,ME2,-2.1234173205066416,-0.08546927960752174,-2.0379480408991197
CV2,sparse_cell,G+E,W207,ME3,-0.13213986213393236,-0.08016440594789807,-0.05197545618603429
CV2,sparse_cell,G+E,W208,ME4,-0.20606566033566145,0.1431934768667795,-0.34925913720244095
CV2,sparse_cell,G+E,W209,ME1,0.36454525646096697,0.3855641506175197,-0.021018894156552725
CV2,sparse_cell,G+E,W210,ME2,-0.6701754778644194,0.3948017758878746,-1.0649772537522941
CV2,sparse_cell,G+E,W211,ME3,1.7548568560252062,0.36643330847517463,1.3884235475500315
CV2,sparse_cell,G+E,W212,ME4,0.7225591853264305,0.28396158643415814,0.43859759889227234
CV2,sparse_cell,G+E,W213,ME1,1.0264146908545742,0.29308613463970146,0.7333285562148727
CV2,sparse_cell,G+E,W214,ME2,0.6404116172078261,0.32121168955260065,0.3191999276552255
CV2,sparse_cell,G+E,W215,ME3,0.44175952246051514,0.0915726382568247,0.35018688420369043
CV2,sparse_cell,G+E,W216,ME4,-0.17364698111186105,-0.05462673707699487,-0.11902024403486619
CV2,sparse_cell,G+E,W217,ME1,-0.5394314074841748,0.27561870075032197,-0.8150501082344968
CV2,sparse_cell,G+E,W218,ME2,0.298517405417187,0.06868733726339801,0.229830068153789
CV2,sparse_cell,G+E,W219,ME3,0.3660363937109506,-0.04510647581086906,0.41114286952181966
CV2,sparse_cell,G+E,W220,ME4,-0.34458255035572233,-0.11830720546937197,-0.22627534488635037
CV2,sparse_cell,G+E,W221,ME1,0.6424864408707738,0.29452300838159934,0.34796343248917444
CV2,sparse_cell,G+E,W222,ME2,0.7959705407369501,0.4987560191242116,0.2972145216127385
CV2,sparse_cell,G+E,W223,ME3,0.16245816179549796,0.04933641911029894,0.11312174268519902
CV2,sparse_cell,G+E,W224,ME4,-1.776786462223186,0.2021156622242151,-1.978902124447401
CV2,sparse_cell,G+E,W225,ME1,0.6895836592674551,0.2454850230065355,0.4440986362609196
CV2,sparse_cell,G+E,W226,ME2,0.38522030421088155,0.15474435465834663,0.23047594955253492
CV2,sparse_cell,G+E,W227,ME3,0.4533650527340126,-0.14496612778702087,0.5983311805210335
CV2,sparse_cell,G+E,W228,ME4,-0.2857789523945702,0.04994796798459421,-0.3357269203791644
CV2,sparse_cell,G+E,W229,ME1,0.47540248226342524,0.3475325660250537,0.12786991623837152
CV2,sparse_cell,G+E,W230,ME2,-0.10725848961604569,0.2067002126764545,-0.31395870229250017
CV2,sparse_cell,G+E,W231,ME3,-1.4003945754497167,-0.0582239008324412,-1.3421706746172755
CV2,sparse_cell,G+E,W232,ME4,-0.12411822488933168,-0.2226652620947336,0.09854703720540194
CV2,sparse_cell,G+E,W233,ME1,0.7591259639344545,0.23292961342201457,0.52619635051244
CV2,sparse_cell,G+E,W234,ME2,-0.40533925846152025,0.08090591043711855,-0.4862451688986388
CV2,sparse_cell,G+E,W235,ME3,0.5675283330663183,0.3275088540828137,0.24001947898350462
CV2,sparse_cell,G+E,W236,ME4,1.606949565258014,0.3313339523484041,1.27561561290961
CV2,sparse_cell,G+E,W237,ME1,1.1157796878227189,0.3445487229813812,0.7712309648413377
CV2,sparse_cell,G+E,W238,ME2,-0.18922753670917877,0.34202786949505404,-0.5312554062042328
CV2,sparse_cell,G+E,W239,ME3,-0.06302191873653193,0.519383534759305,-0.5824054534958369
CV2,sparse_cell,G+E,W240,ME4,1.6399897139452146,0.2331300614583599,1.4068596524868546
CV2,sparse_cell,G+E,W241,ME1,1.4679623114343485,0.37698095201230414,1.0909813594220443
CV2,sparse_cell,G+E,W242,ME2,0.5003199845291967,-0.05776074459196939,0.558080729121166
CV2,sparse_cell,G+E,W243,ME3,-0.1538221010073438,-0.08049569232395773,-0.07332640868338608
CV2,sparse_cell,G+E,W244,ME4,0.48935866921132964,0.03856984844858044,0.4507888207627492
CV2,sparse_cell,G+E,W245,ME1,0.8245799401153493,0.07541608773637025,0.7491638523789791
CV2,sparse_cell,G+E,W246,ME2,0.5598158934021549,0.26696641226220547,0.2928494811399494
CV2,sparse_cell,G+E,W247,ME3,1.4571167234627758,0.1116535628849125,1.3454631605778633
CV2,sparse_cell,G+E,W248,ME4,-0.12229315000946639,0.08974594523454325,-0.21203909524400966
CV2,sparse_cell,G+E,W249,ME1,-0.4484213062248097,0.4061767336502407,-0.8545980398750503
CV2,sparse_cell,G+E,W250,ME2,-0.21156777267572885,0.32142917590028885,-0.5329969485760178
CV2,sparse_cell,G+E,W251,ME3,-0.699594545419299,-0.4016797129360458,-0.2979148324832532
CV2,sparse_cell,G+E,W252,ME4,0.7817718517951378,0.012931616212595663,0.7688402355825421
CV2,sparse_cell,G+E,W253,ME1,1.4390019606443423,0.3935305755332058,1.0454713851111364
CV2,sparse_cell,G+E,W254,ME2,-0.3479571282890808,0.032533502365570066,-0.3804906306546509
CV2,sparse_cell,G+E,W255,ME3,0.1625003944384145,0.32222709366098407,-0.15972669922256957
CV2,sparse_cell,G+E,W256,ME4,-0.012017720414895539,0.09212315649039184,-0.10414087690528738
CV2,sparse_cell,G+E,W257,ME1,0.8522535261627155,0.3953753230698991,0.45687820309281646
CV2,sparse_cell,G+E,W258,ME2,-0.7187860592975854,-0.2988941528841726,-0.41989190641341284
CV2,sparse_cell,G+E,W259,ME3,-1.1657669044619396,-0.01292060388126945,-1.1528463005806702
CV2,sparse_cell,G+E,W260,ME4,-0.5241872252789396,-0.5766016250783448,0.05241439979940521
CV2,sparse_cell,G+E,W261,ME1,0.22731749751507793,-0.055233213491577435,0.28255071100665535
CV2,sparse_cell,G+E,W262,ME2,-0.02358069926201445,-0.13244026392400493,0.10885956466199048
CV2,sparse_cell,G+E,W263,ME3,-1.4979857667015282,0.015145088941413547,-1.5131308556429417
CV2,sparse_cell,G+E,W264,ME4,-0.5063140781795771,-0.11240183141006543,-0.39391224676951164
CV2,sparse_cell,G+E,W265,ME1,0.26048019392028027,-0.24888927184686774,0.509369465767148
CV2,sparse_cell,G+E,W266,ME2,-1.267779954309016,-0.3398987087160303,-0.9278812455929857
CV2,sparse_cell,G+E,W267,ME3,0.7941824810714333,0.3380808428711922,0.4561016382002411
CV2,sparse_cell,G+E,W268,ME4,1.1852943343927658,0.17216010694544004,1.0131342274473258
CV2,sparse_cell,G+E,W269,ME1,-0.1518057448854522,0.32852893880393785,-0.48033468368939003
CV2,sparse_cell,G+E,W270,ME2,-2.0905081910375016,-0.04869689459573797,-2.0418112964417636
CV2,sparse_cell,G+E,W271,ME3,-0.7556372625697024,-0.17645339067834495,-0.5791838718913574
CV2,sparse_cell,G+E,W272,ME4,1.5786294378118395,-0.36315591608775954,1.941785353899599
CV2,sparse_cell,G+E,W273,ME1,-0.7698518813035222,-0.17456522738660282,-0.5952866539169194
CV2,sparse_cell,G+E,W274,ME2,-1.1044177698884592,-0.23380086711231607,-0.8706169027761431
CV2,sparse_cell,G+E,W275,ME3,-0.6204928052364007,-0.3369710003268968,-0.2835218049095039
CV2,sparse_cell,G+E,W276,ME4,-0.6020203755435065,-0.06507069139703224,-0.5369496841464743
CV2,sparse_cell,G+E,W277,ME1,-0.5857956586223904,-0.43509530173412314,-0.15070035688826722
CV2,sparse_cell,G+E,W278,ME2,-0.8811546411553238,-0.059163488479296436,-0.8219911526760274
CV2,sparse_cell,G+E,W279,ME3,-0.2876995790531457,-0.3832742480105214,0.09557466895737571
CV2,sparse_cell,G+E,W280,ME4,-1.5487937028773537,-0.04903111671048395,-1.4997625861668697
CV2,sparse_cell,G+E,W281,ME1,-0.1682486437170095,-0.057678748294236915,-0.1105698954227726
CV2,sparse_cell,G+E,W282,ME2,-0.7804716910159893,-0.1119930596844525,-0.6684786313315368
CV2,sparse_cell,G+E,W283,ME3,-1.7213542150877255,-0.11898452604671642,-1.602369689041009
CV2,sparse_cell,G+E,W284,ME4,1.4590555663724403,-0.10044082770961249,1.5594963940820528
CV2,sparse_cell,G+E,W285,ME1,1.2356279786623419,-0.22424279749709566,1.4598707761594376
CV2,sparse_cell,G+E,W286,ME2,-0.8867618505225658,-0.1702489538026849,-0.7165128967198809
CV2,sparse_cell,G+E,W287,ME3,-2.1521356193662067,-0.12484262692506697,-2.0272929924411396
CV2,sparse_cell,G+E,W288,ME4,-2.48609552092087,-0.3932347149265602,-2.09286080599431
CV2,sparse_cell,G+E,W289,ME1,0.5617053049073161,0.25207518517085703,0.30963011973645904
CV2,sparse_cell,G+E,W290,ME2,-0.22502254368561264,0.18573957945714792,-0.41076212314276056
CV2,sparse_cell,G+E,W291,ME3,-0.8569956055696786,-0.26483100580972196,-0.5921645997599566
CV2,sparse_cell,G+E,W292,ME4,0.08500231619445406,-0.0501419549494654,0.13514427114391947
CV2,sparse_cell,G+E,W293,ME1,0.8461698979174604,-0.07252865037533324,0.9186985482927936
CV2,sparse_cell,G+E,W294,ME2,0.6605937737226507,0.016629126390467108,0.6439646473321836
CV2,sparse_cell,G+E,W295,ME3,0.9363037710145666,-0.17701555868581192,1.1133193297003785
CV2,sparse_cell,G+E,W296,ME4,-0.05135123075680209,-0.07141822517841015,0.02006699442160806
CV2,sparse_cell,G+E,W297,ME1,0.12716159368620536,-0.2326588230761377,0.35982041676234305
CV2,sparse_cell,G+E,W298,ME2,-0.9044821510059489,-0.3350361649394143,-0.5694459860665346
CV2,sparse_cell,G+E,W299,ME3,-0.801704629463191,0.052651400979612156,-0.8543560304428032
CV2,sparse_cell,G+E,W300,ME4,-0.6507624615591974,-0.6075754356852258,-0.04318702587397161
CV2,sparse_cell,G+E,W301,ME1,0.4116750511802455,-0.013769204198763213,0.4254442553790087
CV2,sparse_cell,G+E,W302,ME2,-0.4864919059966695,-0.3293484095052449,-0.15714349649142462
CV2,sparse_cell,G+E,W303,ME3,-1.2611619982820832,-0.22737570784593994,-1.0337862904361432
CV2,sparse_cell,G+E,W304,ME4,0.7707191353890623,0.015100132441757598,0.7556190029473048
CV2,sparse_cell,G+E,W305,ME1,-1.474013526510542,-0.08849577065047377,-1.3855177558600682
CV2,sparse_cell,G+E,W306,ME2,-1.4221997156642086,-0.206156049263236,-1.2160436664009726
CV2,sparse_cell,G+E,W307,ME3,-0.5341608365861715,0.16093450350429353,-0.695095340090465
CV2,sparse_cell,G+E,W308,ME4,0.11230763907380584,0.15873067614213343,-0.046423037068327594
CV2,sparse_cell,G+E,W309,ME1,1.1562231923286694,-0.20249161358771275,1.3587148059163823
CV2,sparse_cell,G+E,W310,ME2,-0.21608644929899126,-0.1360045550056313,-0.08008189429335996
CV2,sparse_cell,G+E,W311,ME3,-0.8288348792728519,-0.13748458853651277,-0.6913502907363391
CV2,sparse_cell,G+E,W312,ME4,-0.629553832782841,-0.20931326826825075,-0.4202405645145903
CV2,sparse_cell,G+E,W313,ME1,0.10518072001291338,-0.38159283920858883,0.48677355922150223
CV2,sparse_cell,G+E,W314,ME2,-0.4162878726887524,-0.22229494595087917,-0.19399292673787322
CV2,sparse_cell,G+E,W315,ME3,0.47755591059667307,-0.10614835073310973,0.5837042613297828
CV2,sparse_cell,G+E,W316,ME4,-0.3266858031501543,-0.1797306305525341,-0.14695517259762017
CV2,sparse_cell,G+E,W317,ME1,-0.29379779101136066,-0.07213537020482806,-0.2216624208065326
CV2,sparse_cell,G+E,W318,ME2,0.25946312888756146,-0.13894444536671308,0.39840757425427453
CV2,sparse_cell,G+E,W319,ME3,0.8645082780562494,-0.05035204621934489,0.9148603242755943
CV2,sparse_cell,G+E,W320,ME4,-1.312100371043892,-0.050071272265721015,-1.262029098778171
CV2,sparse_cell,G+E,W321,ME1,-1.0426785830653766,-0.07902774216810345,-0.9636508408972732
CV2,sparse_cell,G+E,W322,ME2,0.8221079839499407,-0.16551101447310163,0.9876189984230423
CV2,sparse_cell,G+E,W323,ME3,0.15025292799258408,-0.1438912704345212,0.29414419842710526
CV2,sparse_cell,G+E,W324,ME4,0.0561551197096985,-0.2551794220229774,0.3113345417326759
CV2,sparse_cell,G+E,W325,ME1,0.17486147405095656,-0.24893299577421205,0.4237944698251686
CV2,sparse_cell,G+E,W326,ME2,-0.20335314766593282,-0.19839475583761917,-0.004958391828313646
CV2,sparse_cell,G+E,W327,ME3,1.1601874576443458,-0.30124901543825977,1.4614364730826055
CV2,sparse_cell,G+E,W328,ME4,-0.8026212782872341,-0.0729059807661382,-0.7297152975210959
CV2,sparse_cell,G+E,W329,ME1,-1.657556672110748,-0.4100672594191531,-1.247489412691595
CV2,sparse_cell,G+E,W330,ME2,0.5869469391779631,-0.16043445672091233,0.7473813958988755
CV2,sparse_cell,G+E,W331,ME3,-0.8882477613280045,-0.47720616745057326,-0.4110415938774313
CV2,sparse_cell,G+E,W332,ME4,-0.588599781814847,-0.10564068803820245,-0.4829590937766445
CV2,sparse_cell,G+E,W333,ME1,1.1801097808739682,-0.21366428035617377,1.393774061230142
CV2,sparse_cell,G+E,W334,ME2,0.23763551589927928,-0.0072146816464450595,0.24485019754572435
CV2,sparse_cell,G+E,W335,ME3,0.2146577084404855,0.05948333664763131,0.1551743717928542
CV2,sparse_cell,G+E,W336,ME4,-1.4660438638200486,-0.17588462384777356,-1.290159239972275
CV2,sparse_cell,G+E,W337,ME1,-0.6706406908300031,-0.22601785646931105,-0.44462283436069205
CV2,sparse_cell,G+E,W338,ME2,0.33145184960130375,-0.24114323697630818,0.5725950865776119
CV2,sparse_cell,G+E,W339,ME3,-0.05215968297836793,0.01686487690422718,-0.06902455988259511
CV2,sparse_cell,G+E,W340,ME4,-0.14921300448746808,0.19654076761665723,-0.3457537721041253
CV2,sparse_cell,G+E,W341,ME1,1.4213618819572946,0.0632131115744766,1.3581487703828181
CV2,sparse_cell,G+E,W342,ME2,-0.633937463375902,-0.015112542020242436,-0.6188249213556595
CV2,sparse_cell,G+E,W343,ME3,0.9831397720091377,-0.05253720402901163,1.0356769760381495
CV2,sparse_cell,G+E,W344,ME4,0.11909660295881917,0.2644595882043831,-0.1453629852455639
CV2,sparse_cell,G+E,W345,ME1,-1.1022769652592055,-0.226976429920101,-0.8753005353391045
CV2,sparse_cell,G+E,W346,ME2,0.6804594963002706,0.3149606544546135,0.36549884184565706
CV2,sparse_cell,G+E,W347,ME3,0.25118894456339397,0.2747347367130936,-0.02354579214969965
CV2,sparse_cell,G+E,W348,ME4,-0.07495133696194672,-0.22011466214453004,0.14516332518258332
CV2,sparse_cell,G+E,W349,ME1,-0.06457449704750653,-0.19558685972852521,0.13101236268101868
CV2,sparse_cell,G+E,W350,ME2,-1.5057382750858699,-0.4846118980579212,-1.0211263770279486
CV2,sparse_cell,G+E,W351,ME3,-1.386314212301304,-0.24981205932933398,-1.1365021529719699
CV2,sparse_cell,G+E,W352,ME4,-1.491941047029161,-0.11095493532073938,-1.3809861117084217
CV2,sparse_cell,G+E,W353,ME1,-0.5724800867602826,0.34441568217431767,-0.9168957689346002
CV2,sparse_cell,G+E,W354,ME2,-0.5286788785046079,0.06632484952373416,-0.5950037280283421
CV2,sparse_cell,G+E,W355,ME3,-0.1772527712975054,0.2689552025817764,-0.4462079738792818
CV2,sparse_cell,G+E,W356,ME4,-0.4883071971450517,0.11532866325538421,-0.6036358604004359
CV2,sparse_cell,G+E,W357,ME1,-0.15157771062726316,-0.016455698560438464,-0.1351220120668247
CV2,sparse_cell,G+E,W358,ME2,-0.9178926212646227,0.1560402000210213,-1.073932821285644
CV2,sparse_cell,G+E,W359,ME3,-1.4510653004211223,0.1709912580122282,-1.6220565584333504
CV2,sparse_cell,G+E,W360,ME4,0.5098120945891214,-0.06406683838892788,0.5738789329780493
CV2,sparse_cell,G+E,W361,ME1,1.7077566220813938,0.1920649055298345,1.5156917165515593
CV2,sparse_cell,G+E,W362,ME2,-0.969844745074655,-0.05741150544561262,-0.9124332396290424
CV2,sparse_cell,G+E,W363,ME3,-0.18851199389908596,-0.21165879938104046,0.023146805481954497
CV2,sparse_cell,G+E,W364,ME4,-0.17983807563967694,0.3011766381683181,-0.481014713807995
CV2,sparse_cell,G+E,W365,ME1,0.42732797418879037,-0.04463397508071519,0.4719619492695056
CV2,sparse_cell,G+E,W366,ME2,0.5991802751902414,0.03956632884326737,0.559613946346974
CV2,sparse_cell,G+E,W367,ME3,0.5535746678466565,0.3370670296578356,0.21650763818882096
CV2,sparse_cell,G+E,W368,ME4,-1.0803158613011001,-0.1913355997706861,-0.8889802615304141
CV2,sparse_cell,G+E,W369,ME1,1.5059788799067169,-0.3879039099219558,1.8938827898286728
CV2,sparse_cell,G+E,W370,ME2,-0.3077383748705453,-0.15648635576001774,-0.15125201911052755
CV2,sparse_cell,G+E,W371,ME3,-0.3055555404783089,-0.10870732068009835,-0.19684821979821054
CV2,sparse_cell,G+E,W372,ME4,0.2898669714592444,0.2736733184219325,0.016193653037311906
CV2,sparse_cell,G+E,W373,ME1,-0.9876408860353292,-0.10268305694815749,-0.8849578290871717
CV2,sparse_cell,G+E,W374,ME2,0.4668033019006278,-0.0929851049168475,0.5597884068174753
CV2,sparse_cell,G+E,W375,ME3,-0.08121574130502755,-0.228369406333562,0.14715366502853444
CV2,sparse_cell,G+E,W376,ME4,-0.390335289585429,-0.24466692146779148,-0.14566836811763753
CV2,sparse_cell,G+E,W377,ME1,-0.8604547785304051,-0.19696863897053132,-0.6634861395598738
CV2,sparse_cell,G+E,W378,ME2,-0.5151165199560768,0.039833641092721715,-0.5549501610487985
CV2,sparse_cell,G+E,W379,ME3,-0.4943945800158474,0.030245776666201603,-0.524640356682049
CV2,sparse_cell,G+E,W380,ME4,-0.7243161258985648,-0.6452065283667924,-0.07910959753177238
CV2,sparse_cell,G+E,W381,ME1,-0.47157492751164415,-0.4107870010878414,-0.06078792642380276
CV2,sparse_cell,G+E,W382,ME2,-1.2624891788789776,0.01918657762729442,-1.281675756506272
CV2,sparse_cell,G+E,W383,ME3,-0.3379564241239671,0.023644582814535117,-0.3616010069385022
CV2,sparse_cell,G+E,W384,ME4,-0.05356964074008553,-0.30280156812284986,0.24923192738276434
CV2,sparse_cell,G+E,W385,ME1,-0.0389206430012417,-0.08971360664671152,0.05079296364546982
CV2,sparse_cell,G+E,W386,ME2,-0.4948394332600915,-0.07665449715782979,-0.4181849361022617
CV2,sparse_cell,G+E,W387,ME3,0.34203135947712243,0.06115439073044525,0.28087696874667717
CV2,sparse_cell,G+E,W388,ME4,-0.5011849884309924,-0.24873959272701146,-0.2524453957039809
CV2,sparse_cell,G+E,W389,ME1,0.5995182713634448,-0.5360605887474538,1.1355788601108987
CV2,sparse_cell,G+E,W390,ME2,0.043718470502375345,-0.040324092418183986,0.08404256292055934
CV2,sparse_cell,G+E,W391,ME3,-0.42960125925311243,-0.5798864925869209,0.1502852333338085
CV2,sparse_cell,G+E,W392,ME4,-0.2186995838574817,0.34013180270584825,-0.55883138656333
CV2,sparse_cell,G+E,W393,ME1,-0.17097691073462892,0.3856188117595258,-0.5565957224941547
CV2,sparse_cell,G+E,W394,ME2,0.03283314306258371,0.36595103497689174,-0.333117891914308
CV2,sparse_cell,G+E,W395,ME3,-0.06516733699669865,-0.13495243103440716,0.06978509403770851
CV2,sparse_cell,G+E,W396,ME4,1.5754827569844874,0.39372325450576423,1.181759502478723
CV2,sparse_cell,G+E,W397,ME1,0.6546618414419376,0.34180253076033307,0.31285931068160455
CV2,sparse_cell,G+E,W398,ME2,-1.9297597509382436,-0.4162662925568134,-1.5134934583814301
CV2,sparse_cell,G+E,W399,ME3,0.47372118661984175,0.3812591949013912,0.09246199171845054
CV2,sparse_cell,G+E,W400,ME4,-0.5505328105059495,0.17351798982238376,-0.7240508003283332
CV2,sparse_cell,G+E,W401,ME1,-0.07231137366463306,0.3086400527517892,-0.3809514264164222
CV2,sparse_cell,G+E,W402,ME2,-0.8668138551212717,0.29411580148145255,-1.1609296566027243
CV2,sparse_cell,G+E,W403,ME3,0.292492469335884,0.21425790205742334,0.07823456727846068
CV2,sparse_cell,G+E,W404,ME4,1.8980175417881282,0.3046899094642873,1.5933276323238408
CV2,sparse_cell,G+E,W405,ME1,1.4818398248612796,0.47086150052591835,1.0109783243353614
CV2,sparse_cell,G+E,W406,ME2,-1.0395298267255575,0.16157625188173513,-1.2011060786072927
CV2,sparse_cell,G+E,W407,ME3,0.4321051402897683,0.24581578506676136,0.18628935522300696
CV2,sparse_cell,G+E,W408,ME4,0.6167913760170415,-0.028185678027870684,0.6449770540449121
CV2,sparse_cell,G+E,W409,ME1,-1.2779936493551367,-0.14125449814327648,-1.1367391512118603
CV2,sparse_cell,G+E,W410,ME2,0.0194986169488371,0.28438832591192736,-0.2648897089630903
CV2,sparse_cell,G+E,W411,ME3,1.849060989315101,-0.3479623826347678,2.197023371949869
CV2,sparse_cell,G+E,W412,ME4,0.20503245635381828,0.10600983315758128,0.099022623196237
CV2,sparse_cell,G+E,W413,ME1,-0.3323763010485524,-0.03168432796700049,-0.30069197308155193
CV2,sparse_cell,G+E,W414,ME2,0.1803356585505129,-0.16492537656034356,0.3452610351108565
CV2,sparse_cell,G+E,W415,ME3,1.9449882144359945,-0.1340499736424776,2.079038188078472
CV2,sparse_cell,G+E,W416,ME4,-0.22953989930771182,-0.4260030846116982,0.1964631853039864
CV2,sparse_cell,G+E,W417,ME1,-0.03804922637173485,0.2386953005774227,-0.2767445269491575
CV2,sparse_cell,G+E,W418,ME2,0.5635118417886885,-0.12889879726293213,0.6924106390516207
CV2,sparse_cell,G+E,W419,ME3,-0.5403605885663361,-0.113592242589535,-0.4267683459768011
CV2,sparse_cell,G+E,W420,ME4,-0.025745115524221367,-0.2707822564836185,0.2450371409593971
CV2,sparse_cell,G+E,W421,ME1,-0.7322262287023361,0.11273858635185703,-0.8449648150541932
CV2,sparse_cell,G+E,W422,ME2,1.9038373982792973,0.1367794650711201,1.7670579332081773
CV2,sparse_cell,G+E,W423,ME3,0.19654835115782304,-0.017538584778853956,0.214086935936677
CV2,sparse_cell,G+E,W424,ME4,0.31206680469621634,-0.06360474957872456,0.3756715542749409
CV2,sparse_cell,G+E,W425,ME1,-0.017623872102518333,0.21665962774300368,-0.23428349984552202
CV2,sparse_cell,G+E,W426,ME2,0.3311860450940529,0.16729880857381307,0.16388723652023984
CV2,sparse_cell,G+E,W427,ME3,0.1611320568079141,0.04059432880013089,0.1205377280077832
CV2,sparse_cell,G+E,W428,ME4,-0.24336956154392553,-0.07961599602511314,-0.16375356551881237
CV2,sparse_cell,G+E,W429,ME1,-1.0413592420001396,0.048793525961623674,-1.0901527679617633
CV2,sparse_cell,G+E,W430,ME2,0.273778600206637,0.06360696216943022,0.2101716380372068
CV2,sparse_cell,G+E,W431,ME3,0.0238252881572805,0.013622364705560835,0.010202923451719666
CV2,sparse_cell,G+E,W432,ME4,-0.14617645748907251,0.05546013284282801,-0.2016365903319005
CV2,sparse_cell,G+E,W433,ME1,-0.8926564734189554,0.03783882358427759,-0.930495297003233
CV2,sparse_cell,G+E,W434,ME2,0.24002775646453645,-0.034010673156141494,0.2740384296206779
CV2,sparse_cell,G+E,W435,ME3,-0.03741204407187156,0.12284475502201532,-0.16025679909388688
CV2,sparse_cell,G+E,W436,ME4,0.6863487557056707,0.2550417454569657,0.431307010248705
CV2,sparse_cell,G+E,W437,ME1,-0.704397905122626,-0.1024150252348233,-0.6019828798878027
CV2,sparse_cell,G+E,W438,ME2,0.1924614070241416,-0.23455279673301455,0.42701420375715615
CV2,sparse_cell,G+E,W439,ME3,1.289267307454817,-0.12902944561310908,1.4182967530679262
CV2,sparse_cell,G+E,W440,ME4,1.0853872181243212,-0.01100763704974429,1.0963948551740654
CV2,sparse_cell,G+E,W441,ME1,-0.1405261931857474,0.1473015844996368,-0.2878277776853842
CV2,sparse_cell,G+E,W442,ME2,0.20619463989876383,0.13305756050857243,0.0731370793901914
CV2,sparse_cell,G+E,W443,ME3,1.6516233836797303,0.11296541658387144,1.538657967095859
CV2,sparse_cell,G+E,W444,ME4,-2.0072100325081474,-0.22084696533071788,-1.7863630671774295
CV2,sparse_cell,G+E,W445,ME1,-0.5518348423135264,-0.1940747326698685,-0.3577601096436579
CV2,sparse_cell,G+E,W446,ME2,1.907792822494339,0.24597759746851078,1.6618152250258282
CV2,sparse_cell,G+E,W447,ME3,4.875384608494055,-0.0841221157417115,4.959506724235766
CV2,sparse_cell,G+E,W448,ME4,0.37681762942106406,-0.10917795998900638,0.4859955894100704
CV2,sparse_cell,G+E,W449,ME1,0.12509299720120523,-0.7284563391342952,0.8535493363355005
CV2,sparse_cell,G+E,W450,ME2,-0.38176493013987695,-0.17039781032965018,-0.21136711981022677
CV2,sparse_cell,G+E,W451,ME3,0.32632081631212523,-0.4512626378965486,0.7775834542086738
CV2,sparse_cell,G+E,W452,ME4,-0.10936815851111582,-0.051071554617336555,-0.05829660389377927
CV2,sparse_cell,G+E,W453,ME1,0.3815175205347489,0.3825303145048222,-0.0010127939700733113
CV2,sparse_cell,G+E,W454,ME2,0.7295257426030093,0.2659489707827799,0.4635767718202294
CV2,sparse_cell,G+E,W455,ME3,1.4468541912340296,0.2974939778076434,1.149360213426386
CV2,sparse_cell,G+E,W456,ME4,0.389742620919416,0.3756541965313581,0.014088424388057907
CV2,sparse_cell,G+E,W457,ME1,-0.3174482012178212,0.4065960394999618,-0.724044240717783
CV2,sparse_cell,G+E,W458,ME2,0.7401009647843434,0.18983265726877302,0.5502683075155703
CV2,sparse_cell,G+E,W459,ME3,0.6879504910788741,0.4031936135585748,0.28475687752029927
CV2,sparse_cell,G+E,W460,ME4,1.3428014432059008,0.32988405769156764,1.0129173855143332
CV2,sparse_cell,G+E,W461,ME1,2.082612366221532,-0.007755351110976765,2.0903677173325086
CV2,sparse_cell,G+E,W462,ME2,1.8385444196767766,0.6023651542848322,1.2361792653919443
CV2,sparse_cell,G+E,W463,ME3,0.7807862867382699,0.6368494029988371,0.1439368837394328
CV2,sparse_cell,G+E,W464,ME4,0.4570422571144192,0.38638074975378806,0.07066150736063115
CV2,sparse_cell,G+E,W465,ME1,-0.549196160183055,0.12807701274965275,-0.6772731729327077
CV2,sparse_cell,G+E,W466,ME2,1.461146320131931,-0.07602764934701996,1.537173969478951
CV2,sparse_cell,G+E,W467,ME3,1.411953135127704,0.5600942054062916,0.8518589297214123
CV2,sparse_cell,G+E,W468,ME4,0.06763263802746716,0.3044191960854189,-0.23678655805795173
CV2,sparse_cell,G+E,W469,ME1,0.296908666665976,0.5582901658731415,-0.2613814992071655
CV2,sparse_cell,G+E,W470,ME2,0.8158868927445239,0.21625861264735619,0.5996282800971677
CV2,sparse_cell,G+E,W471,ME3,0.6808385140117097,0.2252869142652952,0.45555159974641446
CV2,sparse_cell,G+E,W472,ME4,0.7454355549412843,0.3789621147192109,0.36647344022207345
CV2,sparse_cell,G+E,W473,ME1,-1.2022944197170344,0.4086514165708703,-1.6109458362879048
CV2,sparse_cell,G+E,W474,ME2,1.0483076196203214,0.20029774556149915,0.8480098740588222
CV2,sparse_cell,G+E,W475,ME3,0.16777947480299704,0.438842555352434,-0.27106308054943695
CV2,sparse_cell,G+E,W476,ME4,0.8550029813497011,0.4106916688827538,0.4443113124669473
CV2,sparse_cell,G+E,W477,ME1,-0.4917559593613715,0.024176566515950397,-0.5159325258773219
CV2,sparse_cell,G+E,W478,ME2,1.5837391560832192,0.4698106760041416,1.1139284800790776
CV2,sparse_cell,G+E,W479,ME3,-1.1343204785461969,0.1262241954178372,-1.260544673964034
CV2,sparse_cell,G+E,W480,ME4,0.0719907909733504,-0.005069050598771111,0.0770598415721215
CV2,sparse_cell,G+E,W481,ME1,-0.6238692356593067,0.05590792191832286,-0.6797771575776296
CV2,sparse_cell,G+E,W482,ME2,1.0628066226229747,-0.03507483383632292,1.0978814564592976
CV2,sparse_cell,G+E,W483,ME3,0.6017874530003112,0.327968571719794,0.27381888128051723
CV2,sparse_cell,G+E,W484,ME4,0.3790675062126212,0.1513690135163101,0.2276984926963111
CV2,sparse_cell,G+E,W485,ME1,-0.9317154842144731,-0.18372807400311192,-0.7479874102113613
CV2,sparse_cell,G+E,W486,ME2,2.429908818879724,0.28805247728284833,2.141856341596876
CV2,sparse_cell,G+E,W487,ME3,0.6283855715092214,0.10043695035817603,0.5279486211510453
CV2,sparse_cell,G+E,W488,ME4,0.04403253182232322,0.1616217698900655,-0.11758923806774227
CV2,sparse_cell,G+E,W489,ME1,-0.2186930792606787,0.12276835109079032,-0.34146143035146903
CV2,sparse_cell,G+E,W490,ME2,0.9018999655551156,0.1640231594692716,0.737876806085844
CV2,sparse_cell,G+E,W491,ME3,1.5891444117488291,0.14119183684079337,1.4479525749080357
CV2,sparse_cell,G+E,W492,ME4,1.3253216312099565,0.2206924555803173,1.1046291756296391
CV2,sparse_cell,G+E,W493,ME1,0.414558055730206,-0.3282139286527491,0.7427719843829551
CV2,sparse_cell,G+E,W494,ME2,0.07548210911883936,-0.16448859227089724,0.23997070138973658
CV2,sparse_cell,G+E,W495,ME3,-0.08742393981377662,-0.2114619099613864,0.12403797014760977
CV2,sparse_cell,G+E,W496,ME4,1.191587696047471,-0.08330175356738959,1.2748894496148606
CV2,sparse_cell,G+E,W497,ME1,0.07669272590058679,0.23562822447788462,-0.15893549857729783
CV2,sparse_cell,G+E,W498,ME2,0.4544687070284439,-0.018956740478995843,0.47342544750743976
CV2,sparse_cell,G+E,W499,ME3,-1.3370371645461494,-0.2206768585271839,-1.1163603060189655
CV2,sparse_cell,G+E,W500,ME4,1.2997548494877165,-0.21098023538901942,1.5107350848767358
CV2,sparse_cell,G+E,W501,ME1,0.05677230463164708,-0.40434136010577904,0.4611136647374261
CV2,sparse_cell,G+E,W502,ME2,-1.6145915494837932,-0.3443752808800301,-1.2702162686037632
CV2,sparse_cell,G+E,W503,ME3,-1.3912385384653865,-0.5571618778930495,-0.834076660572337
CV2,sparse_cell,G+E,W504,ME4,-0.29521899487662834,0.0020934689524073243,-0.29731246382903564
CV2,sparse_cell,G+E,W505,ME1,0.7185847304607064,-0.24212872314226044,0.9607134536029668
CV2,sparse_cell,G+E,W506,ME2,0.1312567548902864,-0.21362996843912524,0.3448867233294116
CV2,sparse_cell,G+E,W507,ME3,1.087184111098613,0.20661314102301193,0.880570970075601
CV2,sparse_cell,G+E,W508,ME4,1.2122377889769722,0.32379756567249507,0.8884402233044771
CV2,sparse_cell,G+E,W509,ME1,-1.4683941108623129,0.3416406390151886,-1.8100347498775013
CV2,sparse_cell,G+E,W510,ME2,1.031277145120041,-0.07101123469145597,1.102288379811497
CV2,sparse_cell,G+E,W511,ME3,1.2596706712988222,0.4313230679200859,0.8283476033787363
CV2,sparse_cell,G+E,W512,ME4,0.5619683293024913,0.3380407450461316,0.22392758425635972
CV2,sparse_cell,G+E,W513,ME1,0.011328334606835667,0.37077913407933716,-0.35945079947250147
CV2,sparse_cell,G+E,W514,ME2,0.5232361302614574,-0.1094635599163127,0.6326996901777702
CV2,sparse_cell,G+E,W515,ME3,0.34541841743903756,-0.12079584490794468,0.46621426234698227
CV2,sparse_cell,G+E,W516,ME4,0.12649130290309799,0.13959854310959846,-0.013107240206500476
CV2,sparse_cell,G+E,W517,ME1,-0.3560837198195595,0.3102919177644075,-0.666375637583967
CV2,sparse_cell,G+E,W518,ME2,1.545222817246839,0.31168883582685364,1.2335339814199853
CV2,sparse_cell,G+E,W519,ME3,0.5149824787494153,0.15232289467831295,0.3626595840711023
CV2,sparse_cell,G+E,W520,ME4,1.9184709671659197,0.304004366728841,1.6144666004370787
CV2,sparse_cell,G+E,W521,ME1,-1.3975976177752751,0.22742838716622044,-1.6250260049414955
CV2,sparse_cell,G+E,W522,ME2,1.1833806100549058,0.24765438756732222,0.9357262224875835
CV2,sparse_cell,G+E,W523,ME3,0.7309517680966139,0.18863875610279507,0.5423130119938189
CV2,sparse_cell,G+E,W524,ME4,1.9022104939905746,-0.5538665995621092,2.456077093552684
CV2,sparse_cell,G+E,W525,ME1,-1.101902337549322,0.3969895164091016,-1.4988918539584235
CV2,sparse_cell,G+E,W526,ME2,0.386872089363083,0.16655828328094752,0.22031380608213547
CV2,sparse_cell,G+E,W527,ME3,0.1582771301467489,0.06629687422460905,0.09198025592213986
CV2,sparse_cell,G+E,W528,ME4,0.7628524333206811,-0.004942638991036599,0.7677950723117177
CV2,sparse_cell,G+E,W529,ME1,-1.424562668806125,0.10260452395289603,-1.5271671927590211
CV2,sparse_cell,G+E,W530,ME2,0.41949009960999495,-0.3139113524816859,0.7334014520916808
CV2,sparse_cell,G+E,W531,ME3,0.8378256942615047,0.08566348522646854,0.7521622090350362
CV2,sparse_cell,G+E,W532,ME4,0.9196279388414551,0.18189680286577758,0.7377311359756775
CV2,sparse_cell,G+E,W533,ME1,0.21659988738019506,0.1361278378337669,0.08047204954642817
CV2,sparse_cell,G+E,W534,ME2,1.8999199461367207,-0.026528895509508217,1.9264488416462289
CV2,sparse_cell,G+E,W535,ME3,1.0950900618526118,0.3106281327205623,0.7844619291320496
CV2,sparse_cell,G+E,W536,ME4,0.49440122523716273,0.23029150094166367,0.26410972429549906
CV2,sparse_cell,G+E,W537,ME1,-0.706295475913985,0.3199771758311176,-1.0262726517451026
CV2,sparse_cell,G+E,W538,ME2,0.6743713073484808,0.24088533114969635,0.4334859761987845
CV2,sparse_cell,G+E,W539,ME3,1.9842054466484027,0.23548356159010808,1.7487218850582946
CV2,sparse_cell,G+E,W540,ME4,0.7549857312522991,-0.013814391642094607,0.7688001228943937
CV2,sparse_cell,G+E,W541,ME1,-0.5933045009813293,-0.16376332959120052,-0.4295411713901287
CV2,sparse_cell,G+E,W542,ME2,1.0681100554105007,-0.00999711784898696,1.0781071732594878
CV2,sparse_cell,G+E,W543,ME3,1.9071308733255052,-0.12440495515528696,2.0315358284807923
CV2,sparse_cell,G+E,W544,ME4,2.125097763694028,0.35998499461234595,1.765112769081682
CV2,sparse_cell,G+E,W545,ME1,-1.5147176415972805,0.36256814467058107,-1.8772857862678616
CV2,sparse_cell,G+E,W546,ME2,0.8839708186731784,0.5714887333690143,0.3124820853041641
CV2,sparse_cell,G+E,W547,ME3,0.5126343438032495,0.06331732189641702,0.4493170219068324
CV2,sparse_cell,G+E,W548,ME4,1.5442755498792187,-0.1670305482596965,1.7113060981389152
CV2,sparse_cell,G+E,W549,ME1,-1.4492473772550856,-0.00012970916917762372,-1.449117668085908
CV2,sparse_cell,G+E,W550,ME2,0.8365057280926893,-0.052383458758599774,0.888889186851289
CV2,sparse_cell,G+E,W551,ME3,0.9346060187693153,0.24803060932707358,0.6865754094422417
CV2,sparse_cell,G+E,W552,ME4,1.7448135190063983,-0.09531138627435906,1.8401249052807573
CV2,sparse_cell,G+E,W553,ME1,-2.045141614306222,0.4914443161643639,-2.536585930470586
CV2,sparse_cell,G+E,W554,ME2,0.5153252818313763,-0.056878912953432934,0.5722041947848092
CV2,sparse_cell,G+E,W555,ME3,0.5844551763473157,0.084100736237696,0.5003544401096197
CV2,sparse_cell,G+E,W556,ME4,1.7595635853846139,0.23930943696677143,1.5202541484178425
CV2,sparse_cell,G+E,W557,ME1,-2.050321249599372,0.08082306576192054,-2.1311443153612926
CV2,sparse_cell,G+E,W558,ME2,0.9559595393869207,0.39750600301756056,0.5584535363693601
CV2,sparse_cell,G+E,W559,ME3,-0.06654412115578129,0.19878132488547395,-0.26532544604125524
CV2,sparse_cell,G+E,W560,ME4,1.405561992307448,-0.00010329555533994395,1.405665287862788
CV2,sparse_cell,G+E,W561,ME1,-1.636455359147615,0.402785482151878,-2.039240841299493
CV2,sparse_cell,G+E,W562,ME2,0.5050411788722706,0.12245311799153884,0.3825880608807318
CV2,sparse_cell,G+E,W563,ME3,0.5096527192133324,0.16095280676881227,0.34869991244452014
CV2,sparse_cell,G+E,W564,ME4,1.4563022206485077,0.28808918327254573,1.168213037375962
CV2,sparse_cell,G+E,W565,ME1,-2.001456765701728,-0.017634950591985804,-1.9838218151097422
CV2,sparse_cell,G+E,W566,ME2,-0.039225193117343994,-0.048713706318164185,0.00948851320082019
CV2,sparse_cell,G+E,W567,ME3,0.12111240438009135,-0.022066301563487066,0.14317870594357843
CV2,sparse_cell,G+E,W568,ME4,1.1783244363601795,0.16959289862439708,1.0087315377357824
CV2,sparse_cell,G+E,W569,ME1,-1.7856386284871266,0.08679581885801603,-1.8724344473451426
CV2,sparse_cell,G+E,W570,ME2,0.30964322264925526,0.03614429806258563,0.27349892458666963
CV2,sparse_cell,G+E,W571,ME3,-0.18840218902750308,0.006995648091053979,-0.19539783711855707
CV2,sparse_cell,G+E,W572,ME4,1.7434368461444318,-0.003318467240201746,1.7467553133846336
CV2,sparse_cell,G+E,W573,ME1,-1.7408461849142838,0.39352492347077783,-2.1343711083850616
CV2,sparse_cell,G+E,W574,ME2,0.3493177096958004,-0.14197902798505774,0.49129673768085813
CV2,sparse_cell,G+E,W575,ME3,0.2991229942737987,0.17757061280762917,0.1215523814661695
CV2,sparse_cell,G+E,W576,ME4,0.3435572130759473,-0.3628362485860932,0.7063934616620404
CV2,sparse_cell,G+E,W577,ME1,-1.4524724331923298,0.4694413635429361,-1.9219137967352657
CV2,sparse_cell,G+E,W578,ME2,0.24635643520860157,-0.02501580902332924,0.2713722442319308
CV2,sparse_cell,G+E,W579,ME3,-0.13355043240734935,-0.052820512359964905,-0.08072992004738444
CV2,sparse_cell,G+E,W580,ME4,0.11452604905708998,-0.23009197347059507,0.34461802252768503
CV2,sparse_cell,G+E,W581,ME1,-1.6029750435970784,0.08242999381650336,-1.6854050374135818
CV2,sparse_cell,G+E,W582,ME2,0.5358934877495878,0.12160813070757513,0.41428535704201264
CV2,sparse_cell,G+E,W583,ME3,-0.10947782594485483,0.3515638684409703,-0.46104169438582515
CV2,sparse_cell,G+E,W584,ME4,1.3320083279680808,0.44412216924276593,0.8878861587253148
CV2,sparse_cell,G+E,W585,ME1,-2.2687292044605485,0.07941715769126054,-2.348146362151809
CV2,sparse_cell,G+E,W586,ME2,0.6403166870266653,0.02208022848127423,0.6182364585453911
CV2,sparse_cell,G+E,W587,ME3,0.14319163009691935,0.013752196890971942,0.12943943320594742
CV2,sparse_cell,G+E,W588,ME4,1.264551357731709,0.029896661539022262,1.2346546961926865
CV2,sparse_cell,G+E,W589,ME1,-0.8414709265361711,0.3802220455078577,-1.2216929720440288
CV2,sparse_cell,G+E,W590,ME2,0.1349273885618447,0.37892650387656795,-0.24399911531472326
CV2,sparse_cell,G+E,W591,ME3,1.961915057716992,0.34174833696526513,1.6201667207517267
CV2,sparse_cell,G+E,W592,ME4,1.7018770591171724,0.23334953577561424,1.468527523341558
CV2,sparse_cell,G+E,W593,ME1,-1.148877394736258,0.34401705284734413,-1.4928944475836021
CV2,sparse_cell,G+E,W594,ME2,0.9528331720873529,0.6111461926220572,0.3416869794652957
CV2,sparse_cell,G+E,W595,ME3,1.574548810356833,0.2981661763783041,1.276382633978529
CV2,sparse_cell,G+E,W596,ME4,0.5543848285085714,0.17639194447873352,0.3779928840298379
CV2,sparse_cell,G+E,W597,ME1,-1.2099742877696142,0.6328004680617552,-1.8427747558313694
CV2,sparse_cell,G+E,W598,ME2,0.5279066951745784,0.43506125578693955,0.0928454393876389
CV2,sparse_cell,G+E,W599,ME3,-0.3043476868908917,-0.32832021457040905,0.023972527679517353
CV2,sparse_cell,G+E+GxE legacy-grid,W001,ME1,1.6716294803197338,-0.11238539146198509,1.7840148717817188
CV2,sparse_cell,G+E+GxE legacy-grid,W002,ME2,0.40952243058809296,0.12057791754587006,0.2889445130422229
CV2,sparse_cell,G+E+GxE legacy-grid,W003,ME3,-0.799559211203025,-0.446748713056717,-0.352810498146308
CV2,sparse_cell,G+E+GxE legacy-grid,W004,ME4,0.5517573500177323,0.264193984360988,0.2875633656567443
CV2,sparse_cell,G+E+GxE legacy-grid,W005,ME1,0.998317612613427,0.3637863935625438,0.6345312190508832
CV2,sparse_cell,G+E+GxE legacy-grid,W006,ME2,0.6264758666133936,0.37662278714508923,0.24985307946830437
CV2,sparse_cell,G+E+GxE legacy-grid,W007,ME3,0.05432570287169062,0.21439060535253565,-0.16006490248084504
CV2,sparse_cell,G+E+GxE legacy-grid,W008,ME4,0.9643265399939988,-0.3685555082501976,1.3328820482441963
CV2,sparse_cell,G+E+GxE legacy-grid,W009,ME1,-0.9676390239598921,-0.36317225441588347,-0.6044667695440087
CV2,sparse_cell,G+E+GxE legacy-grid,W010,ME2,-1.6176229866022003,-0.8517973715964737,-0.7658256150057265
CV2,sparse_cell,G+E+GxE legacy-grid,W011,ME3,-0.21264372606166304,-0.5746175073538191,0.36197378129215607
CV2,sparse_cell,G+E+GxE legacy-grid,W012,ME4,0.6924061162983242,-0.36630357830032284,1.058709694598647
CV2,sparse_cell,G+E+GxE legacy-grid,W013,ME1,1.1741808901610542,0.313772822844057,0.8604080673169971
CV2,sparse_cell,G+E+GxE legacy-grid,W014,ME2,-0.6536512976636655,0.15223202467388625,-0.8058833223375517
CV2,sparse_cell,G+E+GxE legacy-grid,W015,ME3,-0.697905239702633,-0.42988206443131105,-0.2680231752713219
CV2,sparse_cell,G+E+GxE legacy-grid,W016,ME4,-0.6343525210445544,0.038421834380951314,-0.6727743554255057
CV2,sparse_cell,G+E+GxE legacy-grid,W017,ME1,2.3397128482489933,0.29181780245940603,2.0478950457895873
CV2,sparse_cell,G+E+GxE legacy-grid,W018,ME2,-0.35961455453564845,-0.08754603557220583,-0.27206851896344264
CV2,sparse_cell,G+E+GxE legacy-grid,W019,ME3,-0.767698905386699,-0.3053697233892546,-0.46232918199744444
CV2,sparse_cell,G+E+GxE legacy-grid,W020,ME4,0.09811610854244561,-0.38549704691464437,0.48361315545709
CV2,sparse_cell,G+E+GxE legacy-grid,W021,ME1,0.6658680964157973,0.39093581599109933,0.2749322804246979
CV2,sparse_cell,G+E+GxE legacy-grid,W022,ME2,-0.862459724145355,-0.2479342873847573,-0.6145254367605977
CV2,sparse_cell,G+E+GxE legacy-grid,W023,ME3,-0.41496342521819896,-0.1983826874078962,-0.21658073781030276
CV2,sparse_cell,G+E+GxE legacy-grid,W024,ME4,-0.9611117248589154,-0.7314633838919019,-0.22964834096701348
CV2,sparse_cell,G+E+GxE legacy-grid,W025,ME1,-1.127238572450251,-0.6811619799104799,-0.44607659253977106
CV2,sparse_cell,G+E+GxE legacy-grid,W026,ME2,-0.2743862378893214,-0.2826197151413608,0.008233477252039378
CV2,sparse_cell,G+E+GxE legacy-grid,W027,ME3,0.06547512060168752,0.3142336430071142,-0.24875852240542667
CV2,sparse_cell,G+E+GxE legacy-grid,W028,ME4,0.38525073403836974,-0.2731462534806755,0.6583969875190452
CV2,sparse_cell,G+E+GxE legacy-grid,W029,ME1,0.9675492759192114,0.0383536028992878,0.9291956730199236
CV2,sparse_cell,G+E+GxE legacy-grid,W030,ME2,0.41790792992397896,0.18967387763071925,0.22823405229325971
CV2,sparse_cell,G+E+GxE legacy-grid,W031,ME3,0.9539401226965609,0.30086619590418623,0.6530739267923746
CV2,sparse_cell,G+E+GxE legacy-grid,W032,ME4,0.9739475166236292,0.08699143631534484,0.8869560803082843
CV2,sparse_cell,G+E+GxE legacy-grid,W033,ME1,-1.3051134379183305,-0.17547375146334362,-1.129639686454987
CV2,sparse_cell,G+E+GxE legacy-grid,W034,ME2,-0.3815434263838341,-0.9405285752284552,0.5589851488446211
CV2,sparse_cell,G+E+GxE legacy-grid,W035,ME3,-0.07067447363303,-0.6966832983440008,0.6260088247109707
CV2,sparse_cell,G+E+GxE legacy-grid,W036,ME4,-0.8364480971812744,-0.3605418416833777,-0.4759062554978967
CV2,sparse_cell,G+E+GxE legacy-grid,W037,ME1,-1.4010181316481083,-0.7631944714355204,-0.6378236602125879
CV2,sparse_cell,G+E+GxE legacy-grid,W038,ME2,-1.4137319435046494,-0.5055554178350603,-0.9081765256695891
CV2,sparse_cell,G+E+GxE legacy-grid,W039,ME3,-0.8247467594385198,-0.0432546543895747,-0.7814921050489452
CV2,sparse_cell,G+E+GxE legacy-grid,W040,ME4,-0.2185186497099088,-0.23107474066521044,0.012556090955301635
CV2,sparse_cell,G+E+GxE legacy-grid,W041,ME1,0.7482861925898263,0.2391963355660999,0.5090898570237264
CV2,sparse_cell,G+E+GxE legacy-grid,W042,ME2,1.061629488376578,-0.04368780747639972,1.1053172958529778
CV2,sparse_cell,G+E+GxE legacy-grid,W043,ME3,0.4015371533466911,-0.5694295493942609,0.9709667027409521
CV2,sparse_cell,G+E+GxE legacy-grid,W044,ME4,-1.2559399849777169,-0.5151924065481924,-0.7407475784295244
CV2,sparse_cell,G+E+GxE legacy-grid,W045,ME1,-0.28018903224586655,-0.4098521502714454,0.12966311802557884
CV2,sparse_cell,G+E+GxE legacy-grid,W046,ME2,-0.6993633442320486,-0.5656728876809018,-0.13369045655114675
CV2,sparse_cell,G+E+GxE legacy-grid,W047,ME3,-0.7506031315340369,-0.16762466943666934,-0.5829784620973676
CV2,sparse_cell,G+E+GxE legacy-grid,W048,ME4,0.51088983277249,0.013485554623223879,0.49740427814926613
CV2,sparse_cell,G+E+GxE legacy-grid,W049,ME1,0.6860409841848755,-0.08823999715048439,0.7742809813353598
CV2,sparse_cell,G+E+GxE legacy-grid,W050,ME2,0.06876105229264243,-0.3895213126287137,0.4582823649213561
CV2,sparse_cell,G+E+GxE legacy-grid,W051,ME3,0.6325159239864702,0.5541310771587284,0.07838484682774172
CV2,sparse_cell,G+E+GxE legacy-grid,W052,ME4,-0.31881910108177297,-0.17070338031870333,-0.14811572076306964
CV2,sparse_cell,G+E+GxE legacy-grid,W053,ME1,0.025385017808058567,0.2763433232161735,-0.2509583054081149
CV2,sparse_cell,G+E+GxE legacy-grid,W054,ME2,-0.9063491112354478,-0.11060170500792346,-0.7957474062275244
CV2,sparse_cell,G+E+GxE legacy-grid,W055,ME3,1.6860092015424728,-0.23646690298941714,1.9224761045318899
CV2,sparse_cell,G+E+GxE legacy-grid,W056,ME4,-1.3650904761765097,-0.6109351814044354,-0.7541552947720743
CV2,sparse_cell,G+E+GxE legacy-grid,W057,ME1,0.44940657682987684,0.03331716561702841,0.4160894112128484
CV2,sparse_cell,G+E+GxE legacy-grid,W058,ME2,0.23106001868419593,0.028767644763591983,0.20229237392060395
CV2,sparse_cell,G+E+GxE legacy-grid,W059,ME3,0.8378932664901717,-0.5487844241463324,1.3866776906365041
CV2,sparse_cell,G+E+GxE legacy-grid,W060,ME4,0.6133850940214327,-0.5203292079296442,1.133714301951077
CV2,sparse_cell,G+E+GxE legacy-grid,W061,ME1,0.14228515145252696,0.32304627008491227,-0.1807611186323853
CV2,sparse_cell,G+E+GxE legacy-grid,W062,ME2,1.043269991340045,0.4618521418089292,0.5814178495311157
CV2,sparse_cell,G+E+GxE legacy-grid,W063,ME3,0.21655817737173513,0.23087316266810687,-0.014314985296371735
CV2,sparse_cell,G+E+GxE legacy-grid,W064,ME4,0.021297762844700634,0.3636511050439503,-0.3423533421992497
CV2,sparse_cell,G+E+GxE legacy-grid,W065,ME1,0.8241971683248178,-0.4058116791133511,1.230008847438169
CV2,sparse_cell,G+E+GxE legacy-grid,W066,ME2,-0.9564849042459331,-0.09282207629819438,-0.8636628279477387
CV2,sparse_cell,G+E+GxE legacy-grid,W067,ME3,-0.6099346445072371,-0.65262774578774,0.042693101280502854
CV2,sparse_cell,G+E+GxE legacy-grid,W068,ME4,-0.83802143759495,-0.08072756834635761,-0.7572938692485923
CV2,sparse_cell,G+E+GxE legacy-grid,W069,ME1,0.5606872948261147,-0.07465043705247838,0.6353377318785931
CV2,sparse_cell,G+E+GxE legacy-grid,W070,ME2,-0.45527253375219584,0.2082024255835871,-0.6634749593357829
CV2,sparse_cell,G+E+GxE legacy-grid,W071,ME3,1.4130089512006208,0.19654346989492522,1.2164654813056957
CV2,sparse_cell,G+E+GxE legacy-grid,W072,ME4,-2.5818096849868675,-0.6523824713303438,-1.9294272136565236
CV2,sparse_cell,G+E+GxE legacy-grid,W073,ME1,0.33457503967041147,0.34849852005631216,-0.013923480385900688
CV2,sparse_cell,G+E+GxE legacy-grid,W074,ME2,-0.674903000886236,0.3431740346985993,-1.0180770355848354
CV2,sparse_cell,G+E+GxE legacy-grid,W075,ME3,-0.20287953901933256,-0.49649147006289307,0.29361193104356054
CV2,sparse_cell,G+E+GxE legacy-grid,W076,ME4,0.06664930026891967,0.14735823775348478,-0.0807089374845651
CV2,sparse_cell,G+E+GxE legacy-grid,W077,ME1,-0.15064114135255904,0.2560237663792,-0.406664907731759
CV2,sparse_cell,G+E+GxE legacy-grid,W078,ME2,-0.6132110404890881,-0.4372504776331034,-0.17596056285598477
CV2,sparse_cell,G+E+GxE legacy-grid,W079,ME3,1.155178666194431,-0.0266823806386847,1.1818610468331157
CV2,sparse_cell,G+E+GxE legacy-grid,W080,ME4,-1.2064269621593235,-0.5675722146082274,-0.6388547475510962
CV2,sparse_cell,G+E+GxE legacy-grid,W081,ME1,1.3097065362511746,0.9566508790837652,0.3530556571674094
CV2,sparse_cell,G+E+GxE legacy-grid,W082,ME2,-0.4044722294735835,-0.1510640313651349,-0.2534081981084486
CV2,sparse_cell,G+E+GxE legacy-grid,W083,ME3,-0.2850473690779795,0.1655122784524114,-0.4505596475303909
CV2,sparse_cell,G+E+GxE legacy-grid,W084,ME4,0.024696178138241338,0.03062592262890923,-0.005929744490667892
CV2,sparse_cell,G+E+GxE legacy-grid,W085,ME1,-0.07534097166628811,0.06810927050112787,-0.14345024216741598
CV2,sparse_cell,G+E+GxE legacy-grid,W086,ME2,-0.08236779611563717,0.6499291082491541,-0.7322969043647912
CV2,sparse_cell,G+E+GxE legacy-grid,W087,ME3,-0.05258200940753501,1.2502831570597763,-1.3028651664673114
CV2,sparse_cell,G+E+GxE legacy-grid,W088,ME4,0.6437269638991793,0.26901101050472237,0.3747159533944569
CV2,sparse_cell,G+E+GxE legacy-grid,W089,ME1,-0.7229582649230821,-0.8186616773406432,0.09570341241756108
CV2,sparse_cell,G+E+GxE legacy-grid,W090,ME2,-0.32331958193843435,-0.14526661964257503,-0.17805296229585932
CV2,sparse_cell,G+E+GxE legacy-grid,W091,ME3,-0.5492970158075015,-0.2397955951538096,-0.30950142065369185
CV2,sparse_cell,G+E+GxE legacy-grid,W092,ME4,0.10336319882205586,-0.25352896468758546,0.3568921635096413
CV2,sparse_cell,G+E+GxE legacy-grid,W093,ME1,-0.05990793883528156,-0.3030877928052726,0.24317985396999103
CV2,sparse_cell,G+E+GxE legacy-grid,W094,ME2,0.12579510513415798,0.5569568440662186,-0.4311617389320606
CV2,sparse_cell,G+E+GxE legacy-grid,W095,ME3,0.18433467082632615,-0.43120249333067695,0.6155371641570031
CV2,sparse_cell,G+E+GxE legacy-grid,W096,ME4,-0.9079485522807936,-0.30610152508868815,-0.6018470271921055
CV2,sparse_cell,G+E+GxE legacy-grid,W097,ME1,0.41013581993747006,0.28523289230956755,0.1249029276279025
CV2,sparse_cell,G+E+GxE legacy-grid,W098,ME2,0.35041257111852275,0.0030111702513495597,0.3474014008671732
CV2,sparse_cell,G+E+GxE legacy-grid,W099,ME3,-0.6989357161897987,0.30228090922640966,-1.0012166254162083
CV2,sparse_cell,G+E+GxE legacy-grid,W100,ME4,-0.6463571084009043,-0.1014308031237384,-0.5449263052771659
CV2,sparse_cell,G+E+GxE legacy-grid,W101,ME1,1.9633911695919264,0.18805413387196762,1.7753370357199587
CV2,sparse_cell,G+E+GxE legacy-grid,W102,ME2,-0.07896296695132968,-0.2770264559067332,0.19806348895540352
CV2,sparse_cell,G+E+GxE legacy-grid,W103,ME3,-0.5613671051530811,0.449130783994189,-1.01049788914727
CV2,sparse_cell,G+E+GxE legacy-grid,W104,ME4,-0.1326378632293884,-0.4498519291798838,0.3172140659504954
CV2,sparse_cell,G+E+GxE legacy-grid,W105,ME1,0.6205218553587818,-0.1034721263681571,0.7239939817269389
CV2,sparse_cell,G+E+GxE legacy-grid,W106,ME2,0.41126914592145514,0.31192196344467593,0.0993471824767792
CV2,sparse_cell,G+E+GxE legacy-grid,W107,ME3,-0.14108473590368073,-0.11188201677903557,-0.029202719124645157
CV2,sparse_cell,G+E+GxE legacy-grid,W108,ME4,-0.5390867589964545,-0.02114291998944521,-0.5179438390070094
CV2,sparse_cell,G+E+GxE legacy-grid,W109,ME1,-0.7609666893148012,0.16409444855098643,-0.9250611378657876
CV2,sparse_cell,G+E+GxE legacy-grid,W110,ME2,-0.5164645285285623,-0.3867031766234085,-0.1297613519051538
CV2,sparse_cell,G+E+GxE legacy-grid,W111,ME3,1.2584797107685726,0.5003526911620718,0.7581270196065008
CV2,sparse_cell,G+E+GxE legacy-grid,W112,ME4,-0.00245967740181196,-0.8588864771070566,0.8564267997052446
CV2,sparse_cell,G+E+GxE legacy-grid,W113,ME1,-1.0811349318928232,-0.7667041187613816,-0.3144308131314416
CV2,sparse_cell,G+E+GxE legacy-grid,W114,ME2,0.2898597728953063,-0.3286153246359164,0.6184750975312228
CV2,sparse_cell,G+E+GxE legacy-grid,W115,ME3,-2.160573701420955,-0.5371545361714963,-1.6234191652494587
CV2,sparse_cell,G+E+GxE legacy-grid,W116,ME4,-0.3306191541843449,0.008754635867177146,-0.339373790051522
CV2,sparse_cell,G+E+GxE legacy-grid,W117,ME1,-0.115605306397947,0.3750486039661777,-0.49065391036412465
CV2,sparse_cell,G+E+GxE legacy-grid,W118,ME2,-0.31294054879816674,-0.2179787070941661,-0.09496184170400063
CV2,sparse_cell,G+E+GxE legacy-grid,W119,ME3,0.6173797447651402,-0.41109549762837894,1.0284752423935193
CV2,sparse_cell,G+E+GxE legacy-grid,W120,ME4,-0.5501001418921881,-0.33827158958370374,-0.2118285523084844
CV2,sparse_cell,G+E+GxE legacy-grid,W121,ME1,1.8092807314594008,0.5375569509898797,1.2717237804695212
CV2,sparse_cell,G+E+GxE legacy-grid,W122,ME2,0.8530172509359556,0.49933979578222354,0.35367745515373206
CV2,sparse_cell,G+E+GxE legacy-grid,W123,ME3,-2.0254292440876536,-0.23164088169725452,-1.793788362390399
CV2,sparse_cell,G+E+GxE legacy-grid,W124,ME4,-0.7409935342835337,-0.18044826275926323,-0.5605452715242705
CV2,sparse_cell,G+E+GxE legacy-grid,W125,ME1,1.0141497053962651,0.3622517208608722,0.6518979845353929
CV2,sparse_cell,G+E+GxE legacy-grid,W126,ME2,-0.7164381194835368,0.43442217379410053,-1.1508602932776373
CV2,sparse_cell,G+E+GxE legacy-grid,W127,ME3,0.18361671589674317,0.15272821686970997,0.030888499027033195
CV2,sparse_cell,G+E+GxE legacy-grid,W128,ME4,-0.5459701233062877,-0.8451921601389961,0.2992220368327084
CV2,sparse_cell,G+E+GxE legacy-grid,W129,ME1,0.3675992867045699,0.2704660971286625,0.09713318957590744
CV2,sparse_cell,G+E+GxE legacy-grid,W130,ME2,-0.5809347788943552,0.009754549665808313,-0.5906893285601635
CV2,sparse_cell,G+E+GxE legacy-grid,W131,ME3,-0.939045184228159,-1.4781375566102262,0.5390923723820672
CV2,sparse_cell,G+E+GxE legacy-grid,W132,ME4,-0.6911737100844733,-0.2763706473908575,-0.4148030626936158
CV2,sparse_cell,G+E+GxE legacy-grid,W133,ME1,0.6006177222511422,-0.4845729692682555,1.0851906915193976
CV2,sparse_cell,G+E+GxE legacy-grid,W134,ME2,0.28636001354983914,0.5413361423439285,-0.2549761287940893
CV2,sparse_cell,G+E+GxE legacy-grid,W135,ME3,-0.5546098822864167,0.04338017022933435,-0.5979900525157511
CV2,sparse_cell,G+E+GxE legacy-grid,W136,ME4,-0.7200209065692281,-0.4217403337163977,-0.29828057285283044
CV2,sparse_cell,G+E+GxE legacy-grid,W137,ME1,1.2593842619172477,0.31704136077705014,0.9423429011401976
CV2,sparse_cell,G+E+GxE legacy-grid,W138,ME2,-0.5049336758568758,-0.42350696131272325,-0.08142671454415251
CV2,sparse_cell,G+E+GxE legacy-grid,W139,ME3,0.6211468965133073,0.22252930710840158,0.39861758940490577
CV2,sparse_cell,G+E+GxE legacy-grid,W140,ME4,0.13089665606139114,0.0759284394068586,0.05496821665453254
CV2,sparse_cell,G+E+GxE legacy-grid,W141,ME1,0.988813470495336,0.2817101167927741,0.7071033537025619
CV2,sparse_cell,G+E+GxE legacy-grid,W142,ME2,-0.13766146230253548,0.3579730860430322,-0.49563454834556764
CV2,sparse_cell,G+E+GxE legacy-grid,W143,ME3,-2.1099029764495496,-0.18072967033945514,-1.9291733061100944
CV2,sparse_cell,G+E+GxE legacy-grid,W144,ME4,-1.4804713954134605,-0.19128827706304213,-1.2891831183504183
CV2,sparse_cell,G+E+GxE legacy-grid,W145,ME1,-0.7810907125999806,-0.22261681655775142,-0.5584738960422292
CV2,sparse_cell,G+E+GxE legacy-grid,W146,ME2,-0.3760058324827775,0.3773076951802743,-0.7533135276630518
CV2,sparse_cell,G+E+GxE legacy-grid,W147,ME3,-1.0190844890838067,-0.14235888503089825,-0.8767256040529084
CV2,sparse_cell,G+E+GxE legacy-grid,W148,ME4,-0.4568403888715257,0.04921231758517544,-0.5060527064567012
CV2,sparse_cell,G+E+GxE legacy-grid,W149,ME1,0.5843132727906273,0.17033374149408304,0.41397953129654425
CV2,sparse_cell,G+E+GxE legacy-grid,W150,ME2,-2.2598003474412476,-0.8471499680837828,-1.4126503793574647
CV2,sparse_cell,G+E+GxE legacy-grid,W151,ME3,-1.2934023978846596,-0.8763613063437546,-0.41704109154090496
CV2,sparse_cell,G+E+GxE legacy-grid,W152,ME4,-0.39748612176558745,-0.695784049535839,0.2982979277702516
CV2,sparse_cell,G+E+GxE legacy-grid,W153,ME1,1.725315259961947,0.12542356430911183,1.5998916956528353
CV2,sparse_cell,G+E+GxE legacy-grid,W154,ME2,-0.5974652877738541,0.4619721215497987,-1.0594374093236527
CV2,sparse_cell,G+E+GxE legacy-grid,W155,ME3,-0.16035971413084232,0.21234522248929463,-0.37270493662013693
CV2,sparse_cell,G+E+GxE legacy-grid,W156,ME4,0.3000307505315928,-0.25260652038626186,0.5526372709178546
CV2,sparse_cell,G+E+GxE legacy-grid,W157,ME1,0.8671164733482509,0.47152135669511436,0.39559511665313657
CV2,sparse_cell,G+E+GxE legacy-grid,W158,ME2,-0.9264806383203201,0.10050527563021636,-1.0269859139505364
CV2,sparse_cell,G+E+GxE legacy-grid,W159,ME3,-1.3606874445794765,-0.780118795258322,-0.5805686493211546
CV2,sparse_cell,G+E+GxE legacy-grid,W160,ME4,-0.46173347755805894,0.22527110329144875,-0.6870045808495077
CV2,sparse_cell,G+E+GxE legacy-grid,W161,ME1,0.9529713715564129,0.15845827909302496,0.7945130924633879
CV2,sparse_cell,G+E+GxE legacy-grid,W162,ME2,-1.9813384827023757,-0.1494149005480589,-1.8319235821543167
CV2,sparse_cell,G+E+GxE legacy-grid,W163,ME3,-1.4454399123846235,-0.48628666366770285,-0.9591532487169208
CV2,sparse_cell,G+E+GxE legacy-grid,W164,ME4,-0.9345694720801964,-0.40616778718130436,-0.5284016848988919
CV2,sparse_cell,G+E+GxE legacy-grid,W165,ME1,-0.14388155441338457,0.19100560447130255,-0.3348871588846871
CV2,sparse_cell,G+E+GxE legacy-grid,W166,ME2,-2.5271870243780064,0.13469927033290063,-2.661886294710907
CV2,sparse_cell,G+E+GxE legacy-grid,W167,ME3,-0.6482480981612279,-0.5082811818872336,-0.13996691627399427
CV2,sparse_cell,G+E+GxE legacy-grid,W168,ME4,0.3942974414170083,0.22496868529503838,0.1693287561219699
CV2,sparse_cell,G+E+GxE legacy-grid,W169,ME1,0.9551865614931063,0.0594601525511738,0.8957264089419326
CV2,sparse_cell,G+E+GxE legacy-grid,W170,ME2,-2.333371237841007,-0.14786086451565866,-2.1855103733253483
CV2,sparse_cell,G+E+GxE legacy-grid,W171,ME3,-1.2616181108255835,-0.07278953050831057,-1.188828580317273
CV2,sparse_cell,G+E+GxE legacy-grid,W172,ME4,-0.41822274841784135,-0.01133936945329235,-0.406883378964549
CV2,sparse_cell,G+E+GxE legacy-grid,W173,ME1,-0.15331239980563044,0.015491371509083736,-0.16880377131471416
CV2,sparse_cell,G+E+GxE legacy-grid,W174,ME2,0.4238758739796326,0.0037923341837364094,0.4200835397958962
CV2,sparse_cell,G+E+GxE legacy-grid,W175,ME3,-1.7588905881120498,-0.39056474641864924,-1.3683258416934005
CV2,sparse_cell,G+E+GxE legacy-grid,W176,ME4,-0.6277680914133182,0.04174662383385419,-0.6695147152471724
CV2,sparse_cell,G+E+GxE legacy-grid,W177,ME1,1.053053978659442,-0.10406052482160841,1.1571145034810504
CV2,sparse_cell,G+E+GxE legacy-grid,W178,ME2,-0.5449562402343447,-0.1965859581674737,-0.34837028206687104
CV2,sparse_cell,G+E+GxE legacy-grid,W179,ME3,-2.2603272039900983,-1.150999728120166,-1.1093274758699323
CV2,sparse_cell,G+E+GxE legacy-grid,W180,ME4,-1.6784448196663495,-1.0833601901414533,-0.5950846295248962
CV2,sparse_cell,G+E+GxE legacy-grid,W181,ME1,0.8223158856947588,0.30069002839151954,0.5216258573032393
CV2,sparse_cell,G+E+GxE legacy-grid,W182,ME2,-1.3916385260091175,-1.0158166214679727,-0.37582190454114484
CV2,sparse_cell,G+E+GxE legacy-grid,W183,ME3,0.4471484076966806,-0.016418298884102754,0.46356670658078336
CV2,sparse_cell,G+E+GxE legacy-grid,W184,ME4,-0.04531747027035415,0.3310378712507251,-0.37635534152107925
CV2,sparse_cell,G+E+GxE legacy-grid,W185,ME1,0.6157657122594117,0.322669142219977,0.2930965700394347
CV2,sparse_cell,G+E+GxE legacy-grid,W186,ME2,-0.7054325471476078,0.175316613162963,-0.8807491603105708
CV2,sparse_cell,G+E+GxE legacy-grid,W187,ME3,-0.6477075203318948,-0.08090371113716326,-0.5668038091947316
CV2,sparse_cell,G+E+GxE legacy-grid,W188,ME4,-0.5395194276102152,0.19822015693202955,-0.7377395845422448
CV2,sparse_cell,G+E+GxE legacy-grid,W189,ME1,0.7823610260277849,0.26126761975273183,0.5210934062750531
CV2,sparse_cell,G+E+GxE legacy-grid,W190,ME2,0.6671123128290374,-0.12887726883818545,0.7959895816672229
CV2,sparse_cell,G+E+GxE legacy-grid,W191,ME3,-0.3839900049031236,0.28812211345863725,-0.6721121183617609
CV2,sparse_cell,G+E+GxE legacy-grid,W192,ME4,-1.3559100348627087,-0.7345437424513042,-0.6213662924114045
CV2,sparse_cell,G+E+GxE legacy-grid,W193,ME1,-0.1570098124205512,0.26670400385399484,-0.4237138162745461
CV2,sparse_cell,G+E+GxE legacy-grid,W194,ME2,-0.6745739095915452,0.3085753702231867,-0.9831492798147319
CV2,sparse_cell,G+E+GxE legacy-grid,W195,ME3,-1.1620081992423568,-0.6329544425831132,-0.5290537566592436
CV2,sparse_cell,G+E+GxE legacy-grid,W196,ME4,-1.7898923878691095,-0.2583696560420795,-1.53152273182703
CV2,sparse_cell,G+E+GxE legacy-grid,W197,ME1,-0.4289650975528974,-0.32075791735270526,-0.10820718020019215
CV2,sparse_cell,G+E+GxE legacy-grid,W198,ME2,2.143377888742169,0.22167368616644778,1.9217042025757212
CV2,sparse_cell,G+E+GxE legacy-grid,W199,ME3,0.06689413740368748,0.21241157938613198,-0.14551744198244448
CV2,sparse_cell,G+E+GxE legacy-grid,W200,ME4,0.2760845094354399,-0.16575150458239907,0.44183601401783895
CV2,sparse_cell,G+E+GxE legacy-grid,W201,ME1,0.2495345495272083,0.19901612224616896,0.050518427281039335
CV2,sparse_cell,G+E+GxE legacy-grid,W202,ME2,1.6505826609780379,0.020810882810523526,1.6297717781675143
CV2,sparse_cell,G+E+GxE legacy-grid,W203,ME3,-1.5355390327830185,0.2301496382431426,-1.7656886710261612
CV2,sparse_cell,G+E+GxE legacy-grid,W204,ME4,0.406097494519581,0.3310722422870995,0.07502525223248147
CV2,sparse_cell,G+E+GxE legacy-grid,W205,ME1,-1.688113262708076,-0.6372661992015223,-1.0508470635065537
CV2,sparse_cell,G+E+GxE legacy-grid,W206,ME2,-2.1234173205066416,-0.4523555343443263,-1.6710617861623152
CV2,sparse_cell,G+E+GxE legacy-grid,W207,ME3,-0.13213986213393236,0.0341532851708594,-0.16629314730479178
CV2,sparse_cell,G+E+GxE legacy-grid,W208,ME4,-0.20606566033566145,0.15798508341409384,-0.3640507437497553
CV2,sparse_cell,G+E+GxE legacy-grid,W209,ME1,0.36454525646096697,0.2667787682362784,0.09776648822468859
CV2,sparse_cell,G+E+GxE legacy-grid,W210,ME2,-0.6701754778644194,0.5188775579072478,-1.1890530357716673
CV2,sparse_cell,G+E+GxE legacy-grid,W211,ME3,1.7548568560252062,0.5415799886372302,1.2132768673879761
CV2,sparse_cell,G+E+GxE legacy-grid,W212,ME4,0.7225591853264305,0.08758271893593098,0.6349764663904995
CV2,sparse_cell,G+E+GxE legacy-grid,W213,ME1,1.0264146908545742,0.2673796363605664,0.7590350544940078
CV2,sparse_cell,G+E+GxE legacy-grid,W214,ME2,0.6404116172078261,0.4250201684888522,0.21539144871897392
CV2,sparse_cell,G+E+GxE legacy-grid,W215,ME3,0.44175952246051514,-0.11818972401908372,0.5599492464795989
CV2,sparse_cell,G+E+GxE legacy-grid,W216,ME4,-0.17364698111186105,-0.27455533604346155,0.1009083549316005
CV2,sparse_cell,G+E+GxE legacy-grid,W217,ME1,-0.5394314074841748,-0.11374545897629378,-0.42568594850788105
CV2,sparse_cell,G+E+GxE legacy-grid,W218,ME2,0.298517405417187,0.22615270317819064,0.07236470223899638
CV2,sparse_cell,G+E+GxE legacy-grid,W219,ME3,0.3660363937109506,0.05631302793361348,0.3097233657773371
CV2,sparse_cell,G+E+GxE legacy-grid,W220,ME4,-0.34458255035572233,-0.3103622438714377,-0.034220306484284646
CV2,sparse_cell,G+E+GxE legacy-grid,W221,ME1,0.6424864408707738,0.26902442349382055,0.3734620173769532
CV2,sparse_cell,G+E+GxE legacy-grid,W222,ME2,0.7959705407369501,0.7753452909268143,0.020625249810135804
CV2,sparse_cell,G+E+GxE legacy-grid,W223,ME3,0.16245816179549796,-0.005508079209101848,0.1679662410045998
CV2,sparse_cell,G+E+GxE legacy-grid,W224,ME4,-1.776786462223186,-0.00805569352607069,-1.7687307686971152
CV2,sparse_cell,G+E+GxE legacy-grid,W225,ME1,0.6895836592674551,0.3054984432429371,0.384085216024518
CV2,sparse_cell,G+E+GxE legacy-grid,W226,ME2,0.38522030421088155,0.2709955485990726,0.11422475561180895
CV2,sparse_cell,G+E+GxE legacy-grid,W227,ME3,0.4533650527340126,-0.20036610805362376,0.6537311607876364
CV2,sparse_cell,G+E+GxE legacy-grid,W228,ME4,-0.2857789523945702,-0.013660901314741222,-0.27211805107982895
CV2,sparse_cell,G+E+GxE legacy-grid,W229,ME1,0.47540248226342524,-0.06885879369860513,0.5442612759620303
CV2,sparse_cell,G+E+GxE legacy-grid,W230,ME2,-0.10725848961604569,0.17768258930117603,-0.2849410789172217
CV2,sparse_cell,G+E+GxE legacy-grid,W231,ME3,-1.4003945754497167,-0.10766359752112738,-1.2927309779285894
CV2,sparse_cell,G+E+GxE legacy-grid,W232,ME4,-0.12411822488933168,0.21762068573527196,-0.34173891062460365
CV2,sparse_cell,G+E+GxE legacy-grid,W233,ME1,0.7591259639344545,0.14706335800567547,0.612062605928779
CV2,sparse_cell,G+E+GxE legacy-grid,W234,ME2,-0.40533925846152025,-0.06913341101994597,-0.3362058474415743
CV2,sparse_cell,G+E+GxE legacy-grid,W235,ME3,0.5675283330663183,0.324993195274065,0.24253513779225333
CV2,sparse_cell,G+E+GxE legacy-grid,W236,ME4,1.606949565258014,0.351893400430142,1.255056164827872
CV2,sparse_cell,G+E+GxE legacy-grid,W237,ME1,1.1157796878227189,0.22504087997811908,0.8907388078445998
CV2,sparse_cell,G+E+GxE legacy-grid,W238,ME2,-0.18922753670917877,0.4188704029611997,-0.6080979396703785
CV2,sparse_cell,G+E+GxE legacy-grid,W239,ME3,-0.06302191873653193,0.4618456488320011,-0.524867567568533
CV2,sparse_cell,G+E+GxE legacy-grid,W240,ME4,1.6399897139452146,0.20940261369691138,1.4305871002483033
CV2,sparse_cell,G+E+GxE legacy-grid,W241,ME1,1.4679623114343485,0.3334503792401944,1.1345119321941541
CV2,sparse_cell,G+E+GxE legacy-grid,W242,ME2,0.5003199845291967,-0.12261338958721517,0.6229333741164118
CV2,sparse_cell,G+E+GxE legacy-grid,W243,ME3,-0.1538221010073438,-0.34519809657709,0.1913759955697462
CV2,sparse_cell,G+E+GxE legacy-grid,W244,ME4,0.48935866921132964,-0.19415913602888255,0.6835178052402122
CV2,sparse_cell,G+E+GxE legacy-grid,W245,ME1,0.8245799401153493,0.10644609134619228,0.718133848769157
CV2,sparse_cell,G+E+GxE legacy-grid,W246,ME2,0.5598158934021549,0.2140341790147382,0.34578171438741667
CV2,sparse_cell,G+E+GxE legacy-grid,W247,ME3,1.4571167234627758,0.1510257169356217,1.306091006527154
CV2,sparse_cell,G+E+GxE legacy-grid,W248,ME4,-0.12229315000946639,-0.37806628137779297,0.2557731313683266
CV2,sparse_cell,G+E+GxE legacy-grid,W249,ME1,-0.4484213062248097,0.3983324961321935,-0.8467538023570031
CV2,sparse_cell,G+E+GxE legacy-grid,W250,ME2,-0.21156777267572885,0.4945383043375991,-0.706106077013328
CV2,sparse_cell,G+E+GxE legacy-grid,W251,ME3,-0.699594545419299,-0.7280414035299091,0.028446858110610096
CV2,sparse_cell,G+E+GxE legacy-grid,W252,ME4,0.7817718517951378,0.2112509606102161,0.5705208911849217
CV2,sparse_cell,G+E+GxE legacy-grid,W253,ME1,1.4390019606443423,0.26911806977398095,1.1698838908703613
CV2,sparse_cell,G+E+GxE legacy-grid,W254,ME2,-0.3479571282890808,-0.3204553564563989,-0.02750177183268193
CV2,sparse_cell,G+E+GxE legacy-grid,W255,ME3,0.1625003944384145,0.33328116807791025,-0.17078077363949576
CV2,sparse_cell,G+E+GxE legacy-grid,W256,ME4,-0.012017720414895539,-0.007847319556713146,-0.004170400858182393
CV2,sparse_cell,G+E+GxE legacy-grid,W257,ME1,0.8522535261627155,0.3564818607446307,0.4957716654180849
CV2,sparse_cell,G+E+GxE legacy-grid,W258,ME2,-0.7187860592975854,-0.5168091537560816,-0.20197690554150383
CV2,sparse_cell,G+E+GxE legacy-grid,W259,ME3,-1.1657669044619396,-0.09785485601414616,-1.0679120484477935
CV2,sparse_cell,G+E+GxE legacy-grid,W260,ME4,-0.5241872252789396,-0.09893170326080836,-0.4252555220181312
CV2,sparse_cell,G+E+GxE legacy-grid,W261,ME1,0.22731749751507793,0.5560035058939744,-0.3286860083788965
CV2,sparse_cell,G+E+GxE legacy-grid,W262,ME2,-0.02358069926201445,-0.21616381693506442,0.19258311767304997
CV2,sparse_cell,G+E+GxE legacy-grid,W263,ME3,-1.4979857667015282,0.053925240851877,-1.551911007553405
CV2,sparse_cell,G+E+GxE legacy-grid,W264,ME4,-0.5063140781795771,0.17278578410880152,-0.6790998622883786
CV2,sparse_cell,G+E+GxE legacy-grid,W265,ME1,0.26048019392028027,0.1799052931741402,0.08057490074614007
CV2,sparse_cell,G+E+GxE legacy-grid,W266,ME2,-1.267779954309016,-0.7877666262513378,-0.48001332805767827
CV2,sparse_cell,G+E+GxE legacy-grid,W267,ME3,0.7941824810714333,0.3405169576317666,0.4536655234396667
CV2,sparse_cell,G+E+GxE legacy-grid,W268,ME4,1.1852943343927658,0.22210508558499203,0.9631892488077738
CV2,sparse_cell,G+E+GxE legacy-grid,W269,ME1,-0.1518057448854522,0.1861881479284968,-0.337993892813949
CV2,sparse_cell,G+E+GxE legacy-grid,W270,ME2,-2.0905081910375016,-0.10745700277619798,-1.9830511882613036
CV2,sparse_cell,G+E+GxE legacy-grid,W271,ME3,-0.7556372625697024,-0.44886569581225527,-0.30677156675744716
CV2,sparse_cell,G+E+GxE legacy-grid,W272,ME4,1.5786294378118395,-0.4988189837326062,2.0774484215444455
CV2,sparse_cell,G+E+GxE legacy-grid,W273,ME1,-0.7698518813035222,0.046422206458520424,-0.8162740877620427
CV2,sparse_cell,G+E+GxE legacy-grid,W274,ME2,-1.1044177698884592,-0.3237565006982983,-0.7806612691901609
CV2,sparse_cell,G+E+GxE legacy-grid,W275,ME3,-0.6204928052364007,-0.5146480657475547,-0.10584473948884598
CV2,sparse_cell,G+E+GxE legacy-grid,W276,ME4,-0.6020203755435065,0.28060893482178006,-0.8826293103652866
CV2,sparse_cell,G+E+GxE legacy-grid,W277,ME1,-0.5857956586223904,-0.10526381310605,-0.4805318455163404
CV2,sparse_cell,G+E+GxE legacy-grid,W278,ME2,-0.8811546411553238,-0.32372716758671427,-0.5574274735686096
CV2,sparse_cell,G+E+GxE legacy-grid,W279,ME3,-0.2876995790531457,-0.8703390886713076,0.5826395096181619
CV2,sparse_cell,G+E+GxE legacy-grid,W280,ME4,-1.5487937028773537,-0.29501385930870316,-1.2537798435686507
CV2,sparse_cell,G+E+GxE legacy-grid,W281,ME1,-0.1682486437170095,0.054018841080604486,-0.222267484797614
CV2,sparse_cell,G+E+GxE legacy-grid,W282,ME2,-0.7804716910159893,-0.172287669386593,-0.6081840216293963
CV2,sparse_cell,G+E+GxE legacy-grid,W283,ME3,-1.7213542150877255,-0.1844777403492614,-1.536876474738464
CV2,sparse_cell,G+E+GxE legacy-grid,W284,ME4,1.4590555663724403,-0.27603984310069973,1.7350954094731401
CV2,sparse_cell,G+E+GxE legacy-grid,W285,ME1,1.2356279786623419,-0.27284115189862623,1.508469130560968
CV2,sparse_cell,G+E+GxE legacy-grid,W286,ME2,-0.8867618505225658,-0.5436915425768856,-0.3430703079456803
CV2,sparse_cell,G+E+GxE legacy-grid,W287,ME3,-2.1521356193662067,-0.2525486164374156,-1.8995870029287911
CV2,sparse_cell,G+E+GxE legacy-grid,W288,ME4,-2.48609552092087,-0.8734628606177608,-1.6126326603031094
CV2,sparse_cell,G+E+GxE legacy-grid,W289,ME1,0.5617053049073161,0.4303754347894474,0.13132987011786867
CV2,sparse_cell,G+E+GxE legacy-grid,W290,ME2,-0.22502254368561264,0.18202708738951384,-0.4070496310751265
CV2,sparse_cell,G+E+GxE legacy-grid,W291,ME3,-0.8569956055696786,-0.21846649463865273,-0.6385291109310258
CV2,sparse_cell,G+E+GxE legacy-grid,W292,ME4,0.08500231619445406,0.08991609528969913,-0.004913779095245069
CV2,sparse_cell,G+E+GxE legacy-grid,W293,ME1,0.8461698979174604,0.31939629893422167,0.5267735989832387
CV2,sparse_cell,G+E+GxE legacy-grid,W294,ME2,0.6605937737226507,0.25286285497871197,0.40773091874393874
CV2,sparse_cell,G+E+GxE legacy-grid,W295,ME3,0.9363037710145666,-0.31337369410004207,1.2496774651146088
CV2,sparse_cell,G+E+GxE legacy-grid,W296,ME4,-0.05135123075680209,0.06263363834304468,-0.11398486909984677
CV2,sparse_cell,G+E+GxE legacy-grid,W297,ME1,0.12716159368620536,-0.16911011982829885,0.2962717135145042
CV2,sparse_cell,G+E+GxE legacy-grid,W298,ME2,-0.9044821510059489,-0.6880287366928941,-0.21645341431305476
CV2,sparse_cell,G+E+GxE legacy-grid,W299,ME3,-0.801704629463191,-0.053857222392630286,-0.7478474070705607
CV2,sparse_cell,G+E+GxE legacy-grid,W300,ME4,-0.6507624615591974,-0.28812159316560676,-0.3626408683935906
CV2,sparse_cell,G+E+GxE legacy-grid,W301,ME1,0.4116750511802455,0.006377675451176188,0.4052973757290693
CV2,sparse_cell,G+E+GxE legacy-grid,W302,ME2,-0.4864919059966695,-0.5248513271434292,0.038359421146759665
CV2,sparse_cell,G+E+GxE legacy-grid,W303,ME3,-1.2611619982820832,-0.09436090767030696,-1.1668010906117763
CV2,sparse_cell,G+E+GxE legacy-grid,W304,ME4,0.7707191353890623,0.11483765930063919,0.6558814760884232
CV2,sparse_cell,G+E+GxE legacy-grid,W305,ME1,-1.474013526510542,0.211529899502028,-1.6855434260125701
CV2,sparse_cell,G+E+GxE legacy-grid,W306,ME2,-1.4221997156642086,-0.9378808604865615,-0.48431885517764706
CV2,sparse_cell,G+E+GxE legacy-grid,W307,ME3,-0.5341608365861715,0.1284968247872701,-0.6626576613734416
CV2,sparse_cell,G+E+GxE legacy-grid,W308,ME4,0.11230763907380584,0.09780914503263986,0.014498494041165974
CV2,sparse_cell,G+E+GxE legacy-grid,W309,ME1,1.1562231923286694,0.5073887346967925,0.648834457631877
CV2,sparse_cell,G+E+GxE legacy-grid,W310,ME2,-0.21608644929899126,-0.005425287012839536,-0.21066116228615173
CV2,sparse_cell,G+E+GxE legacy-grid,W311,ME3,-0.8288348792728519,-0.39233283168352545,-0.4365020475893265
CV2,sparse_cell,G+E+GxE legacy-grid,W312,ME4,-0.629553832782841,-0.9457686956130004,0.3162148628301593
CV2,sparse_cell,G+E+GxE legacy-grid,W313,ME1,0.10518072001291338,0.2143524239429899,-0.10917170393007651
CV2,sparse_cell,G+E+GxE legacy-grid,W314,ME2,-0.4162878726887524,-0.38636849557641983,-0.029919377112332557
CV2,sparse_cell,G+E+GxE legacy-grid,W315,ME3,0.47755591059667307,-0.4334213562355397,0.9109772668322127
CV2,sparse_cell,G+E+GxE legacy-grid,W316,ME4,-0.3266858031501543,-0.010265713019276645,-0.31642009013087763
CV2,sparse_cell,G+E+GxE legacy-grid,W317,ME1,-0.29379779101136066,-0.1000610192965506,-0.19373677171481007
CV2,sparse_cell,G+E+GxE legacy-grid,W318,ME2,0.25946312888756146,-0.37324840209775567,0.6327115309853171
CV2,sparse_cell,G+E+GxE legacy-grid,W319,ME3,0.8645082780562494,0.06834733060302506,0.7961609474532243
CV2,sparse_cell,G+E+GxE legacy-grid,W320,ME4,-1.312100371043892,-0.28175517051244203,-1.0303452005314502
CV2,sparse_cell,G+E+GxE legacy-grid,W321,ME1,-1.0426785830653766,0.13743772563625048,-1.180116308701627
CV2,sparse_cell,G+E+GxE legacy-grid,W322,ME2,0.8221079839499407,-0.1384545356065474,0.9605625195564881
CV2,sparse_cell,G+E+GxE legacy-grid,W323,ME3,0.15025292799258408,-0.23450165009658572,0.3847545780891698
CV2,sparse_cell,G+E+GxE legacy-grid,W324,ME4,0.0561551197096985,-0.3802153535383451,0.4363704732480436
CV2,sparse_cell,G+E+GxE legacy-grid,W325,ME1,0.17486147405095656,0.36604575931374944,-0.19118428526279288
CV2,sparse_cell,G+E+GxE legacy-grid,W326,ME2,-0.20335314766593282,-0.10071064720420371,-0.10264250046172911
CV2,sparse_cell,G+E+GxE legacy-grid,W327,ME3,1.1601874576443458,-0.4192010616906453,1.5793885193349912
CV2,sparse_cell,G+E+GxE legacy-grid,W328,ME4,-0.8026212782872341,-0.2127898990754306,-0.5898313792118035
CV2,sparse_cell,G+E+GxE legacy-grid,W329,ME1,-1.657556672110748,-0.2797744811481077,-1.3777821909626402
CV2,sparse_cell,G+E+GxE legacy-grid,W330,ME2,0.5869469391779631,-0.33614775067330405,0.9230946898512672
CV2,sparse_cell,G+E+GxE legacy-grid,W331,ME3,-0.8882477613280045,-0.6907969783969612,-0.19745078293104334
CV2,sparse_cell,G+E+GxE legacy-grid,W332,ME4,-0.588599781814847,-0.25705766590732293,-0.331542115907524
CV2,sparse_cell,G+E+GxE legacy-grid,W333,ME1,1.1801097808739682,-0.028397290656271515,1.2085070715302397
CV2,sparse_cell,G+E+GxE legacy-grid,W334,ME2,0.23763551589927928,-0.2995353820025474,0.5371708979018267
CV2,sparse_cell,G+E+GxE legacy-grid,W335,ME3,0.2146577084404855,0.09979270584650705,0.11486500259397846
CV2,sparse_cell,G+E+GxE legacy-grid,W336,ME4,-1.4660438638200486,-0.43227445094609834,-1.0337694128739503
CV2,sparse_cell,G+E+GxE legacy-grid,W337,ME1,-0.6706406908300031,-0.43521547155192764,-0.23542521927807547
CV2,sparse_cell,G+E+GxE legacy-grid,W338,ME2,0.33145184960130375,-0.49019476128006517,0.8216466108813689
CV2,sparse_cell,G+E+GxE legacy-grid,W339,ME3,-0.05215968297836793,-0.09816236005525217,0.04600267707688424
CV2,sparse_cell,G+E+GxE legacy-grid,W340,ME4,-0.14921300448746808,0.15542478225041753,-0.3046377867378856
CV2,sparse_cell,G+E+GxE legacy-grid,W341,ME1,1.4213618819572946,0.3638768340770608,1.0574850478802338
CV2,sparse_cell,G+E+GxE legacy-grid,W342,ME2,-0.633937463375902,-0.5828942628211214,-0.05104320055478051
CV2,sparse_cell,G+E+GxE legacy-grid,W343,ME3,0.9831397720091377,-0.2990885115593366,1.2822282835684744
CV2,sparse_cell,G+E+GxE legacy-grid,W344,ME4,0.11909660295881917,0.2626565552482469,-0.1435599522894277
CV2,sparse_cell,G+E+GxE legacy-grid,W345,ME1,-1.1022769652592055,0.06312790223252338,-1.1654048674917288
CV2,sparse_cell,G+E+GxE legacy-grid,W346,ME2,0.6804594963002706,0.3866281744931146,0.293831321807156
CV2,sparse_cell,G+E+GxE legacy-grid,W347,ME3,0.25118894456339397,0.12114180058287817,0.1300471439805158
CV2,sparse_cell,G+E+GxE legacy-grid,W348,ME4,-0.07495133696194672,0.06892426709121767,-0.1438756040531644
CV2,sparse_cell,G+E+GxE legacy-grid,W349,ME1,-0.06457449704750653,0.34465941009148165,-0.4092339071389882
CV2,sparse_cell,G+E+GxE legacy-grid,W350,ME2,-1.5057382750858699,-0.6472618588205868,-0.858476416265283
CV2,sparse_cell,G+E+GxE legacy-grid,W351,ME3,-1.386314212301304,-0.33826292636343336,-1.0480512859378706
CV2,sparse_cell,G+E+GxE legacy-grid,W352,ME4,-1.491941047029161,-0.345511066014913,-1.146429981014248
CV2,sparse_cell,G+E+GxE legacy-grid,W353,ME1,-0.5724800867602826,0.2389012939383092,-0.8113813806985918
CV2,sparse_cell,G+E+GxE legacy-grid,W354,ME2,-0.5286788785046079,0.16086911884284338,-0.6895479973474513
CV2,sparse_cell,G+E+GxE legacy-grid,W355,ME3,-0.1772527712975054,0.22734009639985486,-0.40459286769736025
CV2,sparse_cell,G+E+GxE legacy-grid,W356,ME4,-0.4883071971450517,0.2437395764048742,-0.7320467735499259
CV2,sparse_cell,G+E+GxE legacy-grid,W357,ME1,-0.15157771062726316,0.16582143577167976,-0.31739914639894296
CV2,sparse_cell,G+E+GxE legacy-grid,W358,ME2,-0.9178926212646227,0.24660036909192462,-1.1644929903565473
CV2,sparse_cell,G+E+GxE legacy-grid,W359,ME3,-1.4510653004211223,0.09813593768158145,-1.5492012381027036
CV2,sparse_cell,G+E+GxE legacy-grid,W360,ME4,0.5098120945891214,-0.24862619254245816,0.7584382871315796
CV2,sparse_cell,G+E+GxE legacy-grid,W361,ME1,1.7077566220813938,0.36030328767304987,1.347453334408344
CV2,sparse_cell,G+E+GxE legacy-grid,W362,ME2,-0.969844745074655,-0.39257533358430297,-0.577269411490352
CV2,sparse_cell,G+E+GxE legacy-grid,W363,ME3,-0.18851199389908596,-0.6066303780331448,0.41811838413405883
CV2,sparse_cell,G+E+GxE legacy-grid,W364,ME4,-0.17983807563967694,0.37335848089162016,-0.5531965565312971
CV2,sparse_cell,G+E+GxE legacy-grid,W365,ME1,0.42732797418879037,0.10086313733138218,0.3264648368574082
CV2,sparse_cell,G+E+GxE legacy-grid,W366,ME2,0.5991802751902414,-0.02502240813891616,0.6242026833291576
CV2,sparse_cell,G+E+GxE legacy-grid,W367,ME3,0.5535746678466565,0.24731193791041964,0.30626272993623693
CV2,sparse_cell,G+E+GxE legacy-grid,W368,ME4,-1.0803158613011001,-0.16950191412313614,-0.9108139471779639
CV2,sparse_cell,G+E+GxE legacy-grid,W369,ME1,1.5059788799067169,-0.06504244937781249,1.5710213292845294
CV2,sparse_cell,G+E+GxE legacy-grid,W370,ME2,-0.3077383748705453,-0.1360472018794635,-0.17169117299108178
CV2,sparse_cell,G+E+GxE legacy-grid,W371,ME3,-0.3055555404783089,-0.3111337953071168,0.005578254828807916
CV2,sparse_cell,G+E+GxE legacy-grid,W372,ME4,0.2898669714592444,0.24555043206915061,0.04431653939009378
CV2,sparse_cell,G+E+GxE legacy-grid,W373,ME1,-0.9876408860353292,-0.33214850903254745,-0.6554923770027817
CV2,sparse_cell,G+E+GxE legacy-grid,W374,ME2,0.4668033019006278,0.3197404988649434,0.14706280303568442
CV2,sparse_cell,G+E+GxE legacy-grid,W375,ME3,-0.08121574130502755,-0.13662714775114657,0.05541140644611901
CV2,sparse_cell,G+E+GxE legacy-grid,W376,ME4,-0.390335289585429,-0.19416261361176268,-0.19617267597366633
CV2,sparse_cell,G+E+GxE legacy-grid,W377,ME1,-0.8604547785304051,-0.1436326270192697,-0.7168221515111354
CV2,sparse_cell,G+E+GxE legacy-grid,W378,ME2,-0.5151165199560768,0.11685363412780975,-0.6319701540838865
CV2,sparse_cell,G+E+GxE legacy-grid,W379,ME3,-0.4943945800158474,-0.0009111571234272139,-0.4934834228924202
CV2,sparse_cell,G+E+GxE legacy-grid,W380,ME4,-0.7243161258985648,-0.675786920619883,-0.048529205278681764
CV2,sparse_cell,G+E+GxE legacy-grid,W381,ME1,-0.47157492751164415,0.3295294790903198,-0.8011044066019639
CV2,sparse_cell,G+E+GxE legacy-grid,W382,ME2,-1.2624891788789776,-0.38021561201039966,-0.8822735668685779
CV2,sparse_cell,G+E+GxE legacy-grid,W383,ME3,-0.3379564241239671,0.14771072592543297,-0.4856671500494001
CV2,sparse_cell,G+E+GxE legacy-grid,W384,ME4,-0.05356964074008553,0.13271349679435548,-0.186283137534441
CV2,sparse_cell,G+E+GxE legacy-grid,W385,ME1,-0.0389206430012417,-0.19394687602725166,0.15502623302600996
CV2,sparse_cell,G+E+GxE legacy-grid,W386,ME2,-0.4948394332600915,0.11482533703443619,-0.6096647702945277
CV2,sparse_cell,G+E+GxE legacy-grid,W387,ME3,0.34203135947712243,-0.34589588916017844,0.6879272486373009
CV2,sparse_cell,G+E+GxE legacy-grid,W388,ME4,-0.5011849884309924,-0.48103729425752817,-0.02014769417346418
CV2,sparse_cell,G+E+GxE legacy-grid,W389,ME1,0.5995182713634448,-0.2622239108298253,0.8617421821932701
CV2,sparse_cell,G+E+GxE legacy-grid,W390,ME2,0.043718470502375345,-0.11013081779609393,0.15384928829846928
CV2,sparse_cell,G+E+GxE legacy-grid,W391,ME3,-0.42960125925311243,-0.766940212874546,0.3373389536214335
CV2,sparse_cell,G+E+GxE legacy-grid,W392,ME4,-0.2186995838574817,0.38293352049453977,-0.6016331043520214
CV2,sparse_cell,G+E+GxE legacy-grid,W393,ME1,-0.17097691073462892,0.10989607778459438,-0.2808729885192233
CV2,sparse_cell,G+E+GxE legacy-grid,W394,ME2,0.03283314306258371,0.47436326400615647,-0.44153012094357275
CV2,sparse_cell,G+E+GxE legacy-grid,W395,ME3,-0.06516733699669865,-0.09402696986305405,0.0288596328663554
CV2,sparse_cell,G+E+GxE legacy-grid,W396,ME4,1.5754827569844874,0.33125465569041024,1.2442281012940772
CV2,sparse_cell,G+E+GxE legacy-grid,W397,ME1,0.6546618414419376,0.2847402600966961,0.3699215813452415
CV2,sparse_cell,G+E+GxE legacy-grid,W398,ME2,-1.9297597509382436,-0.20412846043025418,-1.7256312905079894
CV2,sparse_cell,G+E+GxE legacy-grid,W399,ME3,0.47372118661984175,0.38744144563685134,0.0862797409829904
CV2,sparse_cell,G+E+GxE legacy-grid,W400,ME4,-0.5505328105059495,0.11750481963997822,-0.6680376301459277
CV2,sparse_cell,G+E+GxE legacy-grid,W401,ME1,-0.07231137366463306,0.3069253146703202,-0.3792366883349533
CV2,sparse_cell,G+E+GxE legacy-grid,W402,ME2,-0.8668138551212717,0.311075022361054,-1.1778888774823257
CV2,sparse_cell,G+E+GxE legacy-grid,W403,ME3,0.292492469335884,-0.0734415378414706,0.36593400717735464
CV2,sparse_cell,G+E+GxE legacy-grid,W404,ME4,1.8980175417881282,0.7389079637045646,1.1591095780835636
CV2,sparse_cell,G+E+GxE legacy-grid,W405,ME1,1.4818398248612796,0.24491769899945956,1.2369221258618202
CV2,sparse_cell,G+E+GxE legacy-grid,W406,ME2,-1.0395298267255575,0.15819210185410526,-1.1977219285796628
CV2,sparse_cell,G+E+GxE legacy-grid,W407,ME3,0.4321051402897683,0.07960337871705266,0.3525017615727157
CV2,sparse_cell,G+E+GxE legacy-grid,W408,ME4,0.6167913760170415,-0.2050918771705995,0.821883253187641
CV2,sparse_cell,G+E+GxE legacy-grid,W409,ME1,-1.2779936493551367,-0.653317229375115,-0.6246764199800217
CV2,sparse_cell,G+E+GxE legacy-grid,W410,ME2,0.0194986169488371,0.4758619548245319,-0.45636333787569483
CV2,sparse_cell,G+E+GxE legacy-grid,W411,ME3,1.849060989315101,-0.5190847510248022,2.3681457403399033
CV2,sparse_cell,G+E+GxE legacy-grid,W412,ME4,0.20503245635381828,0.057354190489361426,0.14767826586445687
CV2,sparse_cell,G+E+GxE legacy-grid,W413,ME1,-0.3323763010485524,-0.24613340700250694,-0.08624289404604549
CV2,sparse_cell,G+E+GxE legacy-grid,W414,ME2,0.1803356585505129,0.10187338361663419,0.07846227493387871
CV2,sparse_cell,G+E+GxE legacy-grid,W415,ME3,1.9449882144359945,0.16653498478288087,1.7784532296531137
CV2,sparse_cell,G+E+GxE legacy-grid,W416,ME4,-0.22953989930771182,-0.45683189099810206,0.22729199169039024
CV2,sparse_cell,G+E+GxE legacy-grid,W417,ME1,-0.03804922637173485,0.383810232763562,-0.4218594591352969
CV2,sparse_cell,G+E+GxE legacy-grid,W418,ME2,0.5635118417886885,0.26766323607441095,0.29584860571427757
CV2,sparse_cell,G+E+GxE legacy-grid,W419,ME3,-0.5403605885663361,-0.13352382469885132,-0.40683676386748474
CV2,sparse_cell,G+E+GxE legacy-grid,W420,ME4,-0.025745115524221367,-0.4038459856021243,0.37810087007790294
CV2,sparse_cell,G+E+GxE legacy-grid,W421,ME1,-0.7322262287023361,0.26008899685862413,-0.9923152255609602
CV2,sparse_cell,G+E+GxE legacy-grid,W422,ME2,1.9038373982792973,0.05911378475169335,1.844723613527604
CV2,sparse_cell,G+E+GxE legacy-grid,W423,ME3,0.19654835115782304,-0.0033656777807375433,0.19991402893856058
CV2,sparse_cell,G+E+GxE legacy-grid,W424,ME4,0.31206680469621634,-0.2996411627096753,0.6117079674058916
CV2,sparse_cell,G+E+GxE legacy-grid,W425,ME1,-0.017623872102518333,0.31366747646861076,-0.3312913485711291
CV2,sparse_cell,G+E+GxE legacy-grid,W426,ME2,0.3311860450940529,0.16030843382756993,0.170877611266483
CV2,sparse_cell,G+E+GxE legacy-grid,W427,ME3,0.1611320568079141,0.21578417234168673,-0.05465211553377264
CV2,sparse_cell,G+E+GxE legacy-grid,W428,ME4,-0.24336956154392553,-0.36896423807736906,0.12559467653344353
CV2,sparse_cell,G+E+GxE legacy-grid,W429,ME1,-1.0413592420001396,-0.167436420239874,-0.8739228217602656
CV2,sparse_cell,G+E+GxE legacy-grid,W430,ME2,0.273778600206637,0.32969869534623225,-0.05592009513959523
CV2,sparse_cell,G+E+GxE legacy-grid,W431,ME3,0.0238252881572805,0.5011898365000211,-0.4773645483427406
CV2,sparse_cell,G+E+GxE legacy-grid,W432,ME4,-0.14617645748907251,-0.17494266227627564,0.028766204787203126
CV2,sparse_cell,G+E+GxE legacy-grid,W433,ME1,-0.8926564734189554,0.06992189476458271,-0.962578368183538
CV2,sparse_cell,G+E+GxE legacy-grid,W434,ME2,0.24002775646453645,0.05304170690150791,0.18698604956302853
CV2,sparse_cell,G+E+GxE legacy-grid,W435,ME3,-0.03741204407187156,0.16254890927804178,-0.19996095334991335
CV2,sparse_cell,G+E+GxE legacy-grid,W436,ME4,0.6863487557056707,0.20778138210688232,0.4785673735987883
CV2,sparse_cell,G+E+GxE legacy-grid,W437,ME1,-0.704397905122626,-0.7602761973116323,0.05587829218900631
CV2,sparse_cell,G+E+GxE legacy-grid,W438,ME2,0.1924614070241416,-0.51649628967178,0.7089576966959216
CV2,sparse_cell,G+E+GxE legacy-grid,W439,ME3,1.289267307454817,-0.45853222983033187,1.747799537285149
CV2,sparse_cell,G+E+GxE legacy-grid,W440,ME4,1.0853872181243212,-0.2707019373881361,1.3560891555124572
CV2,sparse_cell,G+E+GxE legacy-grid,W441,ME1,-0.1405261931857474,0.09571895301709435,-0.23624514620284176
CV2,sparse_cell,G+E+GxE legacy-grid,W442,ME2,0.20619463989876383,0.15517538046615803,0.051019259432605796
CV2,sparse_cell,G+E+GxE legacy-grid,W443,ME3,1.6516233836797303,0.5242855239599894,1.127337859719741
CV2,sparse_cell,G+E+GxE legacy-grid,W444,ME4,-2.0072100325081474,-0.696815863558501,-1.3103941689496463
CV2,sparse_cell,G+E+GxE legacy-grid,W445,ME1,-0.5518348423135264,-0.1619356458277594,-0.389899196485767
CV2,sparse_cell,G+E+GxE legacy-grid,W446,ME2,1.907792822494339,0.47633794195569734,1.4314548805386416
CV2,sparse_cell,G+E+GxE legacy-grid,W447,ME3,4.875384608494055,-0.30858802287045217,5.183972631364507
CV2,sparse_cell,G+E+GxE legacy-grid,W448,ME4,0.37681762942106406,-0.22400696124836134,0.6008245906694254
CV2,sparse_cell,G+E+GxE legacy-grid,W449,ME1,0.12509299720120523,-0.2679266885201214,0.3930196857213266
CV2,sparse_cell,G+E+GxE legacy-grid,W450,ME2,-0.38176493013987695,-0.3583766719125911,-0.023388258227285852
CV2,sparse_cell,G+E+GxE legacy-grid,W451,ME3,0.32632081631212523,-0.8416677911040422,1.1679886074161674
CV2,sparse_cell,G+E+GxE legacy-grid,W452,ME4,-0.10936815851111582,-0.15534547371332036,0.045977315202204536
CV2,sparse_cell,G+E+GxE legacy-grid,W453,ME1,0.3815175205347489,-0.15652447736759514,0.5380419979023441
CV2,sparse_cell,G+E+GxE legacy-grid,W454,ME2,0.7295257426030093,0.570067288371694,0.15945845423131533
CV2,sparse_cell,G+E+GxE legacy-grid,W455,ME3,1.4468541912340296,0.6856534299622499,0.7612007612717797
CV2,sparse_cell,G+E+GxE legacy-grid,W456,ME4,0.389742620919416,0.18959430469908534,0.2001483162203307
CV2,sparse_cell,G+E+GxE legacy-grid,W457,ME1,-0.3174482012178212,0.4045003598061569,-0.7219485610239781
CV2,sparse_cell,G+E+GxE legacy-grid,W458,ME2,0.7401009647843434,0.20374077003006769,0.5363601947542758
CV2,sparse_cell,G+E+GxE legacy-grid,W459,ME3,0.6879504910788741,0.4474730550214792,0.24047743605739486
CV2,sparse_cell,G+E+GxE legacy-grid,W460,ME4,1.3428014432059008,0.41013502668151103,0.9326664165243898
CV2,sparse_cell,G+E+GxE legacy-grid,W461,ME1,2.082612366221532,-0.039122442056249644,2.1217348082777816
CV2,sparse_cell,G+E+GxE legacy-grid,W462,ME2,1.8385444196767766,0.8036458592210503,1.0348985604557264
CV2,sparse_cell,G+E+GxE legacy-grid,W463,ME3,0.7807862867382699,0.995935088747327,-0.21514880200905706
CV2,sparse_cell,G+E+GxE legacy-grid,W464,ME4,0.4570422571144192,0.4489190078709946,0.008123249243424613
CV2,sparse_cell,G+E+GxE legacy-grid,W465,ME1,-0.549196160183055,-0.23851501958621538,-0.3106811405968396
CV2,sparse_cell,G+E+GxE legacy-grid,W466,ME2,1.461146320131931,-0.04991157195430257,1.5110578920862336
CV2,sparse_cell,G+E+GxE legacy-grid,W467,ME3,1.411953135127704,0.8880606648452984,0.5238924702824055
CV2,sparse_cell,G+E+GxE legacy-grid,W468,ME4,0.06763263802746716,0.925785698953173,-0.8581530609257058
CV2,sparse_cell,G+E+GxE legacy-grid,W469,ME1,0.296908666665976,0.07820854255888192,0.21870012410709405
CV2,sparse_cell,G+E+GxE legacy-grid,W470,ME2,0.8158868927445239,0.5491675530734965,0.26671933967102734
CV2,sparse_cell,G+E+GxE legacy-grid,W471,ME3,0.6808385140117097,0.5866444406394961,0.09419407337221364
CV2,sparse_cell,G+E+GxE legacy-grid,W472,ME4,0.7454355549412843,0.5519343473212751,0.19350120762000922
CV2,sparse_cell,G+E+GxE legacy-grid,W473,ME1,-1.2022944197170344,0.31129689416879675,-1.5135913138858312
CV2,sparse_cell,G+E+GxE legacy-grid,W474,ME2,1.0483076196203214,0.4153101647592926,0.6329974548610288
CV2,sparse_cell,G+E+GxE legacy-grid,W475,ME3,0.16777947480299704,0.5131305791617374,-0.3453511043587404
CV2,sparse_cell,G+E+GxE legacy-grid,W476,ME4,0.8550029813497011,0.5513537364715784,0.3036492448781227
CV2,sparse_cell,G+E+GxE legacy-grid,W477,ME1,-0.4917559593613715,-0.5210297121790985,0.02927375281772704
CV2,sparse_cell,G+E+GxE legacy-grid,W478,ME2,1.5837391560832192,0.6369295771341779,0.9468095789490414
CV2,sparse_cell,G+E+GxE legacy-grid,W479,ME3,-1.1343204785461969,-0.22932290692348642,-0.9049975716227104
CV2,sparse_cell,G+E+GxE legacy-grid,W480,ME4,0.0719907909733504,0.3969287213567105,-0.32493793038336005
CV2,sparse_cell,G+E+GxE legacy-grid,W481,ME1,-0.6238692356593067,-0.5698977826751848,-0.05397145298412198
CV2,sparse_cell,G+E+GxE legacy-grid,W482,ME2,1.0628066226229747,0.014898045426138009,1.0479085771968366
CV2,sparse_cell,G+E+GxE legacy-grid,W483,ME3,0.6017874530003112,0.15557370071890372,0.44621375228140747
CV2,sparse_cell,G+E+GxE legacy-grid,W484,ME4,0.3790675062126212,0.5826758041049821,-0.2036082978923609
CV2,sparse_cell,G+E+GxE legacy-grid,W485,ME1,-0.9317154842144731,-0.685872509425671,-0.24584297478880213
CV2,sparse_cell,G+E+GxE legacy-grid,W486,ME2,2.429908818879724,0.3201667917311307,2.1097420271485934
CV2,sparse_cell,G+E+GxE legacy-grid,W487,ME3,0.6283855715092214,0.13504957287804667,0.4933359986311747
CV2,sparse_cell,G+E+GxE legacy-grid,W488,ME4,0.04403253182232322,-0.18101664212595425,0.22504917394827748
CV2,sparse_cell,G+E+GxE legacy-grid,W489,ME1,-0.2186930792606787,0.32092268328383583,-0.5396157625445146
CV2,sparse_cell,G+E+GxE legacy-grid,W490,ME2,0.9018999655551156,-0.035286204038363966,0.9371861695934796
CV2,sparse_cell,G+E+GxE legacy-grid,W491,ME3,1.5891444117488291,0.31999169635274405,1.269152715396085
CV2,sparse_cell,G+E+GxE legacy-grid,W492,ME4,1.3253216312099565,0.01030957760470301,1.3150120536052534
CV2,sparse_cell,G+E+GxE legacy-grid,W493,ME1,0.414558055730206,0.1563170492853389,0.2582410064448671
CV2,sparse_cell,G+E+GxE legacy-grid,W494,ME2,0.07548210911883936,0.12977083361365377,-0.05428872449481441
CV2,sparse_cell,G+E+GxE legacy-grid,W495,ME3,-0.08742393981377662,-0.08602285663159324,-0.001401083182183377
CV2,sparse_cell,G+E+GxE legacy-grid,W496,ME4,1.191587696047471,0.06578931031221273,1.1257983857352583
CV2,sparse_cell,G+E+GxE legacy-grid,W497,ME1,0.07669272590058679,0.3767908218601775,-0.3000980959595907
CV2,sparse_cell,G+E+GxE legacy-grid,W498,ME2,0.4544687070284439,-0.23868079356559935,0.6931495005940432
CV2,sparse_cell,G+E+GxE legacy-grid,W499,ME3,-1.3370371645461494,-0.39378433493482917,-0.9432528296113203
CV2,sparse_cell,G+E+GxE legacy-grid,W500,ME4,1.2997548494877165,-0.4922407716846004,1.791995621172317
CV2,sparse_cell,G+E+GxE legacy-grid,W501,ME1,0.05677230463164708,-0.5491612216233169,0.605933526254964
CV2,sparse_cell,G+E+GxE legacy-grid,W502,ME2,-1.6145915494837932,-0.6998900712290549,-0.9147014782547384
CV2,sparse_cell,G+E+GxE legacy-grid,W503,ME3,-1.3912385384653865,-0.8524087068565268,-0.5388298316088597
CV2,sparse_cell,G+E+GxE legacy-grid,W504,ME4,-0.29521899487662834,-0.20663484493691103,-0.0885841499397173
CV2,sparse_cell,G+E+GxE legacy-grid,W505,ME1,0.7185847304607064,0.0968033163924112,0.6217814140682951
CV2,sparse_cell,G+E+GxE legacy-grid,W506,ME2,0.1312567548902864,-0.4724528956896467,0.6037096505799331
CV2,sparse_cell,G+E+GxE legacy-grid,W507,ME3,1.087184111098613,0.1416246554959051,0.9455594556027078
CV2,sparse_cell,G+E+GxE legacy-grid,W508,ME4,1.2122377889769722,0.4114260486331411,0.8008117403438311
CV2,sparse_cell,G+E+GxE legacy-grid,W509,ME1,-1.4683941108623129,0.10340959465636905,-1.571803705518682
CV2,sparse_cell,G+E+GxE legacy-grid,W510,ME2,1.031277145120041,-0.703645927988318,1.7349230731083591
CV2,sparse_cell,G+E+GxE legacy-grid,W511,ME3,1.2596706712988222,0.7916735294150521,0.46799714188377006
CV2,sparse_cell,G+E+GxE legacy-grid,W512,ME4,0.5619683293024913,0.3441297239995116,0.21783860530297972
CV2,sparse_cell,G+E+GxE legacy-grid,W513,ME1,0.011328334606835667,0.15304443703403628,-0.14171610242720062
CV2,sparse_cell,G+E+GxE legacy-grid,W514,ME2,0.5232361302614574,0.01182134122720617,0.5114147890342513
CV2,sparse_cell,G+E+GxE legacy-grid,W515,ME3,0.34541841743903756,-0.23357785852577828,0.5789962759648158
CV2,sparse_cell,G+E+GxE legacy-grid,W516,ME4,0.12649130290309799,-0.3882514419968534,0.5147427448999514
CV2,sparse_cell,G+E+GxE legacy-grid,W517,ME1,-0.3560837198195595,-0.5608225336608669,0.20473881384130738
CV2,sparse_cell,G+E+GxE legacy-grid,W518,ME2,1.545222817246839,0.6239916881844717,0.9212311290623673
CV2,sparse_cell,G+E+GxE legacy-grid,W519,ME3,0.5149824787494153,0.139826330284348,0.3751561484650673
CV2,sparse_cell,G+E+GxE legacy-grid,W520,ME4,1.9184709671659197,0.42419743540238586,1.4942735317635338
CV2,sparse_cell,G+E+GxE legacy-grid,W521,ME1,-1.3975976177752751,0.4534473601052951,-1.8510449778805702
CV2,sparse_cell,G+E+GxE legacy-grid,W522,ME2,1.1833806100549058,0.6053002593388841,0.5780803507160217
CV2,sparse_cell,G+E+GxE legacy-grid,W523,ME3,0.7309517680966139,0.5237769318724136,0.2071748362242003
CV2,sparse_cell,G+E+GxE legacy-grid,W524,ME4,1.9022104939905746,-0.4782332840161879,2.3804437780067627
CV2,sparse_cell,G+E+GxE legacy-grid,W525,ME1,-1.101902337549322,-0.7270497609249065,-0.3748525766244155
CV2,sparse_cell,G+E+GxE legacy-grid,W526,ME2,0.386872089363083,0.61658257669271,-0.229710487329627
CV2,sparse_cell,G+E+GxE legacy-grid,W527,ME3,0.1582771301467489,0.45832437755292493,-0.30004724740617605
CV2,sparse_cell,G+E+GxE legacy-grid,W528,ME4,0.7628524333206811,0.5606141840421265,0.2022382492785546
CV2,sparse_cell,G+E+GxE legacy-grid,W529,ME1,-1.424562668806125,-0.9386916072619162,-0.4858710615442088
CV2,sparse_cell,G+E+GxE legacy-grid,W530,ME2,0.41949009960999495,-0.10062613575190378,0.5201162353618988
CV2,sparse_cell,G+E+GxE legacy-grid,W531,ME3,0.8378256942615047,0.12160568751981778,0.7162200067416868
CV2,sparse_cell,G+E+GxE legacy-grid,W532,ME4,0.9196279388414551,-0.03950924323075018,0.9591371820722053
CV2,sparse_cell,G+E+GxE legacy-grid,W533,ME1,0.21659988738019506,-0.06884534120195941,0.2854452285821545
CV2,sparse_cell,G+E+GxE legacy-grid,W534,ME2,1.8999199461367207,0.5618489909364155,1.3380709552003052
CV2,sparse_cell,G+E+GxE legacy-grid,W535,ME3,1.0950900618526118,0.4028371877624697,0.6922528740901421
CV2,sparse_cell,G+E+GxE legacy-grid,W536,ME4,0.49440122523716273,0.26825978657777627,0.22614143865938646
CV2,sparse_cell,G+E+GxE legacy-grid,W537,ME1,-0.706295475913985,0.3334141534723682,-1.0397096293863533
CV2,sparse_cell,G+E+GxE legacy-grid,W538,ME2,0.6743713073484808,0.42259862764500855,0.2517726797034723
CV2,sparse_cell,G+E+GxE legacy-grid,W539,ME3,1.9842054466484027,0.27374442703887875,1.710461019609524
CV2,sparse_cell,G+E+GxE legacy-grid,W540,ME4,0.7549857312522991,0.01662068275355756,0.7383650484987415
CV2,sparse_cell,G+E+GxE legacy-grid,W541,ME1,-0.5933045009813293,-0.2504154884723934,-0.34288901250893583
CV2,sparse_cell,G+E+GxE legacy-grid,W542,ME2,1.0681100554105007,-0.270264891106298,1.3383749465167987
CV2,sparse_cell,G+E+GxE legacy-grid,W543,ME3,1.9071308733255052,-0.20764962716149285,2.114780500486998
CV2,sparse_cell,G+E+GxE legacy-grid,W544,ME4,2.125097763694028,0.9374629276232038,1.187634836070824
CV2,sparse_cell,G+E+GxE legacy-grid,W545,ME1,-1.5147176415972805,0.11434848592402695,-1.6290661275213074
CV2,sparse_cell,G+E+GxE legacy-grid,W546,ME2,0.8839708186731784,0.8077250890118215,0.0762457296613569
CV2,sparse_cell,G+E+GxE legacy-grid,W547,ME3,0.5126343438032495,-0.06226988672711534,0.5749042305303648
CV2,sparse_cell,G+E+GxE legacy-grid,W548,ME4,1.5442755498792187,0.11148787223153417,1.4327876776476844
CV2,sparse_cell,G+E+GxE legacy-grid,W549,ME1,-1.4492473772550856,-0.6247436641472012,-0.8245037131078844
CV2,sparse_cell,G+E+GxE legacy-grid,W550,ME2,0.8365057280926893,0.10435939177127053,0.7321463363214188
CV2,sparse_cell,G+E+GxE legacy-grid,W551,ME3,0.9346060187693153,0.5851132169575187,0.34949280181179654
CV2,sparse_cell,G+E+GxE legacy-grid,W552,ME4,1.7448135190063983,0.34358006883080394,1.4012334501755943
CV2,sparse_cell,G+E+GxE legacy-grid,W553,ME1,-2.045141614306222,-0.5718962433020048,-1.473245371004217
CV2,sparse_cell,G+E+GxE legacy-grid,W554,ME2,0.5153252818313763,0.2749900764248755,0.24033520540650077
CV2,sparse_cell,G+E+GxE legacy-grid,W555,ME3,0.5844551763473157,0.2857841223011844,0.2986710540461313
CV2,sparse_cell,G+E+GxE legacy-grid,W556,ME4,1.7595635853846139,0.6049052029798695,1.1546583824047443
CV2,sparse_cell,G+E+GxE legacy-grid,W557,ME1,-2.050321249599372,-1.2361723485145524,-0.8141489010848197
CV2,sparse_cell,G+E+GxE legacy-grid,W558,ME2,0.9559595393869207,0.545706607516685,0.4102529318702357
CV2,sparse_cell,G+E+GxE legacy-grid,W559,ME3,-0.06654412115578129,0.8032099545966237,-0.8697540757524049
CV2,sparse_cell,G+E+GxE legacy-grid,W560,ME4,1.405561992307448,0.951118732513874,0.45444325979357403
CV2,sparse_cell,G+E+GxE legacy-grid,W561,ME1,-1.636455359147615,-0.009286629333127116,-1.627168729814488
CV2,sparse_cell,G+E+GxE legacy-grid,W562,ME2,0.5050411788722706,0.3836904145619292,0.12135076431034142
CV2,sparse_cell,G+E+GxE legacy-grid,W563,ME3,0.5096527192133324,0.25059483706849783,0.2590578821448346
CV2,sparse_cell,G+E+GxE legacy-grid,W564,ME4,1.4563022206485077,0.9203229911138205,0.5359792295346871
CV2,sparse_cell,G+E+GxE legacy-grid,W565,ME1,-2.001456765701728,-0.9225539250362044,-1.0789028406655237
CV2,sparse_cell,G+E+GxE legacy-grid,W566,ME2,-0.039225193117343994,-0.05148146412748349,0.012256271010139493
CV2,sparse_cell,G+E+GxE legacy-grid,W567,ME3,0.12111240438009135,0.21816574274964734,-0.09705333836955599
CV2,sparse_cell,G+E+GxE legacy-grid,W568,ME4,1.1783244363601795,0.3602894351246642,0.8180350012355153
CV2,sparse_cell,G+E+GxE legacy-grid,W569,ME1,-1.7856386284871266,-1.0588501008364322,-0.7267885276506945
CV2,sparse_cell,G+E+GxE legacy-grid,W570,ME2,0.30964322264925526,0.06812692923757525,0.24151629341168002
CV2,sparse_cell,G+E+GxE legacy-grid,W571,ME3,-0.18840218902750308,0.30573415649534663,-0.4941363455228497
CV2,sparse_cell,G+E+GxE legacy-grid,W572,ME4,1.7434368461444318,0.945919724881735,0.7975171212626968
CV2,sparse_cell,G+E+GxE legacy-grid,W573,ME1,-1.7408461849142838,0.03737742123028688,-1.7782236061445706
CV2,sparse_cell,G+E+GxE legacy-grid,W574,ME2,0.3493177096958004,-0.3494501251475924,0.6987678348433928
CV2,sparse_cell,G+E+GxE legacy-grid,W575,ME3,0.2991229942737987,0.7980648962113873,-0.49894190193758864
CV2,sparse_cell,G+E+GxE legacy-grid,W576,ME4,0.3435572130759473,0.1637912151989974,0.17976599787694988
CV2,sparse_cell,G+E+GxE legacy-grid,W577,ME1,-1.4524724331923298,0.3513082499935382,-1.803780683185868
CV2,sparse_cell,G+E+GxE legacy-grid,W578,ME2,0.24635643520860157,0.18419756901409357,0.062158866194508
CV2,sparse_cell,G+E+GxE legacy-grid,W579,ME3,-0.13355043240734935,-0.024179876686298646,-0.1093705557210507
CV2,sparse_cell,G+E+GxE legacy-grid,W580,ME4,0.11452604905708998,-0.41914627364626783,0.5336723227033578
CV2,sparse_cell,G+E+GxE legacy-grid,W581,ME1,-1.6029750435970784,-0.8475725146629792,-0.7554025289340992
CV2,sparse_cell,G+E+GxE legacy-grid,W582,ME2,0.5358934877495878,0.2684109770219494,0.2674825107276384
CV2,sparse_cell,G+E+GxE legacy-grid,W583,ME3,-0.10947782594485483,0.4654084265265655,-0.5748862524714203
CV2,sparse_cell,G+E+GxE legacy-grid,W584,ME4,1.3320083279680808,1.082458482808036,0.24954984516004486
CV2,sparse_cell,G+E+GxE legacy-grid,W585,ME1,-2.2687292044605485,-0.8303506299024551,-1.4383785745580933
CV2,sparse_cell,G+E+GxE legacy-grid,W586,ME2,0.6403166870266653,0.07655364573193013,0.5637630412947352
CV2,sparse_cell,G+E+GxE legacy-grid,W587,ME3,0.14319163009691935,0.2838829348977704,-0.14069130480085104
CV2,sparse_cell,G+E+GxE legacy-grid,W588,ME4,1.264551357731709,0.5673190981195309,0.697232259612178
CV2,sparse_cell,G+E+GxE legacy-grid,W589,ME1,-0.8414709265361711,0.009708654341295598,-0.8511795808774667
CV2,sparse_cell,G+E+GxE legacy-grid,W590,ME2,0.1349273885618447,0.6224039861183566,-0.48747659755651185
CV2,sparse_cell,G+E+GxE legacy-grid,W591,ME3,1.961915057716992,0.523743038493509,1.438172019223483
CV2,sparse_cell,G+E+GxE legacy-grid,W592,ME4,1.7018770591171724,0.614190843912021,1.0876862152051514
CV2,sparse_cell,G+E+GxE legacy-grid,W593,ME1,-1.148877394736258,-0.030287926758275033,-1.118589467977983
CV2,sparse_cell,G+E+GxE legacy-grid,W594,ME2,0.9528331720873529,0.7810020354735847,0.17183113661376814
CV2,sparse_cell,G+E+GxE legacy-grid,W595,ME3,1.574548810356833,0.49873857285524614,1.075810237501587
CV2,sparse_cell,G+E+GxE legacy-grid,W596,ME4,0.5543848285085714,0.2904522842864192,0.2639325442221522
CV2,sparse_cell,G+E+GxE legacy-grid,W597,ME1,-1.2099742877696142,0.2687924297818675,-1.4787667175514818
CV2,sparse_cell,G+E+GxE legacy-grid,W598,ME2,0.5279066951745784,0.8243906474995459,-0.2964839523249675
CV2,sparse_cell,G+E+GxE legacy-grid,W599,ME3,-0.3043476868908917,-0.6978138102678292,0.3934661233769375
CV2,sparse_cell,G+E+GxE expanded-grid,W001,ME1,1.6716294803197338,-0.07861081108294346,1.7502402914026773
CV2,sparse_cell,G+E+GxE expanded-grid,W002,ME2,0.40952243058809296,0.1280341986525283,0.28148823193556466
CV2,sparse_cell,G+E+GxE expanded-grid,W003,ME3,-0.799559211203025,-0.42073030133840583,-0.37882890986461915
CV2,sparse_cell,G+E+GxE expanded-grid,W004,ME4,0.5517573500177323,0.293649934247639,0.2581074157700933
CV2,sparse_cell,G+E+GxE expanded-grid,W005,ME1,0.998317612613427,0.4354942124598924,0.5628234001535346
CV2,sparse_cell,G+E+GxE expanded-grid,W006,ME2,0.6264758666133936,0.35215786802072246,0.27431799859267114
CV2,sparse_cell,G+E+GxE expanded-grid,W007,ME3,0.05432570287169062,0.18339656810532454,-0.12907086523363392
CV2,sparse_cell,G+E+GxE expanded-grid,W008,ME4,0.9643265399939988,-0.36930436691328955,1.3336309069072882
CV2,sparse_cell,G+E+GxE expanded-grid,W009,ME1,-0.9676390239598921,-0.34796980257827453,-0.6196692213816175
CV2,sparse_cell,G+E+GxE expanded-grid,W010,ME2,-1.6176229866022003,-0.7312945464361763,-0.886328440166024
CV2,sparse_cell,G+E+GxE expanded-grid,W011,ME3,-0.21264372606166304,-0.7510270127244152,0.5383832866627521
CV2,sparse_cell,G+E+GxE expanded-grid,W012,ME4,0.6924061162983242,-0.46839316160371197,1.1607992779020362
CV2,sparse_cell,G+E+GxE expanded-grid,W013,ME1,1.1741808901610542,0.5193877160915267,0.6547931740695275
CV2,sparse_cell,G+E+GxE expanded-grid,W014,ME2,-0.6536512976636655,0.18444718453551207,-0.8380984821991775
CV2,sparse_cell,G+E+GxE expanded-grid,W015,ME3,-0.697905239702633,-0.46368572776533035,-0.23421951193730262
CV2,sparse_cell,G+E+GxE expanded-grid,W016,ME4,-0.6343525210445544,0.01749462850027618,-0.6518471495448306
CV2,sparse_cell,G+E+GxE expanded-grid,W017,ME1,2.3397128482489933,0.42238756890195345,1.91732527934704
CV2,sparse_cell,G+E+GxE expanded-grid,W018,ME2,-0.35961455453564845,-0.14225405957898024,-0.2173604949566682
CV2,sparse_cell,G+E+GxE expanded-grid,W019,ME3,-0.767698905386699,-0.30780629051916586,-0.4598926148675332
CV2,sparse_cell,G+E+GxE expanded-grid,W020,ME4,0.09811610854244561,-0.4611734738285609,0.5592895823710065
CV2,sparse_cell,G+E+GxE expanded-grid,W021,ME1,0.6658680964157973,0.5739583752988517,0.09190972111694551
CV2,sparse_cell,G+E+GxE expanded-grid,W022,ME2,-0.862459724145355,-0.2611628051644864,-0.6012969189808686
CV2,sparse_cell,G+E+GxE expanded-grid,W023,ME3,-0.41496342521819896,-0.19912616602249736,-0.2158372591957016
CV2,sparse_cell,G+E+GxE expanded-grid,W024,ME4,-0.9611117248589154,-0.829137812442976,-0.13197391241593937
CV2,sparse_cell,G+E+GxE expanded-grid,W025,ME1,-1.127238572450251,-0.6883905653494042,-0.4388480071008467
CV2,sparse_cell,G+E+GxE expanded-grid,W026,ME2,-0.2743862378893214,-0.29722753414944325,0.022841296260121824
CV2,sparse_cell,G+E+GxE expanded-grid,W027,ME3,0.06547512060168752,0.2906993430211663,-0.22522422241947876
CV2,sparse_cell,G+E+GxE expanded-grid,W028,ME4,0.38525073403836974,-0.23800995612550474,0.6232606901638744
CV2,sparse_cell,G+E+GxE expanded-grid,W029,ME1,0.9675492759192114,0.03016028675138959,0.9373889891678218
CV2,sparse_cell,G+E+GxE expanded-grid,W030,ME2,0.41790792992397896,0.26267299540295436,0.1552349345210246
CV2,sparse_cell,G+E+GxE expanded-grid,W031,ME3,0.9539401226965609,0.3821223952267193,0.5718177274698416
CV2,sparse_cell,G+E+GxE expanded-grid,W032,ME4,0.9739475166236292,0.0688907694465444,0.9050567471770848
CV2,sparse_cell,G+E+GxE expanded-grid,W033,ME1,-1.3051134379183305,0.07278273501957752,-1.377896172937908
CV2,sparse_cell,G+E+GxE expanded-grid,W034,ME2,-0.3815434263838341,-1.1959833296618279,0.8144399032779938
CV2,sparse_cell,G+E+GxE expanded-grid,W035,ME3,-0.07067447363303,-0.7649858967717846,0.6943114231387546
CV2,sparse_cell,G+E+GxE expanded-grid,W036,ME4,-0.8364480971812744,-0.36085143149274995,-0.4755966656885245
CV2,sparse_cell,G+E+GxE expanded-grid,W037,ME1,-1.4010181316481083,-0.8769207731271422,-0.5240973585209661
CV2,sparse_cell,G+E+GxE expanded-grid,W038,ME2,-1.4137319435046494,-0.5360276150132213,-0.8777043284914281
CV2,sparse_cell,G+E+GxE expanded-grid,W039,ME3,-0.8247467594385198,0.022367716846030804,-0.8471144762845506
CV2,sparse_cell,G+E+GxE expanded-grid,W040,ME4,-0.2185186497099088,-0.17579610197450202,-0.04272254773540679
CV2,sparse_cell,G+E+GxE expanded-grid,W041,ME1,0.7482861925898263,0.3035703363798638,0.4447158562099625
CV2,sparse_cell,G+E+GxE expanded-grid,W042,ME2,1.061629488376578,-0.07159344786920963,1.1332229362457875
CV2,sparse_cell,G+E+GxE expanded-grid,W043,ME3,0.4015371533466911,-0.9110976031945367,1.3126347565412277
CV2,sparse_cell,G+E+GxE expanded-grid,W044,ME4,-1.2559399849777169,-0.6423673050829974,-0.6135726798947194
CV2,sparse_cell,G+E+GxE expanded-grid,W045,ME1,-0.28018903224586655,-0.483163663931988,0.20297463168612145
CV2,sparse_cell,G+E+GxE expanded-grid,W046,ME2,-0.6993633442320486,-0.8158406592782544,0.11647731504620584
CV2,sparse_cell,G+E+GxE expanded-grid,W047,ME3,-0.7506031315340369,-0.21898199421243514,-0.5316211373216018
CV2,sparse_cell,G+E+GxE expanded-grid,W048,ME4,0.51088983277249,0.0038750700664619137,0.5070147627060281
CV2,sparse_cell,G+E+GxE expanded-grid,W049,ME1,0.6860409841848755,-0.0029253945518376984,0.6889663787367132
CV2,sparse_cell,G+E+GxE expanded-grid,W050,ME2,0.06876105229264243,-0.42589561952118227,0.49465667181382467
CV2,sparse_cell,G+E+GxE expanded-grid,W051,ME3,0.6325159239864702,0.6275813709236597,0.004934553062810432
CV2,sparse_cell,G+E+GxE expanded-grid,W052,ME4,-0.31881910108177297,-0.2897682648058517,-0.029050836275921255
CV2,sparse_cell,G+E+GxE expanded-grid,W053,ME1,0.025385017808058567,0.368828513021432,-0.3434434952133734
CV2,sparse_cell,G+E+GxE expanded-grid,W054,ME2,-0.9063491112354478,-0.08088410205245551,-0.8254650091829923
CV2,sparse_cell,G+E+GxE expanded-grid,W055,ME3,1.6860092015424728,-0.21981827855406147,1.9058274800965342
CV2,sparse_cell,G+E+GxE expanded-grid,W056,ME4,-1.3650904761765097,-0.7438272201068875,-0.6212632560696222
CV2,sparse_cell,G+E+GxE expanded-grid,W057,ME1,0.44940657682987684,-0.05343520583880704,0.5028417826686838
CV2,sparse_cell,G+E+GxE expanded-grid,W058,ME2,0.23106001868419593,0.12669469828497537,0.10436532039922056
CV2,sparse_cell,G+E+GxE expanded-grid,W059,ME3,0.8378932664901717,-0.6079948779922179,1.4458881444823897
CV2,sparse_cell,G+E+GxE expanded-grid,W060,ME4,0.6133850940214327,-0.5416503009799504,1.155035395001383
CV2,sparse_cell,G+E+GxE expanded-grid,W061,ME1,0.14228515145252696,0.2420621526683052,-0.09977700121577823
CV2,sparse_cell,G+E+GxE expanded-grid,W062,ME2,1.043269991340045,0.4396147484186028,0.6036552429214421
CV2,sparse_cell,G+E+GxE expanded-grid,W063,ME3,0.21655817737173513,0.17773068607482306,0.03882749129691207
CV2,sparse_cell,G+E+GxE expanded-grid,W064,ME4,0.021297762844700634,0.31394722677655207,-0.29264946393185143
CV2,sparse_cell,G+E+GxE expanded-grid,W065,ME1,0.8241971683248178,-0.4224916957474792,1.246688864072297
CV2,sparse_cell,G+E+GxE expanded-grid,W066,ME2,-0.9564849042459331,-0.10928179616781018,-0.8472031080781229
CV2,sparse_cell,G+E+GxE expanded-grid,W067,ME3,-0.6099346445072371,-0.6894564763719109,0.07952183186467376
CV2,sparse_cell,G+E+GxE expanded-grid,W068,ME4,-0.83802143759495,-0.19076251322285148,-0.6472589243720985
CV2,sparse_cell,G+E+GxE expanded-grid,W069,ME1,0.5606872948261147,-0.057248484818282985,0.6179357796443976
CV2,sparse_cell,G+E+GxE expanded-grid,W070,ME2,-0.45527253375219584,0.13417344209270793,-0.5894459758449038
CV2,sparse_cell,G+E+GxE expanded-grid,W071,ME3,1.4130089512006208,0.2001441463159291,1.2128648048846917
CV2,sparse_cell,G+E+GxE expanded-grid,W072,ME4,-2.5818096849868675,-0.7713478029262879,-1.8104618820605796
CV2,sparse_cell,G+E+GxE expanded-grid,W073,ME1,0.33457503967041147,0.5468831288448421,-0.21230808917443067
CV2,sparse_cell,G+E+GxE expanded-grid,W074,ME2,-0.674903000886236,0.3450634759021756,-1.0199664767884116
CV2,sparse_cell,G+E+GxE expanded-grid,W075,ME3,-0.20287953901933256,-0.49086904270750475,0.2879895036881722
CV2,sparse_cell,G+E+GxE expanded-grid,W076,ME4,0.06664930026891967,0.07845978475122817,-0.011810484482308495
CV2,sparse_cell,G+E+GxE expanded-grid,W077,ME1,-0.15064114135255904,0.301258805617155,-0.45189994696971403
CV2,sparse_cell,G+E+GxE expanded-grid,W078,ME2,-0.6132110404890881,-0.49984905200670204,-0.1133619884823861
CV2,sparse_cell,G+E+GxE expanded-grid,W079,ME3,1.155178666194431,0.05940614026217063,1.0957725259322604
CV2,sparse_cell,G+E+GxE expanded-grid,W080,ME4,-1.2064269621593235,-0.5976438541409291,-0.6087831080183944
CV2,sparse_cell,G+E+GxE expanded-grid,W081,ME1,1.3097065362511746,1.133765910294559,0.17594062595661564
CV2,sparse_cell,G+E+GxE expanded-grid,W082,ME2,-0.4044722294735835,-0.09113018655993745,-0.3133420429136461
CV2,sparse_cell,G+E+GxE expanded-grid,W083,ME3,-0.2850473690779795,0.3989314525636851,-0.6839788216416647
CV2,sparse_cell,G+E+GxE expanded-grid,W084,ME4,0.024696178138241338,0.20347362968356622,-0.17877745154532487
CV2,sparse_cell,G+E+GxE expanded-grid,W085,ME1,-0.07534097166628811,-0.017570867978808573,-0.05777010368747954
CV2,sparse_cell,G+E+GxE expanded-grid,W086,ME2,-0.08236779611563717,0.7676007849453257,-0.8499685810609628
CV2,sparse_cell,G+E+GxE expanded-grid,W087,ME3,-0.05258200940753501,1.464603032668921,-1.517185042076456
CV2,sparse_cell,G+E+GxE expanded-grid,W088,ME4,0.6437269638991793,0.1606069923331062,0.48311997156607306
CV2,sparse_cell,G+E+GxE expanded-grid,W089,ME1,-0.7229582649230821,-0.7172016194651457,-0.005756645457936416
CV2,sparse_cell,G+E+GxE expanded-grid,W090,ME2,-0.32331958193843435,0.005399660244313235,-0.32871924218274756
CV2,sparse_cell,G+E+GxE expanded-grid,W091,ME3,-0.5492970158075015,-0.1593651494412573,-0.38993186636624416
CV2,sparse_cell,G+E+GxE expanded-grid,W092,ME4,0.10336319882205586,-0.3250556040058635,0.42841880282791933
CV2,sparse_cell,G+E+GxE expanded-grid,W093,ME1,-0.05990793883528156,-0.1227068689380005,0.06279893010271893
CV2,sparse_cell,G+E+GxE expanded-grid,W094,ME2,0.12579510513415798,0.5855418929767625,-0.45974678784260453
CV2,sparse_cell,G+E+GxE expanded-grid,W095,ME3,0.18433467082632615,-0.43796639951032895,0.6223010703366552
CV2,sparse_cell,G+E+GxE expanded-grid,W096,ME4,-0.9079485522807936,-0.30645392019285167,-0.601494632087942
CV2,sparse_cell,G+E+GxE expanded-grid,W097,ME1,0.41013581993747006,0.49390441103907345,-0.0837685911016034
CV2,sparse_cell,G+E+GxE expanded-grid,W098,ME2,0.35041257111852275,-0.00740888581499027,0.357821456933513
CV2,sparse_cell,G+E+GxE expanded-grid,W099,ME3,-0.6989357161897987,0.30320078634192116,-1.00213650253172
CV2,sparse_cell,G+E+GxE expanded-grid,W100,ME4,-0.6463571084009043,-0.014740959895660996,-0.6316161485052433
CV2,sparse_cell,G+E+GxE expanded-grid,W101,ME1,1.9633911695919264,0.2577380405829916,1.7056531290089347
CV2,sparse_cell,G+E+GxE expanded-grid,W102,ME2,-0.07896296695132968,-0.35624258071972925,0.2772796137683996
CV2,sparse_cell,G+E+GxE expanded-grid,W103,ME3,-0.5613671051530811,0.5112931469419592,-1.0726602520950403
CV2,sparse_cell,G+E+GxE expanded-grid,W104,ME4,-0.1326378632293884,-0.5005220448591178,0.36788418162972936
CV2,sparse_cell,G+E+GxE expanded-grid,W105,ME1,0.6205218553587818,-0.222615816334824,0.8431376716936058
CV2,sparse_cell,G+E+GxE expanded-grid,W106,ME2,0.41126914592145514,0.211303221010254,0.19996592491120113
CV2,sparse_cell,G+E+GxE expanded-grid,W107,ME3,-0.14108473590368073,0.03478244473874587,-0.1758671806424266
CV2,sparse_cell,G+E+GxE expanded-grid,W108,ME4,-0.5390867589964545,0.014301771868649234,-0.5533885308651038
CV2,sparse_cell,G+E+GxE expanded-grid,W109,ME1,-0.7609666893148012,0.17929299978087537,-0.9402596890956765
CV2,sparse_cell,G+E+GxE expanded-grid,W110,ME2,-0.5164645285285623,-0.5218642150739541,0.005399686545391802
CV2,sparse_cell,G+E+GxE expanded-grid,W111,ME3,1.2584797107685726,0.6153645192198939,0.6431151915486787
CV2,sparse_cell,G+E+GxE expanded-grid,W112,ME4,-0.00245967740181196,-1.1174945313921931,1.1150348539903812
CV2,sparse_cell,G+E+GxE expanded-grid,W113,ME1,-1.0811349318928232,-0.6434568452347454,-0.4376780866580777
CV2,sparse_cell,G+E+GxE expanded-grid,W114,ME2,0.2898597728953063,-0.4413567661046882,0.7312165389999945
CV2,sparse_cell,G+E+GxE expanded-grid,W115,ME3,-2.160573701420955,-0.5526981201363079,-1.607875581284647
CV2,sparse_cell,G+E+GxE expanded-grid,W116,ME4,-0.3306191541843449,-0.06459601684649396,-0.26602313733785093
CV2,sparse_cell,G+E+GxE expanded-grid,W117,ME1,-0.115605306397947,0.6082020107597845,-0.7238073171577315
CV2,sparse_cell,G+E+GxE expanded-grid,W118,ME2,-0.31294054879816674,-0.3175086315407229,0.0045680827425561565
CV2,sparse_cell,G+E+GxE expanded-grid,W119,ME3,0.6173797447651402,-0.32087120935529495,0.9382509541204351
CV2,sparse_cell,G+E+GxE expanded-grid,W120,ME4,-0.5501001418921881,-0.4211741817059768,-0.12892596018621133
CV2,sparse_cell,G+E+GxE expanded-grid,W121,ME1,1.8092807314594008,0.6470323223777249,1.162248409081676
CV2,sparse_cell,G+E+GxE expanded-grid,W122,ME2,0.8530172509359556,0.6485095425498758,0.2045077083860798
CV2,sparse_cell,G+E+GxE expanded-grid,W123,ME3,-2.0254292440876536,-0.029627085970916407,-1.9958021581167371
CV2,sparse_cell,G+E+GxE expanded-grid,W124,ME4,-0.7409935342835337,-0.29020707615674635,-0.4507864581267873
CV2,sparse_cell,G+E+GxE expanded-grid,W125,ME1,1.0141497053962651,0.44548192071051196,0.5686677846857532
CV2,sparse_cell,G+E+GxE expanded-grid,W126,ME2,-0.7164381194835368,0.4626397436322277,-1.1790778631157646
CV2,sparse_cell,G+E+GxE expanded-grid,W127,ME3,0.18361671589674317,0.10156871451731588,0.08204800137942729
CV2,sparse_cell,G+E+GxE expanded-grid,W128,ME4,-0.5459701233062877,-1.0838342545512818,0.5378641312449941
CV2,sparse_cell,G+E+GxE expanded-grid,W129,ME1,0.3675992867045699,0.3956498520908666,-0.02805056538629669
CV2,sparse_cell,G+E+GxE expanded-grid,W130,ME2,-0.5809347788943552,0.10073440177728354,-0.6816691806716387
CV2,sparse_cell,G+E+GxE expanded-grid,W131,ME3,-0.939045184228159,-1.608372506470167,0.6693273222420081
CV2,sparse_cell,G+E+GxE expanded-grid,W132,ME4,-0.6911737100844733,-0.32940342966989244,-0.3617702804145808
CV2,sparse_cell,G+E+GxE expanded-grid,W133,ME1,0.6006177222511422,-0.5385750720419435,1.1391927942930857
CV2,sparse_cell,G+E+GxE expanded-grid,W134,ME2,0.28636001354983914,0.6266810094162835,-0.3403209958664443
CV2,sparse_cell,G+E+GxE expanded-grid,W135,ME3,-0.5546098822864167,0.05706709272114237,-0.6116769750075591
CV2,sparse_cell,G+E+GxE expanded-grid,W136,ME4,-0.7200209065692281,-0.47861120279705677,-0.24140970377217136
CV2,sparse_cell,G+E+GxE expanded-grid,W137,ME1,1.2593842619172477,0.46554126114084593,0.7938430007764018
CV2,sparse_cell,G+E+GxE expanded-grid,W138,ME2,-0.5049336758568758,-0.4681834680013338,-0.03675020785554195
CV2,sparse_cell,G+E+GxE expanded-grid,W139,ME3,0.6211468965133073,0.42068620913461335,0.200460687378694
CV2,sparse_cell,G+E+GxE expanded-grid,W140,ME4,0.13089665606139114,0.23848856866005352,-0.10759191259866238
CV2,sparse_cell,G+E+GxE expanded-grid,W141,ME1,0.988813470495336,0.3344392582337485,0.6543742122615874
CV2,sparse_cell,G+E+GxE expanded-grid,W142,ME2,-0.13766146230253548,0.39367719812248625,-0.5313386604250218
CV2,sparse_cell,G+E+GxE expanded-grid,W143,ME3,-2.1099029764495496,0.11638235707906701,-2.2262853335286166
CV2,sparse_cell,G+E+GxE expanded-grid,W144,ME4,-1.4804713954134605,0.05946047066856826,-1.5399318660820287
CV2,sparse_cell,G+E+GxE expanded-grid,W145,ME1,-0.7810907125999806,-0.17625468302688072,-0.6048360295730999
CV2,sparse_cell,G+E+GxE expanded-grid,W146,ME2,-0.3760058324827775,0.41139708606678144,-0.787402918549559
CV2,sparse_cell,G+E+GxE expanded-grid,W147,ME3,-1.0190844890838067,-0.07368887742241406,-0.9453956116613926
CV2,sparse_cell,G+E+GxE expanded-grid,W148,ME4,-0.4568403888715257,0.11777314620997018,-0.5746135350814959
CV2,sparse_cell,G+E+GxE expanded-grid,W149,ME1,0.5843132727906273,0.313948786755021,0.27036448603560626
CV2,sparse_cell,G+E+GxE expanded-grid,W150,ME2,-2.2598003474412476,-0.9884802572390039,-1.2713200902022437
CV2,sparse_cell,G+E+GxE expanded-grid,W151,ME3,-1.2934023978846596,-1.0517628146821185,-0.2416395832025411
CV2,sparse_cell,G+E+GxE expanded-grid,W152,ME4,-0.39748612176558745,-0.8499488978141168,0.4524627760485293
CV2,sparse_cell,G+E+GxE expanded-grid,W153,ME1,1.725315259961947,0.2088838616723664,1.5164313982895807
CV2,sparse_cell,G+E+GxE expanded-grid,W154,ME2,-0.5974652877738541,0.7352062758635654,-1.3326715636374193
CV2,sparse_cell,G+E+GxE expanded-grid,W155,ME3,-0.16035971413084232,0.2826047671000771,-0.4429644812309194
CV2,sparse_cell,G+E+GxE expanded-grid,W156,ME4,0.3000307505315928,-0.33761589910284084,0.6376466496344336
CV2,sparse_cell,G+E+GxE expanded-grid,W157,ME1,0.8671164733482509,0.7419577769099119,0.125158696438339
CV2,sparse_cell,G+E+GxE expanded-grid,W158,ME2,-0.9264806383203201,0.142957491550758,-1.0694381298710782
CV2,sparse_cell,G+E+GxE expanded-grid,W159,ME3,-1.3606874445794765,-0.8389723334926665,-0.52171511108681
CV2,sparse_cell,G+E+GxE expanded-grid,W160,ME4,-0.46173347755805894,0.33866684759222193,-0.8004003251502809
CV2,sparse_cell,G+E+GxE expanded-grid,W161,ME1,0.9529713715564129,0.2543054046174174,0.6986659669389954
CV2,sparse_cell,G+E+GxE expanded-grid,W162,ME2,-1.9813384827023757,-0.3050696013949372,-1.6762688813074385
CV2,sparse_cell,G+E+GxE expanded-grid,W163,ME3,-1.4454399123846235,-0.7757998706203584,-0.6696400417642652
CV2,sparse_cell,G+E+GxE expanded-grid,W164,ME4,-0.9345694720801964,-0.3355309910446561,-0.5990384810355402
CV2,sparse_cell,G+E+GxE expanded-grid,W165,ME1,-0.14388155441338457,0.2405349387811608,-0.3844164931945454
CV2,sparse_cell,G+E+GxE expanded-grid,W166,ME2,-2.5271870243780064,0.5859671969100495,-3.113154221288056
CV2,sparse_cell,G+E+GxE expanded-grid,W167,ME3,-0.6482480981612279,-0.6698087732179389,0.021560675056711
CV2,sparse_cell,G+E+GxE expanded-grid,W168,ME4,0.3942974414170083,0.18662507972458403,0.20767236169242426
CV2,sparse_cell,G+E+GxE expanded-grid,W169,ME1,0.9551865614931063,-0.10349314489460175,1.058679706387708
CV2,sparse_cell,G+E+GxE expanded-grid,W170,ME2,-2.333371237841007,-0.058383275222130035,-2.274987962618877
CV2,sparse_cell,G+E+GxE expanded-grid,W171,ME3,-1.2616181108255835,0.0763578533679616,-1.3379759641935451
CV2,sparse_cell,G+E+GxE expanded-grid,W172,ME4,-0.41822274841784135,0.04574367337452952,-0.46396642179237085
CV2,sparse_cell,G+E+GxE expanded-grid,W173,ME1,-0.15331239980563044,0.024264812271921607,-0.17757721207755206
CV2,sparse_cell,G+E+GxE expanded-grid,W174,ME2,0.4238758739796326,-0.04295625400880083,0.46683212798843343
CV2,sparse_cell,G+E+GxE expanded-grid,W175,ME3,-1.7588905881120498,-0.37665042926558634,-1.3822401588464635
CV2,sparse_cell,G+E+GxE expanded-grid,W176,ME4,-0.6277680914133182,0.09377267524240944,-0.7215407666557276
CV2,sparse_cell,G+E+GxE expanded-grid,W177,ME1,1.053053978659442,-0.13600081758490842,1.1890547962443503
CV2,sparse_cell,G+E+GxE expanded-grid,W178,ME2,-0.5449562402343447,-0.17635215561338763,-0.3686040846209571
CV2,sparse_cell,G+E+GxE expanded-grid,W179,ME3,-2.2603272039900983,-1.1343513434389472,-1.1259758605511512
CV2,sparse_cell,G+E+GxE expanded-grid,W180,ME4,-1.6784448196663495,-1.0384285289164312,-0.6400162907499183
CV2,sparse_cell,G+E+GxE expanded-grid,W181,ME1,0.8223158856947588,0.32820523895948356,0.4941106467352752
CV2,sparse_cell,G+E+GxE expanded-grid,W182,ME2,-1.3916385260091175,-0.9062960464537407,-0.4853424795553768
CV2,sparse_cell,G+E+GxE expanded-grid,W183,ME3,0.4471484076966806,-0.13203744328452263,0.5791858509812032
CV2,sparse_cell,G+E+GxE expanded-grid,W184,ME4,-0.04531747027035415,0.3536738455380618,-0.39899131580841596
CV2,sparse_cell,G+E+GxE expanded-grid,W185,ME1,0.6157657122594117,0.379084443988276,0.23668126827113567
CV2,sparse_cell,G+E+GxE expanded-grid,W186,ME2,-0.7054325471476078,0.1717800889855441,-0.8772126361331519
CV2,sparse_cell,G+E+GxE expanded-grid,W187,ME3,-0.6477075203318948,-0.1317334292615761,-0.5159740910703188
CV2,sparse_cell,G+E+GxE expanded-grid,W188,ME4,-0.5395194276102152,0.2771036039843316,-0.8166230315945469
CV2,sparse_cell,G+E+GxE expanded-grid,W189,ME1,0.7823610260277849,0.37099094265431154,0.41137008337347336
CV2,sparse_cell,G+E+GxE expanded-grid,W190,ME2,0.6671123128290374,-0.09000956242043227,0.7571218752494696
CV2,sparse_cell,G+E+GxE expanded-grid,W191,ME3,-0.3839900049031236,0.2660111952908524,-0.650001200193976
CV2,sparse_cell,G+E+GxE expanded-grid,W192,ME4,-1.3559100348627087,-0.6809738021209294,-0.6749362327417793
CV2,sparse_cell,G+E+GxE expanded-grid,W193,ME1,-0.1570098124205512,0.42447381068297135,-0.5814836231035225
CV2,sparse_cell,G+E+GxE expanded-grid,W194,ME2,-0.6745739095915452,0.39600818600137166,-1.0705820955929168
CV2,sparse_cell,G+E+GxE expanded-grid,W195,ME3,-1.1620081992423568,-0.9658167607149291,-0.1961914385274277
CV2,sparse_cell,G+E+GxE expanded-grid,W196,ME4,-1.7898923878691095,-0.3063712849646263,-1.4835211029044832
CV2,sparse_cell,G+E+GxE expanded-grid,W197,ME1,-0.4289650975528974,-0.29358433705546766,-0.13538076049742975
CV2,sparse_cell,G+E+GxE expanded-grid,W198,ME2,2.143377888742169,0.08170396053889505,2.0616739282032737
CV2,sparse_cell,G+E+GxE expanded-grid,W199,ME3,0.06689413740368748,0.21239613204451166,-0.1455019946408242
CV2,sparse_cell,G+E+GxE expanded-grid,W200,ME4,0.2760845094354399,-0.22723664316610018,0.5033211526015401
CV2,sparse_cell,G+E+GxE expanded-grid,W201,ME1,0.2495345495272083,0.15406713751883358,0.09546741200837472
CV2,sparse_cell,G+E+GxE expanded-grid,W202,ME2,1.6505826609780379,-0.08192042238549276,1.7325030833635306
CV2,sparse_cell,G+E+GxE expanded-grid,W203,ME3,-1.5355390327830185,0.23743117676164072,-1.7729702095446593
CV2,sparse_cell,G+E+GxE expanded-grid,W204,ME4,0.406097494519581,0.28538881325553483,0.12070868126404616
CV2,sparse_cell,G+E+GxE expanded-grid,W205,ME1,-1.688113262708076,-0.6821911099195512,-1.0059221527885247
CV2,sparse_cell,G+E+GxE expanded-grid,W206,ME2,-2.1234173205066416,-0.48543272812862803,-1.6379845923780136
CV2,sparse_cell,G+E+GxE expanded-grid,W207,ME3,-0.13213986213393236,0.24528134309738428,-0.3774212052313166
CV2,sparse_cell,G+E+GxE expanded-grid,W208,ME4,-0.20606566033566145,0.20349913765573538,-0.40956479799139683
CV2,sparse_cell,G+E+GxE expanded-grid,W209,ME1,0.36454525646096697,0.318655783021868,0.04588947343909899
CV2,sparse_cell,G+E+GxE expanded-grid,W210,ME2,-0.6701754778644194,0.5070667624516477,-1.1772422403160672
CV2,sparse_cell,G+E+GxE expanded-grid,W211,ME3,1.7548568560252062,0.560391563470871,1.194465292554335
CV2,sparse_cell,G+E+GxE expanded-grid,W212,ME4,0.7225591853264305,-0.04358890366851364,0.7661480889949441
CV2,sparse_cell,G+E+GxE expanded-grid,W213,ME1,1.0264146908545742,0.2836555367125018,0.7427591541420724
CV2,sparse_cell,G+E+GxE expanded-grid,W214,ME2,0.6404116172078261,0.427455328214784,0.21295628899304214
CV2,sparse_cell,G+E+GxE expanded-grid,W215,ME3,0.44175952246051514,-0.3644416882810519,0.806201210741567
CV2,sparse_cell,G+E+GxE expanded-grid,W216,ME4,-0.17364698111186105,-0.30180263271708985,0.1281556516052288
CV2,sparse_cell,G+E+GxE expanded-grid,W217,ME1,-0.5394314074841748,-0.17256497656249128,-0.3668664309216836
CV2,sparse_cell,G+E+GxE expanded-grid,W218,ME2,0.298517405417187,0.23815282343781835,0.06036458197936867
CV2,sparse_cell,G+E+GxE expanded-grid,W219,ME3,0.3660363937109506,-0.0412533964084059,0.4072897901193565
CV2,sparse_cell,G+E+GxE expanded-grid,W220,ME4,-0.34458255035572233,-0.3049281711578265,-0.03965437919789583
CV2,sparse_cell,G+E+GxE expanded-grid,W221,ME1,0.6424864408707738,0.2961420185911894,0.3463444222795844
CV2,sparse_cell,G+E+GxE expanded-grid,W222,ME2,0.7959705407369501,0.9237462396411634,-0.12777569890421336
CV2,sparse_cell,G+E+GxE expanded-grid,W223,ME3,0.16245816179549796,-0.06918481733615053,0.2316429791316485
CV2,sparse_cell,G+E+GxE expanded-grid,W224,ME4,-1.776786462223186,-0.10805648373410615,-1.66872997848908
CV2,sparse_cell,G+E+GxE expanded-grid,W225,ME1,0.6895836592674551,0.3950614670449504,0.29452219222250475
CV2,sparse_cell,G+E+GxE expanded-grid,W226,ME2,0.38522030421088155,0.3029757240794351,0.08224458013144642
CV2,sparse_cell,G+E+GxE expanded-grid,W227,ME3,0.4533650527340126,-0.277214129200058,0.7305791819340706
CV2,sparse_cell,G+E+GxE expanded-grid,W228,ME4,-0.2857789523945702,-0.1411889314045509,-0.14459002099001927
CV2,sparse_cell,G+E+GxE expanded-grid,W229,ME1,0.47540248226342524,-0.27946468336126445,0.7548671656246897
CV2,sparse_cell,G+E+GxE expanded-grid,W230,ME2,-0.10725848961604569,0.14370437114289908,-0.25096286075894475
CV2,sparse_cell,G+E+GxE expanded-grid,W231,ME3,-1.4003945754497167,-0.0772936875475915,-1.323100887902125
CV2,sparse_cell,G+E+GxE expanded-grid,W232,ME4,-0.12411822488933168,0.30754761652579105,-0.4316658414151227
CV2,sparse_cell,G+E+GxE expanded-grid,W233,ME1,0.7591259639344545,0.23431989594328267,0.5248060679911719
CV2,sparse_cell,G+E+GxE expanded-grid,W234,ME2,-0.40533925846152025,-0.12105173765991399,-0.28428752080160624
CV2,sparse_cell,G+E+GxE expanded-grid,W235,ME3,0.5675283330663183,0.29899211665422104,0.2685362164120973
CV2,sparse_cell,G+E+GxE expanded-grid,W236,ME4,1.606949565258014,0.3023369366115767,1.3046126286464372
CV2,sparse_cell,G+E+GxE expanded-grid,W237,ME1,1.1157796878227189,0.2981777144213832,0.8176019734013357
CV2,sparse_cell,G+E+GxE expanded-grid,W238,ME2,-0.18922753670917877,0.429243150033053,-0.6184706867422318
CV2,sparse_cell,G+E+GxE expanded-grid,W239,ME3,-0.06302191873653193,0.4420778400109127,-0.5050997587474446
CV2,sparse_cell,G+E+GxE expanded-grid,W240,ME4,1.6399897139452146,0.1925805361069713,1.4474091778382434
CV2,sparse_cell,G+E+GxE expanded-grid,W241,ME1,1.4679623114343485,0.3328504816233547,1.135111829810994
CV2,sparse_cell,G+E+GxE expanded-grid,W242,ME2,0.5003199845291967,-0.21311951421498454,0.7134394987441812
CV2,sparse_cell,G+E+GxE expanded-grid,W243,ME3,-0.1538221010073438,-0.35422215205195595,0.20040005104461214
CV2,sparse_cell,G+E+GxE expanded-grid,W244,ME4,0.48935866921132964,-0.32353120279101444,0.8128898720023441
CV2,sparse_cell,G+E+GxE expanded-grid,W245,ME1,0.8245799401153493,0.09552509686560245,0.7290548432497468
CV2,sparse_cell,G+E+GxE expanded-grid,W246,ME2,0.5598158934021549,0.11103452324024475,0.4487813701619101
CV2,sparse_cell,G+E+GxE expanded-grid,W247,ME3,1.4571167234627758,0.1081447085629053,1.3489720148998705
CV2,sparse_cell,G+E+GxE expanded-grid,W248,ME4,-0.12229315000946639,-0.6076361909703807,0.4853430409609143
CV2,sparse_cell,G+E+GxE expanded-grid,W249,ME1,-0.4484213062248097,0.4221936978916106,-0.8706150041164202
CV2,sparse_cell,G+E+GxE expanded-grid,W250,ME2,-0.21156777267572885,0.5389030667945145,-0.7504708394702433
CV2,sparse_cell,G+E+GxE expanded-grid,W251,ME3,-0.699594545419299,-0.872766374696884,0.173171829277585
CV2,sparse_cell,G+E+GxE expanded-grid,W252,ME4,0.7817718517951378,0.2338097870271194,0.5479620647680183
CV2,sparse_cell,G+E+GxE expanded-grid,W253,ME1,1.4390019606443423,0.21670915869666613,1.2222928019476762
CV2,sparse_cell,G+E+GxE expanded-grid,W254,ME2,-0.3479571282890808,-0.5560673121506399,0.20811018386155905
CV2,sparse_cell,G+E+GxE expanded-grid,W255,ME3,0.1625003944384145,0.3125258285329791,-0.15002543409456462
CV2,sparse_cell,G+E+GxE expanded-grid,W256,ME4,-0.012017720414895539,0.01710755989202989,-0.029125280306925426
CV2,sparse_cell,G+E+GxE expanded-grid,W257,ME1,0.8522535261627155,0.426928603865746,0.42532492229696955
CV2,sparse_cell,G+E+GxE expanded-grid,W258,ME2,-0.7187860592975854,-0.4460494405305338,-0.27273661876705163
CV2,sparse_cell,G+E+GxE expanded-grid,W259,ME3,-1.1657669044619396,-0.14306090401683072,-1.022706000445109
CV2,sparse_cell,G+E+GxE expanded-grid,W260,ME4,-0.5241872252789396,0.3475066187410927,-0.8716938440200322
CV2,sparse_cell,G+E+GxE expanded-grid,W261,ME1,0.22731749751507793,0.7058661833958183,-0.4785486858807404
CV2,sparse_cell,G+E+GxE expanded-grid,W262,ME2,-0.02358069926201445,-0.16426761252533112,0.14068691326331667
CV2,sparse_cell,G+E+GxE expanded-grid,W263,ME3,-1.4979857667015282,-0.04821626312625553,-1.4497695035752727
CV2,sparse_cell,G+E+GxE expanded-grid,W264,ME4,-0.5063140781795771,0.3817817932407963,-0.8880958714203734
CV2,sparse_cell,G+E+GxE expanded-grid,W265,ME1,0.26048019392028027,0.36110623868106534,-0.10062604476078507
CV2,sparse_cell,G+E+GxE expanded-grid,W266,ME2,-1.267779954309016,-0.9613451384081122,-0.3064348159009038
CV2,sparse_cell,G+E+GxE expanded-grid,W267,ME3,0.7941824810714333,0.3174884191471275,0.4766940619243058
CV2,sparse_cell,G+E+GxE expanded-grid,W268,ME4,1.1852943343927658,0.19086238329030786,0.994431951102458
CV2,sparse_cell,G+E+GxE expanded-grid,W269,ME1,-0.1518057448854522,0.13023569079392602,-0.2820414356793782
CV2,sparse_cell,G+E+GxE expanded-grid,W270,ME2,-2.0905081910375016,-0.13062907737398743,-1.959879113663514
CV2,sparse_cell,G+E+GxE expanded-grid,W271,ME3,-0.7556372625697024,-0.5299236687110703,-0.2257135938586321
CV2,sparse_cell,G+E+GxE expanded-grid,W272,ME4,1.5786294378118395,-0.5706142326569292,2.1492436704687687
CV2,sparse_cell,G+E+GxE expanded-grid,W273,ME1,-0.7698518813035222,0.20974287438215847,-0.9795947556856807
CV2,sparse_cell,G+E+GxE expanded-grid,W274,ME2,-1.1044177698884592,-0.40176374462115855,-0.7026540252673006
CV2,sparse_cell,G+E+GxE expanded-grid,W275,ME3,-0.6204928052364007,-0.5062715629585486,-0.11422124227785213
CV2,sparse_cell,G+E+GxE expanded-grid,W276,ME4,-0.6020203755435065,0.4223540638051269,-1.0243744393486334
CV2,sparse_cell,G+E+GxE expanded-grid,W277,ME1,-0.5857956586223904,0.004038809073662124,-0.5898344676960525
CV2,sparse_cell,G+E+GxE expanded-grid,W278,ME2,-0.8811546411553238,-0.3097891043642046,-0.5713655367911192
CV2,sparse_cell,G+E+GxE expanded-grid,W279,ME3,-0.2876995790531457,-1.064611418792371,0.7769118397392253
CV2,sparse_cell,G+E+GxE expanded-grid,W280,ME4,-1.5487937028773537,-0.37465176964289243,-1.1741419332344614
CV2,sparse_cell,G+E+GxE expanded-grid,W281,ME1,-0.1682486437170095,0.02021025451989495,-0.18845889823690445
CV2,sparse_cell,G+E+GxE expanded-grid,W282,ME2,-0.7804716910159893,-0.2952387652977307,-0.48523292571825866
CV2,sparse_cell,G+E+GxE expanded-grid,W283,ME3,-1.7213542150877255,-0.2374589916853752,-1.4838952234023504
CV2,sparse_cell,G+E+GxE expanded-grid,W284,ME4,1.4590555663724403,-0.31542573455584494,1.7744813009282852
CV2,sparse_cell,G+E+GxE expanded-grid,W285,ME1,1.2356279786623419,-0.2843357171302127,1.5199636957925546
CV2,sparse_cell,G+E+GxE expanded-grid,W286,ME2,-0.8867618505225658,-0.6249188628990836,-0.26184298762348224
CV2,sparse_cell,G+E+GxE expanded-grid,W287,ME3,-2.1521356193662067,-0.23272589945244682,-1.9194097199137599
CV2,sparse_cell,G+E+GxE expanded-grid,W288,ME4,-2.48609552092087,-1.0874516236084144,-1.3986438973124558
CV2,sparse_cell,G+E+GxE expanded-grid,W289,ME1,0.5617053049073161,0.5313543829708829,0.030350921936433184
CV2,sparse_cell,G+E+GxE expanded-grid,W290,ME2,-0.22502254368561264,0.11512951939969593,-0.34015206308530854
CV2,sparse_cell,G+E+GxE expanded-grid,W291,ME3,-0.8569956055696786,-0.2215189911468388,-0.6354766144228398
CV2,sparse_cell,G+E+GxE expanded-grid,W292,ME4,0.08500231619445406,0.06291577751911745,0.02208653867533661
CV2,sparse_cell,G+E+GxE expanded-grid,W293,ME1,0.8461698979174604,0.5180147051214674,0.32815519279599303
CV2,sparse_cell,G+E+GxE expanded-grid,W294,ME2,0.6605937737226507,0.3484771194815551,0.31211665424109564
CV2,sparse_cell,G+E+GxE expanded-grid,W295,ME3,0.9363037710145666,-0.3062908472186142,1.2425946182331808
CV2,sparse_cell,G+E+GxE expanded-grid,W296,ME4,-0.05135123075680209,0.16850104440849206,-0.21985227516529415
CV2,sparse_cell,G+E+GxE expanded-grid,W297,ME1,0.12716159368620536,-0.08296544821450326,0.21012704190070863
CV2,sparse_cell,G+E+GxE expanded-grid,W298,ME2,-0.9044821510059489,-0.9079066808657759,0.003424529859826997
CV2,sparse_cell,G+E+GxE expanded-grid,W299,ME3,-0.801704629463191,-0.07469344494705485,-0.7270111845161361
CV2,sparse_cell,G+E+GxE expanded-grid,W300,ME4,-0.6507624615591974,-0.1981520613441002,-0.45261040021509713
CV2,sparse_cell,G+E+GxE expanded-grid,W301,ME1,0.4116750511802455,0.08674332404019099,0.3249317271400545
CV2,sparse_cell,G+E+GxE expanded-grid,W302,ME2,-0.4864919059966695,-0.5120119029028471,0.025519996906177622
CV2,sparse_cell,G+E+GxE expanded-grid,W303,ME3,-1.2611619982820832,0.03222320308734437,-1.2933852013694276
CV2,sparse_cell,G+E+GxE expanded-grid,W304,ME4,0.7707191353890623,0.09232875698666862,0.6783903784023937
CV2,sparse_cell,G+E+GxE expanded-grid,W305,ME1,-1.474013526510542,0.2188689715074246,-1.6928824980179666
CV2,sparse_cell,G+E+GxE expanded-grid,W306,ME2,-1.4221997156642086,-1.2858071611094826,-0.136392554554726
CV2,sparse_cell,G+E+GxE expanded-grid,W307,ME3,-0.5341608365861715,0.12629500168057603,-0.6604558382667476
CV2,sparse_cell,G+E+GxE expanded-grid,W308,ME4,0.11230763907380584,0.12395826875688326,-0.011650629683077424
CV2,sparse_cell,G+E+GxE expanded-grid,W309,ME1,1.1562231923286694,0.6644021609878346,0.4918210313408349
CV2,sparse_cell,G+E+GxE expanded-grid,W310,ME2,-0.21608644929899126,0.00450187889792546,-0.22058832819691673
CV2,sparse_cell,G+E+GxE expanded-grid,W311,ME3,-0.8288348792728519,-0.44936159247872864,-0.3794732867941233
CV2,sparse_cell,G+E+GxE expanded-grid,W312,ME4,-0.629553832782841,-1.1393629477909784,0.5098091150081373
CV2,sparse_cell,G+E+GxE expanded-grid,W313,ME1,0.10518072001291338,0.28855771413431236,-0.18337699412139896
CV2,sparse_cell,G+E+GxE expanded-grid,W314,ME2,-0.4162878726887524,-0.3797349494405055,-0.03655292324824688
CV2,sparse_cell,G+E+GxE expanded-grid,W315,ME3,0.47755591059667307,-0.7005302406366828,1.1780861512333558
CV2,sparse_cell,G+E+GxE expanded-grid,W316,ME4,-0.3266858031501543,0.16019201191993102,-0.4868778150700853
CV2,sparse_cell,G+E+GxE expanded-grid,W317,ME1,-0.29379779101136066,-0.15928989894702722,-0.13450789206433345
CV2,sparse_cell,G+E+GxE expanded-grid,W318,ME2,0.25946312888756146,-0.35102397998128515,0.6104871088688466
CV2,sparse_cell,G+E+GxE expanded-grid,W319,ME3,0.8645082780562494,0.2562073600665806,0.6083009179896688
CV2,sparse_cell,G+E+GxE expanded-grid,W320,ME4,-1.312100371043892,-0.38341596921118143,-0.9286844018327107
CV2,sparse_cell,G+E+GxE expanded-grid,W321,ME1,-1.0426785830653766,0.3325553002108864,-1.375233883276263
CV2,sparse_cell,G+E+GxE expanded-grid,W322,ME2,0.8221079839499407,-0.0834433368273783,0.9055513207773189
CV2,sparse_cell,G+E+GxE expanded-grid,W323,ME3,0.15025292799258408,-0.2390740085045704,0.38932693649715444
CV2,sparse_cell,G+E+GxE expanded-grid,W324,ME4,0.0561551197096985,-0.4205183294804818,0.4766734491901803
CV2,sparse_cell,G+E+GxE expanded-grid,W325,ME1,0.17486147405095656,0.5237711716321828,-0.34890969758122625
CV2,sparse_cell,G+E+GxE expanded-grid,W326,ME2,-0.20335314766593282,-0.05217116004640156,-0.15118198761953128
CV2,sparse_cell,G+E+GxE expanded-grid,W327,ME3,1.1601874576443458,-0.3913944792483601,1.551581936892706
CV2,sparse_cell,G+E+GxE expanded-grid,W328,ME4,-0.8026212782872341,-0.44291701654469495,-0.3597042617425391
CV2,sparse_cell,G+E+GxE expanded-grid,W329,ME1,-1.657556672110748,-0.2172532718283773,-1.4403034002823707
CV2,sparse_cell,G+E+GxE expanded-grid,W330,ME2,0.5869469391779631,-0.34729663397404087,0.934243573152004
CV2,sparse_cell,G+E+GxE expanded-grid,W331,ME3,-0.8882477613280045,-0.7511561194383305,-0.13709164188967404
CV2,sparse_cell,G+E+GxE expanded-grid,W332,ME4,-0.588599781814847,-0.23757154344947137,-0.35102823836537556
CV2,sparse_cell,G+E+GxE expanded-grid,W333,ME1,1.1801097808739682,-0.04906939824454656,1.2291791791185147
CV2,sparse_cell,G+E+GxE expanded-grid,W334,ME2,0.23763551589927928,-0.48943363448571614,0.7270691503849954
CV2,sparse_cell,G+E+GxE expanded-grid,W335,ME3,0.2146577084404855,0.13453988483545937,0.08011782360502614
CV2,sparse_cell,G+E+GxE expanded-grid,W336,ME4,-1.4660438638200486,-0.3771544098358616,-1.088889453984187
CV2,sparse_cell,G+E+GxE expanded-grid,W337,ME1,-0.6706406908300031,-0.5419471112060638,-0.12869357962393935
CV2,sparse_cell,G+E+GxE expanded-grid,W338,ME2,0.33145184960130375,-0.5803747968257872,0.911826646427091
CV2,sparse_cell,G+E+GxE expanded-grid,W339,ME3,-0.05215968297836793,-0.12949196986399325,0.07733228688562532
CV2,sparse_cell,G+E+GxE expanded-grid,W340,ME4,-0.14921300448746808,0.10161295024946088,-0.2508259547369289
CV2,sparse_cell,G+E+GxE expanded-grid,W341,ME1,1.4213618819572946,0.3482901733362742,1.0730717086210204
CV2,sparse_cell,G+E+GxE expanded-grid,W342,ME2,-0.633937463375902,-0.75868793344009,0.12475047006418805
CV2,sparse_cell,G+E+GxE expanded-grid,W343,ME3,0.9831397720091377,-0.37060722393353696,1.3537469959426747
CV2,sparse_cell,G+E+GxE expanded-grid,W344,ME4,0.11909660295881917,0.22484170850681426,-0.10574510554799509
CV2,sparse_cell,G+E+GxE expanded-grid,W345,ME1,-1.1022769652592055,0.14475851232886178,-1.2470354775880672
CV2,sparse_cell,G+E+GxE expanded-grid,W346,ME2,0.6804594963002706,0.5193884877176094,0.1610710085826612
CV2,sparse_cell,G+E+GxE expanded-grid,W347,ME3,0.25118894456339397,0.11841465301587943,0.13277429154751452
CV2,sparse_cell,G+E+GxE expanded-grid,W348,ME4,-0.07495133696194672,0.08019584118785808,-0.1551471781498048
CV2,sparse_cell,G+E+GxE expanded-grid,W349,ME1,-0.06457449704750653,0.5379854245352607,-0.6025599215827672
CV2,sparse_cell,G+E+GxE expanded-grid,W350,ME2,-1.5057382750858699,-0.6687853204906536,-0.8369529545952162
CV2,sparse_cell,G+E+GxE expanded-grid,W351,ME3,-1.386314212301304,-0.27152505017449935,-1.1147891621268045
CV2,sparse_cell,G+E+GxE expanded-grid,W352,ME4,-1.491941047029161,-0.41296800972311215,-1.0789730373060489
CV2,sparse_cell,G+E+GxE expanded-grid,W353,ME1,-0.5724800867602826,0.4037822345870831,-0.9762623213473658
CV2,sparse_cell,G+E+GxE expanded-grid,W354,ME2,-0.5286788785046079,0.20102602629107913,-0.7297049047956871
CV2,sparse_cell,G+E+GxE expanded-grid,W355,ME3,-0.1772527712975054,0.21029036693011804,-0.38754313822762343
CV2,sparse_cell,G+E+GxE expanded-grid,W356,ME4,-0.4883071971450517,0.34905163068561795,-0.8373588278306696
CV2,sparse_cell,G+E+GxE expanded-grid,W357,ME1,-0.15157771062726316,0.1831605994505744,-0.33473831007783755
CV2,sparse_cell,G+E+GxE expanded-grid,W358,ME2,-0.9178926212646227,0.3157475357786305,-1.2336401570432531
CV2,sparse_cell,G+E+GxE expanded-grid,W359,ME3,-1.4510653004211223,0.04346505711669388,-1.4945303575378162
CV2,sparse_cell,G+E+GxE expanded-grid,W360,ME4,0.5098120945891214,-0.3670773913978542,0.8768894859869756
CV2,sparse_cell,G+E+GxE expanded-grid,W361,ME1,1.7077566220813938,0.4200106481178845,1.2877459739635093
CV2,sparse_cell,G+E+GxE expanded-grid,W362,ME2,-0.969844745074655,-0.5378677353317937,-0.43197700974286135
CV2,sparse_cell,G+E+GxE expanded-grid,W363,ME3,-0.18851199389908596,-0.8118006477971171,0.6232886538980311
CV2,sparse_cell,G+E+GxE expanded-grid,W364,ME4,-0.17983807563967694,0.3568259692766107,-0.5366640449162876
CV2,sparse_cell,G+E+GxE expanded-grid,W365,ME1,0.42732797418879037,0.10532229192531802,0.32200568226347237
CV2,sparse_cell,G+E+GxE expanded-grid,W366,ME2,0.5991802751902414,-0.12148884515401974,0.7206691203442611
CV2,sparse_cell,G+E+GxE expanded-grid,W367,ME3,0.5535746678466565,0.2780488192115202,0.27552584863513635
CV2,sparse_cell,G+E+GxE expanded-grid,W368,ME4,-1.0803158613011001,-0.15562209279958336,-0.9246937685015167
CV2,sparse_cell,G+E+GxE expanded-grid,W369,ME1,1.5059788799067169,0.09198852817706014,1.4139903517296568
CV2,sparse_cell,G+E+GxE expanded-grid,W370,ME2,-0.3077383748705453,-0.15932044819724067,-0.1484179266733046
CV2,sparse_cell,G+E+GxE expanded-grid,W371,ME3,-0.3055555404783089,-0.4121054724219371,0.10654993194362822
CV2,sparse_cell,G+E+GxE expanded-grid,W372,ME4,0.2898669714592444,0.2507093420308077,0.0391576294284367
CV2,sparse_cell,G+E+GxE expanded-grid,W373,ME1,-0.9876408860353292,-0.45340138628652205,-0.5342394997488071
CV2,sparse_cell,G+E+GxE expanded-grid,W374,ME2,0.4668033019006278,0.36818170247320003,0.09862159942742776
CV2,sparse_cell,G+E+GxE expanded-grid,W375,ME3,-0.08121574130502755,-0.06380691819977691,-0.017408823105250645
CV2,sparse_cell,G+E+GxE expanded-grid,W376,ME4,-0.390335289585429,-0.0068806639427301045,-0.3834546256426989
CV2,sparse_cell,G+E+GxE expanded-grid,W377,ME1,-0.8604547785304051,-0.08130726956208639,-0.7791475089683186
CV2,sparse_cell,G+E+GxE expanded-grid,W378,ME2,-0.5151165199560768,0.08744467134334363,-0.6025611912994204
CV2,sparse_cell,G+E+GxE expanded-grid,W379,ME3,-0.4943945800158474,-0.029003149342219314,-0.4653914306736281
CV2,sparse_cell,G+E+GxE expanded-grid,W380,ME4,-0.7243161258985648,-0.5542546203983418,-0.17006150550022292
CV2,sparse_cell,G+E+GxE expanded-grid,W381,ME1,-0.47157492751164415,0.3888431084501123,-0.8604180359617564
CV2,sparse_cell,G+E+GxE expanded-grid,W382,ME2,-1.2624891788789776,-0.40739538336413683,-0.8550937955148408
CV2,sparse_cell,G+E+GxE expanded-grid,W383,ME3,-0.3379564241239671,0.15787924219307858,-0.4958356663170457
CV2,sparse_cell,G+E+GxE expanded-grid,W384,ME4,-0.05356964074008553,0.40557729222295325,-0.45914693296303877
CV2,sparse_cell,G+E+GxE expanded-grid,W385,ME1,-0.0389206430012417,-0.10298728510866577,0.06406664210742408
CV2,sparse_cell,G+E+GxE expanded-grid,W386,ME2,-0.4948394332600915,0.25694830120416834,-0.7517877344642598
CV2,sparse_cell,G+E+GxE expanded-grid,W387,ME3,0.34203135947712243,-0.627471396480242,0.9695027559573643
CV2,sparse_cell,G+E+GxE expanded-grid,W388,ME4,-0.5011849884309924,-0.5091111237841085,0.007926135353116148
CV2,sparse_cell,G+E+GxE expanded-grid,W389,ME1,0.5995182713634448,-0.1843839593573296,0.7839022307207744
CV2,sparse_cell,G+E+GxE expanded-grid,W390,ME2,0.043718470502375345,-0.11321652728417204,0.1569349977865474
CV2,sparse_cell,G+E+GxE expanded-grid,W391,ME3,-0.42960125925311243,-0.8579542616934587,0.42835300244034624
CV2,sparse_cell,G+E+GxE expanded-grid,W392,ME4,-0.2186995838574817,0.3470898844947489,-0.5657894683522307
CV2,sparse_cell,G+E+GxE expanded-grid,W393,ME1,-0.17097691073462892,0.07344940391079212,-0.24442631464542103
CV2,sparse_cell,G+E+GxE expanded-grid,W394,ME2,0.03283314306258371,0.4828126823277123,-0.44997953926512857
CV2,sparse_cell,G+E+GxE expanded-grid,W395,ME3,-0.06516733699669865,-0.06359942978614923,-0.0015679072105494185
CV2,sparse_cell,G+E+GxE expanded-grid,W396,ME4,1.5754827569844874,0.266422706179204,1.3090600508052834
CV2,sparse_cell,G+E+GxE expanded-grid,W397,ME1,0.6546618414419376,0.3566321138196064,0.2980297276223312
CV2,sparse_cell,G+E+GxE expanded-grid,W398,ME2,-1.9297597509382436,-0.010247428513167718,-1.9195123224250759
CV2,sparse_cell,G+E+GxE expanded-grid,W399,ME3,0.47372118661984175,0.34757583324194374,0.126145353377898
CV2,sparse_cell,G+E+GxE expanded-grid,W400,ME4,-0.5505328105059495,0.06624650611427288,-0.6167793166202223
CV2,sparse_cell,G+E+GxE expanded-grid,W401,ME1,-0.07231137366463306,0.2543496510286034,-0.32666102469323643
CV2,sparse_cell,G+E+GxE expanded-grid,W402,ME2,-0.8668138551212717,0.29637477969727105,-1.1631886348185427
CV2,sparse_cell,G+E+GxE expanded-grid,W403,ME3,0.292492469335884,-0.308864571465142,0.601357040801026
CV2,sparse_cell,G+E+GxE expanded-grid,W404,ME4,1.8980175417881282,0.9327497547509247,0.9652677870372035
CV2,sparse_cell,G+E+GxE expanded-grid,W405,ME1,1.4818398248612796,0.03522557988805982,1.4466142449732198
CV2,sparse_cell,G+E+GxE expanded-grid,W406,ME2,-1.0395298267255575,0.20464327288303968,-1.2441730996085971
CV2,sparse_cell,G+E+GxE expanded-grid,W407,ME3,0.4321051402897683,0.0919385286111223,0.34016661167864604
CV2,sparse_cell,G+E+GxE expanded-grid,W408,ME4,0.6167913760170415,-0.3742855119600158,0.9910768879770573
CV2,sparse_cell,G+E+GxE expanded-grid,W409,ME1,-1.2779936493551367,-0.778331563508308,-0.4996620858468287
CV2,sparse_cell,G+E+GxE expanded-grid,W410,ME2,0.0194986169488371,0.5454843284936747,-0.5259857115448375
CV2,sparse_cell,G+E+GxE expanded-grid,W411,ME3,1.849060989315101,-0.6172179062862484,2.4662788956013495
CV2,sparse_cell,G+E+GxE expanded-grid,W412,ME4,0.20503245635381828,0.14328575480900252,0.06174670154481576
CV2,sparse_cell,G+E+GxE expanded-grid,W413,ME1,-0.3323763010485524,-0.39450200225824583,0.06212570120969341
CV2,sparse_cell,G+E+GxE expanded-grid,W414,ME2,0.1803356585505129,0.34607057334399766,-0.16573491479348476
CV2,sparse_cell,G+E+GxE expanded-grid,W415,ME3,1.9449882144359945,0.2649700421759082,1.6800181722600862
CV2,sparse_cell,G+E+GxE expanded-grid,W416,ME4,-0.22953989930771182,-0.35825974089371276,0.12871984158600094
CV2,sparse_cell,G+E+GxE expanded-grid,W417,ME1,-0.03804922637173485,0.2757058976609551,-0.31375512403268996
CV2,sparse_cell,G+E+GxE expanded-grid,W418,ME2,0.5635118417886885,0.4485602409178396,0.11495160087084894
CV2,sparse_cell,G+E+GxE expanded-grid,W419,ME3,-0.5403605885663361,-0.052820341206338536,-0.4875402473599975
CV2,sparse_cell,G+E+GxE expanded-grid,W420,ME4,-0.025745115524221367,-0.3120903486027416,0.2863452330785202
CV2,sparse_cell,G+E+GxE expanded-grid,W421,ME1,-0.7322262287023361,0.20519652369451272,-0.9374227523968488
CV2,sparse_cell,G+E+GxE expanded-grid,W422,ME2,1.9038373982792973,-0.07483133354214468,1.978668731821442
CV2,sparse_cell,G+E+GxE expanded-grid,W423,ME3,0.19654835115782304,0.0807026627543669,0.11584568840345615
CV2,sparse_cell,G+E+GxE expanded-grid,W424,ME4,0.31206680469621634,-0.2980240370614598,0.6100908417576761
CV2,sparse_cell,G+E+GxE expanded-grid,W425,ME1,-0.017623872102518333,0.2271945637832885,-0.24481843588580685
CV2,sparse_cell,G+E+GxE expanded-grid,W426,ME2,0.3311860450940529,0.1888544499664629,0.14233159512759003
CV2,sparse_cell,G+E+GxE expanded-grid,W427,ME3,0.1611320568079141,0.24603561760045703,-0.08490356079254294
CV2,sparse_cell,G+E+GxE expanded-grid,W428,ME4,-0.24336956154392553,-0.3832755712663619,0.1399060097224364
CV2,sparse_cell,G+E+GxE expanded-grid,W429,ME1,-1.0413592420001396,-0.2802259478706952,-0.7611332941294444
CV2,sparse_cell,G+E+GxE expanded-grid,W430,ME2,0.273778600206637,0.41764362946645983,-0.1438650292598228
CV2,sparse_cell,G+E+GxE expanded-grid,W431,ME3,0.0238252881572805,0.6539835017613759,-0.6301582136040954
CV2,sparse_cell,G+E+GxE expanded-grid,W432,ME4,-0.14617645748907251,-0.15999488111255156,0.013818423623479043
CV2,sparse_cell,G+E+GxE expanded-grid,W433,ME1,-0.8926564734189554,0.04074978030175121,-0.9334062537207066
CV2,sparse_cell,G+E+GxE expanded-grid,W434,ME2,0.24002775646453645,0.036595823557224065,0.20343193290731237
CV2,sparse_cell,G+E+GxE expanded-grid,W435,ME3,-0.03741204407187156,0.17586585927979187,-0.21327790335166344
CV2,sparse_cell,G+E+GxE expanded-grid,W436,ME4,0.6863487557056707,0.15782788606500098,0.5285208696406697
CV2,sparse_cell,G+E+GxE expanded-grid,W437,ME1,-0.704397905122626,-0.9513154517714665,0.24691754664884047
CV2,sparse_cell,G+E+GxE expanded-grid,W438,ME2,0.1924614070241416,-0.5929213881778209,0.7853827952019625
CV2,sparse_cell,G+E+GxE expanded-grid,W439,ME3,1.289267307454817,-0.5435326631918632,1.8327999706466804
CV2,sparse_cell,G+E+GxE expanded-grid,W440,ME4,1.0853872181243212,-0.4108459553910878,1.4962331735154089
CV2,sparse_cell,G+E+GxE expanded-grid,W441,ME1,-0.1405261931857474,0.06636559077745878,-0.20689178396320618
CV2,sparse_cell,G+E+GxE expanded-grid,W442,ME2,0.20619463989876383,0.1501108623858069,0.05608377751295693
CV2,sparse_cell,G+E+GxE expanded-grid,W443,ME3,1.6516233836797303,0.7743237364957996,0.8772996471839307
CV2,sparse_cell,G+E+GxE expanded-grid,W444,ME4,-2.0072100325081474,-0.7731707940496929,-1.2340392384584544
CV2,sparse_cell,G+E+GxE expanded-grid,W445,ME1,-0.5518348423135264,-0.1723730080341692,-0.3794618342793572
CV2,sparse_cell,G+E+GxE expanded-grid,W446,ME2,1.907792822494339,0.5909402505826529,1.3168525719116861
CV2,sparse_cell,G+E+GxE expanded-grid,W447,ME3,4.875384608494055,-0.25637959011473627,5.131764198608791
CV2,sparse_cell,G+E+GxE expanded-grid,W448,ME4,0.37681762942106406,-0.26743115554911123,0.6442487849701752
CV2,sparse_cell,G+E+GxE expanded-grid,W449,ME1,0.12509299720120523,-0.2643530045133094,0.3894460017145146
CV2,sparse_cell,G+E+GxE expanded-grid,W450,ME2,-0.38176493013987695,-0.44166663601456163,0.059901705874684685
CV2,sparse_cell,G+E+GxE expanded-grid,W451,ME3,0.32632081631212523,-0.96175363977572,1.2880744560878452
CV2,sparse_cell,G+E+GxE expanded-grid,W452,ME4,-0.10936815851111582,-0.28801960400387416,0.17865144549275835
CV2,sparse_cell,G+E+GxE expanded-grid,W453,ME1,0.3815175205347489,-0.42797611300723476,0.8094936335419837
CV2,sparse_cell,G+E+GxE expanded-grid,W454,ME2,0.7295257426030093,0.6540289935588627,0.0754967490441466
CV2,sparse_cell,G+E+GxE expanded-grid,W455,ME3,1.4468541912340296,0.6977047389811352,0.7491494522528944
CV2,sparse_cell,G+E+GxE expanded-grid,W456,ME4,0.389742620919416,0.0639556583592665,0.3257869625601495
CV2,sparse_cell,G+E+GxE expanded-grid,W457,ME1,-0.3174482012178212,0.3942046285033959,-0.711652829721217
CV2,sparse_cell,G+E+GxE expanded-grid,W458,ME2,0.7401009647843434,0.24703228375189623,0.49306868103244716
CV2,sparse_cell,G+E+GxE expanded-grid,W459,ME3,0.6879504910788741,0.4122648136757678,0.2756856774031063
CV2,sparse_cell,G+E+GxE expanded-grid,W460,ME4,1.3428014432059008,0.41979244535493687,0.9230089978509639
CV2,sparse_cell,G+E+GxE expanded-grid,W461,ME1,2.082612366221532,-0.076287302357273,2.158899668578805
CV2,sparse_cell,G+E+GxE expanded-grid,W462,ME2,1.8385444196767766,0.7993103068247783,1.0392341128519984
CV2,sparse_cell,G+E+GxE expanded-grid,W463,ME3,0.7807862867382699,1.0573800606880714,-0.27659377394980156
CV2,sparse_cell,G+E+GxE expanded-grid,W464,ME4,0.4570422571144192,0.5001914735051978,-0.043149216390778566
CV2,sparse_cell,G+E+GxE expanded-grid,W465,ME1,-0.549196160183055,-0.4089128567217378,-0.14028330346131712
CV2,sparse_cell,G+E+GxE expanded-grid,W466,ME2,1.461146320131931,-0.06942132135861304,1.530567641490544
CV2,sparse_cell,G+E+GxE expanded-grid,W467,ME3,1.411953135127704,0.9878306422498249,0.42412249287787906
CV2,sparse_cell,G+E+GxE expanded-grid,W468,ME4,0.06763263802746716,1.0563356216646989,-0.9887029836372316
CV2,sparse_cell,G+E+GxE expanded-grid,W469,ME1,0.296908666665976,-0.0792257738475087,0.37613444051348466
CV2,sparse_cell,G+E+GxE expanded-grid,W470,ME2,0.8158868927445239,0.6566320376773556,0.1592548550671683
CV2,sparse_cell,G+E+GxE expanded-grid,W471,ME3,0.6808385140117097,0.646212988656776,0.034625525354933684
CV2,sparse_cell,G+E+GxE expanded-grid,W472,ME4,0.7454355549412843,0.6316661118139799,0.11376944312730441
CV2,sparse_cell,G+E+GxE expanded-grid,W473,ME1,-1.2022944197170344,0.24620433326729038,-1.4484987529843247
CV2,sparse_cell,G+E+GxE expanded-grid,W474,ME2,1.0483076196203214,0.4842550842855558,0.5640525353347656
CV2,sparse_cell,G+E+GxE expanded-grid,W475,ME3,0.16777947480299704,0.49494448143385394,-0.3271650066308569
CV2,sparse_cell,G+E+GxE expanded-grid,W476,ME4,0.8550029813497011,0.5901651293748211,0.26483785197487997
CV2,sparse_cell,G+E+GxE expanded-grid,W477,ME1,-0.4917559593613715,-0.6894782766711725,0.19772231730980094
CV2,sparse_cell,G+E+GxE expanded-grid,W478,ME2,1.5837391560832192,0.5523003924161978,1.0314387636670215
CV2,sparse_cell,G+E+GxE expanded-grid,W479,ME3,-1.1343204785461969,-0.35258613140906536,-0.7817343471371315
CV2,sparse_cell,G+E+GxE expanded-grid,W480,ME4,0.0719907909733504,0.3908282006497907,-0.31883740967644025
CV2,sparse_cell,G+E+GxE expanded-grid,W481,ME1,-0.6238692356593067,-0.6353704388504257,0.011501203191118914
CV2,sparse_cell,G+E+GxE expanded-grid,W482,ME2,1.0628066226229747,0.062393442578543575,1.0004131800444311
CV2,sparse_cell,G+E+GxE expanded-grid,W483,ME3,0.6017874530003112,-0.0031911071771584852,0.6049785601774698
CV2,sparse_cell,G+E+GxE expanded-grid,W484,ME4,0.3790675062126212,0.6339189094615149,-0.25485140324889366
CV2,sparse_cell,G+E+GxE expanded-grid,W485,ME1,-0.9317154842144731,-0.7792731567722793,-0.15244232744219388
CV2,sparse_cell,G+E+GxE expanded-grid,W486,ME2,2.429908818879724,0.20043325041393245,2.2294755684657916
CV2,sparse_cell,G+E+GxE expanded-grid,W487,ME3,0.6283855715092214,0.16970249042564886,0.4586830810835725
CV2,sparse_cell,G+E+GxE expanded-grid,W488,ME4,0.04403253182232322,-0.42641763299884294,0.4704501648211662
CV2,sparse_cell,G+E+GxE expanded-grid,W489,ME1,-0.2186930792606787,0.2257461104877668,-0.44443918974844554
CV2,sparse_cell,G+E+GxE expanded-grid,W490,ME2,0.9018999655551156,-0.18240671251524782,1.0843066780703634
CV2,sparse_cell,G+E+GxE expanded-grid,W491,ME3,1.5891444117488291,0.4259256001520323,1.163218811596797
CV2,sparse_cell,G+E+GxE expanded-grid,W492,ME4,1.3253216312099565,-0.07659474312642015,1.4019163743363767
CV2,sparse_cell,G+E+GxE expanded-grid,W493,ME1,0.414558055730206,0.11826640134766485,0.2962916543825411
CV2,sparse_cell,G+E+GxE expanded-grid,W494,ME2,0.07548210911883936,0.24371730925357094,-0.1682352001347316
CV2,sparse_cell,G+E+GxE expanded-grid,W495,ME3,-0.08742393981377662,-0.07800895924340366,-0.00941498057037296
CV2,sparse_cell,G+E+GxE expanded-grid,W496,ME4,1.191587696047471,0.12757157543658948,1.0640161206108814
CV2,sparse_cell,G+E+GxE expanded-grid,W497,ME1,0.07669272590058679,0.39988295925703493,-0.32319023335644814
CV2,sparse_cell,G+E+GxE expanded-grid,W498,ME2,0.4544687070284439,-0.372158513610383,0.8266272206388269
CV2,sparse_cell,G+E+GxE expanded-grid,W499,ME3,-1.3370371645461494,-0.42112373754928234,-0.9159134269968671
CV2,sparse_cell,G+E+GxE expanded-grid,W500,ME4,1.2997548494877165,-0.6564931133964836,1.9562479628842002
CV2,sparse_cell,G+E+GxE expanded-grid,W501,ME1,0.05677230463164708,-0.6492531272477476,0.7060254318793947
CV2,sparse_cell,G+E+GxE expanded-grid,W502,ME2,-1.6145915494837932,-0.8537985835238749,-0.7607929659599183
CV2,sparse_cell,G+E+GxE expanded-grid,W503,ME3,-1.3912385384653865,-0.945714580803974,-0.4455239576614125
CV2,sparse_cell,G+E+GxE expanded-grid,W504,ME4,-0.29521899487662834,-0.22034412739863085,-0.07487486747799749
CV2,sparse_cell,G+E+GxE expanded-grid,W505,ME1,0.7185847304607064,0.11657255236775364,0.6020121780929527
CV2,sparse_cell,G+E+GxE expanded-grid,W506,ME2,0.1312567548902864,-0.5351057719249714,0.6663625268152579
CV2,sparse_cell,G+E+GxE expanded-grid,W507,ME3,1.087184111098613,0.05869289359675224,1.0284912175018606
CV2,sparse_cell,G+E+GxE expanded-grid,W508,ME4,1.2122377889769722,0.4420786643409063,0.770159124636066
CV2,sparse_cell,G+E+GxE expanded-grid,W509,ME1,-1.4683941108623129,-0.03628313442951908,-1.4321109764327937
CV2,sparse_cell,G+E+GxE expanded-grid,W510,ME2,1.031277145120041,-0.8603733027749272,1.8916504478949683
CV2,sparse_cell,G+E+GxE expanded-grid,W511,ME3,1.2596706712988222,0.9828993679001844,0.27677130339863776
CV2,sparse_cell,G+E+GxE expanded-grid,W512,ME4,0.5619683293024913,0.21996713929906686,0.34200119000342444
CV2,sparse_cell,G+E+GxE expanded-grid,W513,ME1,0.011328334606835667,0.12401328611002575,-0.11268495150319008
CV2,sparse_cell,G+E+GxE expanded-grid,W514,ME2,0.5232361302614574,-0.024026208474919285,0.5472623387363768
CV2,sparse_cell,G+E+GxE expanded-grid,W515,ME3,0.34541841743903756,-0.3510609633646772,0.6964793808037147
CV2,sparse_cell,G+E+GxE expanded-grid,W516,ME4,0.12649130290309799,-0.6563662847445879,0.7828575876476859
CV2,sparse_cell,G+E+GxE expanded-grid,W517,ME1,-0.3560837198195595,-0.6816710238207271,0.3255873040011676
CV2,sparse_cell,G+E+GxE expanded-grid,W518,ME2,1.545222817246839,0.6870115509340842,0.8582112663127548
CV2,sparse_cell,G+E+GxE expanded-grid,W519,ME3,0.5149824787494153,0.07263579615103143,0.44234668259838383
CV2,sparse_cell,G+E+GxE expanded-grid,W520,ME4,1.9184709671659197,0.5142260973337385,1.4042448698321812
CV2,sparse_cell,G+E+GxE expanded-grid,W521,ME1,-1.3975976177752751,0.3710297528424753,-1.7686273706177504
CV2,sparse_cell,G+E+GxE expanded-grid,W522,ME2,1.1833806100549058,0.7546141812950016,0.42876642875990423
CV2,sparse_cell,G+E+GxE expanded-grid,W523,ME3,0.7309517680966139,0.5812234073859381,0.14972836071067575
CV2,sparse_cell,G+E+GxE expanded-grid,W524,ME4,1.9022104939905746,-0.3687083417952846,2.270918835785859
CV2,sparse_cell,G+E+GxE expanded-grid,W525,ME1,-1.101902337549322,-0.9572740538904583,-0.1446282836588637
CV2,sparse_cell,G+E+GxE expanded-grid,W526,ME2,0.386872089363083,0.8401941910498806,-0.4533221016867976
CV2,sparse_cell,G+E+GxE expanded-grid,W527,ME3,0.1582771301467489,0.5058434327789055,-0.3475663026321566
CV2,sparse_cell,G+E+GxE expanded-grid,W528,ME4,0.7628524333206811,0.7430893995003744,0.01976303382030664
CV2,sparse_cell,G+E+GxE expanded-grid,W529,ME1,-1.424562668806125,-1.1746553508742645,-0.2499073179318605
CV2,sparse_cell,G+E+GxE expanded-grid,W530,ME2,0.41949009960999495,0.07711983154164649,0.34237026806834847
CV2,sparse_cell,G+E+GxE expanded-grid,W531,ME3,0.8378256942615047,0.1180621575811961,0.7197635366803086
CV2,sparse_cell,G+E+GxE expanded-grid,W532,ME4,0.9196279388414551,-0.1541038728893149,1.07373181173077
CV2,sparse_cell,G+E+GxE expanded-grid,W533,ME1,0.21659988738019506,-0.2523506734244185,0.4689505608046136
CV2,sparse_cell,G+E+GxE expanded-grid,W534,ME2,1.8999199461367207,0.7868528950157611,1.1130670511209595
CV2,sparse_cell,G+E+GxE expanded-grid,W535,ME3,1.0950900618526118,0.42872385337446134,0.6663662084781505
CV2,sparse_cell,G+E+GxE expanded-grid,W536,ME4,0.49440122523716273,0.1751760977792262,0.3192251274579365
CV2,sparse_cell,G+E+GxE expanded-grid,W537,ME1,-0.706295475913985,0.256148352885761,-0.962443828799746
CV2,sparse_cell,G+E+GxE expanded-grid,W538,ME2,0.6743713073484808,0.41952824884961254,0.2548430584988683
CV2,sparse_cell,G+E+GxE expanded-grid,W539,ME3,1.9842054466484027,0.23085631536007697,1.7533491312883258
CV2,sparse_cell,G+E+GxE expanded-grid,W540,ME4,0.7549857312522991,0.025533901514958893,0.7294518297373401
CV2,sparse_cell,G+E+GxE expanded-grid,W541,ME1,-0.5933045009813293,-0.46107766932399274,-0.1322268316573365
CV2,sparse_cell,G+E+GxE expanded-grid,W542,ME2,1.0681100554105007,-0.3151460364481196,1.3832560918586203
CV2,sparse_cell,G+E+GxE expanded-grid,W543,ME3,1.9071308733255052,-0.3037051799428762,2.2108360532683813
CV2,sparse_cell,G+E+GxE expanded-grid,W544,ME4,2.125097763694028,1.1536290960630402,0.9714686676309876
CV2,sparse_cell,G+E+GxE expanded-grid,W545,ME1,-1.5147176415972805,0.011549080321854843,-1.5262667219191353
CV2,sparse_cell,G+E+GxE expanded-grid,W546,ME2,0.8839708186731784,0.9069606411120277,-0.022989822438849283
CV2,sparse_cell,G+E+GxE expanded-grid,W547,ME3,0.5126343438032495,-0.2806258325607608,0.7932601763640102
CV2,sparse_cell,G+E+GxE expanded-grid,W548,ME4,1.5442755498792187,0.1365162314826979,1.4077593183965207
CV2,sparse_cell,G+E+GxE expanded-grid,W549,ME1,-1.4492473772550856,-0.8996730775072364,-0.5495742997478492
CV2,sparse_cell,G+E+GxE expanded-grid,W550,ME2,0.8365057280926893,0.12752154953154998,0.7089841785611393
CV2,sparse_cell,G+E+GxE expanded-grid,W551,ME3,0.9346060187693153,0.6435184857118119,0.29108753305750334
CV2,sparse_cell,G+E+GxE expanded-grid,W552,ME4,1.7448135190063983,0.38611445409452505,1.3586990649118733
CV2,sparse_cell,G+E+GxE expanded-grid,W553,ME1,-2.045141614306222,-0.6442110631323881,-1.400930551173834
CV2,sparse_cell,G+E+GxE expanded-grid,W554,ME2,0.5153252818313763,0.48766961844296997,0.027655663388406304
CV2,sparse_cell,G+E+GxE expanded-grid,W555,ME3,0.5844551763473157,0.3760994825629572,0.20835569378435848
CV2,sparse_cell,G+E+GxE expanded-grid,W556,ME4,1.7595635853846139,0.8036184619041765,0.9559451234804374
CV2,sparse_cell,G+E+GxE expanded-grid,W557,ME1,-2.050321249599372,-1.4562972264936171,-0.594024023105755
CV2,sparse_cell,G+E+GxE expanded-grid,W558,ME2,0.9559595393869207,0.521278934364714,0.43468060502220673
CV2,sparse_cell,G+E+GxE expanded-grid,W559,ME3,-0.06654412115578129,1.1287745921814805,-1.1953187133372618
CV2,sparse_cell,G+E+GxE expanded-grid,W560,ME4,1.405561992307448,1.2018177731539865,0.20374421915346153
CV2,sparse_cell,G+E+GxE expanded-grid,W561,ME1,-1.636455359147615,-0.24576620499140092,-1.390689154156214
CV2,sparse_cell,G+E+GxE expanded-grid,W562,ME2,0.5050411788722706,0.47062358291893747,0.03441759595333316
CV2,sparse_cell,G+E+GxE expanded-grid,W563,ME3,0.5096527192133324,0.3818001429687371,0.12785257624459534
CV2,sparse_cell,G+E+GxE expanded-grid,W564,ME4,1.4563022206485077,1.2512941656273286,0.20500805502117903
CV2,sparse_cell,G+E+GxE expanded-grid,W565,ME1,-2.001456765701728,-1.244104988104383,-0.7573517775973448
CV2,sparse_cell,G+E+GxE expanded-grid,W566,ME2,-0.039225193117343994,-0.09025717498026846,0.051031981862924465
CV2,sparse_cell,G+E+GxE expanded-grid,W567,ME3,0.12111240438009135,0.2592806439119442,-0.13816823953185287
CV2,sparse_cell,G+E+GxE expanded-grid,W568,ME4,1.1783244363601795,0.44112964728539994,0.7371947890747795
CV2,sparse_cell,G+E+GxE expanded-grid,W569,ME1,-1.7856386284871266,-1.3030439646878322,-0.4825946637992944
CV2,sparse_cell,G+E+GxE expanded-grid,W570,ME2,0.30964322264925526,0.1293497416051852,0.18029348104407006
CV2,sparse_cell,G+E+GxE expanded-grid,W571,ME3,-0.18840218902750308,0.33257676555474286,-0.520978954582246
CV2,sparse_cell,G+E+GxE expanded-grid,W572,ME4,1.7434368461444318,1.2106091091457996,0.5328277369986323
CV2,sparse_cell,G+E+GxE expanded-grid,W573,ME1,-1.7408461849142838,-0.15083728909970048,-1.5900088958145833
CV2,sparse_cell,G+E+GxE expanded-grid,W574,ME2,0.3493177096958004,-0.3974314807833994,0.7467491904791999
CV2,sparse_cell,G+E+GxE expanded-grid,W575,ME3,0.2991229942737987,1.022432849331974,-0.7233098550581754
CV2,sparse_cell,G+E+GxE expanded-grid,W576,ME4,0.3435572130759473,0.2569711892470719,0.08658602382887537
CV2,sparse_cell,G+E+GxE expanded-grid,W577,ME1,-1.4524724331923298,0.30950035626223404,-1.7619727894545638
CV2,sparse_cell,G+E+GxE expanded-grid,W578,ME2,0.24635643520860157,0.27175683572246667,-0.025400400513865107
CV2,sparse_cell,G+E+GxE expanded-grid,W579,ME3,-0.13355043240734935,-0.04730515712817393,-0.08624527527917542
CV2,sparse_cell,G+E+GxE expanded-grid,W580,ME4,0.11452604905708998,-0.515895997633665,0.630422046690755
CV2,sparse_cell,G+E+GxE expanded-grid,W581,ME1,-1.6029750435970784,-1.163433099739634,-0.4395419438574444
CV2,sparse_cell,G+E+GxE expanded-grid,W582,ME2,0.5358934877495878,0.39679362837053667,0.13909985937905112
CV2,sparse_cell,G+E+GxE expanded-grid,W583,ME3,-0.10947782594485483,0.49571300629768256,-0.6051908322425374
CV2,sparse_cell,G+E+GxE expanded-grid,W584,ME4,1.3320083279680808,1.2521647421251012,0.07984358584297957
CV2,sparse_cell,G+E+GxE expanded-grid,W585,ME1,-2.2687292044605485,-1.1222965534252214,-1.146432651035327
CV2,sparse_cell,G+E+GxE expanded-grid,W586,ME2,0.6403166870266653,0.15758602687705442,0.4827306601496109
CV2,sparse_cell,G+E+GxE expanded-grid,W587,ME3,0.14319163009691935,0.3666616389034057,-0.22347000880648635
CV2,sparse_cell,G+E+GxE expanded-grid,W588,ME4,1.264551357731709,0.7262282668672427,0.5383230908644662
CV2,sparse_cell,G+E+GxE expanded-grid,W589,ME1,-0.8414709265361711,-0.17906563723946264,-0.6624052892967084
CV2,sparse_cell,G+E+GxE expanded-grid,W590,ME2,0.1349273885618447,0.6979987667163365,-0.5630713781544918
CV2,sparse_cell,G+E+GxE expanded-grid,W591,ME3,1.961915057716992,0.5420237312425512,1.4198913264744406
CV2,sparse_cell,G+E+GxE expanded-grid,W592,ME4,1.7018770591171724,0.6929000318816531,1.0089770272355194
CV2,sparse_cell,G+E+GxE expanded-grid,W593,ME1,-1.148877394736258,-0.2131340244952297,-0.9357433702410284
CV2,sparse_cell,G+E+GxE expanded-grid,W594,ME2,0.9528331720873529,0.7426244350086991,0.21020873707865373
CV2,sparse_cell,G+E+GxE expanded-grid,W595,ME3,1.574548810356833,0.5775769231406797,0.9969718872161534
CV2,sparse_cell,G+E+GxE expanded-grid,W596,ME4,0.5543848285085714,0.24643028330324657,0.30795454520532484
CV2,sparse_cell,G+E+GxE expanded-grid,W597,ME1,-1.2099742877696142,0.2639021987525324,-1.4738764865221468
CV2,sparse_cell,G+E+GxE expanded-grid,W598,ME2,0.5279066951745784,0.8438781054041675,-0.3159714102295891
CV2,sparse_cell,G+E+GxE expanded-grid,W599,ME3,-0.3043476868908917,-0.9550585781074408,0.6507108912165491
