regime,environment,horizon,n,rmse,mae,r2,correlation
CV-E-B8,2014-IAH1,At-flowering-observed,754,1.5725617047374285,1.2283611496881535,0.0023360095191612418,0.2117919767853753
CV-E-B8,2014-IAH1,Full-season-nonleaky,754,1.8171836579336083,1.4762801252217432,-0.3321911716178021,0.13394518521864032
CV-E-B8,2014-IAH1,Pre-flowering-observed,754,1.7705586262441846,1.4288295081160025,-0.26470585568950256,0.1466149920422443
CV-E-B8,2014-IAH1,Pre-season-G-only,754,2.0242483735914787,1.6713407913322145,-0.6530900210617276,0.020888221276456388
CV-E-B8,2014-IAH1,Pre-season-location-history,754,3.634472792709538,3.3294282583145125,-4.329073994463408,0.10021692452175937
CV-E-B8,2014-IAH1,Reproductive-stage-observed,754,1.6654459871841956,1.3343011483951313,-0.11899980580395608,0.16312262915049838
CV-E-B8,2014-ILH1,At-flowering-observed,238,3.4163961367922804,3.055467034596903,-2.509082770383253,0.21260112921743504
CV-E-B8,2014-ILH1,Full-season-nonleaky,238,2.152635220940035,1.79999166531949,-0.393150553071151,0.21727463267238117
CV-E-B8,2014-ILH1,Pre-flowering-observed,238,3.0228277873053764,2.6639010483107284,-1.7471601602936504,0.2531578183917893
CV-E-B8,2014-ILH1,Pre-season-G-only,238,2.780535941269125,2.427398889981755,-1.3244178096683532,0.2308336373506072
CV-E-B8,2014-ILH1,Pre-season-location-history,238,1.9122821298142094,1.5399070669037298,-0.09941359048005016,0.18177639694874287
CV-E-B8,2014-ILH1,Reproductive-stage-observed,238,2.608072551870477,2.2569788696608204,-1.0450150339433248,0.23668363387846808
CV-E-B8,2014-INH1,At-flowering-observed,240,1.9525495717276307,1.680706700055539,-1.172154680610484,0.3199856030167624
CV-E-B8,2014-INH1,Full-season-nonleaky,240,1.8659758247340086,1.5932609345285327,-0.9838034295920721,0.2922507437693105
CV-E-B8,2014-INH1,Pre-flowering-observed,240,2.6377592446400886,2.3969353237587927,-2.9642124279655504,0.30991824521933226
CV-E-B8,2014-INH1,Pre-season-G-only,240,1.871024146794423,1.5857303353602483,-0.9945521498150867,0.19118552994380364
CV-E-B8,2014-INH1,Pre-season-location-history,240,2.4103419272061126,2.103982573892398,-2.310121397389482,0.3579974100412232
CV-E-B8,2014-INH1,Reproductive-stage-observed,240,1.5390706847778421,1.252558564083919,-0.34959587857783037,0.30420297994762724
CV-E-B8,2014-MNH1,At-flowering-observed,236,2.3506841451260243,1.964301397769833,-1.0091439999647287,0.05957510493344238
CV-E-B8,2014-MNH1,Full-season-nonleaky,236,3.2598011736703705,2.862500872581682,-2.8637118695436348,0.11251808031713409
CV-E-B8,2014-MNH1,Pre-flowering-observed,236,2.923473464757358,2.4827803631377616,-2.1075692907807655,-0.021065477171920973
CV-E-B8,2014-MNH1,Pre-season-G-only,236,2.6587332513863973,2.2471988775512317,-1.5702303214024411,0.198517494280448
CV-E-B8,2014-MNH1,Pre-season-location-history,236,2.417143028052835,2.0383437562373294,-1.1243555581161506,0.29726724418312506
CV-E-B8,2014-MNH1,Reproductive-stage-observed,236,2.5525021500814353,2.1252207547064312,-1.3689437122223191,-0.062386968276231414
CV-E-B8,2014-MOH2,At-flowering-observed,247,2.2407051409371848,1.8688580225153721,-0.42123426086987914,-0.01237555521117579
CV-E-B8,2014-MOH2,Full-season-nonleaky,247,1.920445188146206,1.486876981464369,-0.04399899317769118,0.026520735196980266
CV-E-B8,2014-MOH2,Pre-flowering-observed,247,2.2353716459998925,1.8619589610420972,-0.41447645576631675,0.010586531144287262
CV-E-B8,2014-MOH2,Pre-season-G-only,247,2.0753342095405363,1.6992613436928792,-0.21919265342477057,-0.0730231363948261
CV-E-B8,2014-MOH2,Pre-season-location-history,247,2.0578370228595353,1.5576713732604508,-0.19872123804836872,-0.05619597634112757
CV-E-B8,2014-MOH2,Reproductive-stage-observed,247,1.9248966755788852,1.4813269136038425,-0.04884446815080068,0.032746189540939885
CV-E-B8,2014-NEH1,At-flowering-observed,242,2.927374161677645,2.4452193173034864,-1.4730528429203682,0.16980069840702383
CV-E-B8,2014-NEH1,Full-season-nonleaky,242,3.1181770974181027,2.63865263051047,-1.805940648422799,0.11120169319007682
CV-E-B8,2014-NEH1,Pre-flowering-observed,242,2.73403691167799,2.244348130123701,-1.157176462572731,0.1599565702159305
CV-E-B8,2014-NEH1,Pre-season-G-only,242,3.643002115117901,3.1825258893046247,-2.8299735309449066,0.09042100116469103
CV-E-B8,2014-NEH1,Pre-season-location-history,242,3.690608572129147,3.2366280479289924,-2.9307271461828073,0.1010209740249006
CV-E-B8,2014-NEH1,Reproductive-stage-observed,242,3.1093677908917603,2.6316581604840157,-1.7901086581544092,0.13743713331388696
CV-E-B8,2014-NEH2,At-flowering-observed,240,2.268489351552392,1.808889021485554,-0.5669970180858577,0.010937309352423737
CV-E-B8,2014-NEH2,Full-season-nonleaky,240,2.4903547387138034,2.030616481664495,-0.8885005221396438,-0.0019265413583285343
CV-E-B8,2014-NEH2,Pre-flowering-observed,240,2.6988640000994226,2.2507728313094217,-1.2179751738734685,0.012272416411829074
CV-E-B8,2014-NEH2,Pre-season-G-only,240,4.151513711207036,3.712198979848107,-4.248166844506268,-0.07814303573555152
CV-E-B8,2014-NEH2,Pre-season-location-history,240,3.7108213467777036,3.2864197300107727,-3.193095680696313,0.019708598318071254
CV-E-B8,2014-NEH2,Reproductive-stage-observed,240,2.2431609650172804,1.7877253243118703,-0.5322003519000253,0.002904133926858052
CV-E-B8,2014-NYH2,At-flowering-observed,218,2.0317581461860814,1.6131325507895184,-0.9309045368911295,0.07822545171027209
CV-E-B8,2014-NYH2,Full-season-nonleaky,218,2.2902194623115784,1.8367784598324977,-1.4534148268960903,0.0760429275799623
CV-E-B8,2014-NYH2,Pre-flowering-observed,218,1.9453315032621081,1.542382691939426,-0.7701253572824107,0.09098868236088907
CV-E-B8,2014-NYH2,Pre-season-G-only,218,1.5990976168247444,1.2985108165547208,-0.1960979213731764,-0.010464472533436487
CV-E-B8,2014-NYH2,Pre-season-location-history,218,1.6426883787318431,1.3097973129263476,-0.2621970273255594,0.11438927933401707
CV-E-B8,2014-NYH2,Reproductive-stage-observed,218,2.064389601112614,1.6302780460828141,-0.9934259570987234,0.05549478840274867
CV-E-B8,2014-WIH1,At-flowering-observed,208,2.4484379363898974,1.9735457459022525,-0.3888768984131006,0.1749668633993994
CV-E-B8,2014-WIH1,Full-season-nonleaky,208,2.3778819070450554,1.9169577453995406,-0.30998438612577406,0.1882973370342387
CV-E-B8,2014-WIH1,Pre-flowering-observed,208,2.173040535847938,1.7511623538464336,-0.09400979372240381,0.1720784719218051
CV-E-B8,2014-WIH1,Pre-season-G-only,208,2.8798919110571735,2.3776902842747343,-0.9214891232304141,0.19428879370576677
CV-E-B8,2014-WIH1,Pre-season-location-history,208,2.0404485342138368,1.6298572346761422,0.035423127480800565,0.1890289137597587
CV-E-B8,2014-WIH1,Reproductive-stage-observed,208,2.2682247225014693,1.8286437072129,-0.19194911053590946,0.18643346615877351
CV-E-B8,2015-ILH1,At-flowering-observed,416,2.36204919133027,1.936716673614905,-0.6745537458371502,0.17509608785825556
CV-E-B8,2015-ILH1,Full-season-nonleaky,416,2.096851250766642,1.6967844483988652,-0.3196430088775737,0.17596079932276115
CV-E-B8,2015-ILH1,Pre-flowering-observed,416,2.275475908407164,1.85528327802111,-0.5540525449260052,0.17991837375293368
CV-E-B8,2015-ILH1,Pre-season-G-only,416,2.1869403820177302,1.765165438367394,-0.43547324789062136,0.18163483865713387
CV-E-B8,2015-ILH1,Pre-season-location-history,416,1.772136825057321,1.398681246019723,0.05742543573414405,0.25501460906001494
CV-E-B8,2015-ILH1,Reproductive-stage-observed,416,1.9555481168847204,1.5653822926102074,-0.1477788772041171,0.16699691703551994
CV-E-B8,2015-INH1,At-flowering-observed,423,1.8351130598095682,1.4476972453358588,-0.049074156435451544,0.16344166368642563
CV-E-B8,2015-INH1,Full-season-nonleaky,423,1.8881244311776602,1.4532102000039704,-0.11055931748674297,0.18532329040026743
CV-E-B8,2015-INH1,Pre-flowering-observed,423,1.8966664218781248,1.454477670256881,-0.12063052434614141,0.16509977190427544
CV-E-B8,2015-INH1,Pre-season-G-only,423,1.861309780702073,1.4288900343338142,-0.07923955825564977,0.1349526438630513
CV-E-B8,2015-INH1,Pre-season-location-history,423,3.494464186351813,3.0763293653103947,-2.80401065190387,0.17643973686305428
CV-E-B8,2015-INH1,Reproductive-stage-observed,423,1.8176099218108217,1.397116628011497,-0.029157648643485246,0.16425077563236948
CV-E-B8,2015-KSH1,At-flowering-observed,418,3.1903068740864398,2.778288025330495,-2.0805600056672464,0.08828521120700424
CV-E-B8,2015-KSH1,Full-season-nonleaky,418,2.2638741246534213,1.8767640506408672,-0.5512053887779806,0.11180647150281925
CV-E-B8,2015-KSH1,Pre-flowering-observed,418,3.2499123248181934,2.837307457644058,-2.1967453579456415,0.0960214175828529
CV-E-B8,2015-KSH1,Pre-season-G-only,418,4.320134492088729,3.9154837314237345,-4.648840184421195,0.06922136226033103
CV-E-B8,2015-KSH1,Pre-season-location-history,418,3.6472737813679275,3.2434119086059967,-3.0262569071967746,0.13080603009906713
CV-E-B8,2015-KSH1,Reproductive-stage-observed,418,2.006525991666299,1.65466899545966,-0.21858080538600877,0.09019252263790592
CV-E-B8,2015-MNH1,At-flowering-observed,407,1.7098266805338374,1.3840599568366798,-0.5429007410716853,-0.02062706683547888
CV-E-B8,2015-MNH1,Full-season-nonleaky,407,1.5323133793123325,1.1919106012888083,-0.23916459272154822,0.03450453892796277
CV-E-B8,2015-MNH1,Pre-flowering-observed,407,1.6918242866456592,1.3667729746012784,-0.5105820459205659,0.0021635085962824
CV-E-B8,2015-MNH1,Pre-season-G-only,407,2.0186023094280343,1.6683905747908836,-1.1504796636751986,0.01718439926454654
CV-E-B8,2015-MNH1,Pre-season-location-history,407,2.289461152153966,1.9583842001572123,-1.7663069376122782,0.046006126588201184
CV-E-B8,2015-MNH1,Reproductive-stage-observed,407,1.4393943256861828,1.1207159204464914,-0.0934360316887417,0.03692921954465383
CV-E-B8,2015-MOH1,At-flowering-observed,422,4.710888446807603,4.363512879203489,-6.44577838308893,0.15155119434680922
CV-E-B8,2015-MOH1,Full-season-nonleaky,422,5.625558590894573,5.332982916827719,-9.61783004725938,0.09767393907593769
CV-E-B8,2015-MOH1,Pre-flowering-observed,422,4.748447061666124,4.403367919848637,-6.564977945722438,0.14498365935144752
CV-E-B8,2015-MOH1,Pre-season-G-only,422,4.552713055406961,4.19683188053032,-5.954165509142728,0.12931341514315683
CV-E-B8,2015-MOH1,Pre-season-location-history,422,3.9554235557365143,3.5653875889229845,-4.249167801130744,0.09497692684631232
CV-E-B8,2015-MOH1,Reproductive-stage-observed,422,4.721777207442841,4.388463757852571,-6.4802385484306,0.1405186098224149
CV-E-B8,2015-MOH2,At-flowering-observed,421,1.7682883157893126,1.4155921866357235,-0.004938905052306541,0.181205690959988
CV-E-B8,2015-MOH2,Full-season-nonleaky,421,2.437528729540915,2.0376060559551403,-0.9095586047166098,0.20848382055700868
CV-E-B8,2015-MOH2,Pre-flowering-observed,421,1.8730042570378884,1.5125575075052489,-0.12748567854111692,0.18853829703055983
CV-E-B8,2015-MOH2,Pre-season-G-only,421,2.318169333685041,1.9181093217439102,-0.7271251884586492,0.15942344371367292
CV-E-B8,2015-MOH2,Pre-season-location-history,421,1.9951456222276585,1.6272550559056222,-0.27933035425707087,0.18642510743743573
CV-E-B8,2015-MOH2,Reproductive-stage-observed,421,2.214402356746532,1.8250536014280585,-0.5759650254132316,0.18450570687964865
CV-E-B8,2015-NEH2,At-flowering-observed,405,1.756924464860187,1.3626972248115012,-0.6290177482589117,0.02299711040387417
CV-E-B8,2015-NEH2,Full-season-nonleaky,405,1.6674722855214283,1.35779158705244,-0.4673607027018507,-0.0013800788677094833
CV-E-B8,2015-NEH2,Pre-flowering-observed,405,1.7594135765840688,1.366830646843517,-0.6336368193323536,0.020313603911992245
CV-E-B8,2015-NEH2,Pre-season-G-only,405,1.9737096874359052,1.5574881275160095,-1.0558251787497563,0.007780290685611382
CV-E-B8,2015-NEH2,Pre-season-location-history,405,1.7112905230286675,1.3923259833795179,-0.5454932971142197,-0.005770170444224906
CV-E-B8,2015-NEH2,Reproductive-stage-observed,405,1.6625034528728082,1.3545436206426444,-0.45862867560982634,0.03223535326885666
CV-E-B8,2015-NEH3,At-flowering-observed,249,1.6631495951646016,1.3359495763090141,-0.39760024166585506,0.10035542611314616
CV-E-B8,2015-NEH3,Full-season-nonleaky,249,1.4477714836389184,1.0731085159853604,-0.05905953493573368,0.11484079874549605
CV-E-B8,2015-NEH3,Pre-flowering-observed,249,1.7480575066369377,1.4222997755848705,-0.543944801862893,0.09415842060235306
CV-E-B8,2015-NEH3,Pre-season-G-only,249,1.929339343711117,1.61542551592239,-0.880778188290749,0.08088887248454789
CV-E-B8,2015-NEH3,Pre-season-location-history,249,1.5157110659118902,1.1552163419050727,-0.16078872452016513,0.09585906074066174
CV-E-B8,2015-NEH3,Reproductive-stage-observed,249,1.643301445594601,1.320360912437642,-0.36444116272699456,0.10203606458109056
CV-E-B8,2015-NYH2,At-flowering-observed,355,2.385895555248842,1.7873304161702435,-0.27495093374361534,0.16103116229723474
CV-E-B8,2015-NYH2,Full-season-nonleaky,355,3.1785475239457406,2.5474133858387185,-1.2628097086619978,0.19046834802695678
CV-E-B8,2015-NYH2,Pre-flowering-observed,355,2.6300485318057616,2.0091789179067328,-0.5492379973567896,0.16912923570735877
CV-E-B8,2015-NYH2,Pre-season-G-only,355,2.200837018016963,1.6623444727553325,-0.08484172260614509,0.15651851538515207
CV-E-B8,2015-NYH2,Pre-season-location-history,355,2.1852612162723535,1.643486264814483,-0.06954073793685778,0.17614715191751876
CV-E-B8,2015-NYH2,Reproductive-stage-observed,355,3.0105539767906455,2.3742830588522077,-1.0299411685610784,0.18181948543074447
CV-E-B8,2015-NYH3,At-flowering-observed,355,1.9223595394181758,1.5651528305389053,0.10696169906698039,0.3290738619842566
CV-E-B8,2015-NYH3,Full-season-nonleaky,355,2.4795447558570474,1.9721604728239301,-0.485746632636344,0.28706262795854753
CV-E-B8,2015-NYH3,Pre-flowering-observed,355,2.009967033533584,1.6033758198245776,0.02371027188007646,0.32557151579524196
CV-E-B8,2015-NYH3,Pre-season-G-only,355,2.021601525278593,1.6138098020181613,0.0123752512063654,0.3308216129941839
CV-E-B8,2015-NYH3,Pre-season-location-history,355,2.991971851233806,2.4565173717398965,-1.1632955545292751,0.3039082243349905
CV-E-B8,2015-NYH3,Reproductive-stage-observed,355,2.1831345464042675,1.7246610877928994,-0.15175963843628426,0.33469525913061676
CV-E-B8,2015-OHH1,At-flowering-observed,426,1.803580414814015,1.4508398043534194,-0.3542781144866183,0.10459068497963614
CV-E-B8,2015-OHH1,Full-season-nonleaky,426,1.7388819200370762,1.3871236306986734,-0.2588588077049023,0.12381189110205995
CV-E-B8,2015-OHH1,Pre-flowering-observed,426,2.23306906354389,1.8379596056845366,-1.0760659660273588,0.12169617926957378
CV-E-B8,2015-OHH1,Pre-season-G-only,426,1.9420230809010903,1.5659247864894936,-0.5701661601258483,0.05210388468580867
CV-E-B8,2015-OHH1,Pre-season-location-history,426,2.2391353434099592,1.8509449156447455,-1.087360827963817,0.11642721040441482
CV-E-B8,2015-OHH1,Reproductive-stage-observed,426,1.7650133364118281,1.4075288285369962,-0.2969786332173465,0.1388779949942837
CV-E-B8,2015-SDH1,At-flowering-observed,327,4.624642751153308,4.282445687927564,-7.309602945134001,-0.07301851280271124
CV-E-B8,2015-SDH1,Full-season-nonleaky,327,2.9536680867742175,2.541140239117897,-2.389590819063582,-0.1381695685188825
CV-E-B8,2015-SDH1,Pre-flowering-observed,327,4.456054304437476,4.10023157481435,-6.714803040835593,-0.09261523328709671
CV-E-B8,2015-SDH1,Pre-season-G-only,327,3.936665515613852,3.5464619702435565,-5.021170500257589,-0.1347469912939989
CV-E-B8,2015-SDH1,Pre-season-location-history,327,3.2837382174347676,2.8773593012819543,-3.189487976350841,-0.10680602396198455
CV-E-B8,2015-SDH1,Reproductive-stage-observed,327,2.5693142651248215,2.1717528044818013,-1.564828611271405,-0.06172070229376722
CV-E-B8,2015-TXH1,At-flowering-observed,296,1.903474692681298,1.4999081169853579,-0.18450735204907698,0.09842413679145928
CV-E-B8,2015-TXH1,Full-season-nonleaky,296,1.7838271679763216,1.4231971601104385,-0.040277234567904996,0.1773665739517041
CV-E-B8,2015-TXH1,Pre-flowering-observed,296,1.7877595833108453,1.4516517879546804,-0.04486883545083842,0.12481237574582198
CV-E-B8,2015-TXH1,Pre-season-G-only,296,1.9313355216549426,1.521415903009534,-0.2194359743723584,0.09523672936584558
CV-E-B8,2015-TXH1,Pre-season-location-history,296,1.8715982644853213,1.5470144711086218,-0.1451669723040454,0.1802258530064166
CV-E-B8,2015-TXH1,Reproductive-stage-observed,296,1.9032376161112843,1.4992379922078054,-0.1842123111395777,0.10496479227923877
CV-E-B8,2015-TXH2,At-flowering-observed,308,2.2705935168442446,1.8532096379259466,-0.8803726661310882,0.08535855131781224
CV-E-B8,2015-TXH2,Full-season-nonleaky,308,2.8438801822416657,2.446814616580032,-1.9497671321353516,0.14339279861700452
CV-E-B8,2015-TXH2,Pre-flowering-observed,308,2.654780975502393,2.2416828887355336,-1.5705291670118138,0.1183297358633827
CV-E-B8,2015-TXH2,Pre-season-G-only,308,2.4922470427088372,2.0781947500023774,-1.2654126494905302,0.07606911448075877
CV-E-B8,2015-TXH2,Pre-season-location-history,308,3.4291003859318905,3.0501606250625075,-3.2886987452494774,0.14317737000929226
CV-E-B8,2015-TXH2,Reproductive-stage-observed,308,2.3982633651639946,1.9908515147727066,-1.0977749220331359,0.11052745885203857
CV-E-B8,2016-DEH1,At-flowering-observed,230,1.894241327100257,1.5038568693614094,0.0005725245157806036,0.3219170773448636
CV-E-B8,2016-DEH1,Full-season-nonleaky,230,2.3354121871999793,1.9849278415665819,-0.5191748220135681,0.3067764155573154
CV-E-B8,2016-DEH1,Pre-flowering-observed,230,2.1834626136341146,1.8345341932821344,-0.32792084967178603,0.32562618607880484
CV-E-B8,2016-DEH1,Pre-season-G-only,230,2.0517405478937114,1.6635486411558285,-0.17253429022428457,0.15262287592918933
CV-E-B8,2016-DEH1,Pre-season-location-history,230,1.7813509787305208,1.368413346005775,0.11614776787320846,0.3436557427958639
CV-E-B8,2016-DEH1,Reproductive-stage-observed,230,2.182736041971298,1.830308383604347,-0.32703723561320874,0.31215742452450346
CV-E-B8,2016-GAH2,At-flowering-observed,87,3.964848494016322,3.723614142858329,-7.5541749142508365,0.18720320320345266
CV-E-B8,2016-GAH2,Full-season-nonleaky,87,4.562048621717979,4.351527025959168,-10.325170589894284,0.16463006695871582
CV-E-B8,2016-GAH2,Pre-flowering-observed,87,3.804816597476714,3.556941885687049,-6.877572124028851,0.20314609317328167
CV-E-B8,2016-GAH2,Pre-season-G-only,87,4.673650389704673,4.481817199895332,-10.886045197751304,0.2781011931877193
CV-E-B8,2016-GAH2,Pre-season-location-history,87,5.7286961214274745,5.574192741450802,-16.858151568908085,0.23325926883242515
CV-E-B8,2016-GAH2,Reproductive-stage-observed,87,4.674507324954692,4.47289826229992,-10.890404319230012,0.18610571198688497
CV-E-B8,2016-IAH2,At-flowering-observed,388,2.6090531390757903,1.9554285132856295,-0.19196426919913812,0.20688491575303963
CV-E-B8,2016-IAH2,Full-season-nonleaky,388,3.0657074086228837,2.3780246541117562,-0.6457307910176204,0.1560702949304217
CV-E-B8,2016-IAH2,Pre-flowering-observed,388,2.836239615086036,2.152621400002002,-0.408585538656848,0.20281188422461763
CV-E-B8,2016-IAH2,Pre-season-G-only,388,2.3787520675102485,1.8446963464331598,0.009177761711140153,0.17210849701693906
CV-E-B8,2016-IAH2,Pre-season-location-history,388,2.391540537303562,1.8736809600603364,-0.0015044452758270488,0.13030196542571418
CV-E-B8,2016-IAH2,Reproductive-stage-observed,388,2.7252362939096235,2.054354416622621,-0.3004861043845757,0.18558031560321606
CV-E-B8,2016-IAH3,At-flowering-observed,375,1.5164060786223144,1.2265335570259688,-0.14445143332185517,0.14262297124792467
CV-E-B8,2016-IAH3,Full-season-nonleaky,375,1.4782565701365251,1.1684608805234344,-0.08759191361830898,0.13280036964495015
CV-E-B8,2016-IAH3,Pre-flowering-observed,375,1.4704311015089226,1.1759276765280788,-0.07610758892225422,0.14246484045405733
CV-E-B8,2016-IAH3,Pre-season-G-only,375,1.9441791797136316,1.6231006639084136,-0.881217066228803,0.16530051718278574
CV-E-B8,2016-IAH3,Pre-season-location-history,375,2.6317849237994126,2.294772724539625,-2.44720509962919,0.07692966370720011
CV-E-B8,2016-IAH3,Reproductive-stage-observed,375,1.482439896310075,1.1669794496010084,-0.09375618779612593,0.11594685643243952
CV-E-B8,2016-IAH4,At-flowering-observed,396,1.3546131878332512,1.0581407559348595,-0.11632521712236255,0.2512634150436891
CV-E-B8,2016-IAH4,Full-season-nonleaky,396,1.3252611029878236,1.0334378876053598,-0.06847173855011657,0.27270508751342454
CV-E-B8,2016-IAH4,Pre-flowering-observed,396,1.349859486738504,1.050479784517676,-0.10850399527289456,0.27259541388533176
CV-E-B8,2016-IAH4,Pre-season-G-only,396,1.42436850570785,1.154952069964678,-0.23425490377646896,0.21178273578892573
CV-E-B8,2016-IAH4,Pre-season-location-history,396,1.9979771344477275,1.6911162619331754,-1.4285170896306805,0.34891981546279077
CV-E-B8,2016-IAH4,Reproductive-stage-observed,396,1.2909314358186212,1.011743239484366,-0.013833154993040386,0.250775412124374
CV-E-B8,2016-ILH1,At-flowering-observed,212,1.91641381367384,1.47118664639216,-0.07684669776160535,0.22936779035366103
CV-E-B8,2016-ILH1,Full-season-nonleaky,212,1.8364759759795661,1.3986784924871203,0.011114979631068111,0.1920135139330603
CV-E-B8,2016-ILH1,Pre-flowering-observed,212,1.9293381371630614,1.4780160974118426,-0.09142021516757604,0.22955235800089135
CV-E-B8,2016-ILH1,Pre-season-G-only,212,2.116187740118109,1.6779255566258864,-0.3130573147281457,0.1050607200340184
CV-E-B8,2016-ILH1,Pre-season-location-history,212,1.808532779352732,1.3873797593720736,0.04097911585321945,0.24691703676822543
CV-E-B8,2016-ILH1,Reproductive-stage-observed,212,1.9395507076128222,1.4875544084055687,-0.10300523050752641,0.2592515035908897
CV-E-B8,2016-INH1,At-flowering-observed,235,2.0268463799440157,1.5706853222286747,-0.17423815716776891,0.4349144256922462
CV-E-B8,2016-INH1,Full-season-nonleaky,235,2.3796413427534824,1.89045071297623,-0.61859253337612,0.43350609479912505
CV-E-B8,2016-INH1,Pre-flowering-observed,235,2.036219366807097,1.581801142697323,-0.18512360698063346,0.43050654673646466
CV-E-B8,2016-INH1,Pre-season-G-only,235,2.2070051549299654,1.746216440245587,-0.3922627914066228,0.2647711520027274
CV-E-B8,2016-INH1,Pre-season-location-history,235,4.468503381301709,4.133322361226116,-4.707405157519539,0.42851002244724357
CV-E-B8,2016-INH1,Reproductive-stage-observed,235,2.327014505404759,1.840327907066097,-0.547792373752243,0.43539385170683526
CV-E-B8,2016-MIH1,At-flowering-observed,234,2.1650740106094384,1.7326816869615764,-0.13569425439685134,0.07812962701892566
CV-E-B8,2016-MIH1,Full-season-nonleaky,234,2.5552291653922823,2.183564626971256,-0.5818876910772863,0.0677108334607554
CV-E-B8,2016-MIH1,Pre-flowering-observed,234,2.5585471890532254,2.177664761539116,-0.5859985932728429,0.07413705863681931
CV-E-B8,2016-MIH1,Pre-season-G-only,234,2.029946188088007,1.556075112439621,0.0016450267161461918,0.14942387189492723
CV-E-B8,2016-MIH1,Pre-season-location-history,234,2.086772495122623,1.674529697801628,-0.05503323978790675,0.165539379591501
CV-E-B8,2016-MIH1,Reproductive-stage-observed,234,2.180349167820237,1.741741589864664,-0.15177601897788207,0.025738469696222836
CV-E-B8,2016-MNH1,At-flowering-observed,232,1.9157701608626825,1.568187436347463,-0.707406831622124,0.04820052989910491
CV-E-B8,2016-MNH1,Full-season-nonleaky,232,2.1151649890924342,1.7392220497826345,-1.0813192648931387,-0.02039971457802047
CV-E-B8,2016-MNH1,Pre-flowering-observed,232,2.410384224200174,2.036008068584383,-1.7028550641862958,0.027395239577761073
CV-E-B8,2016-MNH1,Pre-season-G-only,232,1.6734633225841984,1.3584096131518877,-0.302814556150498,0.16527888836156981
CV-E-B8,2016-MNH1,Pre-season-location-history,232,1.8713604430595507,1.528604048538352,-0.6291650913401101,0.05523886029196036
CV-E-B8,2016-MNH1,Reproductive-stage-observed,232,2.0739552251693936,1.7070555779411636,-1.001008612185883,0.016660241494415053
CV-E-B8,2016-NEH1,At-flowering-observed,231,3.0260097693407686,2.5982684922511776,-1.9612898932922032,0.26090397932544307
CV-E-B8,2016-NEH1,Full-season-nonleaky,231,2.318651284065804,1.8735918749103617,-0.7386459274147896,0.36914284600424335
CV-E-B8,2016-NEH1,Pre-flowering-observed,231,2.9028334089848626,2.466389626554007,-1.725112892465209,0.275131091245027
CV-E-B8,2016-NEH1,Pre-season-G-only,231,2.7182325449449753,2.2574548516657758,-1.3895355091201602,0.0779931994944607
CV-E-B8,2016-NEH1,Pre-season-location-history,231,3.083414902914078,2.650668988168294,-2.0747103310289385,0.25373444015828056
CV-E-B8,2016-NEH1,Reproductive-stage-observed,231,2.195238437288087,1.7575292281409671,-0.5584887421864306,0.378571453620938
CV-E-B8,2016-NEH4,At-flowering-observed,214,1.822805275030604,1.4304690744216666,-0.5337538594872069,0.19013702788757325
CV-E-B8,2016-NEH4,Full-season-nonleaky,214,2.0713128638712486,1.6732302935726926,-0.9804620275923595,0.11730094440747069
CV-E-B8,2016-NEH4,Pre-flowering-observed,214,1.861473122173065,1.4714421731093628,-0.5995162433537988,0.18107073332079046
CV-E-B8,2016-NEH4,Pre-season-G-only,214,2.0636237803855932,1.6563392278454747,-0.9657856610017048,0.026293826194357443
CV-E-B8,2016-NEH4,Pre-season-location-history,214,1.6011714076699977,1.2420891427132283,-0.18345232618124707,0.15717934821618476
CV-E-B8,2016-NEH4,Reproductive-stage-observed,214,2.131202455746043,1.7438089723480443,-1.0966432051446886,0.20289239787484503
CV-E-B8,2016-NYH1,At-flowering-observed,224,2.6798250736038294,2.435148048617322,-4.48738022201477,0.26578735794691816
CV-E-B8,2016-NYH1,Full-season-nonleaky,224,1.1726306136257876,0.9286477451805256,-0.050690044343417284,0.21010003751320203
CV-E-B8,2016-NYH1,Pre-flowering-observed,224,2.4698220715284753,2.2068828490285175,-3.6610471467398096,0.25963782434327703
CV-E-B8,2016-NYH1,Pre-season-G-only,224,1.979367904861358,1.6826216664748674,-1.993678849596856,0.2861485364732114
CV-E-B8,2016-NYH1,Pre-season-location-history,224,2.3923935799045295,2.1214052333512683,-3.3733820459239388,0.24464556765229925
CV-E-B8,2016-NYH1,Reproductive-stage-observed,224,1.4741283412399402,1.1736684921416227,-0.6604383405390963,0.22296721694317267
CV-E-B8,2016-NYH2,At-flowering-observed,230,3.1779297667075275,2.572645876621295,-2.0929928692247457,-0.08846793689408447
CV-E-B8,2016-NYH2,Full-season-nonleaky,230,3.1909259483256784,2.5736721141603853,-2.118342259099625,-0.1451520069082429
CV-E-B8,2016-NYH2,Pre-flowering-observed,230,3.2810371586749496,2.6874043374912517,-2.2969520182748164,-0.10235332222696096
CV-E-B8,2016-NYH2,Pre-season-G-only,230,3.144457115603818,2.6327367088589004,-2.028179961245062,0.08853140021864683
CV-E-B8,2016-NYH2,Pre-season-location-history,230,3.633047096644783,3.1357598855472033,-3.0423357693453976,-0.04665397660875382
CV-E-B8,2016-NYH2,Reproductive-stage-observed,230,2.428060276341286,1.8468859964585203,-0.8055489066915142,-0.11476892529005213
CV-E-B8,2016-NYH2L,At-flowering-observed,96,7.0912121504323675,7.031896362870607,-151.50314456655025,-0.11078321072449196
CV-E-B8,2016-NYH2L,Full-season-nonleaky,96,6.77370402964118,6.711160918245388,-138.1522634808714,-0.19007315804318878
CV-E-B8,2016-NYH2L,Pre-flowering-observed,96,7.743625272458271,7.684822271436129,-180.85552451000027,-0.12710634902823403
CV-E-B8,2016-NYH2L,Pre-season-G-only,96,6.766730610054924,6.711929912537012,-137.86590091566418,-0.025870122274983587
CV-E-B8,2016-NYH2L,Pre-season-location-history,96,5.581191934655109,5.515194147993797,-93.46953065210815,-0.08006844856643174
CV-E-B8,2016-NYH2L,Reproductive-stage-observed,96,7.177464420053847,7.113735144505573,-155.23557796952784,-0.1932101166208407
CV-E-B8,2016-TXH1,At-flowering-observed,218,2.674225143843458,2.4376371592372736,-4.508236823121571,0.29777507019691873
CV-E-B8,2016-TXH1,Full-season-nonleaky,218,3.078962600042456,2.8754446885817453,-6.301725391645814,0.2745089760571379
CV-E-B8,2016-TXH1,Pre-flowering-observed,218,2.500060512366357,2.2493472437070565,-3.8141288473683534,0.30385524923625595
CV-E-B8,2016-TXH1,Pre-season-G-only,218,2.7114594961844927,2.4479716861838012,-4.6626916169823245,0.1446987688019507
CV-E-B8,2016-TXH1,Pre-season-location-history,218,1.8306877290655128,1.5559836062731225,-1.5813399899630287,0.2922128643517433
CV-E-B8,2016-TXH1,Reproductive-stage-observed,218,3.1441257909721085,2.951387751740253,-6.614063503759474,0.31193252993914844
CV-E-B8,2016-TXH2,At-flowering-observed,234,1.76282211112487,1.3821559328754187,0.1111042202536523,0.37720908241040185
CV-E-B8,2016-TXH2,Full-season-nonleaky,234,2.2356321593882162,1.7900489641640749,-0.42966591230574025,0.28894623524028457
CV-E-B8,2016-TXH2,Pre-flowering-observed,234,2.1166989890295644,1.682600746231928,-0.2815987364317052,0.3899517218363014
CV-E-B8,2016-TXH2,Pre-season-G-only,234,1.9556510892704535,1.5325016643429663,-0.09399821712191492,0.21210617042297106
CV-E-B8,2016-TXH2,Pre-season-location-history,234,2.027386705544672,1.6011814278832583,-0.1757285234875432,0.25309554410518476
CV-E-B8,2016-TXH2,Reproductive-stage-observed,234,2.0033377987883476,1.5778817898591064,-0.14800092095657735,0.36866489907101896
CV-E-B8,2016-WIH1,At-flowering-observed,308,1.8102651682477109,1.3771404645292618,0.10348790496101867,0.3666206927616954
CV-E-B8,2016-WIH1,Full-season-nonleaky,308,1.7607656025634335,1.3525414476658648,0.1518457282228346,0.3898966161644913
CV-E-B8,2016-WIH1,Pre-flowering-observed,308,1.918765822574025,1.4604756795780809,-0.007199986063793462,0.3827790623817788
CV-E-B8,2016-WIH1,Pre-season-G-only,308,2.0320185126107737,1.6330088940680323,-0.12960624145666944,0.1986855018410916
CV-E-B8,2016-WIH1,Pre-season-location-history,308,1.937240800582902,1.4558460991370152,-0.026689161460392352,0.35707354356771764
CV-E-B8,2016-WIH1,Reproductive-stage-observed,308,1.7987041918309425,1.3644369294179883,0.1149022099600544,0.3893089360809027
CV-E-B8,2016-WIH2,At-flowering-observed,418,2.4137088926863917,1.9505448933512413,0.0037800920535364657,0.382679968284261
CV-E-B8,2016-WIH2,Full-season-nonleaky,418,2.3347723113876837,1.9214030013556676,0.06787425378694145,0.3427306152926742
CV-E-B8,2016-WIH2,Pre-flowering-observed,418,2.3199094075847886,1.8987685237526675,0.07970409981276005,0.37077630709926407
CV-E-B8,2016-WIH2,Pre-season-G-only,418,2.330910433559779,1.9246257621985448,0.07095530679567741,0.2924094544507418
CV-E-B8,2016-WIH2,Pre-season-location-history,418,2.430253669783737,1.976505936715526,-0.009923901119668566,0.34810871800978416
CV-E-B8,2016-WIH2,Reproductive-stage-observed,418,2.3013103043292706,1.8946150513212308,0.09440128132751069,0.38235783488625263
CV-E-B8,2017-COH1,At-flowering-observed,209,4.923733149161237,4.703847572503002,-12.551732169993375,0.05045384306168931
CV-E-B8,2017-COH1,Full-season-nonleaky,209,3.7677705660738194,3.4647229309433167,-6.935507254970169,-0.03971112411702704
CV-E-B8,2017-COH1,Pre-flowering-observed,209,4.580093931515387,4.333894681641454,-10.726126220762918,0.03275711110195963
CV-E-B8,2017-COH1,Pre-season-G-only,209,2.874080485320586,2.4783840943085558,-3.617465366157446,0.011045265625957043
CV-E-B8,2017-COH1,Pre-season-location-history,209,2.0307968762727246,1.56841605400017,-1.305360078531813,-0.038389134834057835
CV-E-B8,2017-COH1,Reproductive-stage-observed,209,4.6755381333424815,4.447802669062663,-11.219937979552588,0.05875538555694349
CV-E-B8,2017-DEH1,At-flowering-observed,168,2.8003597224687264,2.3863834106957573,-0.7820919576155909,0.31995183886493056
CV-E-B8,2017-DEH1,Full-season-nonleaky,168,3.0741308352705605,2.6597188424846103,-1.1475691638785142,0.285769595076717
CV-E-B8,2017-DEH1,Pre-flowering-observed,168,2.9867206318402517,2.5753658718537102,-1.0271769953789263,0.3193929345290108
CV-E-B8,2017-DEH1,Pre-season-G-only,168,2.8637903868384593,2.42648993569652,-0.863738252215619,0.1974181176652763
CV-E-B8,2017-DEH1,Pre-season-location-history,168,2.7850628633774632,2.367756866075461,-0.7626759126932299,0.30285932875888444
CV-E-B8,2017-DEH1,Reproductive-stage-observed,168,3.3440055080785727,2.932275302042461,-1.541185879037132,0.3193529289240243
CV-E-B8,2017-GAH1,At-flowering-observed,130,2.49831048758955,2.0246641082186967,0.056693707457244,0.24747020078613705
CV-E-B8,2017-GAH1,Full-season-nonleaky,130,2.5431622500144555,2.026873595602683,0.022519626380803404,0.22126139138215367
CV-E-B8,2017-GAH1,Pre-flowering-observed,130,2.544390691008888,2.0546809154879364,0.021575080296935112,0.19888931006714336
CV-E-B8,2017-GAH1,Pre-season-G-only,130,2.767047520617711,2.190686148486125,-0.15715928560128156,0.08453266752785765
CV-E-B8,2017-GAH1,Pre-season-location-history,130,2.633638648350072,2.1631976126030708,-0.04826789005642329,0.2854534973679376
CV-E-B8,2017-GAH1,Reproductive-stage-observed,130,2.6846744891374885,2.110463030156469,-0.08928915874162402,0.226736029694512
CV-E-B8,2017-GAH2,At-flowering-observed,84,1.6091309789021737,1.2739734576676143,-0.010408153348187454,0.17408624244723017
CV-E-B8,2017-GAH2,Full-season-nonleaky,84,1.7660384945490055,1.4478618035653978,-0.2170667047322168,0.2075567936408775
CV-E-B8,2017-GAH2,Pre-flowering-observed,84,1.623142441237605,1.2532821713777815,-0.028080963201610354,0.1920813652997567
CV-E-B8,2017-GAH2,Pre-season-G-only,84,1.7063103371901711,1.3073817602773756,-0.1361354050512107,0.1666123155871508
CV-E-B8,2017-GAH2,Pre-season-location-history,84,1.5483817336337062,1.198678711268834,0.06444326681734358,0.2919575835611639
CV-E-B8,2017-GAH2,Reproductive-stage-observed,84,1.6815269484986513,1.3599672063142325,-0.10337137754685632,0.19035050610760534
CV-E-B8,2017-IAH4,At-flowering-observed,326,2.355662968178619,1.9748520278192,-0.9494303929962582,0.27662486854062174
CV-E-B8,2017-IAH4,Full-season-nonleaky,326,2.8401721344469983,2.4512623154268542,-1.8338101243741347,0.25507567241142415
CV-E-B8,2017-IAH4,Pre-flowering-observed,326,2.7443922892673114,2.3605757775668774,-1.6459023021367591,0.2727327815966411
CV-E-B8,2017-IAH4,Pre-season-G-only,326,2.7802286374399046,2.3808195514793975,-1.7154539869563128,0.22331451964016036
CV-E-B8,2017-IAH4,Pre-season-location-history,326,2.040589107853426,1.6545944856564887,-0.46282559850534644,0.29713913699071004
CV-E-B8,2017-IAH4,Reproductive-stage-observed,326,2.9717575155531253,2.592979722363568,-2.1024740861661564,0.2594339582706955
CV-E-B8,2017-ILH1,At-flowering-observed,173,2.4865355660931483,2.1071621066918516,-2.8603549924356857,0.08365367068458006
CV-E-B8,2017-ILH1,Full-season-nonleaky,173,1.5650496137153005,1.2331649199139016,-0.5293050121691303,0.0242729713922414
CV-E-B8,2017-ILH1,Pre-flowering-observed,173,2.3945162222552607,2.0085338177067222,-2.579921138642049,0.07164166588335269
CV-E-B8,2017-ILH1,Pre-season-G-only,173,2.4495555978370325,2.0771121626469076,-2.7463857665157345,0.06555478726253532
CV-E-B8,2017-ILH1,Pre-season-location-history,173,1.7272593603536226,1.3721885762345332,-0.8627432669991169,0.01951732708559635
CV-E-B8,2017-ILH1,Reproductive-stage-observed,173,2.231932283059585,1.8525461310010611,-2.110283098674392,0.050052914737404586
CV-E-B8,2017-INH1,At-flowering-observed,163,2.4052726885845654,2.0488450707294863,-1.1422204799125444,0.2870540039152793
CV-E-B8,2017-INH1,Full-season-nonleaky,163,2.815149515593869,2.4795174148859127,-1.9345293549313447,0.2669965097726434
CV-E-B8,2017-INH1,Pre-flowering-observed,163,2.5144753755093174,2.157888729853231,-1.3411557164990504,0.27583828031191754
CV-E-B8,2017-INH1,Pre-season-G-only,163,3.456257950701021,3.125240330564908,-3.4233145336575754,0.18408409927759506
CV-E-B8,2017-INH1,Pre-season-location-history,163,2.6468885622078013,2.313530056264679,-1.594220228850968,0.29405091682533957
CV-E-B8,2017-INH1,Reproductive-stage-observed,163,3.172227189830612,2.8589377128947437,-2.726182256176368,0.26420576486655345
CV-E-B8,2017-MIH1,At-flowering-observed,184,1.67716608563555,1.3628133451992754,0.12094506476450606,0.3502921093374122
CV-E-B8,2017-MIH1,Full-season-nonleaky,184,1.6932070264189134,1.3844326896977521,0.1040495398209218,0.3315719926635668
CV-E-B8,2017-MIH1,Pre-flowering-observed,184,2.1463175637362837,1.8321998676832003,-0.4396331279471064,0.36190227096334016
CV-E-B8,2017-MIH1,Pre-season-G-only,184,2.088466918053341,1.7520388453450297,-0.3630728685312441,0.2512638930642021
CV-E-B8,2017-MIH1,Pre-season-location-history,184,2.2962197475662953,1.9703982020394588,-0.6477479043023051,0.3589509606380573
CV-E-B8,2017-MIH1,Reproductive-stage-observed,184,1.7146566997617192,1.3707384858675973,0.08120582260504561,0.3239377485426656
CV-E-B8,2017-MNH1,At-flowering-observed,212,1.9844414724091317,1.5720769049147119,-0.6457306630086983,0.12705434080196196
CV-E-B8,2017-MNH1,Full-season-nonleaky,212,1.7996905268371872,1.4381964081422052,-0.353561000714,0.027712554517907582
CV-E-B8,2017-MNH1,Pre-flowering-observed,212,1.7574359759653972,1.3822207796763581,-0.2907472145367411,0.09118899702477645
CV-E-B8,2017-MNH1,Pre-season-G-only,212,1.5721779290563713,1.1999275719398066,-0.032964893746322055,0.27398117124636256
CV-E-B8,2017-MNH1,Pre-season-location-history,212,1.6970604493869863,1.334794804234026,-0.20358508130674302,0.09351087474604936
CV-E-B8,2017-MNH1,Reproductive-stage-observed,212,1.6281171905640208,1.2805286010187111,-0.10777993667011088,0.11221383324377221
CV-E-B8,2017-NYH1,At-flowering-observed,204,2.293671211678656,1.8169685980708503,-1.0529547776986212,0.1016414821723964
CV-E-B8,2017-NYH1,Full-season-nonleaky,204,2.76234309447014,2.302592265174995,-1.9776407069421316,0.09955451406488491
CV-E-B8,2017-NYH1,Pre-flowering-observed,204,2.4641270011004246,1.9785366328530507,-1.3694264417718696,0.08867662322039613
CV-E-B8,2017-NYH1,Pre-season-G-only,204,1.8510062938428327,1.454985979078774,-0.3370044304273323,0.12424950500494429
CV-E-B8,2017-NYH1,Pre-season-location-history,204,1.7315170272500282,1.412024041242243,-0.16995885488426188,0.09576692265130007
CV-E-B8,2017-NYH1,Reproductive-stage-observed,204,2.4257103629284904,1.9500159271885091,-1.2961219094338365,0.10614607695851376
CV-E-B8,2017-NYH2,At-flowering-observed,197,1.9423631778946941,1.6083600079008615,-0.6689961896773429,0.07733029201000081
CV-E-B8,2017-NYH2,Full-season-nonleaky,197,1.7327722414400626,1.4234758078680205,-0.32824269631894976,0.11515505895295582
CV-E-B8,2017-NYH2,Pre-flowering-observed,197,1.8989032797173708,1.5668714102045824,-0.5951449804371978,0.0737687427418931
CV-E-B8,2017-NYH2,Pre-season-G-only,197,2.398182437523825,2.0623683279873455,-1.5442448776757738,0.1442292470388229
CV-E-B8,2017-NYH2,Pre-season-location-history,197,2.543733221728984,2.2001508910793555,-1.8624479374236755,0.09422127608884184
CV-E-B8,2017-NYH2,Reproductive-stage-observed,197,1.9214006871085467,1.5930931750812978,-0.6331660968224799,0.06893697183790154
CV-E-B8,2017-NYH3,At-flowering-observed,132,2.272239720646943,1.7873416365300034,-0.8602753220418802,0.13305830904737037
CV-E-B8,2017-NYH3,Full-season-nonleaky,132,2.361149440861971,1.8706018791465064,-1.0087037036281736,0.08832348937965939
CV-E-B8,2017-NYH3,Pre-flowering-observed,132,2.383504396833017,1.8917263353568337,-1.0469198842942178,0.07627511974212972
CV-E-B8,2017-NYH3,Pre-season-G-only,132,2.302003883270351,1.9129843842803957,-0.9093301648375249,0.03557001743095955
CV-E-B8,2017-NYH3,Pre-season-location-history,132,2.034085509648437,1.6894262835696132,-0.49075866402513535,0.023702029358338986
CV-E-B8,2017-NYH3,Reproductive-stage-observed,132,2.2096529233577056,1.7352073753490098,-0.7592074532483497,0.14810839584220192
CV-E-B8,2017-TXH1-Dry,At-flowering-observed,133,3.3732326485648088,3.086358724823549,-4.132170312690121,0.2705084286139673
CV-E-B8,2017-TXH1-Dry,Full-season-nonleaky,133,4.129765757264571,3.874714833033282,-6.692354808746211,0.2529448713811854
CV-E-B8,2017-TXH1-Dry,Pre-flowering-observed,133,3.2622816142365654,2.9661760327802384,-3.800111957597152,0.26400237260862974
CV-E-B8,2017-TXH1-Dry,Pre-season-G-only,133,2.2460214157099516,1.9408062003843383,-1.2752873685802766,0.12348296717163991
CV-E-B8,2017-TXH1-Dry,Pre-season-location-history,133,1.6105550067702212,1.2664857504940634,-0.1699292375375996,0.21719950828695095
CV-E-B8,2017-TXH1-Dry,Reproductive-stage-observed,133,3.500026923174603,3.216151103184613,-4.525241181754888,0.256069466205723
CV-E-B8,2017-TXH1-Early,At-flowering-observed,178,3.817517748566697,3.578722182445603,-6.396193532057572,0.3069877398345196
CV-E-B8,2017-TXH1-Early,Full-season-nonleaky,178,4.530518062089581,4.314712334663991,-9.416980931422039,0.21949438714024355
CV-E-B8,2017-TXH1-Early,Pre-flowering-observed,178,3.690481538011128,3.4381253131590763,-5.912134988296596,0.2825926031479843
CV-E-B8,2017-TXH1-Early,Pre-season-G-only,178,2.574142132166916,2.278931591442014,-2.3628785471931395,0.19235560711067257
CV-E-B8,2017-TXH1-Early,Pre-season-location-history,178,1.409924184325835,1.1343533999988342,-0.008875688902809653,0.19765360803601573
CV-E-B8,2017-TXH1-Early,Reproductive-stage-observed,178,3.9647585775818985,3.729102928138578,-6.977735468317684,0.28235305489314444
CV-E-B8,2017-TXH1-Late,At-flowering-observed,133,1.254993838175655,1.0664447176128187,-0.5954748793298652,0.08691439409480321
CV-E-B8,2017-TXH1-Late,Full-season-nonleaky,133,1.505318758370783,1.3220131883669746,-1.2954282952413974,0.010333166221711897
CV-E-B8,2017-TXH1-Late,Pre-flowering-observed,133,1.7576287572419373,1.5384148965411883,-2.129400033603893,0.02207307792904118
CV-E-B8,2017-TXH1-Late,Pre-season-G-only,133,3.282132349146,3.0693309393096695,-9.912366982601554,0.04955786909896087
CV-E-B8,2017-TXH1-Late,Pre-season-location-history,133,1.6458462849906579,1.4391782214214586,-1.7440077060516845,0.023956225423345898
CV-E-B8,2017-TXH1-Late,Reproductive-stage-observed,133,1.4282891571434144,1.242639871579645,-1.0665173798961485,0.07517999953418161
CV-E-B8,2017-TXH2,At-flowering-observed,131,1.8216412565654736,1.4884952313179263,0.05952408290872424,0.271383394465891
CV-E-B8,2017-TXH2,Full-season-nonleaky,131,2.013096867249546,1.5751776627387246,-0.14855373311955633,0.1511849120801541
CV-E-B8,2017-TXH2,Pre-flowering-observed,131,1.8477927429710013,1.4457880515148722,0.03232730650061344,0.2952677357340541
CV-E-B8,2017-TXH2,Pre-season-G-only,131,1.9089810254204822,1.5617094318588562,-0.03282132197444931,0.16874105338492276
CV-E-B8,2017-TXH2,Pre-season-location-history,131,1.8448176964687568,1.5039297114917662,0.03544080903345315,0.1975381046614269
CV-E-B8,2017-TXH2,Reproductive-stage-observed,131,1.845531102925332,1.4624091928854792,0.03469465855222276,0.2538349732882694
CV-E-B8,2017-WIH1,At-flowering-observed,274,2.8461775845945154,2.4557834982081173,-0.7711809583064824,0.2636978887522525
CV-E-B8,2017-WIH1,Full-season-nonleaky,274,3.6885037218071863,3.288730469659008,-1.9746741439861215,0.30734696630676595
CV-E-B8,2017-WIH1,Pre-flowering-observed,274,3.320582460847639,2.917199590228628,-1.410834988929726,0.26224303071464794
CV-E-B8,2017-WIH1,Pre-season-G-only,274,3.7786256713911777,3.3501303104242264,-2.121811586041837,0.1844571079121587
CV-E-B8,2017-WIH1,Pre-season-location-history,274,2.173083754798962,1.7720943115003664,-0.032504318774181584,0.2279523381542105
CV-E-B8,2017-WIH1,Reproductive-stage-observed,274,3.8549285656909604,3.45520280425657,-2.2491638746631692,0.30607611603150475
CV-E-B8,2017-WIH2,At-flowering-observed,278,1.634709114025896,1.3084196289833412,0.05021186563487379,0.3850478176017935
CV-E-B8,2017-WIH2,Full-season-nonleaky,278,1.5885849943884824,1.228346355609932,0.10305320244056426,0.335466932847153
CV-E-B8,2017-WIH2,Pre-flowering-observed,278,1.6391262755064864,1.2933547376106747,0.045072069575645135,0.34331278534662185
CV-E-B8,2017-WIH2,Pre-season-G-only,278,2.9939937295505183,2.6062585032795447,-2.1860130081075453,0.2545100167570405
CV-E-B8,2017-WIH2,Pre-season-location-history,278,3.160219664543641,2.801442337697399,-2.549607342488636,0.34615856701655084
CV-E-B8,2017-WIH2,Reproductive-stage-observed,278,1.5713973223761313,1.2043102887459392,0.1223572101183501,0.3770063347332424
CV-E-B8,2018-ARH2,At-flowering-observed,429,4.353779912747144,4.280114343357976,-43.825084607734915,-0.1581871872686707
CV-E-B8,2018-ARH2,Full-season-nonleaky,429,3.7662021924694784,3.6862654624478806,-32.542500820268984,-0.15343052927555334
CV-E-B8,2018-ARH2,Pre-flowering-observed,429,4.212169810554151,4.134842136208995,-40.9565642751643,-0.14899439063150371
CV-E-B8,2018-ARH2,Pre-season-G-only,429,4.485384294114617,4.4113516490413875,-46.57595244306049,-0.1729673400690632
CV-E-B8,2018-ARH2,Pre-season-location-history,429,3.837825833093961,3.7528979944653726,-33.83041900896657,-0.13823278299357206
CV-E-B8,2018-ARH2,Reproductive-stage-observed,429,4.006584764995584,3.9307464691502236,-36.960930203428504,-0.1539343091252319
CV-E-B8,2018-DEH1,At-flowering-observed,595,3.6249000793339543,3.039599077219316,-2.2486375529781273,-0.020699774409641773
CV-E-B8,2018-DEH1,Full-season-nonleaky,595,2.5287216668496093,1.8884131679843086,-0.5809249020641694,0.05388897225853222
CV-E-B8,2018-DEH1,Pre-flowering-observed,595,3.411876380319822,2.8202827948779667,-1.878032908787259,0.060218680074676456
CV-E-B8,2018-DEH1,Pre-season-G-only,595,3.5518355760810407,2.9294212030306834,-2.1189964949450784,-0.12149619706533243
CV-E-B8,2018-DEH1,Pre-season-location-history,595,3.037321148371453,2.4266159036684654,-1.2808178806959183,0.17121875066090458
CV-E-B8,2018-DEH1,Reproductive-stage-observed,595,3.8343419275960837,3.2609752523679543,-2.6348865282053615,-0.08196500959048839
CV-E-B8,2018-IAH2,At-flowering-observed,434,1.6899602290043636,1.3600204849356234,0.03615438804723026,0.25250994508309865
CV-E-B8,2018-IAH2,Full-season-nonleaky,434,1.7907783776554396,1.4705415186731856,-0.0822764042018469,0.2526106073159326
CV-E-B8,2018-IAH2,Pre-flowering-observed,434,2.5932784557031456,2.222680578167865,-1.2696182253733648,0.2490436166511659
CV-E-B8,2018-IAH2,Pre-season-G-only,434,2.7792753388862845,2.410081910662687,-1.606859673502938,0.2378605593546012
CV-E-B8,2018-IAH2,Pre-season-location-history,434,2.02075090014815,1.5737893095786661,-0.3780978907463204,0.24848368973519294
CV-E-B8,2018-IAH2,Reproductive-stage-observed,434,1.6636136691749492,1.3210511603088941,0.06597292305633107,0.26083876670217704
CV-E-B8,2018-IAH4,At-flowering-observed,804,1.9916490795103012,1.6836541082587342,-1.3902692024955408,0.09305897848923692
CV-E-B8,2018-IAH4,Full-season-nonleaky,804,1.69592052654476,1.390919294640303,-0.7331341086496235,0.09272398319339711
CV-E-B8,2018-IAH4,Pre-flowering-observed,804,1.8531934615352628,1.545467841736449,-1.0694869614592357,0.11489477181504856
CV-E-B8,2018-IAH4,Pre-season-G-only,804,1.9239867207031025,1.609678522733654,-1.230618585810865,0.10415262805219243
CV-E-B8,2018-IAH4,Pre-season-location-history,804,1.4267590532359256,1.1312911867105193,-0.22665504672540293,0.0748560504466613
CV-E-B8,2018-IAH4,Reproductive-stage-observed,804,1.4430981839881845,1.1458677721862371,-0.2549110295066399,0.10209741115759384
CV-E-B8,2018-ILH1,At-flowering-observed,394,2.4446838016613697,2.0968453077012215,-1.422242801911303,0.12028501402360689
CV-E-B8,2018-ILH1,Full-season-nonleaky,394,2.0238207798128767,1.6667423240353447,-0.6600317163282015,0.12156093311161772
CV-E-B8,2018-ILH1,Pre-flowering-observed,394,2.617645010124818,2.280589855791844,-1.7771144843341462,0.13164758049309985
CV-E-B8,2018-ILH1,Pre-season-G-only,394,2.72183102751237,2.3888772117735475,-2.0025801224536077,0.12723006498311706
CV-E-B8,2018-ILH1,Pre-season-location-history,394,1.6683172018922205,1.3127208412284324,-0.12805309066278547,0.09024330135203859
CV-E-B8,2018-ILH1,Reproductive-stage-observed,394,2.318018770870138,1.9707271726421942,-1.1777407668912132,0.14124932847138488
CV-E-B8,2018-INH1,At-flowering-observed,407,1.9945534118802346,1.658025363091216,-1.2263920574616796,0.053183833492425746
CV-E-B8,2018-INH1,Full-season-nonleaky,407,1.8685275709974118,1.5315204745081796,-0.9539314510305541,0.04703564842408013
CV-E-B8,2018-INH1,Pre-flowering-observed,407,2.2923620898972685,1.9649293611079484,-1.9408761675644213,0.05648420985717714
CV-E-B8,2018-INH1,Pre-season-G-only,407,2.3895566456857353,2.063852288643652,-2.1955451852601056,0.026444585411970437
CV-E-B8,2018-INH1,Pre-season-location-history,407,1.3811250376061428,1.1061613345776007,-0.06752068605452699,0.04496881563333674
CV-E-B8,2018-INH1,Reproductive-stage-observed,407,2.0929647878230457,1.760843930781214,-1.4515126928717286,0.064638081318
CV-E-B8,2018-MIH1,At-flowering-observed,375,1.413869025787718,1.0975286646508353,-0.1875363991361516,-0.10294795817028451
CV-E-B8,2018-MIH1,Full-season-nonleaky,375,1.7255121662410502,1.389937659044325,-0.7687425391226301,-0.09514848343294648
CV-E-B8,2018-MIH1,Pre-flowering-observed,375,1.5460430223271342,1.1992900041315646,-0.41994564305343385,-0.1521329461381911
CV-E-B8,2018-MIH1,Pre-season-G-only,375,1.4536517137119835,1.1180251514068087,-0.255305115571796,-0.16887067295903146
CV-E-B8,2018-MIH1,Pre-season-location-history,375,1.4161586164304996,1.0958975953296115,-0.19138565773345873,-0.09725428604516072
CV-E-B8,2018-MIH1,Reproductive-stage-observed,375,2.0358694754559403,1.7051223117767471,-1.462228938076446,-0.09455850021868849
CV-E-B8,2018-MNH1,At-flowering-observed,916,2.187223677149604,1.7872838933963335,-0.6662484478341055,-0.11221296922727812
CV-E-B8,2018-MNH1,Full-season-nonleaky,916,1.8730631929476955,1.4768950519113668,-0.22196346188419103,-0.08092143050290562
CV-E-B8,2018-MNH1,Pre-flowering-observed,916,2.0328203787060715,1.6284555690097837,-0.43930015547277135,-0.06751756812729298
CV-E-B8,2018-MNH1,Pre-season-G-only,916,2.6157511420334467,2.087417241419961,-1.3831216269201363,-0.14802897559203465
CV-E-B8,2018-MNH1,Pre-season-location-history,916,2.1794299011509395,1.6970609430189822,-0.6543948546139688,0.002697733402570972
CV-E-B8,2018-MNH1,Reproductive-stage-observed,916,1.9509232196585298,1.564497012644113,-0.3256647735392768,-0.1544927801464547
CV-E-B8,2018-MOH1,At-flowering-observed,790,2.703510619460181,2.407262032430414,-3.4532456172809036,0.12192372488600844
CV-E-B8,2018-MOH1,Full-season-nonleaky,790,2.394828075858496,2.0811161879458653,-2.494372279049661,0.11452571150166327
CV-E-B8,2018-MOH1,Pre-flowering-observed,790,2.425659232919809,2.1129551035456475,-2.5849249483557353,0.11109464302430123
CV-E-B8,2018-MOH1,Pre-season-G-only,790,2.5028537276020604,2.189260498117119,-2.8167299065611373,0.13054955605038981
CV-E-B8,2018-MOH1,Pre-season-location-history,790,3.51350083769889,3.273252434190364,-6.52143336560343,0.10460892512703887
CV-E-B8,2018-MOH1,Reproductive-stage-observed,790,1.7416105664536434,1.4211182311712152,-0.8480877628496888,0.12315518336280919
CV-E-B8,2018-NCH1,At-flowering-observed,639,2.67005002871359,2.183274540165078,-0.539204229121057,-0.15540476248896673
CV-E-B8,2018-NCH1,Full-season-nonleaky,639,3.2134735301036814,2.6580203140828393,-1.2294970608314322,-0.24947226258776653
CV-E-B8,2018-NCH1,Pre-flowering-observed,639,2.6606096785733193,2.172222656664849,-0.5283393096385083,-0.1960324610668089
CV-E-B8,2018-NCH1,Pre-season-G-only,639,2.677601000975586,2.1788062046338967,-0.5479223599928988,-0.34145872086715173
CV-E-B8,2018-NCH1,Pre-season-location-history,639,3.163457745970986,2.6300984544522463,-1.16063559408699,0.13873961866623033
CV-E-B8,2018-NCH1,Reproductive-stage-observed,639,3.7543829754898543,3.16402410614036,-2.04322872148976,-0.2799137728581654
CV-E-B8,2018-NYH1,At-flowering-observed,373,2.8250574970790794,2.334029700947567,-1.4581789983929014,0.1769021906443889
CV-E-B8,2018-NYH1,Full-season-nonleaky,373,2.263683374820237,1.7613902767095624,-0.5783026437640697,0.2230127166517175
CV-E-B8,2018-NYH1,Pre-flowering-observed,373,2.5735844998886637,2.0621728523059506,-1.0400263918864,0.17876942364516119
CV-E-B8,2018-NYH1,Pre-season-G-only,373,2.564870988547484,2.0670585708923013,-1.026235742373827,0.22877808209967926
CV-E-B8,2018-NYH1,Pre-season-location-history,373,2.36245361899833,1.8483700053588104,-0.7190381041860079,0.20692956135681792
CV-E-B8,2018-NYH1,Reproductive-stage-observed,373,2.174506881549608,1.6816524490281228,-0.45639940970906756,0.19635941666128695
CV-E-B8,2018-NYH2,At-flowering-observed,395,2.8333346760711793,2.373178662075628,-1.2205707179068033,0.08450887369451425
CV-E-B8,2018-NYH2,Full-season-nonleaky,395,2.3617418056018815,1.9238470417114153,-0.5428854707452622,0.07482978119372675
CV-E-B8,2018-NYH2,Pre-flowering-observed,395,2.850929976153974,2.389430129204843,-1.2482363006722124,0.08272618249157856
CV-E-B8,2018-NYH2,Pre-season-G-only,395,2.042077418926731,1.6414509496008456,-0.15348847831885415,0.07451216193554556
CV-E-B8,2018-NYH2,Pre-season-location-history,395,2.015744518580751,1.618897083804906,-0.1239314657495938,0.09685255623872009
CV-E-B8,2018-NYH2,Reproductive-stage-observed,395,2.2229302640527813,1.7976768868619482,-0.3668489772025936,0.10095057714002571
CV-E-B8,2018-NYH3,At-flowering-observed,416,2.450497756863432,2.0463145837325234,-1.3218124151842465,0.18260088800596783
CV-E-B8,2018-NYH3,Full-season-nonleaky,416,2.4228721715900847,2.0193992871604984,-1.269757783571405,0.19677541536973933
CV-E-B8,2018-NYH3,Pre-flowering-observed,416,2.216409476419966,1.8077775595090784,-0.8994090687348246,0.18901817765784415
CV-E-B8,2018-NYH3,Pre-season-G-only,416,1.5900607580506392,1.2359642443776824,0.022434312233669096,0.1756053298345647
CV-E-B8,2018-NYH3,Pre-season-location-history,416,1.8144755808446873,1.4204353497241158,-0.2729776134304156,0.18430595623052914
CV-E-B8,2018-NYH3,Reproductive-stage-observed,416,2.848812939678342,2.4668582315994323,-2.137952585453976,0.19677909507946614
CV-E-B8,2018-OHH1,At-flowering-observed,380,1.948876100765758,1.6342307205416067,-0.9155171951285719,-0.012538400985153082
CV-E-B8,2018-OHH1,Full-season-nonleaky,380,1.826797988184483,1.5194472691348109,-0.6830563026325303,-0.021993361169353694
CV-E-B8,2018-OHH1,Pre-flowering-observed,380,1.8413922365918958,1.5123672423571777,-0.7100555201934251,-0.0365449863034529
CV-E-B8,2018-OHH1,Pre-season-G-only,380,1.7399879654256198,1.4129288753203864,-0.5268982038114498,-0.03298803456974029
CV-E-B8,2018-OHH1,Pre-season-location-history,380,1.4759928488264666,1.1492470255742444,-0.0987176518056112,-0.044969794375837875
CV-E-B8,2018-OHH1,Reproductive-stage-observed,380,2.2304847479321297,1.9170755002496016,-1.5090892570191197,-0.021586256893567277
CV-E-B8,2018-SCH1,At-flowering-observed,378,3.6315759183177314,3.3640764644091625,-6.304903002590753,0.03180662871820867
CV-E-B8,2018-SCH1,Full-season-nonleaky,378,2.976861824492804,2.682890697415554,-3.9084181331649575,0.014351020207989942
CV-E-B8,2018-SCH1,Pre-flowering-observed,378,3.327272667375474,3.0452795977398157,-5.131983581035584,0.04073682814041963
CV-E-B8,2018-SCH1,Pre-season-G-only,378,3.300590882905211,3.012769835715033,-5.0340317341407115,0.01729095024595571
CV-E-B8,2018-SCH1,Pre-season-location-history,378,2.4736223774951784,2.1562778755566523,-2.389151638703031,0.08579470879126586
CV-E-B8,2018-SCH1,Reproductive-stage-observed,378,3.0491698952894764,2.758443473792591,-4.149765400814565,0.019480267244688994
CV-E-B8,2018-TXH1-Dry,At-flowering-observed,369,1.3000986226253781,1.0258153576993563,-0.01183242902086068,0.13887291284063769
CV-E-B8,2018-TXH1-Dry,Full-season-nonleaky,369,1.3362972106377322,1.0696748536999987,-0.06896164250436243,0.15578930839952015
CV-E-B8,2018-TXH1-Dry,Pre-flowering-observed,369,1.3924502149117393,1.0971316457915294,-0.16068761683644417,0.13903703257663308
CV-E-B8,2018-TXH1-Dry,Pre-season-G-only,369,2.2261477625381456,1.8870563299463068,-1.9666340237501925,0.13435577783713532
CV-E-B8,2018-TXH1-Dry,Pre-season-location-history,369,1.4815073082411252,1.1684660688228894,-0.3139038776694931,0.1430829365796264
CV-E-B8,2018-TXH1-Dry,Reproductive-stage-observed,369,1.2841754479190446,1.0202975294749796,0.012800963558464162,0.16109862258902882
CV-E-B8,2018-TXH1-Early,At-flowering-observed,404,2.0612734670960395,1.7504606587519027,-1.873824947882588,0.04144235476994006
CV-E-B8,2018-TXH1-Early,Full-season-nonleaky,404,2.119286026910205,1.8145741604683956,-2.0378633469284466,0.03842566727656026
CV-E-B8,2018-TXH1-Early,Pre-flowering-observed,404,1.7602352187623758,1.4303549635830315,-1.0957066755322264,0.03434776671019658
CV-E-B8,2018-TXH1-Early,Pre-season-G-only,404,1.332240739258368,1.0361419977165045,-0.20047882666984718,0.018775000940460813
CV-E-B8,2018-TXH1-Early,Pre-season-location-history,404,2.2056610742255467,1.8987993797660803,-2.290535966430901,0.0212891283084325
CV-E-B8,2018-TXH1-Early,Reproductive-stage-observed,404,2.2504745796403633,1.9458848168451948,-2.425605190347621,0.034488190660846456
CV-E-B8,2018-TXH1-Late,At-flowering-observed,434,3.08827555566222,2.857476302722702,-6.190870838142688,0.10693701286166239
CV-E-B8,2018-TXH1-Late,Full-season-nonleaky,434,1.660346277258478,1.3701147127083213,-1.07848428730327,0.12357771947520968
CV-E-B8,2018-TXH1-Late,Pre-flowering-observed,434,2.7574420218326376,2.5068877761314994,-4.732739131344746,0.11337828001843075
CV-E-B8,2018-TXH1-Late,Pre-season-G-only,434,3.205815619542517,2.9870769070793606,-6.748657792112193,0.09191738464674273
CV-E-B8,2018-TXH1-Late,Pre-season-location-history,434,1.8117403993256804,1.5250048818455009,-1.4748070095914128,0.1055391057776719
CV-E-B8,2018-TXH1-Late,Reproductive-stage-observed,434,1.7029123619634436,1.4123712092002483,-1.186422039984857,0.12037645253075684
CV-E-B8,2018-TXH2,At-flowering-observed,443,3.36369808909102,3.0085615156586636,-3.714052671021917,0.018234771243328843
CV-E-B8,2018-TXH2,Full-season-nonleaky,443,2.5741500282100764,2.175931878283379,-1.7607566308725446,0.05291428899524103
CV-E-B8,2018-TXH2,Pre-flowering-observed,443,3.0131022037001345,2.6294864056889358,-2.782580156099111,0.029860072320337227
CV-E-B8,2018-TXH2,Pre-season-G-only,443,1.9770869786179546,1.5795971417349215,-0.6285907555916805,0.023406462885124525
CV-E-B8,2018-TXH2,Pre-season-location-history,443,1.636254258154385,1.2802775918941731,-0.11548052705617495,0.05317878971486882
CV-E-B8,2018-TXH2,Reproductive-stage-observed,443,4.073274888913351,3.765324616069183,-5.912702288803532,0.03059207035822212
CV-E-B8,2018-WIH1,At-flowering-observed,401,2.1212718896883835,1.684703575574319,-0.3833677240993407,-0.05713432696096468
CV-E-B8,2018-WIH1,Full-season-nonleaky,401,1.9821806538397435,1.583163581831538,-0.20790125129191672,-0.050835728436271016
CV-E-B8,2018-WIH1,Pre-flowering-observed,401,1.8947190468432986,1.4832996426135325,-0.10365823166158972,-0.07889171206814725
CV-E-B8,2018-WIH1,Pre-season-G-only,401,2.2627547966344954,1.8262316569976416,-0.5740551817155495,-0.05001637976282252
CV-E-B8,2018-WIH1,Pre-season-location-history,401,1.905767636632439,1.4967394440131057,-0.11656718495803009,-0.05787531793030273
CV-E-B8,2018-WIH1,Reproductive-stage-observed,401,1.8536599574726145,1.4615859072318838,-0.05634334820133691,-0.04986953260773965
CV-E-B8,2018-WIH2,At-flowering-observed,815,4.406592832124419,4.032695327365961,-4.804705966914136,0.05786026448664156
CV-E-B8,2018-WIH2,Full-season-nonleaky,815,2.8577483449825247,2.342909080269452,-1.441306695508855,0.027367343979714378
CV-E-B8,2018-WIH2,Pre-flowering-observed,815,3.8594357866768205,3.4194700219866294,-3.452685460370258,-0.028909388207296133
CV-E-B8,2018-WIH2,Pre-season-G-only,815,2.5323179338676907,1.97124082980316,-0.9169502404182575,-0.10586337674241261
CV-E-B8,2018-WIH2,Pre-season-location-history,815,2.327918395708723,1.813505611936929,-0.6199808578863453,0.09238156934711775
CV-E-B8,2018-WIH2,Reproductive-stage-observed,815,2.890760008948476,2.3791843773077765,-1.498034628700359,0.025231695525042883
CV-E-B8,2019-DEH1,At-flowering-observed,814,2.6469512981005097,2.210921541146316,-0.9998831354229363,0.055526650936824844
CV-E-B8,2019-DEH1,Full-season-nonleaky,814,3.4979817795985175,3.0482640285864604,-2.492591580233088,0.026804551280618417
CV-E-B8,2019-DEH1,Pre-flowering-observed,814,2.744382930148902,2.3046167251310328,-1.1498201813978195,0.03873649685183027
CV-E-B8,2019-DEH1,Pre-season-G-only,814,2.5389449595028135,2.102845777237189,-0.8400062109893724,-0.0022692026158020297
CV-E-B8,2019-DEH1,Pre-season-location-history,814,2.9931064096650255,2.545909463985957,-1.557154867040389,0.10180463283472588
CV-E-B8,2019-DEH1,Reproductive-stage-observed,814,3.121257329953701,2.6664075304614663,-1.7808135262807072,0.01663455993733307
CV-E-B8,2019-GAH2,At-flowering-observed,390,2.290465573375038,1.9425787571158355,-1.4735232866724792,-0.10494084031437007
CV-E-B8,2019-GAH2,Full-season-nonleaky,390,2.837742827642189,2.493676658191731,-2.796772152996542,-0.09502579865362352
CV-E-B8,2019-GAH2,Pre-flowering-observed,390,2.467305158532854,2.1158968991846945,-1.8702134797665368,-0.09052590383428179
CV-E-B8,2019-GAH2,Pre-season-G-only,390,3.3304633481653387,2.987497770290149,-4.229712126408012,-0.0643542569080278
CV-E-B8,2019-GAH2,Pre-season-location-history,390,3.674481801687421,3.3537812724653855,-5.3659125438311985,-0.1230886771572589
CV-E-B8,2019-GAH2,Reproductive-stage-observed,390,2.7975020677584714,2.4517281555031047,-2.6898549882232374,-0.0818982403844881
CV-E-B8,2019-IAH4,At-flowering-observed,1140,2.3663318286045745,2.0792683683701725,-2.2929157263985998,0.029179010291867754
CV-E-B8,2019-IAH4,Full-season-nonleaky,1140,1.7236779166431602,1.4194021186785994,-0.7471957346547677,0.0010309615449938905
CV-E-B8,2019-IAH4,Pre-flowering-observed,1140,2.371467054138234,2.0820889915921,-2.3072232828766626,0.020184658837432406
CV-E-B8,2019-IAH4,Pre-season-G-only,1140,2.6028778354119755,2.310443157619624,-2.9841611479883037,-0.004990949704730678
CV-E-B8,2019-IAH4,Pre-season-location-history,1140,1.7698420811942495,1.4761569567462176,-0.8420370436896738,0.0346305364754179
CV-E-B8,2019-IAH4,Reproductive-stage-observed,1140,1.6824433326315347,1.3857722448680116,-0.6646012501567617,0.02181021026440872
CV-E-B8,2019-ILH1,At-flowering-observed,448,4.24151430799048,3.9231028858246497,-5.310085495810437,0.21838082524949382
CV-E-B8,2019-ILH1,Full-season-nonleaky,448,3.1865669344807412,2.821747302755741,-2.5615534103831816,0.2327365982286581
CV-E-B8,2019-ILH1,Pre-flowering-observed,448,4.515003703901488,4.210273475270031,-6.150058460595274,0.21471330605314037
CV-E-B8,2019-ILH1,Pre-season-G-only,448,4.603584819002806,4.304208373714339,-6.433368609611642,0.21087309325373735
CV-E-B8,2019-ILH1,Pre-season-location-history,448,3.444321367968955,3.085818078924749,-3.1610286185958367,0.21802243825556866
CV-E-B8,2019-ILH1,Reproductive-stage-observed,448,3.305830289295388,2.945194300537684,-2.8331382204491025,0.227899780833682
CV-E-B8,2019-INH1,At-flowering-observed,440,4.36763286654354,4.086906348213183,-6.891098512801706,0.09654872586793663
CV-E-B8,2019-INH1,Full-season-nonleaky,440,3.85288066463213,3.5460766994367656,-5.140678073196719,0.13018619870402115
CV-E-B8,2019-INH1,Pre-flowering-observed,440,4.725786176195021,4.464689734494359,-8.238327404510281,0.09745881011323172
CV-E-B8,2019-INH1,Pre-season-G-only,440,5.29613518936302,5.059868862057488,-10.602814236004257,0.07604349237615762
CV-E-B8,2019-INH1,Pre-season-location-history,440,4.087225419144018,3.785851801221439,-5.910387412428013,0.08420882873145129
CV-E-B8,2019-INH1,Reproductive-stage-observed,440,4.165219000504646,3.8767098904729944,-6.1766356155182205,0.12485734372950281
CV-E-B8,2019-MIH1,At-flowering-observed,454,1.9450047743107364,1.5899825443818834,-0.21027470510826296,0.08744317213889627
CV-E-B8,2019-MIH1,Full-season-nonleaky,454,1.7777766043139056,1.41905048609146,-0.011106695475232353,0.07580752276015774
CV-E-B8,2019-MIH1,Pre-flowering-observed,454,1.8677778806652625,1.519825539262719,-0.11607420060302132,0.08410739531900892
CV-E-B8,2019-MIH1,Pre-season-G-only,454,1.8559729399495832,1.5077367353821716,-0.10201090726697348,0.0841281081199968
CV-E-B8,2019-MIH1,Pre-season-location-history,454,1.8634870141630466,1.5146508013575124,-0.11095215196374086,0.06726553672813347
CV-E-B8,2019-MIH1,Reproductive-stage-observed,454,1.8000535654693979,1.4552179255418562,-0.03660540975817783,0.08339659445656274
CV-E-B8,2019-MNH1,At-flowering-observed,1001,3.9436309949379083,3.5731577674535115,-3.6498753550724317,-0.062140779225845516
CV-E-B8,2019-MNH1,Full-season-nonleaky,1001,3.434720629703166,3.0484638493828125,-2.527212345398189,-0.057505575217632325
CV-E-B8,2019-MNH1,Pre-flowering-observed,1001,3.687844274874504,3.3288936110251828,-3.0662485059022027,0.03967843166173097
CV-E-B8,2019-MNH1,Pre-season-G-only,1001,2.180362588158187,1.7849102869633346,-0.421366946597189,0.1276711466552662
CV-E-B8,2019-MNH1,Pre-season-location-history,1001,2.104047268118057,1.7059188613908167,-0.323609126580628,-0.10472109216882193
CV-E-B8,2019-MNH1,Reproductive-stage-observed,1001,3.643965616416718,3.269833954325734,-2.970062186810893,-0.05276898987375514
CV-E-B8,2019-MOH1,At-flowering-observed,515,3.6374451324406953,3.22463702272597,-3.007385208139344,-0.08593834179281575
CV-E-B8,2019-MOH1,Full-season-nonleaky,515,3.373845007170458,2.9610258693243563,-2.447612474535408,-0.07795208596766294
CV-E-B8,2019-MOH1,Pre-flowering-observed,515,3.2027853385314913,2.79189977758803,-2.106875512431635,-0.086724653027946
CV-E-B8,2019-MOH1,Pre-season-G-only,515,2.9982563931233583,2.5888197064068077,-1.7227372021459235,-0.10845043867035536
CV-E-B8,2019-MOH1,Pre-season-location-history,515,4.197753872512344,3.7974666688430245,-4.337060556084492,-0.08951970057173944
CV-E-B8,2019-MOH1,Reproductive-stage-observed,515,2.631982115084298,2.2523064259488903,-1.0981380326760308,-0.09375750389318331
CV-E-B8,2019-NEH1,At-flowering-observed,308,4.274034822514969,3.807152879334136,-2.8424704604811852,0.12546469982983527
CV-E-B8,2019-NEH1,Full-season-nonleaky,308,2.681477642479266,2.2354267405800807,-0.5124561268746197,0.14192734636034485
CV-E-B8,2019-NEH1,Pre-flowering-observed,308,4.01139073163772,3.5467173740683573,-2.3847325542940827,0.12585508009756122
CV-E-B8,2019-NEH1,Pre-season-G-only,308,2.915514544003292,2.460578681843655,-0.7879890282474451,0.12093643572291544
CV-E-B8,2019-NEH1,Pre-season-location-history,308,3.8081510915192323,3.338600920538815,-2.050441966352576,0.11792942488995435
CV-E-B8,2019-NEH1,Reproductive-stage-observed,308,3.06012327722456,2.605864284655101,-0.9697552642820839,0.13385867727162531
CV-E-B8,2019-NEH2,At-flowering-observed,170,2.542052443786944,2.2072763081294866,-1.8909153627669695,0.2184827365850682
CV-E-B8,2019-NEH2,Full-season-nonleaky,170,1.6794098416757588,1.3432787387399074,-0.261768708465447,0.24346231041760405
CV-E-B8,2019-NEH2,Pre-flowering-observed,170,2.5270597828419676,2.1920897739210767,-1.8569155135560447,0.21871417754155584
CV-E-B8,2019-NEH2,Pre-season-G-only,170,2.7397510337999957,2.416483222798168,-2.358060868636609,0.24463089186434087
CV-E-B8,2019-NEH2,Pre-season-location-history,170,3.246297575242881,2.9437175674832883,-3.714580110880733,0.22381502781802212
CV-E-B8,2019-NEH2,Reproductive-stage-observed,170,2.1782669243912323,1.8495766328516177,-1.1226997026626973,0.23670609752817662
CV-E-B8,2019-NEH2L,At-flowering-observed,174,2.4496734316216835,1.9778852618883778,-0.2809970227222145,0.12501139940064462
CV-E-B8,2019-NEH2L,Full-season-nonleaky,174,2.394520346213981,1.8150044998508859,-0.2239644376592569,0.14076478056222783
CV-E-B8,2019-NEH2L,Pre-flowering-observed,174,2.163824389862117,1.7016448112082132,0.000516198946053037,0.1396498068376564
CV-E-B8,2019-NEH2L,Pre-season-G-only,174,2.1691727295563172,1.7254587426149315,-0.004430769268277679,0.1618615290141431
CV-E-B8,2019-NEH2L,Pre-season-location-history,174,2.916230234781032,2.4498783695819992,-0.8154126318463524,0.1631956151000415
CV-E-B8,2019-NEH2L,Reproductive-stage-observed,174,2.1507712277870836,1.6831862422116661,0.01253849905340021,0.13542613984348342
CV-E-B8,2019-NYH1,At-flowering-observed,201,1.537335908759443,1.1661102214190502,-0.17829653318488314,0.1840209528523999
CV-E-B8,2019-NYH1,Full-season-nonleaky,201,2.7547129164818767,2.4075783837634384,-2.7832910038703296,0.16637014628438748
CV-E-B8,2019-NYH1,Pre-flowering-observed,201,1.5549889846808576,1.1892835109284225,-0.20551242453727148,0.18970435920635914
CV-E-B8,2019-NYH1,Pre-season-G-only,201,1.421112814733255,1.1207927732900664,-0.0068717786896559385,0.18661331429702993
CV-E-B8,2019-NYH1,Pre-season-location-history,201,1.6853891774309728,1.3948035747320482,-0.41617674510278246,0.17233256374254063
CV-E-B8,2019-NYH1,Reproductive-stage-observed,201,2.427586610374785,2.059881515769093,-1.9380996661244994,0.1780599625725404
CV-E-B8,2019-NYH2,At-flowering-observed,402,4.258744579487805,3.9093215092237887,-4.5439208582930295,0.07486760577109614
CV-E-B8,2019-NYH2,Full-season-nonleaky,402,3.335195767049316,2.943066183332189,-2.4001376258983327,0.07278123384498847
CV-E-B8,2019-NYH2,Pre-flowering-observed,402,3.604903300301382,3.223680376335956,-2.9722911551604945,0.07366588902562729
CV-E-B8,2019-NYH2,Pre-season-G-only,402,3.7483562968873883,3.370647431463662,-3.294727030831302,0.07898310252753578
CV-E-B8,2019-NYH2,Pre-season-location-history,402,4.38554017735165,4.041805898998623,-4.878953463895896,0.05874475277453646
CV-E-B8,2019-NYH2,Reproductive-stage-observed,402,3.943022465715419,3.5799976247214964,-3.75239288844901,0.07429751787966367
CV-E-B8,2019-NYH3,At-flowering-observed,573,4.268274867724695,3.816946012524236,-3.218155885928118,0.08671020827824534
CV-E-B8,2019-NYH3,Full-season-nonleaky,573,2.8425407443963926,2.3720050561402553,-0.870816811397018,0.10721093302494296
CV-E-B8,2019-NYH3,Pre-flowering-observed,573,3.8700659316776562,3.4006055268939592,-2.4678044104869077,0.0893632760512155
CV-E-B8,2019-NYH3,Pre-season-G-only,573,3.928692105116796,3.4618376851287733,-2.5736651348975776,0.0824278695851932
CV-E-B8,2019-NYH3,Pre-season-location-history,573,3.289026135324851,2.8077692047104614,-1.5046815454056124,0.08480579515652573
CV-E-B8,2019-NYH3,Reproductive-stage-observed,573,2.9893073541616433,2.513110788506633,-1.0689929365968571,0.10605154165192257
CV-E-B8,2019-OHH1,At-flowering-observed,367,2.9024636564546116,2.5946583337029923,-1.9789852467903173,0.09009977101793064
CV-E-B8,2019-OHH1,Full-season-nonleaky,367,3.2604879450660533,2.9749372675312817,-2.7592392747066685,0.11733244484686745
CV-E-B8,2019-OHH1,Pre-flowering-observed,367,3.3750658835777267,3.0863418145977883,-3.028091077128792,0.07383546832536979
CV-E-B8,2019-OHH1,Pre-season-G-only,367,2.548214298930234,2.2215828313158874,-1.2961839046317674,0.08726106450127102
CV-E-B8,2019-OHH1,Pre-season-location-history,367,1.9393109306203062,1.5764289944742866,-0.32993269325026864,0.11233013525409657
CV-E-B8,2019-OHH1,Reproductive-stage-observed,367,3.229813158718412,2.9397438190358067,-2.6888378961013375,0.09439693752501985
CV-E-B8,2019-SCH1,At-flowering-observed,365,5.953512187612929,5.868376370390084,-36.00309972811477,0.11380071193474249
CV-E-B8,2019-SCH1,Full-season-nonleaky,365,4.857398773256714,4.755703960444114,-23.63196902368702,0.13779048539389624
CV-E-B8,2019-SCH1,Pre-flowering-observed,365,5.602611950942511,5.5116262923194315,-31.769717602546194,0.1183462110081354
CV-E-B8,2019-SCH1,Pre-season-G-only,365,5.717348150611626,5.626512893649914,-33.125646664646375,0.09147150497202042
CV-E-B8,2019-SCH1,Pre-season-location-history,365,4.802160444644635,4.697183655124106,-23.0749250878164,0.138227114758517
CV-E-B8,2019-SCH1,Reproductive-stage-observed,365,4.934274826514168,4.833559168592808,-24.417818954348824,0.1323815404894401
CV-E-B8,2019-TXH1,At-flowering-observed,571,1.7791672204200994,1.3347727858267977,-0.02519553802437069,0.03870014603241994
CV-E-B8,2019-TXH1,Full-season-nonleaky,571,1.9072759666670274,1.5339521054440153,-0.17814906522770801,0.022920360150595755
CV-E-B8,2019-TXH1,Pre-flowering-observed,571,1.8057842247425464,1.393205258751736,-0.05609960407987291,0.040839901466327454
CV-E-B8,2019-TXH1,Pre-season-G-only,571,1.9235212419705778,1.4043872034184073,-0.19830437179409688,0.01983251637163769
CV-E-B8,2019-TXH1,Pre-season-location-history,571,2.005420186039248,1.6475688276330407,-0.30251860255961116,0.017853919452690523
CV-E-B8,2019-TXH1,Reproductive-stage-observed,571,1.8158761380675068,1.4127950092211878,-0.0679369517218622,0.04444642506481629
CV-E-B8,2019-TXH2,At-flowering-observed,438,1.562811683148147,1.2643460509925761,-0.20232546527770912,-0.00014185459070013753
CV-E-B8,2019-TXH2,Full-season-nonleaky,438,1.5172122921341797,1.2263796302862358,-0.133186657416559,0.008382637550584791
CV-E-B8,2019-TXH2,Pre-flowering-observed,438,1.5671018341359175,1.2684576332780033,-0.2089356510014473,0.0010301112430921252
CV-E-B8,2019-TXH2,Pre-season-G-only,438,1.485014445304676,1.1963877212240295,-0.08560067217621525,-0.017108187443118837
CV-E-B8,2019-TXH2,Pre-season-location-history,438,1.5231327543569486,1.2253896752087872,-0.14204774921175267,0.011620433332886851
CV-E-B8,2019-TXH2,Reproductive-stage-observed,438,1.4786680604649902,1.1976652574469153,-0.07634161368730896,0.008937025249567741
CV-E-B8,2019-TXH3,At-flowering-observed,445,1.6994662766858246,1.3377403711886457,-0.23679224349332073,0.03770331740085314
CV-E-B8,2019-TXH3,Full-season-nonleaky,445,1.6064544820550695,1.2639274264169742,-0.10511761118699492,0.05576568143338463
CV-E-B8,2019-TXH3,Pre-flowering-observed,445,1.582895019705266,1.2335304531618516,-0.07294108617560124,0.03886630940768063
CV-E-B8,2019-TXH3,Pre-season-G-only,445,1.6537961080746675,1.289357072237435,-0.17121218450291487,0.0217464452852172
CV-E-B8,2019-TXH3,Pre-season-location-history,445,6.392411984454418,6.1985697893353136,-16.498513818986268,0.05324182209176659
CV-E-B8,2019-TXH3,Reproductive-stage-observed,445,1.6705372839965036,1.3168617886131875,-0.19504427738773633,0.052796515559552344
CV-E-B8,2019-WIH1,At-flowering-observed,580,2.3717367679003747,1.9534273508534739,-0.1552111605189339,0.049173416161914535
CV-E-B8,2019-WIH1,Full-season-nonleaky,580,3.031277920337786,2.6169374713544213,-0.8870348274824322,0.05177039119010809
CV-E-B8,2019-WIH1,Pre-flowering-observed,580,2.233125925772712,1.727938702178225,-0.024129392483097645,0.04234450536619624
CV-E-B8,2019-WIH1,Pre-season-G-only,580,3.2038229086565284,2.78682361150171,-1.1079747685106627,0.05436514676813471
CV-E-B8,2019-WIH1,Pre-season-location-history,580,2.481296410864598,2.0770453696620392,-0.26440352543230716,0.04764602536881219
CV-E-B8,2019-WIH1,Reproductive-stage-observed,580,2.9397998637380605,2.5270905868665103,-0.7748593151448997,0.048839565661390506
CV-E-B8,2019-WIH2,At-flowering-observed,1113,3.7624883361125714,3.377003287822456,-4.094525585467626,0.009533535532381168
CV-E-B8,2019-WIH2,Full-season-nonleaky,1113,2.95217166932025,2.5237750778467047,-2.136437512742449,0.01646398515818999
CV-E-B8,2019-WIH2,Pre-flowering-observed,1113,2.6259855236959297,2.1854803112451417,-1.4816359870654785,0.09544151601741956
CV-E-B8,2019-WIH2,Pre-season-G-only,1113,2.2610355375008973,1.824969042664028,-0.8397897707714459,0.1711961508476233
CV-E-B8,2019-WIH2,Pre-season-location-history,1113,2.1648955487866526,1.7423210804441576,-0.6866591167391658,-0.025867455533510924
CV-E-B8,2019-WIH2,Reproductive-stage-observed,1113,3.8686869661844803,3.498768068951764,-4.386176785601871,0.028362262160837086
CV-E-B8,2020-DEH1,At-flowering-observed,1143,2.9682623873793013,2.529623223883889,-1.3998590536719004,0.5032561629044013
CV-E-B8,2020-DEH1,Full-season-nonleaky,1143,1.9476158636655032,1.4954358182889598,-0.033208010552422396,0.49166958651671594
CV-E-B8,2020-DEH1,Pre-flowering-observed,1143,2.79964340200265,2.3457497155203857,-1.1349445182632611,0.5073067233066757
CV-E-B8,2020-DEH1,Pre-season-G-only,1143,2.32965045198752,1.8752369472575092,-0.47830036485099914,0.5146214878706098
CV-E-B8,2020-DEH1,Pre-season-location-history,1143,2.835566924305732,2.328156111063255,-1.1900849549060646,0.4290580996274303
CV-E-B8,2020-DEH1,Reproductive-stage-observed,1143,2.0841513541718095,1.6241458257900043,-0.18314961794636675,0.5094871018198683
CV-E-B8,2020-INH1,At-flowering-observed,415,2.055035225434506,1.626713708789535,-0.5717442045654137,0.07818255850111182
CV-E-B8,2020-INH1,Full-season-nonleaky,415,1.7536700118478985,1.3620371821950992,-0.14456135322902286,0.06779485269785662
CV-E-B8,2020-INH1,Pre-flowering-observed,415,2.8540936219172925,2.446101500962944,-2.0316548553234397,0.08252834692398389
CV-E-B8,2020-INH1,Pre-season-G-only,415,2.1421536805093258,1.6967601457198331,-0.70782975305934,0.04316857311935053
CV-E-B8,2020-INH1,Pre-season-location-history,415,1.874046617447508,1.4915643690434213,-0.30708582951378127,0.11148613187218699
CV-E-B8,2020-INH1,Reproductive-stage-observed,415,1.761402168446242,1.3666629621038793,-0.15467664036300932,0.07269376878765335
CV-E-B8,2020-MIH1,At-flowering-observed,415,3.373685191519447,3.1046411784916006,-6.151016900299801,0.040373190187984444
CV-E-B8,2020-MIH1,Full-season-nonleaky,415,3.2916339592752086,3.022435655014186,-5.807407725392759,0.045228149648284345
CV-E-B8,2020-MIH1,Pre-flowering-observed,415,3.5772937750851255,3.316445867186566,-7.040219557376465,0.030616440374121145
CV-E-B8,2020-MIH1,Pre-season-G-only,415,3.2916789058944467,3.017970300952997,-5.807593634309605,0.033227980861421605
CV-E-B8,2020-MIH1,Pre-season-location-history,415,2.88210333569184,2.6067732925014044,-4.218885765901873,0.12210331920581884
CV-E-B8,2020-MIH1,Reproductive-stage-observed,415,2.8327733351039024,2.5357685776987267,-4.0417620650046775,0.05053390535268659
CV-E-B8,2020-MNH1,At-flowering-observed,392,1.6240161652426606,1.2527496783932335,-0.22002337205083333,0.29022459781995813
CV-E-B8,2020-MNH1,Full-season-nonleaky,392,1.6045570199877273,1.2340843090431446,-0.1909616161792569,0.2780597794029825
CV-E-B8,2020-MNH1,Pre-flowering-observed,392,1.4450130935441075,1.1072380970395408,0.03410254991260642,0.2794508262328239
CV-E-B8,2020-MNH1,Pre-season-G-only,392,1.48718856376005,1.1375746742865354,-0.023103402831804454,0.2863483379483415
CV-E-B8,2020-MNH1,Pre-season-location-history,392,1.6516530632378585,1.349255577100375,-0.26190049060591214,0.27643432105793997
CV-E-B8,2020-MNH1,Reproductive-stage-observed,392,1.5316542118357082,1.171991426150363,-0.08519782305573531,0.28569210618328544
CV-E-B8,2020-NEH1,At-flowering-observed,246,1.8322400247660457,1.401162578226024,-0.00594993448407366,0.2098231767686352
CV-E-B8,2020-NEH1,Full-season-nonleaky,246,1.8047397982418167,1.4590680035843075,0.02402020731201615,0.17026817204746597
CV-E-B8,2020-NEH1,Pre-flowering-observed,246,1.828117303671885,1.5073763195618934,-0.0014280540576099288,0.20569390497643888
CV-E-B8,2020-NEH1,Pre-season-G-only,246,1.8361576662274957,1.3983271919184945,-0.010256318288382582,0.23013374196199687
CV-E-B8,2020-NEH1,Pre-season-location-history,246,2.310568822592468,1.7781816777603856,-0.5997401790229937,0.22587821435401229
CV-E-B8,2020-NEH1,Reproductive-stage-observed,246,1.8058757986651996,1.4605839918728551,0.022791152131023007,0.16763180267994138
CV-E-B8,2020-NEH2,At-flowering-observed,245,1.500223990330633,1.244127834836328,-0.6371455211883306,-0.05999776469007847
CV-E-B8,2020-NEH2,Full-season-nonleaky,245,2.4926368269924044,2.278349248615954,-3.519528053497914,0.04166872724171422
CV-E-B8,2020-NEH2,Pre-flowering-observed,245,1.5423973619165938,1.2915682073832684,-0.730484125658909,-0.04390693597324147
CV-E-B8,2020-NEH2,Pre-season-G-only,245,1.7391416470084653,1.500088627358739,-1.2001129768874472,-0.0209805611576621
CV-E-B8,2020-NEH2,Pre-season-location-history,245,1.7825600738840908,1.546102920759971,-1.3113378005631793,0.003371332761092832
CV-E-B8,2020-NEH2,Reproductive-stage-observed,245,2.289156207254926,2.0702017095177023,-2.81176335240622,0.022796728815435284
CV-E-B8,2020-NYH1,At-flowering-observed,22,1.9577283246384953,1.7260765673126968,-0.19792347825425716,0.10304650447547406
CV-E-B8,2020-NYH1,Full-season-nonleaky,22,1.9016805551468414,1.4313992198820038,-0.13031465861445524,0.21248050869013346
CV-E-B8,2020-NYH1,Pre-flowering-observed,22,1.911400116479075,1.6644016689917185,-0.14189834754263408,0.10476241741812338
CV-E-B8,2020-NYH1,Pre-season-G-only,22,2.500843146837595,1.9467237339499348,-0.9547766170582739,0.013432537459709768
CV-E-B8,2020-NYH1,Pre-season-location-history,22,2.1946246124634405,1.6920048244699901,-0.5053750684662888,0.11050152106434213
CV-E-B8,2020-NYH1,Reproductive-stage-observed,22,1.8402751950257894,1.4425898608076446,-0.05849734459140454,0.1330570622753228
CV-E-B8,2020-NYH2,At-flowering-observed,386,2.143391413239866,1.6507548082596009,-0.009299455649644628,0.11243031913469573
CV-E-B8,2020-NYH2,Full-season-nonleaky,386,2.224205693988628,1.70985973588506,-0.08684337493587502,0.1116010571924578
CV-E-B8,2020-NYH2,Pre-flowering-observed,386,2.2115008477364597,1.6987843553147168,-0.07446255845780358,0.11096206868562837
CV-E-B8,2020-NYH2,Pre-season-G-only,386,2.1539764378564064,1.7091405484124962,-0.01929281418054951,0.13925038728338987
CV-E-B8,2020-NYH2,Pre-season-location-history,386,2.1560935603708744,1.7007031513674435,-0.021297504900993802,0.13010654664265422
CV-E-B8,2020-NYH2,Reproductive-stage-observed,386,2.1387275262852987,1.6481535718199307,-0.004911888186347468,0.09877766308469496
CV-E-B8,2020-NYH3,At-flowering-observed,379,2.4518358609404096,1.9576493006676368,-0.21254647415444938,0.005479464390491799
CV-E-B8,2020-NYH3,Full-season-nonleaky,379,2.3543151228879484,1.842522422810946,-0.1180076934368357,0.013430305209941509
CV-E-B8,2020-NYH3,Pre-flowering-observed,379,2.476348454216122,1.987273266374572,-0.23691289881770383,0.006586567186082992
CV-E-B8,2020-NYH3,Pre-season-G-only,379,2.3471793722299483,1.8272506791626522,-0.11124077088974538,0.013213989095756707
CV-E-B8,2020-NYH3,Pre-season-location-history,379,2.333729108041979,1.8139224759648325,-0.09854156476947451,-0.004694790694931051
CV-E-B8,2020-NYH3,Reproductive-stage-observed,379,2.3307306232119513,1.8137612682679172,-0.0957204626215602,0.013884633469680888
CV-E-B8,2020-OHH1,At-flowering-observed,396,3.6686278603838653,3.447852251791423,-7.390158586844915,0.1330048340858186
CV-E-B8,2020-OHH1,Full-season-nonleaky,396,2.778812519550435,2.5025000771343078,-3.8137257491213346,0.11637165760233628
CV-E-B8,2020-OHH1,Pre-flowering-observed,396,4.565531359687308,4.386709838978645,-11.99407922736507,0.12442491875316514
CV-E-B8,2020-OHH1,Pre-season-G-only,396,2.711336048094984,2.4151195037526443,-3.5827856696542737,0.09823725599701598
CV-E-B8,2020-OHH1,Pre-season-location-history,396,2.4963895464281216,2.206273461919725,-2.884969026133239,0.10086904263443587
CV-E-B8,2020-OHH1,Reproductive-stage-observed,396,3.0221134794801343,2.7651056535444667,-4.693566347570532,0.13028940086357685
CV-E-B8,2020-SCH1,At-flowering-observed,398,4.660015309701397,4.473404386597602,-12.667787727510733,-0.024214988904953553
CV-E-B8,2020-SCH1,Full-season-nonleaky,398,3.783666061216263,3.5611975640593907,-8.01050510681887,0.0049660291334389225
CV-E-B8,2020-SCH1,Pre-flowering-observed,398,4.140436507344147,3.932152097976612,-9.789859676574943,-0.017529655526997003
CV-E-B8,2020-SCH1,Pre-season-G-only,398,4.781489872792764,4.600433932539746,-13.389642978137939,-0.009163273189233411
CV-E-B8,2020-SCH1,Pre-season-location-history,398,1.3237932899019909,1.0347080574565255,-0.10297047974704077,0.011737620651016023
CV-E-B8,2020-SCH1,Reproductive-stage-observed,398,3.7018562032136813,3.473183651710821,-7.625069987319058,-0.01829531243063018
CV-E-B8,2020-TXH1,At-flowering-observed,246,1.6209269632793533,1.2544656681635533,0.04485666050328363,0.2135309460075881
CV-E-B8,2020-TXH1,Full-season-nonleaky,246,1.8371941132531902,1.4201910471595078,-0.22702030266005013,0.10312171018223945
CV-E-B8,2020-TXH1,Pre-flowering-observed,246,1.6632095636101358,1.296907993765472,-0.0056239443120558175,0.19326637854118695
CV-E-B8,2020-TXH1,Pre-season-G-only,246,1.6613183132510734,1.274691620829696,-0.003338236772541414,0.1304254745893079
CV-E-B8,2020-TXH1,Pre-season-location-history,246,1.7814372497323516,1.4041988987933882,-0.15367296799523777,0.08327257570598898
CV-E-B8,2020-TXH1,Reproductive-stage-observed,246,1.6784955366002596,1.2913263428581956,-0.024193557946661004,0.1886749961922286
CV-E-B8,2020-TXH2,At-flowering-observed,245,3.1422669724822656,2.8246097928598357,-3.048650931047961,0.07788583616642525
CV-E-B8,2020-TXH2,Full-season-nonleaky,245,3.0546987842907853,2.730113077454332,-2.8261408800774843,0.01576201573745451
CV-E-B8,2020-TXH2,Pre-flowering-observed,245,3.5174262465017176,3.2181087537416606,-4.073108754195257,0.0973899772642039
CV-E-B8,2020-TXH2,Pre-season-G-only,245,2.6383802030924532,2.2855210307653806,-1.8542954944585692,0.07240170978053197
CV-E-B8,2020-TXH2,Pre-season-location-history,245,2.6423378105951127,2.3024677784789227,-1.862864883711874,0.04830766055684944
CV-E-B8,2020-TXH2,Reproductive-stage-observed,245,2.881301100790442,2.5524339892694994,-2.404093364738297,0.08652585805886047
CV-E-B8,2020-TXH3,At-flowering-observed,246,1.8578124060211267,1.521584124009224,-1.0958737296437753,-0.07639063679988625
CV-E-B8,2020-TXH3,Full-season-nonleaky,246,1.9533940136083934,1.6279458646605294,-1.3170803898294947,-0.036778002510369695
CV-E-B8,2020-TXH3,Pre-flowering-observed,246,2.2200267402799034,1.8964944221717464,-1.9928007768252654,-0.04034429727951612
CV-E-B8,2020-TXH3,Pre-season-G-only,246,1.7898602189426183,1.45549489034345,-0.9453584152867467,-0.06108383097639171
CV-E-B8,2020-TXH3,Pre-season-location-history,246,7.086410592662315,6.959647700695686,-29.493973672943973,-0.057108165072400664
CV-E-B8,2020-TXH3,Reproductive-stage-observed,246,1.8982355088834684,1.5657814778965713,-1.1880718712608287,-0.0737289910249106
CV-E-B8,2020-WIH1,At-flowering-observed,394,2.28985344953582,1.8599258778504049,-0.20316544015706883,0.14571592824064664
CV-E-B8,2020-WIH1,Full-season-nonleaky,394,2.204242444845355,1.7757782179598713,-0.11488146076026307,0.13928902325565626
CV-E-B8,2020-WIH1,Pre-flowering-observed,394,2.1511664123977234,1.728757079227047,-0.06183732806937603,0.12950616922480565
CV-E-B8,2020-WIH1,Pre-season-G-only,394,2.189370679398379,1.7584832510083488,-0.09988826152884211,0.17617731016922994
CV-E-B8,2020-WIH1,Pre-season-location-history,394,2.1146049210829934,1.646192411525135,-0.02604982113024512,0.14187276829712792
CV-E-B8,2020-WIH1,Reproductive-stage-observed,394,2.472878905383377,2.0324063870850044,-0.4031873850551424,0.12281625057723432
CV-E-B8,2020-WIH2,At-flowering-observed,1147,2.91944469967175,2.4134844245392726,-0.19591524540022442,0.033991950611065996
CV-E-B8,2020-WIH2,Full-season-nonleaky,1147,2.7668947813072164,2.2851449069030196,-0.07420008958720348,0.026308518590930502
CV-E-B8,2020-WIH2,Pre-flowering-observed,1147,2.8952085592342924,2.391922036803895,-0.17614158013370362,0.032129685403340394
CV-E-B8,2020-WIH2,Pre-season-G-only,1147,3.2062284097716107,2.6717126016619606,-0.44241028954141837,0.029982084540569637
CV-E-B8,2020-WIH2,Pre-season-location-history,1147,2.894627027935344,2.423363388550836,-0.1756691482266639,0.03737400545583724
CV-E-B8,2020-WIH2,Reproductive-stage-observed,1147,2.757775286224681,2.2953755749172617,-0.06713077942652568,0.03594909299316294
CV-E-B8,2021-DEH1,At-flowering-observed,1138,2.5491968028658705,2.1747716032975157,-0.7107009028446716,0.35794366811133954
CV-E-B8,2021-DEH1,Full-season-nonleaky,1138,2.7628319718300607,2.390040035657326,-1.0094458177884809,0.32696802586302115
CV-E-B8,2021-DEH1,Pre-flowering-observed,1138,2.5252565369408706,2.1508550352469475,-0.678720377916155,0.3523043774540458
CV-E-B8,2021-DEH1,Pre-season-G-only,1138,2.2077580677976827,1.812815868954181,-0.28312898438178546,0.3443937632324543
CV-E-B8,2021-DEH1,Pre-season-location-history,1138,2.5598347390445837,2.1939408616214453,-0.7250083884860012,0.34869113682110925
CV-E-B8,2021-DEH1,Reproductive-stage-observed,1138,2.4208201973109187,2.0608923798625685,-0.5427388721219188,0.35113399572005644
CV-E-B8,2021-GAH2,At-flowering-observed,321,4.252450083864774,3.689620477409825,-2.6941991960819602,0.1423215010505929
CV-E-B8,2021-GAH2,Full-season-nonleaky,321,4.598023744105961,4.065932725667946,-3.3190106979033995,0.11216998546645086
CV-E-B8,2021-GAH2,Pre-flowering-observed,321,3.959948561662575,3.3611390180424685,-2.203472128242874,0.13586996841200644
CV-E-B8,2021-GAH2,Pre-season-G-only,321,3.2207871670037593,2.564161221660713,-1.1191705734915418,0.09446847639270577
CV-E-B8,2021-GAH2,Pre-season-location-history,321,3.5362239657236074,2.8882933584812642,-1.5545910527933513,0.09583253869267627
CV-E-B8,2021-GAH2,Reproductive-stage-observed,321,4.323974912821208,3.7682563036989216,-2.8195147512270857,0.14166964018144593
CV-E-B8,2021-IAH4,At-flowering-observed,1124,1.4630147025316986,1.158263600143157,0.15432316365149157,0.481184566384297
CV-E-B8,2021-IAH4,Full-season-nonleaky,1124,1.5764682788661437,1.2577884138313347,0.018076787300317698,0.4611333417395108
CV-E-B8,2021-IAH4,Pre-flowering-observed,1124,1.3987517744488447,1.106169864723321,0.22698422811979646,0.4820268624105795
CV-E-B8,2021-IAH4,Pre-season-G-only,1124,1.4328033306537822,1.130360289284541,0.18888913526810647,0.4763689818325293
CV-E-B8,2021-IAH4,Pre-season-location-history,1124,2.4674795788289074,2.114523214755116,-1.4055488915543495,0.45176426572900913
CV-E-B8,2021-IAH4,Reproductive-stage-observed,1124,1.426502286245409,1.1303022045917508,0.19600749893688063,0.4760608156109097
CV-E-B8,2021-ILH1,At-flowering-observed,402,1.738867362731868,1.3190474037463034,-0.18794394886899468,-0.07100387542307587
CV-E-B8,2021-ILH1,Full-season-nonleaky,402,1.7776323256974729,1.382429897156723,-0.24150054833298906,-0.07848610136843213
CV-E-B8,2021-ILH1,Pre-flowering-observed,402,1.7160162867554387,1.3033565296731877,-0.1569267112025461,-0.056211277566384416
CV-E-B8,2021-ILH1,Pre-season-G-only,402,1.9126595473212882,1.4868567954901901,-0.43727007269030893,-0.08663417293076063
CV-E-B8,2021-ILH1,Pre-season-location-history,402,1.6286295268429976,1.2777506857788288,-0.04209580062605722,0.012493905779280497
CV-E-B8,2021-ILH1,Reproductive-stage-observed,402,1.7043465948957326,1.3107186930028405,-0.14124495814560412,-0.07503601881716462
CV-E-B8,2021-INH1,At-flowering-observed,411,1.3823176013026457,1.0564161254242364,0.004811751186132751,0.14955180017064792
CV-E-B8,2021-INH1,Full-season-nonleaky,411,1.5849911132889463,1.2533619850621778,-0.30840810686447795,0.12997388465816404
CV-E-B8,2021-INH1,Pre-flowering-observed,411,1.4414446299639991,1.103207304461868,-0.08214508759114558,0.11685916075517776
CV-E-B8,2021-INH1,Pre-season-G-only,411,1.464938823130551,1.1060675206306154,-0.1177084659830352,0.0646333280263553
CV-E-B8,2021-INH1,Pre-season-location-history,411,1.504988164318955,1.1645039317310046,-0.17965695419248195,0.12537587310046874
CV-E-B8,2021-INH1,Reproductive-stage-observed,411,1.4023911129800897,1.075063756728975,-0.024301633041365456,0.1453658549587738
CV-E-B8,2021-MIH1,At-flowering-observed,417,2.4157800298834142,2.1208392841701,-1.7145390803910976,0.28235238400377444
CV-E-B8,2021-MIH1,Full-season-nonleaky,417,1.7117239811528384,1.4059350705646716,-0.36285231138403073,0.2700501350424087
CV-E-B8,2021-MIH1,Pre-flowering-observed,417,2.2418937772367697,1.9432732147426395,-1.3378217123940495,0.2800159322282169
CV-E-B8,2021-MIH1,Pre-season-G-only,417,2.053303202482295,1.7378532717570183,-0.9610447032064058,0.2531597478655682
CV-E-B8,2021-MIH1,Pre-season-location-history,417,2.0072882562875503,1.7047160805222032,-0.8741347451995456,0.2636408793918481
CV-E-B8,2021-MIH1,Reproductive-stage-observed,417,1.7103048182066556,1.4039043343138284,-0.3605934101206114,0.280256656481363
CV-E-B8,2021-MNH1,At-flowering-observed,415,1.5494216257603166,1.2069478781300593,-0.29277244144177095,0.05182982771375071
CV-E-B8,2021-MNH1,Full-season-nonleaky,415,1.4287504391496024,1.110783128386863,-0.09924781937784588,0.06298282132185347
CV-E-B8,2021-MNH1,Pre-flowering-observed,415,1.4625081235061765,1.131866038465385,-0.15180625607507525,0.06369678908224434
CV-E-B8,2021-MNH1,Pre-season-G-only,415,1.546509345943129,1.1988960649576137,-0.2879172402808079,0.04751099392864876
CV-E-B8,2021-MNH1,Pre-season-location-history,415,1.6495352606432032,1.3164342658452706,-0.46523089037065124,0.07988310001009222
CV-E-B8,2021-MNH1,Reproductive-stage-observed,415,1.454413765932719,1.1284212911038098,-0.1390920266395066,0.06262336175403366
CV-E-B8,2021-NEH1,At-flowering-observed,247,3.66591620566694,2.7887298242209737,-0.43637780746148347,-0.12051224329987059
CV-E-B8,2021-NEH1,Full-season-nonleaky,247,3.2992248229131196,2.6065907941401307,-0.16339566530376226,0.021026544834827073
CV-E-B8,2021-NEH1,Pre-flowering-observed,247,3.468832885518074,2.6879357647348256,-0.2860870775271793,-0.1018259311175275
CV-E-B8,2021-NEH1,Pre-season-G-only,247,3.1114540030262847,2.6197059942564187,-0.03473797786908439,-0.01741157958752279
CV-E-B8,2021-NEH1,Pre-season-location-history,247,3.1606922552542454,2.679400936981151,-0.06774622214732884,0.09331412752505382
CV-E-B8,2021-NEH1,Reproductive-stage-observed,247,3.804185288681715,2.876197624814028,-0.5467742818727397,-0.12194573285816306
CV-E-B8,2021-NEH2,At-flowering-observed,247,1.846371962402254,1.4056492050694005,-0.09633616531823552,-0.08806701230611752
CV-E-B8,2021-NEH2,Full-season-nonleaky,247,2.0817793399791937,1.662690060690796,-0.3937174436419759,-0.07055976886777063
CV-E-B8,2021-NEH2,Pre-flowering-observed,247,1.8409822214443252,1.4102074278552823,-0.08994488162743419,-0.08837791317010933
CV-E-B8,2021-NEH2,Pre-season-G-only,247,2.5299154240714716,2.1161391349864456,-1.0583411330600407,-0.018999116270419527
CV-E-B8,2021-NEH2,Pre-season-location-history,247,3.824969461027335,3.4814203320767487,-3.7050180231274696,0.009752534142652397
CV-E-B8,2021-NEH2,Reproductive-stage-observed,247,2.5921429813603774,2.185802045426324,-1.160843200927261,-0.10562992382865259
CV-E-B8,2021-NYH1,At-flowering-observed,22,3.534336985785878,3.1783164277770997,-3.3180480588799393,0.05293755943242144
CV-E-B8,2021-NYH1,Full-season-nonleaky,22,2.7692737206228553,2.4171161314325507,-1.65096094423036,0.059013411915853506
CV-E-B8,2021-NYH1,Pre-flowering-observed,22,3.313623257998025,2.9681412169977364,-2.795577122423658,0.05920600754449634
CV-E-B8,2021-NYH1,Pre-season-G-only,22,2.6685626225458057,2.2844677604381216,-1.4616503037584767,-0.04416123980193763
CV-E-B8,2021-NYH1,Pre-season-location-history,22,3.153259691045079,2.824688962789085,-2.4370910656519427,0.1287064642183775
CV-E-B8,2021-NYH1,Reproductive-stage-observed,22,2.4759667360863196,2.1412238407187725,-1.1191474316655894,0.012267809407186919
CV-E-B8,2021-NYH2,At-flowering-observed,396,2.616390378100245,2.219449018934277,-1.3957088108954139,0.10577128790949253
CV-E-B8,2021-NYH2,Full-season-nonleaky,396,2.112719576050356,1.71955319575744,-0.5621137541715822,0.12493459272824217
CV-E-B8,2021-NYH2,Pre-flowering-observed,396,2.502379427339946,2.102899429131078,-1.1914686658137774,0.11362114971608213
CV-E-B8,2021-NYH2,Pre-season-G-only,396,1.7923454331445663,1.405832687104782,-0.12427452661335137,0.11073325428664804
CV-E-B8,2021-NYH2,Pre-season-location-history,396,1.826579902019402,1.4466788635028878,-0.16763281811733544,0.12376767098425187
CV-E-B8,2021-NYH2,Reproductive-stage-observed,396,2.0101416727858217,1.6236621466719197,-0.4141070184532065,0.13077216382198753
CV-E-B8,2021-NYH3,At-flowering-observed,357,3.5770185714432876,3.2542855619759745,-4.132435936861968,0.07998578006447835
CV-E-B8,2021-NYH3,Full-season-nonleaky,357,2.848933565461644,2.4806721841646313,-2.255710583420092,0.06080235073971813
CV-E-B8,2021-NYH3,Pre-flowering-observed,357,2.9926266360460914,2.6384895623944677,-2.5924126867724793,0.08877609224537664
CV-E-B8,2021-NYH3,Pre-season-G-only,357,1.7232605394731506,1.3355629568418415,-0.19119547210129806,-0.039482132325217224
CV-E-B8,2021-NYH3,Pre-season-location-history,357,2.292660170667627,1.909553242546781,-1.108436470475366,0.06629779408025493
CV-E-B8,2021-NYH3,Reproductive-stage-observed,357,2.572966827714873,2.2112373962285856,-1.65551966214445,0.10037009318440743
CV-E-B8,2021-SCH1,At-flowering-observed,397,1.855462533487402,1.4479852188562505,-0.2762811955969475,0.09137973161022198
CV-E-B8,2021-SCH1,Full-season-nonleaky,397,1.7337644105252596,1.3309590937414058,-0.11435139125602833,0.05705841024375223
CV-E-B8,2021-SCH1,Pre-flowering-observed,397,1.9521407321113244,1.5408430593194995,-0.41274649498518445,0.08464942660013859
CV-E-B8,2021-SCH1,Pre-season-G-only,397,2.549108695312906,2.14372718478535,-1.4088996070746167,0.05896493344169126
CV-E-B8,2021-SCH1,Pre-season-location-history,397,3.0849213369307122,2.731622875106404,-2.528013031780977,0.060793733023098956
CV-E-B8,2021-SCH1,Reproductive-stage-observed,397,2.300884027907648,1.8914705837747339,-0.9625984462517359,0.082356843829692
CV-E-B8,2021-SCH1L,At-flowering-observed,43,4.836643591732224,4.758037100498784,-35.97405528289998,0.22971111711743294
CV-E-B8,2021-SCH1L,Full-season-nonleaky,43,4.290146409466902,4.188157025265857,-28.090631018893372,0.0671133566414683
CV-E-B8,2021-SCH1L,Pre-flowering-observed,43,4.509789396984974,4.421662584787909,-31.145592656525245,0.19732838669314412
CV-E-B8,2021-SCH1L,Pre-season-G-only,43,6.812006020473011,6.716204775428383,-72.34304909410679,-0.008424139839206668
CV-E-B8,2021-SCH1L,Pre-season-location-history,43,5.804513122554997,5.722559096309359,-52.252562337449625,0.048418780086208944
CV-E-B8,2021-SCH1L,Reproductive-stage-observed,43,3.6787322667221654,3.592203871256415,-20.3897287858256,0.31915477918199014
CV-E-B8,2021-TXH1,At-flowering-observed,266,2.1170137848894863,1.7518825824333326,-0.7146879359131877,0.037240616151140236
CV-E-B8,2021-TXH1,Full-season-nonleaky,266,1.695032833882703,1.3703636369235772,-0.09924361276588778,0.01596659926985717
CV-E-B8,2021-TXH1,Pre-flowering-observed,266,2.3190151573708015,1.9315486531465995,-1.0575239298068952,0.04651821254772897
CV-E-B8,2021-TXH1,Pre-season-G-only,266,1.6805578895880147,1.3501075237413143,-0.08054951945109012,0.02767094044610953
CV-E-B8,2021-TXH1,Pre-season-location-history,266,1.9293926353159196,1.557145296684223,-0.4242261427803744,0.02989499141385867
CV-E-B8,2021-TXH1,Reproductive-stage-observed,266,1.64537804276341,1.3201622921672087,-0.035783802566617506,0.03809637698797662
CV-E-B8,2021-TXH2,At-flowering-observed,247,1.7338766086235637,1.3176448548990223,-0.05130958093319493,0.21717789775815358
CV-E-B8,2021-TXH2,Full-season-nonleaky,247,1.9372330270478886,1.491272671627202,-0.3123750825661258,0.10675733739738379
CV-E-B8,2021-TXH2,Pre-flowering-observed,247,1.6673750380411727,1.3086524570364886,0.02778831194103948,0.21311525941482484
CV-E-B8,2021-TXH2,Pre-season-G-only,247,1.7190436236201363,1.3377834359264789,-0.033399013291324,0.11176053677448577
CV-E-B8,2021-TXH2,Pre-season-location-history,247,1.7852378274013136,1.3993248219065058,-0.11451625777015928,0.07357580624205147
CV-E-B8,2021-TXH2,Reproductive-stage-observed,247,1.9721940051555589,1.6044854414485792,-0.3601710143968764,0.21451881270436685
CV-E-B8,2021-TXH3,At-flowering-observed,246,5.066912601712354,4.9532112958997025,-22.94640567801844,0.08802603711215191
CV-E-B8,2021-TXH3,Full-season-nonleaky,246,5.56649388351937,5.462516699384264,-27.90127360870707,0.03213533920709205
CV-E-B8,2021-TXH3,Pre-flowering-observed,246,5.1207039243582715,5.007270584265757,-23.45754385698068,0.0739025164755469
CV-E-B8,2021-TXH3,Pre-season-G-only,246,5.947169992507631,5.8480052560367985,-31.98938459178401,0.04034244919716873
CV-E-B8,2021-TXH3,Pre-season-location-history,246,5.265231709272048,5.154825666090703,-24.857616218517315,0.023925835498240563
CV-E-B8,2021-TXH3,Reproductive-stage-observed,246,5.492729352457579,5.391326586409678,-27.140376875502863,0.09376814027892419
CV-E-B8,2021-WIH1,At-flowering-observed,397,2.6391114852661266,2.230059119101206,-0.5426301475995625,0.12169476454857216
CV-E-B8,2021-WIH1,Full-season-nonleaky,397,2.4838187963271374,2.0713133342245187,-0.3664261340022512,0.09059926282607161
CV-E-B8,2021-WIH1,Pre-flowering-observed,397,2.7738078680390976,2.3621599485669806,-0.7041157584839339,0.11127581363528848
CV-E-B8,2021-WIH1,Pre-season-G-only,397,2.925443357432568,2.511490267933743,-0.8955259243622498,0.10162988809004157
CV-E-B8,2021-WIH1,Pre-season-location-history,397,2.121508660438577,1.6534624655814605,0.003135893133304757,0.09863447004272237
CV-E-B8,2021-WIH1,Reproductive-stage-observed,397,2.265746169319731,1.8507881477670667,-0.13702195301331077,0.08824278152597946
CV-E-B8,2021-WIH2,At-flowering-observed,1137,4.092281318116117,3.7389158922109202,-3.8059090763923225,0.25525930566245814
CV-E-B8,2021-WIH2,Full-season-nonleaky,1137,1.9929996313193068,1.5964076777283405,-0.1398797139530099,0.24712296459873453
CV-E-B8,2021-WIH2,Pre-flowering-observed,1137,3.353638814527032,2.981165327093097,-2.2275810945072605,0.25147006759331936
CV-E-B8,2021-WIH2,Pre-season-G-only,1137,2.7841014343062045,2.3279629323617304,-1.2244092691739388,0.2489961817537909
CV-E-B8,2021-WIH2,Pre-season-location-history,1137,3.1724849557425365,2.817339675525095,-1.888309512777051,0.2381925367520462
CV-E-B8,2021-WIH2,Reproductive-stage-observed,1137,2.3149795533021953,1.9115443728699637,-0.5379382807733644,0.25117741446061886
CV-GE-B8,2014-IAH1,At-flowering-observed,754,1.5807772356993701,1.2364240606290802,-0.008115407984407907,0.2005338637847051
CV-GE-B8,2014-IAH1,Full-season-nonleaky,754,1.8267120890487085,1.4830395004086925,-0.3461985302485633,0.12163439820583583
CV-GE-B8,2014-IAH1,Pre-flowering-observed,754,1.7787871664693609,1.4349582470245237,-0.2764884253221882,0.1356161934581817
CV-GE-B8,2014-IAH1,Pre-season-G-only,754,2.031323939344457,1.6776486998493594,-0.6646666530313903,0.0093787073312633
CV-GE-B8,2014-IAH1,Pre-season-location-history,754,3.638621911586693,3.330569471676161,-4.341248295233411,0.08830540844521731
CV-GE-B8,2014-IAH1,Reproductive-stage-observed,754,1.674730405292512,1.342632239371437,-0.13151083387185314,0.1487937973249249
CV-GE-B8,2014-ILH1,At-flowering-observed,238,3.4230909791007518,3.0600359860674144,-2.522849191667383,0.18775145299419352
CV-GE-B8,2014-ILH1,Full-season-nonleaky,238,2.1632194164520056,1.8055145683042408,-0.40688407199789056,0.19605838758156466
CV-GE-B8,2014-ILH1,Pre-flowering-observed,238,3.0290917726951623,2.6661537718431925,-1.7585574359163703,0.22534784640606942
CV-GE-B8,2014-ILH1,Pre-season-G-only,238,2.7912016705316143,2.435454438689734,-1.3422842642460302,0.19644541357676032
CV-GE-B8,2014-ILH1,Pre-season-location-history,238,1.9240022499181344,1.5542008997686532,-0.11293120394713907,0.15607114508509184
CV-GE-B8,2014-ILH1,Reproductive-stage-observed,238,2.618300682392392,2.263611993845127,-1.0610864391309214,0.2178473868067789
CV-GE-B8,2014-INH1,At-flowering-observed,240,1.9643284613336847,1.6887650434072765,-1.1984410744801886,0.2998199960494849
CV-GE-B8,2014-INH1,Full-season-nonleaky,240,1.881082355772925,1.606242214260724,-1.0160543263444182,0.2657018420131865
CV-GE-B8,2014-INH1,Pre-flowering-observed,240,2.6469894588883323,2.4020579416392964,-2.9920046156418825,0.2885911169711575
CV-GE-B8,2014-INH1,Pre-season-G-only,240,1.8794095144619007,1.5890162401475716,-1.012470177721398,0.16608965943748263
CV-GE-B8,2014-INH1,Pre-season-location-history,240,2.408827507502191,2.1003152178451567,-2.3059632004121737,0.33653939065564276
CV-GE-B8,2014-INH1,Reproductive-stage-observed,240,1.5506853255271875,1.2627225031240523,-0.37004226564505416,0.2848758003862429
CV-GE-B8,2014-MNH1,At-flowering-observed,236,2.371132934551092,1.981881038596247,-1.044251448673844,0.027597227249927837
CV-GE-B8,2014-MNH1,Full-season-nonleaky,236,3.2755203095254184,2.8725033908071738,-2.901064236889263,0.0741254470447438
CV-GE-B8,2014-MNH1,Pre-flowering-observed,236,2.942340344955795,2.506604123230829,-2.1478086331052006,-0.04741414115684558
CV-GE-B8,2014-MNH1,Pre-season-G-only,236,2.678494332857579,2.2666100816031256,-1.6085788706668596,0.15641257210371437
CV-GE-B8,2014-MNH1,Pre-season-location-history,236,2.4317401102896565,2.051761797127309,-1.1500909200679228,0.26057225686667956
CV-GE-B8,2014-MNH1,Reproductive-stage-observed,236,2.570713419192568,2.1412360890339404,-1.4028675791265903,-0.0951386240768463
CV-GE-B8,2014-MOH2,At-flowering-observed,247,2.241988765338244,1.8661878014611655,-0.42286308163025277,-0.031720645323266385
CV-GE-B8,2014-MOH2,Full-season-nonleaky,247,1.9331916978185224,1.4951762947034166,-0.05790358733076961,0.00555789859709732
CV-GE-B8,2014-MOH2,Pre-flowering-observed,247,2.233926041609222,1.8575189547152346,-0.4126475767019133,-0.0068470553822613574
CV-GE-B8,2014-MOH2,Pre-season-G-only,247,2.0808462648293857,1.7006483397435963,-0.22567756725869836,-0.08802547366264157
CV-GE-B8,2014-MOH2,Pre-season-location-history,247,2.0733228751758226,1.5698675765420071,-0.2168306090092995,-0.07552299310190264
CV-GE-B8,2014-MOH2,Reproductive-stage-observed,247,1.9377844878463801,1.4895425890699656,-0.06293619804078165,0.012555603624937187
CV-GE-B8,2014-NEH1,At-flowering-observed,242,2.9289791528658173,2.4477496186417644,-1.4757653872728498,0.15997511199323128
CV-GE-B8,2014-NEH1,Full-season-nonleaky,242,3.119224335839539,2.642160716500197,-1.8078257128104718,0.10180702917064575
CV-GE-B8,2014-NEH1,Pre-flowering-observed,242,2.736262969547043,2.2488041640566294,-1.1606906466844271,0.15041605980684522
CV-GE-B8,2014-NEH1,Pre-season-G-only,242,3.645921621784012,3.1846155578238915,-2.836114682329897,0.08292876687959491
CV-GE-B8,2014-NEH1,Pre-season-location-history,242,3.6949677882002128,3.237602088312003,-2.9400183013803116,0.07886748097586567
CV-GE-B8,2014-NEH1,Reproductive-stage-observed,242,3.111547014035928,2.6363093065596037,-1.7940209647532126,0.12949115132552347
CV-GE-B8,2014-NEH2,At-flowering-observed,240,2.248794741994476,1.7988567692028066,-0.5399063659405052,0.025439417418486085
CV-GE-B8,2014-NEH2,Full-season-nonleaky,240,2.4677254904163344,2.0123774658416043,-0.8543357634353599,0.01858115670421069
CV-GE-B8,2014-NEH2,Pre-flowering-observed,240,2.677814953511918,2.234090611473561,-1.1835131154386485,0.027111083688242422
CV-GE-B8,2014-NEH2,Pre-season-G-only,240,4.126681596090029,3.6849064464171803,-4.185571207786817,-0.06475669479271819
CV-GE-B8,2014-NEH2,Pre-season-location-history,240,3.696875186318312,3.2728354388159078,-3.1616375784032194,0.04031701971742536
CV-GE-B8,2014-NEH2,Reproductive-stage-observed,240,2.225048648750139,1.7771452653966453,-0.5075568619437052,0.020550164397632402
CV-GE-B8,2014-NYH2,At-flowering-observed,218,2.024779357654596,1.6057628239918789,-0.9176625754851573,0.05398872798255953
CV-GE-B8,2014-NYH2,Full-season-nonleaky,218,2.2843191787339028,1.835274931985683,-1.4407896646173457,0.04583771948570267
CV-GE-B8,2014-NYH2,Pre-flowering-observed,218,1.9406651802267638,1.5390293551286314,-0.7616434404537795,0.06601471208334524
CV-GE-B8,2014-NYH2,Pre-season-G-only,218,1.6078818839803795,1.3025427181988534,-0.20927498075184126,-0.038516352094614736
CV-GE-B8,2014-NYH2,Pre-season-location-history,218,1.6491354577493529,1.3155004105651924,-0.272123989392681,0.0789124452378908
CV-GE-B8,2014-NYH2,Reproductive-stage-observed,218,2.0573412052851126,1.6220236750935608,-0.9798369822995416,0.028543466890876678
CV-GE-B8,2014-WIH1,At-flowering-observed,208,2.4725719555933705,1.990077203939889,-0.4163918939337694,0.10504009253778376
CV-GE-B8,2014-WIH1,Full-season-nonleaky,208,2.4034134366055495,1.934713379255887,-0.33826624554657636,0.11033108895990758
CV-GE-B8,2014-WIH1,Pre-flowering-observed,208,2.2028225265640007,1.773413100188459,-0.12420256667461538,0.09822134853678216
CV-GE-B8,2014-WIH1,Pre-season-G-only,208,2.899044624042056,2.388121686231687,-0.9471318249154739,0.11770415567250903
CV-GE-B8,2014-WIH1,Pre-season-location-history,208,2.0703345144783434,1.6522988954843714,0.006960327767652874,0.11597445311522173
CV-GE-B8,2014-WIH1,Reproductive-stage-observed,208,2.293654845012826,1.847745236329787,-0.21882592681917035,0.10838374269694963
CV-GE-B8,2015-ILH1,At-flowering-observed,416,2.3678905153669487,1.9423254275503057,-0.6828462962170334,0.15757975131095628
CV-GE-B8,2015-ILH1,Full-season-nonleaky,416,2.107033785851871,1.7083995513793828,-0.33249078503421736,0.15219264609761674
CV-GE-B8,2015-ILH1,Pre-flowering-observed,416,2.283818068788937,1.8633124953117992,-0.5654681082176634,0.16230968376063254
CV-GE-B8,2015-ILH1,Pre-season-G-only,416,2.1963480508823032,1.7749100153799895,-0.4478499029511398,0.1649732081796486
CV-GE-B8,2015-ILH1,Pre-season-location-history,416,1.7845569209693575,1.4062015485819173,0.04416698936492025,0.23549232230793177
CV-GE-B8,2015-ILH1,Reproductive-stage-observed,416,1.967054958912099,1.5771478350630401,-0.1613261454661079,0.14270569828978827
CV-GE-B8,2015-INH1,At-flowering-observed,423,1.8454731666759652,1.4534063093958174,-0.06095266098671237,0.1466368279894978
CV-GE-B8,2015-INH1,Full-season-nonleaky,423,1.899124841403954,1.4601495613356839,-0.12353748300194556,0.1653308190322893
CV-GE-B8,2015-INH1,Pre-flowering-observed,423,1.9042229071992143,1.4581176158448115,-0.12957769259136764,0.1480198178103278
CV-GE-B8,2015-INH1,Pre-season-G-only,423,1.872627101130742,1.4368324018262548,-0.09240365669666195,0.11523138189036532
CV-GE-B8,2015-INH1,Pre-season-location-history,423,3.501922191986466,3.0820029658100334,-2.8202652796989502,0.15712393872537303
CV-GE-B8,2015-INH1,Reproductive-stage-observed,423,1.8275713729463394,1.4050091241717126,-0.040469202784949365,0.14653355571660642
CV-GE-B8,2015-KSH1,At-flowering-observed,418,3.1941010412619923,2.78021252547226,-2.0878916576761934,0.08185980847796431
CV-GE-B8,2015-KSH1,Full-season-nonleaky,418,2.271481241337425,1.8849396018775857,-0.5616476884653636,0.100823902639944
CV-GE-B8,2015-KSH1,Pre-flowering-observed,418,3.2537649579153016,2.8400034557601415,-2.2043290621923854,0.08850760583320394
CV-GE-B8,2015-KSH1,Pre-season-G-only,418,4.322723906835008,3.9171915710830922,-4.655613850261235,0.06560703315766761
CV-GE-B8,2015-KSH1,Pre-season-location-history,418,3.654165250469369,3.2478873760865277,-3.0414863856182617,0.1225189780809744
CV-GE-B8,2015-KSH1,Reproductive-stage-observed,418,2.0129505159140755,1.6642834069569525,-0.22639663747676764,0.08005855972270987
CV-GE-B8,2015-MNH1,At-flowering-observed,407,1.712332139369144,1.3822411399188834,-0.5474257687605482,-0.029622105127848557
CV-GE-B8,2015-MNH1,Full-season-nonleaky,407,1.5374201902642777,1.1947702928230444,-0.24743799750337647,0.02088571985534268
CV-GE-B8,2015-MNH1,Pre-flowering-observed,407,1.6958244966061284,1.366337554724969,-0.5177338395406617,-0.007167753413352906
CV-GE-B8,2015-MNH1,Pre-season-G-only,407,2.0226009937701512,1.6696942289387273,-1.1590079471926003,0.009283799293847197
CV-GE-B8,2015-MNH1,Pre-season-location-history,407,2.2923833500275945,1.961425043391262,-1.7733731026214987,0.038820352070563995
CV-GE-B8,2015-MNH1,Reproductive-stage-observed,407,1.4450230921654796,1.121267457775956,-0.10200453855846625,0.02292609787285632
CV-GE-B8,2015-MOH1,At-flowering-observed,422,4.718902270645991,4.369273424617695,-6.47113237285531,0.1410936464748911
CV-GE-B8,2015-MOH1,Full-season-nonleaky,422,5.633904476602063,5.339814465617949,-9.649357913456239,0.08774112521851962
CV-GE-B8,2015-MOH1,Pre-flowering-observed,422,4.755173170617292,4.407980391668691,-6.5864244955730795,0.13525205414186794
CV-GE-B8,2015-MOH1,Pre-season-G-only,422,4.5607519773987795,4.203169601801019,-5.978745731710293,0.1206943043387883
CV-GE-B8,2015-MOH1,Pre-season-location-history,422,3.963178797718085,3.572137831982595,-4.269771649877047,0.08441838911266453
CV-GE-B8,2015-MOH1,Reproductive-stage-observed,422,4.726564769920725,4.392430971822231,-6.495415149677708,0.13347128351463194
CV-GE-B8,2015-MOH2,At-flowering-observed,421,1.7828392916242215,1.4299909064292624,-0.021545932495814935,0.15769034207264448
CV-GE-B8,2015-MOH2,Full-season-nonleaky,421,2.4527915897925685,2.0501403998273635,-0.9335473061750519,0.18239683534345416
CV-GE-B8,2015-MOH2,Pre-flowering-observed,421,1.885947494064206,1.5274098688371704,-0.14312230857720198,0.1694558114521854
CV-GE-B8,2015-MOH2,Pre-season-G-only,421,2.3295769921934557,1.926296158107049,-0.7441653000060211,0.14671592395132735
CV-GE-B8,2015-MOH2,Pre-season-location-history,421,2.003421482221193,1.635503922420582,-0.289965685699072,0.17312527695543575
CV-GE-B8,2015-MOH2,Reproductive-stage-observed,421,2.227317353436659,1.835564802668711,-0.5944015456240734,0.16292555944723097
CV-GE-B8,2015-NEH2,At-flowering-observed,405,1.7660920432756368,1.3674383876061245,-0.6460624319794217,0.009825420093458109
CV-GE-B8,2015-NEH2,Full-season-nonleaky,405,1.6709285087313028,1.360313589088597,-0.4734498978498862,-0.016428059886721056
CV-GE-B8,2015-NEH2,Pre-flowering-observed,405,1.769212480291782,1.372238579550156,-0.6518842936911979,0.007091376510171448
CV-GE-B8,2015-NEH2,Pre-season-G-only,405,1.9795184823739391,1.5626628671113305,-1.0679439213705901,-0.005392859321390078
CV-GE-B8,2015-NEH2,Pre-season-location-history,405,1.7090738446734164,1.3897446523670678,-0.5414920563069827,-0.02011801248154426
CV-GE-B8,2015-NEH2,Reproductive-stage-observed,405,1.6660948451786877,1.3583304896651671,-0.4649374336318417,0.019287134912596933
CV-GE-B8,2015-NEH3,At-flowering-observed,249,1.6655601104334328,1.3461022647758945,-0.4016544507953992,0.09900740851245231
CV-GE-B8,2015-NEH3,Full-season-nonleaky,249,1.4463192612570055,1.0755722485609542,-0.056935969692634814,0.11340112067226606
CV-GE-B8,2015-NEH3,Pre-flowering-observed,249,1.747802895158188,1.4288772023523293,-0.543495071303238,0.09546460213528304
CV-GE-B8,2015-NEH3,Pre-season-G-only,249,1.929771973216138,1.617063181084428,-0.8816217634429935,0.08531708242438171
CV-GE-B8,2015-NEH3,Pre-season-location-history,249,1.5122246000765334,1.1594263848111965,-0.155454732082976,0.10158393301615459
CV-GE-B8,2015-NEH3,Reproductive-stage-observed,249,1.6441069630082308,1.3291758138927567,-0.3657791406062154,0.09932311292855542
CV-GE-B8,2015-NYH2,At-flowering-observed,355,2.3907604481937548,1.7963074551232197,-0.2801555398757152,0.15778879481540248
CV-GE-B8,2015-NYH2,Full-season-nonleaky,355,3.1840533225742043,2.5578905849634483,-1.2706556601278338,0.18708541104299278
CV-GE-B8,2015-NYH2,Pre-flowering-observed,355,2.6321689555246794,2.013829449850948,-0.5517370883090738,0.16656282733819788
CV-GE-B8,2015-NYH2,Pre-season-G-only,355,2.202553427595839,1.6726948306077951,-0.08653449567279026,0.15357882639358855
CV-GE-B8,2015-NYH2,Pre-season-location-history,355,2.1881541107234725,1.6531935728596072,-0.07237437305489824,0.17230783606322633
CV-GE-B8,2015-NYH2,Reproductive-stage-observed,355,3.0169039645425184,2.383877251386068,-1.038513475073768,0.17765161123795786
CV-GE-B8,2015-NYH3,At-flowering-observed,355,1.926674839420948,1.5723401129614256,0.1029478259957124,0.3220211994028417
CV-GE-B8,2015-NYH3,Full-season-nonleaky,355,2.482896408818903,1.975406854185922,-0.48976597745974293,0.28011587636800556
CV-GE-B8,2015-NYH3,Pre-flowering-observed,355,2.012420639311599,1.6054760736753368,0.02132526540786417,0.3213080442245743
CV-GE-B8,2015-NYH3,Pre-season-G-only,355,2.022712982441763,1.612879955804174,0.011288979415380873,0.32884381464415174
CV-GE-B8,2015-NYH3,Pre-season-location-history,355,2.9950130405058264,2.459228484903658,-1.1676955523682788,0.2981683122047959
CV-GE-B8,2015-NYH3,Reproductive-stage-observed,355,2.18850242382206,1.7305367587091511,-0.1574304802225892,0.32657562635228304
CV-GE-B8,2015-OHH1,At-flowering-observed,426,1.8116468728173858,1.4580646092394824,-0.36641913862006326,0.09267686554643322
CV-GE-B8,2015-OHH1,Full-season-nonleaky,426,1.748156085476479,1.390975264077334,-0.2723226296206147,0.10913302358302909
CV-GE-B8,2015-OHH1,Pre-flowering-observed,426,2.238833878138233,1.8416764682303068,-1.0867988034837177,0.10856620763318656
CV-GE-B8,2015-OHH1,Pre-season-G-only,426,1.9508241695621786,1.5709184812940704,-0.5844301360773994,0.0365041407075728
CV-GE-B8,2015-OHH1,Pre-season-location-history,426,2.2475113514841634,1.856123331941258,-1.1030065567717289,0.09781030391606174
CV-GE-B8,2015-OHH1,Reproductive-stage-observed,426,1.7749377525121985,1.4143329140887149,-0.3116050877355383,0.12196289942250453
CV-GE-B8,2015-SDH1,At-flowering-observed,327,4.622802504886132,4.278225553664774,-7.3029911162120875,-0.07455315551917316
CV-GE-B8,2015-SDH1,Full-season-nonleaky,327,2.951012553898077,2.53408184490851,-2.38349864940591,-0.13547239831347532
CV-GE-B8,2015-SDH1,Pre-flowering-observed,327,4.452011912655999,4.094013072897995,-6.7008121382636325,-0.09158718026704181
CV-GE-B8,2015-SDH1,Pre-season-G-only,327,3.9318378318624374,3.541627433495726,-5.006411571370146,-0.13106600972388546
CV-GE-B8,2015-SDH1,Pre-season-location-history,327,3.282748610593939,2.8749780593462892,-3.1869632189170636,-0.10379020502422795
CV-GE-B8,2015-SDH1,Reproductive-stage-observed,327,2.5691695311814144,2.1669896598881757,-1.5645396568928458,-0.06213270391998402
CV-GE-B8,2015-TXH1,At-flowering-observed,296,1.9153267654341255,1.5151767350835705,-0.19930405430471154,0.08296572269198607
CV-GE-B8,2015-TXH1,Full-season-nonleaky,296,1.7955374890763802,1.4372624028379613,-0.05398031780185275,0.1568288727198299
CV-GE-B8,2015-TXH1,Pre-flowering-observed,296,1.7993465420854837,1.466682715236056,-0.0584568885027652,0.10901236900967284
CV-GE-B8,2015-TXH1,Pre-season-G-only,296,1.9446103679903375,1.5367135287342597,-0.23625693345714716,0.08215764672434557
CV-GE-B8,2015-TXH1,Pre-season-location-history,296,1.8790326451993973,1.5551719261047776,-0.15428272789291375,0.16190524107135112
CV-GE-B8,2015-TXH1,Reproductive-stage-observed,296,1.9143285300741546,1.5134759560351332,-0.19805426679153837,0.08861696830369768
CV-GE-B8,2015-TXH2,At-flowering-observed,308,2.2752858107229725,1.861205265101563,-0.8881524628568482,0.08344787429547484
CV-GE-B8,2015-TXH2,Full-season-nonleaky,308,2.8493366884907787,2.4493799369617184,-1.961097330856345,0.14405755845762633
CV-GE-B8,2015-TXH2,Pre-flowering-observed,308,2.661003514604658,2.244907916555073,-1.5825934118538152,0.11685547356652648
CV-GE-B8,2015-TXH2,Pre-season-G-only,308,2.490345563642741,2.076447454022224,-1.2619571401579894,0.0744562788984379
CV-GE-B8,2015-TXH2,Pre-season-location-history,308,3.4237801385848927,3.0444915177504264,-3.2754012413434372,0.13825391074811777
CV-GE-B8,2015-TXH2,Reproductive-stage-observed,308,2.403893192631098,1.994649528686684,-1.1076353676617638,0.10679798263688224
CV-GE-B8,2016-DEH1,At-flowering-observed,230,1.9094421195199498,1.5156273111419594,-0.015532124509396228,0.300958063933516
CV-GE-B8,2016-DEH1,Full-season-nonleaky,230,2.3445545788951883,1.9906529546638037,-0.5310922699364695,0.2825840677054616
CV-GE-B8,2016-DEH1,Pre-flowering-observed,230,2.1970602269473627,1.8472440417645726,-0.34451172521054607,0.30401118151371626
CV-GE-B8,2016-DEH1,Pre-season-G-only,230,2.0699983164005222,1.6794078921958178,-0.1934951377662144,0.12510458734021018
CV-GE-B8,2016-DEH1,Pre-season-location-history,230,1.793873045431752,1.3709344140200583,0.10367795482707798,0.323265830515618
CV-GE-B8,2016-DEH1,Reproductive-stage-observed,230,2.194393956953373,1.8413401094419461,-0.3412504071846856,0.2895950622231094
CV-GE-B8,2016-GAH2,At-flowering-observed,87,3.979478442847654,3.7333850349906177,-7.617419717957924,0.15942217644243384
CV-GE-B8,2016-GAH2,Full-season-nonleaky,87,4.578388538652236,4.365028554995066,-10.406442739153352,0.1432746413081674
CV-GE-B8,2016-GAH2,Pre-flowering-observed,87,3.8169558702116673,3.5624364364139294,-6.9279191221971255,0.16827833034664738
CV-GE-B8,2016-GAH2,Pre-season-G-only,87,4.683430519578722,4.4873819991493,-10.935842972909779,0.2543851788437239
CV-GE-B8,2016-GAH2,Pre-season-location-history,87,5.736767138911064,5.579879632940819,-16.908506827242245,0.20607666561385513
CV-GE-B8,2016-GAH2,Reproductive-stage-observed,87,4.69618157284248,4.492199556210156,-11.000924220699197,0.16455541574887353
CV-GE-B8,2016-IAH2,At-flowering-observed,388,2.6239164207187327,1.9733733055022271,-0.20558374221781905,0.18921952127624425
CV-GE-B8,2016-IAH2,Full-season-nonleaky,388,3.0800862577681407,2.3927165197232,-0.6612046805036107,0.13051259645395644
CV-GE-B8,2016-IAH2,Pre-flowering-observed,388,2.850245069999351,2.1691854274682463,-0.4225311796721256,0.18373650823190277
CV-GE-B8,2016-IAH2,Pre-season-G-only,388,2.3970451787403464,1.8632280641606949,-0.00612010398395757,0.14306764841666778
CV-GE-B8,2016-IAH2,Pre-season-location-history,388,2.407325650666913,1.8877188389891186,-0.014768726874424098,0.10674180092042898
CV-GE-B8,2016-IAH2,Reproductive-stage-observed,388,2.741835325820099,2.0725163732127654,-0.31637650736414247,0.161896118723093
CV-GE-B8,2016-IAH3,At-flowering-observed,375,1.524260802434644,1.2274470800271908,-0.15633826455927458,0.13018663493726626
CV-GE-B8,2016-IAH3,Full-season-nonleaky,375,1.487451422444016,1.173051908798482,-0.10116377700606183,0.12369764762431258
CV-GE-B8,2016-IAH3,Pre-flowering-observed,375,1.4809402826927844,1.17708664124651,-0.09154445284387114,0.13109720832149094
CV-GE-B8,2016-IAH3,Pre-season-G-only,375,1.9501171269930584,1.6262512461635983,-0.8927259091918318,0.15481043685657042
CV-GE-B8,2016-IAH3,Pre-season-location-history,375,2.628036565521846,2.294045261790305,-2.4373926275424207,0.0710390983190965
CV-GE-B8,2016-IAH3,Reproductive-stage-observed,375,1.490864026584252,1.1685471736779827,-0.1062222908359014,0.1077332389626156
CV-GE-B8,2016-IAH4,At-flowering-observed,396,1.3828848539048784,1.0787173622056327,-0.16340835038402202,0.21163296016408534
CV-GE-B8,2016-IAH4,Full-season-nonleaky,396,1.3512561047359926,1.0518049450954645,-0.11079898602909544,0.22923403166331704
CV-GE-B8,2016-IAH4,Pre-flowering-observed,396,1.3771362917757373,1.0701333948777014,-0.1537560289625559,0.23321988444865963
CV-GE-B8,2016-IAH4,Pre-season-G-only,396,1.450218133659626,1.1753943662484396,-0.27946025377269645,0.16642010224639397
CV-GE-B8,2016-IAH4,Pre-season-location-history,396,2.0138414277878827,1.7020436765368931,-1.4672359130596448,0.3089598659756551
CV-GE-B8,2016-IAH4,Reproductive-stage-observed,396,1.3164572638066718,1.0301647809894634,-0.05432296639445289,0.2097384067425912
CV-GE-B8,2016-ILH1,At-flowering-observed,212,1.9204599193285552,1.4763473507877585,-0.08139856955994862,0.22938770387922636
CV-GE-B8,2016-ILH1,Full-season-nonleaky,212,1.8407121133059443,1.3973108733062536,0.006547662470780424,0.18776349242044646
CV-GE-B8,2016-ILH1,Pre-flowering-observed,212,1.933032616785248,1.4827784659359073,-0.09560412706397092,0.22951993144882846
CV-GE-B8,2016-ILH1,Pre-season-G-only,212,2.1191713360433613,1.683507292194094,-0.3167624625263583,0.10304180613037177
CV-GE-B8,2016-ILH1,Pre-season-location-history,212,1.810290442335539,1.3868999367696726,0.0391141182835657,0.2456715189957263
CV-GE-B8,2016-ILH1,Reproductive-stage-observed,212,1.944868001359393,1.4980703878161223,-0.1090613158344802,0.2577844114751004
CV-GE-B8,2016-INH1,At-flowering-observed,235,2.0581492000281467,1.6031847309367366,-0.21078834200771457,0.40190445192580687
CV-GE-B8,2016-INH1,Full-season-nonleaky,235,2.397826926799369,1.9023780987532155,-0.64342612792325,0.39613287498654487
CV-GE-B8,2016-INH1,Pre-flowering-observed,235,2.066983882795123,1.6130845979532455,-0.2212053607431228,0.3973721681969323
CV-GE-B8,2016-INH1,Pre-season-G-only,235,2.2271835508659996,1.7647656309602713,-0.4178377731529963,0.22696501488623816
CV-GE-B8,2016-INH1,Pre-season-location-history,235,4.480647839877535,4.137288454976162,-4.738470384144199,0.3928236075373323
CV-GE-B8,2016-INH1,Reproductive-stage-observed,235,2.345978109432342,1.853475703412295,-0.5731220999101665,0.40161757318957564
CV-GE-B8,2016-MIH1,At-flowering-observed,234,2.1839417465054263,1.750565633582807,-0.15557472701776343,0.04252780473340106
CV-GE-B8,2016-MIH1,Full-season-nonleaky,234,2.5675454103021695,2.1927256296979545,-0.5971738896457865,0.033328617973834955
CV-GE-B8,2016-MIH1,Pre-flowering-observed,234,2.5707696558564717,2.185169801422591,-0.6011877732552842,0.041708749356374045
CV-GE-B8,2016-MIH1,Pre-season-G-only,234,2.0547847995008164,1.5776247886880892,-0.0229363786250687,0.10754116982641572
CV-GE-B8,2016-MIH1,Pre-season-location-history,234,2.107173531725265,1.6947792882192412,-0.07576284385340415,0.12469075497965086
CV-GE-B8,2016-MIH1,Reproductive-stage-observed,234,2.19587210772493,1.7544575474539417,-0.16823447852508822,-0.0016467689555323276
CV-GE-B8,2016-MNH1,At-flowering-observed,232,1.9100185570368948,1.561500215189402,-0.6971701274810786,0.037529485419959936
CV-GE-B8,2016-MNH1,Full-season-nonleaky,232,2.1092803551046972,1.7322476273869025,-1.0697544321291748,-0.029702584960654196
CV-GE-B8,2016-MNH1,Pre-flowering-observed,232,2.39756572414443,2.0242542966240853,-1.6741837662896115,0.018573439579499376
CV-GE-B8,2016-MNH1,Pre-season-G-only,232,1.678380415370359,1.35937167036668,-0.3104818546770214,0.1544535747653774
CV-GE-B8,2016-MNH1,Pre-season-location-history,232,1.8686562674763976,1.5268424476493434,-0.6244601020921345,0.04726257972075818
CV-GE-B8,2016-MNH1,Reproductive-stage-observed,232,2.066500262202338,1.698869576282251,-0.9866489634616646,0.007240919124807262
CV-GE-B8,2016-NEH1,At-flowering-observed,231,3.029609428646376,2.5970595655590247,-1.968339424351559,0.2446001098936734
CV-GE-B8,2016-NEH1,Full-season-nonleaky,231,2.3268504871881195,1.8781892591494802,-0.7509640507552895,0.3461505546335071
CV-GE-B8,2016-NEH1,Pre-flowering-observed,231,2.905670344137319,2.465862582762507,-1.730441993520508,0.2589930981478093
CV-GE-B8,2016-NEH1,Pre-season-G-only,231,2.7227296062379263,2.255106749448614,-1.3974485750561798,0.0655703215974316
CV-GE-B8,2016-NEH1,Pre-season-location-history,231,3.0935844489191324,2.6568598454982197,-2.0950254511177686,0.2357591801804443
CV-GE-B8,2016-NEH1,Reproductive-stage-observed,231,2.204274947351272,1.7623809001895374,-0.571345920073683,0.3550871041335822
CV-GE-B8,2016-NEH4,At-flowering-observed,214,1.849396378712507,1.4596227787914298,-0.5788290945688146,0.15852930210195068
CV-GE-B8,2016-NEH4,Full-season-nonleaky,214,2.0926764373119915,1.6937135120632474,-1.021525778618757,0.08195359600501852
CV-GE-B8,2016-NEH4,Pre-flowering-observed,214,1.8869690560228578,1.4992440219444343,-0.6436323171790159,0.1486345658198293
CV-GE-B8,2016-NEH4,Pre-season-G-only,214,2.0844911195782294,1.6773971955293865,-1.0057426696945706,-0.0035543649596273875
CV-GE-B8,2016-NEH4,Pre-season-location-history,214,1.625283872181993,1.2641290002129997,-0.21936455558023993,0.1194186124904484
CV-GE-B8,2016-NEH4,Reproductive-stage-observed,214,2.15509806912457,1.763438218763402,-1.143923036143038,0.16264083757791406
CV-GE-B8,2016-NYH1,At-flowering-observed,224,2.6991396440391875,2.4442337717675287,-4.566764757965075,0.22238869373799516
CV-GE-B8,2016-NYH1,Full-season-nonleaky,224,1.2009653616335285,0.9499929282341145,-0.10208000825037744,0.1586379817186077
CV-GE-B8,2016-NYH1,Pre-flowering-observed,224,2.490636004061018,2.2169615978575847,-3.7399382604473326,0.2167939355787587
CV-GE-B8,2016-NYH1,Pre-season-G-only,224,1.9965294779023695,1.6870046500397993,-2.0458156554808973,0.24259370021710083
CV-GE-B8,2016-NYH1,Pre-season-location-history,224,2.4083571226652887,2.1275925671642812,-3.431940633785409,0.20123177746572712
CV-GE-B8,2016-NYH1,Reproductive-stage-observed,224,1.5020317307503592,1.1916199917137622,-0.7238932762726487,0.1739358970395435
CV-GE-B8,2016-NYH2,At-flowering-observed,230,3.2063433654753912,2.5931084552514503,-2.1485484933699524,-0.10892548970080357
CV-GE-B8,2016-NYH2,Full-season-nonleaky,230,3.2187399475418204,2.5907424876128076,-2.1729418211849376,-0.16674852811460167
CV-GE-B8,2016-NYH2,Pre-flowering-observed,230,3.3042505999588183,2.696006910087345,-2.3437691295727388,-0.12710514444675788
CV-GE-B8,2016-NYH2,Pre-season-G-only,230,3.159466785066786,2.6323646015792357,-2.057158228885826,0.05888523267995519
CV-GE-B8,2016-NYH2,Pre-season-location-history,230,3.645068200450777,3.1379166607307525,-3.069130759855673,-0.0766250260567456
CV-GE-B8,2016-NYH2,Reproductive-stage-observed,230,2.458417148425799,1.8642326435769974,-0.8509789599800592,-0.13500893328881813
CV-GE-B8,2016-NYH2L,At-flowering-observed,96,7.12936378307439,7.0701748233732316,-153.1485319205204,-0.1322893783969308
CV-GE-B8,2016-NYH2L,Full-season-nonleaky,96,6.807690874364291,6.745633254617128,-139.55215075779273,-0.20915163997490693
CV-GE-B8,2016-NYH2L,Pre-flowering-observed,96,7.778864489017781,7.720060070524288,-182.51444460683015,-0.15155398635062803
CV-GE-B8,2016-NYH2L,Pre-season-G-only,96,6.790556155446229,6.733309363493992,-138.84551151388422,-0.048613651789219975
CV-GE-B8,2016-NYH2L,Pre-season-location-history,96,5.609804461896814,5.542924146026048,-94.44062810906284,-0.1019452197518108
CV-GE-B8,2016-NYH2L,Reproductive-stage-observed,96,7.217626874365679,7.154324174095862,-156.98894368300438,-0.2106793153666683
CV-GE-B8,2016-TXH1,At-flowering-observed,218,2.7006148937996475,2.4539616705990523,-4.617485827395993,0.2516917352541186
CV-GE-B8,2016-TXH1,Full-season-nonleaky,218,3.094790569184651,2.8820924722636323,-6.376990055357557,0.22305913446943684
CV-GE-B8,2016-TXH1,Pre-flowering-observed,218,2.5269463838897654,2.2647341155588134,-3.91822873686293,0.2529119552338892
CV-GE-B8,2016-TXH1,Pre-season-G-only,218,2.7307758338136545,2.4565507915403164,-4.74366061662128,0.10510119950023293
CV-GE-B8,2016-TXH1,Pre-season-location-history,218,1.85272588088582,1.5735043852005681,-1.6438633526423558,0.24977100320043968
CV-GE-B8,2016-TXH1,Reproductive-stage-observed,218,3.163650528941195,2.9621126812348484,-6.7089224218605565,0.2553898156968529
CV-GE-B8,2016-TXH2,At-flowering-observed,234,1.791033677005964,1.4069133019341409,0.08242542795245811,0.31492748837960116
CV-GE-B8,2016-TXH2,Full-season-nonleaky,234,2.244395729808936,1.7977738720191307,-0.44089632366203757,0.22532710389135577
CV-GE-B8,2016-TXH2,Pre-flowering-observed,234,2.126317856407382,1.69145749832652,-0.2932730823783174,0.328803438875792
CV-GE-B8,2016-TXH2,Pre-season-G-only,234,1.9769769221758504,1.5563965611109492,-0.11798780218023541,0.14972477852582733
CV-GE-B8,2016-TXH2,Pre-season-location-history,234,2.036611177206221,1.6132545491156463,-0.18645183296028822,0.20131115503961017
CV-GE-B8,2016-TXH2,Reproductive-stage-observed,234,2.014948667348136,1.5893853043051873,-0.1613465629106512,0.3094251316825624
CV-GE-B8,2016-WIH1,At-flowering-observed,308,1.8349407433154736,1.4010960097915237,0.07888076658338772,0.3378610790442418
CV-GE-B8,2016-WIH1,Full-season-nonleaky,308,1.7831020005823965,1.376143170519185,0.13019051864310505,0.36142281136710225
CV-GE-B8,2016-WIH1,Pre-flowering-observed,308,1.9448314499338455,1.4841536550896994,-0.03475063265464784,0.35558492625803867
CV-GE-B8,2016-WIH1,Pre-season-G-only,308,2.055763526757986,1.6541692890270379,-0.15616036225938146,0.15995001620114688
CV-GE-B8,2016-WIH1,Pre-season-location-history,308,1.9607475617610746,1.4790464657557982,-0.05175631932358904,0.32085742395414724
CV-GE-B8,2016-WIH1,Reproductive-stage-observed,308,1.8223462507991695,1.388044338918602,0.09148195418124572,0.36479339740916134
CV-GE-B8,2016-WIH2,At-flowering-observed,418,2.4208620797704996,1.958177512753239,-0.0021333855876970453,0.3738578684798947
CV-GE-B8,2016-WIH2,Full-season-nonleaky,418,2.34215569238739,1.9295593209495139,0.06196950535755841,0.3284574708364456
CV-GE-B8,2016-WIH2,Pre-flowering-observed,418,2.3275430056975304,1.9081570472076492,0.07363771886994142,0.3612382624997163
CV-GE-B8,2016-WIH2,Pre-season-G-only,418,2.3389521284826893,1.9338592504167664,0.06453379732169051,0.27752226310059586
CV-GE-B8,2016-WIH2,Pre-season-location-history,418,2.4377554390053215,1.9859785709346145,-0.016168442058485777,0.3355060268314436
CV-GE-B8,2016-WIH2,Reproductive-stage-observed,418,2.308074505418307,1.9036203491618906,0.08906983659523005,0.3716339589545264
CV-GE-B8,2017-COH1,At-flowering-observed,209,4.93075476798309,4.706824724693142,-12.590411336390275,0.020326308525922425
CV-GE-B8,2017-COH1,Full-season-nonleaky,209,3.7693121397761087,3.462359392885706,-6.942002168431061,-0.06664433676373023
CV-GE-B8,2017-COH1,Pre-flowering-observed,209,4.586093576488726,4.335775217880567,-10.756867368915469,0.004726896472443739
CV-GE-B8,2017-COH1,Pre-season-G-only,209,2.8855646729785276,2.485260239728524,-3.654439823050306,-0.01831283957288987
CV-GE-B8,2017-COH1,Pre-season-location-history,209,2.0446380047330335,1.580510253191965,-1.3368920592589535,-0.06380356973507922
CV-GE-B8,2017-COH1,Reproductive-stage-observed,209,4.681612482229922,4.450079705665651,-11.25171031561071,0.03248699767750438
CV-GE-B8,2017-DEH1,At-flowering-observed,168,2.815289385074583,2.3968181551575793,-0.8011444774129537,0.28696701646146616
CV-GE-B8,2017-DEH1,Full-season-nonleaky,168,3.0894553321878955,2.67456942403688,-1.1690337324161146,0.25184077382870984
CV-GE-B8,2017-DEH1,Pre-flowering-observed,168,2.99878639699268,2.58760519380693,-1.0435888733155392,0.28680255949084604
CV-GE-B8,2017-DEH1,Pre-season-G-only,168,2.884789980299932,2.4444804595922562,-0.8911712936608418,0.15911825834932433
CV-GE-B8,2017-DEH1,Pre-season-location-history,168,2.802483051946456,2.3816029039415993,-0.784795469541598,0.2722575629170467
CV-GE-B8,2017-DEH1,Reproductive-stage-observed,168,3.3530273123474723,2.9422425710234505,-1.5549161242382081,0.28605602918539
CV-GE-B8,2017-GAH1,At-flowering-observed,130,2.5307776728742715,2.0467901026053874,0.03201662582658349,0.19246247806127167
CV-GE-B8,2017-GAH1,Full-season-nonleaky,130,2.573285217433648,2.0423952283784215,-0.0007734140665456302,0.16641567812726418
CV-GE-B8,2017-GAH1,Pre-flowering-observed,130,2.5753566692089627,2.0789835419022937,-0.0023852744527450565,0.14390749427615704
CV-GE-B8,2017-GAH1,Pre-season-G-only,130,2.7993397296852374,2.2055589735469723,-0.18432562245790618,0.04123750543463765
CV-GE-B8,2017-GAH1,Pre-season-location-history,130,2.6564920241452676,2.186680546190999,-0.06653949388808655,0.23106837209099124
CV-GE-B8,2017-GAH1,Reproductive-stage-observed,130,2.717653652146434,2.1277637562255234,-0.11621569548887489,0.17183140941391398
CV-GE-B8,2017-GAH2,At-flowering-observed,84,1.6078853568002547,1.2725159594805036,-0.008844452679077852,0.18119557515244542
CV-GE-B8,2017-GAH2,Full-season-nonleaky,84,1.7512863861789976,1.4276833843898227,-0.19681877484074484,0.21257373752983857
CV-GE-B8,2017-GAH2,Pre-flowering-observed,84,1.6276790356889248,1.2564826058808825,-0.03383585453843585,0.19677415058221365
CV-GE-B8,2017-GAH2,Pre-season-G-only,84,1.7127084672013109,1.307469761000279,-0.1446716840356581,0.17257378505087176
CV-GE-B8,2017-GAH2,Pre-season-location-history,84,1.545470248359948,1.1982780261401222,0.06795828988970631,0.3026060984169746
CV-GE-B8,2017-GAH2,Reproductive-stage-observed,84,1.6683603135152365,1.3495862484973,-0.08615986501310302,0.19977384006355883
CV-GE-B8,2017-IAH4,At-flowering-observed,326,2.3607219005011224,1.979841494962515,-0.9578124291588135,0.2541902036706003
CV-GE-B8,2017-IAH4,Full-season-nonleaky,326,2.8463257301705824,2.4524840636390666,-1.8461030502924785,0.22904349351877007
CV-GE-B8,2017-IAH4,Pre-flowering-observed,326,2.7452650653360458,2.3602198005796216,-1.6475854779852397,0.25190232919759653
CV-GE-B8,2017-IAH4,Pre-season-G-only,326,2.7941913147636184,2.3928120123270293,-1.7427972164999725,0.19442912233932305
CV-GE-B8,2017-IAH4,Pre-season-location-history,326,2.053360417610632,1.6690101035768599,-0.481193491710844,0.26713953530531354
CV-GE-B8,2017-IAH4,Reproductive-stage-observed,326,2.972356232154278,2.588074844627864,-2.103724315934091,0.2411915573113883
CV-GE-B8,2017-ILH1,At-flowering-observed,173,2.480264614300784,2.0989156605239074,-2.8409081971297976,0.08217309748008488
CV-GE-B8,2017-ILH1,Full-season-nonleaky,173,1.5651585704898205,1.23175821667043,-0.5295179561424637,0.025978662124821795
CV-GE-B8,2017-ILH1,Pre-flowering-observed,173,2.38972461431225,2.0022506943375604,-2.5656080881808383,0.0699839728201987
CV-GE-B8,2017-ILH1,Pre-season-G-only,173,2.4517759129549774,2.0776425515172,-2.7531804086259384,0.06478730559077618
CV-GE-B8,2017-ILH1,Pre-season-location-history,173,1.7222045199170861,1.3669096928919091,-0.8518565497063089,0.021005634213659023
CV-GE-B8,2017-ILH1,Reproductive-stage-observed,173,2.228187948400145,1.8460669432694452,-2.0998561048425053,0.04992788095728782
CV-GE-B8,2017-INH1,At-flowering-observed,163,2.429963989966636,2.076319488050515,-1.1864281111166353,0.24492371894031603
CV-GE-B8,2017-INH1,Full-season-nonleaky,163,2.833839498587908,2.497796651280016,-1.973623809943477,0.22063667853384816
CV-GE-B8,2017-INH1,Pre-flowering-observed,163,2.540912430961536,2.1836676629548055,-1.3906440791891068,0.23052575785692522
CV-GE-B8,2017-INH1,Pre-season-G-only,163,3.4796996214598286,3.148035802973273,-3.4835192503067685,0.14613349011526533
CV-GE-B8,2017-INH1,Pre-season-location-history,163,2.6661091183706267,2.3326456188513256,-1.6320332261313228,0.2557415441374905
CV-GE-B8,2017-INH1,Reproductive-stage-observed,163,3.1899610048703204,2.8768692122589297,-2.7679599259717675,0.21844482105689791
CV-GE-B8,2017-MIH1,At-flowering-observed,184,1.692420005005172,1.3814632946258103,0.10488224168215676,0.3298910109535117
CV-GE-B8,2017-MIH1,Full-season-nonleaky,184,1.7028570051409397,1.39799772779928,0.09380798017441672,0.31707107179184424
CV-GE-B8,2017-MIH1,Pre-flowering-observed,184,2.1530288192314866,1.8333136567871318,-0.4486502942926873,0.3445682839485545
CV-GE-B8,2017-MIH1,Pre-season-G-only,184,2.099367984001002,1.7511542136570697,-0.3773395311755763,0.230916005004454
CV-GE-B8,2017-MIH1,Pre-season-location-history,184,2.3047795179809873,1.9704494516679405,-0.6600556397664121,0.3346290071107296
CV-GE-B8,2017-MIH1,Reproductive-stage-observed,184,1.728095997965211,1.384946788551419,0.06674655516160843,0.3090748542643141
CV-GE-B8,2017-MNH1,At-flowering-observed,212,1.9855648768552994,1.5713984807794534,-0.6475945067997149,0.11078746080402695
CV-GE-B8,2017-MNH1,Full-season-nonleaky,212,1.8143971329956532,1.449714162158721,-0.3757732897439192,0.014756252546950593
CV-GE-B8,2017-MNH1,Pre-flowering-observed,212,1.7652797434662455,1.3931392791807644,-0.3022946217448148,0.07183299255421922
CV-GE-B8,2017-MNH1,Pre-season-G-only,212,1.581377363333076,1.2154137600841595,-0.04508883274682418,0.2605956414855157
CV-GE-B8,2017-MNH1,Pre-season-location-history,212,1.7053095847497006,1.3390653538589474,-0.2153143827130246,0.0744007202189789
CV-GE-B8,2017-MNH1,Reproductive-stage-observed,212,1.636853163087372,1.2855464344098937,-0.11969983834881948,0.0938610589032163
CV-GE-B8,2017-NYH1,At-flowering-observed,204,2.3091901708132303,1.8308278719997433,-1.0808293069107862,0.08864476363400421
CV-GE-B8,2017-NYH1,Full-season-nonleaky,204,2.776693636811385,2.3123692157356213,-2.0086591228579254,0.07400115386262875
CV-GE-B8,2017-NYH1,Pre-flowering-observed,204,2.480901632030239,1.9917699407349632,-1.4017961541017439,0.07111693061049608
CV-GE-B8,2017-NYH1,Pre-season-G-only,204,1.8701058041915817,1.4678656068852245,-0.3647384004764651,0.09772990643707156
CV-GE-B8,2017-NYH1,Pre-season-location-history,204,1.7360364842699714,1.425366026366659,-0.17607427768217354,0.08624148021419045
CV-GE-B8,2017-NYH1,Reproductive-stage-observed,204,2.44253044113213,1.9612289253547621,-1.328075312544454,0.08781329825489162
CV-GE-B8,2017-NYH2,At-flowering-observed,197,1.9466792399167587,1.6092157691108198,-0.6764216747492142,0.07019426162703898
CV-GE-B8,2017-NYH2,Full-season-nonleaky,197,1.7433551600338355,1.425548865260462,-0.34451674508275376,0.10312092609003448
CV-GE-B8,2017-NYH2,Pre-flowering-observed,197,1.9047399115021328,1.5663417539733577,-0.6049659991498528,0.06541090456941523
CV-GE-B8,2017-NYH2,Pre-season-G-only,197,2.403695930732437,2.0712246535725702,-1.5559569156415765,0.13269638242409967
CV-GE-B8,2017-NYH2,Pre-season-location-history,197,2.5362946891819123,2.1980683592520003,-1.845731341744087,0.08777679834024991
CV-GE-B8,2017-NYH2,Reproductive-stage-observed,197,1.928067466506278,1.5967353136775138,-0.6445191138220383,0.05842232591156209
CV-GE-B8,2017-NYH3,At-flowering-observed,132,2.2709383669317855,1.781055422460475,-0.8581451040553933,0.11843357255621058
CV-GE-B8,2017-NYH3,Full-season-nonleaky,132,2.3612873308581075,1.8628407413573294,-1.008938325146738,0.06614785858452484
CV-GE-B8,2017-NYH3,Pre-flowering-observed,132,2.3858842090894843,1.8857748077060583,-1.0510094231301736,0.052992261321624344
CV-GE-B8,2017-NYH3,Pre-season-G-only,132,2.3350425769457583,1.9466565842502017,-0.9645294234416628,0.00884180402394136
CV-GE-B8,2017-NYH3,Pre-season-location-history,132,2.0560083722702,1.7081868460591172,-0.5230658751034198,-0.0022928099431746237
CV-GE-B8,2017-NYH3,Reproductive-stage-observed,132,2.207462776948686,1.7252595274046925,-0.7557218267127657,0.130534376646684
CV-GE-B8,2017-TXH1-Dry,At-flowering-observed,133,3.364040842278311,3.066427583365304,-4.104238860840339,0.22229038803136725
CV-GE-B8,2017-TXH1-Dry,Full-season-nonleaky,133,4.119252698712961,3.8551259907008126,-6.653240124528954,0.2077863989339232
CV-GE-B8,2017-TXH1-Dry,Pre-flowering-observed,133,3.254620637643403,2.9489596349966867,-3.777593750323116,0.22245314490462334
CV-GE-B8,2017-TXH1-Dry,Pre-season-G-only,133,2.249869120695662,1.9366855134875767,-1.283089728221205,0.0780694758025487
CV-GE-B8,2017-TXH1-Dry,Pre-season-location-history,133,1.6264785561927952,1.2769369426692645,-0.19317777046927698,0.16225758823596045
CV-GE-B8,2017-TXH1-Dry,Reproductive-stage-observed,133,3.490509942652741,3.1959610614654768,-4.495234485591235,0.2090258043840301
CV-GE-B8,2017-TXH1-Early,At-flowering-observed,178,3.8053679746148537,3.562852739109374,-6.349189648262011,0.28600301673379397
CV-GE-B8,2017-TXH1-Early,Full-season-nonleaky,178,4.518882940476866,4.299069860457346,-9.36354456771248,0.19871933167414474
CV-GE-B8,2017-TXH1-Early,Pre-flowering-observed,178,3.679860770747655,3.4242295821955993,-5.87240762996188,0.2641549445787634
CV-GE-B8,2017-TXH1-Early,Pre-season-G-only,178,2.567701474282257,2.267179122625664,-2.3460713525057515,0.16850484889741116
CV-GE-B8,2017-TXH1-Early,Pre-season-location-history,178,1.420044896644662,1.1359694910897589,-0.02341148786037195,0.16734799048055274
CV-GE-B8,2017-TXH1-Early,Reproductive-stage-observed,178,3.95261087635294,3.713587833745824,-6.92892408115171,0.26253412930570985
CV-GE-B8,2017-TXH1-Late,At-flowering-observed,133,1.2760893732664245,1.0864335839879544,-0.649563231744805,0.061422774558255615
CV-GE-B8,2017-TXH1-Late,Full-season-nonleaky,133,1.525961984044018,1.3451069093334227,-1.3588167995474367,-0.02219627668643921
CV-GE-B8,2017-TXH1-Late,Pre-flowering-observed,133,1.7777093977367182,1.5613022791979798,-2.201314341476288,-0.005802561789401079
CV-GE-B8,2017-TXH1-Late,Pre-season-G-only,133,3.293310485857052,3.070761407761377,-9.98682324079997,0.02424101482477701
CV-GE-B8,2017-TXH1-Late,Pre-season-location-history,133,1.6612260963342287,1.460286382669412,-1.7955307475388307,-0.008711979319132979
CV-GE-B8,2017-TXH1-Late,Reproductive-stage-observed,133,1.4480077876991637,1.2613821917548391,-1.1239709808727931,0.04743534094644284
CV-GE-B8,2017-TXH2,At-flowering-observed,131,1.84896833813822,1.5209248887056028,0.031095617261525654,0.22630718911984363
CV-GE-B8,2017-TXH2,Full-season-nonleaky,131,2.026969539728124,1.5912668965687413,-0.16443812557133852,0.10475976090391306
CV-GE-B8,2017-TXH2,Pre-flowering-observed,131,1.865966433152207,1.4631133498158584,0.013198898360190836,0.2520920071801482
CV-GE-B8,2017-TXH2,Pre-season-G-only,131,1.9381195457324119,1.5887379391403502,-0.06459174558686143,0.12871527069136068
CV-GE-B8,2017-TXH2,Pre-season-location-history,131,1.8565470698400306,1.5216235021246403,0.023136459229567197,0.17400706022424225
CV-GE-B8,2017-TXH2,Reproductive-stage-observed,131,1.862157534201109,1.4812017144023288,0.017223396842048433,0.2121081983218163
CV-GE-B8,2017-WIH1,At-flowering-observed,274,2.8509503848537254,2.4532250574961156,-0.7771261817393336,0.24629793536378056
CV-GE-B8,2017-WIH1,Full-season-nonleaky,274,3.6912274621654877,3.288734289577118,-1.9790690055023212,0.2836377457095422
CV-GE-B8,2017-WIH1,Pre-flowering-observed,274,3.3247816954054805,2.9158824406973958,-1.4169363659917553,0.2437026006815565
CV-GE-B8,2017-WIH1,Pre-season-G-only,274,3.789074299468526,3.3578029805380054,-2.1391002774627137,0.1666614576639644
CV-GE-B8,2017-WIH1,Pre-season-location-history,274,2.1855910877494362,1.7738934184018182,-0.044423821285426435,0.2067171031009125
CV-GE-B8,2017-WIH1,Reproductive-stage-observed,274,3.8584238662227044,3.457074546727861,-2.255058641679792,0.28331342271144455
CV-GE-B8,2017-WIH2,At-flowering-observed,278,1.6584192179492567,1.3363020376413084,0.022460274742313935,0.35455350494700805
CV-GE-B8,2017-WIH2,Full-season-nonleaky,278,1.6146722001242941,1.2525030118828453,0.07335260774823393,0.30182227054242683
CV-GE-B8,2017-WIH2,Pre-flowering-observed,278,1.6648114003879597,1.3211093454324427,0.014910127627695835,0.30895063515654836
CV-GE-B8,2017-WIH2,Pre-season-G-only,278,3.019704652212453,2.6254751984224094,-2.2409677377889285,0.22154795096966728
CV-GE-B8,2017-WIH2,Pre-season-location-history,278,3.1743995845842434,2.809508251981177,-2.5815330161314662,0.3098400848157511
CV-GE-B8,2017-WIH2,Reproductive-stage-observed,278,1.59653374772814,1.2269896093113155,0.09405469624932572,0.3449158570502239
CV-GE-B8,2018-ARH2,At-flowering-observed,429,4.348353303938358,4.274425726078497,-43.71341309012304,-0.1652705932983369
CV-GE-B8,2018-ARH2,Full-season-nonleaky,429,3.7599864077199237,3.6798360758643613,-32.43187430327188,-0.15815964972979643
CV-GE-B8,2018-ARH2,Pre-flowering-observed,429,4.20564095967096,4.128170018393289,-40.826599971673545,-0.15244437507343042
CV-GE-B8,2018-ARH2,Pre-season-G-only,429,4.481494763202386,4.4074728655286055,-46.49347660923492,-0.17672815464250488
CV-GE-B8,2018-ARH2,Pre-season-location-history,429,3.8330252037382775,3.7481265340011443,-33.74333670697483,-0.14044081919036902
CV-GE-B8,2018-ARH2,Reproductive-stage-observed,429,3.9997950586860296,3.923757999335025,-36.832379234687636,-0.15806697060111632
CV-GE-B8,2018-DEH1,At-flowering-observed,595,3.622284674484104,3.033271286513237,-2.243951389461281,-0.03328392450842188
CV-GE-B8,2018-DEH1,Full-season-nonleaky,595,2.532577489418781,1.8902706999021668,-0.5857498010974851,0.03632785660002437
CV-GE-B8,2018-DEH1,Pre-flowering-observed,595,3.4098616357202514,2.8125039856272833,-1.874634902189214,0.040238297512523696
CV-GE-B8,2018-DEH1,Pre-season-G-only,595,3.5524606900388545,2.925808441530594,-2.120094462334154,-0.13685225614205315
CV-GE-B8,2018-DEH1,Pre-season-location-history,595,3.047069072330037,2.433172662172437,-1.2954814053322856,0.15312648016156183
CV-GE-B8,2018-DEH1,Reproductive-stage-observed,595,3.834647483202326,3.2590874137959513,-2.635465873621873,-0.09986726930435111
CV-GE-B8,2018-IAH2,At-flowering-observed,434,1.6977065048283504,1.3663238458691012,0.027298173223620936,0.2372001189561217
CV-GE-B8,2018-IAH2,Full-season-nonleaky,434,1.7998028792239027,1.4789925132525323,-0.09321200103140437,0.23412679706277642
CV-GE-B8,2018-IAH2,Pre-flowering-observed,434,2.604675776726802,2.2338645649139686,-1.289611767332664,0.2319661853289458
CV-GE-B8,2018-IAH2,Pre-season-G-only,434,2.7840401804076325,2.4139147993210046,-1.6158058334389644,0.22111847344462632
CV-GE-B8,2018-IAH2,Pre-season-location-history,434,2.012933329462186,1.5614810199664841,-0.367455769069722,0.22696656150175062
CV-GE-B8,2018-IAH2,Reproductive-stage-observed,434,1.6710291772037527,1.3241560117363294,0.0576275694790257,0.24146450211672513
CV-GE-B8,2018-IAH4,At-flowering-observed,804,1.9985875363963952,1.6907819327047717,-1.4069525317000897,0.07330960963028765
CV-GE-B8,2018-IAH4,Full-season-nonleaky,804,1.7036855865588432,1.3983817844658943,-0.7490413398821654,0.06853322099894095
CV-GE-B8,2018-IAH4,Pre-flowering-observed,804,1.8632149825515985,1.5551783829066586,-1.091929824325347,0.09297336924299579
CV-GE-B8,2018-IAH4,Pre-season-G-only,804,1.929676457330714,1.6151163010439156,-1.2438311494804886,0.08745197177270046
CV-GE-B8,2018-IAH4,Pre-season-location-history,804,1.4314898237793425,1.133853002032955,-0.2348030857719643,0.0578295041420466
CV-GE-B8,2018-IAH4,Reproductive-stage-observed,804,1.4518396407085934,1.1528600106505118,-0.2701601300682879,0.07630465001101508
CV-GE-B8,2018-ILH1,At-flowering-observed,394,2.4488436497162804,2.0999232029038275,-1.4304931406638701,0.11299044314779505
CV-GE-B8,2018-ILH1,Full-season-nonleaky,394,2.0294996392422306,1.672728780109675,-0.6693609149458501,0.11237210113978209
CV-GE-B8,2018-ILH1,Pre-flowering-observed,394,2.6220540287347354,2.2831186045064493,-1.7864776036672732,0.12582343904311713
CV-GE-B8,2018-ILH1,Pre-season-G-only,394,2.726890884285213,2.391689550635375,-2.0137540319906195,0.12078832564010135
CV-GE-B8,2018-ILH1,Pre-season-location-history,394,1.6726241371321466,1.3148939073187862,-0.13388498270765292,0.08251346055066892
CV-GE-B8,2018-ILH1,Reproductive-stage-observed,394,2.3229139436477118,1.9747512484226386,-1.186948348592587,0.1325460182580571
CV-GE-B8,2018-INH1,At-flowering-observed,407,1.9984645832993821,1.6579839162930876,-1.2351321980938916,0.035137297216429116
CV-GE-B8,2018-INH1,Full-season-nonleaky,407,1.8755114736698792,1.53444902187497,-0.9685649725352619,0.022721234175008886
CV-GE-B8,2018-INH1,Pre-flowering-observed,407,2.2973217064539853,1.9682212379488107,-1.9536153386392971,0.03840672446972128
CV-GE-B8,2018-INH1,Pre-season-G-only,407,2.3952500973893573,2.067278797180925,-2.210790989709636,0.0038905166148506306
CV-GE-B8,2018-INH1,Pre-season-location-history,407,1.3885487265397514,1.1126344658852165,-0.07902759523997349,0.020487698642583582
CV-GE-B8,2018-INH1,Reproductive-stage-observed,407,2.0985044203356154,1.7634602956778112,-1.4645071319730483,0.04008413258401798
CV-GE-B8,2018-MIH1,At-flowering-observed,375,1.4161269343751535,1.0973395746062717,-0.19133235138247429,-0.11281324530389164
CV-GE-B8,2018-MIH1,Full-season-nonleaky,375,1.722092030354587,1.3866630635961155,-0.7617378424823174,-0.10352336161222567
CV-GE-B8,2018-MIH1,Pre-flowering-observed,375,1.5476402608555373,1.1978248858741753,-0.4228810897434936,-0.16085846412360782
CV-GE-B8,2018-MIH1,Pre-season-G-only,375,1.4549517810239438,1.1156770440755264,-0.25755147336113016,-0.17362829908836008
CV-GE-B8,2018-MIH1,Pre-season-location-history,375,1.4179292540006434,1.0949591883237522,-0.19436672348971307,-0.10782972658619658
CV-GE-B8,2018-MIH1,Reproductive-stage-observed,375,2.0305465491421035,1.6988084610708878,-1.4493704226049626,-0.1025755984751759
CV-GE-B8,2018-MNH1,At-flowering-observed,916,2.185503623246103,1.7872427603236032,-0.6636287704438766,-0.12073746599011785
CV-GE-B8,2018-MNH1,Full-season-nonleaky,916,1.8718888339042283,1.4772408592007105,-0.22043166734844344,-0.08531479724952887
CV-GE-B8,2018-MNH1,Pre-flowering-observed,916,2.0307669577609047,1.628265377601479,-0.436393852095855,-0.07345799531119594
CV-GE-B8,2018-MNH1,Pre-season-G-only,916,2.6167025219460354,2.0876059593733323,-1.3848554817370924,-0.1570149222720984
CV-GE-B8,2018-MNH1,Pre-season-location-history,916,2.1796986782985432,1.6954183631325381,-0.6548029346800057,-0.004075169519289575
CV-GE-B8,2018-MNH1,Reproductive-stage-observed,916,1.9501491484953006,1.5651082493869963,-0.3246130096486677,-0.16220202329579683
CV-GE-B8,2018-MOH1,At-flowering-observed,790,2.698110498459707,2.4025939693206344,-3.4354731346212954,0.11717124461911031
CV-GE-B8,2018-MOH1,Full-season-nonleaky,790,2.3897025174387947,2.075310489073486,-2.479430544615562,0.10831728146391172
CV-GE-B8,2018-MOH1,Pre-flowering-observed,790,2.423973912973065,2.1110016443796815,-2.579945150226086,0.10553435458897716
CV-GE-B8,2018-MOH1,Pre-season-G-only,790,2.49941855867073,2.1863640346988102,-2.806260166085726,0.12785769875247666
CV-GE-B8,2018-MOH1,Pre-season-location-history,790,3.5144513104716575,3.2738316827659744,-6.525503314591409,0.09837843051473434
CV-GE-B8,2018-MOH1,Reproductive-stage-observed,790,1.7388159192577097,1.4208359706737557,-0.8421615131876539,0.1158087774951489
CV-GE-B8,2018-NCH1,At-flowering-observed,639,2.6734272166385877,2.1861409292065455,-0.5431003878572418,-0.16521209589438968
CV-GE-B8,2018-NCH1,Full-season-nonleaky,639,3.218683941335806,2.663226688572666,-1.2367328535944515,-0.2579633282089493
CV-GE-B8,2018-NCH1,Pre-flowering-observed,639,2.664543259003013,2.1757416732067325,-0.5328617991683751,-0.20328799448948223
CV-GE-B8,2018-NCH1,Pre-season-G-only,639,2.6813872343320457,2.182510626695049,-0.5523031015359752,-0.3492946087670573
CV-GE-B8,2018-NCH1,Pre-season-location-history,639,3.16721583892421,2.634057246168247,-1.1657721839413466,0.12879843684056974
CV-GE-B8,2018-NCH1,Reproductive-stage-observed,639,3.7588777352715836,3.16853771623291,-2.050519810425158,-0.2882275230341793
CV-GE-B8,2018-NYH1,At-flowering-observed,373,2.8262640660941223,2.329930678254008,-1.4602792005943979,0.16533445070484165
CV-GE-B8,2018-NYH1,Full-season-nonleaky,373,2.2642834786245714,1.7617207908909256,-0.5791395726171569,0.21287092320695405
CV-GE-B8,2018-NYH1,Pre-flowering-observed,373,2.5720293333798967,2.0579847902805852,-1.0375616411407176,0.17222677224631272
CV-GE-B8,2018-NYH1,Pre-season-G-only,373,2.5642373630376625,2.063070990949059,-1.025234743823125,0.2224467255097298
CV-GE-B8,2018-NYH1,Pre-season-location-history,373,2.363826030985738,1.846825002072337,-0.7210359540072566,0.19361534555185062
CV-GE-B8,2018-NYH1,Reproductive-stage-observed,373,2.174771022795348,1.682532193879799,-0.4567532540886319,0.18877833467361782
CV-GE-B8,2018-NYH2,At-flowering-observed,395,2.83620749005086,2.3746096151269325,-1.225076024493092,0.07186682344384254
CV-GE-B8,2018-NYH2,Full-season-nonleaky,395,2.364732178447867,1.9252775250743137,-0.5467950630137031,0.06161934065614345
CV-GE-B8,2018-NYH2,Pre-flowering-observed,395,2.853057394551351,2.3904570143918837,-1.2515929063188156,0.07148736417314203
CV-GE-B8,2018-NYH2,Pre-season-G-only,395,2.046752127084344,1.6420685343171169,-0.1587756372347222,0.05886413340790866
CV-GE-B8,2018-NYH2,Pre-season-location-history,395,2.0189669621616577,1.6176029872717028,-0.12752785475616824,0.08167633228510689
CV-GE-B8,2018-NYH2,Reproductive-stage-observed,395,2.226560845080528,1.7984598546210464,-0.3713174110425683,0.08656867503616442
CV-GE-B8,2018-NYH3,At-flowering-observed,416,2.4520400153669546,2.043106922564029,-1.3247358716597146,0.16706737736944627
CV-GE-B8,2018-NYH3,Full-season-nonleaky,416,2.4215625287551417,2.0140395455446165,-1.2673046878891547,0.17923078379811846
CV-GE-B8,2018-NYH3,Pre-flowering-observed,416,2.2172966276655335,1.807286444707554,-0.9009299071674657,0.17422941911372392
CV-GE-B8,2018-NYH3,Pre-season-G-only,416,1.5953400636024329,1.2437518846510405,0.01593212611229977,0.1603573620497534
CV-GE-B8,2018-NYH3,Pre-season-location-history,416,1.8148266883595796,1.4184066155914958,-0.2734703125380695,0.17421691885822543
CV-GE-B8,2018-NYH3,Reproductive-stage-observed,416,2.8472852802862714,2.461426918173048,-2.1345880701014206,0.1807020085942326
CV-GE-B8,2018-OHH1,At-flowering-observed,380,1.9542299791739062,1.6414211620112047,-0.9260561235227269,-0.01922354897104144
CV-GE-B8,2018-OHH1,Full-season-nonleaky,380,1.830172629045825,1.5242603859756951,-0.6892802602539874,-0.02525219224383985
CV-GE-B8,2018-OHH1,Pre-flowering-observed,380,1.8498394333044352,1.520723286849285,-0.7257809131388324,-0.046682761187324756
CV-GE-B8,2018-OHH1,Pre-season-G-only,380,1.7412464956730789,1.416694008000408,-0.5291078082163629,-0.0346544224636214
CV-GE-B8,2018-OHH1,Pre-season-location-history,380,1.4772348911552886,1.1503293316382799,-0.10056756321614135,-0.05190095372156515
CV-GE-B8,2018-OHH1,Reproductive-stage-observed,380,2.236533914173992,1.9233741573534677,-1.5227172180144848,-0.028253271502880366
CV-GE-B8,2018-SCH1,At-flowering-observed,378,3.6234101125796716,3.3536112233159354,-6.272088953533864,0.01421138394209604
CV-GE-B8,2018-SCH1,Full-season-nonleaky,378,2.9703816077732568,2.6738404167118346,-3.8870714971854845,-0.002616527225529239
CV-GE-B8,2018-SCH1,Pre-flowering-observed,378,3.3222333112135503,3.039234715424639,-5.11342312541737,0.026248061462307595
CV-GE-B8,2018-SCH1,Pre-season-G-only,378,3.29811631189087,3.009119640843069,-5.024987267155129,2.4836505817339603e-05
CV-GE-B8,2018-SCH1,Pre-season-location-history,378,2.472179610496466,2.153062804131214,-2.385199272989608,0.07061161395168122
CV-GE-B8,2018-SCH1,Reproductive-stage-observed,378,3.0426909787770433,2.7497420877732752,-4.127904071899088,0.002158978475889528
CV-GE-B8,2018-TXH1-Dry,At-flowering-observed,369,1.3004100995525554,1.0257281475527826,-0.01231731563415317,0.1400900798082565
CV-GE-B8,2018-TXH1-Dry,Full-season-nonleaky,369,1.3385709324623094,1.0695270170063738,-0.07260243315175874,0.15633227235645822
CV-GE-B8,2018-TXH1-Dry,Pre-flowering-observed,369,1.3922157569229652,1.099570615275804,-0.16029678121336466,0.13900610484698409
CV-GE-B8,2018-TXH1-Dry,Pre-season-G-only,369,2.2237620202941075,1.88647418079018,-1.9602788017658201,0.13552785167928333
CV-GE-B8,2018-TXH1-Dry,Pre-season-location-history,369,1.480358845151242,1.168373879775524,-0.3118675931062591,0.14388750529739044
CV-GE-B8,2018-TXH1-Dry,Reproductive-stage-observed,369,1.285638327666959,1.0186344399597609,0.010550529569906542,0.1589982585295112
CV-GE-B8,2018-TXH1-Early,At-flowering-observed,404,2.0652365909253323,1.7487530952710797,-1.884886336098635,0.023095752873361245
CV-GE-B8,2018-TXH1-Early,Full-season-nonleaky,404,2.1272353978463956,1.819628960056106,-2.060695936327575,0.020440717741552056
CV-GE-B8,2018-TXH1-Early,Pre-flowering-observed,404,1.7666810413195397,1.4337893596454783,-1.11108335561442,0.02120776159282204
CV-GE-B8,2018-TXH1-Early,Pre-season-G-only,404,1.3359772137548285,1.037246773141137,-0.20722212554541675,0.0037789052589373034
CV-GE-B8,2018-TXH1-Early,Pre-season-location-history,404,2.214482835437942,1.9055100660720423,-2.3169102573231832,0.005395147386715693
CV-GE-B8,2018-TXH1-Early,Reproductive-stage-observed,404,2.2568232658986207,1.9499225840390548,-2.444960013504277,0.02046259524188051
CV-GE-B8,2018-TXH1-Late,At-flowering-observed,434,3.0897896382462755,2.8561040697581914,-6.197923473840454,0.09282414624656142
CV-GE-B8,2018-TXH1-Late,Full-season-nonleaky,434,1.6648387158544835,1.3735909721879953,-1.0897471129679666,0.10593154773000338
CV-GE-B8,2018-TXH1-Late,Pre-flowering-observed,434,2.7570987086381415,2.502946812606122,-4.731311719671994,0.09807791427919813
CV-GE-B8,2018-TXH1-Late,Pre-season-G-only,434,3.2068368356466386,2.9850526388543193,-6.753595265390725,0.07527877091886799
CV-GE-B8,2018-TXH1-Late,Pre-season-location-history,434,1.8166582111107306,1.5296421022561772,-1.4882605409553729,0.09009721120708493
CV-GE-B8,2018-TXH1-Late,Reproductive-stage-observed,434,1.7075464476288882,1.416396059049573,-1.1983379239842304,0.10265711471958049
CV-GE-B8,2018-TXH2,At-flowering-observed,443,3.3480530554372474,2.9894762436077222,-3.670303204573057,0.01892898584581904
CV-GE-B8,2018-TXH2,Full-season-nonleaky,443,2.5577783887681016,2.1574323463076257,-1.725751381559229,0.04764732639057333
CV-GE-B8,2018-TXH2,Pre-flowering-observed,443,2.997005875308662,2.6102524785149823,-2.742274172911013,0.027578148980609448
CV-GE-B8,2018-TXH2,Pre-season-G-only,443,1.976119906335691,1.5772770038433044,-0.6269979275504822,0.017198997367569937
CV-GE-B8,2018-TXH2,Pre-season-location-history,443,1.6364351259511305,1.2805630019632792,-0.11572714600915956,0.05132213342236324
CV-GE-B8,2018-TXH2,Reproductive-stage-observed,443,4.0590376588072905,3.7495817780901057,-5.864463101846168,0.027164011356002646
CV-GE-B8,2018-WIH1,At-flowering-observed,401,2.124352474801111,1.680801008605115,-0.387388591434761,-0.07863969441490197
CV-GE-B8,2018-WIH1,Full-season-nonleaky,401,1.9908012340414287,1.5867787064543986,-0.21843051606685115,-0.0715026714836815
CV-GE-B8,2018-WIH1,Pre-flowering-observed,401,1.9028742629306599,1.486843227301055,-0.11317937035555303,-0.09419884894966796
CV-GE-B8,2018-WIH1,Pre-season-G-only,401,2.2702995756929356,1.8314013734045613,-0.5845695314741637,-0.06562972374926009
CV-GE-B8,2018-WIH1,Pre-season-location-history,401,1.9119778838036283,1.5003706743971774,-0.12385606540431726,-0.07729987606461002
CV-GE-B8,2018-WIH1,Reproductive-stage-observed,401,1.8612059692340313,1.4670943409791801,-0.06496133028740347,-0.0727666582730998
CV-GE-B8,2018-WIH2,At-flowering-observed,815,4.40596215742362,4.032495269669271,-4.803044538520629,0.06144260143253479
CV-GE-B8,2018-WIH2,Full-season-nonleaky,815,2.8503031039395483,2.3354445640145096,-1.4286026798578586,0.03417283894896833
CV-GE-B8,2018-WIH2,Pre-flowering-observed,815,3.8624702683909957,3.423809201511244,-3.459690061613034,-0.02291492849050968
CV-GE-B8,2018-WIH2,Pre-season-G-only,815,2.5298128047191026,1.9699656808542079,-0.913159379456064,-0.1033505557484843
CV-GE-B8,2018-WIH2,Pre-season-location-history,815,2.3314753458193738,1.8167927643103656,-0.6249351494810922,0.09948511490968158
CV-GE-B8,2018-WIH2,Reproductive-stage-observed,815,2.89031331359222,2.378802933157476,-1.4972626695957252,0.031237102269835854
CV-GE-B8,2019-DEH1,At-flowering-observed,814,2.6506214338537335,2.213819107776094,-1.0054328643807473,0.055546139019472564
CV-GE-B8,2019-DEH1,Full-season-nonleaky,814,3.5024741996533724,3.052534315602268,-2.501568335869406,0.023614042245132267
CV-GE-B8,2019-DEH1,Pre-flowering-observed,814,2.748078685652654,2.307657523232854,-1.155614241282946,0.03731219348963959
CV-GE-B8,2019-DEH1,Pre-season-G-only,814,2.5401711819192716,2.1021333859046716,-0.8417839586327962,-0.0027833674649451784
CV-GE-B8,2019-DEH1,Pre-season-location-history,814,2.9957414265214704,2.548751238027804,-1.561659292383252,0.09731284560573132
CV-GE-B8,2019-DEH1,Reproductive-stage-observed,814,3.127062766135656,2.671282679639231,-1.79116759020725,0.013623956248131423
CV-GE-B8,2019-GAH2,At-flowering-observed,390,2.290814524603463,1.9439665596028357,-1.4742770240338636,-0.1064492466495629
CV-GE-B8,2019-GAH2,Full-season-nonleaky,390,2.8382031447708784,2.4952929943295517,-2.7980040200914824,-0.0965267872369714
CV-GE-B8,2019-GAH2,Pre-flowering-observed,390,2.4695957991370974,2.1193366239682456,-1.8755453532493278,-0.09422973676167726
CV-GE-B8,2019-GAH2,Pre-season-G-only,390,3.332486792763199,2.991057798292806,-4.2360687478358825,-0.06664327162201808
CV-GE-B8,2019-GAH2,Pre-season-location-history,390,3.677436048394718,3.3584620258309266,-5.376152919098544,-0.12416072231804334
CV-GE-B8,2019-GAH2,Reproductive-stage-observed,390,2.7992284718687612,2.4545344986795308,-2.694410585508003,-0.08378535914252966
CV-GE-B8,2019-IAH4,At-flowering-observed,1140,2.3689488587861334,2.0803170696397575,-2.300203313930599,0.021516928118777028
CV-GE-B8,2019-IAH4,Full-season-nonleaky,1140,1.7267568313886161,1.4223073052124982,-0.7534431561563675,-0.004527317490123582
CV-GE-B8,2019-IAH4,Pre-flowering-observed,1140,2.3736362216388738,2.0824782497114476,-2.313276246777344,0.013304883953270896
CV-GE-B8,2019-IAH4,Pre-season-G-only,1140,2.6058650069102582,2.3115097035894023,-2.9933111754850947,-0.010781674787822118
CV-GE-B8,2019-IAH4,Pre-season-location-history,1140,1.773327664708915,1.4798728473466845,-0.8492997214877329,0.02607438146968853
CV-GE-B8,2019-IAH4,Reproductive-stage-observed,1140,1.685535545297833,1.3894827059462451,-0.6707257135001017,0.014621995393227396
CV-GE-B8,2019-ILH1,At-flowering-observed,448,4.246613132176406,3.9274008256190536,-5.325265619122504,0.20586666588375524
CV-GE-B8,2019-ILH1,Full-season-nonleaky,448,3.192432943583791,2.8286939767573096,-2.5746780895935486,0.21827494036990103
CV-GE-B8,2019-ILH1,Pre-flowering-observed,448,4.521223843537621,4.215124448246035,-6.169772728942806,0.20287840159318016
CV-GE-B8,2019-ILH1,Pre-season-G-only,448,4.607894565637319,4.307001563384697,-6.447292945614713,0.19824611067143966
CV-GE-B8,2019-ILH1,Pre-season-location-history,448,3.446580127597613,3.088203761218096,-3.166487949634705,0.2071942857971998
CV-GE-B8,2019-ILH1,Reproductive-stage-observed,448,3.3103140479342335,2.950533763379944,-2.8435431841265935,0.2155481574595149
CV-GE-B8,2019-INH1,At-flowering-observed,440,4.373554295134622,4.091587142148786,-6.91250976810209,0.08102238033482952
CV-GE-B8,2019-INH1,Full-season-nonleaky,440,3.8606634834159426,3.5529261852032326,-5.165511468528212,0.11026931064905632
CV-GE-B8,2019-INH1,Pre-flowering-observed,440,4.730305520460057,4.467570921153045,-8.256005371339686,0.08209466543170281
CV-GE-B8,2019-INH1,Pre-season-G-only,440,5.302684019063212,5.065143299831801,-10.63152643104068,0.06135454473525539
CV-GE-B8,2019-INH1,Pre-season-location-history,440,4.097122282212677,3.794629805434252,-5.943893741337712,0.06707465306082708
CV-GE-B8,2019-INH1,Reproductive-stage-observed,440,4.170984316376758,3.881902291253982,-6.196516541997711,0.10933179920682286
CV-GE-B8,2019-MIH1,At-flowering-observed,454,1.9482475134407902,1.592270711491433,-0.214313642980815,0.07758713954231826
CV-GE-B8,2019-MIH1,Full-season-nonleaky,454,1.7799711707267631,1.4183778099790358,-0.01360454629390162,0.06825987270652639
CV-GE-B8,2019-MIH1,Pre-flowering-observed,454,1.8716031278366931,1.5235735698677881,-0.12065036727532785,0.07520596270055015
CV-GE-B8,2019-MIH1,Pre-season-G-only,454,1.858831548132852,1.5106735233019186,-0.10540820185563127,0.07687160018308713
CV-GE-B8,2019-MIH1,Pre-season-location-history,454,1.868586596209709,1.5182406960214332,-0.11704089152094976,0.05490433984551854
CV-GE-B8,2019-MIH1,Reproductive-stage-observed,454,1.802065258430184,1.4560871780734344,-0.03892367083906234,0.07552248832108834
CV-GE-B8,2019-MNH1,At-flowering-observed,1001,3.9431482148665356,3.5739707708258788,-3.648736947472867,-0.0601500992693529
CV-GE-B8,2019-MNH1,Full-season-nonleaky,1001,3.4303787888623094,3.0442512794246093,-2.5183004619277556,-0.05646438798421371
CV-GE-B8,2019-MNH1,Pre-flowering-observed,1001,3.6903175009337885,3.332221653770111,-3.0717043349786852,0.04223410481983338
CV-GE-B8,2019-MNH1,Pre-season-G-only,1001,2.178110786598449,1.7826341449572933,-0.418432587355702,0.13184245011671283
CV-GE-B8,2019-MNH1,Pre-season-location-history,1001,2.101662581623532,1.7034424118486924,-0.3206105208375958,-0.10457589701355449
CV-GE-B8,2019-MNH1,Reproductive-stage-observed,1001,3.641409102258147,3.2678884538010378,-2.9644935503660905,-0.052064288966707326
CV-GE-B8,2019-MOH1,At-flowering-observed,515,3.631959310404328,3.2195052225718035,-2.9953068268470076,-0.08301728560147897
CV-GE-B8,2019-MOH1,Full-season-nonleaky,515,3.3624053143745494,2.94888681906577,-2.4242724790394687,-0.07412836326496854
CV-GE-B8,2019-MOH1,Pre-flowering-observed,515,3.1956722897901284,2.7846177939455985,-2.0930907504520104,-0.0830754522530158
CV-GE-B8,2019-MOH1,Pre-season-G-only,515,2.9951401295756024,2.585280101504567,-1.717080342809258,-0.11125665901171279
CV-GE-B8,2019-MOH1,Pre-season-location-history,515,4.196061083730884,3.79394143528587,-4.332756971416414,-0.08583208642899634
CV-GE-B8,2019-MOH1,Reproductive-stage-observed,515,2.62709853403584,2.248004597131234,-1.0903591643682171,-0.09178813730890216
CV-GE-B8,2019-NEH1,At-flowering-observed,308,4.281148234173408,3.8117443904913726,-2.855271394941354,0.10157204650663332
CV-GE-B8,2019-NEH1,Full-season-nonleaky,308,2.6930775568341825,2.241897339426966,-0.5255700228819145,0.1175171089136465
CV-GE-B8,2019-NEH1,Pre-flowering-observed,308,4.020546400678002,3.5546543843008607,-2.4002009335238106,0.10795673416919187
CV-GE-B8,2019-NEH1,Pre-season-G-only,308,2.9236338027409894,2.4630785065147367,-0.7979614426036403,0.10037609330710914
CV-GE-B8,2019-NEH1,Pre-season-location-history,308,3.8130927771338143,3.341925261973453,-2.0583639765331996,0.09288610623663142
CV-GE-B8,2019-NEH1,Reproductive-stage-observed,308,3.067244179023114,2.6073580327873853,-0.9789331648279673,0.11345582172024839
CV-GE-B8,2019-NEH2,At-flowering-observed,170,2.545337474252128,2.206195192438256,-1.8983919050111053,0.20402089422184735
CV-GE-B8,2019-NEH2,Full-season-nonleaky,170,1.684614456347363,1.3499403989138867,-0.26960145495534005,0.2301695390568872
CV-GE-B8,2019-NEH2,Pre-flowering-observed,170,2.5319054715283316,2.1916702445425327,-1.867882405662698,0.2056291663180939
CV-GE-B8,2019-NEH2,Pre-season-G-only,170,2.741674078622724,2.41449964753823,-2.362776602171884,0.23719138915946608
CV-GE-B8,2019-NEH2,Pre-season-location-history,170,3.2464697528218216,2.9416829706474226,-3.715080229244572,0.2183822754228161
CV-GE-B8,2019-NEH2,Reproductive-stage-observed,170,2.179151087668288,1.8461006919228777,-1.1244232692334908,0.23458509095677418
CV-GE-B8,2019-NEH2L,At-flowering-observed,174,2.446612235743879,1.9769551405096373,-0.2777974675425947,0.12585663106900347
CV-GE-B8,2019-NEH2L,Full-season-nonleaky,174,2.3942424531873026,1.8137919521699757,-0.22368036285828996,0.1347411971799903
CV-GE-B8,2019-NEH2L,Pre-flowering-observed,174,2.1568323853052576,1.7019531626999553,0.00696506278236797,0.15006949985696175
CV-GE-B8,2019-NEH2L,Pre-season-G-only,174,2.1692102086375766,1.7282299228664806,-0.00446547878414516,0.16224750161344495
CV-GE-B8,2019-NEH2L,Pre-season-location-history,174,2.9139787204146694,2.450973508395548,-0.8126104870113535,0.16482575733343985
CV-GE-B8,2019-NEH2L,Reproductive-stage-observed,174,2.1499430371315804,1.686458304660493,0.013298829972963944,0.13491529077310904
CV-GE-B8,2019-NYH1,At-flowering-observed,201,1.5356637629901848,1.161631716236631,-0.1757346831399429,0.1863870979841101
CV-GE-B8,2019-NYH1,Full-season-nonleaky,201,2.7499263418585396,2.403992392781762,-2.770154773558946,0.1684698354368805
CV-GE-B8,2019-NYH1,Pre-flowering-observed,201,1.5524237420340776,1.1820234382877666,-0.20153827276744973,0.18919002747835056
CV-GE-B8,2019-NYH1,Pre-season-G-only,201,1.4214912092966645,1.1211622718531897,-0.007408042280005578,0.18449021473299537
CV-GE-B8,2019-NYH1,Pre-season-location-history,201,1.6833876968935433,1.3954208364077783,-0.41281518658799365,0.17733348256534698
CV-GE-B8,2019-NYH1,Reproductive-stage-observed,201,2.4233481136389696,2.0565157535030347,-1.9278489468376492,0.1799043813300146
CV-GE-B8,2019-NYH2,At-flowering-observed,402,4.258090966998548,3.911274176365224,-4.542219278036245,0.08119840965756081
CV-GE-B8,2019-NYH2,Full-season-nonleaky,402,3.332896864233151,2.9446111114093765,-2.3954519087298345,0.08288886979548828
CV-GE-B8,2019-NYH2,Pre-flowering-observed,402,3.6050061125281516,3.2277229790858653,-2.9725177387267223,0.08321118768165302
CV-GE-B8,2019-NYH2,Pre-season-G-only,402,3.7463171139580904,3.3714203205228372,-3.2900554621969107,0.08637979031011674
CV-GE-B8,2019-NYH2,Pre-season-location-history,402,4.381335069941256,4.040594051759751,-4.867684713630935,0.06972634497218594
CV-GE-B8,2019-NYH2,Reproductive-stage-observed,402,3.9418525964325535,3.581144757329331,-3.749573298275073,0.08258168070522641
CV-GE-B8,2019-NYH3,At-flowering-observed,573,4.277412775892572,3.8270596583891683,-3.236236437324992,0.09162671303290992
CV-GE-B8,2019-NYH3,Full-season-nonleaky,573,2.8471959897541965,2.377149069889413,-0.8769495240236371,0.10911757251402425
CV-GE-B8,2019-NYH3,Pre-flowering-observed,573,3.877386671320029,3.408844891800433,-2.4809364371734013,0.09397821899534177
CV-GE-B8,2019-NYH3,Pre-season-G-only,573,3.9306796956699794,3.4643003041348144,-2.577282002613748,0.09014353531334407
CV-GE-B8,2019-NYH3,Pre-season-location-history,573,3.2947308137969324,2.812629681592091,-1.5133776114276758,0.08456931073127825
CV-GE-B8,2019-NYH3,Reproductive-stage-observed,573,2.993783819112687,2.5185638505140044,-1.0751941785467336,0.10960165702697139
CV-GE-B8,2019-OHH1,At-flowering-observed,367,2.905909575631124,2.596784334389031,-1.9860629830265863,0.07202063260090753
CV-GE-B8,2019-OHH1,Full-season-nonleaky,367,3.262131214314988,2.974402452431633,-2.7630295043307513,0.09540062282293266
CV-GE-B8,2019-OHH1,Pre-flowering-observed,367,3.3784685854215533,3.088378003319653,-3.0362173198278057,0.05480673755806552
CV-GE-B8,2019-OHH1,Pre-season-G-only,367,2.551482520307254,2.2236450204312574,-1.3020776395090299,0.0726897425127653
CV-GE-B8,2019-OHH1,Pre-season-location-history,367,1.9454748481325932,1.5838030129056835,-0.3384002607060186,0.09279714550378024
CV-GE-B8,2019-OHH1,Reproductive-stage-observed,367,3.2317574323215017,2.9406599219622844,-2.6932804248285387,0.07559621622632803
CV-GE-B8,2019-SCH1,At-flowering-observed,365,5.946592827868787,5.86184641341569,-35.91713737076274,0.12177316902326628
CV-GE-B8,2019-SCH1,Full-season-nonleaky,365,4.851431766209804,4.750506647057014,-23.571488563952066,0.1518262009462802
CV-GE-B8,2019-SCH1,Pre-flowering-observed,365,5.59724815960909,5.5068092467679755,-31.707001929894908,0.12872539412575207
CV-GE-B8,2019-SCH1,Pre-season-G-only,365,5.713882800325192,5.623514778058108,-33.08429130976122,0.10073371300980623
CV-GE-B8,2019-SCH1,Pre-season-location-history,365,4.799336383109237,4.694819795660061,-23.046617379593922,0.144937057825038
CV-GE-B8,2019-SCH1,Reproductive-stage-observed,365,4.927410640439121,4.827492677740139,-24.34714948880291,0.14734527960034355
CV-GE-B8,2019-TXH1,At-flowering-observed,571,1.780347060049476,1.3361104439899285,-0.026555688286302725,0.0364138305128596
CV-GE-B8,2019-TXH1,Full-season-nonleaky,571,1.9106239374900156,1.540111986374929,-0.18228886534947475,0.017175445211786253
CV-GE-B8,2019-TXH1,Pre-flowering-observed,571,1.8078465276228781,1.3986070745993258,-0.05851322683796267,0.03859057280532982
CV-GE-B8,2019-TXH1,Pre-season-G-only,571,1.922719047637039,1.4034715061382141,-0.19730508724341012,0.019771019051964905
CV-GE-B8,2019-TXH1,Pre-season-location-history,571,2.007341714090387,1.652727402333712,-0.3050158598550299,0.022358696943919624
CV-GE-B8,2019-TXH1,Reproductive-stage-observed,571,1.8193032483996765,1.417790080525553,-0.07197179902468775,0.03640273237934571
CV-GE-B8,2019-TXH2,At-flowering-observed,438,1.564863622429473,1.266242159106866,-0.20548479471264725,-0.003786059260883168
CV-GE-B8,2019-TXH2,Full-season-nonleaky,438,1.5215748067956787,1.229948499592756,-0.1397126401532598,0.0010669190095148047
CV-GE-B8,2019-TXH2,Pre-flowering-observed,438,1.5697230465467307,1.2711557202926476,-0.21298328501461095,-0.003370118100419442
CV-GE-B8,2019-TXH2,Pre-season-G-only,438,1.4840682369405978,1.1954579560433065,-0.0842176860553836,-0.015459519572540619
CV-GE-B8,2019-TXH2,Pre-season-location-history,438,1.520683924703821,1.2235190541634124,-0.13837842729321648,0.016760795865444374
CV-GE-B8,2019-TXH2,Reproductive-stage-observed,438,1.4818846540909472,1.2000751157851244,-0.08102950724903146,0.0034971352295579995
CV-GE-B8,2019-TXH3,At-flowering-observed,445,1.70289654748235,1.34407715599335,-0.24179006430453942,0.025945851285453264
CV-GE-B8,2019-TXH3,Full-season-nonleaky,445,1.6150296649349478,1.2726612486374747,-0.11694723788730554,0.0371715765362736
CV-GE-B8,2019-TXH3,Pre-flowering-observed,445,1.5909515802332965,1.2396279169667097,-0.0838909131676644,0.023423613382977514
CV-GE-B8,2019-TXH3,Pre-season-G-only,445,1.6580052627078918,1.2941978089139865,-0.1771815863161843,0.009020706275967036
CV-GE-B8,2019-TXH3,Pre-season-location-history,445,6.33718669455117,6.140971173838968,-16.197473706815966,0.05595754852685516
CV-GE-B8,2019-TXH3,Reproductive-stage-observed,445,1.679688859063623,1.3259954554937223,-0.20817357885403087,0.03271765430494566
CV-GE-B8,2019-WIH1,At-flowering-observed,580,2.3767222916672894,1.9619505989639179,-0.1600729023402423,0.03662545055971304
CV-GE-B8,2019-WIH1,Full-season-nonleaky,580,3.035389897144896,2.620282155014461,-0.8921578855148657,0.040657489649109015
CV-GE-B8,2019-WIH1,Pre-flowering-observed,580,2.23772048024099,1.7349092424551678,-0.028347926524036282,0.02902299061494388
CV-GE-B8,2019-WIH1,Pre-season-G-only,580,3.208879446453317,2.791268634873965,-1.1146339790196929,0.04181403318655506
CV-GE-B8,2019-WIH1,Pre-season-location-history,580,2.4840438889153735,2.0831603147729996,-0.267205161070458,0.03142725589918304
CV-GE-B8,2019-WIH1,Reproductive-stage-observed,580,2.943196477457482,2.529759484820917,-0.7789629918703342,0.03576410421574935
CV-GE-B8,2019-WIH2,At-flowering-observed,1113,3.757760211664709,3.373143694080003,-4.081729577065279,0.012068917344587985
CV-GE-B8,2019-WIH2,Full-season-nonleaky,1113,2.948074676784198,2.5197514026985046,-2.127738123954806,0.013241493253999748
CV-GE-B8,2019-WIH2,Pre-flowering-observed,1113,2.6210389578629933,2.181208789668359,-1.4722954831450061,0.09307082353272193
CV-GE-B8,2019-WIH2,Pre-season-G-only,1113,2.2600403614281683,1.8237743113134666,-0.8381705907122421,0.1702068655639699
CV-GE-B8,2019-WIH2,Pre-season-location-history,1113,2.1735712543095764,1.7480132217608852,-0.7002046000107385,-0.03676766484621998
CV-GE-B8,2019-WIH2,Reproductive-stage-observed,1113,3.8646677095907123,3.4945356254909923,-4.374990984704942,0.022359090768043672
CV-GE-B8,2020-DEH1,At-flowering-observed,1143,2.96540016837579,2.5279474432567164,-1.3952330405162274,0.50018438430028
CV-GE-B8,2020-DEH1,Full-season-nonleaky,1143,1.9480345544768383,1.4969084423840446,-0.033652288304562905,0.4878254371078374
CV-GE-B8,2020-DEH1,Pre-flowering-observed,1143,2.7994564451278197,2.3471129432835087,-1.134659389644629,0.503444210824861
CV-GE-B8,2020-DEH1,Pre-season-G-only,1143,2.332538236431847,1.879572099942111,-0.48196757482415276,0.5111098806445781
CV-GE-B8,2020-DEH1,Pre-season-location-history,1143,2.8370590962576014,2.331814468436441,-1.1923905560724535,0.42192317044875743
CV-GE-B8,2020-DEH1,Reproductive-stage-observed,1143,2.085376102368213,1.6270353638581558,-0.18454057847018013,0.5056893289336918
CV-GE-B8,2020-INH1,At-flowering-observed,415,2.0538976791431782,1.6205487349254173,-0.5700046363848741,0.08069475337808882
CV-GE-B8,2020-INH1,Full-season-nonleaky,415,1.7551447371698534,1.365687629044153,-0.14648716973145204,0.07101089297810344
CV-GE-B8,2020-INH1,Pre-flowering-observed,415,2.8539812223811816,2.4432023965343657,-2.0314160755672646,0.08673331479618329
CV-GE-B8,2020-INH1,Pre-season-G-only,415,2.1441259656532257,1.692776320113372,-0.71097600525751,0.04670276753197509
CV-GE-B8,2020-INH1,Pre-season-location-history,415,1.8746111159698273,1.4937383424161346,-0.30787338638602835,0.10914935569786877
CV-GE-B8,2020-INH1,Reproductive-stage-observed,415,1.762384877966065,1.3698918122642476,-0.15596541845407774,0.07519832374882804
CV-GE-B8,2020-MIH1,At-flowering-observed,415,3.3837987037302804,3.113926720271276,-6.193955286438771,0.0212034236195458
CV-GE-B8,2020-MIH1,Full-season-nonleaky,415,3.3004714622746962,3.029586599829898,-5.844010365606323,0.023300293724562857
CV-GE-B8,2020-MIH1,Pre-flowering-observed,415,3.585578860687814,3.322980915721289,-7.077505310840792,0.011756574794082921
CV-GE-B8,2020-MIH1,Pre-season-G-only,415,3.295467942650305,3.021908593626493,-5.823275035226184,0.01678134995530077
CV-GE-B8,2020-MIH1,Pre-season-location-history,415,2.8889627473526165,2.6095986204550643,-4.243757244775487,0.08678326937792778
CV-GE-B8,2020-MIH1,Reproductive-stage-observed,415,2.8432923679060575,2.5459136181228468,-4.079275075459747,0.026511511304186094
CV-GE-B8,2020-MNH1,At-flowering-observed,392,1.634626132696649,1.2636830470177582,-0.23601667622297628,0.26508524880009177
CV-GE-B8,2020-MNH1,Full-season-nonleaky,392,1.6165002555539647,1.246633209461704,-0.20875702216808478,0.2513849027566199
CV-GE-B8,2020-MNH1,Pre-flowering-observed,392,1.4577015735016714,1.1177808617908986,0.01706522521542131,0.253539122039089
CV-GE-B8,2020-MNH1,Pre-season-G-only,392,1.4999975462242146,1.1505299785348357,-0.0408030401423396,0.2630399104158291
CV-GE-B8,2020-MNH1,Pre-season-location-history,392,1.6575349748490409,1.3497359734746313,-0.27090432284695165,0.2510473116301955
CV-GE-B8,2020-MNH1,Reproductive-stage-observed,392,1.5488094421096013,1.1890106935125553,-0.10964338897974835,0.24807386816199037
CV-GE-B8,2020-NEH1,At-flowering-observed,246,1.844626691822315,1.407733103603882,-0.019597148002380882,0.1835934294566125
CV-GE-B8,2020-NEH1,Full-season-nonleaky,246,1.81518412384847,1.4676189024904434,0.012691209816572124,0.13325549273315232
CV-GE-B8,2020-NEH1,Pre-flowering-observed,246,1.8389011569384968,1.5167780048167954,-0.013277517924291882,0.17957324100289848
CV-GE-B8,2020-NEH1,Pre-season-G-only,246,1.846952586149723,1.4055717419836242,-0.022169994131916892,0.2031070472822055
CV-GE-B8,2020-NEH1,Pre-season-location-history,246,2.3195019085237014,1.7813090723908114,-0.6121338731026313,0.19165752633804825
CV-GE-B8,2020-NEH1,Reproductive-stage-observed,246,1.8172389686143235,1.470305707987137,0.010454616199066291,0.12905018552749584
CV-GE-B8,2020-NEH2,At-flowering-observed,245,1.5068247980131637,1.2496394885029216,-0.6515837069857322,-0.0737494751220471
CV-GE-B8,2020-NEH2,Full-season-nonleaky,245,2.4983559848874606,2.2846682868513652,-3.540291244704026,0.02362342892234043
CV-GE-B8,2020-NEH2,Pre-flowering-observed,245,1.54906133084642,1.2969732361907393,-0.7454696341364313,-0.056774056264827996
CV-GE-B8,2020-NEH2,Pre-season-G-only,245,1.7450621934927593,1.5079685463480952,-1.2151181296984435,-0.030874940044561035
CV-GE-B8,2020-NEH2,Pre-season-location-history,245,1.782372902335421,1.5500106865482581,-1.3108524380003574,0.0030775591698187403
CV-GE-B8,2020-NEH2,Reproductive-stage-observed,245,2.2956715653090902,2.077689446433758,-2.833492184597497,0.0004499018114779412
CV-GE-B8,2020-NYH1,At-flowering-observed,22,1.9703699799232028,1.75228657194582,-0.21344415021172036,0.09126437231493753
CV-GE-B8,2020-NYH1,Full-season-nonleaky,22,1.923153472190281,1.4391323921185866,-0.15598477684108403,0.20785748600146975
CV-GE-B8,2020-NYH1,Pre-flowering-observed,22,1.9275783004332832,1.6884806883648318,-0.16131032006700452,0.09543698235920182
CV-GE-B8,2020-NYH1,Pre-season-G-only,22,2.5436956098540753,1.95742260125218,-1.0223415702152892,0.010656793331646172
CV-GE-B8,2020-NYH1,Pre-season-location-history,22,2.2259949056732147,1.7029351892521505,-0.548718764600487,0.09942711806412917
CV-GE-B8,2020-NYH1,Reproductive-stage-observed,22,1.8555393637428306,1.4407083480790406,-0.07612958740336762,0.13273984861708002
CV-GE-B8,2020-NYH2,At-flowering-observed,386,2.14666151168628,1.6539733849844382,-0.01238151177584701,0.10017487460747744
CV-GE-B8,2020-NYH2,Full-season-nonleaky,386,2.229156778289752,1.7164144072743837,-0.09168738940908683,0.09963485272372556
CV-GE-B8,2020-NYH2,Pre-flowering-observed,386,2.213902165601154,1.7037147453836585,-0.0767971964306251,0.1019734033536391
CV-GE-B8,2020-NYH2,Pre-season-G-only,386,2.1592500058228254,1.7135917356486539,-0.024289981288486695,0.12737725203824365
CV-GE-B8,2020-NYH2,Pre-season-location-history,386,2.159908515458548,1.7030670100429655,-0.024914834985830803,0.11970237241429742
CV-GE-B8,2020-NYH2,Reproductive-stage-observed,386,2.142765501592209,1.651196869393084,-0.008710071888605952,0.08417199291604877
CV-GE-B8,2020-NYH3,At-flowering-observed,379,2.46246824785101,1.9648762092465608,-0.22308569263785305,-0.026374082208881624
CV-GE-B8,2020-NYH3,Full-season-nonleaky,379,2.364400127956633,1.8509731923633495,-0.12760646152736888,-0.011139717695335147
CV-GE-B8,2020-NYH3,Pre-flowering-observed,379,2.485520088878299,1.9931390088564382,-0.24609215749202695,-0.019978387307095852
CV-GE-B8,2020-NYH3,Pre-season-G-only,379,2.3581227399654283,1.835098254389229,-0.121626909495407,-0.010196488900269458
CV-GE-B8,2020-NYH3,Pre-season-location-history,379,2.343881306991981,1.8192899319993032,-0.10812011487167306,-0.033705303774592243
CV-GE-B8,2020-NYH3,Reproductive-stage-observed,379,2.34075524298122,1.8222181917334759,-0.10516625848493355,-0.01351384243791559
CV-GE-B8,2020-OHH1,At-flowering-observed,396,3.669716554002302,3.4482010100072795,-7.3951390142949815,0.11593471823026612
CV-GE-B8,2020-OHH1,Full-season-nonleaky,396,2.7847850565025065,2.5074385164095436,-3.8344403898157795,0.10142485082662112
CV-GE-B8,2020-OHH1,Pre-flowering-observed,396,4.563535232672215,4.382933925672689,-11.982719251795569,0.10503395824134087
CV-GE-B8,2020-OHH1,Pre-season-G-only,396,2.71346954848643,2.4158925034986085,-3.5900007264858624,0.08691142823510291
CV-GE-B8,2020-OHH1,Pre-season-location-history,396,2.4932982427495105,2.2021054077490803,-2.875353392832437,0.09195728963730777
CV-GE-B8,2020-OHH1,Reproductive-stage-observed,396,3.0256019841426656,2.7649645888055026,-4.706718399283292,0.1079693703527724
CV-GE-B8,2020-SCH1,At-flowering-observed,398,4.65773246402501,4.470598330512657,-12.65439987121756,-0.03239274984159249
CV-GE-B8,2020-SCH1,Full-season-nonleaky,398,3.7790090396732388,3.5565008941717533,-7.988338091147954,0.0013875184371793816
CV-GE-B8,2020-SCH1,Pre-flowering-observed,398,4.137717144121503,3.9285989051574286,-9.775691164615802,-0.024848906648914846
CV-GE-B8,2020-SCH1,Pre-season-G-only,398,4.779974994617216,4.597975354161633,-13.380526529684783,-0.02175820532731702
CV-GE-B8,2020-SCH1,Pre-season-location-history,398,1.3212709803332436,1.0331189260279612,-0.09877136101454886,0.0186890388105261
CV-GE-B8,2020-SCH1,Reproductive-stage-observed,398,3.6985573189889145,3.4698826063074115,-7.609704490735746,-0.023598449793972975
CV-GE-B8,2020-TXH1,At-flowering-observed,246,1.6160069644380821,1.2414261271852527,0.050646152975285075,0.22684922664177662
CV-GE-B8,2020-TXH1,Full-season-nonleaky,246,1.8325719692017783,1.411210554635817,-0.22085401874440724,0.11370944105708061
CV-GE-B8,2020-TXH1,Pre-flowering-observed,246,1.6595684199170033,1.290543036391318,-0.0012256853049148475,0.20311083725597578
CV-GE-B8,2020-TXH1,Pre-season-G-only,246,1.6574922993284256,1.266333814153588,0.0012778150373592423,0.14074093633528723
CV-GE-B8,2020-TXH1,Pre-season-location-history,246,1.7795622644370004,1.3994164765817232,-0.15124573515790551,0.0931491792088877
CV-GE-B8,2020-TXH1,Reproductive-stage-observed,246,1.6768602623539002,1.2854202100513916,-0.022198888962483343,0.19090662075914777
CV-GE-B8,2020-TXH2,At-flowering-observed,245,3.136923630046927,2.8185513217095544,-3.034893389081102,0.07289713973116715
CV-GE-B8,2020-TXH2,Full-season-nonleaky,245,3.050292550711392,2.7254657565540006,-2.815110848888068,0.0067139179350246235
CV-GE-B8,2020-TXH2,Pre-flowering-observed,245,3.510961473450446,3.210339782772734,-4.054477882825803,0.09203760308616801
CV-GE-B8,2020-TXH2,Pre-season-G-only,245,2.636305094412715,2.283297430120118,-1.8498074042936627,0.06582962257646824
CV-GE-B8,2020-TXH2,Pre-season-location-history,245,2.6426120847166024,2.3016226156866018,-1.863459244130198,0.0502526638181913
CV-GE-B8,2020-TXH2,Reproductive-stage-observed,245,2.877338274472399,2.547178691044252,-2.3947360961874686,0.07656176051843555
CV-GE-B8,2020-TXH3,At-flowering-observed,246,1.8529080667625946,1.518971693995667,-1.084822766205635,-0.07174054238254358
CV-GE-B8,2020-TXH3,Full-season-nonleaky,246,1.9428795149553584,1.6215412089596561,-1.2922033097383072,-0.01931684475563279
CV-GE-B8,2020-TXH3,Pre-flowering-observed,246,2.2136324506407594,1.8939118250369242,-1.9755854208390438,-0.03419204690641991
CV-GE-B8,2020-TXH3,Pre-season-G-only,246,1.783286836219772,1.4546297253528975,-0.9310957330666125,-0.050176234825390006
CV-GE-B8,2020-TXH3,Pre-season-location-history,246,7.033075874551015,6.903142951025424,-29.036685149187672,-0.06750362563587753
CV-GE-B8,2020-TXH3,Reproductive-stage-observed,246,1.8904877321341036,1.5624059572354623,-1.170246795805149,-0.05665778634377641
CV-GE-B8,2020-WIH1,At-flowering-observed,394,2.292281051693088,1.862295113750325,-0.2057178788508125,0.12431022426433459
CV-GE-B8,2020-WIH1,Full-season-nonleaky,394,2.2080259370415254,1.7801141580113695,-0.11871204251268952,0.11848775969966165
CV-GE-B8,2020-WIH1,Pre-flowering-observed,394,2.1548135014330443,1.7311180272891924,-0.0654408596896896,0.11119229079856636
CV-GE-B8,2020-WIH1,Pre-season-G-only,394,2.1952057208946103,1.7656328327477337,-0.10575884899153354,0.16084339659094476
CV-GE-B8,2020-WIH1,Pre-season-location-history,394,2.1204599244742437,1.6482401043750188,-0.03173962357167537,0.12753649861707705
CV-GE-B8,2020-WIH1,Reproductive-stage-observed,394,2.474151543017951,2.0348231983762424,-0.40463202399635656,0.09892036996729635
CV-GE-B8,2020-WIH2,At-flowering-observed,1147,2.9217313707235744,2.4165425744652596,-0.19778939341404445,0.032635731848728644
CV-GE-B8,2020-WIH2,Full-season-nonleaky,1147,2.7691122245225324,2.2885563613264694,-0.07592254914601382,0.02461532712504501
CV-GE-B8,2020-WIH2,Pre-flowering-observed,1147,2.8978130021586077,2.395814037306682,-0.17825857539141898,0.030990240403831793
CV-GE-B8,2020-WIH2,Pre-season-G-only,1147,3.2094434992750327,2.6753160126847186,-0.4453045333294221,0.028262129781994827
CV-GE-B8,2020-WIH2,Pre-season-location-history,1147,2.898548014366147,2.427741338483835,-0.1788563670833081,0.03449878476087212
CV-GE-B8,2020-WIH2,Reproductive-stage-observed,1147,2.759771969964701,2.29826071608659,-0.06867658631589757,0.03427800976481652
CV-GE-B8,2021-DEH1,At-flowering-observed,1138,2.554793802143927,2.1795990784589585,-0.7182211561898981,0.3534765449971297
CV-GE-B8,2021-DEH1,Full-season-nonleaky,1138,2.7672212448907105,2.3938549778094385,-1.0158356472070853,0.32154746180032856
CV-GE-B8,2021-DEH1,Pre-flowering-observed,1138,2.5317268011655014,2.1565583019079035,-0.6873339024142366,0.3476724838674284
CV-GE-B8,2021-DEH1,Pre-season-G-only,1138,2.2129866870195944,1.8163441271579712,-0.2892138334440282,0.34004888401936134
CV-GE-B8,2021-DEH1,Pre-season-location-history,1138,2.5642911804323383,2.1979749677913545,-0.731019784607208,0.34446589846668313
CV-GE-B8,2021-DEH1,Reproductive-stage-observed,1138,2.425617258766501,2.064789034983885,-0.5488590669719602,0.3453467734027144
CV-GE-B8,2021-GAH2,At-flowering-observed,321,4.251350853826587,3.689806308723389,-2.6922895911240237,0.14298145351819197
CV-GE-B8,2021-GAH2,Full-season-nonleaky,321,4.5990239627341785,4.068599727885367,-3.320889950843708,0.11969322009017644
CV-GE-B8,2021-GAH2,Pre-flowering-observed,321,3.960407160469164,3.3627407021730806,-2.204214154832502,0.1344113321896238
CV-GE-B8,2021-GAH2,Pre-season-G-only,321,3.221725867233014,2.5636744655325927,-1.120406020409539,0.09918207099785946
CV-GE-B8,2021-GAH2,Pre-season-location-history,321,3.53617297579914,2.889320497270152,-1.5545173824223726,0.10706754193162987
CV-GE-B8,2021-GAH2,Reproductive-stage-observed,321,4.324653211924445,3.771029000363322,-2.820713174756019,0.1481126044042642
CV-GE-B8,2021-IAH4,At-flowering-observed,1124,1.464692402739172,1.1596993422570345,0.1523825055083452,0.47901025613143694
CV-GE-B8,2021-IAH4,Full-season-nonleaky,1124,1.576732974790199,1.2566102777158716,0.017747021207685232,0.45963886220300276
CV-GE-B8,2021-IAH4,Pre-flowering-observed,1124,1.4010423034983754,1.1063701500702459,0.22445044785810742,0.47975030988989154
CV-GE-B8,2021-IAH4,Pre-season-G-only,1124,1.4356936220218337,1.1336089722141645,0.18561344317289907,0.47417790614509764
CV-GE-B8,2021-IAH4,Pre-season-location-history,1124,2.468890130842722,2.1156646215890875,-1.4082999754716874,0.44676657628856964
CV-GE-B8,2021-IAH4,Reproductive-stage-observed,1124,1.428222407090476,1.131108548445,0.19406737155766995,0.4742122734408003
CV-GE-B8,2021-ILH1,At-flowering-observed,402,1.7501180731243895,1.326347993191078,-0.20336600002777083,-0.08664561310754457
CV-GE-B8,2021-ILH1,Full-season-nonleaky,402,1.7933186170673387,1.3892747392824594,-0.26350787038933676,-0.1034851261523111
CV-GE-B8,2021-ILH1,Pre-flowering-observed,402,1.7278103271351593,1.3121038747399376,-0.17288428735492056,-0.07459223223639472
CV-GE-B8,2021-ILH1,Pre-season-G-only,402,1.9252192984908736,1.4903142069973214,-0.45620812594656646,-0.1038438076952698
CV-GE-B8,2021-ILH1,Pre-season-location-history,402,1.6401488805079996,1.2855974938341028,-0.05688949457911052,-0.020221978172239963
CV-GE-B8,2021-ILH1,Reproductive-stage-observed,402,1.718841546477466,1.3213338679149622,-0.16073938967238655,-0.09775812521100707
CV-GE-B8,2021-INH1,At-flowering-observed,411,1.3930697490935284,1.061809761359301,-0.010730302077664122,0.1267842890476923
CV-GE-B8,2021-INH1,Full-season-nonleaky,411,1.5925465801854228,1.248944870987441,-0.3209118942802551,0.10530801269730877
CV-GE-B8,2021-INH1,Pre-flowering-observed,411,1.4472431152146743,1.1011971805332352,-0.09086886787634851,0.1052026877929946
CV-GE-B8,2021-INH1,Pre-season-G-only,411,1.4739662669153486,1.1106854089253941,-0.1315262982636045,0.0550634746595816
CV-GE-B8,2021-INH1,Pre-season-location-history,411,1.5146410102539405,1.1705987025704463,-0.1948378902350627,0.0972645906612051
CV-GE-B8,2021-INH1,Reproductive-stage-observed,411,1.41251765430781,1.0801378884280213,-0.03914782345370371,0.12052107370791774
CV-GE-B8,2021-MIH1,At-flowering-observed,417,2.417312039373919,2.11961859602484,-1.7179831177110407,0.2706853750534462
CV-GE-B8,2021-MIH1,Full-season-nonleaky,417,1.7146884255418229,1.4051727509288858,-0.3675769029068048,0.2574353844220796
CV-GE-B8,2021-MIH1,Pre-flowering-observed,417,2.2449899946080203,1.9426937817013674,-1.3442835730317602,0.2688924365183889
CV-GE-B8,2021-MIH1,Pre-season-G-only,417,2.0586027093920456,1.7375093163827482,-0.9711805481027385,0.2431700551772774
CV-GE-B8,2021-MIH1,Pre-season-location-history,417,2.009961311780256,1.7019579031715741,-0.8791295453061123,0.2522460084162577
CV-GE-B8,2021-MIH1,Reproductive-stage-observed,417,1.7136160079266498,1.402663733404302,-0.36586679055418436,0.26698119241244317
CV-GE-B8,2021-MNH1,At-flowering-observed,415,1.555731307026353,1.2084234085248904,-0.30332294710571883,0.04421593909399903
CV-GE-B8,2021-MNH1,Full-season-nonleaky,415,1.4332701747810206,1.111407722428346,-0.10621358165781292,0.05749857771133852
CV-GE-B8,2021-MNH1,Pre-flowering-observed,415,1.4693378252443658,1.1334926304232162,-0.16258891191957425,0.05566723811795909
CV-GE-B8,2021-MNH1,Pre-season-G-only,415,1.5525863488405158,1.199631653937635,-0.29805885923769715,0.04339993665429794
CV-GE-B8,2021-MNH1,Pre-season-location-history,415,1.6525677152854272,1.3175497785147572,-0.47062311263446555,0.0721940606894806
CV-GE-B8,2021-MNH1,Reproductive-stage-observed,415,1.460491898277095,1.130407325602527,-0.14863266678132003,0.05468888802273449
CV-GE-B8,2021-NEH1,At-flowering-observed,247,3.6717688834866604,2.7926217995034155,-0.44096785629232294,-0.13054706931159088
CV-GE-B8,2021-NEH1,Full-season-nonleaky,247,3.299691256654589,2.604925461273119,-0.16372464279450316,0.013732271073130123
CV-GE-B8,2021-NEH1,Pre-flowering-observed,247,3.4750086583432878,2.6892887274294957,-0.2906705511136285,-0.11343347506028535
CV-GE-B8,2021-NEH1,Pre-season-G-only,247,3.1154697566761063,2.6247385609962617,-0.037410641045866555,-0.02539826971645458
CV-GE-B8,2021-NEH1,Pre-season-location-history,247,3.165899889334973,2.6864308074137204,-0.07126761044985996,0.07302896742665706
CV-GE-B8,2021-NEH1,Reproductive-stage-observed,247,3.8049107023524043,2.8728284548764864,-0.5473642416698639,-0.12883981058517685
CV-GE-B8,2021-NEH2,At-flowering-observed,247,1.8525969287256663,1.408194980382632,-0.10374113069787749,-0.09879634616790361
CV-GE-B8,2021-NEH2,Full-season-nonleaky,247,2.084870559147349,1.6689888612889898,-0.3978595586735574,-0.08467088825948867
CV-GE-B8,2021-NEH2,Pre-flowering-observed,247,1.846638025985556,1.4128545107494261,-0.09665215380953773,-0.10044422138174776
CV-GE-B8,2021-NEH2,Pre-season-G-only,247,2.5342613291737797,2.1192990698957375,-1.065418870396119,-0.029723346087799682
CV-GE-B8,2021-NEH2,Pre-season-location-history,247,3.8113939152184493,3.467110172895455,-3.671679279226751,-0.011653142028441695
CV-GE-B8,2021-NEH2,Reproductive-stage-observed,247,2.5941225327267476,2.1873414321447027,-1.1641448192784094,-0.11655574106059403
CV-GE-B8,2021-NYH1,At-flowering-observed,22,3.5625189947344293,3.21384337531877,-3.387184894979291,0.10576264171603507
CV-GE-B8,2021-NYH1,Full-season-nonleaky,22,2.781676824354173,2.438944089279452,-1.674760524319192,0.11390431657276641
CV-GE-B8,2021-NYH1,Pre-flowering-observed,22,3.3401533559091416,3.0046430147605196,-2.8565980253616514,0.10729052253753567
CV-GE-B8,2021-NYH1,Pre-season-G-only,22,2.691035200577958,2.307829746771795,-1.503285120727781,0.0025155441139497253
CV-GE-B8,2021-NYH1,Pre-season-location-history,22,3.182876053088443,2.85751878931746,-2.501958652805109,0.16990800287110075
CV-GE-B8,2021-NYH1,Reproductive-stage-observed,22,2.491911620391314,2.1693890294214424,-1.1465293509654115,0.06421132635494413
CV-GE-B8,2021-NYH2,At-flowering-observed,396,2.6175329168547643,2.2190655950982916,-1.3978016085367893,0.0944705405482835
CV-GE-B8,2021-NYH2,Full-season-nonleaky,396,2.1156648215701552,1.7232181364687988,-0.5664721323266644,0.10843793641824254
CV-GE-B8,2021-NYH2,Pre-flowering-observed,396,2.5039692311020225,2.103380121342576,-1.1942541041968235,0.10285988763134761
CV-GE-B8,2021-NYH2,Pre-season-G-only,396,1.7988121028883752,1.415966092126527,-0.13240178528228408,0.09693886321235806
CV-GE-B8,2021-NYH2,Pre-season-location-history,396,1.8355454361376504,1.4589697553072536,-0.17912330192938608,0.09744318165263134
CV-GE-B8,2021-NYH2,Reproductive-stage-observed,396,2.0125996827709765,1.628536241262016,-0.4175674853294715,0.11691000704970149
CV-GE-B8,2021-NYH3,At-flowering-observed,357,3.570876837834109,3.2454973848337265,-4.114826303582299,0.04712890869693841
CV-GE-B8,2021-NYH3,Full-season-nonleaky,357,2.8465214994008186,2.479229694945645,-2.2501999848522285,0.034738737709778277
CV-GE-B8,2021-NYH3,Pre-flowering-observed,357,2.9896225349242176,2.634623650947675,-2.585203932979018,0.05767422802295042
CV-GE-B8,2021-NYH3,Pre-season-G-only,357,1.7318425652410954,1.3413715865240416,-0.2030895827210688,-0.05909919703900732
CV-GE-B8,2021-NYH3,Pre-season-location-history,357,2.2942434862890173,1.9080161953781625,-1.1113496567979224,0.03122214346448722
CV-GE-B8,2021-NYH3,Reproductive-stage-observed,357,2.570978579757579,2.207878406410857,-1.651417167308896,0.06572720594918595
CV-GE-B8,2021-SCH1,At-flowering-observed,397,1.8539345997191201,1.4480525589695235,-0.27418008045222675,0.09144574719265788
CV-GE-B8,2021-SCH1,Full-season-nonleaky,397,1.7349172851504187,1.3314630308497202,-0.11583387015656599,0.05068150040855552
CV-GE-B8,2021-SCH1,Pre-flowering-observed,397,1.9509218822156356,1.5407687007522388,-0.41098290454940134,0.08432437739642712
CV-GE-B8,2021-SCH1,Pre-season-G-only,397,2.549509837166706,2.1456058611586566,-1.4096578222796086,0.054480118556435315
CV-GE-B8,2021-SCH1,Pre-season-location-history,397,3.085307527022184,2.729069801281,-2.5288964053317597,0.05369263699150087
CV-GE-B8,2021-SCH1,Reproductive-stage-observed,397,2.299934569708816,1.8924172436603999,-0.9609790506657061,0.07460909955049955
CV-GE-B8,2021-SCH1L,At-flowering-observed,43,4.818884263636615,4.741465101902593,-35.70302896401033,0.2691922849880496
CV-GE-B8,2021-SCH1L,Full-season-nonleaky,43,4.270092098378291,4.167485413657396,-27.8192980745507,0.09469563004270837
CV-GE-B8,2021-SCH1L,Pre-flowering-observed,43,4.492936527768124,4.405791680974348,-30.905788451596973,0.2320982124748718
CV-GE-B8,2021-SCH1L,Pre-season-G-only,43,6.79654371961893,6.698844043815576,-72.01047005139725,0.015599209439752484
CV-GE-B8,2021-SCH1L,Pre-season-location-history,43,5.794758591886618,5.713278414699252,-52.073730015619404,0.08042082795444236
CV-GE-B8,2021-SCH1L,Reproductive-stage-observed,43,3.6598993080026947,3.574186545966001,-20.171283561632368,0.3451740253483306
CV-GE-B8,2021-TXH1,At-flowering-observed,266,2.109680712984801,1.7435442666684107,-0.7028295788683181,0.04261898305415697
CV-GE-B8,2021-TXH1,Full-season-nonleaky,266,1.6903954002328585,1.3651616111855338,-0.09323700820843372,0.02441141966125315
CV-GE-B8,2021-TXH1,Pre-flowering-observed,266,2.311857299416069,1.9250294041028317,-1.0448420504916744,0.04782654577867954
CV-GE-B8,2021-TXH1,Pre-season-G-only,266,1.6783906013813177,1.3478381042238317,-0.07776431082055413,0.03466798174789503
CV-GE-B8,2021-TXH1,Pre-season-location-history,266,1.934446937070508,1.5611259456441473,-0.4316978177890174,0.03381802002411825
CV-GE-B8,2021-TXH1,Reproductive-stage-observed,266,1.644421976685018,1.3192072137827404,-0.03458044379284231,0.0449058681879341
CV-GE-B8,2021-TXH2,At-flowering-observed,247,1.7387834183497322,1.3184149644671606,-0.05726833871969128,0.20481390910131156
CV-GE-B8,2021-TXH2,Full-season-nonleaky,247,1.9372731505239158,1.4868381987427248,-0.31242944628462377,0.09828187843507855
CV-GE-B8,2021-TXH2,Pre-flowering-observed,247,1.6698152796310703,1.312750693859443,0.024940521377926683,0.2071637997274667
CV-GE-B8,2021-TXH2,Pre-season-G-only,247,1.7234260178751506,1.3414244894595495,-0.03867466129805219,0.1026828749337791
CV-GE-B8,2021-TXH2,Pre-season-location-history,247,1.7851490973769755,1.4005270345606504,-0.11440547298214487,0.07207635798916516
CV-GE-B8,2021-TXH2,Reproductive-stage-observed,247,1.978149440798844,1.6092308341151187,-0.3683980360055421,0.19884357870815317
CV-GE-B8,2021-TXH3,At-flowering-observed,246,5.06512876691741,4.951156344844439,-22.929547715096774,0.08646643342340131
CV-GE-B8,2021-TXH3,Full-season-nonleaky,246,5.563119723785345,5.458733587734464,-27.866246907758867,0.03117136664456438
CV-GE-B8,2021-TXH3,Pre-flowering-observed,246,5.119611248831627,5.005766891855901,-23.447107280776695,0.07022244439710978
CV-GE-B8,2021-TXH3,Pre-season-G-only,246,5.944017569756455,5.8448723273591074,-31.95442042432248,0.04305658185634285
CV-GE-B8,2021-TXH3,Pre-season-location-history,246,5.2622291881951355,5.151899184642165,-24.828133792949856,0.0272686949221184
CV-GE-B8,2021-TXH3,Reproductive-stage-observed,246,5.490329150761216,5.388336871701894,-27.115788799641077,0.08622434506514039
CV-GE-B8,2021-WIH1,At-flowering-observed,397,2.6387902986627174,2.2299050540522427,-0.5422546863959881,0.11830088847663306
CV-GE-B8,2021-WIH1,Full-season-nonleaky,397,2.483531423071872,2.0734820823728626,-0.3661099663245275,0.08640517894489545
CV-GE-B8,2021-WIH1,Pre-flowering-observed,397,2.773790148471146,2.3618993071369316,-0.7040939861767179,0.10863743764048608
CV-GE-B8,2021-WIH1,Pre-season-G-only,397,2.9250000976126014,2.5084811480113918,-0.894951552054561,0.09986475852117085
CV-GE-B8,2021-WIH1,Pre-season-location-history,397,2.122255247741022,1.6550053145560084,0.002434150026230708,0.09723924760782457
CV-GE-B8,2021-WIH1,Reproductive-stage-observed,397,2.266499513519289,1.8522290701896609,-0.13777818184966573,0.08375739581758913
CV-GE-B8,2021-WIH2,At-flowering-observed,1137,4.0863766118379266,3.7326370821419395,-3.7920502986014446,0.25670314467601324
CV-GE-B8,2021-WIH2,Full-season-nonleaky,1137,1.991698156262169,1.59394494452003,-0.1383914641767503,0.24974576226307274
CV-GE-B8,2021-WIH2,Pre-flowering-observed,1137,3.3501796015713965,2.9760987473816125,-2.220926154740966,0.25268974513640335
CV-GE-B8,2021-WIH2,Pre-season-G-only,1137,2.784329664068215,2.3279845736173783,-1.2247739808906362,0.24931733998318226
CV-GE-B8,2021-WIH2,Pre-season-location-history,1137,3.1628140134006677,2.805349801520891,-1.8707270180214315,0.2318551416239583
CV-GE-B8,2021-WIH2,Reproductive-stage-observed,1137,2.312077428294479,1.9096549407421524,-0.5340846903736414,0.2534569495088906
