genotype,environment,predicted,full_nearest_distance,full_nearest_percentile,full_max_training_kernel_similarity,support_group,reliability_state,control_half_width_90,adaptive_half_width_90,calibration_source,control_lower_90,control_upper_90,adaptive_lower_90,adaptive_upper_90,control_rule,adaptive_rule,control_quantile_level,adaptive_quantile_level,calibration_feedback_state,test_year,model,horizon,genotype_support_state,environment_input_state,support_boundary_uses_outcome,observed_values_accessed,observed,official_answer_key_present,control_covered_90,control_interval_score_90,adaptive_covered_90,adaptive_interval_score_90
B14A/OH43,DEH1_2024,8.37654590607,2.79674362126,0.647058823529,0.877066049428,WITHIN_TRAINING_NN_ENVELOPE,RETAIN_SUPPORTED,4.35170741157,5.14122936049,SUPPORT_GROUP_CHRONOLOGICAL_2016_2021,4.02483849449,12.7282533176,3.23531654558,13.5177752666,FROZEN_B11_90,ONE_SIDED_CLUSTER_DRIFT_GUARD_90,0.9,0.951281331718,NO_2023_FEEDBACK_AVAILABLE_CARRY_FORWARD_2022_DRIFT_STATE,2024,G+E_T1,T1_30DAP,SUPPORTED_FROZEN_B5_GENOME,SUPPORTED_T1_CONTEXT,False,False,3.732184191,True,False,14.556500892910002,True,10.28245872102
B37/H95,DEH1_2024,8.73944187164,2.79674362126,0.647058823529,0.877066049428,WITHIN_TRAINING_NN_ENVELOPE,RETAIN_SUPPORTED,4.35170741157,5.14122936049,SUPPORT_GROUP_CHRONOLOGICAL_2016_2021,4.38773446007,13.0911492832,3.59821251116,13.8806712321,FROZEN_B11_90,ONE_SIDED_CLUSTER_DRIFT_GUARD_90,0.9,0.951281331718,NO_2023_FEEDBACK_AVAILABLE_CARRY_FORWARD_2022_DRIFT_STATE,2024,G+E_T1,T1_30DAP,SUPPORTED_FROZEN_B5_GENOME,SUPPORTED_T1_CONTEXT,False,False,5.497861121,True,True,8.70341482313,True,10.28245872094
B73/MO17,DEH1_2024,9.0399312973,2.79674362126,0.647058823529,0.877066049428,WITHIN_TRAINING_NN_ENVELOPE,RETAIN_SUPPORTED,4.35170741157,5.14122936049,SUPPORT_GROUP_CHRONOLOGICAL_2016_2021,4.68822388573,13.3916387089,3.89870193682,14.1811606578,FROZEN_B11_90,ONE_SIDED_CLUSTER_DRIFT_GUARD_90,0.9,0.951281331718,NO_2023_FEEDBACK_AVAILABLE_CARRY_FORWARD_2022_DRIFT_STATE,2024,G+E_T1,T1_30DAP,SUPPORTED_FROZEN_B5_GENOME,SUPPORTED_T1_CONTEXT,False,False,6.375901878,True,True,8.70341482317,True,10.28245872098
B73/PHN82,DEH1_2024,10.3250494003,2.79674362126,0.647058823529,0.877066049428,WITHIN_TRAINING_NN_ENVELOPE,RETAIN_SUPPORTED,4.35170741157,5.14122936049,SUPPORT_GROUP_CHRONOLOGICAL_2016_2021,5.97334198876,14.6767568119,5.18382003984,15.4662787608,FROZEN_B11_90,ONE_SIDED_CLUSTER_DRIFT_GUARD_90,0.9,0.951281331718,NO_2023_FEEDBACK_AVAILABLE_CARRY_FORWARD_2022_DRIFT_STATE,2024,G+E_T1,T1_30DAP,SUPPORTED_FROZEN_B5_GENOME,SUPPORTED_T1_CONTEXT,False,False,9.594510742,True,True,8.703414823140001,True,10.282458720960001
B73/TX779,DEH1_2024,9.26844978333,2.79674362126,0.647058823529,0.877066049428,WITHIN_TRAINING_NN_ENVELOPE,RETAIN_SUPPORTED,4.35170741157,5.14122936049,SUPPORT_GROUP_CHRONOLOGICAL_2016_2021,4.91674237175,13.6201571949,4.12722042284,14.4096791438,FROZEN_B11_90,ONE_SIDED_CLUSTER_DRIFT_GUARD_90,0.9,0.951281331718,NO_2023_FEEDBACK_AVAILABLE_CARRY_FORWARD_2022_DRIFT_STATE,2024,G+E_T1,T1_30DAP,SUPPORTED_FROZEN_B5_GENOME,SUPPORTED_T1_CONTEXT,False,False,5.300975782,True,True,8.703414823150002,True,10.282458720960001
CG119/CG108,DEH1_2024,8.53720092773,2.79674362126,0.647058823529,0.877066049428,WITHIN_TRAINING_NN_ENVELOPE,RETAIN_SUPPORTED,4.35170741157,5.14122936049,SUPPORT_GROUP_CHRONOLOGICAL_2016_2021,4.18549351616,12.8889083393,3.39597156725,13.6784302882,FROZEN_B11_90,ONE_SIDED_CLUSTER_DRIFT_GUARD_90,0.9,0.951281331718,NO_2023_FEEDBACK_AVAILABLE_CARRY_FORWARD_2022_DRIFT_STATE,2024,G+E_T1,T1_30DAP,SUPPORTED_FROZEN_B5_GENOME,SUPPORTED_T1_CONTEXT,False,False,3.805299483,True,False,16.307295486340003,True,10.28245872095
CG44/CGR01,DEH1_2024,8.90392589569,2.79674362126,0.647058823529,0.877066049428,WITHIN_TRAINING_NN_ENVELOPE,RETAIN_SUPPORTED,4.35170741157,5.14122936049,SUPPORT_GROUP_CHRONOLOGICAL_2016_2021,4.55221848412,13.2556333073,3.76269653521,14.0451552562,FROZEN_B11_90,ONE_SIDED_CLUSTER_DRIFT_GUARD_90,0.9,0.951281331718,NO_2023_FEEDBACK_AVAILABLE_CARRY_FORWARD_2022_DRIFT_STATE,2024,G+E_T1,T1_30DAP,SUPPORTED_FROZEN_B5_GENOME,SUPPORTED_T1_CONTEXT,False,False,4.641104289,True,True,8.703414823180001,True,10.28245872099
LH195/PHP02,DEH1_2024,10.3579311371,2.79674362126,0.647058823529,0.877066049428,WITHIN_TRAINING_NN_ENVELOPE,RETAIN_SUPPORTED,4.35170741157,5.14122936049,SUPPORT_GROUP_CHRONOLOGICAL_2016_2021,6.00622372551,14.7096385487,5.2167017766,15.4991604976,FROZEN_B11_90,ONE_SIDED_CLUSTER_DRIFT_GUARD_90,0.9,0.951281331718,NO_2023_FEEDBACK_AVAILABLE_CARRY_FORWARD_2022_DRIFT_STATE,2024,G+E_T1,T1_30DAP,SUPPORTED_FROZEN_B5_GENOME,SUPPORTED_T1_CONTEXT,False,False,11.98568944,True,True,8.703414823189998,True,10.282458721000001
LH195/PHZ51,DEH1_2024,9.11754894257,2.79674362126,0.647058823529,0.877066049428,WITHIN_TRAINING_NN_ENVELOPE,RETAIN_SUPPORTED,4.35170741157,5.14122936049,SUPPORT_GROUP_CHRONOLOGICAL_2016_2021,4.76584153099,13.4692563541,3.97631958208,14.2587783031,FROZEN_B11_90,ONE_SIDED_CLUSTER_DRIFT_GUARD_90,0.9,0.951281331718,NO_2023_FEEDBACK_AVAILABLE_CARRY_FORWARD_2022_DRIFT_STATE,2024,G+E_T1,T1_30DAP,SUPPORTED_FROZEN_B5_GENOME,SUPPORTED_T1_CONTEXT,False,False,9.747620459,True,True,8.70341482311,True,10.28245872102
LH244/PHK76,DEH1_2024,10.0715265274,2.79674362126,0.647058823529,0.877066049428,WITHIN_TRAINING_NN_ENVELOPE,RETAIN_SUPPORTED,4.35170741157,5.14122936049,SUPPORT_GROUP_CHRONOLOGICAL_2016_2021,5.71981911583,14.423233939,4.93029716692,15.2127558879,FROZEN_B11_90,ONE_SIDED_CLUSTER_DRIFT_GUARD_90,0.9,0.951281331718,NO_2023_FEEDBACK_AVAILABLE_CARRY_FORWARD_2022_DRIFT_STATE,2024,G+E_T1,T1_30DAP,SUPPORTED_FROZEN_B5_GENOME,SUPPORTED_T1_CONTEXT,False,False,10.93886151,True,True,8.70341482317,True,10.28245872098
PHB47/PHN82,DEH1_2024,9.38231658936,2.79674362126,0.647058823529,0.877066049428,WITHIN_TRAINING_NN_ENVELOPE,RETAIN_SUPPORTED,4.35170741157,5.14122936049,SUPPORT_GROUP_CHRONOLOGICAL_2016_2021,5.03060917778,13.7340240009,4.24108722887,14.5235459498,FROZEN_B11_90,ONE_SIDED_CLUSTER_DRIFT_GUARD_90,0.9,0.951281331718,NO_2023_FEEDBACK_AVAILABLE_CARRY_FORWARD_2022_DRIFT_STATE,2024,G+E_T1,T1_30DAP,SUPPORTED_FROZEN_B5_GENOME,SUPPORTED_T1_CONTEXT,False,False,10.67977276,True,True,8.70341482312,True,10.282458720930002
PHB47/PHZ51,DEH1_2024,8.31395435333,2.79674362126,0.647058823529,0.877066049428,WITHIN_TRAINING_NN_ENVELOPE,RETAIN_SUPPORTED,4.35170741157,5.14122936049,SUPPORT_GROUP_CHRONOLOGICAL_2016_2021,3.96224694176,12.6656617649,3.17272499285,13.4551837138,FROZEN_B11_90,ONE_SIDED_CLUSTER_DRIFT_GUARD_90,0.9,0.951281331718,NO_2023_FEEDBACK_AVAILABLE_CARRY_FORWARD_2022_DRIFT_STATE,2024,G+E_T1,T1_30DAP,SUPPORTED_FROZEN_B5_GENOME,SUPPORTED_T1_CONTEXT,False,False,9.405024796,True,True,8.70341482314,True,10.28245872095
PHG29/PHG47,DEH1_2024,9.29147529602,2.79674362126,0.647058823529,0.877066049428,WITHIN_TRAINING_NN_ENVELOPE,RETAIN_SUPPORTED,4.35170741157,5.14122936049,SUPPORT_GROUP_CHRONOLOGICAL_2016_2021,4.93976788445,13.6431827076,4.15024593553,14.4327046565,FROZEN_B11_90,ONE_SIDED_CLUSTER_DRIFT_GUARD_90,0.9,0.951281331718,NO_2023_FEEDBACK_AVAILABLE_CARRY_FORWARD_2022_DRIFT_STATE,2024,G+E_T1,T1_30DAP,SUPPORTED_FROZEN_B5_GENOME,SUPPORTED_T1_CONTEXT,False,False,9.414088184,True,True,8.703414823149998,True,10.28245872097
PHG39/PHN82,DEH1_2024,9.87711811066,2.79674362126,0.647058823529,0.877066049428,WITHIN_TRAINING_NN_ENVELOPE,RETAIN_SUPPORTED,4.35170741157,5.14122936049,SUPPORT_GROUP_CHRONOLOGICAL_2016_2021,5.52541069908,14.2288255222,4.73588875017,15.0183474711,FROZEN_B11_90,ONE_SIDED_CLUSTER_DRIFT_GUARD_90,0.9,0.951281331718,NO_2023_FEEDBACK_AVAILABLE_CARRY_FORWARD_2022_DRIFT_STATE,2024,G+E_T1,T1_30DAP,SUPPORTED_FROZEN_B5_GENOME,SUPPORTED_T1_CONTEXT,False,False,10.45322633,True,True,8.70341482312,True,10.28245872093
PHJ40/PHAJ0,DEH1_2024,9.0959815979,2.79674362126,0.647058823529,0.877066049428,WITHIN_TRAINING_NN_ENVELOPE,RETAIN_SUPPORTED,4.35170741157,5.14122936049,SUPPORT_GROUP_CHRONOLOGICAL_2016_2021,4.74427418633,13.4476890095,3.95475223741,14.2372109584,FROZEN_B11_90,ONE_SIDED_CLUSTER_DRIFT_GUARD_90,0.9,0.951281331718,NO_2023_FEEDBACK_AVAILABLE_CARRY_FORWARD_2022_DRIFT_STATE,2024,G+E_T1,T1_30DAP,SUPPORTED_FROZEN_B5_GENOME,SUPPORTED_T1_CONTEXT,False,False,5.333184716,True,True,8.70341482317,True,10.28245872099
PHRE1/PHTD5,DEH1_2024,9.51068782806,2.79674362126,0.647058823529,0.877066049428,WITHIN_TRAINING_NN_ENVELOPE,RETAIN_SUPPORTED,4.35170741157,5.14122936049,SUPPORT_GROUP_CHRONOLOGICAL_2016_2021,5.15898041649,13.8623952396,4.36945846758,14.6519171885,FROZEN_B11_90,ONE_SIDED_CLUSTER_DRIFT_GUARD_90,0.9,0.951281331718,NO_2023_FEEDBACK_AVAILABLE_CARRY_FORWARD_2022_DRIFT_STATE,2024,G+E_T1,T1_30DAP,SUPPORTED_FROZEN_B5_GENOME,SUPPORTED_T1_CONTEXT,False,False,7.6088215,True,True,8.703414823109998,True,10.282458720920001
PHW52/PHM49,DEH1_2024,9.62141799927,2.79674362126,0.647058823529,0.877066049428,WITHIN_TRAINING_NN_ENVELOPE,RETAIN_SUPPORTED,4.35170741157,5.14122936049,SUPPORT_GROUP_CHRONOLOGICAL_2016_2021,5.2697105877,13.9731254108,4.48018863878,14.7626473598,FROZEN_B11_90,ONE_SIDED_CLUSTER_DRIFT_GUARD_90,0.9,0.951281331718,NO_2023_FEEDBACK_AVAILABLE_CARRY_FORWARD_2022_DRIFT_STATE,2024,G+E_T1,T1_30DAP,SUPPORTED_FROZEN_B5_GENOME,SUPPORTED_T1_CONTEXT,False,False,9.473041385,True,True,8.703414823100001,True,10.282458721020001
TX777/LH195,DEH1_2024,9.23767566681,2.79674362126,0.647058823529,0.877066049428,WITHIN_TRAINING_NN_ENVELOPE,RETAIN_SUPPORTED,4.35170741157,5.14122936049,SUPPORT_GROUP_CHRONOLOGICAL_2016_2021,4.88596825524,13.5893830784,4.09644630632,14.3789050273,FROZEN_B11_90,ONE_SIDED_CLUSTER_DRIFT_GUARD_90,0.9,0.951281331718,NO_2023_FEEDBACK_AVAILABLE_CARRY_FORWARD_2022_DRIFT_STATE,2024,G+E_T1,T1_30DAP,SUPPORTED_FROZEN_B5_GENOME,SUPPORTED_T1_CONTEXT,False,False,9.330624786,True,True,8.70341482316,True,10.28245872098
W10004_0018/PHP02,DEH1_2024,10.1317024231,2.79674362126,0.647058823529,0.877066049428,WITHIN_TRAINING_NN_ENVELOPE,RETAIN_SUPPORTED,4.35170741157,5.14122936049,SUPPORT_GROUP_CHRONOLOGICAL_2016_2021,5.77999501152,14.4834098347,4.99047306261,15.2729317836,FROZEN_B11_90,ONE_SIDED_CLUSTER_DRIFT_GUARD_90,0.9,0.951281331718,NO_2023_FEEDBACK_AVAILABLE_CARRY_FORWARD_2022_DRIFT_STATE,2024,G+E_T1,T1_30DAP,SUPPORTED_FROZEN_B5_GENOME,SUPPORTED_T1_CONTEXT,False,False,6.845245851,True,True,8.703414823180001,True,10.28245872099
W10004_0031/PHP02,DEH1_2024,10.5379390717,2.79674362126,0.647058823529,0.877066049428,WITHIN_TRAINING_NN_ENVELOPE,RETAIN_SUPPORTED,4.35170741157,5.14122936049,SUPPORT_GROUP_CHRONOLOGICAL_2016_2021,6.18623166008,14.8896464832,5.39670971117,15.6791684321,FROZEN_B11_90,ONE_SIDED_CLUSTER_DRIFT_GUARD_90,0.9,0.951281331718,NO_2023_FEEDBACK_AVAILABLE_CARRY_FORWARD_2022_DRIFT_STATE,2024,G+E_T1,T1_30DAP,SUPPORTED_FROZEN_B5_GENOME,SUPPORTED_T1_CONTEXT,False,False,7.17181191,True,True,8.70341482312,True,10.282458720930002
W10004_0062/PHP02,DEH1_2024,9.49367523193,2.79674362126,0.647058823529,0.877066049428,WITHIN_TRAINING_NN_ENVELOPE,RETAIN_SUPPORTED,4.35170741157,5.14122936049,SUPPORT_GROUP_CHRONOLOGICAL_2016_2021,5.14196782036,13.8453826435,4.35244587145,14.6349045924,FROZEN_B11_90,ONE_SIDED_CLUSTER_DRIFT_GUARD_90,0.9,0.951281331718,NO_2023_FEEDBACK_AVAILABLE_CARRY_FORWARD_2022_DRIFT_STATE,2024,G+E_T1,T1_30DAP,SUPPORTED_FROZEN_B5_GENOME,SUPPORTED_T1_CONTEXT,False,False,7.639192024,True,True,8.703414823140001,True,10.28245872095
W10004_0095/PHP02,DEH1_2024,9.85154533386,2.79674362126,0.647058823529,0.877066049428,WITHIN_TRAINING_NN_ENVELOPE,RETAIN_SUPPORTED,4.35170741157,5.14122936049,SUPPORT_GROUP_CHRONOLOGICAL_2016_2021,5.49983792229,14.2032527454,4.71031597338,14.9927746943,FROZEN_B11_90,ONE_SIDED_CLUSTER_DRIFT_GUARD_90,0.9,0.951281331718,NO_2023_FEEDBACK_AVAILABLE_CARRY_FORWARD_2022_DRIFT_STATE,2024,G+E_T1,T1_30DAP,SUPPORTED_FROZEN_B5_GENOME,SUPPORTED_T1_CONTEXT,False,False,9.438201465,True,True,8.70341482311,True,10.28245872092
W10004_0103/PHP02,DEH1_2024,10.3975868225,2.79674362126,0.647058823529,0.877066049428,WITHIN_TRAINING_NN_ENVELOPE,RETAIN_SUPPORTED,4.35170741157,5.14122936049,SUPPORT_GROUP_CHRONOLOGICAL_2016_2021,6.04587941094,14.7492942341,5.25635746202,15.538816183,FROZEN_B11_90,ONE_SIDED_CLUSTER_DRIFT_GUARD_90,0.9,0.951281331718,NO_2023_FEEDBACK_AVAILABLE_CARRY_FORWARD_2022_DRIFT_STATE,2024,G+E_T1,T1_30DAP,SUPPORTED_FROZEN_B5_GENOME,SUPPORTED_T1_CONTEXT,False,False,4.970795029,True,False,30.205102461960003,False,15.993707381380016
W10004_0122/PHP02,DEH1_2024,10.1915941238,2.79674362126,0.647058823529,0.877066049428,WITHIN_TRAINING_NN_ENVELOPE,RETAIN_SUPPORTED,4.35170741157,5.14122936049,SUPPORT_GROUP_CHRONOLOGICAL_2016_2021,5.83988671227,14.5433015354,5.05036476335,15.3328234843,FROZEN_B11_90,ONE_SIDED_CLUSTER_DRIFT_GUARD_90,0.9,0.951281331718,NO_2023_FEEDBACK_AVAILABLE_CARRY_FORWARD_2022_DRIFT_STATE,2024,G+E_T1,T1_30DAP,SUPPORTED_FROZEN_B5_GENOME,SUPPORTED_T1_CONTEXT,False,False,8.471255555,True,True,8.70341482313,True,10.28245872095
W10004_0133/PHP02,DEH1_2024,10.0656709671,2.79674362126,0.647058823529,0.877066049428,WITHIN_TRAINING_NN_ENVELOPE,RETAIN_SUPPORTED,4.35170741157,5.14122936049,SUPPORT_GROUP_CHRONOLOGICAL_2016_2021,5.71396355553,14.4173783787,4.92444160662,15.2069003276,FROZEN_B11_90,ONE_SIDED_CLUSTER_DRIFT_GUARD_90,0.9,0.951281331718,NO_2023_FEEDBACK_AVAILABLE_CARRY_FORWARD_2022_DRIFT_STATE,2024,G+E_T1,T1_30DAP,SUPPORTED_FROZEN_B5_GENOME,SUPPORTED_T1_CONTEXT,False,False,7.359595325,True,True,8.70341482317,True,10.28245872098
W10004_0138/PHP02,DEH1_2024,10.6063156128,2.79674362126,0.647058823529,0.877066049428,WITHIN_TRAINING_NN_ENVELOPE,RETAIN_SUPPORTED,4.35170741157,5.14122936049,SUPPORT_GROUP_CHRONOLOGICAL_2016_2021,6.25460820122,14.9580230244,5.46508625231,15.7475449733,FROZEN_B11_90,ONE_SIDED_CLUSTER_DRIFT_GUARD_90,0.9,0.951281331718,NO_2023_FEEDBACK_AVAILABLE_CARRY_FORWARD_2022_DRIFT_STATE,2024,G+E_T1,T1_30DAP,SUPPORTED_FROZEN_B5_GENOME,SUPPORTED_T1_CONTEXT,False,False,5.585760464,True,False,22.080369567580004,True,10.28245872099
W10004_0146/PHP02,DEH1_2024,10.1956014633,2.79674362126,0.647058823529,0.877066049428,WITHIN_TRAINING_NN_ENVELOPE,RETAIN_SUPPORTED,4.35170741157,5.14122936049,SUPPORT_GROUP_CHRONOLOGICAL_2016_2021,5.84389405175,14.5473088749,5.05437210283,15.3368308238,FROZEN_B11_90,ONE_SIDED_CLUSTER_DRIFT_GUARD_90,0.9,0.951281331718,NO_2023_FEEDBACK_AVAILABLE_CARRY_FORWARD_2022_DRIFT_STATE,2024,G+E_T1,T1_30DAP,SUPPORTED_FROZEN_B5_GENOME,SUPPORTED_T1_CONTEXT,False,False,9.14407381,True,True,8.70341482315,True,10.282458720969998
W10004_0160/PHP02,DEH1_2024,10.8468933105,2.79674362126,0.647058823529,0.877066049428,WITHIN_TRAINING_NN_ENVELOPE,RETAIN_SUPPORTED,4.35170741157,5.14122936049,SUPPORT_GROUP_CHRONOLOGICAL_2016_2021,6.49518589897,15.1986007221,5.70566395006,15.988122671,FROZEN_B11_90,ONE_SIDED_CLUSTER_DRIFT_GUARD_90,0.9,0.951281331718,NO_2023_FEEDBACK_AVAILABLE_CARRY_FORWARD_2022_DRIFT_STATE,2024,G+E_T1,T1_30DAP,SUPPORTED_FROZEN_B5_GENOME,SUPPORTED_T1_CONTEXT,False,False,7.958961577,True,True,8.70341482313,True,10.28245872094
W10004_0167/PHP02,DEH1_2024,10.0415887833,2.79674362126,0.647058823529,0.877066049428,WITHIN_TRAINING_NN_ENVELOPE,RETAIN_SUPPORTED,4.35170741157,5.14122936049,SUPPORT_GROUP_CHRONOLOGICAL_2016_2021,5.68988137169,14.3932961948,4.90035942278,15.1828181437,FROZEN_B11_90,ONE_SIDED_CLUSTER_DRIFT_GUARD_90,0.9,0.951281331718,NO_2023_FEEDBACK_AVAILABLE_CARRY_FORWARD_2022_DRIFT_STATE,2024,G+E_T1,T1_30DAP,SUPPORTED_FROZEN_B5_GENOME,SUPPORTED_T1_CONTEXT,False,False,8.032741122,True,True,8.703414823109998,True,10.282458720920001
W10004_0168/PHP02,DEH1_2024,10.3096160889,2.79674362126,0.647058823529,0.877066049428,WITHIN_TRAINING_NN_ENVELOPE,RETAIN_SUPPORTED,4.35170741157,5.14122936049,SUPPORT_GROUP_CHRONOLOGICAL_2016_2021,5.95790867729,14.6613235004,5.16838672838,15.4508454494,FROZEN_B11_90,ONE_SIDED_CLUSTER_DRIFT_GUARD_90,0.9,0.951281331718,NO_2023_FEEDBACK_AVAILABLE_CARRY_FORWARD_2022_DRIFT_STATE,2024,G+E_T1,T1_30DAP,SUPPORTED_FROZEN_B5_GENOME,SUPPORTED_T1_CONTEXT,False,False,7.9960921,True,True,8.70341482311,True,10.28245872102
W10004_0189/PHP02,DEH1_2024,10.4210186005,2.79674362126,0.647058823529,0.877066049428,WITHIN_TRAINING_NN_ENVELOPE,RETAIN_SUPPORTED,4.35170741157,5.14122936049,SUPPORT_GROUP_CHRONOLOGICAL_2016_2021,6.06931118889,14.772726012,5.27978923998,15.5622479609,FROZEN_B11_90,ONE_SIDED_CLUSTER_DRIFT_GUARD_90,0.9,0.951281331718,NO_2023_FEEDBACK_AVAILABLE_CARRY_FORWARD_2022_DRIFT_STATE,2024,G+E_T1,T1_30DAP,SUPPORTED_FROZEN_B5_GENOME,SUPPORTED_T1_CONTEXT,False,False,8.243631309,True,True,8.703414823109998,True,10.282458720920001
W10004_0238/PHP02,DEH1_2024,10.0886116028,2.79674362126,0.647058823529,0.877066049428,WITHIN_TRAINING_NN_ENVELOPE,RETAIN_SUPPORTED,4.35170741157,5.14122936049,SUPPORT_GROUP_CHRONOLOGICAL_2016_2021,5.73690419121,14.4403190144,4.9473822423,15.2298409633,FROZEN_B11_90,ONE_SIDED_CLUSTER_DRIFT_GUARD_90,0.9,0.951281331718,NO_2023_FEEDBACK_AVAILABLE_CARRY_FORWARD_2022_DRIFT_STATE,2024,G+E_T1,T1_30DAP,SUPPORTED_FROZEN_B5_GENOME,SUPPORTED_T1_CONTEXT,False,False,5.601628503,True,False,11.408928587390003,True,10.282458721
W10004_0258/PHP02,DEH1_2024,9.96525859833,2.79674362126,0.647058823529,0.877066049428,WITHIN_TRAINING_NN_ENVELOPE,RETAIN_SUPPORTED,4.35170741157,5.14122936049,SUPPORT_GROUP_CHRONOLOGICAL_2016_2021,5.61355118676,14.3169660099,4.82402923784,15.1064879588,FROZEN_B11_90,ONE_SIDED_CLUSTER_DRIFT_GUARD_90,0.9,0.951281331718,NO_2023_FEEDBACK_AVAILABLE_CARRY_FORWARD_2022_DRIFT_STATE,2024,G+E_T1,T1_30DAP,SUPPORTED_FROZEN_B5_GENOME,SUPPORTED_T1_CONTEXT,False,False,6.427716055,True,True,8.703414823140001,True,10.282458720960001
W10004_0311/PHP02,DEH1_2024,10.1372394562,2.79674362126,0.647058823529,0.877066049428,WITHIN_TRAINING_NN_ENVELOPE,RETAIN_SUPPORTED,4.35170741157,5.14122936049,SUPPORT_GROUP_CHRONOLOGICAL_2016_2021,5.7855320446,14.4889468677,4.99601009569,15.2784688167,FROZEN_B11_90,ONE_SIDED_CLUSTER_DRIFT_GUARD_90,0.9,0.951281331718,NO_2023_FEEDBACK_AVAILABLE_CARRY_FORWARD_2022_DRIFT_STATE,2024,G+E_T1,T1_30DAP,SUPPORTED_FROZEN_B5_GENOME,SUPPORTED_T1_CONTEXT,False,False,7.272955397,True,True,8.7034148231,True,10.28245872101
W10004_0389/PHP02,DEH1_2024,10.3679351807,2.79674362126,0.647058823529,0.877066049428,WITHIN_TRAINING_NN_ENVELOPE,RETAIN_SUPPORTED,4.35170741157,5.14122936049,SUPPORT_GROUP_CHRONOLOGICAL_2016_2021,6.01622776909,14.7196425922,5.22670582018,15.5091645411,FROZEN_B11_90,ONE_SIDED_CLUSTER_DRIFT_GUARD_90,0.9,0.951281331718,NO_2023_FEEDBACK_AVAILABLE_CARRY_FORWARD_2022_DRIFT_STATE,2024,G+E_T1,T1_30DAP,SUPPORTED_FROZEN_B5_GENOME,SUPPORTED_T1_CONTEXT,False,False,7.092506346,True,True,8.703414823109998,True,10.282458720920001
W10004_0412/PHP02,DEH1_2024,9.93274307251,2.79674362126,0.647058823529,0.877066049428,WITHIN_TRAINING_NN_ENVELOPE,RETAIN_SUPPORTED,4.35170741157,5.14122936049,SUPPORT_GROUP_CHRONOLOGICAL_2016_2021,5.58103566094,14.2844504841,4.79151371202,15.073972433,FROZEN_B11_90,ONE_SIDED_CLUSTER_DRIFT_GUARD_90,0.9,0.951281331718,NO_2023_FEEDBACK_AVAILABLE_CARRY_FORWARD_2022_DRIFT_STATE,2024,G+E_T1,T1_30DAP,SUPPORTED_FROZEN_B5_GENOME,SUPPORTED_T1_CONTEXT,False,False,7.115122232,True,True,8.703414823160001,True,10.28245872098
W10004_0476/PHP02,DEH1_2024,10.1810302734,2.79674362126,0.647058823529,0.877066049428,WITHIN_TRAINING_NN_ENVELOPE,RETAIN_SUPPORTED,4.35170741157,5.14122936049,SUPPORT_GROUP_CHRONOLOGICAL_2016_2021,5.82932286187,14.532737685,5.03980091295,15.3222596339,FROZEN_B11_90,ONE_SIDED_CLUSTER_DRIFT_GUARD_90,0.9,0.951281331718,NO_2023_FEEDBACK_AVAILABLE_CARRY_FORWARD_2022_DRIFT_STATE,2024,G+E_T1,T1_30DAP,SUPPORTED_FROZEN_B5_GENOME,SUPPORTED_T1_CONTEXT,False,False,5.60393021,True,False,13.21126786053,True,10.28245872095
W10004_0608/PHP02,DEH1_2024,10.5608921051,2.79674362126,0.647058823529,0.877066049428,WITHIN_TRAINING_NN_ENVELOPE,RETAIN_SUPPORTED,4.35170741157,5.14122936049,SUPPORT_GROUP_CHRONOLOGICAL_2016_2021,6.20918469353,14.9125995167,5.41966274462,15.7021214656,FROZEN_B11_90,ONE_SIDED_CLUSTER_DRIFT_GUARD_90,0.9,0.951281331718,NO_2023_FEEDBACK_AVAILABLE_CARRY_FORWARD_2022_DRIFT_STATE,2024,G+E_T1,T1_30DAP,SUPPORTED_FROZEN_B5_GENOME,SUPPORTED_T1_CONTEXT,False,False,8.667540682,True,True,8.70341482317,True,10.28245872098
W10004_0637/PHP02,DEH1_2024,10.0217485428,2.79674362126,0.647058823529,0.877066049428,WITHIN_TRAINING_NN_ENVELOPE,RETAIN_SUPPORTED,4.35170741157,5.14122936049,SUPPORT_GROUP_CHRONOLOGICAL_2016_2021,5.67004113121,14.3734559544,4.8805191823,15.1629779033,FROZEN_B11_90,ONE_SIDED_CLUSTER_DRIFT_GUARD_90,0.9,0.951281331718,NO_2023_FEEDBACK_AVAILABLE_CARRY_FORWARD_2022_DRIFT_STATE,2024,G+E_T1,T1_30DAP,SUPPORTED_FROZEN_B5_GENOME,SUPPORTED_T1_CONTEXT,False,False,7.292588494,True,True,8.703414823190002,True,10.282458721000001
W10004_0658/PHP02,DEH1_2024,10.3446598053,2.79674362126,0.647058823529,0.877066049428,WITHIN_TRAINING_NN_ENVELOPE,RETAIN_SUPPORTED,4.35170741157,5.14122936049,SUPPORT_GROUP_CHRONOLOGICAL_2016_2021,5.99295239373,14.6963672169,5.20343044481,15.4858891658,FROZEN_B11_90,ONE_SIDED_CLUSTER_DRIFT_GUARD_90,0.9,0.951281331718,NO_2023_FEEDBACK_AVAILABLE_CARRY_FORWARD_2022_DRIFT_STATE,2024,G+E_T1,T1_30DAP,SUPPORTED_FROZEN_B5_GENOME,SUPPORTED_T1_CONTEXT,False,False,4.876385603,True,False,31.03475063777001,False,16.823355557190006
W10004_0688/PHP02,DEH1_2024,9.99875831604,2.79674362126,0.647058823529,0.877066049428,WITHIN_TRAINING_NN_ENVELOPE,RETAIN_SUPPORTED,4.35170741157,5.14122936049,SUPPORT_GROUP_CHRONOLOGICAL_2016_2021,5.64705090447,14.3504657276,4.85752895555,15.1399876765,FROZEN_B11_90,ONE_SIDED_CLUSTER_DRIFT_GUARD_90,0.9,0.951281331718,NO_2023_FEEDBACK_AVAILABLE_CARRY_FORWARD_2022_DRIFT_STATE,2024,G+E_T1,T1_30DAP,SUPPORTED_FROZEN_B5_GENOME,SUPPORTED_T1_CONTEXT,False,False,8.918067301,True,True,8.70341482313,True,10.28245872095
W10004_0691/PHP02,DEH1_2024,10.249915123,2.79674362126,0.647058823529,0.877066049428,WITHIN_TRAINING_NN_ENVELOPE,RETAIN_SUPPORTED,4.35170741157,5.14122936049,SUPPORT_GROUP_CHRONOLOGICAL_2016_2021,5.89820771141,14.6016225346,5.1086857625,15.3911444835,FROZEN_B11_90,ONE_SIDED_CLUSTER_DRIFT_GUARD_90,0.9,0.951281331718,NO_2023_FEEDBACK_AVAILABLE_CARRY_FORWARD_2022_DRIFT_STATE,2024,G+E_T1,T1_30DAP,SUPPORTED_FROZEN_B5_GENOME,SUPPORTED_T1_CONTEXT,False,False,6.749331741,True,True,8.70341482319,True,10.282458721
W10004_0714/PHP02,DEH1_2024,10.2265453339,2.79674362126,0.647058823529,0.877066049428,WITHIN_TRAINING_NN_ENVELOPE,RETAIN_SUPPORTED,4.35170741157,5.14122936049,SUPPORT_GROUP_CHRONOLOGICAL_2016_2021,5.87483792229,14.5782527454,5.08531597338,15.3677746943,FROZEN_B11_90,ONE_SIDED_CLUSTER_DRIFT_GUARD_90,0.9,0.951281331718,NO_2023_FEEDBACK_AVAILABLE_CARRY_FORWARD_2022_DRIFT_STATE,2024,G+E_T1,T1_30DAP,SUPPORTED_FROZEN_B5_GENOME,SUPPORTED_T1_CONTEXT,False,False,3.254053877,True,False,61.11909572891002,False,46.907700648520006
W10004_0747/PHP02,DEH1_2024,10.537858963,2.79674362126,0.647058823529,0.877066049428,WITHIN_TRAINING_NN_ENVELOPE,RETAIN_SUPPORTED,4.35170741157,5.14122936049,SUPPORT_GROUP_CHRONOLOGICAL_2016_2021,6.18615155144,14.8895663746,5.39662960253,15.6790883235,FROZEN_B11_90,ONE_SIDED_CLUSTER_DRIFT_GUARD_90,0.9,0.951281331718,NO_2023_FEEDBACK_AVAILABLE_CARRY_FORWARD_2022_DRIFT_STATE,2024,G+E_T1,T1_30DAP,SUPPORTED_FROZEN_B5_GENOME,SUPPORTED_T1_CONTEXT,False,False,5.976750516,True,False,12.89143553196,True,10.28245872097
W10004_0776/PHP02,DEH1_2024,10.0869989395,2.79674362126,0.647058823529,0.877066049428,WITHIN_TRAINING_NN_ENVELOPE,RETAIN_SUPPORTED,4.35170741157,5.14122936049,SUPPORT_GROUP_CHRONOLOGICAL_2016_2021,5.73529152794,14.4387063511,4.94576957903,15.2282283,FROZEN_B11_90,ONE_SIDED_CLUSTER_DRIFT_GUARD_90,0.9,0.951281331718,NO_2023_FEEDBACK_AVAILABLE_CARRY_FORWARD_2022_DRIFT_STATE,2024,G+E_T1,T1_30DAP,SUPPORTED_FROZEN_B5_GENOME,SUPPORTED_T1_CONTEXT,False,False,8.57753171,True,True,8.70341482316,True,10.282458720969998
W10004_0801/PHP02,DEH1_2024,10.2762889862,2.79674362126,0.647058823529,0.877066049428,WITHIN_TRAINING_NN_ENVELOPE,RETAIN_SUPPORTED,4.35170741157,5.14122936049,SUPPORT_GROUP_CHRONOLOGICAL_2016_2021,5.92458157463,14.6279963978,5.13505962572,15.4175183467,FROZEN_B11_90,ONE_SIDED_CLUSTER_DRIFT_GUARD_90,0.9,0.951281331718,NO_2023_FEEDBACK_AVAILABLE_CARRY_FORWARD_2022_DRIFT_STATE,2024,G+E_T1,T1_30DAP,SUPPORTED_FROZEN_B5_GENOME,SUPPORTED_T1_CONTEXT,False,False,7.517244367,True,True,8.70341482317,True,10.28245872098
W10004_0822/PHP02,DEH1_2024,10.324461937,2.79674362126,0.647058823529,0.877066049428,WITHIN_TRAINING_NN_ENVELOPE,RETAIN_SUPPORTED,4.35170741157,5.14122936049,SUPPORT_GROUP_CHRONOLOGICAL_2016_2021,5.97275452538,14.6761693485,5.18323257646,15.4656912974,FROZEN_B11_90,ONE_SIDED_CLUSTER_DRIFT_GUARD_90,0.9,0.951281331718,NO_2023_FEEDBACK_AVAILABLE_CARRY_FORWARD_2022_DRIFT_STATE,2024,G+E_T1,T1_30DAP,SUPPORTED_FROZEN_B5_GENOME,SUPPORTED_T1_CONTEXT,False,False,6.268623969,True,True,8.70341482312,True,10.28245872094
W10004_0859/PHP02,DEH1_2024,10.3775243759,2.79674362126,0.647058823529,0.877066049428,WITHIN_TRAINING_NN_ENVELOPE,RETAIN_SUPPORTED,4.35170741157,5.14122936049,SUPPORT_GROUP_CHRONOLOGICAL_2016_2021,6.02581696434,14.7292317875,5.23629501543,15.5187537364,FROZEN_B11_90,ONE_SIDED_CLUSTER_DRIFT_GUARD_90,0.9,0.951281331718,NO_2023_FEEDBACK_AVAILABLE_CARRY_FORWARD_2022_DRIFT_STATE,2024,G+E_T1,T1_30DAP,SUPPORTED_FROZEN_B5_GENOME,SUPPORTED_T1_CONTEXT,False,False,7.135073571,True,True,8.70341482316,True,10.282458720970002
W10004_0866/PHP02,DEH1_2024,10.0573987961,2.79674362126,0.647058823529,0.877066049428,WITHIN_TRAINING_NN_ENVELOPE,RETAIN_SUPPORTED,4.35170741157,5.14122936049,SUPPORT_GROUP_CHRONOLOGICAL_2016_2021,5.70569138451,14.4091062077,4.9161694356,15.1986281566,FROZEN_B11_90,ONE_SIDED_CLUSTER_DRIFT_GUARD_90,0.9,0.951281331718,NO_2023_FEEDBACK_AVAILABLE_CARRY_FORWARD_2022_DRIFT_STATE,2024,G+E_T1,T1_30DAP,SUPPORTED_FROZEN_B5_GENOME,SUPPORTED_T1_CONTEXT,False,False,8.576946892,True,True,8.703414823190002,True,10.282458721000001
W10004_0969/PHP02,DEH1_2024,10.1241550446,2.79674362126,0.647058823529,0.877066049428,WITHIN_TRAINING_NN_ENVELOPE,RETAIN_SUPPORTED,4.35170741157,5.14122936049,SUPPORT_GROUP_CHRONOLOGICAL_2016_2021,5.77244763298,14.4758624561,4.98292568407,15.265384405,FROZEN_B11_90,ONE_SIDED_CLUSTER_DRIFT_GUARD_90,0.9,0.951281331718,NO_2023_FEEDBACK_AVAILABLE_CARRY_FORWARD_2022_DRIFT_STATE,2024,G+E_T1,T1_30DAP,SUPPORTED_FROZEN_B5_GENOME,SUPPORTED_T1_CONTEXT,False,False,8.330748781,True,True,8.70341482312,True,10.282458720930002
W10004_1014/PHP02,DEH1_2024,10.1492843628,2.79674362126,0.647058823529,0.877066049428,WITHIN_TRAINING_NN_ENVELOPE,RETAIN_SUPPORTED,4.35170741157,5.14122936049,SUPPORT_GROUP_CHRONOLOGICAL_2016_2021,5.79757695122,14.5009917744,5.00805500231,15.2905137233,FROZEN_B11_90,ONE_SIDED_CLUSTER_DRIFT_GUARD_90,0.9,0.951281331718,NO_2023_FEEDBACK_AVAILABLE_CARRY_FORWARD_2022_DRIFT_STATE,2024,G+E_T1,T1_30DAP,SUPPORTED_FROZEN_B5_GENOME,SUPPORTED_T1_CONTEXT,False,False,7.9243774,True,True,8.70341482318,True,10.28245872099
B14A/OH43,GAH1_2024,7.26359462738,4.33244330545,0.757352941176,0.729950658929,WITHIN_TRAINING_NN_ENVELOPE,RETAIN_SUPPORTED,4.35170741157,5.14122936049,SUPPORT_GROUP_CHRONOLOGICAL_2016_2021,2.91188721581,11.615302039,2.12236526689,12.4048239879,FROZEN_B11_90,ONE_SIDED_CLUSTER_DRIFT_GUARD_90,0.9,0.951281331718,NO_2023_FEEDBACK_AVAILABLE_CARRY_FORWARD_2022_DRIFT_STATE,2024,G+E_T1,T1_30DAP,SUPPORTED_FROZEN_B5_GENOME,SUPPORTED_T1_CONTEXT,False,False,4.914135682,True,True,8.703414823189998,True,10.28245872101
B37/H95,GAH1_2024,7.62649011612,4.33244330545,0.757352941176,0.729950658929,WITHIN_TRAINING_NN_ENVELOPE,RETAIN_SUPPORTED,4.35170741157,5.14122936049,SUPPORT_GROUP_CHRONOLOGICAL_2016_2021,3.27478270455,11.9781975277,2.48526075563,12.7677194766,FROZEN_B11_90,ONE_SIDED_CLUSTER_DRIFT_GUARD_90,0.9,0.951281331718,NO_2023_FEEDBACK_AVAILABLE_CARRY_FORWARD_2022_DRIFT_STATE,2024,G+E_T1,T1_30DAP,SUPPORTED_FROZEN_B5_GENOME,SUPPORTED_T1_CONTEXT,False,False,5.256566674,True,True,8.70341482315,True,10.28245872097
B73/MO17,GAH1_2024,7.92698001862,4.33244330545,0.757352941176,0.729950658929,WITHIN_TRAINING_NN_ENVELOPE,RETAIN_SUPPORTED,4.35170741157,5.14122936049,SUPPORT_GROUP_CHRONOLOGICAL_2016_2021,3.57527260704,12.2786874302,2.78575065813,13.0682093791,FROZEN_B11_90,ONE_SIDED_CLUSTER_DRIFT_GUARD_90,0.9,0.951281331718,NO_2023_FEEDBACK_AVAILABLE_CARRY_FORWARD_2022_DRIFT_STATE,2024,G+E_T1,T1_30DAP,SUPPORTED_FROZEN_B5_GENOME,SUPPORTED_T1_CONTEXT,False,False,8.942464978,True,True,8.70341482316,True,10.28245872097
B73/PHN82,GAH1_2024,9.21209812164,4.33244330545,0.757352941176,0.729950658929,WITHIN_TRAINING_NN_ENVELOPE,RETAIN_SUPPORTED,4.35170741157,5.14122936049,SUPPORT_GROUP_CHRONOLOGICAL_2016_2021,4.86039071007,13.5638055332,4.07086876116,14.3533274821,FROZEN_B11_90,ONE_SIDED_CLUSTER_DRIFT_GUARD_90,0.9,0.951281331718,NO_2023_FEEDBACK_AVAILABLE_CARRY_FORWARD_2022_DRIFT_STATE,2024,G+E_T1,T1_30DAP,SUPPORTED_FROZEN_B5_GENOME,SUPPORTED_T1_CONTEXT,False,False,7.519800498,True,True,8.70341482313,True,10.28245872094
CG119/CG108,GAH1_2024,7.42424917221,4.33244330545,0.757352941176,0.729950658929,WITHIN_TRAINING_NN_ENVELOPE,RETAIN_SUPPORTED,4.35170741157,5.14122936049,SUPPORT_GROUP_CHRONOLOGICAL_2016_2021,3.07254176064,11.7759565838,2.28301981172,12.5654785327,FROZEN_B11_90,ONE_SIDED_CLUSTER_DRIFT_GUARD_90,0.9,0.951281331718,NO_2023_FEEDBACK_AVAILABLE_CARRY_FORWARD_2022_DRIFT_STATE,2024,G+E_T1,T1_30DAP,SUPPORTED_FROZEN_B5_GENOME,SUPPORTED_T1_CONTEXT,False,False,0.326586769,True,False,63.62251465596002,False,49.41111957538001
CG44/CGR01,GAH1_2024,7.790974617,4.33244330545,0.757352941176,0.729950658929,WITHIN_TRAINING_NN_ENVELOPE,RETAIN_SUPPORTED,4.35170741157,5.14122936049,SUPPORT_GROUP_CHRONOLOGICAL_2016_2021,3.43926720543,12.1426820286,2.64974525652,12.9322039775,FROZEN_B11_90,ONE_SIDED_CLUSTER_DRIFT_GUARD_90,0.9,0.951281331718,NO_2023_FEEDBACK_AVAILABLE_CARRY_FORWARD_2022_DRIFT_STATE,2024,G+E_T1,T1_30DAP,SUPPORTED_FROZEN_B5_GENOME,SUPPORTED_T1_CONTEXT,False,False,3.824677769,True,True,8.70341482317,True,10.28245872098
LH195/PHZ51,GAH1_2024,8.00459766388,4.33244330545,0.757352941176,0.729950658929,WITHIN_TRAINING_NN_ENVELOPE,RETAIN_SUPPORTED,4.35170741157,5.14122936049,SUPPORT_GROUP_CHRONOLOGICAL_2016_2021,3.65289025231,12.3563050755,2.86336830339,13.1458270244,FROZEN_B11_90,ONE_SIDED_CLUSTER_DRIFT_GUARD_90,0.9,0.951281331718,NO_2023_FEEDBACK_AVAILABLE_CARRY_FORWARD_2022_DRIFT_STATE,2024,G+E_T1,T1_30DAP,SUPPORTED_FROZEN_B5_GENOME,SUPPORTED_T1_CONTEXT,False,False,5.31242594,True,True,8.70341482319,True,10.28245872101
LH244/PHK76,GAH1_2024,8.95857620239,4.33244330545,0.757352941176,0.729950658929,WITHIN_TRAINING_NN_ENVELOPE,RETAIN_SUPPORTED,4.35170741157,5.14122936049,SUPPORT_GROUP_CHRONOLOGICAL_2016_2021,4.60686879082,13.310283614,3.81734684191,14.0998055629,FROZEN_B11_90,ONE_SIDED_CLUSTER_DRIFT_GUARD_90,0.9,0.951281331718,NO_2023_FEEDBACK_AVAILABLE_CARRY_FORWARD_2022_DRIFT_STATE,2024,G+E_T1,T1_30DAP,SUPPORTED_FROZEN_B5_GENOME,SUPPORTED_T1_CONTEXT,False,False,5.245725407,True,True,8.70341482318,True,10.28245872099
PHB47/PHN82,GAH1_2024,8.26936531067,4.33244330545,0.757352941176,0.729950658929,WITHIN_TRAINING_NN_ENVELOPE,RETAIN_SUPPORTED,4.35170741157,5.14122936049,SUPPORT_GROUP_CHRONOLOGICAL_2016_2021,3.9176578991,12.6210727222,3.12813595018,13.4105946712,FROZEN_B11_90,ONE_SIDED_CLUSTER_DRIFT_GUARD_90,0.9,0.951281331718,NO_2023_FEEDBACK_AVAILABLE_CARRY_FORWARD_2022_DRIFT_STATE,2024,G+E_T1,T1_30DAP,SUPPORTED_FROZEN_B5_GENOME,SUPPORTED_T1_CONTEXT,False,False,3.482110304,True,False,17.414366725100002,True,10.28245872102
PHB47/PHZ51,GAH1_2024,7.20100307465,4.33244330545,0.757352941176,0.729950658929,WITHIN_TRAINING_NN_ENVELOPE,RETAIN_SUPPORTED,4.35170741157,5.14122936049,SUPPORT_GROUP_CHRONOLOGICAL_2016_2021,2.84929566307,11.5527104862,2.05977371416,12.3422324351,FROZEN_B11_90,ONE_SIDED_CLUSTER_DRIFT_GUARD_90,0.9,0.951281331718,NO_2023_FEEDBACK_AVAILABLE_CARRY_FORWARD_2022_DRIFT_STATE,2024,G+E_T1,T1_30DAP,SUPPORTED_FROZEN_B5_GENOME,SUPPORTED_T1_CONTEXT,False,False,5.743466585,True,True,8.70341482313,True,10.28245872094
PHG29/PHG47,GAH1_2024,8.17852401733,4.33244330545,0.757352941176,0.729950658929,WITHIN_TRAINING_NN_ENVELOPE,RETAIN_SUPPORTED,4.35170741157,5.14122936049,SUPPORT_GROUP_CHRONOLOGICAL_2016_2021,3.82681660576,12.5302314289,3.03729465685,13.3197533778,FROZEN_B11_90,ONE_SIDED_CLUSTER_DRIFT_GUARD_90,0.9,0.951281331718,NO_2023_FEEDBACK_AVAILABLE_CARRY_FORWARD_2022_DRIFT_STATE,2024,G+E_T1,T1_30DAP,SUPPORTED_FROZEN_B5_GENOME,SUPPORTED_T1_CONTEXT,False,False,5.354275338,True,True,8.703414823140001,True,10.28245872095
PHG39/PHN82,GAH1_2024,8.76416683197,4.33244330545,0.757352941176,0.729950658929,WITHIN_TRAINING_NN_ENVELOPE,RETAIN_SUPPORTED,4.35170741157,5.14122936049,SUPPORT_GROUP_CHRONOLOGICAL_2016_2021,4.4124594204,13.1158742435,3.62293747148,13.9053961925,FROZEN_B11_90,ONE_SIDED_CLUSTER_DRIFT_GUARD_90,0.9,0.951281331718,NO_2023_FEEDBACK_AVAILABLE_CARRY_FORWARD_2022_DRIFT_STATE,2024,G+E_T1,T1_30DAP,SUPPORTED_FROZEN_B5_GENOME,SUPPORTED_T1_CONTEXT,False,False,5.071406747,True,True,8.703414823100001,True,10.28245872102
PHJ40/PHAJ0,GAH1_2024,7.98303031921,4.33244330545,0.757352941176,0.729950658929,WITHIN_TRAINING_NN_ENVELOPE,RETAIN_SUPPORTED,4.35170741157,5.14122936049,SUPPORT_GROUP_CHRONOLOGICAL_2016_2021,3.63132290764,12.3347377308,2.84180095873,13.1242596797,FROZEN_B11_90,ONE_SIDED_CLUSTER_DRIFT_GUARD_90,0.9,0.951281331718,NO_2023_FEEDBACK_AVAILABLE_CARRY_FORWARD_2022_DRIFT_STATE,2024,G+E_T1,T1_30DAP,SUPPORTED_FROZEN_B5_GENOME,SUPPORTED_T1_CONTEXT,False,False,2.47496502,True,False,31.830572575960005,False,17.61917749557
PHRE1/PHTD5,GAH1_2024,8.39773750305,4.33244330545,0.757352941176,0.729950658929,WITHIN_TRAINING_NN_ENVELOPE,RETAIN_SUPPORTED,4.35170741157,5.14122936049,SUPPORT_GROUP_CHRONOLOGICAL_2016_2021,4.04603009148,12.7494449146,3.25650814257,13.5389668635,FROZEN_B11_90,ONE_SIDED_CLUSTER_DRIFT_GUARD_90,0.9,0.951281331718,NO_2023_FEEDBACK_AVAILABLE_CARRY_FORWARD_2022_DRIFT_STATE,2024,G+E_T1,T1_30DAP,SUPPORTED_FROZEN_B5_GENOME,SUPPORTED_T1_CONTEXT,False,False,2.982871823,True,False,29.966580192719995,False,15.75518511233
PHW52/PHM49,GAH1_2024,8.50846672058,4.33244330545,0.757352941176,0.729950658929,WITHIN_TRAINING_NN_ENVELOPE,RETAIN_SUPPORTED,4.35170741157,5.14122936049,SUPPORT_GROUP_CHRONOLOGICAL_2016_2021,4.15675930901,12.8601741322,3.3672373601,13.6496960811,FROZEN_B11_90,ONE_SIDED_CLUSTER_DRIFT_GUARD_90,0.9,0.951281331718,NO_2023_FEEDBACK_AVAILABLE_CARRY_FORWARD_2022_DRIFT_STATE,2024,G+E_T1,T1_30DAP,SUPPORTED_FROZEN_B5_GENOME,SUPPORTED_T1_CONTEXT,False,False,6.47421594,True,True,8.703414823189998,True,10.282458721000001
B14A/OH43,GAH2_2024,8.21496200562,2.73172886761,0.639705882353,0.882368760992,WITHIN_TRAINING_NN_ENVELOPE,RETAIN_SUPPORTED,4.35170741157,5.14122936049,SUPPORT_GROUP_CHRONOLOGICAL_2016_2021,3.86325459404,12.5666694172,3.07373264513,13.3561913661,FROZEN_B11_90,ONE_SIDED_CLUSTER_DRIFT_GUARD_90,0.9,0.951281331718,NO_2023_FEEDBACK_AVAILABLE_CARRY_FORWARD_2022_DRIFT_STATE,2024,G+E_T1,T1_30DAP,SUPPORTED_FROZEN_B5_GENOME,SUPPORTED_T1_CONTEXT,False,False,7.755239447,True,True,8.70341482316,True,10.282458720969998
B37/H95,GAH2_2024,8.57785701752,2.73172886761,0.639705882353,0.882368760992,WITHIN_TRAINING_NN_ENVELOPE,RETAIN_SUPPORTED,4.35170741157,5.14122936049,SUPPORT_GROUP_CHRONOLOGICAL_2016_2021,4.22614960594,12.9295644291,3.43662765703,13.719086378,FROZEN_B11_90,ONE_SIDED_CLUSTER_DRIFT_GUARD_90,0.9,0.951281331718,NO_2023_FEEDBACK_AVAILABLE_CARRY_FORWARD_2022_DRIFT_STATE,2024,G+E_T1,T1_30DAP,SUPPORTED_FROZEN_B5_GENOME,SUPPORTED_T1_CONTEXT,False,False,8.746997849,True,True,8.70341482316,True,10.28245872097
B73/MO17,GAH2_2024,8.87834644318,2.73172886761,0.639705882353,0.882368760992,WITHIN_TRAINING_NN_ENVELOPE,RETAIN_SUPPORTED,4.35170741157,5.14122936049,SUPPORT_GROUP_CHRONOLOGICAL_2016_2021,4.5266390316,13.2300538547,3.73711708269,14.0195758037,FROZEN_B11_90,ONE_SIDED_CLUSTER_DRIFT_GUARD_90,0.9,0.951281331718,NO_2023_FEEDBACK_AVAILABLE_CARRY_FORWARD_2022_DRIFT_STATE,2024,G+E_T1,T1_30DAP,SUPPORTED_FROZEN_B5_GENOME,SUPPORTED_T1_CONTEXT,False,False,8.607140694,True,True,8.7034148231,True,10.28245872101
B73/PHN82,GAH2_2024,10.1634645462,2.73172886761,0.639705882353,0.882368760992,WITHIN_TRAINING_NN_ENVELOPE,RETAIN_SUPPORTED,4.35170741157,5.14122936049,SUPPORT_GROUP_CHRONOLOGICAL_2016_2021,5.81175713463,14.5151719578,5.02223518572,15.3046939067,FROZEN_B11_90,ONE_SIDED_CLUSTER_DRIFT_GUARD_90,0.9,0.951281331718,NO_2023_FEEDBACK_AVAILABLE_CARRY_FORWARD_2022_DRIFT_STATE,2024,G+E_T1,T1_30DAP,SUPPORTED_FROZEN_B5_GENOME,SUPPORTED_T1_CONTEXT,False,False,10.62937456,True,True,8.70341482317,True,10.282458720980001
CG119/CG108,GAH2_2024,8.37561607361,2.73172886761,0.639705882353,0.882368760992,WITHIN_TRAINING_NN_ENVELOPE,RETAIN_SUPPORTED,4.35170741157,5.14122936049,SUPPORT_GROUP_CHRONOLOGICAL_2016_2021,4.02390866204,12.7273234852,3.23438671312,13.5168454341,FROZEN_B11_90,ONE_SIDED_CLUSTER_DRIFT_GUARD_90,0.9,0.951281331718,NO_2023_FEEDBACK_AVAILABLE_CARRY_FORWARD_2022_DRIFT_STATE,2024,G+E_T1,T1_30DAP,SUPPORTED_FROZEN_B5_GENOME,SUPPORTED_T1_CONTEXT,False,False,4.024802933,True,True,8.70341482316,True,10.28245872098
CG44/CGR01,GAH2_2024,8.74234104156,2.73172886761,0.639705882353,0.882368760992,WITHIN_TRAINING_NN_ENVELOPE,RETAIN_SUPPORTED,4.35170741157,5.14122936049,SUPPORT_GROUP_CHRONOLOGICAL_2016_2021,4.39063362999,13.0940484531,3.60111168108,13.8835704021,FROZEN_B11_90,ONE_SIDED_CLUSTER_DRIFT_GUARD_90,0.9,0.951281331718,NO_2023_FEEDBACK_AVAILABLE_CARRY_FORWARD_2022_DRIFT_STATE,2024,G+E_T1,T1_30DAP,SUPPORTED_FROZEN_B5_GENOME,SUPPORTED_T1_CONTEXT,False,False,7.718180603,True,True,8.703414823109998,True,10.28245872102
LH195/PHZ51,GAH2_2024,8.95596408844,2.73172886761,0.639705882353,0.882368760992,WITHIN_TRAINING_NN_ENVELOPE,RETAIN_SUPPORTED,4.35170741157,5.14122936049,SUPPORT_GROUP_CHRONOLOGICAL_2016_2021,4.60425667687,13.3076715,3.81473472795,14.0971934489,FROZEN_B11_90,ONE_SIDED_CLUSTER_DRIFT_GUARD_90,0.9,0.951281331718,NO_2023_FEEDBACK_AVAILABLE_CARRY_FORWARD_2022_DRIFT_STATE,2024,G+E_T1,T1_30DAP,SUPPORTED_FROZEN_B5_GENOME,SUPPORTED_T1_CONTEXT,False,False,10.12288148,True,True,8.70341482313,True,10.28245872095
LH244/PHK76,GAH2_2024,9.90994262695,2.73172886761,0.639705882353,0.882368760992,WITHIN_TRAINING_NN_ENVELOPE,RETAIN_SUPPORTED,4.35170741157,5.14122936049,SUPPORT_GROUP_CHRONOLOGICAL_2016_2021,5.55823521538,14.2616500385,4.76871326647,15.0511719874,FROZEN_B11_90,ONE_SIDED_CLUSTER_DRIFT_GUARD_90,0.9,0.951281331718,NO_2023_FEEDBACK_AVAILABLE_CARRY_FORWARD_2022_DRIFT_STATE,2024,G+E_T1,T1_30DAP,SUPPORTED_FROZEN_B5_GENOME,SUPPORTED_T1_CONTEXT,False,False,9.897028392,True,True,8.70341482312,True,10.28245872093
PHB47/PHN82,GAH2_2024,9.22073173523,2.73172886761,0.639705882353,0.882368760992,WITHIN_TRAINING_NN_ENVELOPE,RETAIN_SUPPORTED,4.35170741157,5.14122936049,SUPPORT_GROUP_CHRONOLOGICAL_2016_2021,4.86902432366,13.5724391468,4.07950237474,14.3619610957,FROZEN_B11_90,ONE_SIDED_CLUSTER_DRIFT_GUARD_90,0.9,0.951281331718,NO_2023_FEEDBACK_AVAILABLE_CARRY_FORWARD_2022_DRIFT_STATE,2024,G+E_T1,T1_30DAP,SUPPORTED_FROZEN_B5_GENOME,SUPPORTED_T1_CONTEXT,False,False,10.24412274,True,True,8.703414823140001,True,10.282458720960001
PHB47/PHZ51,GAH2_2024,8.15236949921,2.73172886761,0.639705882353,0.882368760992,WITHIN_TRAINING_NN_ENVELOPE,RETAIN_SUPPORTED,4.35170741157,5.14122936049,SUPPORT_GROUP_CHRONOLOGICAL_2016_2021,3.80066208763,12.5040769108,3.01114013872,13.2935988597,FROZEN_B11_90,ONE_SIDED_CLUSTER_DRIFT_GUARD_90,0.9,0.951281331718,NO_2023_FEEDBACK_AVAILABLE_CARRY_FORWARD_2022_DRIFT_STATE,2024,G+E_T1,T1_30DAP,SUPPORTED_FROZEN_B5_GENOME,SUPPORTED_T1_CONTEXT,False,False,10.46823824,True,True,8.70341482317,True,10.28245872098
PHG29/PHG47,GAH2_2024,9.12989044189,2.73172886761,0.639705882353,0.882368760992,WITHIN_TRAINING_NN_ENVELOPE,RETAIN_SUPPORTED,4.35170741157,5.14122936049,SUPPORT_GROUP_CHRONOLOGICAL_2016_2021,4.77818303032,13.4815978535,3.98866108141,14.2711198024,FROZEN_B11_90,ONE_SIDED_CLUSTER_DRIFT_GUARD_90,0.9,0.951281331718,NO_2023_FEEDBACK_AVAILABLE_CARRY_FORWARD_2022_DRIFT_STATE,2024,G+E_T1,T1_30DAP,SUPPORTED_FROZEN_B5_GENOME,SUPPORTED_T1_CONTEXT,False,False,10.14612654,True,True,8.703414823180001,True,10.28245872099
PHG39/PHN82,GAH2_2024,9.71553325653,2.73172886761,0.639705882353,0.882368760992,WITHIN_TRAINING_NN_ENVELOPE,RETAIN_SUPPORTED,4.35170741157,5.14122936049,SUPPORT_GROUP_CHRONOLOGICAL_2016_2021,5.36382584496,14.0672406681,4.57430389604,14.856762617,FROZEN_B11_90,ONE_SIDED_CLUSTER_DRIFT_GUARD_90,0.9,0.951281331718,NO_2023_FEEDBACK_AVAILABLE_CARRY_FORWARD_2022_DRIFT_STATE,2024,G+E_T1,T1_30DAP,SUPPORTED_FROZEN_B5_GENOME,SUPPORTED_T1_CONTEXT,False,False,9.71032758,True,True,8.703414823140001,True,10.28245872096
PHJ40/PHAJ0,GAH2_2024,8.93439674377,2.73172886761,0.639705882353,0.882368760992,WITHIN_TRAINING_NN_ENVELOPE,RETAIN_SUPPORTED,4.35170741157,5.14122936049,SUPPORT_GROUP_CHRONOLOGICAL_2016_2021,4.5826893322,13.2861041553,3.79316738329,14.0756261043,FROZEN_B11_90,ONE_SIDED_CLUSTER_DRIFT_GUARD_90,0.9,0.951281331718,NO_2023_FEEDBACK_AVAILABLE_CARRY_FORWARD_2022_DRIFT_STATE,2024,G+E_T1,T1_30DAP,SUPPORTED_FROZEN_B5_GENOME,SUPPORTED_T1_CONTEXT,False,False,3.52771188,True,False,29.802963867100008,False,15.59156878681
PHRE1/PHTD5,GAH2_2024,9.34910392761,2.73172886761,0.639705882353,0.882368760992,WITHIN_TRAINING_NN_ENVELOPE,RETAIN_SUPPORTED,4.35170741157,5.14122936049,SUPPORT_GROUP_CHRONOLOGICAL_2016_2021,4.99739651604,13.7008113392,4.20787456713,14.4903332881,FROZEN_B11_90,ONE_SIDED_CLUSTER_DRIFT_GUARD_90,0.9,0.951281331718,NO_2023_FEEDBACK_AVAILABLE_CARRY_FORWARD_2022_DRIFT_STATE,2024,G+E_T1,T1_30DAP,SUPPORTED_FROZEN_B5_GENOME,SUPPORTED_T1_CONTEXT,False,False,6.315901904,True,True,8.70341482316,True,10.28245872097
PHW52/PHM49,GAH2_2024,9.45983314514,2.73172886761,0.639705882353,0.882368760992,WITHIN_TRAINING_NN_ENVELOPE,RETAIN_SUPPORTED,4.35170741157,5.14122936049,SUPPORT_GROUP_CHRONOLOGICAL_2016_2021,5.10812573357,13.8115405567,4.31860378466,14.6010625056,FROZEN_B11_90,ONE_SIDED_CLUSTER_DRIFT_GUARD_90,0.9,0.951281331718,NO_2023_FEEDBACK_AVAILABLE_CARRY_FORWARD_2022_DRIFT_STATE,2024,G+E_T1,T1_30DAP,SUPPORTED_FROZEN_B5_GENOME,SUPPORTED_T1_CONTEXT,False,False,10.21209206,True,True,8.70341482313,True,10.28245872094
B14A/OH43,IAH2_2024,8.52033615112,4.5370296719,0.757352941176,0.708072243734,WITHIN_TRAINING_NN_ENVELOPE,RETAIN_SUPPORTED,4.35170741157,5.14122936049,SUPPORT_GROUP_CHRONOLOGICAL_2016_2021,4.16862873955,12.8720435627,3.37910679064,13.6615655116,FROZEN_B11_90,ONE_SIDED_CLUSTER_DRIFT_GUARD_90,0.9,0.951281331718,NO_2023_FEEDBACK_AVAILABLE_CARRY_FORWARD_2022_DRIFT_STATE,2024,G+E_T1,T1_30DAP,SUPPORTED_FROZEN_B5_GENOME,SUPPORTED_T1_CONTEXT,False,False,10.22046924,True,True,8.70341482315,True,10.28245872096
B37/H95,IAH2_2024,8.88323116302,4.5370296719,0.757352941176,0.708072243734,WITHIN_TRAINING_NN_ENVELOPE,RETAIN_SUPPORTED,4.35170741157,5.14122936049,SUPPORT_GROUP_CHRONOLOGICAL_2016_2021,4.53152375145,13.2349385746,3.74200180254,14.0244605235,FROZEN_B11_90,ONE_SIDED_CLUSTER_DRIFT_GUARD_90,0.9,0.951281331718,NO_2023_FEEDBACK_AVAILABLE_CARRY_FORWARD_2022_DRIFT_STATE,2024,G+E_T1,T1_30DAP,SUPPORTED_FROZEN_B5_GENOME,SUPPORTED_T1_CONTEXT,False,False,6.286678164,True,True,8.703414823149998,True,10.282458720960001
B73/MO17,IAH2_2024,9.18372154236,4.5370296719,0.757352941176,0.708072243734,WITHIN_TRAINING_NN_ENVELOPE,RETAIN_SUPPORTED,4.35170741157,5.14122936049,SUPPORT_GROUP_CHRONOLOGICAL_2016_2021,4.83201413079,13.5354289539,4.04249218187,14.3249509028,FROZEN_B11_90,ONE_SIDED_CLUSTER_DRIFT_GUARD_90,0.9,0.951281331718,NO_2023_FEEDBACK_AVAILABLE_CARRY_FORWARD_2022_DRIFT_STATE,2024,G+E_T1,T1_30DAP,SUPPORTED_FROZEN_B5_GENOME,SUPPORTED_T1_CONTEXT,False,False,5.146060575,True,True,8.70341482311,True,10.282458720929998
B73/PHN82,IAH2_2024,10.4688396454,4.5370296719,0.757352941176,0.708072243734,WITHIN_TRAINING_NN_ENVELOPE,RETAIN_SUPPORTED,4.35170741157,5.14122936049,SUPPORT_GROUP_CHRONOLOGICAL_2016_2021,6.11713223381,14.820547057,5.3276102849,15.6100690059,FROZEN_B11_90,ONE_SIDED_CLUSTER_DRIFT_GUARD_90,0.9,0.951281331718,NO_2023_FEEDBACK_AVAILABLE_CARRY_FORWARD_2022_DRIFT_STATE,2024,G+E_T1,T1_30DAP,SUPPORTED_FROZEN_B5_GENOME,SUPPORTED_T1_CONTEXT,False,False,10.41493767,True,True,8.703414823190002,True,10.282458721
B73/TX779,IAH2_2024,9.41224002838,4.5370296719,0.757352941176,0.708072243734,WITHIN_TRAINING_NN_ENVELOPE,RETAIN_SUPPORTED,4.35170741157,5.14122936049,SUPPORT_GROUP_CHRONOLOGICAL_2016_2021,5.06053261681,13.76394744,4.2710106679,14.5534693889,FROZEN_B11_90,ONE_SIDED_CLUSTER_DRIFT_GUARD_90,0.9,0.951281331718,NO_2023_FEEDBACK_AVAILABLE_CARRY_FORWARD_2022_DRIFT_STATE,2024,G+E_T1,T1_30DAP,SUPPORTED_FROZEN_B5_GENOME,SUPPORTED_T1_CONTEXT,False,False,4.490940219,True,False,20.095262779390005,True,10.282458721000001
CG119/CG108,IAH2_2024,8.68099021912,4.5370296719,0.757352941176,0.708072243734,WITHIN_TRAINING_NN_ENVELOPE,RETAIN_SUPPORTED,4.35170741157,5.14122936049,SUPPORT_GROUP_CHRONOLOGICAL_2016_2021,4.32928280754,13.0326976307,3.53976085863,13.8222195796,FROZEN_B11_90,ONE_SIDED_CLUSTER_DRIFT_GUARD_90,0.9,0.951281331718,NO_2023_FEEDBACK_AVAILABLE_CARRY_FORWARD_2022_DRIFT_STATE,2024,G+E_T1,T1_30DAP,SUPPORTED_FROZEN_B5_GENOME,SUPPORTED_T1_CONTEXT,False,False,3.038334232,True,False,34.522386333960014,False,20.31099125357
CG44/CGR01,IAH2_2024,9.04771614075,4.5370296719,0.757352941176,0.708072243734,WITHIN_TRAINING_NN_ENVELOPE,RETAIN_SUPPORTED,4.35170741157,5.14122936049,SUPPORT_GROUP_CHRONOLOGICAL_2016_2021,4.69600872917,13.3994235523,3.90648678026,14.1889455012,FROZEN_B11_90,ONE_SIDED_CLUSTER_DRIFT_GUARD_90,0.9,0.951281331718,NO_2023_FEEDBACK_AVAILABLE_CARRY_FORWARD_2022_DRIFT_STATE,2024,G+E_T1,T1_30DAP,SUPPORTED_FROZEN_B5_GENOME,SUPPORTED_T1_CONTEXT,False,False,8.709694852,True,True,8.70341482313,True,10.28245872094
LH132/PHP02,IAH2_2024,10.5198402405,4.5370296719,0.757352941176,0.708072243734,WITHIN_TRAINING_NN_ENVELOPE,RETAIN_SUPPORTED,4.35170741157,5.14122936049,SUPPORT_GROUP_CHRONOLOGICAL_2016_2021,6.16813282891,14.8715476521,5.37861087999,15.661069601,FROZEN_B11_90,ONE_SIDED_CLUSTER_DRIFT_GUARD_90,0.9,0.951281331718,NO_2023_FEEDBACK_AVAILABLE_CARRY_FORWARD_2022_DRIFT_STATE,2024,G+E_T1,T1_30DAP,SUPPORTED_FROZEN_B5_GENOME,SUPPORTED_T1_CONTEXT,False,False,6.174766364,True,True,8.70341482319,True,10.282458721009998
LH195/PHP02,IAH2_2024,10.5017204285,4.5370296719,0.757352941176,0.708072243734,WITHIN_TRAINING_NN_ENVELOPE,RETAIN_SUPPORTED,4.35170741157,5.14122936049,SUPPORT_GROUP_CHRONOLOGICAL_2016_2021,6.15001301689,14.85342784,5.36049106798,15.642949789,FROZEN_B11_90,ONE_SIDED_CLUSTER_DRIFT_GUARD_90,0.9,0.951281331718,NO_2023_FEEDBACK_AVAILABLE_CARRY_FORWARD_2022_DRIFT_STATE,2024,G+E_T1,T1_30DAP,SUPPORTED_FROZEN_B5_GENOME,SUPPORTED_T1_CONTEXT,False,False,7.92804913,True,True,8.70341482311,True,10.28245872102
LH195/PHZ51,IAH2_2024,9.26133918762,4.5370296719,0.757352941176,0.708072243734,WITHIN_TRAINING_NN_ENVELOPE,RETAIN_SUPPORTED,4.35170741157,5.14122936049,SUPPORT_GROUP_CHRONOLOGICAL_2016_2021,4.90963177605,13.6130465992,4.12010982714,14.4025685481,FROZEN_B11_90,ONE_SIDED_CLUSTER_DRIFT_GUARD_90,0.9,0.951281331718,NO_2023_FEEDBACK_AVAILABLE_CARRY_FORWARD_2022_DRIFT_STATE,2024,G+E_T1,T1_30DAP,SUPPORTED_FROZEN_B5_GENOME,SUPPORTED_T1_CONTEXT,False,False,10.02110072,True,True,8.70341482315,True,10.28245872096
LH244/PHK76,IAH2_2024,10.2153167725,4.5370296719,0.757352941176,0.708072243734,WITHIN_TRAINING_NN_ENVELOPE,RETAIN_SUPPORTED,4.35170741157,5.14122936049,SUPPORT_GROUP_CHRONOLOGICAL_2016_2021,5.86360936089,14.567024184,5.07408741198,15.3565461329,FROZEN_B11_90,ONE_SIDED_CLUSTER_DRIFT_GUARD_90,0.9,0.951281331718,NO_2023_FEEDBACK_AVAILABLE_CARRY_FORWARD_2022_DRIFT_STATE,2024,G+E_T1,T1_30DAP,SUPPORTED_FROZEN_B5_GENOME,SUPPORTED_T1_CONTEXT,False,False,11.2441531,True,True,8.703414823109998,True,10.282458720920001
PHB47/PHN82,IAH2_2024,9.52610683441,4.5370296719,0.757352941176,0.708072243734,WITHIN_TRAINING_NN_ENVELOPE,RETAIN_SUPPORTED,4.35170741157,5.14122936049,SUPPORT_GROUP_CHRONOLOGICAL_2016_2021,5.17439942284,13.877814246,4.38487747393,14.6673361949,FROZEN_B11_90,ONE_SIDED_CLUSTER_DRIFT_GUARD_90,0.9,0.951281331718,NO_2023_FEEDBACK_AVAILABLE_CARRY_FORWARD_2022_DRIFT_STATE,2024,G+E_T1,T1_30DAP,SUPPORTED_FROZEN_B5_GENOME,SUPPORTED_T1_CONTEXT,False,False,11.38866295,True,True,8.70341482316,True,10.282458720970002
PHB47/PHZ51,IAH2_2024,8.45774364471,4.5370296719,0.757352941176,0.708072243734,WITHIN_TRAINING_NN_ENVELOPE,RETAIN_SUPPORTED,4.35170741157,5.14122936049,SUPPORT_GROUP_CHRONOLOGICAL_2016_2021,4.10603623314,12.8094510563,3.31651428423,13.5989730052,FROZEN_B11_90,ONE_SIDED_CLUSTER_DRIFT_GUARD_90,0.9,0.951281331718,NO_2023_FEEDBACK_AVAILABLE_CARRY_FORWARD_2022_DRIFT_STATE,2024,G+E_T1,T1_30DAP,SUPPORTED_FROZEN_B5_GENOME,SUPPORTED_T1_CONTEXT,False,False,9.115744909,True,True,8.70341482316,True,10.282458720969998
PHG29/PHG47,IAH2_2024,9.4352645874,4.5370296719,0.757352941176,0.708072243734,WITHIN_TRAINING_NN_ENVELOPE,RETAIN_SUPPORTED,4.35170741157,5.14122936049,SUPPORT_GROUP_CHRONOLOGICAL_2016_2021,5.08355717583,13.786971999,4.29403522692,14.5764939479,FROZEN_B11_90,ONE_SIDED_CLUSTER_DRIFT_GUARD_90,0.9,0.951281331718,NO_2023_FEEDBACK_AVAILABLE_CARRY_FORWARD_2022_DRIFT_STATE,2024,G+E_T1,T1_30DAP,SUPPORTED_FROZEN_B5_GENOME,SUPPORTED_T1_CONTEXT,False,False,8.625673095,True,True,8.70341482317,True,10.28245872098
PHG39/PHN82,IAH2_2024,10.020907402,4.5370296719,0.757352941176,0.708072243734,WITHIN_TRAINING_NN_ENVELOPE,RETAIN_SUPPORTED,4.35170741157,5.14122936049,SUPPORT_GROUP_CHRONOLOGICAL_2016_2021,5.66919999047,14.3726148136,4.87967804155,15.1621367625,FROZEN_B11_90,ONE_SIDED_CLUSTER_DRIFT_GUARD_90,0.9,0.951281331718,NO_2023_FEEDBACK_AVAILABLE_CARRY_FORWARD_2022_DRIFT_STATE,2024,G+E_T1,T1_30DAP,SUPPORTED_FROZEN_B5_GENOME,SUPPORTED_T1_CONTEXT,False,False,11.33124941,True,True,8.70341482313,True,10.28245872095
PHJ40/PHAJ0,IAH2_2024,9.23977184296,4.5370296719,0.757352941176,0.708072243734,WITHIN_TRAINING_NN_ENVELOPE,RETAIN_SUPPORTED,4.35170741157,5.14122936049,SUPPORT_GROUP_CHRONOLOGICAL_2016_2021,4.88806443138,13.5914792545,4.09854248247,14.3810012034,FROZEN_B11_90,ONE_SIDED_CLUSTER_DRIFT_GUARD_90,0.9,0.951281331718,NO_2023_FEEDBACK_AVAILABLE_CARRY_FORWARD_2022_DRIFT_STATE,2024,G+E_T1,T1_30DAP,SUPPORTED_FROZEN_B5_GENOME,SUPPORTED_T1_CONTEXT,False,False,8.507257158,True,True,8.70341482312,True,10.28245872093
PHRE1/PHTD5,IAH2_2024,9.65447807312,4.5370296719,0.757352941176,0.708072243734,WITHIN_TRAINING_NN_ENVELOPE,RETAIN_SUPPORTED,4.35170741157,5.14122936049,SUPPORT_GROUP_CHRONOLOGICAL_2016_2021,5.30277066155,14.0061854847,4.51324871263,14.7957074336,FROZEN_B11_90,ONE_SIDED_CLUSTER_DRIFT_GUARD_90,0.9,0.951281331718,NO_2023_FEEDBACK_AVAILABLE_CARRY_FORWARD_2022_DRIFT_STATE,2024,G+E_T1,T1_30DAP,SUPPORTED_FROZEN_B5_GENOME,SUPPORTED_T1_CONTEXT,False,False,9.315334166,True,True,8.703414823149998,True,10.28245872097
PHW52/PHM49,IAH2_2024,9.76520824432,4.5370296719,0.757352941176,0.708072243734,WITHIN_TRAINING_NN_ENVELOPE,RETAIN_SUPPORTED,4.35170741157,5.14122936049,SUPPORT_GROUP_CHRONOLOGICAL_2016_2021,5.41350083275,14.1169156559,4.62397888384,14.9064376048,FROZEN_B11_90,ONE_SIDED_CLUSTER_DRIFT_GUARD_90,0.9,0.951281331718,NO_2023_FEEDBACK_AVAILABLE_CARRY_FORWARD_2022_DRIFT_STATE,2024,G+E_T1,T1_30DAP,SUPPORTED_FROZEN_B5_GENOME,SUPPORTED_T1_CONTEXT,False,False,8.747470528,True,True,8.70341482315,True,10.282458720960001
TX777/LH195,IAH2_2024,9.38146591187,4.5370296719,0.757352941176,0.708072243734,WITHIN_TRAINING_NN_ENVELOPE,RETAIN_SUPPORTED,4.35170741157,5.14122936049,SUPPORT_GROUP_CHRONOLOGICAL_2016_2021,5.02975850029,13.7331733234,4.24023655138,14.5226952724,FROZEN_B11_90,ONE_SIDED_CLUSTER_DRIFT_GUARD_90,0.9,0.951281331718,NO_2023_FEEDBACK_AVAILABLE_CARRY_FORWARD_2022_DRIFT_STATE,2024,G+E_T1,T1_30DAP,SUPPORTED_FROZEN_B5_GENOME,SUPPORTED_T1_CONTEXT,False,False,3.202462727,True,False,45.24933028891001,False,31.037935208620002
W10004_0055/PHP02,IAH2_2024,10.4879655838,4.5370296719,0.757352941176,0.708072243734,WITHIN_TRAINING_NN_ENVELOPE,RETAIN_SUPPORTED,4.35170741157,5.14122936049,SUPPORT_GROUP_CHRONOLOGICAL_2016_2021,6.13625817223,14.8396729954,5.34673622332,15.6291949443,FROZEN_B11_90,ONE_SIDED_CLUSTER_DRIFT_GUARD_90,0.9,0.951281331718,NO_2023_FEEDBACK_AVAILABLE_CARRY_FORWARD_2022_DRIFT_STATE,2024,G+E_T1,T1_30DAP,SUPPORTED_FROZEN_B5_GENOME,SUPPORTED_T1_CONTEXT,False,False,5.171812077,True,False,27.992336727769995,False,13.78094164737999
W10004_0062/PHP02,IAH2_2024,9.63746452332,4.5370296719,0.757352941176,0.708072243734,WITHIN_TRAINING_NN_ENVELOPE,RETAIN_SUPPORTED,4.35170741157,5.14122936049,SUPPORT_GROUP_CHRONOLOGICAL_2016_2021,5.28575711174,13.9891719349,4.49623516283,14.7786938838,FROZEN_B11_90,ONE_SIDED_CLUSTER_DRIFT_GUARD_90,0.9,0.951281331718,NO_2023_FEEDBACK_AVAILABLE_CARRY_FORWARD_2022_DRIFT_STATE,2024,G+E_T1,T1_30DAP,SUPPORTED_FROZEN_B5_GENOME,SUPPORTED_T1_CONTEXT,False,False,8.849130105,True,True,8.70341482316,True,10.282458720970002
W10004_0095/PHP02,IAH2_2024,9.99533462524,4.5370296719,0.757352941176,0.708072243734,WITHIN_TRAINING_NN_ENVELOPE,RETAIN_SUPPORTED,4.35170741157,5.14122936049,SUPPORT_GROUP_CHRONOLOGICAL_2016_2021,5.64362721367,14.3470420368,4.85410526476,15.1365639857,FROZEN_B11_90,ONE_SIDED_CLUSTER_DRIFT_GUARD_90,0.9,0.951281331718,NO_2023_FEEDBACK_AVAILABLE_CARRY_FORWARD_2022_DRIFT_STATE,2024,G+E_T1,T1_30DAP,SUPPORTED_FROZEN_B5_GENOME,SUPPORTED_T1_CONTEXT,False,False,4.42493767,True,False,33.07720569653,False,18.865810616140003
W10004_0122/PHP02,IAH2_2024,10.3353834152,4.5370296719,0.757352941176,0.708072243734,WITHIN_TRAINING_NN_ENVELOPE,RETAIN_SUPPORTED,4.35170741157,5.14122936049,SUPPORT_GROUP_CHRONOLOGICAL_2016_2021,5.98367600365,14.6870908268,5.19415405474,15.4766127757,FROZEN_B11_90,ONE_SIDED_CLUSTER_DRIFT_GUARD_90,0.9,0.951281331718,NO_2023_FEEDBACK_AVAILABLE_CARRY_FORWARD_2022_DRIFT_STATE,2024,G+E_T1,T1_30DAP,SUPPORTED_FROZEN_B5_GENOME,SUPPORTED_T1_CONTEXT,False,False,4.621771817,True,False,35.94149855615001,False,21.730103475760007
W10004_0133/PHP02,IAH2_2024,10.2094612122,4.5370296719,0.757352941176,0.708072243734,WITHIN_TRAINING_NN_ENVELOPE,RETAIN_SUPPORTED,4.35170741157,5.14122936049,SUPPORT_GROUP_CHRONOLOGICAL_2016_2021,5.85775380059,14.5611686237,5.06823185167,15.3506905726,FROZEN_B11_90,ONE_SIDED_CLUSTER_DRIFT_GUARD_90,0.9,0.951281331718,NO_2023_FEEDBACK_AVAILABLE_CARRY_FORWARD_2022_DRIFT_STATE,2024,G+E_T1,T1_30DAP,SUPPORTED_FROZEN_B5_GENOME,SUPPORTED_T1_CONTEXT,False,False,6.497027176,True,True,8.70341482311,True,10.282458720929998
W10004_0138/PHP02,IAH2_2024,10.7501058578,4.5370296719,0.757352941176,0.708072243734,WITHIN_TRAINING_NN_ENVELOPE,RETAIN_SUPPORTED,4.35170741157,5.14122936049,SUPPORT_GROUP_CHRONOLOGICAL_2016_2021,6.39839844628,15.1018132694,5.60887649736,15.8913352183,FROZEN_B11_90,ONE_SIDED_CLUSTER_DRIFT_GUARD_90,0.9,0.951281331718,NO_2023_FEEDBACK_AVAILABLE_CARRY_FORWARD_2022_DRIFT_STATE,2024,G+E_T1,T1_30DAP,SUPPORTED_FROZEN_B5_GENOME,SUPPORTED_T1_CONTEXT,False,False,7.035731154,True,True,8.70341482312,True,10.28245872094
W10004_0160/PHP02,IAH2_2024,10.9906835556,4.5370296719,0.757352941176,0.708072243734,WITHIN_TRAINING_NN_ENVELOPE,RETAIN_SUPPORTED,4.35170741157,5.14122936049,SUPPORT_GROUP_CHRONOLOGICAL_2016_2021,6.63897614403,15.3423909672,5.84945419512,16.1319129161,FROZEN_B11_90,ONE_SIDED_CLUSTER_DRIFT_GUARD_90,0.9,0.951281331718,NO_2023_FEEDBACK_AVAILABLE_CARRY_FORWARD_2022_DRIFT_STATE,2024,G+E_T1,T1_30DAP,SUPPORTED_FROZEN_B5_GENOME,SUPPORTED_T1_CONTEXT,False,False,8.040207544,True,True,8.70341482317,True,10.28245872098
W10004_0168/PHP02,IAH2_2024,10.4534063339,4.5370296719,0.757352941176,0.708072243734,WITHIN_TRAINING_NN_ENVELOPE,RETAIN_SUPPORTED,4.35170741157,5.14122936049,SUPPORT_GROUP_CHRONOLOGICAL_2016_2021,6.10169892235,14.8051137455,5.31217697344,15.5946356944,FROZEN_B11_90,ONE_SIDED_CLUSTER_DRIFT_GUARD_90,0.9,0.951281331718,NO_2023_FEEDBACK_AVAILABLE_CARRY_FORWARD_2022_DRIFT_STATE,2024,G+E_T1,T1_30DAP,SUPPORTED_FROZEN_B5_GENOME,SUPPORTED_T1_CONTEXT,False,False,7.993660024,True,True,8.70341482315,True,10.282458720960001
W10004_0189/PHP02,IAH2_2024,10.5648088455,4.5370296719,0.757352941176,0.708072243734,WITHIN_TRAINING_NN_ENVELOPE,RETAIN_SUPPORTED,4.35170741157,5.14122936049,SUPPORT_GROUP_CHRONOLOGICAL_2016_2021,6.21310143395,14.9165162571,5.42357948503,15.706038206,FROZEN_B11_90,ONE_SIDED_CLUSTER_DRIFT_GUARD_90,0.9,0.951281331718,NO_2023_FEEDBACK_AVAILABLE_CARRY_FORWARD_2022_DRIFT_STATE,2024,G+E_T1,T1_30DAP,SUPPORTED_FROZEN_B5_GENOME,SUPPORTED_T1_CONTEXT,False,False,7.562231046,True,True,8.703414823149998,True,10.28245872097
W10004_0236/PHP02,IAH2_2024,10.2642965317,4.5370296719,0.757352941176,0.708072243734,WITHIN_TRAINING_NN_ENVELOPE,RETAIN_SUPPORTED,4.35170741157,5.14122936049,SUPPORT_GROUP_CHRONOLOGICAL_2016_2021,5.9125891201,14.6160039432,5.12306717119,15.4055258922,FROZEN_B11_90,ONE_SIDED_CLUSTER_DRIFT_GUARD_90,0.9,0.951281331718,NO_2023_FEEDBACK_AVAILABLE_CARRY_FORWARD_2022_DRIFT_STATE,2024,G+E_T1,T1_30DAP,SUPPORTED_FROZEN_B5_GENOME,SUPPORTED_T1_CONTEXT,False,False,8.083951781,True,True,8.703414823100001,True,10.28245872101
W10004_0258/PHP02,IAH2_2024,10.1090488434,4.5370296719,0.757352941176,0.708072243734,WITHIN_TRAINING_NN_ENVELOPE,RETAIN_SUPPORTED,4.35170741157,5.14122936049,SUPPORT_GROUP_CHRONOLOGICAL_2016_2021,5.75734143181,14.460756255,4.9678194829,15.2502782039,FROZEN_B11_90,ONE_SIDED_CLUSTER_DRIFT_GUARD_90,0.9,0.951281331718,NO_2023_FEEDBACK_AVAILABLE_CARRY_FORWARD_2022_DRIFT_STATE,2024,G+E_T1,T1_30DAP,SUPPORTED_FROZEN_B5_GENOME,SUPPORTED_T1_CONTEXT,False,False,8.180844479,True,True,8.70341482319,True,10.282458721000001
W10004_0311/PHP02,IAH2_2024,10.2810287476,4.5370296719,0.757352941176,0.708072243734,WITHIN_TRAINING_NN_ENVELOPE,RETAIN_SUPPORTED,4.35170741157,5.14122936049,SUPPORT_GROUP_CHRONOLOGICAL_2016_2021,5.92932133599,14.6327361591,5.13979938707,15.422258108,FROZEN_B11_90,ONE_SIDED_CLUSTER_DRIFT_GUARD_90,0.9,0.951281331718,NO_2023_FEEDBACK_AVAILABLE_CARRY_FORWARD_2022_DRIFT_STATE,2024,G+E_T1,T1_30DAP,SUPPORTED_FROZEN_B5_GENOME,SUPPORTED_T1_CONTEXT,False,False,5.884140472,True,False,9.607032102909995,True,10.282458720929998
W10004_0346/PHP02,IAH2_2024,10.4541625977,4.5370296719,0.757352941176,0.708072243734,WITHIN_TRAINING_NN_ENVELOPE,RETAIN_SUPPORTED,4.35170741157,5.14122936049,SUPPORT_GROUP_CHRONOLOGICAL_2016_2021,6.10245518608,14.8058700092,5.31293323717,15.5953919581,FROZEN_B11_90,ONE_SIDED_CLUSTER_DRIFT_GUARD_90,0.9,0.951281331718,NO_2023_FEEDBACK_AVAILABLE_CARRY_FORWARD_2022_DRIFT_STATE,2024,G+E_T1,T1_30DAP,SUPPORTED_FROZEN_B5_GENOME,SUPPORTED_T1_CONTEXT,False,False,8.077194006,True,True,8.70341482312,True,10.28245872093
W10004_0389/PHP02,IAH2_2024,10.5117254257,4.5370296719,0.757352941176,0.708072243734,WITHIN_TRAINING_NN_ENVELOPE,RETAIN_SUPPORTED,4.35170741157,5.14122936049,SUPPORT_GROUP_CHRONOLOGICAL_2016_2021,6.16001801415,14.8634328373,5.37049606523,15.6529547862,FROZEN_B11_90,ONE_SIDED_CLUSTER_DRIFT_GUARD_90,0.9,0.951281331718,NO_2023_FEEDBACK_AVAILABLE_CARRY_FORWARD_2022_DRIFT_STATE,2024,G+E_T1,T1_30DAP,SUPPORTED_FROZEN_B5_GENOME,SUPPORTED_T1_CONTEXT,False,False,7.741909346,True,True,8.703414823149998,True,10.28245872097
W10004_0403/PHP02,IAH2_2024,10.1815547943,4.5370296719,0.757352941176,0.708072243734,WITHIN_TRAINING_NN_ENVELOPE,RETAIN_SUPPORTED,4.35170741157,5.14122936049,SUPPORT_GROUP_CHRONOLOGICAL_2016_2021,5.82984738274,14.5332622059,5.04032543383,15.3227841548,FROZEN_B11_90,ONE_SIDED_CLUSTER_DRIFT_GUARD_90,0.9,0.951281331718,NO_2023_FEEDBACK_AVAILABLE_CARRY_FORWARD_2022_DRIFT_STATE,2024,G+E_T1,T1_30DAP,SUPPORTED_FROZEN_B5_GENOME,SUPPORTED_T1_CONTEXT,False,False,2.557428582,True,False,74.15179083796001,False,59.94039575757
W10004_0409/PHP02,IAH2_2024,10.416554451,4.5370296719,0.757352941176,0.708072243734,WITHIN_TRAINING_NN_ENVELOPE,RETAIN_SUPPORTED,4.35170741157,5.14122936049,SUPPORT_GROUP_CHRONOLOGICAL_2016_2021,6.06484703942,14.7682618626,5.2753250905,15.5577838115,FROZEN_B11_90,ONE_SIDED_CLUSTER_DRIFT_GUARD_90,0.9,0.951281331718,NO_2023_FEEDBACK_AVAILABLE_CARRY_FORWARD_2022_DRIFT_STATE,2024,G+E_T1,T1_30DAP,SUPPORTED_FROZEN_B5_GENOME,SUPPORTED_T1_CONTEXT,False,False,12.35460556,True,True,8.70341482318,True,10.282458721000001
W10004_0476/PHP02,IAH2_2024,10.3248205185,4.5370296719,0.757352941176,0.708072243734,WITHIN_TRAINING_NN_ENVELOPE,RETAIN_SUPPORTED,4.35170741157,5.14122936049,SUPPORT_GROUP_CHRONOLOGICAL_2016_2021,5.97311310692,14.6765279301,5.18359115801,15.466049879,FROZEN_B11_90,ONE_SIDED_CLUSTER_DRIFT_GUARD_90,0.9,0.951281331718,NO_2023_FEEDBACK_AVAILABLE_CARRY_FORWARD_2022_DRIFT_STATE,2024,G+E_T1,T1_30DAP,SUPPORTED_FROZEN_B5_GENOME,SUPPORTED_T1_CONTEXT,False,False,7.807967014,True,True,8.703414823180001,True,10.28245872099
W10004_0601/PHP02,IAH2_2024,10.2755823135,4.5370296719,0.757352941176,0.708072243734,WITHIN_TRAINING_NN_ENVELOPE,RETAIN_SUPPORTED,4.35170741157,5.14122936049,SUPPORT_GROUP_CHRONOLOGICAL_2016_2021,5.92387490197,14.6272897251,5.13435295305,15.416811674,FROZEN_B11_90,ONE_SIDED_CLUSTER_DRIFT_GUARD_90,0.9,0.951281331718,NO_2023_FEEDBACK_AVAILABLE_CARRY_FORWARD_2022_DRIFT_STATE,2024,G+E_T1,T1_30DAP,SUPPORTED_FROZEN_B5_GENOME,SUPPORTED_T1_CONTEXT,False,False,8.695054033,True,True,8.70341482313,True,10.28245872095
W10004_0658/PHP02,IAH2_2024,10.4884500504,4.5370296719,0.757352941176,0.708072243734,WITHIN_TRAINING_NN_ENVELOPE,RETAIN_SUPPORTED,4.35170741157,5.14122936049,SUPPORT_GROUP_CHRONOLOGICAL_2016_2021,6.13674263878,14.8401574619,5.34722068987,15.6296794108,FROZEN_B11_90,ONE_SIDED_CLUSTER_DRIFT_GUARD_90,0.9,0.951281331718,NO_2023_FEEDBACK_AVAILABLE_CARRY_FORWARD_2022_DRIFT_STATE,2024,G+E_T1,T1_30DAP,SUPPORTED_FROZEN_B5_GENOME,SUPPORTED_T1_CONTEXT,False,False,8.1532096,True,True,8.70341482312,True,10.282458720929998
W10004_0691/PHP02,IAH2_2024,10.393705368,4.5370296719,0.757352941176,0.708072243734,WITHIN_TRAINING_NN_ENVELOPE,RETAIN_SUPPORTED,4.35170741157,5.14122936049,SUPPORT_GROUP_CHRONOLOGICAL_2016_2021,6.04199795647,14.7454127796,5.25247600756,15.5349347285,FROZEN_B11_90,ONE_SIDED_CLUSTER_DRIFT_GUARD_90,0.9,0.951281331718,NO_2023_FEEDBACK_AVAILABLE_CARRY_FORWARD_2022_DRIFT_STATE,2024,G+E_T1,T1_30DAP,SUPPORTED_FROZEN_B5_GENOME,SUPPORTED_T1_CONTEXT,False,False,6.292652223,True,True,8.70341482313,True,10.28245872094
W10004_0714/PHP02,IAH2_2024,10.3703346252,4.5370296719,0.757352941176,0.708072243734,WITHIN_TRAINING_NN_ENVELOPE,RETAIN_SUPPORTED,4.35170741157,5.14122936049,SUPPORT_GROUP_CHRONOLOGICAL_2016_2021,6.01862721367,14.7220420368,5.22910526476,15.5115639857,FROZEN_B11_90,ONE_SIDED_CLUSTER_DRIFT_GUARD_90,0.9,0.951281331718,NO_2023_FEEDBACK_AVAILABLE_CARRY_FORWARD_2022_DRIFT_STATE,2024,G+E_T1,T1_30DAP,SUPPORTED_FROZEN_B5_GENOME,SUPPORTED_T1_CONTEXT,False,False,7.538731275,True,True,8.70341482313,True,10.28245872094
W10004_0715/PHP02,IAH2_2024,10.398598671,4.5370296719,0.757352941176,0.708072243734,WITHIN_TRAINING_NN_ENVELOPE,RETAIN_SUPPORTED,4.35170741157,5.14122936049,SUPPORT_GROUP_CHRONOLOGICAL_2016_2021,6.04689125939,14.7503060825,5.25736931047,15.5398280314,FROZEN_B11_90,ONE_SIDED_CLUSTER_DRIFT_GUARD_90,0.9,0.951281331718,NO_2023_FEEDBACK_AVAILABLE_CARRY_FORWARD_2022_DRIFT_STATE,2024,G+E_T1,T1_30DAP,SUPPORTED_FROZEN_B5_GENOME,SUPPORTED_T1_CONTEXT,False,False,10.46911763,True,True,8.70341482311,True,10.282458720930002
W10004_0771/PHP02,IAH2_2024,10.2748985291,4.5370296719,0.757352941176,0.708072243734,WITHIN_TRAINING_NN_ENVELOPE,RETAIN_SUPPORTED,4.35170741157,5.14122936049,SUPPORT_GROUP_CHRONOLOGICAL_2016_2021,5.92319111748,14.6266059406,5.13366916857,15.4161278895,FROZEN_B11_90,ONE_SIDED_CLUSTER_DRIFT_GUARD_90,0.9,0.951281331718,NO_2023_FEEDBACK_AVAILABLE_CARRY_FORWARD_2022_DRIFT_STATE,2024,G+E_T1,T1_30DAP,SUPPORTED_FROZEN_B5_GENOME,SUPPORTED_T1_CONTEXT,False,False,8.071824386,True,True,8.70341482312,True,10.28245872093
W10004_0858/PHP02,IAH2_2024,10.2715854645,4.5370296719,0.757352941176,0.708072243734,WITHIN_TRAINING_NN_ENVELOPE,RETAIN_SUPPORTED,4.35170741157,5.14122936049,SUPPORT_GROUP_CHRONOLOGICAL_2016_2021,5.91987805291,14.623292876,5.13035610399,15.412814825,FROZEN_B11_90,ONE_SIDED_CLUSTER_DRIFT_GUARD_90,0.9,0.951281331718,NO_2023_FEEDBACK_AVAILABLE_CARRY_FORWARD_2022_DRIFT_STATE,2024,G+E_T1,T1_30DAP,SUPPORTED_FROZEN_B5_GENOME,SUPPORTED_T1_CONTEXT,False,False,7.710820356,True,True,8.70341482309,True,10.28245872101
W10004_0859/PHP02,IAH2_2024,10.5213136673,4.5370296719,0.757352941176,0.708072243734,WITHIN_TRAINING_NN_ENVELOPE,RETAIN_SUPPORTED,4.35170741157,5.14122936049,SUPPORT_GROUP_CHRONOLOGICAL_2016_2021,6.16960625573,14.8730210789,5.38008430681,15.6625430278,FROZEN_B11_90,ONE_SIDED_CLUSTER_DRIFT_GUARD_90,0.9,0.951281331718,NO_2023_FEEDBACK_AVAILABLE_CARRY_FORWARD_2022_DRIFT_STATE,2024,G+E_T1,T1_30DAP,SUPPORTED_FROZEN_B5_GENOME,SUPPORTED_T1_CONTEXT,False,False,6.239533021,True,True,8.70341482317,True,10.28245872099
W10004_0866/PHP02,IAH2_2024,10.2011890411,4.5370296719,0.757352941176,0.708072243734,WITHIN_TRAINING_NN_ENVELOPE,RETAIN_SUPPORTED,4.35170741157,5.14122936049,SUPPORT_GROUP_CHRONOLOGICAL_2016_2021,5.84948162957,14.5528964527,5.05995968065,15.3424184016,FROZEN_B11_90,ONE_SIDED_CLUSTER_DRIFT_GUARD_90,0.9,0.951281331718,NO_2023_FEEDBACK_AVAILABLE_CARRY_FORWARD_2022_DRIFT_STATE,2024,G+E_T1,T1_30DAP,SUPPORTED_FROZEN_B5_GENOME,SUPPORTED_T1_CONTEXT,False,False,6.252806585,True,True,8.70341482313,True,10.28245872095
W10004_0969/PHP02,IAH2_2024,10.2679452896,4.5370296719,0.757352941176,0.708072243734,WITHIN_TRAINING_NN_ENVELOPE,RETAIN_SUPPORTED,4.35170741157,5.14122936049,SUPPORT_GROUP_CHRONOLOGICAL_2016_2021,5.91623787804,14.6196527012,5.12671592913,15.4091746501,FROZEN_B11_90,ONE_SIDED_CLUSTER_DRIFT_GUARD_90,0.9,0.951281331718,NO_2023_FEEDBACK_AVAILABLE_CARRY_FORWARD_2022_DRIFT_STATE,2024,G+E_T1,T1_30DAP,SUPPORTED_FROZEN_B5_GENOME,SUPPORTED_T1_CONTEXT,False,False,7.340847764,True,True,8.70341482316,True,10.28245872097
W10004_1014/PHP02,IAH2_2024,10.2930736542,4.5370296719,0.757352941176,0.708072243734,WITHIN_TRAINING_NN_ENVELOPE,RETAIN_SUPPORTED,4.35170741157,5.14122936049,SUPPORT_GROUP_CHRONOLOGICAL_2016_2021,5.9413662426,14.6447810657,5.15184429369,15.4343030147,FROZEN_B11_90,ONE_SIDED_CLUSTER_DRIFT_GUARD_90,0.9,0.951281331718,NO_2023_FEEDBACK_AVAILABLE_CARRY_FORWARD_2022_DRIFT_STATE,2024,G+E_T1,T1_30DAP,SUPPORTED_FROZEN_B5_GENOME,SUPPORTED_T1_CONTEXT,False,False,9.782302102,True,True,8.703414823100001,True,10.282458721009998
W10004_1018/PHP02,IAH2_2024,10.6413373947,4.5370296719,0.757352941176,0.708072243734,WITHIN_TRAINING_NN_ENVELOPE,RETAIN_SUPPORTED,4.35170741157,5.14122936049,SUPPORT_GROUP_CHRONOLOGICAL_2016_2021,6.28962998314,14.9930448063,5.50010803423,15.7825667552,FROZEN_B11_90,ONE_SIDED_CLUSTER_DRIFT_GUARD_90,0.9,0.951281331718,NO_2023_FEEDBACK_AVAILABLE_CARRY_FORWARD_2022_DRIFT_STATE,2024,G+E_T1,T1_30DAP,SUPPORTED_FROZEN_B5_GENOME,SUPPORTED_T1_CONTEXT,False,False,8.767769324,True,True,8.70341482316,True,10.282458720969998
W10004_1032/PHP02,IAH2_2024,10.4594430923,4.5370296719,0.757352941176,0.708072243734,WITHIN_TRAINING_NN_ENVELOPE,RETAIN_SUPPORTED,4.35170741157,5.14122936049,SUPPORT_GROUP_CHRONOLOGICAL_2016_2021,6.10773568077,14.8111505039,5.31821373186,15.6006724528,FROZEN_B11_90,ONE_SIDED_CLUSTER_DRIFT_GUARD_90,0.9,0.951281331718,NO_2023_FEEDBACK_AVAILABLE_CARRY_FORWARD_2022_DRIFT_STATE,2024,G+E_T1,T1_30DAP,SUPPORTED_FROZEN_B5_GENOME,SUPPORTED_T1_CONTEXT,False,False,5.666789766,True,False,17.522333118530007,True,10.28245872094
B14A/OH43,IAH4_2024,8.54983043671,2.04675273642,0.470588235294,0.932157208319,WITHIN_TRAINING_NN_ENVELOPE,RETAIN_SUPPORTED,4.35170741157,5.14122936049,SUPPORT_GROUP_CHRONOLOGICAL_2016_2021,4.19812302513,12.9015378483,3.40860107622,13.6910597972,FROZEN_B11_90,ONE_SIDED_CLUSTER_DRIFT_GUARD_90,0.9,0.951281331718,NO_2023_FEEDBACK_AVAILABLE_CARRY_FORWARD_2022_DRIFT_STATE,2024,G+E_T1,T1_30DAP,SUPPORTED_FROZEN_B5_GENOME,SUPPORTED_T1_CONTEXT,False,False,12.42622573,True,True,8.70341482317,True,10.28245872098
B37/H95,IAH4_2024,8.91272544861,2.04675273642,0.470588235294,0.932157208319,WITHIN_TRAINING_NN_ENVELOPE,RETAIN_SUPPORTED,4.35170741157,5.14122936049,SUPPORT_GROUP_CHRONOLOGICAL_2016_2021,4.56101803704,13.2644328602,3.77149608812,14.0539548091,FROZEN_B11_90,ONE_SIDED_CLUSTER_DRIFT_GUARD_90,0.9,0.951281331718,NO_2023_FEEDBACK_AVAILABLE_CARRY_FORWARD_2022_DRIFT_STATE,2024,G+E_T1,T1_30DAP,SUPPORTED_FROZEN_B5_GENOME,SUPPORTED_T1_CONTEXT,False,False,6.848744903,True,True,8.70341482316,True,10.28245872098
B73/MO17,IAH4_2024,9.21321582794,2.04675273642,0.470588235294,0.932157208319,WITHIN_TRAINING_NN_ENVELOPE,RETAIN_SUPPORTED,4.35170741157,5.14122936049,SUPPORT_GROUP_CHRONOLOGICAL_2016_2021,4.86150841637,13.5649232395,4.07198646746,14.3544451884,FROZEN_B11_90,ONE_SIDED_CLUSTER_DRIFT_GUARD_90,0.9,0.951281331718,NO_2023_FEEDBACK_AVAILABLE_CARRY_FORWARD_2022_DRIFT_STATE,2024,G+E_T1,T1_30DAP,SUPPORTED_FROZEN_B5_GENOME,SUPPORTED_T1_CONTEXT,False,False,13.21739724,True,True,8.70341482313,True,10.28245872094
B73/PHN82,IAH4_2024,10.498333931,2.04675273642,0.470588235294,0.932157208319,WITHIN_TRAINING_NN_ENVELOPE,RETAIN_SUPPORTED,4.35170741157,5.14122936049,SUPPORT_GROUP_CHRONOLOGICAL_2016_2021,6.1466265194,14.8500413425,5.35710457048,15.6395632915,FROZEN_B11_90,ONE_SIDED_CLUSTER_DRIFT_GUARD_90,0.9,0.951281331718,NO_2023_FEEDBACK_AVAILABLE_CARRY_FORWARD_2022_DRIFT_STATE,2024,G+E_T1,T1_30DAP,SUPPORTED_FROZEN_B5_GENOME,SUPPORTED_T1_CONTEXT,False,False,14.58092582,True,True,8.703414823100001,True,10.28245872102
B73/TX779,IAH4_2024,9.44173431396,2.04675273642,0.470588235294,0.932157208319,WITHIN_TRAINING_NN_ENVELOPE,RETAIN_SUPPORTED,4.35170741157,5.14122936049,SUPPORT_GROUP_CHRONOLOGICAL_2016_2021,5.09002690239,13.7934417255,4.30050495348,14.5829636745,FROZEN_B11_90,ONE_SIDED_CLUSTER_DRIFT_GUARD_90,0.9,0.951281331718,NO_2023_FEEDBACK_AVAILABLE_CARRY_FORWARD_2022_DRIFT_STATE,2024,G+E_T1,T1_30DAP,SUPPORTED_FROZEN_B5_GENOME,SUPPORTED_T1_CONTEXT,False,False,6.065808305,True,True,8.703414823109998,True,10.28245872102
CG119/CG108,IAH4_2024,8.7104845047,2.04675273642,0.470588235294,0.932157208319,WITHIN_TRAINING_NN_ENVELOPE,RETAIN_SUPPORTED,4.35170741157,5.14122936049,SUPPORT_GROUP_CHRONOLOGICAL_2016_2021,4.35877709313,13.0621919163,3.56925514421,13.8517138652,FROZEN_B11_90,ONE_SIDED_CLUSTER_DRIFT_GUARD_90,0.9,0.951281331718,NO_2023_FEEDBACK_AVAILABLE_CARRY_FORWARD_2022_DRIFT_STATE,2024,G+E_T1,T1_30DAP,SUPPORTED_FROZEN_B5_GENOME,SUPPORTED_T1_CONTEXT,False,False,6.086818557,True,True,8.70341482317,True,10.28245872099
CG44/CGR01,IAH4_2024,9.07721042633,2.04675273642,0.470588235294,0.932157208319,WITHIN_TRAINING_NN_ENVELOPE,RETAIN_SUPPORTED,4.35170741157,5.14122936049,SUPPORT_GROUP_CHRONOLOGICAL_2016_2021,4.72550301476,13.4289178379,3.93598106584,14.2184397868,FROZEN_B11_90,ONE_SIDED_CLUSTER_DRIFT_GUARD_90,0.9,0.951281331718,NO_2023_FEEDBACK_AVAILABLE_CARRY_FORWARD_2022_DRIFT_STATE,2024,G+E_T1,T1_30DAP,SUPPORTED_FROZEN_B5_GENOME,SUPPORTED_T1_CONTEXT,False,False,9.156968393,True,True,8.703414823140001,True,10.28245872096
LH132/PHP02,IAH4_2024,10.5493354797,2.04675273642,0.470588235294,0.932157208319,WITHIN_TRAINING_NN_ENVELOPE,RETAIN_SUPPORTED,4.35170741157,5.14122936049,SUPPORT_GROUP_CHRONOLOGICAL_2016_2021,6.19762806816,14.9010428913,5.40810611925,15.6905648402,FROZEN_B11_90,ONE_SIDED_CLUSTER_DRIFT_GUARD_90,0.9,0.951281331718,NO_2023_FEEDBACK_AVAILABLE_CARRY_FORWARD_2022_DRIFT_STATE,2024,G+E_T1,T1_30DAP,SUPPORTED_FROZEN_B5_GENOME,SUPPORTED_T1_CONTEXT,False,False,12.18326953,True,True,8.70341482314,True,10.28245872095
LH195/PHP02,IAH4_2024,10.5312156677,2.04675273642,0.470588235294,0.932157208319,WITHIN_TRAINING_NN_ENVELOPE,RETAIN_SUPPORTED,4.35170741157,5.14122936049,SUPPORT_GROUP_CHRONOLOGICAL_2016_2021,6.17950825615,14.8829230793,5.38998630724,15.6724450282,FROZEN_B11_90,ONE_SIDED_CLUSTER_DRIFT_GUARD_90,0.9,0.951281331718,NO_2023_FEEDBACK_AVAILABLE_CARRY_FORWARD_2022_DRIFT_STATE,2024,G+E_T1,T1_30DAP,SUPPORTED_FROZEN_B5_GENOME,SUPPORTED_T1_CONTEXT,False,False,15.14561135,True,False,13.957180237149998,True,10.282458720960001
LH195/PHZ51,IAH4_2024,9.29083347321,2.04675273642,0.470588235294,0.932157208319,WITHIN_TRAINING_NN_ENVELOPE,RETAIN_SUPPORTED,4.35170741157,5.14122936049,SUPPORT_GROUP_CHRONOLOGICAL_2016_2021,4.93912606163,13.6425408848,4.14960411272,14.4320628337,FROZEN_B11_90,ONE_SIDED_CLUSTER_DRIFT_GUARD_90,0.9,0.951281331718,NO_2023_FEEDBACK_AVAILABLE_CARRY_FORWARD_2022_DRIFT_STATE,2024,G+E_T1,T1_30DAP,SUPPORTED_FROZEN_B5_GENOME,SUPPORTED_T1_CONTEXT,False,False,10.87442748,True,True,8.70341482317,True,10.28245872098
LH244/PHK76,IAH4_2024,10.244811058,2.04675273642,0.470588235294,0.932157208319,WITHIN_TRAINING_NN_ENVELOPE,RETAIN_SUPPORTED,4.35170741157,5.14122936049,SUPPORT_GROUP_CHRONOLOGICAL_2016_2021,5.89310364647,14.5965184696,5.10358169756,15.3860404185,FROZEN_B11_90,ONE_SIDED_CLUSTER_DRIFT_GUARD_90,0.9,0.951281331718,NO_2023_FEEDBACK_AVAILABLE_CARRY_FORWARD_2022_DRIFT_STATE,2024,G+E_T1,T1_30DAP,SUPPORTED_FROZEN_B5_GENOME,SUPPORTED_T1_CONTEXT,False,False,12.0508987,True,True,8.70341482313,True,10.28245872094
PHB47/PHN82,IAH4_2024,9.55560112,2.04675273642,0.470588235294,0.932157208319,WITHIN_TRAINING_NN_ENVELOPE,RETAIN_SUPPORTED,4.35170741157,5.14122936049,SUPPORT_GROUP_CHRONOLOGICAL_2016_2021,5.20389370842,13.9073085316,4.41437175951,14.6968304805,FROZEN_B11_90,ONE_SIDED_CLUSTER_DRIFT_GUARD_90,0.9,0.951281331718,NO_2023_FEEDBACK_AVAILABLE_CARRY_FORWARD_2022_DRIFT_STATE,2024,G+E_T1,T1_30DAP,SUPPORTED_FROZEN_B5_GENOME,SUPPORTED_T1_CONTEXT,False,False,12.05694239,True,True,8.703414823180001,True,10.28245872099
PHB47/PHZ51,IAH4_2024,8.4872379303,2.04675273642,0.470588235294,0.932157208319,WITHIN_TRAINING_NN_ENVELOPE,RETAIN_SUPPORTED,4.35170741157,5.14122936049,SUPPORT_GROUP_CHRONOLOGICAL_2016_2021,4.13553051873,12.8389453419,3.34600856981,13.6284672908,FROZEN_B11_90,ONE_SIDED_CLUSTER_DRIFT_GUARD_90,0.9,0.951281331718,NO_2023_FEEDBACK_AVAILABLE_CARRY_FORWARD_2022_DRIFT_STATE,2024,G+E_T1,T1_30DAP,SUPPORTED_FROZEN_B5_GENOME,SUPPORTED_T1_CONTEXT,False,False,10.4950652,True,True,8.70341482317,True,10.28245872099
PHG29/PHG47,IAH4_2024,9.46475887299,2.04675273642,0.470588235294,0.932157208319,WITHIN_TRAINING_NN_ENVELOPE,RETAIN_SUPPORTED,4.35170741157,5.14122936049,SUPPORT_GROUP_CHRONOLOGICAL_2016_2021,5.11305146141,13.8164662846,4.3235295125,14.6059882335,FROZEN_B11_90,ONE_SIDED_CLUSTER_DRIFT_GUARD_90,0.9,0.951281331718,NO_2023_FEEDBACK_AVAILABLE_CARRY_FORWARD_2022_DRIFT_STATE,2024,G+E_T1,T1_30DAP,SUPPORTED_FROZEN_B5_GENOME,SUPPORTED_T1_CONTEXT,False,False,10.85363323,True,True,8.70341482319,True,10.282458721
PHG39/PHN82,IAH4_2024,10.0504026413,2.04675273642,0.470588235294,0.932157208319,WITHIN_TRAINING_NN_ENVELOPE,RETAIN_SUPPORTED,4.35170741157,5.14122936049,SUPPORT_GROUP_CHRONOLOGICAL_2016_2021,5.69869522972,14.4021100529,4.90917328081,15.1916320018,FROZEN_B11_90,ONE_SIDED_CLUSTER_DRIFT_GUARD_90,0.9,0.951281331718,NO_2023_FEEDBACK_AVAILABLE_CARRY_FORWARD_2022_DRIFT_STATE,2024,G+E_T1,T1_30DAP,SUPPORTED_FROZEN_B5_GENOME,SUPPORTED_T1_CONTEXT,False,False,12.72208514,True,True,8.70341482318,True,10.28245872099
PHJ40/PHAJ0,IAH4_2024,9.26926612854,2.04675273642,0.470588235294,0.932157208319,WITHIN_TRAINING_NN_ENVELOPE,RETAIN_SUPPORTED,4.35170741157,5.14122936049,SUPPORT_GROUP_CHRONOLOGICAL_2016_2021,4.91755871697,13.6209735401,4.12803676805,14.410495489,FROZEN_B11_90,ONE_SIDED_CLUSTER_DRIFT_GUARD_90,0.9,0.951281331718,NO_2023_FEEDBACK_AVAILABLE_CARRY_FORWARD_2022_DRIFT_STATE,2024,G+E_T1,T1_30DAP,SUPPORTED_FROZEN_B5_GENOME,SUPPORTED_T1_CONTEXT,False,False,6.681267971,True,True,8.70341482313,True,10.28245872095
PHRE1/PHTD5,IAH4_2024,9.6839723587,2.04675273642,0.470588235294,0.932157208319,WITHIN_TRAINING_NN_ENVELOPE,RETAIN_SUPPORTED,4.35170741157,5.14122936049,SUPPORT_GROUP_CHRONOLOGICAL_2016_2021,5.33226494713,14.0356797703,4.54274299822,14.8252017192,FROZEN_B11_90,ONE_SIDED_CLUSTER_DRIFT_GUARD_90,0.9,0.951281331718,NO_2023_FEEDBACK_AVAILABLE_CARRY_FORWARD_2022_DRIFT_STATE,2024,G+E_T1,T1_30DAP,SUPPORTED_FROZEN_B5_GENOME,SUPPORTED_T1_CONTEXT,False,False,8.922380708,True,True,8.70341482317,True,10.282458720980001
PHW52/PHM49,IAH4_2024,9.79470252991,2.04675273642,0.470588235294,0.932157208319,WITHIN_TRAINING_NN_ENVELOPE,RETAIN_SUPPORTED,4.35170741157,5.14122936049,SUPPORT_GROUP_CHRONOLOGICAL_2016_2021,5.44299511833,14.1464099415,4.65347316942,14.9359318904,FROZEN_B11_90,ONE_SIDED_CLUSTER_DRIFT_GUARD_90,0.9,0.951281331718,NO_2023_FEEDBACK_AVAILABLE_CARRY_FORWARD_2022_DRIFT_STATE,2024,G+E_T1,T1_30DAP,SUPPORTED_FROZEN_B5_GENOME,SUPPORTED_T1_CONTEXT,False,False,12.29936018,True,True,8.70341482317,True,10.28245872098
TX777/LH195,IAH4_2024,9.41096019745,2.04675273642,0.470588235294,0.932157208319,WITHIN_TRAINING_NN_ENVELOPE,RETAIN_SUPPORTED,4.35170741157,5.14122936049,SUPPORT_GROUP_CHRONOLOGICAL_2016_2021,5.05925278588,13.762667609,4.26973083696,14.5521895579,FROZEN_B11_90,ONE_SIDED_CLUSTER_DRIFT_GUARD_90,0.9,0.951281331718,NO_2023_FEEDBACK_AVAILABLE_CARRY_FORWARD_2022_DRIFT_STATE,2024,G+E_T1,T1_30DAP,SUPPORTED_FROZEN_B5_GENOME,SUPPORTED_T1_CONTEXT,False,False,9.8275381,True,True,8.70341482312,True,10.28245872094
W10004_0018/PHP02,IAH4_2024,10.3049869537,2.04675273642,0.470588235294,0.932157208319,WITHIN_TRAINING_NN_ENVELOPE,RETAIN_SUPPORTED,4.35170741157,5.14122936049,SUPPORT_GROUP_CHRONOLOGICAL_2016_2021,5.95327954216,14.6566943653,5.16375759325,15.4462163142,FROZEN_B11_90,ONE_SIDED_CLUSTER_DRIFT_GUARD_90,0.9,0.951281331718,NO_2023_FEEDBACK_AVAILABLE_CARRY_FORWARD_2022_DRIFT_STATE,2024,G+E_T1,T1_30DAP,SUPPORTED_FROZEN_B5_GENOME,SUPPORTED_T1_CONTEXT,False,False,11.37687622,True,True,8.703414823140001,True,10.28245872095
W10004_0031/PHP02,IAH4_2024,10.7112236023,2.04675273642,0.470588235294,0.932157208319,WITHIN_TRAINING_NN_ENVELOPE,RETAIN_SUPPORTED,4.35170741157,5.14122936049,SUPPORT_GROUP_CHRONOLOGICAL_2016_2021,6.35951619072,15.0629310139,5.56999424181,15.8524529628,FROZEN_B11_90,ONE_SIDED_CLUSTER_DRIFT_GUARD_90,0.9,0.951281331718,NO_2023_FEEDBACK_AVAILABLE_CARRY_FORWARD_2022_DRIFT_STATE,2024,G+E_T1,T1_30DAP,SUPPORTED_FROZEN_B5_GENOME,SUPPORTED_T1_CONTEXT,False,False,12.58898725,True,True,8.703414823180001,True,10.28245872099
W10004_0034/PHP02,IAH4_2024,10.5776157379,2.04675273642,0.470588235294,0.932157208319,WITHIN_TRAINING_NN_ENVELOPE,RETAIN_SUPPORTED,4.35170741157,5.14122936049,SUPPORT_GROUP_CHRONOLOGICAL_2016_2021,6.22590832634,14.9293231495,5.43638637743,15.7188450984,FROZEN_B11_90,ONE_SIDED_CLUSTER_DRIFT_GUARD_90,0.9,0.951281331718,NO_2023_FEEDBACK_AVAILABLE_CARRY_FORWARD_2022_DRIFT_STATE,2024,G+E_T1,T1_30DAP,SUPPORTED_FROZEN_B5_GENOME,SUPPORTED_T1_CONTEXT,False,False,13.66791059,True,True,8.70341482316,True,10.282458720969998
W10004_0055/PHP02,IAH4_2024,10.5174598694,2.04675273642,0.470588235294,0.932157208319,WITHIN_TRAINING_NN_ENVELOPE,RETAIN_SUPPORTED,4.35170741157,5.14122936049,SUPPORT_GROUP_CHRONOLOGICAL_2016_2021,6.16575245781,14.869167281,5.3762305089,15.6586892299,FROZEN_B11_90,ONE_SIDED_CLUSTER_DRIFT_GUARD_90,0.9,0.951281331718,NO_2023_FEEDBACK_AVAILABLE_CARRY_FORWARD_2022_DRIFT_STATE,2024,G+E_T1,T1_30DAP,SUPPORTED_FROZEN_B5_GENOME,SUPPORTED_T1_CONTEXT,False,False,11.24919191,True,True,8.703414823189998,True,10.282458721000001
W10004_0062/PHP02,IAH4_2024,9.66695976257,2.04675273642,0.470588235294,0.932157208319,WITHIN_TRAINING_NN_ENVELOPE,RETAIN_SUPPORTED,4.35170741157,5.14122936049,SUPPORT_GROUP_CHRONOLOGICAL_2016_2021,5.315252351,14.0186671741,4.52573040209,14.8081891231,FROZEN_B11_90,ONE_SIDED_CLUSTER_DRIFT_GUARD_90,0.9,0.951281331718,NO_2023_FEEDBACK_AVAILABLE_CARRY_FORWARD_2022_DRIFT_STATE,2024,G+E_T1,T1_30DAP,SUPPORTED_FROZEN_B5_GENOME,SUPPORTED_T1_CONTEXT,False,False,12.83611313,True,True,8.703414823100001,True,10.28245872101
W10004_0133/PHP02,IAH4_2024,10.2389554977,2.04675273642,0.470588235294,0.932157208319,WITHIN_TRAINING_NN_ENVELOPE,RETAIN_SUPPORTED,4.35170741157,5.14122936049,SUPPORT_GROUP_CHRONOLOGICAL_2016_2021,5.88724808617,14.5906629093,5.09772613726,15.3801848582,FROZEN_B11_90,ONE_SIDED_CLUSTER_DRIFT_GUARD_90,0.9,0.951281331718,NO_2023_FEEDBACK_AVAILABLE_CARRY_FORWARD_2022_DRIFT_STATE,2024,G+E_T1,T1_30DAP,SUPPORTED_FROZEN_B5_GENOME,SUPPORTED_T1_CONTEXT,False,False,12.27442753,True,True,8.70341482313,True,10.28245872094
W10004_0138/PHP02,IAH4_2024,10.7796001434,2.04675273642,0.470588235294,0.932157208319,WITHIN_TRAINING_NN_ENVELOPE,RETAIN_SUPPORTED,4.35170741157,5.14122936049,SUPPORT_GROUP_CHRONOLOGICAL_2016_2021,6.42789273186,15.131307555,5.63837078295,15.9208295039,FROZEN_B11_90,ONE_SIDED_CLUSTER_DRIFT_GUARD_90,0.9,0.951281331718,NO_2023_FEEDBACK_AVAILABLE_CARRY_FORWARD_2022_DRIFT_STATE,2024,G+E_T1,T1_30DAP,SUPPORTED_FROZEN_B5_GENOME,SUPPORTED_T1_CONTEXT,False,False,11.09169959,True,True,8.70341482314,True,10.28245872095
W10004_0160/PHP02,IAH4_2024,11.0201778412,2.04675273642,0.470588235294,0.932157208319,WITHIN_TRAINING_NN_ENVELOPE,RETAIN_SUPPORTED,4.35170741157,5.14122936049,SUPPORT_GROUP_CHRONOLOGICAL_2016_2021,6.66847042961,15.3718852528,5.8789484807,16.1614072017,FROZEN_B11_90,ONE_SIDED_CLUSTER_DRIFT_GUARD_90,0.9,0.951281331718,NO_2023_FEEDBACK_AVAILABLE_CARRY_FORWARD_2022_DRIFT_STATE,2024,G+E_T1,T1_30DAP,SUPPORTED_FROZEN_B5_GENOME,SUPPORTED_T1_CONTEXT,False,False,14.18065721,True,True,8.70341482319,True,10.282458721000001
W10004_0168/PHP02,IAH4_2024,10.4829006195,2.04675273642,0.470588235294,0.932157208319,WITHIN_TRAINING_NN_ENVELOPE,RETAIN_SUPPORTED,4.35170741157,5.14122936049,SUPPORT_GROUP_CHRONOLOGICAL_2016_2021,6.13119320793,14.8346080311,5.34167125902,15.62412998,FROZEN_B11_90,ONE_SIDED_CLUSTER_DRIFT_GUARD_90,0.9,0.951281331718,NO_2023_FEEDBACK_AVAILABLE_CARRY_FORWARD_2022_DRIFT_STATE,2024,G+E_T1,T1_30DAP,SUPPORTED_FROZEN_B5_GENOME,SUPPORTED_T1_CONTEXT,False,False,12.29998701,True,True,8.70341482317,True,10.28245872098
W10004_0189/PHP02,IAH4_2024,10.5943031311,2.04675273642,0.470588235294,0.932157208319,WITHIN_TRAINING_NN_ENVELOPE,RETAIN_SUPPORTED,4.35170741157,5.14122936049,SUPPORT_GROUP_CHRONOLOGICAL_2016_2021,6.24259571953,14.9460105427,5.45307377062,15.7355324916,FROZEN_B11_90,ONE_SIDED_CLUSTER_DRIFT_GUARD_90,0.9,0.951281331718,NO_2023_FEEDBACK_AVAILABLE_CARRY_FORWARD_2022_DRIFT_STATE,2024,G+E_T1,T1_30DAP,SUPPORTED_FROZEN_B5_GENOME,SUPPORTED_T1_CONTEXT,False,False,12.89122636,True,True,8.70341482317,True,10.282458720980001
W10004_0236/PHP02,IAH4_2024,10.2937908173,2.04675273642,0.470588235294,0.932157208319,WITHIN_TRAINING_NN_ENVELOPE,RETAIN_SUPPORTED,4.35170741157,5.14122936049,SUPPORT_GROUP_CHRONOLOGICAL_2016_2021,5.94208340569,14.6454982288,5.15256145677,15.4350201777,FROZEN_B11_90,ONE_SIDED_CLUSTER_DRIFT_GUARD_90,0.9,0.951281331718,NO_2023_FEEDBACK_AVAILABLE_CARRY_FORWARD_2022_DRIFT_STATE,2024,G+E_T1,T1_30DAP,SUPPORTED_FROZEN_B5_GENOME,SUPPORTED_T1_CONTEXT,False,False,12.10029212,True,True,8.703414823109998,True,10.28245872093
W10004_0238/PHP02,IAH4_2024,10.2618961334,2.04675273642,0.470588235294,0.932157208319,WITHIN_TRAINING_NN_ENVELOPE,RETAIN_SUPPORTED,4.35170741157,5.14122936049,SUPPORT_GROUP_CHRONOLOGICAL_2016_2021,5.91018872185,14.613603545,5.12066677294,15.4031254939,FROZEN_B11_90,ONE_SIDED_CLUSTER_DRIFT_GUARD_90,0.9,0.951281331718,NO_2023_FEEDBACK_AVAILABLE_CARRY_FORWARD_2022_DRIFT_STATE,2024,G+E_T1,T1_30DAP,SUPPORTED_FROZEN_B5_GENOME,SUPPORTED_T1_CONTEXT,False,False,12.40867198,True,True,8.70341482315,True,10.28245872096
W10004_0270/PHP02,IAH4_2024,10.6897373199,2.04675273642,0.470588235294,0.932157208319,WITHIN_TRAINING_NN_ENVELOPE,RETAIN_SUPPORTED,4.35170741157,5.14122936049,SUPPORT_GROUP_CHRONOLOGICAL_2016_2021,6.33802990837,15.0414447315,5.54850795946,15.8309666804,FROZEN_B11_90,ONE_SIDED_CLUSTER_DRIFT_GUARD_90,0.9,0.951281331718,NO_2023_FEEDBACK_AVAILABLE_CARRY_FORWARD_2022_DRIFT_STATE,2024,G+E_T1,T1_30DAP,SUPPORTED_FROZEN_B5_GENOME,SUPPORTED_T1_CONTEXT,False,False,10.61830377,True,True,8.70341482313,True,10.28245872094
W10004_0311/PHP02,IAH4_2024,10.3105239868,2.04675273642,0.470588235294,0.932157208319,WITHIN_TRAINING_NN_ENVELOPE,RETAIN_SUPPORTED,4.35170741157,5.14122936049,SUPPORT_GROUP_CHRONOLOGICAL_2016_2021,5.95881657524,14.6622313984,5.16929462633,15.4517533473,FROZEN_B11_90,ONE_SIDED_CLUSTER_DRIFT_GUARD_90,0.9,0.951281331718,NO_2023_FEEDBACK_AVAILABLE_CARRY_FORWARD_2022_DRIFT_STATE,2024,G+E_T1,T1_30DAP,SUPPORTED_FROZEN_B5_GENOME,SUPPORTED_T1_CONTEXT,False,False,9.587942526,True,True,8.70341482316,True,10.28245872097
W10004_0346/PHP02,IAH4_2024,10.4836578369,2.04675273642,0.470588235294,0.932157208319,WITHIN_TRAINING_NN_ENVELOPE,RETAIN_SUPPORTED,4.35170741157,5.14122936049,SUPPORT_GROUP_CHRONOLOGICAL_2016_2021,6.13195042534,14.8353652485,5.34242847643,15.6248871974,FROZEN_B11_90,ONE_SIDED_CLUSTER_DRIFT_GUARD_90,0.9,0.951281331718,NO_2023_FEEDBACK_AVAILABLE_CARRY_FORWARD_2022_DRIFT_STATE,2024,G+E_T1,T1_30DAP,SUPPORTED_FROZEN_B5_GENOME,SUPPORTED_T1_CONTEXT,False,False,11.52135418,True,True,8.70341482316,True,10.282458720969998
W10004_0389/PHP02,IAH4_2024,10.5412197113,2.04675273642,0.470588235294,0.932157208319,WITHIN_TRAINING_NN_ENVELOPE,RETAIN_SUPPORTED,4.35170741157,5.14122936049,SUPPORT_GROUP_CHRONOLOGICAL_2016_2021,6.18951229973,14.8929271229,5.39999035082,15.6824490718,FROZEN_B11_90,ONE_SIDED_CLUSTER_DRIFT_GUARD_90,0.9,0.951281331718,NO_2023_FEEDBACK_AVAILABLE_CARRY_FORWARD_2022_DRIFT_STATE,2024,G+E_T1,T1_30DAP,SUPPORTED_FROZEN_B5_GENOME,SUPPORTED_T1_CONTEXT,False,False,9.773617504,True,True,8.70341482317,True,10.282458720980001
W10004_0403/PHP02,IAH4_2024,10.2110490799,2.04675273642,0.470588235294,0.932157208319,WITHIN_TRAINING_NN_ENVELOPE,RETAIN_SUPPORTED,4.35170741157,5.14122936049,SUPPORT_GROUP_CHRONOLOGICAL_2016_2021,5.85934166832,14.5627564915,5.06981971941,15.3522784404,FROZEN_B11_90,ONE_SIDED_CLUSTER_DRIFT_GUARD_90,0.9,0.951281331718,NO_2023_FEEDBACK_AVAILABLE_CARRY_FORWARD_2022_DRIFT_STATE,2024,G+E_T1,T1_30DAP,SUPPORTED_FROZEN_B5_GENOME,SUPPORTED_T1_CONTEXT,False,False,9.155937676,True,True,8.703414823180001,True,10.28245872099
W10004_0409/PHP02,IAH4_2024,10.4460487366,2.04675273642,0.470588235294,0.932157208319,WITHIN_TRAINING_NN_ENVELOPE,RETAIN_SUPPORTED,4.35170741157,5.14122936049,SUPPORT_GROUP_CHRONOLOGICAL_2016_2021,6.094341325,14.7977561481,5.30481937609,15.5872780971,FROZEN_B11_90,ONE_SIDED_CLUSTER_DRIFT_GUARD_90,0.9,0.951281331718,NO_2023_FEEDBACK_AVAILABLE_CARRY_FORWARD_2022_DRIFT_STATE,2024,G+E_T1,T1_30DAP,SUPPORTED_FROZEN_B5_GENOME,SUPPORTED_T1_CONTEXT,False,False,14.17579536,True,True,8.7034148231,True,10.28245872101
W10004_0412/PHP02,IAH4_2024,10.1060266495,2.04675273642,0.470588235294,0.932157208319,WITHIN_TRAINING_NN_ENVELOPE,RETAIN_SUPPORTED,4.35170741157,5.14122936049,SUPPORT_GROUP_CHRONOLOGICAL_2016_2021,5.7543192379,14.457734061,4.96479728899,15.24725601,FROZEN_B11_90,ONE_SIDED_CLUSTER_DRIFT_GUARD_90,0.9,0.951281331718,NO_2023_FEEDBACK_AVAILABLE_CARRY_FORWARD_2022_DRIFT_STATE,2024,G+E_T1,T1_30DAP,SUPPORTED_FROZEN_B5_GENOME,SUPPORTED_T1_CONTEXT,False,False,10.79225201,True,True,8.703414823100001,True,10.282458721009998
W10004_0476/PHP02,IAH4_2024,10.3543148041,2.04675273642,0.470588235294,0.932157208319,WITHIN_TRAINING_NN_ENVELOPE,RETAIN_SUPPORTED,4.35170741157,5.14122936049,SUPPORT_GROUP_CHRONOLOGICAL_2016_2021,6.0026073925,14.7060222156,5.21308544359,15.4955441646,FROZEN_B11_90,ONE_SIDED_CLUSTER_DRIFT_GUARD_90,0.9,0.951281331718,NO_2023_FEEDBACK_AVAILABLE_CARRY_FORWARD_2022_DRIFT_STATE,2024,G+E_T1,T1_30DAP,SUPPORTED_FROZEN_B5_GENOME,SUPPORTED_T1_CONTEXT,False,False,9.655218228,True,True,8.7034148231,True,10.28245872101
W10004_0601/PHP02,IAH4_2024,10.3050765991,2.04675273642,0.470588235294,0.932157208319,WITHIN_TRAINING_NN_ENVELOPE,RETAIN_SUPPORTED,4.35170741157,5.14122936049,SUPPORT_GROUP_CHRONOLOGICAL_2016_2021,5.95336918755,14.6567840107,5.16384723864,15.4463059596,FROZEN_B11_90,ONE_SIDED_CLUSTER_DRIFT_GUARD_90,0.9,0.951281331718,NO_2023_FEEDBACK_AVAILABLE_CARRY_FORWARD_2022_DRIFT_STATE,2024,G+E_T1,T1_30DAP,SUPPORTED_FROZEN_B5_GENOME,SUPPORTED_T1_CONTEXT,False,False,13.11083081,True,True,8.703414823149998,True,10.282458720960001
W10004_0608/PHP02,IAH4_2024,10.7341766357,2.04675273642,0.470588235294,0.932157208319,WITHIN_TRAINING_NN_ENVELOPE,RETAIN_SUPPORTED,4.35170741157,5.14122936049,SUPPORT_GROUP_CHRONOLOGICAL_2016_2021,6.38246922417,15.0858840473,5.59294727526,15.8754059962,FROZEN_B11_90,ONE_SIDED_CLUSTER_DRIFT_GUARD_90,0.9,0.951281331718,NO_2023_FEEDBACK_AVAILABLE_CARRY_FORWARD_2022_DRIFT_STATE,2024,G+E_T1,T1_30DAP,SUPPORTED_FROZEN_B5_GENOME,SUPPORTED_T1_CONTEXT,False,False,10.8701679,True,True,8.70341482313,True,10.28245872094
W10004_0637/PHP02,IAH4_2024,10.1950330734,2.04675273642,0.470588235294,0.932157208319,WITHIN_TRAINING_NN_ENVELOPE,RETAIN_SUPPORTED,4.35170741157,5.14122936049,SUPPORT_GROUP_CHRONOLOGICAL_2016_2021,5.84332566185,14.546740485,5.05380371294,15.3362624339,FROZEN_B11_90,ONE_SIDED_CLUSTER_DRIFT_GUARD_90,0.9,0.951281331718,NO_2023_FEEDBACK_AVAILABLE_CARRY_FORWARD_2022_DRIFT_STATE,2024,G+E_T1,T1_30DAP,SUPPORTED_FROZEN_B5_GENOME,SUPPORTED_T1_CONTEXT,False,False,12.51309352,True,True,8.703414823150002,True,10.282458720960001
W10004_0688/PHP02,IAH4_2024,10.1720428467,2.04675273642,0.470588235294,0.932157208319,WITHIN_TRAINING_NN_ENVELOPE,RETAIN_SUPPORTED,4.35170741157,5.14122936049,SUPPORT_GROUP_CHRONOLOGICAL_2016_2021,5.82033543511,14.5237502583,5.03081348619,15.3132722072,FROZEN_B11_90,ONE_SIDED_CLUSTER_DRIFT_GUARD_90,0.9,0.951281331718,NO_2023_FEEDBACK_AVAILABLE_CARRY_FORWARD_2022_DRIFT_STATE,2024,G+E_T1,T1_30DAP,SUPPORTED_FROZEN_B5_GENOME,SUPPORTED_T1_CONTEXT,False,False,12.45385017,True,True,8.70341482319,True,10.282458721010002
W10004_0714/PHP02,IAH4_2024,10.3998289108,2.04675273642,0.470588235294,0.932157208319,WITHIN_TRAINING_NN_ENVELOPE,RETAIN_SUPPORTED,4.35170741157,5.14122936049,SUPPORT_GROUP_CHRONOLOGICAL_2016_2021,6.04812149926,14.7515363224,5.25859955034,15.5410582713,FROZEN_B11_90,ONE_SIDED_CLUSTER_DRIFT_GUARD_90,0.9,0.951281331718,NO_2023_FEEDBACK_AVAILABLE_CARRY_FORWARD_2022_DRIFT_STATE,2024,G+E_T1,T1_30DAP,SUPPORTED_FROZEN_B5_GENOME,SUPPORTED_T1_CONTEXT,False,False,11.69371751,True,True,8.703414823140001,True,10.282458720960001
W10004_0715/PHP02,IAH4_2024,10.4280929565,2.04675273642,0.470588235294,0.932157208319,WITHIN_TRAINING_NN_ENVELOPE,RETAIN_SUPPORTED,4.35170741157,5.14122936049,SUPPORT_GROUP_CHRONOLOGICAL_2016_2021,6.07638554497,14.7798003681,5.28686359606,15.569322317,FROZEN_B11_90,ONE_SIDED_CLUSTER_DRIFT_GUARD_90,0.9,0.951281331718,NO_2023_FEEDBACK_AVAILABLE_CARRY_FORWARD_2022_DRIFT_STATE,2024,G+E_T1,T1_30DAP,SUPPORTED_FROZEN_B5_GENOME,SUPPORTED_T1_CONTEXT,False,False,12.97800813,True,True,8.70341482313,True,10.28245872094
W10004_0747/PHP02,IAH4_2024,10.7111434937,2.04675273642,0.470588235294,0.932157208319,WITHIN_TRAINING_NN_ENVELOPE,RETAIN_SUPPORTED,4.35170741157,5.14122936049,SUPPORT_GROUP_CHRONOLOGICAL_2016_2021,6.35943608208,15.0628509052,5.56991413317,15.8523728541,FROZEN_B11_90,ONE_SIDED_CLUSTER_DRIFT_GUARD_90,0.9,0.951281331718,NO_2023_FEEDBACK_AVAILABLE_CARRY_FORWARD_2022_DRIFT_STATE,2024,G+E_T1,T1_30DAP,SUPPORTED_FROZEN_B5_GENOME,SUPPORTED_T1_CONTEXT,False,False,12.03271908,True,True,8.70341482312,True,10.28245872093
W10004_0801/PHP02,IAH4_2024,10.4495735168,2.04675273642,0.470588235294,0.932157208319,WITHIN_TRAINING_NN_ENVELOPE,RETAIN_SUPPORTED,4.35170741157,5.14122936049,SUPPORT_GROUP_CHRONOLOGICAL_2016_2021,6.09786610527,14.8012809284,5.30834415636,15.5908028773,FROZEN_B11_90,ONE_SIDED_CLUSTER_DRIFT_GUARD_90,0.9,0.951281331718,NO_2023_FEEDBACK_AVAILABLE_CARRY_FORWARD_2022_DRIFT_STATE,2024,G+E_T1,T1_30DAP,SUPPORTED_FROZEN_B5_GENOME,SUPPORTED_T1_CONTEXT,False,False,13.70259596,True,True,8.70341482313,True,10.28245872094
W10004_0858/PHP02,IAH4_2024,10.3010807037,2.04675273642,0.470588235294,0.932157208319,WITHIN_TRAINING_NN_ENVELOPE,RETAIN_SUPPORTED,4.35170741157,5.14122936049,SUPPORT_GROUP_CHRONOLOGICAL_2016_2021,5.94937329216,14.6527881153,5.15985134325,15.4423100642,FROZEN_B11_90,ONE_SIDED_CLUSTER_DRIFT_GUARD_90,0.9,0.951281331718,NO_2023_FEEDBACK_AVAILABLE_CARRY_FORWARD_2022_DRIFT_STATE,2024,G+E_T1,T1_30DAP,SUPPORTED_FROZEN_B5_GENOME,SUPPORTED_T1_CONTEXT,False,False,10.93694699,True,True,8.703414823140001,True,10.28245872095
W10004_0859/PHP02,IAH4_2024,10.5508079529,2.04675273642,0.470588235294,0.932157208319,WITHIN_TRAINING_NN_ENVELOPE,RETAIN_SUPPORTED,4.35170741157,5.14122936049,SUPPORT_GROUP_CHRONOLOGICAL_2016_2021,6.19910054131,14.9025153645,5.4095785924,15.6920373134,FROZEN_B11_90,ONE_SIDED_CLUSTER_DRIFT_GUARD_90,0.9,0.951281331718,NO_2023_FEEDBACK_AVAILABLE_CARRY_FORWARD_2022_DRIFT_STATE,2024,G+E_T1,T1_30DAP,SUPPORTED_FROZEN_B5_GENOME,SUPPORTED_T1_CONTEXT,False,False,14.3107433,True,True,8.703414823189998,True,10.282458721000001
W10004_0866/PHP02,IAH4_2024,10.2306833267,2.04675273642,0.470588235294,0.932157208319,WITHIN_TRAINING_NN_ENVELOPE,RETAIN_SUPPORTED,4.35170741157,5.14122936049,SUPPORT_GROUP_CHRONOLOGICAL_2016_2021,5.87897591515,14.5823907383,5.08945396624,15.3719126872,FROZEN_B11_90,ONE_SIDED_CLUSTER_DRIFT_GUARD_90,0.9,0.951281331718,NO_2023_FEEDBACK_AVAILABLE_CARRY_FORWARD_2022_DRIFT_STATE,2024,G+E_T1,T1_30DAP,SUPPORTED_FROZEN_B5_GENOME,SUPPORTED_T1_CONTEXT,False,False,15.32852039,True,False,23.62600785714998,True,10.282458720960001
W10004_0969/PHP02,IAH4_2024,10.2974395752,2.04675273642,0.470588235294,0.932157208319,WITHIN_TRAINING_NN_ENVELOPE,RETAIN_SUPPORTED,4.35170741157,5.14122936049,SUPPORT_GROUP_CHRONOLOGICAL_2016_2021,5.94573216362,14.6491469868,5.15621021471,15.4386689357,FROZEN_B11_90,ONE_SIDED_CLUSTER_DRIFT_GUARD_90,0.9,0.951281331718,NO_2023_FEEDBACK_AVAILABLE_CARRY_FORWARD_2022_DRIFT_STATE,2024,G+E_T1,T1_30DAP,SUPPORTED_FROZEN_B5_GENOME,SUPPORTED_T1_CONTEXT,False,False,13.45458097,True,True,8.703414823180001,True,10.28245872099
W10004_1032/PHP02,IAH4_2024,10.4889383316,2.04675273642,0.470588235294,0.932157208319,WITHIN_TRAINING_NN_ENVELOPE,RETAIN_SUPPORTED,4.35170741157,5.14122936049,SUPPORT_GROUP_CHRONOLOGICAL_2016_2021,6.13723092003,14.8406457432,5.34770897112,15.6301676921,FROZEN_B11_90,ONE_SIDED_CLUSTER_DRIFT_GUARD_90,0.9,0.951281331718,NO_2023_FEEDBACK_AVAILABLE_CARRY_FORWARD_2022_DRIFT_STATE,2024,G+E_T1,T1_30DAP,SUPPORTED_FROZEN_B5_GENOME,SUPPORTED_T1_CONTEXT,False,False,12.93871534,True,True,8.70341482317,True,10.28245872098
B14A/OH43,ILH1_2024,8.51968574524,1.83050123933,0.404411764706,0.945357044003,WITHIN_TRAINING_NN_ENVELOPE,RETAIN_SUPPORTED,4.35170741157,5.14122936049,SUPPORT_GROUP_CHRONOLOGICAL_2016_2021,4.16797833367,12.8713931568,3.37845638475,13.6609151057,FROZEN_B11_90,ONE_SIDED_CLUSTER_DRIFT_GUARD_90,0.9,0.951281331718,NO_2023_FEEDBACK_AVAILABLE_CARRY_FORWARD_2022_DRIFT_STATE,2024,G+E_T1,T1_30DAP,SUPPORTED_FROZEN_B5_GENOME,SUPPORTED_T1_CONTEXT,False,False,10.50290486,True,True,8.70341482313,True,10.282458720949998
B37/H95,ILH1_2024,8.88258075714,1.83050123933,0.404411764706,0.945357044003,WITHIN_TRAINING_NN_ENVELOPE,RETAIN_SUPPORTED,4.35170741157,5.14122936049,SUPPORT_GROUP_CHRONOLOGICAL_2016_2021,4.53087334557,13.2342881687,3.74135139666,14.0238101176,FROZEN_B11_90,ONE_SIDED_CLUSTER_DRIFT_GUARD_90,0.9,0.951281331718,NO_2023_FEEDBACK_AVAILABLE_CARRY_FORWARD_2022_DRIFT_STATE,2024,G+E_T1,T1_30DAP,SUPPORTED_FROZEN_B5_GENOME,SUPPORTED_T1_CONTEXT,False,False,7.964781711,True,True,8.70341482313,True,10.28245872094
B73/MO17,ILH1_2024,9.18307113647,1.83050123933,0.404411764706,0.945357044003,WITHIN_TRAINING_NN_ENVELOPE,RETAIN_SUPPORTED,4.35170741157,5.14122936049,SUPPORT_GROUP_CHRONOLOGICAL_2016_2021,4.8313637249,13.534778548,4.04184177599,14.324300497,FROZEN_B11_90,ONE_SIDED_CLUSTER_DRIFT_GUARD_90,0.9,0.951281331718,NO_2023_FEEDBACK_AVAILABLE_CARRY_FORWARD_2022_DRIFT_STATE,2024,G+E_T1,T1_30DAP,SUPPORTED_FROZEN_B5_GENOME,SUPPORTED_T1_CONTEXT,False,False,12.87148043,True,True,8.703414823100001,True,10.282458721009998
B73/PHK76,ILH1_2024,10.4570627213,1.83050123933,0.404411764706,0.945357044003,WITHIN_TRAINING_NN_ENVELOPE,RETAIN_SUPPORTED,4.35170741157,5.14122936049,SUPPORT_GROUP_CHRONOLOGICAL_2016_2021,6.10535530968,14.8087701328,5.31583336077,15.5982920817,FROZEN_B11_90,ONE_SIDED_CLUSTER_DRIFT_GUARD_90,0.9,0.951281331718,NO_2023_FEEDBACK_AVAILABLE_CARRY_FORWARD_2022_DRIFT_STATE,2024,G+E_T1,T1_30DAP,SUPPORTED_FROZEN_B5_GENOME,SUPPORTED_T1_CONTEXT,False,False,11.19219733,True,True,8.70341482312,True,10.28245872093
B73/PHN82,ILH1_2024,10.4681892395,1.83050123933,0.404411764706,0.945357044003,WITHIN_TRAINING_NN_ENVELOPE,RETAIN_SUPPORTED,4.35170741157,5.14122936049,SUPPORT_GROUP_CHRONOLOGICAL_2016_2021,6.11648182793,14.8198966511,5.32695987902,15.6094186,FROZEN_B11_90,ONE_SIDED_CLUSTER_DRIFT_GUARD_90,0.9,0.951281331718,NO_2023_FEEDBACK_AVAILABLE_CARRY_FORWARD_2022_DRIFT_STATE,2024,G+E_T1,T1_30DAP,SUPPORTED_FROZEN_B5_GENOME,SUPPORTED_T1_CONTEXT,False,False,11.94993605,True,True,8.70341482317,True,10.28245872098
B73/PHZ51,ILH1_2024,9.40113544464,1.83050123933,0.404411764706,0.945357044003,WITHIN_TRAINING_NN_ENVELOPE,RETAIN_SUPPORTED,4.35170741157,5.14122936049,SUPPORT_GROUP_CHRONOLOGICAL_2016_2021,5.04942803307,13.7528428562,4.25990608416,14.5423648051,FROZEN_B11_90,ONE_SIDED_CLUSTER_DRIFT_GUARD_90,0.9,0.951281331718,NO_2023_FEEDBACK_AVAILABLE_CARRY_FORWARD_2022_DRIFT_STATE,2024,G+E_T1,T1_30DAP,SUPPORTED_FROZEN_B5_GENOME,SUPPORTED_T1_CONTEXT,False,False,12.79750333,True,True,8.70341482313,True,10.28245872094
B73/TX779,ILH1_2024,9.4115896225,1.83050123933,0.404411764706,0.945357044003,WITHIN_TRAINING_NN_ENVELOPE,RETAIN_SUPPORTED,4.35170741157,5.14122936049,SUPPORT_GROUP_CHRONOLOGICAL_2016_2021,5.05988221093,13.7632970341,4.27036026201,14.552818983,FROZEN_B11_90,ONE_SIDED_CLUSTER_DRIFT_GUARD_90,0.9,0.951281331718,NO_2023_FEEDBACK_AVAILABLE_CARRY_FORWARD_2022_DRIFT_STATE,2024,G+E_T1,T1_30DAP,SUPPORTED_FROZEN_B5_GENOME,SUPPORTED_T1_CONTEXT,False,False,2.197263345,True,False,65.95579214177,False,51.74439706119
CG119/CG108,ILH1_2024,8.68033981323,1.83050123933,0.404411764706,0.945357044003,WITHIN_TRAINING_NN_ENVELOPE,RETAIN_SUPPORTED,4.35170741157,5.14122936049,SUPPORT_GROUP_CHRONOLOGICAL_2016_2021,4.32863240166,13.0320472248,3.53911045275,13.8215691737,FROZEN_B11_90,ONE_SIDED_CLUSTER_DRIFT_GUARD_90,0.9,0.951281331718,NO_2023_FEEDBACK_AVAILABLE_CARRY_FORWARD_2022_DRIFT_STATE,2024,G+E_T1,T1_30DAP,SUPPORTED_FROZEN_B5_GENOME,SUPPORTED_T1_CONTEXT,False,False,4.045682491,True,False,14.362413036340005,True,10.28245872095
CG44/CGR01,ILH1_2024,9.04706573486,1.83050123933,0.404411764706,0.945357044003,WITHIN_TRAINING_NN_ENVELOPE,RETAIN_SUPPORTED,4.35170741157,5.14122936049,SUPPORT_GROUP_CHRONOLOGICAL_2016_2021,4.69535832329,13.3987731464,3.90583637438,14.1882950953,FROZEN_B11_90,ONE_SIDED_CLUSTER_DRIFT_GUARD_90,0.9,0.951281331718,NO_2023_FEEDBACK_AVAILABLE_CARRY_FORWARD_2022_DRIFT_STATE,2024,G+E_T1,T1_30DAP,SUPPORTED_FROZEN_B5_GENOME,SUPPORTED_T1_CONTEXT,False,False,8.540544797,True,True,8.70341482311,True,10.282458720920001
LH145/LH82,ILH1_2024,7.79967498779,1.83050123933,0.404411764706,0.945357044003,WITHIN_TRAINING_NN_ENVELOPE,RETAIN_SUPPORTED,4.35170741157,5.14122936049,SUPPORT_GROUP_CHRONOLOGICAL_2016_2021,3.44796757622,12.1513823994,2.65844562731,12.9409043483,FROZEN_B11_90,ONE_SIDED_CLUSTER_DRIFT_GUARD_90,0.9,0.951281331718,NO_2023_FEEDBACK_AVAILABLE_CARRY_FORWARD_2022_DRIFT_STATE,2024,G+E_T1,T1_30DAP,SUPPORTED_FROZEN_B5_GENOME,SUPPORTED_T1_CONTEXT,False,False,9.203276944,True,True,8.70341482318,True,10.28245872099
LH195/MO17,ILH1_2024,9.0517578125,1.83050123933,0.404411764706,0.945357044003,WITHIN_TRAINING_NN_ENVELOPE,RETAIN_SUPPORTED,4.35170741157,5.14122936049,SUPPORT_GROUP_CHRONOLOGICAL_2016_2021,4.70005040093,13.4034652241,3.91052845201,14.192987173,FROZEN_B11_90,ONE_SIDED_CLUSTER_DRIFT_GUARD_90,0.9,0.951281331718,NO_2023_FEEDBACK_AVAILABLE_CARRY_FORWARD_2022_DRIFT_STATE,2024,G+E_T1,T1_30DAP,SUPPORTED_FROZEN_B5_GENOME,SUPPORTED_T1_CONTEXT,False,False,14.17132528,True,False,24.060615941170003,True,10.28245872099
LH195/PHK76,ILH1_2024,10.3185148239,1.83050123933,0.404411764706,0.945357044003,WITHIN_TRAINING_NN_ENVELOPE,RETAIN_SUPPORTED,4.35170741157,5.14122936049,SUPPORT_GROUP_CHRONOLOGICAL_2016_2021,5.96680741234,14.6702222355,5.17728546343,15.4597441844,FROZEN_B11_90,ONE_SIDED_CLUSTER_DRIFT_GUARD_90,0.9,0.951281331718,NO_2023_FEEDBACK_AVAILABLE_CARRY_FORWARD_2022_DRIFT_STATE,2024,G+E_T1,T1_30DAP,SUPPORTED_FROZEN_B5_GENOME,SUPPORTED_T1_CONTEXT,False,False,12.76403703,True,True,8.703414823160001,True,10.28245872097
LH195/PHN82,ILH1_2024,10.3274869919,1.83050123933,0.404411764706,0.945357044003,WITHIN_TRAINING_NN_ENVELOPE,RETAIN_SUPPORTED,4.35170741157,5.14122936049,SUPPORT_GROUP_CHRONOLOGICAL_2016_2021,5.97577958031,14.6791944035,5.1862576314,15.4687163524,FROZEN_B11_90,ONE_SIDED_CLUSTER_DRIFT_GUARD_90,0.9,0.951281331718,NO_2023_FEEDBACK_AVAILABLE_CARRY_FORWARD_2022_DRIFT_STATE,2024,G+E_T1,T1_30DAP,SUPPORTED_FROZEN_B5_GENOME,SUPPORTED_T1_CONTEXT,False,False,12.03197824,True,True,8.70341482319,True,10.282458721
LH195/PHP02,ILH1_2024,10.5010709763,1.83050123933,0.404411764706,0.945357044003,WITHIN_TRAINING_NN_ENVELOPE,RETAIN_SUPPORTED,4.35170741157,5.14122936049,SUPPORT_GROUP_CHRONOLOGICAL_2016_2021,6.14936356469,14.8527783878,5.35984161577,15.6423003367,FROZEN_B11_90,ONE_SIDED_CLUSTER_DRIFT_GUARD_90,0.9,0.951281331718,NO_2023_FEEDBACK_AVAILABLE_CARRY_FORWARD_2022_DRIFT_STATE,2024,G+E_T1,T1_30DAP,SUPPORTED_FROZEN_B5_GENOME,SUPPORTED_T1_CONTEXT,False,False,11.54920542,True,True,8.703414823110002,True,10.28245872093
LH195/PHZ51,ILH1_2024,9.26068878174,1.83050123933,0.404411764706,0.945357044003,WITHIN_TRAINING_NN_ENVELOPE,RETAIN_SUPPORTED,4.35170741157,5.14122936049,SUPPORT_GROUP_CHRONOLOGICAL_2016_2021,4.90898137017,13.6123961933,4.11945942125,14.4019181422,FROZEN_B11_90,ONE_SIDED_CLUSTER_DRIFT_GUARD_90,0.9,0.951281331718,NO_2023_FEEDBACK_AVAILABLE_CARRY_FORWARD_2022_DRIFT_STATE,2024,G+E_T1,T1_30DAP,SUPPORTED_FROZEN_B5_GENOME,SUPPORTED_T1_CONTEXT,False,False,11.12119046,True,True,8.70341482313,True,10.28245872095
LH244/MO17,ILH1_2024,8.88445854187,1.83050123933,0.404411764706,0.945357044003,WITHIN_TRAINING_NN_ENVELOPE,RETAIN_SUPPORTED,4.35170741157,5.14122936049,SUPPORT_GROUP_CHRONOLOGICAL_2016_2021,4.5327511303,13.2361659534,3.74322918138,14.0256879024,FROZEN_B11_90,ONE_SIDED_CLUSTER_DRIFT_GUARD_90,0.9,0.951281331718,NO_2023_FEEDBACK_AVAILABLE_CARRY_FORWARD_2022_DRIFT_STATE,2024,G+E_T1,T1_30DAP,SUPPORTED_FROZEN_B5_GENOME,SUPPORTED_T1_CONTEXT,False,False,14.61540254,True,False,36.28814655509999,False,22.076751473020003
LH244/PHK76,ILH1_2024,10.2146663666,1.83050123933,0.404411764706,0.945357044003,WITHIN_TRAINING_NN_ENVELOPE,RETAIN_SUPPORTED,4.35170741157,5.14122936049,SUPPORT_GROUP_CHRONOLOGICAL_2016_2021,5.862958955,14.5663737781,5.07343700609,15.3558957271,FROZEN_B11_90,ONE_SIDED_CLUSTER_DRIFT_GUARD_90,0.9,0.951281331718,NO_2023_FEEDBACK_AVAILABLE_CARRY_FORWARD_2022_DRIFT_STATE,2024,G+E_T1,T1_30DAP,SUPPORTED_FROZEN_B5_GENOME,SUPPORTED_T1_CONTEXT,False,False,12.52646566,True,True,8.7034148231,True,10.28245872101
LH244/PHN82,ILH1_2024,10.2306642532,1.83050123933,0.404411764706,0.945357044003,WITHIN_TRAINING_NN_ENVELOPE,RETAIN_SUPPORTED,4.35170741157,5.14122936049,SUPPORT_GROUP_CHRONOLOGICAL_2016_2021,5.87895684166,14.5823716648,5.08943489275,15.3718936137,FROZEN_B11_90,ONE_SIDED_CLUSTER_DRIFT_GUARD_90,0.9,0.951281331718,NO_2023_FEEDBACK_AVAILABLE_CARRY_FORWARD_2022_DRIFT_STATE,2024,G+E_T1,T1_30DAP,SUPPORTED_FROZEN_B5_GENOME,SUPPORTED_T1_CONTEXT,False,False,12.65126491,True,True,8.703414823140001,True,10.28245872095
LH244/PHZ51,ILH1_2024,9.16592979431,1.83050123933,0.404411764706,0.945357044003,WITHIN_TRAINING_NN_ENVELOPE,RETAIN_SUPPORTED,4.35170741157,5.14122936049,SUPPORT_GROUP_CHRONOLOGICAL_2016_2021,4.81422238274,13.5176372059,4.02470043383,14.3071591548,FROZEN_B11_90,ONE_SIDED_CLUSTER_DRIFT_GUARD_90,0.9,0.951281331718,NO_2023_FEEDBACK_AVAILABLE_CARRY_FORWARD_2022_DRIFT_STATE,2024,G+E_T1,T1_30DAP,SUPPORTED_FROZEN_B5_GENOME,SUPPORTED_T1_CONTEXT,False,False,10.93512656,True,True,8.70341482316,True,10.282458720970002
PHB47/MO17,ILH1_2024,8.25114631653,1.83050123933,0.404411764706,0.945357044003,WITHIN_TRAINING_NN_ENVELOPE,RETAIN_SUPPORTED,4.35170741157,5.14122936049,SUPPORT_GROUP_CHRONOLOGICAL_2016_2021,3.89943890496,12.6028537281,3.10991695604,13.392375677,FROZEN_B11_90,ONE_SIDED_CLUSTER_DRIFT_GUARD_90,0.9,0.951281331718,NO_2023_FEEDBACK_AVAILABLE_CARRY_FORWARD_2022_DRIFT_STATE,2024,G+E_T1,T1_30DAP,SUPPORTED_FROZEN_B5_GENOME,SUPPORTED_T1_CONTEXT,False,False,11.40899364,True,True,8.70341482314,True,10.282458720960001
PHB47/PHK76,ILH1_2024,9.51688194275,1.83050123933,0.404411764706,0.945357044003,WITHIN_TRAINING_NN_ENVELOPE,RETAIN_SUPPORTED,4.35170741157,5.14122936049,SUPPORT_GROUP_CHRONOLOGICAL_2016_2021,5.16517453118,13.8685893543,4.37565258226,14.6581113032,FROZEN_B11_90,ONE_SIDED_CLUSTER_DRIFT_GUARD_90,0.9,0.951281331718,NO_2023_FEEDBACK_AVAILABLE_CARRY_FORWARD_2022_DRIFT_STATE,2024,G+E_T1,T1_30DAP,SUPPORTED_FROZEN_B5_GENOME,SUPPORTED_T1_CONTEXT,False,False,10.75506856,True,True,8.70341482312,True,10.28245872094
PHB47/PHN82,ILH1_2024,9.52545642853,1.83050123933,0.404411764706,0.945357044003,WITHIN_TRAINING_NN_ENVELOPE,RETAIN_SUPPORTED,4.35170741157,5.14122936049,SUPPORT_GROUP_CHRONOLOGICAL_2016_2021,5.17374901696,13.8771638401,4.38422706804,14.666685789,FROZEN_B11_90,ONE_SIDED_CLUSTER_DRIFT_GUARD_90,0.9,0.951281331718,NO_2023_FEEDBACK_AVAILABLE_CARRY_FORWARD_2022_DRIFT_STATE,2024,G+E_T1,T1_30DAP,SUPPORTED_FROZEN_B5_GENOME,SUPPORTED_T1_CONTEXT,False,False,10.93358457,True,True,8.703414823140001,True,10.282458720960001
PHB47/PHZ51,ILH1_2024,8.4570941925,1.83050123933,0.404411764706,0.945357044003,WITHIN_TRAINING_NN_ENVELOPE,RETAIN_SUPPORTED,4.35170741157,5.14122936049,SUPPORT_GROUP_CHRONOLOGICAL_2016_2021,4.10538678093,12.8088016041,3.31586483202,13.598323553,FROZEN_B11_90,ONE_SIDED_CLUSTER_DRIFT_GUARD_90,0.9,0.951281331718,NO_2023_FEEDBACK_AVAILABLE_CARRY_FORWARD_2022_DRIFT_STATE,2024,G+E_T1,T1_30DAP,SUPPORTED_FROZEN_B5_GENOME,SUPPORTED_T1_CONTEXT,False,False,11.8996314,True,True,8.70341482317,True,10.28245872098
PHG29/PHG47,ILH1_2024,9.43461418152,1.83050123933,0.404411764706,0.945357044003,WITHIN_TRAINING_NN_ENVELOPE,RETAIN_SUPPORTED,4.35170741157,5.14122936049,SUPPORT_GROUP_CHRONOLOGICAL_2016_2021,5.08290676995,13.7863215931,4.29338482103,14.575843542,FROZEN_B11_90,ONE_SIDED_CLUSTER_DRIFT_GUARD_90,0.9,0.951281331718,NO_2023_FEEDBACK_AVAILABLE_CARRY_FORWARD_2022_DRIFT_STATE,2024,G+E_T1,T1_30DAP,SUPPORTED_FROZEN_B5_GENOME,SUPPORTED_T1_CONTEXT,False,False,10.47807407,True,True,8.70341482315,True,10.282458720969998
PHG39/PHN82,ILH1_2024,10.0202579498,1.83050123933,0.404411764706,0.945357044003,WITHIN_TRAINING_NN_ENVELOPE,RETAIN_SUPPORTED,4.35170741157,5.14122936049,SUPPORT_GROUP_CHRONOLOGICAL_2016_2021,5.66855053826,14.3719653614,4.87902858934,15.1614873103,FROZEN_B11_90,ONE_SIDED_CLUSTER_DRIFT_GUARD_90,0.9,0.951281331718,NO_2023_FEEDBACK_AVAILABLE_CARRY_FORWARD_2022_DRIFT_STATE,2024,G+E_T1,T1_30DAP,SUPPORTED_FROZEN_B5_GENOME,SUPPORTED_T1_CONTEXT,False,False,11.77302885,True,True,8.70341482314,True,10.282458720960001
PHJ40/PHAJ0,ILH1_2024,9.23912143707,1.83050123933,0.404411764706,0.945357044003,WITHIN_TRAINING_NN_ENVELOPE,RETAIN_SUPPORTED,4.35170741157,5.14122936049,SUPPORT_GROUP_CHRONOLOGICAL_2016_2021,4.8874140255,13.5908288486,4.09789207659,14.3803507976,FROZEN_B11_90,ONE_SIDED_CLUSTER_DRIFT_GUARD_90,0.9,0.951281331718,NO_2023_FEEDBACK_AVAILABLE_CARRY_FORWARD_2022_DRIFT_STATE,2024,G+E_T1,T1_30DAP,SUPPORTED_FROZEN_B5_GENOME,SUPPORTED_T1_CONTEXT,False,False,6.130567604,True,True,8.7034148231,True,10.28245872101
PHJ89/PH207,ILH1_2024,9.41450500488,1.83050123933,0.404411764706,0.945357044003,WITHIN_TRAINING_NN_ENVELOPE,RETAIN_SUPPORTED,4.35170741157,5.14122936049,SUPPORT_GROUP_CHRONOLOGICAL_2016_2021,5.06279759331,13.7662124165,4.2732756444,14.5557343654,FROZEN_B11_90,ONE_SIDED_CLUSTER_DRIFT_GUARD_90,0.9,0.951281331718,NO_2023_FEEDBACK_AVAILABLE_CARRY_FORWARD_2022_DRIFT_STATE,2024,G+E_T1,T1_30DAP,SUPPORTED_FROZEN_B5_GENOME,SUPPORTED_T1_CONTEXT,False,False,10.24113173,True,True,8.70341482319,True,10.282458721
PHRE1/PHTD5,ILH1_2024,9.65382766724,1.83050123933,0.404411764706,0.945357044003,WITHIN_TRAINING_NN_ENVELOPE,RETAIN_SUPPORTED,4.35170741157,5.14122936049,SUPPORT_GROUP_CHRONOLOGICAL_2016_2021,5.30212025566,14.0055350788,4.51259830675,14.7950570277,FROZEN_B11_90,ONE_SIDED_CLUSTER_DRIFT_GUARD_90,0.9,0.951281331718,NO_2023_FEEDBACK_AVAILABLE_CARRY_FORWARD_2022_DRIFT_STATE,2024,G+E_T1,T1_30DAP,SUPPORTED_FROZEN_B5_GENOME,SUPPORTED_T1_CONTEXT,False,False,8.499784731,True,True,8.70341482314,True,10.28245872095
PHW52/PHM49,ILH1_2024,9.76455783844,1.83050123933,0.404411764706,0.945357044003,WITHIN_TRAINING_NN_ENVELOPE,RETAIN_SUPPORTED,4.35170741157,5.14122936049,SUPPORT_GROUP_CHRONOLOGICAL_2016_2021,5.41285042687,14.11626525,4.62332847795,14.9057871989,FROZEN_B11_90,ONE_SIDED_CLUSTER_DRIFT_GUARD_90,0.9,0.951281331718,NO_2023_FEEDBACK_AVAILABLE_CARRY_FORWARD_2022_DRIFT_STATE,2024,G+E_T1,T1_30DAP,SUPPORTED_FROZEN_B5_GENOME,SUPPORTED_T1_CONTEXT,False,False,12.53752058,True,True,8.70341482313,True,10.28245872095
TX714/PHZ51,ILH1_2024,9.21208667755,1.83050123933,0.404411764706,0.945357044003,WITHIN_TRAINING_NN_ENVELOPE,RETAIN_SUPPORTED,4.35170741157,5.14122936049,SUPPORT_GROUP_CHRONOLOGICAL_2016_2021,4.86037926598,13.5637940891,4.07085731707,14.353316038,FROZEN_B11_90,ONE_SIDED_CLUSTER_DRIFT_GUARD_90,0.9,0.951281331718,NO_2023_FEEDBACK_AVAILABLE_CARRY_FORWARD_2022_DRIFT_STATE,2024,G+E_T1,T1_30DAP,SUPPORTED_FROZEN_B5_GENOME,SUPPORTED_T1_CONTEXT,False,False,2.544731462,True,False,55.01637090272,False,40.80497582233
TX777/LH195,ILH1_2024,9.38081550598,1.83050123933,0.404411764706,0.945357044003,WITHIN_TRAINING_NN_ENVELOPE,RETAIN_SUPPORTED,4.35170741157,5.14122936049,SUPPORT_GROUP_CHRONOLOGICAL_2016_2021,5.02910809441,13.7325229176,4.2395861455,14.5220448665,FROZEN_B11_90,ONE_SIDED_CLUSTER_DRIFT_GUARD_90,0.9,0.951281331718,NO_2023_FEEDBACK_AVAILABLE_CARRY_FORWARD_2022_DRIFT_STATE,2024,G+E_T1,T1_30DAP,SUPPORTED_FROZEN_B5_GENOME,SUPPORTED_T1_CONTEXT,False,False,8.457587568,True,True,8.703414823190002,True,10.282458721000001
W10004_0018/PHP02,ILH1_2024,10.2748422623,1.83050123933,0.404411764706,0.945357044003,WITHIN_TRAINING_NN_ENVELOPE,RETAIN_SUPPORTED,4.35170741157,5.14122936049,SUPPORT_GROUP_CHRONOLOGICAL_2016_2021,5.9231348507,14.6265496738,5.13361290178,15.4160716228,FROZEN_B11_90,ONE_SIDED_CLUSTER_DRIFT_GUARD_90,0.9,0.951281331718,NO_2023_FEEDBACK_AVAILABLE_CARRY_FORWARD_2022_DRIFT_STATE,2024,G+E_T1,T1_30DAP,SUPPORTED_FROZEN_B5_GENOME,SUPPORTED_T1_CONTEXT,False,False,6.548630733,True,True,8.7034148231,True,10.28245872102
W10004_0055/PHP02,ILH1_2024,10.4873151779,1.83050123933,0.404411764706,0.945357044003,WITHIN_TRAINING_NN_ENVELOPE,RETAIN_SUPPORTED,4.35170741157,5.14122936049,SUPPORT_GROUP_CHRONOLOGICAL_2016_2021,6.13560776635,14.8390225895,5.34608581743,15.6285445384,FROZEN_B11_90,ONE_SIDED_CLUSTER_DRIFT_GUARD_90,0.9,0.951281331718,NO_2023_FEEDBACK_AVAILABLE_CARRY_FORWARD_2022_DRIFT_STATE,2024,G+E_T1,T1_30DAP,SUPPORTED_FROZEN_B5_GENOME,SUPPORTED_T1_CONTEXT,False,False,11.00398747,True,True,8.703414823150002,True,10.28245872097
W10004_0095/PHP02,ILH1_2024,9.99468421936,1.83050123933,0.404411764706,0.945357044003,WITHIN_TRAINING_NN_ENVELOPE,RETAIN_SUPPORTED,4.35170741157,5.14122936049,SUPPORT_GROUP_CHRONOLOGICAL_2016_2021,5.64297680779,14.3463916309,4.85345485887,15.1359135798,FROZEN_B11_90,ONE_SIDED_CLUSTER_DRIFT_GUARD_90,0.9,0.951281331718,NO_2023_FEEDBACK_AVAILABLE_CARRY_FORWARD_2022_DRIFT_STATE,2024,G+E_T1,T1_30DAP,SUPPORTED_FROZEN_B5_GENOME,SUPPORTED_T1_CONTEXT,False,False,11.53943947,True,True,8.703414823109998,True,10.28245872093
W10004_0103/PHP02,ILH1_2024,10.540725708,1.83050123933,0.404411764706,0.945357044003,WITHIN_TRAINING_NN_ENVELOPE,RETAIN_SUPPORTED,4.35170741157,5.14122936049,SUPPORT_GROUP_CHRONOLOGICAL_2016_2021,6.18901829644,14.8924331196,5.39949634752,15.6819550685,FROZEN_B11_90,ONE_SIDED_CLUSTER_DRIFT_GUARD_90,0.9,0.951281331718,NO_2023_FEEDBACK_AVAILABLE_CARRY_FORWARD_2022_DRIFT_STATE,2024,G+E_T1,T1_30DAP,SUPPORTED_FROZEN_B5_GENOME,SUPPORTED_T1_CONTEXT,False,False,11.38005685,True,True,8.70341482316,True,10.28245872098
W10004_0122/PHP02,ILH1_2024,10.3347330093,1.83050123933,0.404411764706,0.945357044003,WITHIN_TRAINING_NN_ENVELOPE,RETAIN_SUPPORTED,4.35170741157,5.14122936049,SUPPORT_GROUP_CHRONOLOGICAL_2016_2021,5.98302559777,14.6864404209,5.19350364885,15.4759623698,FROZEN_B11_90,ONE_SIDED_CLUSTER_DRIFT_GUARD_90,0.9,0.951281331718,NO_2023_FEEDBACK_AVAILABLE_CARRY_FORWARD_2022_DRIFT_STATE,2024,G+E_T1,T1_30DAP,SUPPORTED_FROZEN_B5_GENOME,SUPPORTED_T1_CONTEXT,False,False,11.06055031,True,True,8.70341482313,True,10.28245872095
W10004_0133/PHP02,ILH1_2024,10.2088108063,1.83050123933,0.404411764706,0.945357044003,WITHIN_TRAINING_NN_ENVELOPE,RETAIN_SUPPORTED,4.35170741157,5.14122936049,SUPPORT_GROUP_CHRONOLOGICAL_2016_2021,5.8571033947,14.5605182178,5.06758144579,15.3500401668,FROZEN_B11_90,ONE_SIDED_CLUSTER_DRIFT_GUARD_90,0.9,0.951281331718,NO_2023_FEEDBACK_AVAILABLE_CARRY_FORWARD_2022_DRIFT_STATE,2024,G+E_T1,T1_30DAP,SUPPORTED_FROZEN_B5_GENOME,SUPPORTED_T1_CONTEXT,False,False,11.57092875,True,True,8.703414823100001,True,10.282458721009998
W10004_0138/PHP02,ILH1_2024,10.749455452,1.83050123933,0.404411764706,0.945357044003,WITHIN_TRAINING_NN_ENVELOPE,RETAIN_SUPPORTED,4.35170741157,5.14122936049,SUPPORT_GROUP_CHRONOLOGICAL_2016_2021,6.39774804039,15.1011628635,5.60822609148,15.8906848125,FROZEN_B11_90,ONE_SIDED_CLUSTER_DRIFT_GUARD_90,0.9,0.951281331718,NO_2023_FEEDBACK_AVAILABLE_CARRY_FORWARD_2022_DRIFT_STATE,2024,G+E_T1,T1_30DAP,SUPPORTED_FROZEN_B5_GENOME,SUPPORTED_T1_CONTEXT,False,False,8.020935267,True,True,8.703414823110002,True,10.28245872102
W10004_0146/PHP02,ILH1_2024,10.3387413025,1.83050123933,0.404411764706,0.945357044003,WITHIN_TRAINING_NN_ENVELOPE,RETAIN_SUPPORTED,4.35170741157,5.14122936049,SUPPORT_GROUP_CHRONOLOGICAL_2016_2021,5.98703389092,14.6904487141,5.197511942,15.479970663,FROZEN_B11_90,ONE_SIDED_CLUSTER_DRIFT_GUARD_90,0.9,0.951281331718,NO_2023_FEEDBACK_AVAILABLE_CARRY_FORWARD_2022_DRIFT_STATE,2024,G+E_T1,T1_30DAP,SUPPORTED_FROZEN_B5_GENOME,SUPPORTED_T1_CONTEXT,False,False,10.22393988,True,True,8.703414823180001,True,10.282458721
W10004_0167/PHP02,ILH1_2024,10.1847276688,1.83050123933,0.404411764706,0.945357044003,WITHIN_TRAINING_NN_ENVELOPE,RETAIN_SUPPORTED,4.35170741157,5.14122936049,SUPPORT_GROUP_CHRONOLOGICAL_2016_2021,5.83302025719,14.5364350803,5.04349830828,15.3259570292,FROZEN_B11_90,ONE_SIDED_CLUSTER_DRIFT_GUARD_90,0.9,0.951281331718,NO_2023_FEEDBACK_AVAILABLE_CARRY_FORWARD_2022_DRIFT_STATE,2024,G+E_T1,T1_30DAP,SUPPORTED_FROZEN_B5_GENOME,SUPPORTED_T1_CONTEXT,False,False,8.504183802,True,True,8.70341482311,True,10.28245872092
W10004_0189/PHP02,ILH1_2024,10.5641584396,1.83050123933,0.404411764706,0.945357044003,WITHIN_TRAINING_NN_ENVELOPE,RETAIN_SUPPORTED,4.35170741157,5.14122936049,SUPPORT_GROUP_CHRONOLOGICAL_2016_2021,6.21245102806,14.9158658512,5.42292907915,15.7053878001,FROZEN_B11_90,ONE_SIDED_CLUSTER_DRIFT_GUARD_90,0.9,0.951281331718,NO_2023_FEEDBACK_AVAILABLE_CARRY_FORWARD_2022_DRIFT_STATE,2024,G+E_T1,T1_30DAP,SUPPORTED_FROZEN_B5_GENOME,SUPPORTED_T1_CONTEXT,False,False,10.01732006,True,True,8.70341482314,True,10.28245872095
W10004_0236/PHP02,ILH1_2024,10.2636461258,1.83050123933,0.404411764706,0.945357044003,WITHIN_TRAINING_NN_ENVELOPE,RETAIN_SUPPORTED,4.35170741157,5.14122936049,SUPPORT_GROUP_CHRONOLOGICAL_2016_2021,5.91193871422,14.6153535374,5.12241676531,15.4048754863,FROZEN_B11_90,ONE_SIDED_CLUSTER_DRIFT_GUARD_90,0.9,0.951281331718,NO_2023_FEEDBACK_AVAILABLE_CARRY_FORWARD_2022_DRIFT_STATE,2024,G+E_T1,T1_30DAP,SUPPORTED_FROZEN_B5_GENOME,SUPPORTED_T1_CONTEXT,False,False,9.603312456,True,True,8.703414823180001,True,10.28245872099
W10004_0238/PHP02,ILH1_2024,10.231751442,1.83050123933,0.404411764706,0.945357044003,WITHIN_TRAINING_NN_ENVELOPE,RETAIN_SUPPORTED,4.35170741157,5.14122936049,SUPPORT_GROUP_CHRONOLOGICAL_2016_2021,5.88004403038,14.5834588535,5.09052208147,15.3729808024,FROZEN_B11_90,ONE_SIDED_CLUSTER_DRIFT_GUARD_90,0.9,0.951281331718,NO_2023_FEEDBACK_AVAILABLE_CARRY_FORWARD_2022_DRIFT_STATE,2024,G+E_T1,T1_30DAP,SUPPORTED_FROZEN_B5_GENOME,SUPPORTED_T1_CONTEXT,False,False,10.02520427,True,True,8.70341482312,True,10.282458720930002
W10004_0258/PHP02,ILH1_2024,10.1083984375,1.83050123933,0.404411764706,0.945357044003,WITHIN_TRAINING_NN_ENVELOPE,RETAIN_SUPPORTED,4.35170741157,5.14122936049,SUPPORT_GROUP_CHRONOLOGICAL_2016_2021,5.75669102593,14.4601058491,4.96716907701,15.249627798,FROZEN_B11_90,ONE_SIDED_CLUSTER_DRIFT_GUARD_90,0.9,0.951281331718,NO_2023_FEEDBACK_AVAILABLE_CARRY_FORWARD_2022_DRIFT_STATE,2024,G+E_T1,T1_30DAP,SUPPORTED_FROZEN_B5_GENOME,SUPPORTED_T1_CONTEXT,False,False,11.12087559,True,True,8.70341482317,True,10.28245872099
W10004_0346/PHP02,ILH1_2024,10.4535121918,1.83050123933,0.404411764706,0.945357044003,WITHIN_TRAINING_NN_ENVELOPE,RETAIN_SUPPORTED,4.35170741157,5.14122936049,SUPPORT_GROUP_CHRONOLOGICAL_2016_2021,6.1018047802,14.8052196033,5.31228283129,15.5947415523,FROZEN_B11_90,ONE_SIDED_CLUSTER_DRIFT_GUARD_90,0.9,0.951281331718,NO_2023_FEEDBACK_AVAILABLE_CARRY_FORWARD_2022_DRIFT_STATE,2024,G+E_T1,T1_30DAP,SUPPORTED_FROZEN_B5_GENOME,SUPPORTED_T1_CONTEXT,False,False,9.921490918,True,True,8.7034148231,True,10.28245872101
W10004_0403/PHP02,ILH1_2024,10.1809043884,1.83050123933,0.404411764706,0.945357044003,WITHIN_TRAINING_NN_ENVELOPE,RETAIN_SUPPORTED,4.35170741157,5.14122936049,SUPPORT_GROUP_CHRONOLOGICAL_2016_2021,5.82919697686,14.5326118,5.03967502794,15.3221337489,FROZEN_B11_90,ONE_SIDED_CLUSTER_DRIFT_GUARD_90,0.9,0.951281331718,NO_2023_FEEDBACK_AVAILABLE_CARRY_FORWARD_2022_DRIFT_STATE,2024,G+E_T1,T1_30DAP,SUPPORTED_FROZEN_B5_GENOME,SUPPORTED_T1_CONTEXT,False,False,10.15832794,True,True,8.703414823140001,True,10.282458720960001
W10004_0409/PHP02,ILH1_2024,10.4159040451,1.83050123933,0.404411764706,0.945357044003,WITHIN_TRAINING_NN_ENVELOPE,RETAIN_SUPPORTED,4.35170741157,5.14122936049,SUPPORT_GROUP_CHRONOLOGICAL_2016_2021,6.06419663353,14.7676114567,5.27467468462,15.5571334056,FROZEN_B11_90,ONE_SIDED_CLUSTER_DRIFT_GUARD_90,0.9,0.951281331718,NO_2023_FEEDBACK_AVAILABLE_CARRY_FORWARD_2022_DRIFT_STATE,2024,G+E_T1,T1_30DAP,SUPPORTED_FROZEN_B5_GENOME,SUPPORTED_T1_CONTEXT,False,False,10.88233158,True,True,8.70341482317,True,10.28245872098
W10004_0658/PHP02,ILH1_2024,10.4877996445,1.83050123933,0.404411764706,0.945357044003,WITHIN_TRAINING_NN_ENVELOPE,RETAIN_SUPPORTED,4.35170741157,5.14122936049,SUPPORT_GROUP_CHRONOLOGICAL_2016_2021,6.1360922329,14.839507056,5.34657028398,15.629029005,FROZEN_B11_90,ONE_SIDED_CLUSTER_DRIFT_GUARD_90,0.9,0.951281331718,NO_2023_FEEDBACK_AVAILABLE_CARRY_FORWARD_2022_DRIFT_STATE,2024,G+E_T1,T1_30DAP,SUPPORTED_FROZEN_B5_GENOME,SUPPORTED_T1_CONTEXT,False,False,11.77219189,True,True,8.703414823100001,True,10.28245872102
W10004_0688/PHP02,ILH1_2024,10.1418981552,1.83050123933,0.404411764706,0.945357044003,WITHIN_TRAINING_NN_ENVELOPE,RETAIN_SUPPORTED,4.35170741157,5.14122936049,SUPPORT_GROUP_CHRONOLOGICAL_2016_2021,5.79019074364,14.4936055668,5.00066879473,15.2831275157,FROZEN_B11_90,ONE_SIDED_CLUSTER_DRIFT_GUARD_90,0.9,0.951281331718,NO_2023_FEEDBACK_AVAILABLE_CARRY_FORWARD_2022_DRIFT_STATE,2024,G+E_T1,T1_30DAP,SUPPORTED_FROZEN_B5_GENOME,SUPPORTED_T1_CONTEXT,False,False,8.754698208,True,True,8.70341482316,True,10.28245872097
W10004_0691/PHP02,ILH1_2024,10.3930549622,1.83050123933,0.404411764706,0.945357044003,WITHIN_TRAINING_NN_ENVELOPE,RETAIN_SUPPORTED,4.35170741157,5.14122936049,SUPPORT_GROUP_CHRONOLOGICAL_2016_2021,6.04134755059,14.7447623737,5.25182560167,15.5342843226,FROZEN_B11_90,ONE_SIDED_CLUSTER_DRIFT_GUARD_90,0.9,0.951281331718,NO_2023_FEEDBACK_AVAILABLE_CARRY_FORWARD_2022_DRIFT_STATE,2024,G+E_T1,T1_30DAP,SUPPORTED_FROZEN_B5_GENOME,SUPPORTED_T1_CONTEXT,False,False,10.4910424,True,True,8.70341482311,True,10.282458720929998
W10004_0747/PHP02,ILH1_2024,10.6809988022,1.83050123933,0.404411764706,0.945357044003,WITHIN_TRAINING_NN_ENVELOPE,RETAIN_SUPPORTED,4.35170741157,5.14122936049,SUPPORT_GROUP_CHRONOLOGICAL_2016_2021,6.32929139061,15.0327062138,5.5397694417,15.8222281627,FROZEN_B11_90,ONE_SIDED_CLUSTER_DRIFT_GUARD_90,0.9,0.951281331718,NO_2023_FEEDBACK_AVAILABLE_CARRY_FORWARD_2022_DRIFT_STATE,2024,G+E_T1,T1_30DAP,SUPPORTED_FROZEN_B5_GENOME,SUPPORTED_T1_CONTEXT,False,False,9.372866439,True,True,8.703414823189998,True,10.282458721000001
W10004_0754/PHP02,ILH1_2024,10.2514467239,1.83050123933,0.404411764706,0.945357044003,WITHIN_TRAINING_NN_ENVELOPE,RETAIN_SUPPORTED,4.35170741157,5.14122936049,SUPPORT_GROUP_CHRONOLOGICAL_2016_2021,5.89973931237,14.6031541355,5.11021736345,15.3926760844,FROZEN_B11_90,ONE_SIDED_CLUSTER_DRIFT_GUARD_90,0.9,0.951281331718,NO_2023_FEEDBACK_AVAILABLE_CARRY_FORWARD_2022_DRIFT_STATE,2024,G+E_T1,T1_30DAP,SUPPORTED_FROZEN_B5_GENOME,SUPPORTED_T1_CONTEXT,False,False,8.619201183,True,True,8.70341482313,True,10.28245872095
W10004_0771/PHP02,ILH1_2024,10.2742481232,1.83050123933,0.404411764706,0.945357044003,WITHIN_TRAINING_NN_ENVELOPE,RETAIN_SUPPORTED,4.35170741157,5.14122936049,SUPPORT_GROUP_CHRONOLOGICAL_2016_2021,5.9225407116,14.6259555347,5.13301876268,15.4154774837,FROZEN_B11_90,ONE_SIDED_CLUSTER_DRIFT_GUARD_90,0.9,0.951281331718,NO_2023_FEEDBACK_AVAILABLE_CARRY_FORWARD_2022_DRIFT_STATE,2024,G+E_T1,T1_30DAP,SUPPORTED_FROZEN_B5_GENOME,SUPPORTED_T1_CONTEXT,False,False,9.102036628,True,True,8.7034148231,True,10.28245872102
W10004_0776/PHP02,ILH1_2024,10.2301387787,1.83050123933,0.404411764706,0.945357044003,WITHIN_TRAINING_NN_ENVELOPE,RETAIN_SUPPORTED,4.35170741157,5.14122936049,SUPPORT_GROUP_CHRONOLOGICAL_2016_2021,5.87843136711,14.5818461903,5.0889094182,15.3713681392,FROZEN_B11_90,ONE_SIDED_CLUSTER_DRIFT_GUARD_90,0.9,0.951281331718,NO_2023_FEEDBACK_AVAILABLE_CARRY_FORWARD_2022_DRIFT_STATE,2024,G+E_T1,T1_30DAP,SUPPORTED_FROZEN_B5_GENOME,SUPPORTED_T1_CONTEXT,False,False,10.57147831,True,True,8.70341482319,True,10.282458721
W10004_0822/PHP02,ILH1_2024,10.4676017761,1.83050123933,0.404411764706,0.945357044003,WITHIN_TRAINING_NN_ENVELOPE,RETAIN_SUPPORTED,4.35170741157,5.14122936049,SUPPORT_GROUP_CHRONOLOGICAL_2016_2021,6.11589436455,14.8193091877,5.32637241564,15.6088311366,FROZEN_B11_90,ONE_SIDED_CLUSTER_DRIFT_GUARD_90,0.9,0.951281331718,NO_2023_FEEDBACK_AVAILABLE_CARRY_FORWARD_2022_DRIFT_STATE,2024,G+E_T1,T1_30DAP,SUPPORTED_FROZEN_B5_GENOME,SUPPORTED_T1_CONTEXT,False,False,8.634127646,True,True,8.70341482315,True,10.28245872096
W10004_0866/PHP02,ILH1_2024,10.2005386353,1.83050123933,0.404411764706,0.945357044003,WITHIN_TRAINING_NN_ENVELOPE,RETAIN_SUPPORTED,4.35170741157,5.14122936049,SUPPORT_GROUP_CHRONOLOGICAL_2016_2021,5.84883122368,14.5522460468,5.05930927477,15.3417679957,FROZEN_B11_90,ONE_SIDED_CLUSTER_DRIFT_GUARD_90,0.9,0.951281331718,NO_2023_FEEDBACK_AVAILABLE_CARRY_FORWARD_2022_DRIFT_STATE,2024,G+E_T1,T1_30DAP,SUPPORTED_FROZEN_B5_GENOME,SUPPORTED_T1_CONTEXT,False,False,10.38631218,True,True,8.70341482312,True,10.282458720929998
W10004_0949/PHP02,ILH1_2024,10.5910825729,1.83050123933,0.404411764706,0.945357044003,WITHIN_TRAINING_NN_ENVELOPE,RETAIN_SUPPORTED,4.35170741157,5.14122936049,SUPPORT_GROUP_CHRONOLOGICAL_2016_2021,6.23937516136,14.9427899845,5.44985321245,15.7323119334,FROZEN_B11_90,ONE_SIDED_CLUSTER_DRIFT_GUARD_90,0.9,0.951281331718,NO_2023_FEEDBACK_AVAILABLE_CARRY_FORWARD_2022_DRIFT_STATE,2024,G+E_T1,T1_30DAP,SUPPORTED_FROZEN_B5_GENOME,SUPPORTED_T1_CONTEXT,False,False,11.09071149,True,True,8.70341482314,True,10.28245872095
W10004_1014/PHP02,ILH1_2024,10.2924232483,1.83050123933,0.404411764706,0.945357044003,WITHIN_TRAINING_NN_ENVELOPE,RETAIN_SUPPORTED,4.35170741157,5.14122936049,SUPPORT_GROUP_CHRONOLOGICAL_2016_2021,5.94071583672,14.6441306599,5.15119388781,15.4336526088,FROZEN_B11_90,ONE_SIDED_CLUSTER_DRIFT_GUARD_90,0.9,0.951281331718,NO_2023_FEEDBACK_AVAILABLE_CARRY_FORWARD_2022_DRIFT_STATE,2024,G+E_T1,T1_30DAP,SUPPORTED_FROZEN_B5_GENOME,SUPPORTED_T1_CONTEXT,False,False,11.7033396,True,True,8.703414823180001,True,10.28245872099
W10004_1018/PHP02,ILH1_2024,10.6406869888,1.83050123933,0.404411764706,0.945357044003,WITHIN_TRAINING_NN_ENVELOPE,RETAIN_SUPPORTED,4.35170741157,5.14122936049,SUPPORT_GROUP_CHRONOLOGICAL_2016_2021,6.28897957726,14.9923944004,5.49945762834,15.7819163493,FROZEN_B11_90,ONE_SIDED_CLUSTER_DRIFT_GUARD_90,0.9,0.951281331718,NO_2023_FEEDBACK_AVAILABLE_CARRY_FORWARD_2022_DRIFT_STATE,2024,G+E_T1,T1_30DAP,SUPPORTED_FROZEN_B5_GENOME,SUPPORTED_T1_CONTEXT,False,False,12.92762534,True,True,8.703414823140001,True,10.28245872096
W10004_1032/PHP02,ILH1_2024,10.4587936401,1.83050123933,0.404411764706,0.945357044003,WITHIN_TRAINING_NN_ENVELOPE,RETAIN_SUPPORTED,4.35170741157,5.14122936049,SUPPORT_GROUP_CHRONOLOGICAL_2016_2021,6.10708622856,14.8105010517,5.31756427965,15.6000230006,FROZEN_B11_90,ONE_SIDED_CLUSTER_DRIFT_GUARD_90,0.9,0.951281331718,NO_2023_FEEDBACK_AVAILABLE_CARRY_FORWARD_2022_DRIFT_STATE,2024,G+E_T1,T1_30DAP,SUPPORTED_FROZEN_B5_GENOME,SUPPORTED_T1_CONTEXT,False,False,8.044075161,True,True,8.70341482314,True,10.28245872095
W10004_1080/PHP02,ILH1_2024,10.5240306854,1.83050123933,0.404411764706,0.945357044003,WITHIN_TRAINING_NN_ENVELOPE,RETAIN_SUPPORTED,4.35170741157,5.14122936049,SUPPORT_GROUP_CHRONOLOGICAL_2016_2021,6.17232327385,14.875738097,5.38280132494,15.6652600459,FROZEN_B11_90,ONE_SIDED_CLUSTER_DRIFT_GUARD_90,0.9,0.951281331718,NO_2023_FEEDBACK_AVAILABLE_CARRY_FORWARD_2022_DRIFT_STATE,2024,G+E_T1,T1_30DAP,SUPPORTED_FROZEN_B5_GENOME,SUPPORTED_T1_CONTEXT,False,False,9.177683033,True,True,8.703414823149998,True,10.282458720960001
B14A/OH43,INH1_2024,9.98809242249,1.14156257655,0.242647058824,0.978382695937,WITHIN_TRAINING_NN_ENVELOPE,RETAIN_SUPPORTED,4.35170741157,5.14122936049,SUPPORT_GROUP_CHRONOLOGICAL_2016_2021,5.63638501091,14.3397998341,4.846863062,15.129321783,FROZEN_B11_90,ONE_SIDED_CLUSTER_DRIFT_GUARD_90,0.9,0.951281331718,NO_2023_FEEDBACK_AVAILABLE_CARRY_FORWARD_2022_DRIFT_STATE,2024,G+E_T1,T1_30DAP,SUPPORTED_FROZEN_B5_GENOME,SUPPORTED_T1_CONTEXT,False,False,11.00385597,True,True,8.703414823190002,True,10.282458721000001
B37/H95,INH1_2024,10.3509883881,1.14156257655,0.242647058824,0.978382695937,WITHIN_TRAINING_NN_ENVELOPE,RETAIN_SUPPORTED,4.35170741157,5.14122936049,SUPPORT_GROUP_CHRONOLOGICAL_2016_2021,5.99928097649,14.7026957996,5.20975902758,15.4922177485,FROZEN_B11_90,ONE_SIDED_CLUSTER_DRIFT_GUARD_90,0.9,0.951281331718,NO_2023_FEEDBACK_AVAILABLE_CARRY_FORWARD_2022_DRIFT_STATE,2024,G+E_T1,T1_30DAP,SUPPORTED_FROZEN_B5_GENOME,SUPPORTED_T1_CONTEXT,False,False,9.965869749,True,True,8.703414823110002,True,10.282458720920001
B73/MO17,INH1_2024,10.6514778137,1.14156257655,0.242647058824,0.978382695937,WITHIN_TRAINING_NN_ENVELOPE,RETAIN_SUPPORTED,4.35170741157,5.14122936049,SUPPORT_GROUP_CHRONOLOGICAL_2016_2021,6.29977040215,15.0031852253,5.51024845323,15.7927071742,FROZEN_B11_90,ONE_SIDED_CLUSTER_DRIFT_GUARD_90,0.9,0.951281331718,NO_2023_FEEDBACK_AVAILABLE_CARRY_FORWARD_2022_DRIFT_STATE,2024,G+E_T1,T1_30DAP,SUPPORTED_FROZEN_B5_GENOME,SUPPORTED_T1_CONTEXT,False,False,11.71644056,True,True,8.703414823149998,True,10.28245872097
B73/PHN82,INH1_2024,11.9365959167,1.14156257655,0.242647058824,0.978382695937,WITHIN_TRAINING_NN_ENVELOPE,RETAIN_SUPPORTED,4.35170741157,5.14122936049,SUPPORT_GROUP_CHRONOLOGICAL_2016_2021,7.58488850518,16.2883033283,6.79536655626,17.0778252772,FROZEN_B11_90,ONE_SIDED_CLUSTER_DRIFT_GUARD_90,0.9,0.951281331718,NO_2023_FEEDBACK_AVAILABLE_CARRY_FORWARD_2022_DRIFT_STATE,2024,G+E_T1,T1_30DAP,SUPPORTED_FROZEN_B5_GENOME,SUPPORTED_T1_CONTEXT,False,False,13.21055576,True,True,8.70341482312,True,10.28245872094
CG119/CG108,INH1_2024,10.1487474442,1.14156257655,0.242647058824,0.978382695937,WITHIN_TRAINING_NN_ENVELOPE,RETAIN_SUPPORTED,4.35170741157,5.14122936049,SUPPORT_GROUP_CHRONOLOGICAL_2016_2021,5.79704003258,14.5004548557,5.00751808367,15.2899768046,FROZEN_B11_90,ONE_SIDED_CLUSTER_DRIFT_GUARD_90,0.9,0.951281331718,NO_2023_FEEDBACK_AVAILABLE_CARRY_FORWARD_2022_DRIFT_STATE,2024,G+E_T1,T1_30DAP,SUPPORTED_FROZEN_B5_GENOME,SUPPORTED_T1_CONTEXT,False,False,5.909875748,True,True,8.70341482312,True,10.28245872093
CG44/CGR01,INH1_2024,10.5154724121,1.14156257655,0.242647058824,0.978382695937,WITHIN_TRAINING_NN_ENVELOPE,RETAIN_SUPPORTED,4.35170741157,5.14122936049,SUPPORT_GROUP_CHRONOLOGICAL_2016_2021,6.16376500054,14.8671798237,5.37424305162,15.6567017726,FROZEN_B11_90,ONE_SIDED_CLUSTER_DRIFT_GUARD_90,0.9,0.951281331718,NO_2023_FEEDBACK_AVAILABLE_CARRY_FORWARD_2022_DRIFT_STATE,2024,G+E_T1,T1_30DAP,SUPPORTED_FROZEN_B5_GENOME,SUPPORTED_T1_CONTEXT,False,False,6.695193536,True,True,8.703414823160001,True,10.28245872098
LH132/PHP02,INH1_2024,11.9875974655,1.14156257655,0.242647058824,0.978382695937,WITHIN_TRAINING_NN_ENVELOPE,RETAIN_SUPPORTED,4.35170741157,5.14122936049,SUPPORT_GROUP_CHRONOLOGICAL_2016_2021,7.63589005394,16.3393048771,6.84636810503,17.128826826,FROZEN_B11_90,ONE_SIDED_CLUSTER_DRIFT_GUARD_90,0.9,0.951281331718,NO_2023_FEEDBACK_AVAILABLE_CARRY_FORWARD_2022_DRIFT_STATE,2024,G+E_T1,T1_30DAP,SUPPORTED_FROZEN_B5_GENOME,SUPPORTED_T1_CONTEXT,False,False,12.59331324,True,True,8.70341482316,True,10.282458720970002
LH195/PHP02,INH1_2024,11.9694776535,1.14156257655,0.242647058824,0.978382695937,WITHIN_TRAINING_NN_ENVELOPE,RETAIN_SUPPORTED,4.35170741157,5.14122936049,SUPPORT_GROUP_CHRONOLOGICAL_2016_2021,7.61777024193,16.3211850651,6.82824829302,17.110707014,FROZEN_B11_90,ONE_SIDED_CLUSTER_DRIFT_GUARD_90,0.9,0.951281331718,NO_2023_FEEDBACK_AVAILABLE_CARRY_FORWARD_2022_DRIFT_STATE,2024,G+E_T1,T1_30DAP,SUPPORTED_FROZEN_B5_GENOME,SUPPORTED_T1_CONTEXT,False,False,12.76183462,True,True,8.70341482317,True,10.28245872098
LH195/PHZ51,INH1_2024,10.729095459,1.14156257655,0.242647058824,0.978382695937,WITHIN_TRAINING_NN_ENVELOPE,RETAIN_SUPPORTED,4.35170741157,5.14122936049,SUPPORT_GROUP_CHRONOLOGICAL_2016_2021,6.37738804741,15.0808028706,5.5878660985,15.8703248195,FROZEN_B11_90,ONE_SIDED_CLUSTER_DRIFT_GUARD_90,0.9,0.951281331718,NO_2023_FEEDBACK_AVAILABLE_CARRY_FORWARD_2022_DRIFT_STATE,2024,G+E_T1,T1_30DAP,SUPPORTED_FROZEN_B5_GENOME,SUPPORTED_T1_CONTEXT,False,False,10.76498574,True,True,8.703414823189998,True,10.282458721000001
PHB47/PHN82,INH1_2024,10.9938631058,1.14156257655,0.242647058824,0.978382695937,WITHIN_TRAINING_NN_ENVELOPE,RETAIN_SUPPORTED,4.35170741157,5.14122936049,SUPPORT_GROUP_CHRONOLOGICAL_2016_2021,6.6421556942,15.3455705173,5.85263374529,16.1350924663,FROZEN_B11_90,ONE_SIDED_CLUSTER_DRIFT_GUARD_90,0.9,0.951281331718,NO_2023_FEEDBACK_AVAILABLE_CARRY_FORWARD_2022_DRIFT_STATE,2024,G+E_T1,T1_30DAP,SUPPORTED_FROZEN_B5_GENOME,SUPPORTED_T1_CONTEXT,False,False,13.85850707,True,True,8.703414823100001,True,10.282458721010002
PHB47/PHZ51,INH1_2024,9.92550086975,1.14156257655,0.242647058824,0.978382695937,WITHIN_TRAINING_NN_ENVELOPE,RETAIN_SUPPORTED,4.35170741157,5.14122936049,SUPPORT_GROUP_CHRONOLOGICAL_2016_2021,5.57379345818,14.2772082813,4.78427150927,15.0667302302,FROZEN_B11_90,ONE_SIDED_CLUSTER_DRIFT_GUARD_90,0.9,0.951281331718,NO_2023_FEEDBACK_AVAILABLE_CARRY_FORWARD_2022_DRIFT_STATE,2024,G+E_T1,T1_30DAP,SUPPORTED_FROZEN_B5_GENOME,SUPPORTED_T1_CONTEXT,False,False,12.44994066,True,True,8.70341482312,True,10.282458720929998
PHG29/PHG47,INH1_2024,10.9030218124,1.14156257655,0.242647058824,0.978382695937,WITHIN_TRAINING_NN_ENVELOPE,RETAIN_SUPPORTED,4.35170741157,5.14122936049,SUPPORT_GROUP_CHRONOLOGICAL_2016_2021,6.55131440087,15.254729224,5.76179245195,16.0442511729,FROZEN_B11_90,ONE_SIDED_CLUSTER_DRIFT_GUARD_90,0.9,0.951281331718,NO_2023_FEEDBACK_AVAILABLE_CARRY_FORWARD_2022_DRIFT_STATE,2024,G+E_T1,T1_30DAP,SUPPORTED_FROZEN_B5_GENOME,SUPPORTED_T1_CONTEXT,False,False,9.988095854,True,True,8.70341482313,True,10.28245872095
PHG39/PHN82,INH1_2024,11.4886646271,1.14156257655,0.242647058824,0.978382695937,WITHIN_TRAINING_NN_ENVELOPE,RETAIN_SUPPORTED,4.35170741157,5.14122936049,SUPPORT_GROUP_CHRONOLOGICAL_2016_2021,7.1369572155,15.8403720386,6.34743526659,16.6298939876,FROZEN_B11_90,ONE_SIDED_CLUSTER_DRIFT_GUARD_90,0.9,0.951281331718,NO_2023_FEEDBACK_AVAILABLE_CARRY_FORWARD_2022_DRIFT_STATE,2024,G+E_T1,T1_30DAP,SUPPORTED_FROZEN_B5_GENOME,SUPPORTED_T1_CONTEXT,False,False,12.36009678,True,True,8.703414823100001,True,10.282458721009998
PHJ40/PHAJ0,INH1_2024,10.7075281143,1.14156257655,0.242647058824,0.978382695937,WITHIN_TRAINING_NN_ENVELOPE,RETAIN_SUPPORTED,4.35170741157,5.14122936049,SUPPORT_GROUP_CHRONOLOGICAL_2016_2021,6.35582070275,15.0592355259,5.56629875383,15.8487574748,FROZEN_B11_90,ONE_SIDED_CLUSTER_DRIFT_GUARD_90,0.9,0.951281331718,NO_2023_FEEDBACK_AVAILABLE_CARRY_FORWARD_2022_DRIFT_STATE,2024,G+E_T1,T1_30DAP,SUPPORTED_FROZEN_B5_GENOME,SUPPORTED_T1_CONTEXT,False,False,6.761648508,True,True,8.70341482315,True,10.282458720969998
PHRE1/PHTD5,INH1_2024,11.1222343445,1.14156257655,0.242647058824,0.978382695937,WITHIN_TRAINING_NN_ENVELOPE,RETAIN_SUPPORTED,4.35170741157,5.14122936049,SUPPORT_GROUP_CHRONOLOGICAL_2016_2021,6.77052693291,15.4739417561,5.981004984,16.263463705,FROZEN_B11_90,ONE_SIDED_CLUSTER_DRIFT_GUARD_90,0.9,0.951281331718,NO_2023_FEEDBACK_AVAILABLE_CARRY_FORWARD_2022_DRIFT_STATE,2024,G+E_T1,T1_30DAP,SUPPORTED_FROZEN_B5_GENOME,SUPPORTED_T1_CONTEXT,False,False,9.173733494,True,True,8.70341482319,True,10.282458721
PHW52/PHM49,INH1_2024,11.2329645157,1.14156257655,0.242647058824,0.978382695937,WITHIN_TRAINING_NN_ENVELOPE,RETAIN_SUPPORTED,4.35170741157,5.14122936049,SUPPORT_GROUP_CHRONOLOGICAL_2016_2021,6.88125710411,15.5846719273,6.0917351552,16.3741938762,FROZEN_B11_90,ONE_SIDED_CLUSTER_DRIFT_GUARD_90,0.9,0.951281331718,NO_2023_FEEDBACK_AVAILABLE_CARRY_FORWARD_2022_DRIFT_STATE,2024,G+E_T1,T1_30DAP,SUPPORTED_FROZEN_B5_GENOME,SUPPORTED_T1_CONTEXT,False,False,13.05613628,True,True,8.70341482319,True,10.282458721
TX777/LH195,INH1_2024,10.8492221832,1.14156257655,0.242647058824,0.978382695937,WITHIN_TRAINING_NN_ENVELOPE,RETAIN_SUPPORTED,4.35170741157,5.14122936049,SUPPORT_GROUP_CHRONOLOGICAL_2016_2021,6.49751477166,15.2009295948,5.70799282274,15.9904515437,FROZEN_B11_90,ONE_SIDED_CLUSTER_DRIFT_GUARD_90,0.9,0.951281331718,NO_2023_FEEDBACK_AVAILABLE_CARRY_FORWARD_2022_DRIFT_STATE,2024,G+E_T1,T1_30DAP,SUPPORTED_FROZEN_B5_GENOME,SUPPORTED_T1_CONTEXT,False,False,7.896428941,True,True,8.703414823140001,True,10.282458720960001
W10004_0031/PHP02,INH1_2024,12.1494855881,1.14156257655,0.242647058824,0.978382695937,WITHIN_TRAINING_NN_ENVELOPE,RETAIN_SUPPORTED,4.35170741157,5.14122936049,SUPPORT_GROUP_CHRONOLOGICAL_2016_2021,7.7977781765,16.5011929996,7.00825622759,17.2907149486,FROZEN_B11_90,ONE_SIDED_CLUSTER_DRIFT_GUARD_90,0.9,0.951281331718,NO_2023_FEEDBACK_AVAILABLE_CARRY_FORWARD_2022_DRIFT_STATE,2024,G+E_T1,T1_30DAP,SUPPORTED_FROZEN_B5_GENOME,SUPPORTED_T1_CONTEXT,False,False,8.155292267,True,True,8.703414823100001,True,10.282458721010002
W10004_0062/PHP02,INH1_2024,11.1052217484,1.14156257655,0.242647058824,0.978382695937,WITHIN_TRAINING_NN_ENVELOPE,RETAIN_SUPPORTED,4.35170741157,5.14122936049,SUPPORT_GROUP_CHRONOLOGICAL_2016_2021,6.75351433678,15.4569291599,5.96399238787,16.2464511088,FROZEN_B11_90,ONE_SIDED_CLUSTER_DRIFT_GUARD_90,0.9,0.951281331718,NO_2023_FEEDBACK_AVAILABLE_CARRY_FORWARD_2022_DRIFT_STATE,2024,G+E_T1,T1_30DAP,SUPPORTED_FROZEN_B5_GENOME,SUPPORTED_T1_CONTEXT,False,False,10.63759942,True,True,8.70341482312,True,10.282458720929998
W10004_0133/PHP02,INH1_2024,11.6772174835,1.14156257655,0.242647058824,0.978382695937,WITHIN_TRAINING_NN_ENVELOPE,RETAIN_SUPPORTED,4.35170741157,5.14122936049,SUPPORT_GROUP_CHRONOLOGICAL_2016_2021,7.32551007195,16.0289248951,6.53598812303,16.818446844,FROZEN_B11_90,ONE_SIDED_CLUSTER_DRIFT_GUARD_90,0.9,0.951281331718,NO_2023_FEEDBACK_AVAILABLE_CARRY_FORWARD_2022_DRIFT_STATE,2024,G+E_T1,T1_30DAP,SUPPORTED_FROZEN_B5_GENOME,SUPPORTED_T1_CONTEXT,False,False,9.972093974,True,True,8.703414823150002,True,10.28245872097
W10004_0160/PHP02,INH1_2024,12.458439827,1.14156257655,0.242647058824,0.978382695937,WITHIN_TRAINING_NN_ENVELOPE,RETAIN_SUPPORTED,4.35170741157,5.14122936049,SUPPORT_GROUP_CHRONOLOGICAL_2016_2021,8.10673241539,16.8101472385,7.31721046648,17.5996691875,FROZEN_B11_90,ONE_SIDED_CLUSTER_DRIFT_GUARD_90,0.9,0.951281331718,NO_2023_FEEDBACK_AVAILABLE_CARRY_FORWARD_2022_DRIFT_STATE,2024,G+E_T1,T1_30DAP,SUPPORTED_FROZEN_B5_GENOME,SUPPORTED_T1_CONTEXT,False,False,11.7524261,True,True,8.70341482311,True,10.282458721020003
W10004_0168/PHP02,INH1_2024,11.921163559,1.14156257655,0.242647058824,0.978382695937,WITHIN_TRAINING_NN_ENVELOPE,RETAIN_SUPPORTED,4.35170741157,5.14122936049,SUPPORT_GROUP_CHRONOLOGICAL_2016_2021,7.56945614739,16.2728709705,6.77993419847,17.0623929194,FROZEN_B11_90,ONE_SIDED_CLUSTER_DRIFT_GUARD_90,0.9,0.951281331718,NO_2023_FEEDBACK_AVAILABLE_CARRY_FORWARD_2022_DRIFT_STATE,2024,G+E_T1,T1_30DAP,SUPPORTED_FROZEN_B5_GENOME,SUPPORTED_T1_CONTEXT,False,False,13.54284944,True,True,8.703414823110002,True,10.28245872093
W10004_0258/PHP02,INH1_2024,11.5768051147,1.14156257655,0.242647058824,0.978382695937,WITHIN_TRAINING_NN_ENVELOPE,RETAIN_SUPPORTED,4.35170741157,5.14122936049,SUPPORT_GROUP_CHRONOLOGICAL_2016_2021,7.22509770317,15.9285125263,6.43557575426,16.7180344752,FROZEN_B11_90,ONE_SIDED_CLUSTER_DRIFT_GUARD_90,0.9,0.951281331718,NO_2023_FEEDBACK_AVAILABLE_CARRY_FORWARD_2022_DRIFT_STATE,2024,G+E_T1,T1_30DAP,SUPPORTED_FROZEN_B5_GENOME,SUPPORTED_T1_CONTEXT,False,False,11.93652528,True,True,8.70341482313,True,10.28245872094
W10004_0311/PHP02,INH1_2024,11.7487859726,1.14156257655,0.242647058824,0.978382695937,WITHIN_TRAINING_NN_ENVELOPE,RETAIN_SUPPORTED,4.35170741157,5.14122936049,SUPPORT_GROUP_CHRONOLOGICAL_2016_2021,7.39707856102,16.1004933842,6.60755661211,16.8900153331,FROZEN_B11_90,ONE_SIDED_CLUSTER_DRIFT_GUARD_90,0.9,0.951281331718,NO_2023_FEEDBACK_AVAILABLE_CARRY_FORWARD_2022_DRIFT_STATE,2024,G+E_T1,T1_30DAP,SUPPORTED_FROZEN_B5_GENOME,SUPPORTED_T1_CONTEXT,False,False,9.649480177,True,True,8.703414823180001,True,10.28245872099
W10004_0389/PHP02,INH1_2024,11.9794816971,1.14156257655,0.242647058824,0.978382695937,WITHIN_TRAINING_NN_ENVELOPE,RETAIN_SUPPORTED,4.35170741157,5.14122936049,SUPPORT_GROUP_CHRONOLOGICAL_2016_2021,7.62777428551,16.3311891087,6.8382523366,17.1207110576,FROZEN_B11_90,ONE_SIDED_CLUSTER_DRIFT_GUARD_90,0.9,0.951281331718,NO_2023_FEEDBACK_AVAILABLE_CARRY_FORWARD_2022_DRIFT_STATE,2024,G+E_T1,T1_30DAP,SUPPORTED_FROZEN_B5_GENOME,SUPPORTED_T1_CONTEXT,False,False,11.08686762,True,True,8.703414823189998,True,10.282458721000001
W10004_0412/PHP02,INH1_2024,11.5442895889,1.14156257655,0.242647058824,0.978382695937,WITHIN_TRAINING_NN_ENVELOPE,RETAIN_SUPPORTED,4.35170741157,5.14122936049,SUPPORT_GROUP_CHRONOLOGICAL_2016_2021,7.19258217736,15.8959970005,6.40306022844,16.6855189494,FROZEN_B11_90,ONE_SIDED_CLUSTER_DRIFT_GUARD_90,0.9,0.951281331718,NO_2023_FEEDBACK_AVAILABLE_CARRY_FORWARD_2022_DRIFT_STATE,2024,G+E_T1,T1_30DAP,SUPPORTED_FROZEN_B5_GENOME,SUPPORTED_T1_CONTEXT,False,False,10.20276805,True,True,8.70341482314,True,10.282458720959998
W10004_0476/PHP02,INH1_2024,11.7925777435,1.14156257655,0.242647058824,0.978382695937,WITHIN_TRAINING_NN_ENVELOPE,RETAIN_SUPPORTED,4.35170741157,5.14122936049,SUPPORT_GROUP_CHRONOLOGICAL_2016_2021,7.44087033196,16.1442851551,6.65134838304,16.933807104,FROZEN_B11_90,ONE_SIDED_CLUSTER_DRIFT_GUARD_90,0.9,0.951281331718,NO_2023_FEEDBACK_AVAILABLE_CARRY_FORWARD_2022_DRIFT_STATE,2024,G+E_T1,T1_30DAP,SUPPORTED_FROZEN_B5_GENOME,SUPPORTED_T1_CONTEXT,False,False,11.23777342,True,True,8.703414823140001,True,10.28245872096
W10004_0601/PHP02,INH1_2024,11.7433385849,1.14156257655,0.242647058824,0.978382695937,WITHIN_TRAINING_NN_ENVELOPE,RETAIN_SUPPORTED,4.35170741157,5.14122936049,SUPPORT_GROUP_CHRONOLOGICAL_2016_2021,7.39163117333,16.0950459965,6.60210922441,16.8845679454,FROZEN_B11_90,ONE_SIDED_CLUSTER_DRIFT_GUARD_90,0.9,0.951281331718,NO_2023_FEEDBACK_AVAILABLE_CARRY_FORWARD_2022_DRIFT_STATE,2024,G+E_T1,T1_30DAP,SUPPORTED_FROZEN_B5_GENOME,SUPPORTED_T1_CONTEXT,False,False,12.98538632,True,True,8.70341482317,True,10.28245872099
W10004_0608/PHP02,INH1_2024,12.1724376678,1.14156257655,0.242647058824,0.978382695937,WITHIN_TRAINING_NN_ENVELOPE,RETAIN_SUPPORTED,4.35170741157,5.14122936049,SUPPORT_GROUP_CHRONOLOGICAL_2016_2021,7.82073025627,16.5241450794,7.03120830736,17.3136670283,FROZEN_B11_90,ONE_SIDED_CLUSTER_DRIFT_GUARD_90,0.9,0.951281331718,NO_2023_FEEDBACK_AVAILABLE_CARRY_FORWARD_2022_DRIFT_STATE,2024,G+E_T1,T1_30DAP,SUPPORTED_FROZEN_B5_GENOME,SUPPORTED_T1_CONTEXT,False,False,10.81084725,True,True,8.70341482313,True,10.28245872094
W10004_0637/PHP02,INH1_2024,11.6332950592,1.14156257655,0.242647058824,0.978382695937,WITHIN_TRAINING_NN_ENVELOPE,RETAIN_SUPPORTED,4.35170741157,5.14122936049,SUPPORT_GROUP_CHRONOLOGICAL_2016_2021,7.28158764763,15.9850024708,6.49206569872,16.7745244197,FROZEN_B11_90,ONE_SIDED_CLUSTER_DRIFT_GUARD_90,0.9,0.951281331718,NO_2023_FEEDBACK_AVAILABLE_CARRY_FORWARD_2022_DRIFT_STATE,2024,G+E_T1,T1_30DAP,SUPPORTED_FROZEN_B5_GENOME,SUPPORTED_T1_CONTEXT,False,False,10.55252731,True,True,8.70341482317,True,10.28245872098
W10004_0658/PHP02,INH1_2024,11.9562072754,1.14156257655,0.242647058824,0.978382695937,WITHIN_TRAINING_NN_ENVELOPE,RETAIN_SUPPORTED,4.35170741157,5.14122936049,SUPPORT_GROUP_CHRONOLOGICAL_2016_2021,7.60449986382,16.307914687,6.8149779149,17.0974366359,FROZEN_B11_90,ONE_SIDED_CLUSTER_DRIFT_GUARD_90,0.9,0.951281331718,NO_2023_FEEDBACK_AVAILABLE_CARRY_FORWARD_2022_DRIFT_STATE,2024,G+E_T1,T1_30DAP,SUPPORTED_FROZEN_B5_GENOME,SUPPORTED_T1_CONTEXT,False,False,12.94416984,True,True,8.703414823180001,True,10.282458721
W10004_0714/PHP02,INH1_2024,11.8380908966,1.14156257655,0.242647058824,0.978382695937,WITHIN_TRAINING_NN_ENVELOPE,RETAIN_SUPPORTED,4.35170741157,5.14122936049,SUPPORT_GROUP_CHRONOLOGICAL_2016_2021,7.48638348503,16.1897983082,6.69686153612,16.9793202571,FROZEN_B11_90,ONE_SIDED_CLUSTER_DRIFT_GUARD_90,0.9,0.951281331718,NO_2023_FEEDBACK_AVAILABLE_CARRY_FORWARD_2022_DRIFT_STATE,2024,G+E_T1,T1_30DAP,SUPPORTED_FROZEN_B5_GENOME,SUPPORTED_T1_CONTEXT,False,False,8.167694868,True,True,8.70341482317,True,10.28245872098
W10004_0715/PHP02,INH1_2024,11.866355896,1.14156257655,0.242647058824,0.978382695937,WITHIN_TRAINING_NN_ENVELOPE,RETAIN_SUPPORTED,4.35170741157,5.14122936049,SUPPORT_GROUP_CHRONOLOGICAL_2016_2021,7.51464848442,16.2180633076,6.72512653551,17.0075852565,FROZEN_B11_90,ONE_SIDED_CLUSTER_DRIFT_GUARD_90,0.9,0.951281331718,NO_2023_FEEDBACK_AVAILABLE_CARRY_FORWARD_2022_DRIFT_STATE,2024,G+E_T1,T1_30DAP,SUPPORTED_FROZEN_B5_GENOME,SUPPORTED_T1_CONTEXT,False,False,11.18514001,True,True,8.703414823180001,True,10.28245872099
W10004_0776/PHP02,INH1_2024,11.6985454559,1.14156257655,0.242647058824,0.978382695937,WITHIN_TRAINING_NN_ENVELOPE,RETAIN_SUPPORTED,4.35170741157,5.14122936049,SUPPORT_GROUP_CHRONOLOGICAL_2016_2021,7.34683804436,16.0502528675,6.55731609545,16.8397748164,FROZEN_B11_90,ONE_SIDED_CLUSTER_DRIFT_GUARD_90,0.9,0.951281331718,NO_2023_FEEDBACK_AVAILABLE_CARRY_FORWARD_2022_DRIFT_STATE,2024,G+E_T1,T1_30DAP,SUPPORTED_FROZEN_B5_GENOME,SUPPORTED_T1_CONTEXT,False,False,12.09673831,True,True,8.70341482314,True,10.282458720949998
W10004_0822/PHP02,INH1_2024,11.9360084534,1.14156257655,0.242647058824,0.978382695937,WITHIN_TRAINING_NN_ENVELOPE,RETAIN_SUPPORTED,4.35170741157,5.14122936049,SUPPORT_GROUP_CHRONOLOGICAL_2016_2021,7.5843010418,16.2877158649,6.79477909288,17.0772378139,FROZEN_B11_90,ONE_SIDED_CLUSTER_DRIFT_GUARD_90,0.9,0.951281331718,NO_2023_FEEDBACK_AVAILABLE_CARRY_FORWARD_2022_DRIFT_STATE,2024,G+E_T1,T1_30DAP,SUPPORTED_FROZEN_B5_GENOME,SUPPORTED_T1_CONTEXT,False,False,9.953011729,True,True,8.703414823100001,True,10.28245872102
W10004_0858/PHP02,INH1_2024,11.7393417358,1.14156257655,0.242647058824,0.978382695937,WITHIN_TRAINING_NN_ENVELOPE,RETAIN_SUPPORTED,4.35170741157,5.14122936049,SUPPORT_GROUP_CHRONOLOGICAL_2016_2021,7.38763432427,16.0910491474,6.59811237535,16.8805710963,FROZEN_B11_90,ONE_SIDED_CLUSTER_DRIFT_GUARD_90,0.9,0.951281331718,NO_2023_FEEDBACK_AVAILABLE_CARRY_FORWARD_2022_DRIFT_STATE,2024,G+E_T1,T1_30DAP,SUPPORTED_FROZEN_B5_GENOME,SUPPORTED_T1_CONTEXT,False,False,10.56978072,True,True,8.70341482313,True,10.282458720949998
W10004_0859/PHP02,INH1_2024,11.9890708923,1.14156257655,0.242647058824,0.978382695937,WITHIN_TRAINING_NN_ENVELOPE,RETAIN_SUPPORTED,4.35170741157,5.14122936049,SUPPORT_GROUP_CHRONOLOGICAL_2016_2021,7.63736348076,16.3407783039,6.84784153185,17.1303002528,FROZEN_B11_90,ONE_SIDED_CLUSTER_DRIFT_GUARD_90,0.9,0.951281331718,NO_2023_FEEDBACK_AVAILABLE_CARRY_FORWARD_2022_DRIFT_STATE,2024,G+E_T1,T1_30DAP,SUPPORTED_FROZEN_B5_GENOME,SUPPORTED_T1_CONTEXT,False,False,13.64678514,True,True,8.703414823139997,True,10.28245872095
W10004_0949/PHP02,INH1_2024,12.0594892502,1.14156257655,0.242647058824,0.978382695937,WITHIN_TRAINING_NN_ENVELOPE,RETAIN_SUPPORTED,4.35170741157,5.14122936049,SUPPORT_GROUP_CHRONOLOGICAL_2016_2021,7.70778183861,16.4111966618,6.9182598897,17.2007186107,FROZEN_B11_90,ONE_SIDED_CLUSTER_DRIFT_GUARD_90,0.9,0.951281331718,NO_2023_FEEDBACK_AVAILABLE_CARRY_FORWARD_2022_DRIFT_STATE,2024,G+E_T1,T1_30DAP,SUPPORTED_FROZEN_B5_GENOME,SUPPORTED_T1_CONTEXT,False,False,11.25632473,True,True,8.703414823189998,True,10.282458721000001
W10004_0969/PHP02,INH1_2024,11.735701561,1.14156257655,0.242647058824,0.978382695937,WITHIN_TRAINING_NN_ENVELOPE,RETAIN_SUPPORTED,4.35170741157,5.14122936049,SUPPORT_GROUP_CHRONOLOGICAL_2016_2021,7.3839941494,16.0874089725,6.59447220049,16.8769309215,FROZEN_B11_90,ONE_SIDED_CLUSTER_DRIFT_GUARD_90,0.9,0.951281331718,NO_2023_FEEDBACK_AVAILABLE_CARRY_FORWARD_2022_DRIFT_STATE,2024,G+E_T1,T1_30DAP,SUPPORTED_FROZEN_B5_GENOME,SUPPORTED_T1_CONTEXT,False,False,12.44994071,True,True,8.703414823100001,True,10.282458721010002
W10004_1018/PHP02,INH1_2024,12.1090946198,1.14156257655,0.242647058824,0.978382695937,WITHIN_TRAINING_NN_ENVELOPE,RETAIN_SUPPORTED,4.35170741157,5.14122936049,SUPPORT_GROUP_CHRONOLOGICAL_2016_2021,7.75738720818,16.4608020313,6.96786525927,17.2503239802,FROZEN_B11_90,ONE_SIDED_CLUSTER_DRIFT_GUARD_90,0.9,0.951281331718,NO_2023_FEEDBACK_AVAILABLE_CARRY_FORWARD_2022_DRIFT_STATE,2024,G+E_T1,T1_30DAP,SUPPORTED_FROZEN_B5_GENOME,SUPPORTED_T1_CONTEXT,False,False,11.54171278,True,True,8.70341482312,True,10.282458720930002
W10004_1032/PHP02,INH1_2024,11.9272003174,1.14156257655,0.242647058824,0.978382695937,WITHIN_TRAINING_NN_ENVELOPE,RETAIN_SUPPORTED,4.35170741157,5.14122936049,SUPPORT_GROUP_CHRONOLOGICAL_2016_2021,7.57549290581,16.278907729,6.7859709569,17.0684296779,FROZEN_B11_90,ONE_SIDED_CLUSTER_DRIFT_GUARD_90,0.9,0.951281331718,NO_2023_FEEDBACK_AVAILABLE_CARRY_FORWARD_2022_DRIFT_STATE,2024,G+E_T1,T1_30DAP,SUPPORTED_FROZEN_B5_GENOME,SUPPORTED_T1_CONTEXT,False,False,11.1238231,True,True,8.70341482319,True,10.282458721
B14A/OH43,MIH1_2024,8.78626060486,1.61883671258,0.330882352941,0.957003135916,WITHIN_TRAINING_NN_ENVELOPE,RETAIN_SUPPORTED,4.35170741157,5.14122936049,SUPPORT_GROUP_CHRONOLOGICAL_2016_2021,4.43455319329,13.1379680164,3.64503124437,13.9274899653,FROZEN_B11_90,ONE_SIDED_CLUSTER_DRIFT_GUARD_90,0.9,0.951281331718,NO_2023_FEEDBACK_AVAILABLE_CARRY_FORWARD_2022_DRIFT_STATE,2024,G+E_T1,T1_30DAP,SUPPORTED_FROZEN_B5_GENOME,SUPPORTED_T1_CONTEXT,False,False,11.43824979,True,True,8.70341482311,True,10.282458720929998
B37/H95,MIH1_2024,9.14915657043,1.61883671258,0.330882352941,0.957003135916,WITHIN_TRAINING_NN_ENVELOPE,RETAIN_SUPPORTED,4.35170741157,5.14122936049,SUPPORT_GROUP_CHRONOLOGICAL_2016_2021,4.79744915886,13.500863982,4.00792720995,14.2903859309,FROZEN_B11_90,ONE_SIDED_CLUSTER_DRIFT_GUARD_90,0.9,0.951281331718,NO_2023_FEEDBACK_AVAILABLE_CARRY_FORWARD_2022_DRIFT_STATE,2024,G+E_T1,T1_30DAP,SUPPORTED_FROZEN_B5_GENOME,SUPPORTED_T1_CONTEXT,False,False,10.85243346,True,True,8.703414823140001,True,10.28245872095
B73/MO17,MIH1_2024,9.44964599609,1.61883671258,0.330882352941,0.957003135916,WITHIN_TRAINING_NN_ENVELOPE,RETAIN_SUPPORTED,4.35170741157,5.14122936049,SUPPORT_GROUP_CHRONOLOGICAL_2016_2021,5.09793858452,13.8013534077,4.30841663561,14.5908753566,FROZEN_B11_90,ONE_SIDED_CLUSTER_DRIFT_GUARD_90,0.9,0.951281331718,NO_2023_FEEDBACK_AVAILABLE_CARRY_FORWARD_2022_DRIFT_STATE,2024,G+E_T1,T1_30DAP,SUPPORTED_FROZEN_B5_GENOME,SUPPORTED_T1_CONTEXT,False,False,14.1920936,True,False,16.518218669179987,True,10.28245872099
B73/PHN82,MIH1_2024,10.7347640991,1.61883671258,0.330882352941,0.957003135916,WITHIN_TRAINING_NN_ENVELOPE,RETAIN_SUPPORTED,4.35170741157,5.14122936049,SUPPORT_GROUP_CHRONOLOGICAL_2016_2021,6.38305668755,15.0864715107,5.59353473864,15.8759934596,FROZEN_B11_90,ONE_SIDED_CLUSTER_DRIFT_GUARD_90,0.9,0.951281331718,NO_2023_FEEDBACK_AVAILABLE_CARRY_FORWARD_2022_DRIFT_STATE,2024,G+E_T1,T1_30DAP,SUPPORTED_FROZEN_B5_GENOME,SUPPORTED_T1_CONTEXT,False,False,14.85141532,True,True,8.703414823149998,True,10.282458720960001
B73/TX779,MIH1_2024,9.67816448212,1.61883671258,0.330882352941,0.957003135916,WITHIN_TRAINING_NN_ENVELOPE,RETAIN_SUPPORTED,4.35170741157,5.14122936049,SUPPORT_GROUP_CHRONOLOGICAL_2016_2021,5.32645707054,14.0298718937,4.53693512163,14.8193938426,FROZEN_B11_90,ONE_SIDED_CLUSTER_DRIFT_GUARD_90,0.9,0.951281331718,NO_2023_FEEDBACK_AVAILABLE_CARRY_FORWARD_2022_DRIFT_STATE,2024,G+E_T1,T1_30DAP,SUPPORTED_FROZEN_B5_GENOME,SUPPORTED_T1_CONTEXT,False,False,2.89722164,True,False,57.28812343396001,False,43.076728353570005
CG119/CG108,MIH1_2024,8.94691562653,1.61883671258,0.330882352941,0.957003135916,WITHIN_TRAINING_NN_ENVELOPE,RETAIN_SUPPORTED,4.35170741157,5.14122936049,SUPPORT_GROUP_CHRONOLOGICAL_2016_2021,4.59520821495,13.2986230381,3.80568626604,14.088144987,FROZEN_B11_90,ONE_SIDED_CLUSTER_DRIFT_GUARD_90,0.9,0.951281331718,NO_2023_FEEDBACK_AVAILABLE_CARRY_FORWARD_2022_DRIFT_STATE,2024,G+E_T1,T1_30DAP,SUPPORTED_FROZEN_B5_GENOME,SUPPORTED_T1_CONTEXT,False,False,6.484683676,True,True,8.70341482315,True,10.28245872096
CG44/CGR01,MIH1_2024,9.31364059448,1.61883671258,0.330882352941,0.957003135916,WITHIN_TRAINING_NN_ENVELOPE,RETAIN_SUPPORTED,4.35170741157,5.14122936049,SUPPORT_GROUP_CHRONOLOGICAL_2016_2021,4.96193318291,13.6653480061,4.172411234,14.454869955,FROZEN_B11_90,ONE_SIDED_CLUSTER_DRIFT_GUARD_90,0.9,0.951281331718,NO_2023_FEEDBACK_AVAILABLE_CARRY_FORWARD_2022_DRIFT_STATE,2024,G+E_T1,T1_30DAP,SUPPORTED_FROZEN_B5_GENOME,SUPPORTED_T1_CONTEXT,False,False,9.587431531,True,True,8.70341482319,True,10.282458721
LH132/PHP02,MIH1_2024,10.7857656479,1.61883671258,0.330882352941,0.957003135916,WITHIN_TRAINING_NN_ENVELOPE,RETAIN_SUPPORTED,4.35170741157,5.14122936049,SUPPORT_GROUP_CHRONOLOGICAL_2016_2021,6.43405823632,15.1374730595,5.6445362874,15.9269950084,FROZEN_B11_90,ONE_SIDED_CLUSTER_DRIFT_GUARD_90,0.9,0.951281331718,NO_2023_FEEDBACK_AVAILABLE_CARRY_FORWARD_2022_DRIFT_STATE,2024,G+E_T1,T1_30DAP,SUPPORTED_FROZEN_B5_GENOME,SUPPORTED_T1_CONTEXT,False,False,14.42861715,True,True,8.70341482318,True,10.282458721000001
LH195/PHZ51,MIH1_2024,9.52726364136,1.61883671258,0.330882352941,0.957003135916,WITHIN_TRAINING_NN_ENVELOPE,RETAIN_SUPPORTED,4.35170741157,5.14122936049,SUPPORT_GROUP_CHRONOLOGICAL_2016_2021,5.17555622979,13.8789710529,4.38603428087,14.6684930018,FROZEN_B11_90,ONE_SIDED_CLUSTER_DRIFT_GUARD_90,0.9,0.951281331718,NO_2023_FEEDBACK_AVAILABLE_CARRY_FORWARD_2022_DRIFT_STATE,2024,G+E_T1,T1_30DAP,SUPPORTED_FROZEN_B5_GENOME,SUPPORTED_T1_CONTEXT,False,False,10.50011907,True,True,8.703414823110002,True,10.28245872093
LH244/PHK76,MIH1_2024,10.4812412262,1.61883671258,0.330882352941,0.957003135916,WITHIN_TRAINING_NN_ENVELOPE,RETAIN_SUPPORTED,4.35170741157,5.14122936049,SUPPORT_GROUP_CHRONOLOGICAL_2016_2021,6.12953381462,14.8329486378,5.34001186571,15.6224705867,FROZEN_B11_90,ONE_SIDED_CLUSTER_DRIFT_GUARD_90,0.9,0.951281331718,NO_2023_FEEDBACK_AVAILABLE_CARRY_FORWARD_2022_DRIFT_STATE,2024,G+E_T1,T1_30DAP,SUPPORTED_FROZEN_B5_GENOME,SUPPORTED_T1_CONTEXT,False,False,12.2778537,True,True,8.70341482318,True,10.28245872099
PHB47/PHN82,MIH1_2024,9.79203128815,1.61883671258,0.330882352941,0.957003135916,WITHIN_TRAINING_NN_ENVELOPE,RETAIN_SUPPORTED,4.35170741157,5.14122936049,SUPPORT_GROUP_CHRONOLOGICAL_2016_2021,5.44032387657,14.1437386997,4.65080192766,14.9332606486,FROZEN_B11_90,ONE_SIDED_CLUSTER_DRIFT_GUARD_90,0.9,0.951281331718,NO_2023_FEEDBACK_AVAILABLE_CARRY_FORWARD_2022_DRIFT_STATE,2024,G+E_T1,T1_30DAP,SUPPORTED_FROZEN_B5_GENOME,SUPPORTED_T1_CONTEXT,False,False,12.28440879,True,True,8.70341482313,True,10.28245872094
PHB47/PHZ51,MIH1_2024,8.72366905212,1.61883671258,0.330882352941,0.957003135916,WITHIN_TRAINING_NN_ENVELOPE,RETAIN_SUPPORTED,4.35170741157,5.14122936049,SUPPORT_GROUP_CHRONOLOGICAL_2016_2021,4.37196164055,13.0753764637,3.58243969164,13.8648984126,FROZEN_B11_90,ONE_SIDED_CLUSTER_DRIFT_GUARD_90,0.9,0.951281331718,NO_2023_FEEDBACK_AVAILABLE_CARRY_FORWARD_2022_DRIFT_STATE,2024,G+E_T1,T1_30DAP,SUPPORTED_FROZEN_B5_GENOME,SUPPORTED_T1_CONTEXT,False,False,11.60300396,True,True,8.703414823149998,True,10.282458720960001
PHG29/PHG47,MIH1_2024,9.70118999481,1.61883671258,0.330882352941,0.957003135916,WITHIN_TRAINING_NN_ENVELOPE,RETAIN_SUPPORTED,4.35170741157,5.14122936049,SUPPORT_GROUP_CHRONOLOGICAL_2016_2021,5.34948258324,14.0528974064,4.55996063433,14.8424193553,FROZEN_B11_90,ONE_SIDED_CLUSTER_DRIFT_GUARD_90,0.9,0.951281331718,NO_2023_FEEDBACK_AVAILABLE_CARRY_FORWARD_2022_DRIFT_STATE,2024,G+E_T1,T1_30DAP,SUPPORTED_FROZEN_B5_GENOME,SUPPORTED_T1_CONTEXT,False,False,11.27056616,True,True,8.70341482316,True,10.28245872097
PHG39/PHN82,MIH1_2024,10.2868328094,1.61883671258,0.330882352941,0.957003135916,WITHIN_TRAINING_NN_ENVELOPE,RETAIN_SUPPORTED,4.35170741157,5.14122936049,SUPPORT_GROUP_CHRONOLOGICAL_2016_2021,5.93512539788,14.638540221,5.14560344896,15.4280621699,FROZEN_B11_90,ONE_SIDED_CLUSTER_DRIFT_GUARD_90,0.9,0.951281331718,NO_2023_FEEDBACK_AVAILABLE_CARRY_FORWARD_2022_DRIFT_STATE,2024,G+E_T1,T1_30DAP,SUPPORTED_FROZEN_B5_GENOME,SUPPORTED_T1_CONTEXT,False,False,13.05512139,True,True,8.70341482312,True,10.28245872094
PHJ40/PHAJ0,MIH1_2024,9.50569629669,1.61883671258,0.330882352941,0.957003135916,WITHIN_TRAINING_NN_ENVELOPE,RETAIN_SUPPORTED,4.35170741157,5.14122936049,SUPPORT_GROUP_CHRONOLOGICAL_2016_2021,5.15398888512,13.8574037083,4.36446693621,14.6469256572,FROZEN_B11_90,ONE_SIDED_CLUSTER_DRIFT_GUARD_90,0.9,0.951281331718,NO_2023_FEEDBACK_AVAILABLE_CARRY_FORWARD_2022_DRIFT_STATE,2024,G+E_T1,T1_30DAP,SUPPORTED_FROZEN_B5_GENOME,SUPPORTED_T1_CONTEXT,False,False,5.595422041,True,True,8.70341482318,True,10.28245872099
PHRE1/PHTD5,MIH1_2024,9.92040252686,1.61883671258,0.330882352941,0.957003135916,WITHIN_TRAINING_NN_ENVELOPE,RETAIN_SUPPORTED,4.35170741157,5.14122936049,SUPPORT_GROUP_CHRONOLOGICAL_2016_2021,5.56869511528,14.2721099384,4.77917316637,15.0616318873,FROZEN_B11_90,ONE_SIDED_CLUSTER_DRIFT_GUARD_90,0.9,0.951281331718,NO_2023_FEEDBACK_AVAILABLE_CARRY_FORWARD_2022_DRIFT_STATE,2024,G+E_T1,T1_30DAP,SUPPORTED_FROZEN_B5_GENOME,SUPPORTED_T1_CONTEXT,False,False,9.969296189,True,True,8.70341482312,True,10.282458720930002
PHW52/PHM49,MIH1_2024,10.0311326981,1.61883671258,0.330882352941,0.957003135916,WITHIN_TRAINING_NN_ENVELOPE,RETAIN_SUPPORTED,4.35170741157,5.14122936049,SUPPORT_GROUP_CHRONOLOGICAL_2016_2021,5.67942528649,14.3828401096,4.88990333757,15.1723620585,FROZEN_B11_90,ONE_SIDED_CLUSTER_DRIFT_GUARD_90,0.9,0.951281331718,NO_2023_FEEDBACK_AVAILABLE_CARRY_FORWARD_2022_DRIFT_STATE,2024,G+E_T1,T1_30DAP,SUPPORTED_FROZEN_B5_GENOME,SUPPORTED_T1_CONTEXT,False,False,13.09279431,True,True,8.70341482311,True,10.282458720929998
TX777/LH195,MIH1_2024,9.6473903656,1.61883671258,0.330882352941,0.957003135916,WITHIN_TRAINING_NN_ENVELOPE,RETAIN_SUPPORTED,4.35170741157,5.14122936049,SUPPORT_GROUP_CHRONOLOGICAL_2016_2021,5.29568295403,13.9990977772,4.50616100511,14.7886197261,FROZEN_B11_90,ONE_SIDED_CLUSTER_DRIFT_GUARD_90,0.9,0.951281331718,NO_2023_FEEDBACK_AVAILABLE_CARRY_FORWARD_2022_DRIFT_STATE,2024,G+E_T1,T1_30DAP,SUPPORTED_FROZEN_B5_GENOME,SUPPORTED_T1_CONTEXT,False,False,9.751634109,True,True,8.70341482317,True,10.28245872099
W10004_0031/PHP02,MIH1_2024,10.9476537704,1.61883671258,0.330882352941,0.957003135916,WITHIN_TRAINING_NN_ENVELOPE,RETAIN_SUPPORTED,4.35170741157,5.14122936049,SUPPORT_GROUP_CHRONOLOGICAL_2016_2021,6.59594635887,15.299361182,5.80642440996,16.0888831309,FROZEN_B11_90,ONE_SIDED_CLUSTER_DRIFT_GUARD_90,0.9,0.951281331718,NO_2023_FEEDBACK_AVAILABLE_CARRY_FORWARD_2022_DRIFT_STATE,2024,G+E_T1,T1_30DAP,SUPPORTED_FROZEN_B5_GENOME,SUPPORTED_T1_CONTEXT,False,False,10.50913089,True,True,8.70341482313,True,10.282458720940001
W10004_0034/PHP02,MIH1_2024,10.8140468597,1.61883671258,0.330882352941,0.957003135916,WITHIN_TRAINING_NN_ENVELOPE,RETAIN_SUPPORTED,4.35170741157,5.14122936049,SUPPORT_GROUP_CHRONOLOGICAL_2016_2021,6.46233944817,15.1657542713,5.67281749926,15.9552762202,FROZEN_B11_90,ONE_SIDED_CLUSTER_DRIFT_GUARD_90,0.9,0.951281331718,NO_2023_FEEDBACK_AVAILABLE_CARRY_FORWARD_2022_DRIFT_STATE,2024,G+E_T1,T1_30DAP,SUPPORTED_FROZEN_B5_GENOME,SUPPORTED_T1_CONTEXT,False,False,12.7505803,True,True,8.70341482313,True,10.28245872094
W10004_0055/PHP02,MIH1_2024,10.7538909912,1.61883671258,0.330882352941,0.957003135916,WITHIN_TRAINING_NN_ENVELOPE,RETAIN_SUPPORTED,4.35170741157,5.14122936049,SUPPORT_GROUP_CHRONOLOGICAL_2016_2021,6.40218357964,15.1055984028,5.61266163073,15.8951203517,FROZEN_B11_90,ONE_SIDED_CLUSTER_DRIFT_GUARD_90,0.9,0.951281331718,NO_2023_FEEDBACK_AVAILABLE_CARRY_FORWARD_2022_DRIFT_STATE,2024,G+E_T1,T1_30DAP,SUPPORTED_FROZEN_B5_GENOME,SUPPORTED_T1_CONTEXT,False,False,10.70520948,True,True,8.70341482316,True,10.282458720969998
W10004_0062/PHP02,MIH1_2024,9.90338993073,1.61883671258,0.330882352941,0.957003135916,WITHIN_TRAINING_NN_ENVELOPE,RETAIN_SUPPORTED,4.35170741157,5.14122936049,SUPPORT_GROUP_CHRONOLOGICAL_2016_2021,5.55168251915,14.2550973423,4.76216057024,15.0446192912,FROZEN_B11_90,ONE_SIDED_CLUSTER_DRIFT_GUARD_90,0.9,0.951281331718,NO_2023_FEEDBACK_AVAILABLE_CARRY_FORWARD_2022_DRIFT_STATE,2024,G+E_T1,T1_30DAP,SUPPORTED_FROZEN_B5_GENOME,SUPPORTED_T1_CONTEXT,False,False,10.81486302,True,True,8.703414823149998,True,10.282458720960001
W10004_0095/PHP02,MIH1_2024,10.2612600327,1.61883671258,0.330882352941,0.957003135916,WITHIN_TRAINING_NN_ENVELOPE,RETAIN_SUPPORTED,4.35170741157,5.14122936049,SUPPORT_GROUP_CHRONOLOGICAL_2016_2021,5.90955262108,14.6129674442,5.12003067217,15.4024893931,FROZEN_B11_90,ONE_SIDED_CLUSTER_DRIFT_GUARD_90,0.9,0.951281331718,NO_2023_FEEDBACK_AVAILABLE_CARRY_FORWARD_2022_DRIFT_STATE,2024,G+E_T1,T1_30DAP,SUPPORTED_FROZEN_B5_GENOME,SUPPORTED_T1_CONTEXT,False,False,5.856734952,True,False,9.759768204719991,True,10.282458720929998
W10004_0103/PHP02,MIH1_2024,10.8073015213,1.61883671258,0.330882352941,0.957003135916,WITHIN_TRAINING_NN_ENVELOPE,RETAIN_SUPPORTED,4.35170741157,5.14122936049,SUPPORT_GROUP_CHRONOLOGICAL_2016_2021,6.45559410973,15.1590089329,5.66607216082,15.9485308818,FROZEN_B11_90,ONE_SIDED_CLUSTER_DRIFT_GUARD_90,0.9,0.951281331718,NO_2023_FEEDBACK_AVAILABLE_CARRY_FORWARD_2022_DRIFT_STATE,2024,G+E_T1,T1_30DAP,SUPPORTED_FROZEN_B5_GENOME,SUPPORTED_T1_CONTEXT,False,False,10.0751953,True,True,8.70341482317,True,10.28245872098
W10004_0122/PHP02,MIH1_2024,10.6013088226,1.61883671258,0.330882352941,0.957003135916,WITHIN_TRAINING_NN_ENVELOPE,RETAIN_SUPPORTED,4.35170741157,5.14122936049,SUPPORT_GROUP_CHRONOLOGICAL_2016_2021,6.24960141106,14.9530162342,5.46007946215,15.7425381831,FROZEN_B11_90,ONE_SIDED_CLUSTER_DRIFT_GUARD_90,0.9,0.951281331718,NO_2023_FEEDBACK_AVAILABLE_CARRY_FORWARD_2022_DRIFT_STATE,2024,G+E_T1,T1_30DAP,SUPPORTED_FROZEN_B5_GENOME,SUPPORTED_T1_CONTEXT,False,False,12.33801792,True,True,8.703414823140001,True,10.28245872095
W10004_0133/PHP02,MIH1_2024,10.4753856659,1.61883671258,0.330882352941,0.957003135916,WITHIN_TRAINING_NN_ENVELOPE,RETAIN_SUPPORTED,4.35170741157,5.14122936049,SUPPORT_GROUP_CHRONOLOGICAL_2016_2021,6.12367825432,14.8270930775,5.33415630541,15.6166150264,FROZEN_B11_90,ONE_SIDED_CLUSTER_DRIFT_GUARD_90,0.9,0.951281331718,NO_2023_FEEDBACK_AVAILABLE_CARRY_FORWARD_2022_DRIFT_STATE,2024,G+E_T1,T1_30DAP,SUPPORTED_FROZEN_B5_GENOME,SUPPORTED_T1_CONTEXT,False,False,10.79378388,True,True,8.703414823180001,True,10.28245872099
W10004_0138/PHP02,MIH1_2024,11.0160312653,1.61883671258,0.330882352941,0.957003135916,WITHIN_TRAINING_NN_ENVELOPE,RETAIN_SUPPORTED,4.35170741157,5.14122936049,SUPPORT_GROUP_CHRONOLOGICAL_2016_2021,6.66432385369,15.3677386768,5.87480190477,16.1572606257,FROZEN_B11_90,ONE_SIDED_CLUSTER_DRIFT_GUARD_90,0.9,0.951281331718,NO_2023_FEEDBACK_AVAILABLE_CARRY_FORWARD_2022_DRIFT_STATE,2024,G+E_T1,T1_30DAP,SUPPORTED_FROZEN_B5_GENOME,SUPPORTED_T1_CONTEXT,False,False,11.73982835,True,True,8.70341482311,True,10.282458720930002
W10004_0146/PHP02,MIH1_2024,10.6053161621,1.61883671258,0.330882352941,0.957003135916,WITHIN_TRAINING_NN_ENVELOPE,RETAIN_SUPPORTED,4.35170741157,5.14122936049,SUPPORT_GROUP_CHRONOLOGICAL_2016_2021,6.25360875054,14.9570235737,5.46408680162,15.7465455226,FROZEN_B11_90,ONE_SIDED_CLUSTER_DRIFT_GUARD_90,0.9,0.951281331718,NO_2023_FEEDBACK_AVAILABLE_CARRY_FORWARD_2022_DRIFT_STATE,2024,G+E_T1,T1_30DAP,SUPPORTED_FROZEN_B5_GENOME,SUPPORTED_T1_CONTEXT,False,False,10.70313738,True,True,8.703414823160001,True,10.28245872098
W10004_0167/PHP02,MIH1_2024,10.4513034821,1.61883671258,0.330882352941,0.957003135916,WITHIN_TRAINING_NN_ENVELOPE,RETAIN_SUPPORTED,4.35170741157,5.14122936049,SUPPORT_GROUP_CHRONOLOGICAL_2016_2021,6.09959607048,14.8030108936,5.31007412157,15.5925328425,FROZEN_B11_90,ONE_SIDED_CLUSTER_DRIFT_GUARD_90,0.9,0.951281331718,NO_2023_FEEDBACK_AVAILABLE_CARRY_FORWARD_2022_DRIFT_STATE,2024,G+E_T1,T1_30DAP,SUPPORTED_FROZEN_B5_GENOME,SUPPORTED_T1_CONTEXT,False,False,11.89221096,True,True,8.70341482312,True,10.282458720930002
W10004_0168/PHP02,MIH1_2024,10.7193317413,1.61883671258,0.330882352941,0.957003135916,WITHIN_TRAINING_NN_ENVELOPE,RETAIN_SUPPORTED,4.35170741157,5.14122936049,SUPPORT_GROUP_CHRONOLOGICAL_2016_2021,6.36762432976,15.0710391529,5.57810238085,15.8605611018,FROZEN_B11_90,ONE_SIDED_CLUSTER_DRIFT_GUARD_90,0.9,0.951281331718,NO_2023_FEEDBACK_AVAILABLE_CARRY_FORWARD_2022_DRIFT_STATE,2024,G+E_T1,T1_30DAP,SUPPORTED_FROZEN_B5_GENOME,SUPPORTED_T1_CONTEXT,False,False,14.26396355,True,True,8.70341482314,True,10.28245872095
W10004_0189/PHP02,MIH1_2024,10.8307332993,1.61883671258,0.330882352941,0.957003135916,WITHIN_TRAINING_NN_ENVELOPE,RETAIN_SUPPORTED,4.35170741157,5.14122936049,SUPPORT_GROUP_CHRONOLOGICAL_2016_2021,6.47902588768,15.1824407108,5.68950393877,15.9719626597,FROZEN_B11_90,ONE_SIDED_CLUSTER_DRIFT_GUARD_90,0.9,0.951281331718,NO_2023_FEEDBACK_AVAILABLE_CARRY_FORWARD_2022_DRIFT_STATE,2024,G+E_T1,T1_30DAP,SUPPORTED_FROZEN_B5_GENOME,SUPPORTED_T1_CONTEXT,False,False,13.67199514,True,True,8.70341482312,True,10.282458720930002
W10004_0236/PHP02,MIH1_2024,10.5302219391,1.61883671258,0.330882352941,0.957003135916,WITHIN_TRAINING_NN_ENVELOPE,RETAIN_SUPPORTED,4.35170741157,5.14122936049,SUPPORT_GROUP_CHRONOLOGICAL_2016_2021,6.17851452751,14.8819293507,5.3889925786,15.6714512996,FROZEN_B11_90,ONE_SIDED_CLUSTER_DRIFT_GUARD_90,0.9,0.951281331718,NO_2023_FEEDBACK_AVAILABLE_CARRY_FORWARD_2022_DRIFT_STATE,2024,G+E_T1,T1_30DAP,SUPPORTED_FROZEN_B5_GENOME,SUPPORTED_T1_CONTEXT,False,False,12.1805155,True,True,8.70341482319,True,10.282458721
W10004_0238/PHP02,MIH1_2024,10.4983263016,1.61883671258,0.330882352941,0.957003135916,WITHIN_TRAINING_NN_ENVELOPE,RETAIN_SUPPORTED,4.35170741157,5.14122936049,SUPPORT_GROUP_CHRONOLOGICAL_2016_2021,6.14661889,14.8500337131,5.35709694109,15.6395556621,FROZEN_B11_90,ONE_SIDED_CLUSTER_DRIFT_GUARD_90,0.9,0.951281331718,NO_2023_FEEDBACK_AVAILABLE_CARRY_FORWARD_2022_DRIFT_STATE,2024,G+E_T1,T1_30DAP,SUPPORTED_FROZEN_B5_GENOME,SUPPORTED_T1_CONTEXT,False,False,12.36865022,True,True,8.703414823100001,True,10.282458721009998
W10004_0270/PHP02,MIH1_2024,10.9261684418,1.61883671258,0.330882352941,0.957003135916,WITHIN_TRAINING_NN_ENVELOPE,RETAIN_SUPPORTED,4.35170741157,5.14122936049,SUPPORT_GROUP_CHRONOLOGICAL_2016_2021,6.5744610302,15.2778758533,5.78493908129,16.0673978023,FROZEN_B11_90,ONE_SIDED_CLUSTER_DRIFT_GUARD_90,0.9,0.951281331718,NO_2023_FEEDBACK_AVAILABLE_CARRY_FORWARD_2022_DRIFT_STATE,2024,G+E_T1,T1_30DAP,SUPPORTED_FROZEN_B5_GENOME,SUPPORTED_T1_CONTEXT,False,False,11.77652875,True,True,8.7034148231,True,10.28245872101
W10004_0346/PHP02,MIH1_2024,10.7200880051,1.61883671258,0.330882352941,0.957003135916,WITHIN_TRAINING_NN_ENVELOPE,RETAIN_SUPPORTED,4.35170741157,5.14122936049,SUPPORT_GROUP_CHRONOLOGICAL_2016_2021,6.36838059349,15.0717954166,5.57885864458,15.8613173656,FROZEN_B11_90,ONE_SIDED_CLUSTER_DRIFT_GUARD_90,0.9,0.951281331718,NO_2023_FEEDBACK_AVAILABLE_CARRY_FORWARD_2022_DRIFT_STATE,2024,G+E_T1,T1_30DAP,SUPPORTED_FROZEN_B5_GENOME,SUPPORTED_T1_CONTEXT,False,False,12.62216127,True,True,8.70341482311,True,10.28245872102
W10004_0389/PHP02,MIH1_2024,10.7776498795,1.61883671258,0.330882352941,0.957003135916,WITHIN_TRAINING_NN_ENVELOPE,RETAIN_SUPPORTED,4.35170741157,5.14122936049,SUPPORT_GROUP_CHRONOLOGICAL_2016_2021,6.42594246788,15.129357291,5.63642051897,15.9188792399,FROZEN_B11_90,ONE_SIDED_CLUSTER_DRIFT_GUARD_90,0.9,0.951281331718,NO_2023_FEEDBACK_AVAILABLE_CARRY_FORWARD_2022_DRIFT_STATE,2024,G+E_T1,T1_30DAP,SUPPORTED_FROZEN_B5_GENOME,SUPPORTED_T1_CONTEXT,False,False,10.21081441,True,True,8.70341482312,True,10.282458720930002
W10004_0412/PHP02,MIH1_2024,10.3424577713,1.61883671258,0.330882352941,0.957003135916,WITHIN_TRAINING_NN_ENVELOPE,RETAIN_SUPPORTED,4.35170741157,5.14122936049,SUPPORT_GROUP_CHRONOLOGICAL_2016_2021,5.99075035973,14.6941651829,5.20122841082,15.4836871318,FROZEN_B11_90,ONE_SIDED_CLUSTER_DRIFT_GUARD_90,0.9,0.951281331718,NO_2023_FEEDBACK_AVAILABLE_CARRY_FORWARD_2022_DRIFT_STATE,2024,G+E_T1,T1_30DAP,SUPPORTED_FROZEN_B5_GENOME,SUPPORTED_T1_CONTEXT,False,False,10.46896481,True,True,8.70341482317,True,10.28245872098
W10004_0608/PHP02,MIH1_2024,10.9706068039,1.61883671258,0.330882352941,0.957003135916,WITHIN_TRAINING_NN_ENVELOPE,RETAIN_SUPPORTED,4.35170741157,5.14122936049,SUPPORT_GROUP_CHRONOLOGICAL_2016_2021,6.61889939232,15.3223142155,5.82937744341,16.1118361644,FROZEN_B11_90,ONE_SIDED_CLUSTER_DRIFT_GUARD_90,0.9,0.951281331718,NO_2023_FEEDBACK_AVAILABLE_CARRY_FORWARD_2022_DRIFT_STATE,2024,G+E_T1,T1_30DAP,SUPPORTED_FROZEN_B5_GENOME,SUPPORTED_T1_CONTEXT,False,False,13.40739812,True,True,8.703414823180001,True,10.28245872099
W10004_0688/PHP02,MIH1_2024,10.4084730148,1.61883671258,0.330882352941,0.957003135916,WITHIN_TRAINING_NN_ENVELOPE,RETAIN_SUPPORTED,4.35170741157,5.14122936049,SUPPORT_GROUP_CHRONOLOGICAL_2016_2021,6.05676560326,14.7601804264,5.26724365435,15.5497023753,FROZEN_B11_90,ONE_SIDED_CLUSTER_DRIFT_GUARD_90,0.9,0.951281331718,NO_2023_FEEDBACK_AVAILABLE_CARRY_FORWARD_2022_DRIFT_STATE,2024,G+E_T1,T1_30DAP,SUPPORTED_FROZEN_B5_GENOME,SUPPORTED_T1_CONTEXT,False,False,11.39166504,True,True,8.703414823140001,True,10.28245872095
W10004_0691/PHP02,MIH1_2024,10.6596298218,1.61883671258,0.330882352941,0.957003135916,WITHIN_TRAINING_NN_ENVELOPE,RETAIN_SUPPORTED,4.35170741157,5.14122936049,SUPPORT_GROUP_CHRONOLOGICAL_2016_2021,6.30792241021,15.0113372333,5.51840046129,15.8008591823,FROZEN_B11_90,ONE_SIDED_CLUSTER_DRIFT_GUARD_90,0.9,0.951281331718,NO_2023_FEEDBACK_AVAILABLE_CARRY_FORWARD_2022_DRIFT_STATE,2024,G+E_T1,T1_30DAP,SUPPORTED_FROZEN_B5_GENOME,SUPPORTED_T1_CONTEXT,False,False,9.628624985,True,True,8.70341482309,True,10.28245872101
W10004_0714/PHP02,MIH1_2024,10.6362600327,1.61883671258,0.330882352941,0.957003135916,WITHIN_TRAINING_NN_ENVELOPE,RETAIN_SUPPORTED,4.35170741157,5.14122936049,SUPPORT_GROUP_CHRONOLOGICAL_2016_2021,6.28455262108,14.9879674442,5.49503067217,15.7774893931,FROZEN_B11_90,ONE_SIDED_CLUSTER_DRIFT_GUARD_90,0.9,0.951281331718,NO_2023_FEEDBACK_AVAILABLE_CARRY_FORWARD_2022_DRIFT_STATE,2024,G+E_T1,T1_30DAP,SUPPORTED_FROZEN_B5_GENOME,SUPPORTED_T1_CONTEXT,False,False,10.70846338,True,True,8.703414823120001,True,10.282458720929998
W10004_0747/PHP02,MIH1_2024,10.9475736618,1.61883671258,0.330882352941,0.957003135916,WITHIN_TRAINING_NN_ENVELOPE,RETAIN_SUPPORTED,4.35170741157,5.14122936049,SUPPORT_GROUP_CHRONOLOGICAL_2016_2021,6.59586625023,15.2992810734,5.80634430132,16.0888030223,FROZEN_B11_90,ONE_SIDED_CLUSTER_DRIFT_GUARD_90,0.9,0.951281331718,NO_2023_FEEDBACK_AVAILABLE_CARRY_FORWARD_2022_DRIFT_STATE,2024,G+E_T1,T1_30DAP,SUPPORTED_FROZEN_B5_GENOME,SUPPORTED_T1_CONTEXT,False,False,13.23497324,True,True,8.70341482317,True,10.28245872098
W10004_0754/PHP02,MIH1_2024,10.5180215836,1.61883671258,0.330882352941,0.957003135916,WITHIN_TRAINING_NN_ENVELOPE,RETAIN_SUPPORTED,4.35170741157,5.14122936049,SUPPORT_GROUP_CHRONOLOGICAL_2016_2021,6.16631417198,14.8697289951,5.37679222307,15.659250944,FROZEN_B11_90,ONE_SIDED_CLUSTER_DRIFT_GUARD_90,0.9,0.951281331718,NO_2023_FEEDBACK_AVAILABLE_CARRY_FORWARD_2022_DRIFT_STATE,2024,G+E_T1,T1_30DAP,SUPPORTED_FROZEN_B5_GENOME,SUPPORTED_T1_CONTEXT,False,False,11.87207257,True,True,8.70341482312,True,10.28245872093
W10004_0771/PHP02,MIH1_2024,10.5408239365,1.61883671258,0.330882352941,0.957003135916,WITHIN_TRAINING_NN_ENVELOPE,RETAIN_SUPPORTED,4.35170741157,5.14122936049,SUPPORT_GROUP_CHRONOLOGICAL_2016_2021,6.18911652489,14.892531348,5.39959457598,15.6820532969,FROZEN_B11_90,ONE_SIDED_CLUSTER_DRIFT_GUARD_90,0.9,0.951281331718,NO_2023_FEEDBACK_AVAILABLE_CARRY_FORWARD_2022_DRIFT_STATE,2024,G+E_T1,T1_30DAP,SUPPORTED_FROZEN_B5_GENOME,SUPPORTED_T1_CONTEXT,False,False,11.93258238,True,True,8.70341482311,True,10.28245872092
W10004_0776/PHP02,MIH1_2024,10.4967136383,1.61883671258,0.330882352941,0.957003135916,WITHIN_TRAINING_NN_ENVELOPE,RETAIN_SUPPORTED,4.35170741157,5.14122936049,SUPPORT_GROUP_CHRONOLOGICAL_2016_2021,6.14500622673,14.8484210499,5.35548427782,15.6379429988,FROZEN_B11_90,ONE_SIDED_CLUSTER_DRIFT_GUARD_90,0.9,0.951281331718,NO_2023_FEEDBACK_AVAILABLE_CARRY_FORWARD_2022_DRIFT_STATE,2024,G+E_T1,T1_30DAP,SUPPORTED_FROZEN_B5_GENOME,SUPPORTED_T1_CONTEXT,False,False,10.70288738,True,True,8.70341482317,True,10.28245872098
W10004_0822/PHP02,MIH1_2024,10.7341766357,1.61883671258,0.330882352941,0.957003135916,WITHIN_TRAINING_NN_ENVELOPE,RETAIN_SUPPORTED,4.35170741157,5.14122936049,SUPPORT_GROUP_CHRONOLOGICAL_2016_2021,6.38246922417,15.0858840473,5.59294727526,15.8754059962,FROZEN_B11_90,ONE_SIDED_CLUSTER_DRIFT_GUARD_90,0.9,0.951281331718,NO_2023_FEEDBACK_AVAILABLE_CARRY_FORWARD_2022_DRIFT_STATE,2024,G+E_T1,T1_30DAP,SUPPORTED_FROZEN_B5_GENOME,SUPPORTED_T1_CONTEXT,False,False,11.62616023,True,True,8.70341482313,True,10.28245872094
W10004_0858/PHP02,MIH1_2024,10.5375108719,1.61883671258,0.330882352941,0.957003135916,WITHIN_TRAINING_NN_ENVELOPE,RETAIN_SUPPORTED,4.35170741157,5.14122936049,SUPPORT_GROUP_CHRONOLOGICAL_2016_2021,6.18580346031,14.8892182835,5.3962815114,15.6787402324,FROZEN_B11_90,ONE_SIDED_CLUSTER_DRIFT_GUARD_90,0.9,0.951281331718,NO_2023_FEEDBACK_AVAILABLE_CARRY_FORWARD_2022_DRIFT_STATE,2024,G+E_T1,T1_30DAP,SUPPORTED_FROZEN_B5_GENOME,SUPPORTED_T1_CONTEXT,False,False,10.67211734,True,True,8.70341482319,True,10.282458721
W10004_0859/PHP02,MIH1_2024,10.7872390747,1.61883671258,0.330882352941,0.957003135916,WITHIN_TRAINING_NN_ENVELOPE,RETAIN_SUPPORTED,4.35170741157,5.14122936049,SUPPORT_GROUP_CHRONOLOGICAL_2016_2021,6.43553166313,15.1389464863,5.64600971422,15.9284684352,FROZEN_B11_90,ONE_SIDED_CLUSTER_DRIFT_GUARD_90,0.9,0.951281331718,NO_2023_FEEDBACK_AVAILABLE_CARRY_FORWARD_2022_DRIFT_STATE,2024,G+E_T1,T1_30DAP,SUPPORTED_FROZEN_B5_GENOME,SUPPORTED_T1_CONTEXT,False,False,10.95281369,True,True,8.70341482317,True,10.28245872098
W10004_0866/PHP02,MIH1_2024,10.4671134949,1.61883671258,0.330882352941,0.957003135916,WITHIN_TRAINING_NN_ENVELOPE,RETAIN_SUPPORTED,4.35170741157,5.14122936049,SUPPORT_GROUP_CHRONOLOGICAL_2016_2021,6.1154060833,14.8188209064,5.32588413439,15.6083428554,FROZEN_B11_90,ONE_SIDED_CLUSTER_DRIFT_GUARD_90,0.9,0.951281331718,NO_2023_FEEDBACK_AVAILABLE_CARRY_FORWARD_2022_DRIFT_STATE,2024,G+E_T1,T1_30DAP,SUPPORTED_FROZEN_B5_GENOME,SUPPORTED_T1_CONTEXT,False,False,9.184736348,True,True,8.7034148231,True,10.28245872101
W10004_0949/PHP02,MIH1_2024,10.8576574326,1.61883671258,0.330882352941,0.957003135916,WITHIN_TRAINING_NN_ENVELOPE,RETAIN_SUPPORTED,4.35170741157,5.14122936049,SUPPORT_GROUP_CHRONOLOGICAL_2016_2021,6.50595002098,15.2093648441,5.71642807207,15.998886793,FROZEN_B11_90,ONE_SIDED_CLUSTER_DRIFT_GUARD_90,0.9,0.951281331718,NO_2023_FEEDBACK_AVAILABLE_CARRY_FORWARD_2022_DRIFT_STATE,2024,G+E_T1,T1_30DAP,SUPPORTED_FROZEN_B5_GENOME,SUPPORTED_T1_CONTEXT,False,False,12.49992155,True,True,8.70341482312,True,10.28245872093
W10004_1014/PHP02,MIH1_2024,10.5589990616,1.61883671258,0.330882352941,0.957003135916,WITHIN_TRAINING_NN_ENVELOPE,RETAIN_SUPPORTED,4.35170741157,5.14122936049,SUPPORT_GROUP_CHRONOLOGICAL_2016_2021,6.20729165001,14.9107064732,5.4177697011,15.7002284221,FROZEN_B11_90,ONE_SIDED_CLUSTER_DRIFT_GUARD_90,0.9,0.951281331718,NO_2023_FEEDBACK_AVAILABLE_CARRY_FORWARD_2022_DRIFT_STATE,2024,G+E_T1,T1_30DAP,SUPPORTED_FROZEN_B5_GENOME,SUPPORTED_T1_CONTEXT,False,False,13.81432844,True,True,8.703414823189998,True,10.282458721000001
W10004_1018/PHP02,MIH1_2024,10.9072628021,1.61883671258,0.330882352941,0.957003135916,WITHIN_TRAINING_NN_ENVELOPE,RETAIN_SUPPORTED,4.35170741157,5.14122936049,SUPPORT_GROUP_CHRONOLOGICAL_2016_2021,6.55555539055,15.2589702137,5.76603344164,16.0484921626,FROZEN_B11_90,ONE_SIDED_CLUSTER_DRIFT_GUARD_90,0.9,0.951281331718,NO_2023_FEEDBACK_AVAILABLE_CARRY_FORWARD_2022_DRIFT_STATE,2024,G+E_T1,T1_30DAP,SUPPORTED_FROZEN_B5_GENOME,SUPPORTED_T1_CONTEXT,False,False,12.50409004,True,True,8.703414823149998,True,10.282458720959998
W10004_1032/PHP02,MIH1_2024,10.7253684998,1.61883671258,0.330882352941,0.957003135916,WITHIN_TRAINING_NN_ENVELOPE,RETAIN_SUPPORTED,4.35170741157,5.14122936049,SUPPORT_GROUP_CHRONOLOGICAL_2016_2021,6.37366108818,15.0770759113,5.58413913927,15.8665978602,FROZEN_B11_90,ONE_SIDED_CLUSTER_DRIFT_GUARD_90,0.9,0.951281331718,NO_2023_FEEDBACK_AVAILABLE_CARRY_FORWARD_2022_DRIFT_STATE,2024,G+E_T1,T1_30DAP,SUPPORTED_FROZEN_B5_GENOME,SUPPORTED_T1_CONTEXT,False,False,11.79348522,True,True,8.70341482312,True,10.28245872093
W10004_1080/PHP02,MIH1_2024,10.790605545,1.61883671258,0.330882352941,0.957003135916,WITHIN_TRAINING_NN_ENVELOPE,RETAIN_SUPPORTED,4.35170741157,5.14122936049,SUPPORT_GROUP_CHRONOLOGICAL_2016_2021,6.43889813347,15.1423129566,5.64937618456,15.9318349055,FROZEN_B11_90,ONE_SIDED_CLUSTER_DRIFT_GUARD_90,0.9,0.951281331718,NO_2023_FEEDBACK_AVAILABLE_CARRY_FORWARD_2022_DRIFT_STATE,2024,G+E_T1,T1_30DAP,SUPPORTED_FROZEN_B5_GENOME,SUPPORTED_T1_CONTEXT,False,False,13.20515896,True,True,8.70341482313,True,10.28245872094
B14A/H95,MOH1_2024,7.43737030029,1.99102751539,0.455882352941,0.935681260619,WITHIN_TRAINING_NN_ENVELOPE,RETAIN_SUPPORTED,4.35170741157,5.14122936049,SUPPORT_GROUP_CHRONOLOGICAL_2016_2021,3.08566288872,11.7890777119,2.29614093981,12.5785996608,FROZEN_B11_90,ONE_SIDED_CLUSTER_DRIFT_GUARD_90,0.9,0.951281331718,NO_2023_FEEDBACK_AVAILABLE_CARRY_FORWARD_2022_DRIFT_STATE,2024,G+E_T1,T1_30DAP,SUPPORTED_FROZEN_B5_GENOME,SUPPORTED_T1_CONTEXT,False,False,8.898123359,True,True,8.70341482318,True,10.28245872099
B14A/MO17,MOH1_2024,7.21693611145,1.99102751539,0.455882352941,0.935681260619,WITHIN_TRAINING_NN_ENVELOPE,RETAIN_SUPPORTED,4.35170741157,5.14122936049,SUPPORT_GROUP_CHRONOLOGICAL_2016_2021,2.86522869988,11.568643523,2.07570675096,12.3581654719,FROZEN_B11_90,ONE_SIDED_CLUSTER_DRIFT_GUARD_90,0.9,0.951281331718,NO_2023_FEEDBACK_AVAILABLE_CARRY_FORWARD_2022_DRIFT_STATE,2024,G+E_T1,T1_30DAP,SUPPORTED_FROZEN_B5_GENOME,SUPPORTED_T1_CONTEXT,False,False,10.99120514,True,True,8.703414823120001,True,10.28245872094
B14A/OH43,MOH1_2024,6.90447568893,1.99102751539,0.455882352941,0.935681260619,WITHIN_TRAINING_NN_ENVELOPE,RETAIN_SUPPORTED,4.35170741157,5.14122936049,SUPPORT_GROUP_CHRONOLOGICAL_2016_2021,2.55276827736,11.2561831005,1.76324632845,12.0457050494,FROZEN_B11_90,ONE_SIDED_CLUSTER_DRIFT_GUARD_90,0.9,0.951281331718,NO_2023_FEEDBACK_AVAILABLE_CARRY_FORWARD_2022_DRIFT_STATE,2024,G+E_T1,T1_30DAP,SUPPORTED_FROZEN_B5_GENOME,SUPPORTED_T1_CONTEXT,False,False,10.10675366,True,True,8.70341482314,True,10.28245872095
B37/H95,MOH1_2024,7.26737070084,1.99102751539,0.455882352941,0.935681260619,WITHIN_TRAINING_NN_ENVELOPE,RETAIN_SUPPORTED,4.35170741157,5.14122936049,SUPPORT_GROUP_CHRONOLOGICAL_2016_2021,2.91566328926,11.6190781124,2.12614134035,12.4086000613,FROZEN_B11_90,ONE_SIDED_CLUSTER_DRIFT_GUARD_90,0.9,0.951281331718,NO_2023_FEEDBACK_AVAILABLE_CARRY_FORWARD_2022_DRIFT_STATE,2024,G+E_T1,T1_30DAP,SUPPORTED_FROZEN_B5_GENOME,SUPPORTED_T1_CONTEXT,False,False,9.78723029,True,True,8.703414823140001,True,10.28245872095
B37/MO17,MOH1_2024,7.0774064064,1.99102751539,0.455882352941,0.935681260619,WITHIN_TRAINING_NN_ENVELOPE,RETAIN_SUPPORTED,4.35170741157,5.14122936049,SUPPORT_GROUP_CHRONOLOGICAL_2016_2021,2.72569899483,11.429113818,1.93617704592,12.2186357669,FROZEN_B11_90,ONE_SIDED_CLUSTER_DRIFT_GUARD_90,0.9,0.951281331718,NO_2023_FEEDBACK_AVAILABLE_CARRY_FORWARD_2022_DRIFT_STATE,2024,G+E_T1,T1_30DAP,SUPPORTED_FROZEN_B5_GENOME,SUPPORTED_T1_CONTEXT,False,False,11.12656171,True,True,8.70341482317,True,10.28245872098
B37/OH43,MOH1_2024,6.72659254074,1.99102751539,0.455882352941,0.935681260619,WITHIN_TRAINING_NN_ENVELOPE,RETAIN_SUPPORTED,4.35170741157,5.14122936049,SUPPORT_GROUP_CHRONOLOGICAL_2016_2021,2.37488512917,11.0782999523,1.58536318026,11.8678219012,FROZEN_B11_90,ONE_SIDED_CLUSTER_DRIFT_GUARD_90,0.9,0.951281331718,NO_2023_FEEDBACK_AVAILABLE_CARRY_FORWARD_2022_DRIFT_STATE,2024,G+E_T1,T1_30DAP,SUPPORTED_FROZEN_B5_GENOME,SUPPORTED_T1_CONTEXT,False,False,10.62351113,True,True,8.70341482313,True,10.28245872094
B73/MO17,MOH1_2024,7.56786060333,1.99102751539,0.455882352941,0.935681260619,WITHIN_TRAINING_NN_ENVELOPE,RETAIN_SUPPORTED,4.35170741157,5.14122936049,SUPPORT_GROUP_CHRONOLOGICAL_2016_2021,3.21615319176,11.9195680149,2.42663124285,12.7090899638,FROZEN_B11_90,ONE_SIDED_CLUSTER_DRIFT_GUARD_90,0.9,0.951281331718,NO_2023_FEEDBACK_AVAILABLE_CARRY_FORWARD_2022_DRIFT_STATE,2024,G+E_T1,T1_30DAP,SUPPORTED_FROZEN_B5_GENOME,SUPPORTED_T1_CONTEXT,False,False,11.68920096,True,True,8.70341482314,True,10.28245872095
B73/PHK76,MOH1_2024,8.84185314178,1.99102751539,0.455882352941,0.935681260619,WITHIN_TRAINING_NN_ENVELOPE,RETAIN_SUPPORTED,4.35170741157,5.14122936049,SUPPORT_GROUP_CHRONOLOGICAL_2016_2021,4.49014573021,13.1935605534,3.7006237813,13.9830825023,FROZEN_B11_90,ONE_SIDED_CLUSTER_DRIFT_GUARD_90,0.9,0.951281331718,NO_2023_FEEDBACK_AVAILABLE_CARRY_FORWARD_2022_DRIFT_STATE,2024,G+E_T1,T1_30DAP,SUPPORTED_FROZEN_B5_GENOME,SUPPORTED_T1_CONTEXT,False,False,10.23074913,True,True,8.703414823189998,True,10.282458721000001
B73/PHM49,MOH1_2024,8.65540790558,1.99102751539,0.455882352941,0.935681260619,WITHIN_TRAINING_NN_ENVELOPE,RETAIN_SUPPORTED,4.35170741157,5.14122936049,SUPPORT_GROUP_CHRONOLOGICAL_2016_2021,4.30370049401,13.0071153172,3.51417854509,13.7966372661,FROZEN_B11_90,ONE_SIDED_CLUSTER_DRIFT_GUARD_90,0.9,0.951281331718,NO_2023_FEEDBACK_AVAILABLE_CARRY_FORWARD_2022_DRIFT_STATE,2024,G+E_T1,T1_30DAP,SUPPORTED_FROZEN_B5_GENOME,SUPPORTED_T1_CONTEXT,False,False,12.74368541,True,True,8.70341482319,True,10.282458721009998
B73/PHN82,MOH1_2024,8.85297870636,1.99102751539,0.455882352941,0.935681260619,WITHIN_TRAINING_NN_ENVELOPE,RETAIN_SUPPORTED,4.35170741157,5.14122936049,SUPPORT_GROUP_CHRONOLOGICAL_2016_2021,4.50127129479,13.2046861179,3.71174934587,13.9942080668,FROZEN_B11_90,ONE_SIDED_CLUSTER_DRIFT_GUARD_90,0.9,0.951281331718,NO_2023_FEEDBACK_AVAILABLE_CARRY_FORWARD_2022_DRIFT_STATE,2024,G+E_T1,T1_30DAP,SUPPORTED_FROZEN_B5_GENOME,SUPPORTED_T1_CONTEXT,False,False,10.37820083,True,True,8.703414823109998,True,10.28245872093
B73/PHZ51,MOH1_2024,7.78592538834,1.99102751539,0.455882352941,0.935681260619,WITHIN_TRAINING_NN_ENVELOPE,RETAIN_SUPPORTED,4.35170741157,5.14122936049,SUPPORT_GROUP_CHRONOLOGICAL_2016_2021,3.43421797676,12.1376327999,2.64469602785,12.9271547488,FROZEN_B11_90,ONE_SIDED_CLUSTER_DRIFT_GUARD_90,0.9,0.951281331718,NO_2023_FEEDBACK_AVAILABLE_CARRY_FORWARD_2022_DRIFT_STATE,2024,G+E_T1,T1_30DAP,SUPPORTED_FROZEN_B5_GENOME,SUPPORTED_T1_CONTEXT,False,False,6.249958907,True,True,8.703414823140001,True,10.28245872095
CG119/CG108,MOH1_2024,7.06512975693,1.99102751539,0.455882352941,0.935681260619,WITHIN_TRAINING_NN_ENVELOPE,RETAIN_SUPPORTED,4.35170741157,5.14122936049,SUPPORT_GROUP_CHRONOLOGICAL_2016_2021,2.71342234536,11.4168371685,1.92390039644,12.2063591174,FROZEN_B11_90,ONE_SIDED_CLUSTER_DRIFT_GUARD_90,0.9,0.951281331718,NO_2023_FEEDBACK_AVAILABLE_CARRY_FORWARD_2022_DRIFT_STATE,2024,G+E_T1,T1_30DAP,SUPPORTED_FROZEN_B5_GENOME,SUPPORTED_T1_CONTEXT,False,False,6.701823386,True,True,8.703414823140001,True,10.28245872096
CG44/CGR01,MOH1_2024,7.43185520172,1.99102751539,0.455882352941,0.935681260619,WITHIN_TRAINING_NN_ENVELOPE,RETAIN_SUPPORTED,4.35170741157,5.14122936049,SUPPORT_GROUP_CHRONOLOGICAL_2016_2021,3.08014779015,11.7835626133,2.29062584124,12.5730845622,FROZEN_B11_90,ONE_SIDED_CLUSTER_DRIFT_GUARD_90,0.9,0.951281331718,NO_2023_FEEDBACK_AVAILABLE_CARRY_FORWARD_2022_DRIFT_STATE,2024,G+E_T1,T1_30DAP,SUPPORTED_FROZEN_B5_GENOME,SUPPORTED_T1_CONTEXT,False,False,8.225659692,True,True,8.703414823150002,True,10.282458720960001
F42/H95,MOH1_2024,7.69755649567,1.99102751539,0.455882352941,0.935681260619,WITHIN_TRAINING_NN_ENVELOPE,RETAIN_SUPPORTED,4.35170741157,5.14122936049,SUPPORT_GROUP_CHRONOLOGICAL_2016_2021,3.34584908409,12.0492639072,2.55632713518,12.8387858562,FROZEN_B11_90,ONE_SIDED_CLUSTER_DRIFT_GUARD_90,0.9,0.951281331718,NO_2023_FEEDBACK_AVAILABLE_CARRY_FORWARD_2022_DRIFT_STATE,2024,G+E_T1,T1_30DAP,SUPPORTED_FROZEN_B5_GENOME,SUPPORTED_T1_CONTEXT,False,False,10.77178157,True,True,8.70341482311,True,10.28245872102
F42/MO17,MOH1_2024,7.53504705429,1.99102751539,0.455882352941,0.935681260619,WITHIN_TRAINING_NN_ENVELOPE,RETAIN_SUPPORTED,4.35170741157,5.14122936049,SUPPORT_GROUP_CHRONOLOGICAL_2016_2021,3.18333964272,11.8867544659,2.3938176938,12.6762764148,FROZEN_B11_90,ONE_SIDED_CLUSTER_DRIFT_GUARD_90,0.9,0.951281331718,NO_2023_FEEDBACK_AVAILABLE_CARRY_FORWARD_2022_DRIFT_STATE,2024,G+E_T1,T1_30DAP,SUPPORTED_FROZEN_B5_GENOME,SUPPORTED_T1_CONTEXT,False,False,8.399261841,True,True,8.70341482318,True,10.282458721000001
F42/OH43,MOH1_2024,7.19509935379,1.99102751539,0.455882352941,0.935681260619,WITHIN_TRAINING_NN_ENVELOPE,RETAIN_SUPPORTED,4.35170741157,5.14122936049,SUPPORT_GROUP_CHRONOLOGICAL_2016_2021,2.84339194222,11.5468067654,2.0538699933,12.3363287143,FROZEN_B11_90,ONE_SIDED_CLUSTER_DRIFT_GUARD_90,0.9,0.951281331718,NO_2023_FEEDBACK_AVAILABLE_CARRY_FORWARD_2022_DRIFT_STATE,2024,G+E_T1,T1_30DAP,SUPPORTED_FROZEN_B5_GENOME,SUPPORTED_T1_CONTEXT,False,False,6.174457222,True,True,8.70341482318,True,10.282458721000001
LH145/LH82,MOH1_2024,6.18446493149,1.99102751539,0.455882352941,0.935681260619,WITHIN_TRAINING_NN_ENVELOPE,RETAIN_SUPPORTED,4.35170741157,5.14122936049,SUPPORT_GROUP_CHRONOLOGICAL_2016_2021,1.83275751992,10.5361723431,1.043235571,11.325694292,FROZEN_B11_90,ONE_SIDED_CLUSTER_DRIFT_GUARD_90,0.9,0.951281331718,NO_2023_FEEDBACK_AVAILABLE_CARRY_FORWARD_2022_DRIFT_STATE,2024,G+E_T1,T1_30DAP,SUPPORTED_FROZEN_B5_GENOME,SUPPORTED_T1_CONTEXT,False,False,10.29830383,True,True,8.703414823180001,True,10.282458721
LH195/MO17,MOH1_2024,7.43654727936,1.99102751539,0.455882352941,0.935681260619,WITHIN_TRAINING_NN_ENVELOPE,RETAIN_SUPPORTED,4.35170741157,5.14122936049,SUPPORT_GROUP_CHRONOLOGICAL_2016_2021,3.08483986779,11.7882546909,2.29531791887,12.5777766398,FROZEN_B11_90,ONE_SIDED_CLUSTER_DRIFT_GUARD_90,0.9,0.951281331718,NO_2023_FEEDBACK_AVAILABLE_CARRY_FORWARD_2022_DRIFT_STATE,2024,G+E_T1,T1_30DAP,SUPPORTED_FROZEN_B5_GENOME,SUPPORTED_T1_CONTEXT,False,False,12.47688427,True,False,22.476006405109977,True,10.28245872093
LH195/PHK76,MOH1_2024,8.70330429077,1.99102751539,0.455882352941,0.935681260619,WITHIN_TRAINING_NN_ENVELOPE,RETAIN_SUPPORTED,4.35170741157,5.14122936049,SUPPORT_GROUP_CHRONOLOGICAL_2016_2021,4.3515968792,13.0550117023,3.56207493029,13.8445336513,FROZEN_B11_90,ONE_SIDED_CLUSTER_DRIFT_GUARD_90,0.9,0.951281331718,NO_2023_FEEDBACK_AVAILABLE_CARRY_FORWARD_2022_DRIFT_STATE,2024,G+E_T1,T1_30DAP,SUPPORTED_FROZEN_B5_GENOME,SUPPORTED_T1_CONTEXT,False,False,8.335169738,True,True,8.703414823100001,True,10.28245872101
LH195/PHN82,MOH1_2024,8.71227645874,1.99102751539,0.455882352941,0.935681260619,WITHIN_TRAINING_NN_ENVELOPE,RETAIN_SUPPORTED,4.35170741157,5.14122936049,SUPPORT_GROUP_CHRONOLOGICAL_2016_2021,4.36056904717,13.0639838703,3.57104709825,13.8535058192,FROZEN_B11_90,ONE_SIDED_CLUSTER_DRIFT_GUARD_90,0.9,0.951281331718,NO_2023_FEEDBACK_AVAILABLE_CARRY_FORWARD_2022_DRIFT_STATE,2024,G+E_T1,T1_30DAP,SUPPORTED_FROZEN_B5_GENOME,SUPPORTED_T1_CONTEXT,False,False,8.316654395,True,True,8.70341482313,True,10.28245872095
LH195/PHZ51,MOH1_2024,7.6454782486,1.99102751539,0.455882352941,0.935681260619,WITHIN_TRAINING_NN_ENVELOPE,RETAIN_SUPPORTED,4.35170741157,5.14122936049,SUPPORT_GROUP_CHRONOLOGICAL_2016_2021,3.29377083702,11.9971856602,2.50424888811,12.7867076091,FROZEN_B11_90,ONE_SIDED_CLUSTER_DRIFT_GUARD_90,0.9,0.951281331718,NO_2023_FEEDBACK_AVAILABLE_CARRY_FORWARD_2022_DRIFT_STATE,2024,G+E_T1,T1_30DAP,SUPPORTED_FROZEN_B5_GENOME,SUPPORTED_T1_CONTEXT,False,False,9.434728869,True,True,8.70341482318,True,10.28245872099
LH244/MO17,MOH1_2024,7.26924800873,1.99102751539,0.455882352941,0.935681260619,WITHIN_TRAINING_NN_ENVELOPE,RETAIN_SUPPORTED,4.35170741157,5.14122936049,SUPPORT_GROUP_CHRONOLOGICAL_2016_2021,2.91754059716,11.6209554203,2.12801864824,12.4104773692,FROZEN_B11_90,ONE_SIDED_CLUSTER_DRIFT_GUARD_90,0.9,0.951281331718,NO_2023_FEEDBACK_AVAILABLE_CARRY_FORWARD_2022_DRIFT_STATE,2024,G+E_T1,T1_30DAP,SUPPORTED_FROZEN_B5_GENOME,SUPPORTED_T1_CONTEXT,False,False,10.24171453,True,True,8.70341482314,True,10.282458720960001
LH244/PHK76,MOH1_2024,8.59945583344,1.99102751539,0.455882352941,0.935681260619,WITHIN_TRAINING_NN_ENVELOPE,RETAIN_SUPPORTED,4.35170741157,5.14122936049,SUPPORT_GROUP_CHRONOLOGICAL_2016_2021,4.24774842186,12.951163245,3.45822647295,13.7406851939,FROZEN_B11_90,ONE_SIDED_CLUSTER_DRIFT_GUARD_90,0.9,0.951281331718,NO_2023_FEEDBACK_AVAILABLE_CARRY_FORWARD_2022_DRIFT_STATE,2024,G+E_T1,T1_30DAP,SUPPORTED_FROZEN_B5_GENOME,SUPPORTED_T1_CONTEXT,False,False,9.855724164,True,True,8.703414823140001,True,10.28245872095
LH244/PHN82,MOH1_2024,8.61545372009,1.99102751539,0.455882352941,0.935681260619,WITHIN_TRAINING_NN_ENVELOPE,RETAIN_SUPPORTED,4.35170741157,5.14122936049,SUPPORT_GROUP_CHRONOLOGICAL_2016_2021,4.26374630852,12.9671611317,3.47422435961,13.7566830806,FROZEN_B11_90,ONE_SIDED_CLUSTER_DRIFT_GUARD_90,0.9,0.951281331718,NO_2023_FEEDBACK_AVAILABLE_CARRY_FORWARD_2022_DRIFT_STATE,2024,G+E_T1,T1_30DAP,SUPPORTED_FROZEN_B5_GENOME,SUPPORTED_T1_CONTEXT,False,False,6.742432497,True,True,8.70341482318,True,10.28245872099
LH244/PHZ51,MOH1_2024,7.55072021484,1.99102751539,0.455882352941,0.935681260619,WITHIN_TRAINING_NN_ENVELOPE,RETAIN_SUPPORTED,4.35170741157,5.14122936049,SUPPORT_GROUP_CHRONOLOGICAL_2016_2021,3.19901280327,11.9024276264,2.40949085436,12.6919495753,FROZEN_B11_90,ONE_SIDED_CLUSTER_DRIFT_GUARD_90,0.9,0.951281331718,NO_2023_FEEDBACK_AVAILABLE_CARRY_FORWARD_2022_DRIFT_STATE,2024,G+E_T1,T1_30DAP,SUPPORTED_FROZEN_B5_GENOME,SUPPORTED_T1_CONTEXT,False,False,9.562023415,True,True,8.70341482313,True,10.282458720940001
LH74/PHN82,MOH1_2024,8.71986675262,1.99102751539,0.455882352941,0.935681260619,WITHIN_TRAINING_NN_ENVELOPE,RETAIN_SUPPORTED,4.35170741157,5.14122936049,SUPPORT_GROUP_CHRONOLOGICAL_2016_2021,4.36815934105,13.0715741642,3.57863739214,13.8610961131,FROZEN_B11_90,ONE_SIDED_CLUSTER_DRIFT_GUARD_90,0.9,0.951281331718,NO_2023_FEEDBACK_AVAILABLE_CARRY_FORWARD_2022_DRIFT_STATE,2024,G+E_T1,T1_30DAP,SUPPORTED_FROZEN_B5_GENOME,SUPPORTED_T1_CONTEXT,False,False,9.717180339,True,True,8.703414823149998,True,10.282458720960001
PHB47/MO17,MOH1_2024,6.63593530655,1.99102751539,0.455882352941,0.935681260619,WITHIN_TRAINING_NN_ENVELOPE,RETAIN_SUPPORTED,4.35170741157,5.14122936049,SUPPORT_GROUP_CHRONOLOGICAL_2016_2021,2.28422789498,10.9876427181,1.49470594606,11.777164667,FROZEN_B11_90,ONE_SIDED_CLUSTER_DRIFT_GUARD_90,0.9,0.951281331718,NO_2023_FEEDBACK_AVAILABLE_CARRY_FORWARD_2022_DRIFT_STATE,2024,G+E_T1,T1_30DAP,SUPPORTED_FROZEN_B5_GENOME,SUPPORTED_T1_CONTEXT,False,False,9.528424224,True,True,8.70341482312,True,10.28245872094
PHB47/PHK76,MOH1_2024,7.90167140961,1.99102751539,0.455882352941,0.935681260619,WITHIN_TRAINING_NN_ENVELOPE,RETAIN_SUPPORTED,4.35170741157,5.14122936049,SUPPORT_GROUP_CHRONOLOGICAL_2016_2021,3.54996399803,12.2533788212,2.76044204912,13.0429007701,FROZEN_B11_90,ONE_SIDED_CLUSTER_DRIFT_GUARD_90,0.9,0.951281331718,NO_2023_FEEDBACK_AVAILABLE_CARRY_FORWARD_2022_DRIFT_STATE,2024,G+E_T1,T1_30DAP,SUPPORTED_FROZEN_B5_GENOME,SUPPORTED_T1_CONTEXT,False,False,4.222939167,True,True,8.70341482317,True,10.28245872098
PHB47/PHN82,MOH1_2024,7.91024589539,1.99102751539,0.455882352941,0.935681260619,WITHIN_TRAINING_NN_ENVELOPE,RETAIN_SUPPORTED,4.35170741157,5.14122936049,SUPPORT_GROUP_CHRONOLOGICAL_2016_2021,3.55853848381,12.261953307,2.7690165349,13.0514752559,FROZEN_B11_90,ONE_SIDED_CLUSTER_DRIFT_GUARD_90,0.9,0.951281331718,NO_2023_FEEDBACK_AVAILABLE_CARRY_FORWARD_2022_DRIFT_STATE,2024,G+E_T1,T1_30DAP,SUPPORTED_FROZEN_B5_GENOME,SUPPORTED_T1_CONTEXT,False,False,9.249139783,True,True,8.70341482319,True,10.282458721
PHB47/PHZ51,MOH1_2024,6.84188365936,1.99102751539,0.455882352941,0.935681260619,WITHIN_TRAINING_NN_ENVELOPE,RETAIN_SUPPORTED,4.35170741157,5.14122936049,SUPPORT_GROUP_CHRONOLOGICAL_2016_2021,2.49017624779,11.1935910709,1.70065429888,11.9831130198,FROZEN_B11_90,ONE_SIDED_CLUSTER_DRIFT_GUARD_90,0.9,0.951281331718,NO_2023_FEEDBACK_AVAILABLE_CARRY_FORWARD_2022_DRIFT_STATE,2024,G+E_T1,T1_30DAP,SUPPORTED_FROZEN_B5_GENOME,SUPPORTED_T1_CONTEXT,False,False,10.0094055,True,True,8.70341482311,True,10.28245872092
PHG29/PHG47,MOH1_2024,7.81940460205,1.99102751539,0.455882352941,0.935681260619,WITHIN_TRAINING_NN_ENVELOPE,RETAIN_SUPPORTED,4.35170741157,5.14122936049,SUPPORT_GROUP_CHRONOLOGICAL_2016_2021,3.46769719048,12.1711120136,2.67817524156,12.9606339625,FROZEN_B11_90,ONE_SIDED_CLUSTER_DRIFT_GUARD_90,0.9,0.951281331718,NO_2023_FEEDBACK_AVAILABLE_CARRY_FORWARD_2022_DRIFT_STATE,2024,G+E_T1,T1_30DAP,SUPPORTED_FROZEN_B5_GENOME,SUPPORTED_T1_CONTEXT,False,False,8.492835532,True,True,8.70341482312,True,10.28245872094
PHG39/PHN82,MOH1_2024,8.40504741669,1.99102751539,0.455882352941,0.935681260619,WITHIN_TRAINING_NN_ENVELOPE,RETAIN_SUPPORTED,4.35170741157,5.14122936049,SUPPORT_GROUP_CHRONOLOGICAL_2016_2021,4.05334000511,12.7567548283,3.2638180562,13.5462767772,FROZEN_B11_90,ONE_SIDED_CLUSTER_DRIFT_GUARD_90,0.9,0.951281331718,NO_2023_FEEDBACK_AVAILABLE_CARRY_FORWARD_2022_DRIFT_STATE,2024,G+E_T1,T1_30DAP,SUPPORTED_FROZEN_B5_GENOME,SUPPORTED_T1_CONTEXT,False,False,11.93545567,True,True,8.70341482319,True,10.282458721
PHJ40/PHAJ0,MOH1_2024,7.62391090393,1.99102751539,0.455882352941,0.935681260619,WITHIN_TRAINING_NN_ENVELOPE,RETAIN_SUPPORTED,4.35170741157,5.14122936049,SUPPORT_GROUP_CHRONOLOGICAL_2016_2021,3.27220349236,11.9756183155,2.48268154344,12.7651402644,FROZEN_B11_90,ONE_SIDED_CLUSTER_DRIFT_GUARD_90,0.9,0.951281331718,NO_2023_FEEDBACK_AVAILABLE_CARRY_FORWARD_2022_DRIFT_STATE,2024,G+E_T1,T1_30DAP,SUPPORTED_FROZEN_B5_GENOME,SUPPORTED_T1_CONTEXT,False,False,6.693212969,True,True,8.703414823140001,True,10.28245872096
PHJ89/PH207,MOH1_2024,7.79929494858,1.99102751539,0.455882352941,0.935681260619,WITHIN_TRAINING_NN_ENVELOPE,RETAIN_SUPPORTED,4.35170741157,5.14122936049,SUPPORT_GROUP_CHRONOLOGICAL_2016_2021,3.44758753701,12.1510023602,2.65806558809,12.9405243091,FROZEN_B11_90,ONE_SIDED_CLUSTER_DRIFT_GUARD_90,0.9,0.951281331718,NO_2023_FEEDBACK_AVAILABLE_CARRY_FORWARD_2022_DRIFT_STATE,2024,G+E_T1,T1_30DAP,SUPPORTED_FROZEN_B5_GENOME,SUPPORTED_T1_CONTEXT,False,False,9.089862781,True,True,8.70341482319,True,10.28245872101
PHRE1/PHTD5,MOH1_2024,8.03861713409,1.99102751539,0.455882352941,0.935681260619,WITHIN_TRAINING_NN_ENVELOPE,RETAIN_SUPPORTED,4.35170741157,5.14122936049,SUPPORT_GROUP_CHRONOLOGICAL_2016_2021,3.68690972252,12.3903245457,2.89738777361,13.1798464946,FROZEN_B11_90,ONE_SIDED_CLUSTER_DRIFT_GUARD_90,0.9,0.951281331718,NO_2023_FEEDBACK_AVAILABLE_CARRY_FORWARD_2022_DRIFT_STATE,2024,G+E_T1,T1_30DAP,SUPPORTED_FROZEN_B5_GENOME,SUPPORTED_T1_CONTEXT,False,False,8.852373869,True,True,8.703414823180001,True,10.28245872099
PHW52/PHM49,MOH1_2024,8.1493473053,1.99102751539,0.455882352941,0.935681260619,WITHIN_TRAINING_NN_ENVELOPE,RETAIN_SUPPORTED,4.35170741157,5.14122936049,SUPPORT_GROUP_CHRONOLOGICAL_2016_2021,3.79763989373,12.5010547169,3.00811794481,13.2905766658,FROZEN_B11_90,ONE_SIDED_CLUSTER_DRIFT_GUARD_90,0.9,0.951281331718,NO_2023_FEEDBACK_AVAILABLE_CARRY_FORWARD_2022_DRIFT_STATE,2024,G+E_T1,T1_30DAP,SUPPORTED_FROZEN_B5_GENOME,SUPPORTED_T1_CONTEXT,False,False,10.21158198,True,True,8.70341482317,True,10.28245872099
PHW52/PHN82,MOH1_2024,8.3332195282,1.99102751539,0.455882352941,0.935681260619,WITHIN_TRAINING_NN_ENVELOPE,RETAIN_SUPPORTED,4.35170741157,5.14122936049,SUPPORT_GROUP_CHRONOLOGICAL_2016_2021,3.98151211663,12.6849269398,3.19199016771,13.4744488887,FROZEN_B11_90,ONE_SIDED_CLUSTER_DRIFT_GUARD_90,0.9,0.951281331718,NO_2023_FEEDBACK_AVAILABLE_CARRY_FORWARD_2022_DRIFT_STATE,2024,G+E_T1,T1_30DAP,SUPPORTED_FROZEN_B5_GENOME,SUPPORTED_T1_CONTEXT,False,False,11.39370852,True,True,8.70341482317,True,10.28245872099
TX714/TX779,MOH1_2024,7.63594150543,1.99102751539,0.455882352941,0.935681260619,WITHIN_TRAINING_NN_ENVELOPE,RETAIN_SUPPORTED,4.35170741157,5.14122936049,SUPPORT_GROUP_CHRONOLOGICAL_2016_2021,3.28423409386,11.987648917,2.49471214495,12.7771708659,FROZEN_B11_90,ONE_SIDED_CLUSTER_DRIFT_GUARD_90,0.9,0.951281331718,NO_2023_FEEDBACK_AVAILABLE_CARRY_FORWARD_2022_DRIFT_STATE,2024,G+E_T1,T1_30DAP,SUPPORTED_FROZEN_B5_GENOME,SUPPORTED_T1_CONTEXT,False,False,9.939541067,True,True,8.70341482314,True,10.28245872095
TX777/LH195,MOH1_2024,7.76560497284,1.99102751539,0.455882352941,0.935681260619,WITHIN_TRAINING_NN_ENVELOPE,RETAIN_SUPPORTED,4.35170741157,5.14122936049,SUPPORT_GROUP_CHRONOLOGICAL_2016_2021,3.41389756127,12.1173123844,2.62437561235,12.9068343333,FROZEN_B11_90,ONE_SIDED_CLUSTER_DRIFT_GUARD_90,0.9,0.951281331718,NO_2023_FEEDBACK_AVAILABLE_CARRY_FORWARD_2022_DRIFT_STATE,2024,G+E_T1,T1_30DAP,SUPPORTED_FROZEN_B5_GENOME,SUPPORTED_T1_CONTEXT,False,False,7.066955606,True,True,8.70341482313,True,10.28245872095
W10004_0018/PHP02,MOH1_2024,8.65963172913,1.99102751539,0.455882352941,0.935681260619,WITHIN_TRAINING_NN_ENVELOPE,RETAIN_SUPPORTED,4.35170741157,5.14122936049,SUPPORT_GROUP_CHRONOLOGICAL_2016_2021,4.30792431755,13.0113391407,3.51840236864,13.8008610896,FROZEN_B11_90,ONE_SIDED_CLUSTER_DRIFT_GUARD_90,0.9,0.951281331718,NO_2023_FEEDBACK_AVAILABLE_CARRY_FORWARD_2022_DRIFT_STATE,2024,G+E_T1,T1_30DAP,SUPPORTED_FROZEN_B5_GENOME,SUPPORTED_T1_CONTEXT,False,False,10.21065386,True,True,8.70341482315,True,10.28245872096
W10004_0034/PHP02,MOH1_2024,8.93226051331,1.99102751539,0.455882352941,0.935681260619,WITHIN_TRAINING_NN_ENVELOPE,RETAIN_SUPPORTED,4.35170741157,5.14122936049,SUPPORT_GROUP_CHRONOLOGICAL_2016_2021,4.58055310173,13.2839679249,3.79103115282,14.0734898738,FROZEN_B11_90,ONE_SIDED_CLUSTER_DRIFT_GUARD_90,0.9,0.951281331718,NO_2023_FEEDBACK_AVAILABLE_CARRY_FORWARD_2022_DRIFT_STATE,2024,G+E_T1,T1_30DAP,SUPPORTED_FROZEN_B5_GENOME,SUPPORTED_T1_CONTEXT,False,False,9.772147953,True,True,8.70341482317,True,10.28245872098
W10004_0062/PHP02,MOH1_2024,8.02160453796,1.99102751539,0.455882352941,0.935681260619,WITHIN_TRAINING_NN_ENVELOPE,RETAIN_SUPPORTED,4.35170741157,5.14122936049,SUPPORT_GROUP_CHRONOLOGICAL_2016_2021,3.66989712639,12.3733119495,2.88037517748,13.1628338984,FROZEN_B11_90,ONE_SIDED_CLUSTER_DRIFT_GUARD_90,0.9,0.951281331718,NO_2023_FEEDBACK_AVAILABLE_CARRY_FORWARD_2022_DRIFT_STATE,2024,G+E_T1,T1_30DAP,SUPPORTED_FROZEN_B5_GENOME,SUPPORTED_T1_CONTEXT,False,False,9.944139898,True,True,8.70341482311,True,10.282458720920001
W10004_0095/PHP02,MOH1_2024,8.37947463989,1.99102751539,0.455882352941,0.935681260619,WITHIN_TRAINING_NN_ENVELOPE,RETAIN_SUPPORTED,4.35170741157,5.14122936049,SUPPORT_GROUP_CHRONOLOGICAL_2016_2021,4.02776722832,12.7311820515,3.23824527941,13.5207040004,FROZEN_B11_90,ONE_SIDED_CLUSTER_DRIFT_GUARD_90,0.9,0.951281331718,NO_2023_FEEDBACK_AVAILABLE_CARRY_FORWARD_2022_DRIFT_STATE,2024,G+E_T1,T1_30DAP,SUPPORTED_FROZEN_B5_GENOME,SUPPORTED_T1_CONTEXT,False,False,12.33385252,True,True,8.70341482318,True,10.28245872099
W10004_0103/PHP02,MOH1_2024,8.92551517487,1.99102751539,0.455882352941,0.935681260619,WITHIN_TRAINING_NN_ENVELOPE,RETAIN_SUPPORTED,4.35170741157,5.14122936049,SUPPORT_GROUP_CHRONOLOGICAL_2016_2021,4.57380776329,13.2772225864,3.78428581438,14.0667445354,FROZEN_B11_90,ONE_SIDED_CLUSTER_DRIFT_GUARD_90,0.9,0.951281331718,NO_2023_FEEDBACK_AVAILABLE_CARRY_FORWARD_2022_DRIFT_STATE,2024,G+E_T1,T1_30DAP,SUPPORTED_FROZEN_B5_GENOME,SUPPORTED_T1_CONTEXT,False,False,9.337261061,True,True,8.703414823110002,True,10.28245872102
W10004_0167/PHP02,MOH1_2024,8.56951713562,1.99102751539,0.455882352941,0.935681260619,WITHIN_TRAINING_NN_ENVELOPE,RETAIN_SUPPORTED,4.35170741157,5.14122936049,SUPPORT_GROUP_CHRONOLOGICAL_2016_2021,4.21780972405,12.9212245472,3.42828777513,13.7107464961,FROZEN_B11_90,ONE_SIDED_CLUSTER_DRIFT_GUARD_90,0.9,0.951281331718,NO_2023_FEEDBACK_AVAILABLE_CARRY_FORWARD_2022_DRIFT_STATE,2024,G+E_T1,T1_30DAP,SUPPORTED_FROZEN_B5_GENOME,SUPPORTED_T1_CONTEXT,False,False,8.555457531,True,True,8.703414823149998,True,10.28245872097
W10004_0258/PHP02,MOH1_2024,8.49318790436,1.99102751539,0.455882352941,0.935681260619,WITHIN_TRAINING_NN_ENVELOPE,RETAIN_SUPPORTED,4.35170741157,5.14122936049,SUPPORT_GROUP_CHRONOLOGICAL_2016_2021,4.14148049279,12.8448953159,3.35195854387,13.6344172648,FROZEN_B11_90,ONE_SIDED_CLUSTER_DRIFT_GUARD_90,0.9,0.951281331718,NO_2023_FEEDBACK_AVAILABLE_CARRY_FORWARD_2022_DRIFT_STATE,2024,G+E_T1,T1_30DAP,SUPPORTED_FROZEN_B5_GENOME,SUPPORTED_T1_CONTEXT,False,False,10.9951807,True,True,8.70341482311,True,10.28245872093
W10004_0270/PHP02,MOH1_2024,9.04438304901,1.99102751539,0.455882352941,0.935681260619,WITHIN_TRAINING_NN_ENVELOPE,RETAIN_SUPPORTED,4.35170741157,5.14122936049,SUPPORT_GROUP_CHRONOLOGICAL_2016_2021,4.69267563744,13.3960904606,3.90315368853,14.1856124095,FROZEN_B11_90,ONE_SIDED_CLUSTER_DRIFT_GUARD_90,0.9,0.951281331718,NO_2023_FEEDBACK_AVAILABLE_CARRY_FORWARD_2022_DRIFT_STATE,2024,G+E_T1,T1_30DAP,SUPPORTED_FROZEN_B5_GENOME,SUPPORTED_T1_CONTEXT,False,False,10.46199815,True,True,8.70341482316,True,10.282458720969998
W10004_0346/PHP02,MOH1_2024,8.8383026123,1.99102751539,0.455882352941,0.935681260619,WITHIN_TRAINING_NN_ENVELOPE,RETAIN_SUPPORTED,4.35170741157,5.14122936049,SUPPORT_GROUP_CHRONOLOGICAL_2016_2021,4.48659520073,13.1900100239,3.69707325182,13.9795319728,FROZEN_B11_90,ONE_SIDED_CLUSTER_DRIFT_GUARD_90,0.9,0.951281331718,NO_2023_FEEDBACK_AVAILABLE_CARRY_FORWARD_2022_DRIFT_STATE,2024,G+E_T1,T1_30DAP,SUPPORTED_FROZEN_B5_GENOME,SUPPORTED_T1_CONTEXT,False,False,11.22407783,True,True,8.70341482317,True,10.28245872098
W10004_0403/PHP02,MOH1_2024,8.56569385529,1.99102751539,0.455882352941,0.935681260619,WITHIN_TRAINING_NN_ENVELOPE,RETAIN_SUPPORTED,4.35170741157,5.14122936049,SUPPORT_GROUP_CHRONOLOGICAL_2016_2021,4.21398644371,12.9174012669,3.4244644948,13.7069232158,FROZEN_B11_90,ONE_SIDED_CLUSTER_DRIFT_GUARD_90,0.9,0.951281331718,NO_2023_FEEDBACK_AVAILABLE_CARRY_FORWARD_2022_DRIFT_STATE,2024,G+E_T1,T1_30DAP,SUPPORTED_FROZEN_B5_GENOME,SUPPORTED_T1_CONTEXT,False,False,6.627562081,True,True,8.703414823190002,True,10.282458721
W10004_0412/PHP02,MOH1_2024,8.46067142487,1.99102751539,0.455882352941,0.935681260619,WITHIN_TRAINING_NN_ENVELOPE,RETAIN_SUPPORTED,4.35170741157,5.14122936049,SUPPORT_GROUP_CHRONOLOGICAL_2016_2021,4.10896401329,12.8123788364,3.31944206438,13.6019007854,FROZEN_B11_90,ONE_SIDED_CLUSTER_DRIFT_GUARD_90,0.9,0.951281331718,NO_2023_FEEDBACK_AVAILABLE_CARRY_FORWARD_2022_DRIFT_STATE,2024,G+E_T1,T1_30DAP,SUPPORTED_FROZEN_B5_GENOME,SUPPORTED_T1_CONTEXT,False,False,9.31224647,True,True,8.703414823110002,True,10.28245872102
W10004_0476/PHP02,MOH1_2024,8.70895957947,1.99102751539,0.455882352941,0.935681260619,WITHIN_TRAINING_NN_ENVELOPE,RETAIN_SUPPORTED,4.35170741157,5.14122936049,SUPPORT_GROUP_CHRONOLOGICAL_2016_2021,4.3572521679,13.060666991,3.56773021898,13.85018894,FROZEN_B11_90,ONE_SIDED_CLUSTER_DRIFT_GUARD_90,0.9,0.951281331718,NO_2023_FEEDBACK_AVAILABLE_CARRY_FORWARD_2022_DRIFT_STATE,2024,G+E_T1,T1_30DAP,SUPPORTED_FROZEN_B5_GENOME,SUPPORTED_T1_CONTEXT,False,False,7.86905374,True,True,8.703414823100001,True,10.282458721020001
W10004_0601/PHP02,MOH1_2024,8.65972137451,1.99102751539,0.455882352941,0.935681260619,WITHIN_TRAINING_NN_ENVELOPE,RETAIN_SUPPORTED,4.35170741157,5.14122936049,SUPPORT_GROUP_CHRONOLOGICAL_2016_2021,4.30801396294,13.0114287861,3.51849201403,13.800950735,FROZEN_B11_90,ONE_SIDED_CLUSTER_DRIFT_GUARD_90,0.9,0.951281331718,NO_2023_FEEDBACK_AVAILABLE_CARRY_FORWARD_2022_DRIFT_STATE,2024,G+E_T1,T1_30DAP,SUPPORTED_FROZEN_B5_GENOME,SUPPORTED_T1_CONTEXT,False,False,11.12091103,True,True,8.70341482316,True,10.28245872097
W10004_0658/PHP02,MOH1_2024,8.87258911133,1.99102751539,0.455882352941,0.935681260619,WITHIN_TRAINING_NN_ENVELOPE,RETAIN_SUPPORTED,4.35170741157,5.14122936049,SUPPORT_GROUP_CHRONOLOGICAL_2016_2021,4.52088169976,13.2242965229,3.73135975084,14.0138184718,FROZEN_B11_90,ONE_SIDED_CLUSTER_DRIFT_GUARD_90,0.9,0.951281331718,NO_2023_FEEDBACK_AVAILABLE_CARRY_FORWARD_2022_DRIFT_STATE,2024,G+E_T1,T1_30DAP,SUPPORTED_FROZEN_B5_GENOME,SUPPORTED_T1_CONTEXT,False,False,10.84106264,True,True,8.70341482314,True,10.282458720960001
W10004_0714/PHP02,MOH1_2024,8.75447463989,1.99102751539,0.455882352941,0.935681260619,WITHIN_TRAINING_NN_ENVELOPE,RETAIN_SUPPORTED,4.35170741157,5.14122936049,SUPPORT_GROUP_CHRONOLOGICAL_2016_2021,4.40276722832,13.1061820515,3.61324527941,13.8957040004,FROZEN_B11_90,ONE_SIDED_CLUSTER_DRIFT_GUARD_90,0.9,0.951281331718,NO_2023_FEEDBACK_AVAILABLE_CARRY_FORWARD_2022_DRIFT_STATE,2024,G+E_T1,T1_30DAP,SUPPORTED_FROZEN_B5_GENOME,SUPPORTED_T1_CONTEXT,False,False,9.130266802,True,True,8.70341482318,True,10.28245872099
W10004_0747/PHP02,MOH1_2024,9.06578826904,1.99102751539,0.455882352941,0.935681260619,WITHIN_TRAINING_NN_ENVELOPE,RETAIN_SUPPORTED,4.35170741157,5.14122936049,SUPPORT_GROUP_CHRONOLOGICAL_2016_2021,4.71408085747,13.4174956806,3.92455890856,14.2070176295,FROZEN_B11_90,ONE_SIDED_CLUSTER_DRIFT_GUARD_90,0.9,0.951281331718,NO_2023_FEEDBACK_AVAILABLE_CARRY_FORWARD_2022_DRIFT_STATE,2024,G+E_T1,T1_30DAP,SUPPORTED_FROZEN_B5_GENOME,SUPPORTED_T1_CONTEXT,False,False,9.338892127,True,True,8.70341482313,True,10.28245872094
W10004_0858/PHP02,MOH1_2024,8.65572547913,1.99102751539,0.455882352941,0.935681260619,WITHIN_TRAINING_NN_ENVELOPE,RETAIN_SUPPORTED,4.35170741157,5.14122936049,SUPPORT_GROUP_CHRONOLOGICAL_2016_2021,4.30401806755,13.0074328907,3.51449611864,13.7969548396,FROZEN_B11_90,ONE_SIDED_CLUSTER_DRIFT_GUARD_90,0.9,0.951281331718,NO_2023_FEEDBACK_AVAILABLE_CARRY_FORWARD_2022_DRIFT_STATE,2024,G+E_T1,T1_30DAP,SUPPORTED_FROZEN_B5_GENOME,SUPPORTED_T1_CONTEXT,False,False,11.25723976,True,True,8.70341482315,True,10.28245872096
W10004_0859/PHP02,MOH1_2024,8.90545368195,1.99102751539,0.455882352941,0.935681260619,WITHIN_TRAINING_NN_ENVELOPE,RETAIN_SUPPORTED,4.35170741157,5.14122936049,SUPPORT_GROUP_CHRONOLOGICAL_2016_2021,4.55374627037,13.2571610935,3.76422432146,14.0466830424,FROZEN_B11_90,ONE_SIDED_CLUSTER_DRIFT_GUARD_90,0.9,0.951281331718,NO_2023_FEEDBACK_AVAILABLE_CARRY_FORWARD_2022_DRIFT_STATE,2024,G+E_T1,T1_30DAP,SUPPORTED_FROZEN_B5_GENOME,SUPPORTED_T1_CONTEXT,False,False,10.24262578,True,True,8.70341482313,True,10.28245872094
W10004_0866/PHP02,MOH1_2024,8.58532810211,1.99102751539,0.455882352941,0.935681260619,WITHIN_TRAINING_NN_ENVELOPE,RETAIN_SUPPORTED,4.35170741157,5.14122936049,SUPPORT_GROUP_CHRONOLOGICAL_2016_2021,4.23362069054,12.9370355137,3.44409874163,13.7265574626,FROZEN_B11_90,ONE_SIDED_CLUSTER_DRIFT_GUARD_90,0.9,0.951281331718,NO_2023_FEEDBACK_AVAILABLE_CARRY_FORWARD_2022_DRIFT_STATE,2024,G+E_T1,T1_30DAP,SUPPORTED_FROZEN_B5_GENOME,SUPPORTED_T1_CONTEXT,False,False,10.63344505,True,True,8.70341482316,True,10.28245872097
W10004_0969/PHP02,MOH1_2024,8.65208435059,1.99102751539,0.455882352941,0.935681260619,WITHIN_TRAINING_NN_ENVELOPE,RETAIN_SUPPORTED,4.35170741157,5.14122936049,SUPPORT_GROUP_CHRONOLOGICAL_2016_2021,4.30037693901,13.0037917622,3.5108549901,13.7933137111,FROZEN_B11_90,ONE_SIDED_CLUSTER_DRIFT_GUARD_90,0.9,0.951281331718,NO_2023_FEEDBACK_AVAILABLE_CARRY_FORWARD_2022_DRIFT_STATE,2024,G+E_T1,T1_30DAP,SUPPORTED_FROZEN_B5_GENOME,SUPPORTED_T1_CONTEXT,False,False,10.29379332,True,True,8.70341482319,True,10.282458721
W10004_1014/PHP02,MOH1_2024,8.67721366882,1.99102751539,0.455882352941,0.935681260619,WITHIN_TRAINING_NN_ENVELOPE,RETAIN_SUPPORTED,4.35170741157,5.14122936049,SUPPORT_GROUP_CHRONOLOGICAL_2016_2021,4.32550625725,13.0289210804,3.53598430834,13.8184430293,FROZEN_B11_90,ONE_SIDED_CLUSTER_DRIFT_GUARD_90,0.9,0.951281331718,NO_2023_FEEDBACK_AVAILABLE_CARRY_FORWARD_2022_DRIFT_STATE,2024,G+E_T1,T1_30DAP,SUPPORTED_FROZEN_B5_GENOME,SUPPORTED_T1_CONTEXT,False,False,11.31024773,True,True,8.70341482315,True,10.28245872096
B14A/OH43,NCH1_2024,8.29169559479,3.26349904859,0.698529411765,0.836431950923,WITHIN_TRAINING_NN_ENVELOPE,RETAIN_SUPPORTED,4.35170741157,5.14122936049,SUPPORT_GROUP_CHRONOLOGICAL_2016_2021,3.93998818322,12.6434030064,3.1504662343,13.4329249553,FROZEN_B11_90,ONE_SIDED_CLUSTER_DRIFT_GUARD_90,0.9,0.951281331718,NO_2023_FEEDBACK_AVAILABLE_CARRY_FORWARD_2022_DRIFT_STATE,2024,G+E_T1,T1_30DAP,SUPPORTED_FROZEN_B5_GENOME,SUPPORTED_T1_CONTEXT,False,False,8.913424784,True,True,8.70341482318,True,10.282458721000001
B37/H95,NCH1_2024,8.65459060669,3.26349904859,0.698529411765,0.836431950923,WITHIN_TRAINING_NN_ENVELOPE,RETAIN_SUPPORTED,4.35170741157,5.14122936049,SUPPORT_GROUP_CHRONOLOGICAL_2016_2021,4.30288319512,13.0062980183,3.5133612462,13.7958199672,FROZEN_B11_90,ONE_SIDED_CLUSTER_DRIFT_GUARD_90,0.9,0.951281331718,NO_2023_FEEDBACK_AVAILABLE_CARRY_FORWARD_2022_DRIFT_STATE,2024,G+E_T1,T1_30DAP,SUPPORTED_FROZEN_B5_GENOME,SUPPORTED_T1_CONTEXT,False,False,7.392396126,True,True,8.703414823180001,True,10.282458721
B73/MO17,NCH1_2024,8.95508098602,3.26349904859,0.698529411765,0.836431950923,WITHIN_TRAINING_NN_ENVELOPE,RETAIN_SUPPORTED,4.35170741157,5.14122936049,SUPPORT_GROUP_CHRONOLOGICAL_2016_2021,4.60337357445,13.3067883976,3.81385162554,14.0963103465,FROZEN_B11_90,ONE_SIDED_CLUSTER_DRIFT_GUARD_90,0.9,0.951281331718,NO_2023_FEEDBACK_AVAILABLE_CARRY_FORWARD_2022_DRIFT_STATE,2024,G+E_T1,T1_30DAP,SUPPORTED_FROZEN_B5_GENOME,SUPPORTED_T1_CONTEXT,False,False,8.650001369,True,True,8.70341482315,True,10.28245872096
B73/PHN82,NCH1_2024,10.2401990891,3.26349904859,0.698529411765,0.836431950923,WITHIN_TRAINING_NN_ENVELOPE,RETAIN_SUPPORTED,4.35170741157,5.14122936049,SUPPORT_GROUP_CHRONOLOGICAL_2016_2021,5.88849167748,14.5919065006,5.09896972856,15.3814284495,FROZEN_B11_90,ONE_SIDED_CLUSTER_DRIFT_GUARD_90,0.9,0.951281331718,NO_2023_FEEDBACK_AVAILABLE_CARRY_FORWARD_2022_DRIFT_STATE,2024,G+E_T1,T1_30DAP,SUPPORTED_FROZEN_B5_GENOME,SUPPORTED_T1_CONTEXT,False,False,10.87710674,True,True,8.70341482312,True,10.28245872094
B73/TX779,NCH1_2024,9.18359947205,3.26349904859,0.698529411765,0.836431950923,WITHIN_TRAINING_NN_ENVELOPE,RETAIN_SUPPORTED,4.35170741157,5.14122936049,SUPPORT_GROUP_CHRONOLOGICAL_2016_2021,4.83189206047,13.5353068836,4.04237011156,14.3248288325,FROZEN_B11_90,ONE_SIDED_CLUSTER_DRIFT_GUARD_90,0.9,0.951281331718,NO_2023_FEEDBACK_AVAILABLE_CARRY_FORWARD_2022_DRIFT_STATE,2024,G+E_T1,T1_30DAP,SUPPORTED_FROZEN_B5_GENOME,SUPPORTED_T1_CONTEXT,False,False,6.42816195,True,True,8.70341482313,True,10.28245872094
CG119/CG108,NCH1_2024,8.45234966278,3.26349904859,0.698529411765,0.836431950923,WITHIN_TRAINING_NN_ENVELOPE,RETAIN_SUPPORTED,4.35170741157,5.14122936049,SUPPORT_GROUP_CHRONOLOGICAL_2016_2021,4.10064225121,12.8040570744,3.31112030229,13.5935790233,FROZEN_B11_90,ONE_SIDED_CLUSTER_DRIFT_GUARD_90,0.9,0.951281331718,NO_2023_FEEDBACK_AVAILABLE_CARRY_FORWARD_2022_DRIFT_STATE,2024,G+E_T1,T1_30DAP,SUPPORTED_FROZEN_B5_GENOME,SUPPORTED_T1_CONTEXT,False,False,4.552052399,True,True,8.703414823189998,True,10.28245872101
CG44/CGR01,NCH1_2024,8.81907558441,3.26349904859,0.698529411765,0.836431950923,WITHIN_TRAINING_NN_ENVELOPE,RETAIN_SUPPORTED,4.35170741157,5.14122936049,SUPPORT_GROUP_CHRONOLOGICAL_2016_2021,4.46736817284,13.170782996,3.67784622393,13.9603049449,FROZEN_B11_90,ONE_SIDED_CLUSTER_DRIFT_GUARD_90,0.9,0.951281331718,NO_2023_FEEDBACK_AVAILABLE_CARRY_FORWARD_2022_DRIFT_STATE,2024,G+E_T1,T1_30DAP,SUPPORTED_FROZEN_B5_GENOME,SUPPORTED_T1_CONTEXT,False,False,8.417060006,True,True,8.70341482316,True,10.28245872097
LH132/PHP02,NCH1_2024,10.2912006378,3.26349904859,0.698529411765,0.836431950923,WITHIN_TRAINING_NN_ENVELOPE,RETAIN_SUPPORTED,4.35170741157,5.14122936049,SUPPORT_GROUP_CHRONOLOGICAL_2016_2021,5.93949322625,14.6429080494,5.14997127733,15.4324299983,FROZEN_B11_90,ONE_SIDED_CLUSTER_DRIFT_GUARD_90,0.9,0.951281331718,NO_2023_FEEDBACK_AVAILABLE_CARRY_FORWARD_2022_DRIFT_STATE,2024,G+E_T1,T1_30DAP,SUPPORTED_FROZEN_B5_GENOME,SUPPORTED_T1_CONTEXT,False,False,6.667336062,True,True,8.703414823150002,True,10.28245872097
LH195/PHP02,NCH1_2024,10.2730798721,3.26349904859,0.698529411765,0.836431950923,WITHIN_TRAINING_NN_ENVELOPE,RETAIN_SUPPORTED,4.35170741157,5.14122936049,SUPPORT_GROUP_CHRONOLOGICAL_2016_2021,5.92137246056,14.6247872837,5.13185051165,15.4143092326,FROZEN_B11_90,ONE_SIDED_CLUSTER_DRIFT_GUARD_90,0.9,0.951281331718,NO_2023_FEEDBACK_AVAILABLE_CARRY_FORWARD_2022_DRIFT_STATE,2024,G+E_T1,T1_30DAP,SUPPORTED_FROZEN_B5_GENOME,SUPPORTED_T1_CONTEXT,False,False,8.926311599,True,True,8.703414823140001,True,10.28245872095
LH195/PHZ51,NCH1_2024,9.03269863129,3.26349904859,0.698529411765,0.836431950923,WITHIN_TRAINING_NN_ENVELOPE,RETAIN_SUPPORTED,4.35170741157,5.14122936049,SUPPORT_GROUP_CHRONOLOGICAL_2016_2021,4.68099121971,13.3844060429,3.8914692708,14.1739279918,FROZEN_B11_90,ONE_SIDED_CLUSTER_DRIFT_GUARD_90,0.9,0.951281331718,NO_2023_FEEDBACK_AVAILABLE_CARRY_FORWARD_2022_DRIFT_STATE,2024,G+E_T1,T1_30DAP,SUPPORTED_FROZEN_B5_GENOME,SUPPORTED_T1_CONTEXT,False,False,7.645424152,True,True,8.70341482319,True,10.282458721
LH244/PHK76,NCH1_2024,9.98667621613,3.26349904859,0.698529411765,0.836431950923,WITHIN_TRAINING_NN_ENVELOPE,RETAIN_SUPPORTED,4.35170741157,5.14122936049,SUPPORT_GROUP_CHRONOLOGICAL_2016_2021,5.63496880455,14.3383836277,4.84544685564,15.1279055766,FROZEN_B11_90,ONE_SIDED_CLUSTER_DRIFT_GUARD_90,0.9,0.951281331718,NO_2023_FEEDBACK_AVAILABLE_CARRY_FORWARD_2022_DRIFT_STATE,2024,G+E_T1,T1_30DAP,SUPPORTED_FROZEN_B5_GENOME,SUPPORTED_T1_CONTEXT,False,False,8.543232346,True,True,8.703414823150002,True,10.282458720960001
PHB47/PHN82,NCH1_2024,9.29746627808,3.26349904859,0.698529411765,0.836431950923,WITHIN_TRAINING_NN_ENVELOPE,RETAIN_SUPPORTED,4.35170741157,5.14122936049,SUPPORT_GROUP_CHRONOLOGICAL_2016_2021,4.9457588665,13.6491736896,4.15623691759,14.4386956386,FROZEN_B11_90,ONE_SIDED_CLUSTER_DRIFT_GUARD_90,0.9,0.951281331718,NO_2023_FEEDBACK_AVAILABLE_CARRY_FORWARD_2022_DRIFT_STATE,2024,G+E_T1,T1_30DAP,SUPPORTED_FROZEN_B5_GENOME,SUPPORTED_T1_CONTEXT,False,False,9.275755562,True,True,8.7034148231,True,10.28245872101
PHB47/PHZ51,NCH1_2024,8.22910308838,3.26349904859,0.698529411765,0.836431950923,WITHIN_TRAINING_NN_ENVELOPE,RETAIN_SUPPORTED,4.35170741157,5.14122936049,SUPPORT_GROUP_CHRONOLOGICAL_2016_2021,3.87739567681,12.5808105,3.08787372789,13.3703324489,FROZEN_B11_90,ONE_SIDED_CLUSTER_DRIFT_GUARD_90,0.9,0.951281331718,NO_2023_FEEDBACK_AVAILABLE_CARRY_FORWARD_2022_DRIFT_STATE,2024,G+E_T1,T1_30DAP,SUPPORTED_FROZEN_B5_GENOME,SUPPORTED_T1_CONTEXT,False,False,9.876340335,True,True,8.70341482319,True,10.282458721009998
PHG29/PHG47,NCH1_2024,9.20662403107,3.26349904859,0.698529411765,0.836431950923,WITHIN_TRAINING_NN_ENVELOPE,RETAIN_SUPPORTED,4.35170741157,5.14122936049,SUPPORT_GROUP_CHRONOLOGICAL_2016_2021,4.85491661949,13.5583314426,4.06539467058,14.3478533916,FROZEN_B11_90,ONE_SIDED_CLUSTER_DRIFT_GUARD_90,0.9,0.951281331718,NO_2023_FEEDBACK_AVAILABLE_CARRY_FORWARD_2022_DRIFT_STATE,2024,G+E_T1,T1_30DAP,SUPPORTED_FROZEN_B5_GENOME,SUPPORTED_T1_CONTEXT,False,False,8.064276406,True,True,8.70341482311,True,10.28245872102
PHG39/PHN82,NCH1_2024,9.7922668457,3.26349904859,0.698529411765,0.836431950923,WITHIN_TRAINING_NN_ENVELOPE,RETAIN_SUPPORTED,4.35170741157,5.14122936049,SUPPORT_GROUP_CHRONOLOGICAL_2016_2021,5.44055943413,14.1439742573,4.65103748522,14.9334962062,FROZEN_B11_90,ONE_SIDED_CLUSTER_DRIFT_GUARD_90,0.9,0.951281331718,NO_2023_FEEDBACK_AVAILABLE_CARRY_FORWARD_2022_DRIFT_STATE,2024,G+E_T1,T1_30DAP,SUPPORTED_FROZEN_B5_GENOME,SUPPORTED_T1_CONTEXT,False,False,10.71253461,True,True,8.70341482317,True,10.28245872098
PHJ40/PHAJ0,NCH1_2024,9.01113128662,3.26349904859,0.698529411765,0.836431950923,WITHIN_TRAINING_NN_ENVELOPE,RETAIN_SUPPORTED,4.35170741157,5.14122936049,SUPPORT_GROUP_CHRONOLOGICAL_2016_2021,4.65942387505,13.3628386982,3.86990192614,14.1523606471,FROZEN_B11_90,ONE_SIDED_CLUSTER_DRIFT_GUARD_90,0.9,0.951281331718,NO_2023_FEEDBACK_AVAILABLE_CARRY_FORWARD_2022_DRIFT_STATE,2024,G+E_T1,T1_30DAP,SUPPORTED_FROZEN_B5_GENOME,SUPPORTED_T1_CONTEXT,False,False,4.988551855,True,True,8.703414823149998,True,10.282458720960001
PHRE1/PHTD5,NCH1_2024,9.42583751678,3.26349904859,0.698529411765,0.836431950923,WITHIN_TRAINING_NN_ENVELOPE,RETAIN_SUPPORTED,4.35170741157,5.14122936049,SUPPORT_GROUP_CHRONOLOGICAL_2016_2021,5.07413010521,13.7775449284,4.2846081563,14.5670668773,FROZEN_B11_90,ONE_SIDED_CLUSTER_DRIFT_GUARD_90,0.9,0.951281331718,NO_2023_FEEDBACK_AVAILABLE_CARRY_FORWARD_2022_DRIFT_STATE,2024,G+E_T1,T1_30DAP,SUPPORTED_FROZEN_B5_GENOME,SUPPORTED_T1_CONTEXT,False,False,6.300357156,True,True,8.703414823189998,True,10.282458721000001
PHW52/PHM49,NCH1_2024,9.53656768799,3.26349904859,0.698529411765,0.836431950923,WITHIN_TRAINING_NN_ENVELOPE,RETAIN_SUPPORTED,4.35170741157,5.14122936049,SUPPORT_GROUP_CHRONOLOGICAL_2016_2021,5.18486027642,13.8882750996,4.3953383275,14.6777970485,FROZEN_B11_90,ONE_SIDED_CLUSTER_DRIFT_GUARD_90,0.9,0.951281331718,NO_2023_FEEDBACK_AVAILABLE_CARRY_FORWARD_2022_DRIFT_STATE,2024,G+E_T1,T1_30DAP,SUPPORTED_FROZEN_B5_GENOME,SUPPORTED_T1_CONTEXT,False,False,8.872757678,True,True,8.70341482318,True,10.282458721000001
TX777/LH195,NCH1_2024,9.15282535553,3.26349904859,0.698529411765,0.836431950923,WITHIN_TRAINING_NN_ENVELOPE,RETAIN_SUPPORTED,4.35170741157,5.14122936049,SUPPORT_GROUP_CHRONOLOGICAL_2016_2021,4.80111794396,13.5045327671,4.01159599504,14.294054716,FROZEN_B11_90,ONE_SIDED_CLUSTER_DRIFT_GUARD_90,0.9,0.951281331718,NO_2023_FEEDBACK_AVAILABLE_CARRY_FORWARD_2022_DRIFT_STATE,2024,G+E_T1,T1_30DAP,SUPPORTED_FROZEN_B5_GENOME,SUPPORTED_T1_CONTEXT,False,False,7.378519622,True,True,8.703414823140001,True,10.28245872096
W10004_0034/PHP02,NCH1_2024,10.319480896,3.26349904859,0.698529411765,0.836431950923,WITHIN_TRAINING_NN_ENVELOPE,RETAIN_SUPPORTED,4.35170741157,5.14122936049,SUPPORT_GROUP_CHRONOLOGICAL_2016_2021,5.96777348442,14.6711883076,5.17825153551,15.4607102565,FROZEN_B11_90,ONE_SIDED_CLUSTER_DRIFT_GUARD_90,0.9,0.951281331718,NO_2023_FEEDBACK_AVAILABLE_CARRY_FORWARD_2022_DRIFT_STATE,2024,G+E_T1,T1_30DAP,SUPPORTED_FROZEN_B5_GENOME,SUPPORTED_T1_CONTEXT,False,False,6.841653452,True,True,8.70341482318,True,10.28245872099
W10004_0055/PHP02,NCH1_2024,10.2593250275,3.26349904859,0.698529411765,0.836431950923,WITHIN_TRAINING_NN_ENVELOPE,RETAIN_SUPPORTED,4.35170741157,5.14122936049,SUPPORT_GROUP_CHRONOLOGICAL_2016_2021,5.90761761589,14.611032439,5.11809566698,15.400554388,FROZEN_B11_90,ONE_SIDED_CLUSTER_DRIFT_GUARD_90,0.9,0.951281331718,NO_2023_FEEDBACK_AVAILABLE_CARRY_FORWARD_2022_DRIFT_STATE,2024,G+E_T1,T1_30DAP,SUPPORTED_FROZEN_B5_GENOME,SUPPORTED_T1_CONTEXT,False,False,8.137450928,True,True,8.703414823110002,True,10.28245872102
W10004_0062/PHP02,NCH1_2024,9.40882396698,3.26349904859,0.698529411765,0.836431950923,WITHIN_TRAINING_NN_ENVELOPE,RETAIN_SUPPORTED,4.35170741157,5.14122936049,SUPPORT_GROUP_CHRONOLOGICAL_2016_2021,5.05711655541,13.7605313786,4.26759460649,14.5500533275,FROZEN_B11_90,ONE_SIDED_CLUSTER_DRIFT_GUARD_90,0.9,0.951281331718,NO_2023_FEEDBACK_AVAILABLE_CARRY_FORWARD_2022_DRIFT_STATE,2024,G+E_T1,T1_30DAP,SUPPORTED_FROZEN_B5_GENOME,SUPPORTED_T1_CONTEXT,False,False,7.720032011,True,True,8.703414823189998,True,10.28245872101
W10004_0095/PHP02,NCH1_2024,9.76669406891,3.26349904859,0.698529411765,0.836431950923,WITHIN_TRAINING_NN_ENVELOPE,RETAIN_SUPPORTED,4.35170741157,5.14122936049,SUPPORT_GROUP_CHRONOLOGICAL_2016_2021,5.41498665734,14.1184014805,4.62546470842,14.9079234294,FROZEN_B11_90,ONE_SIDED_CLUSTER_DRIFT_GUARD_90,0.9,0.951281331718,NO_2023_FEEDBACK_AVAILABLE_CARRY_FORWARD_2022_DRIFT_STATE,2024,G+E_T1,T1_30DAP,SUPPORTED_FROZEN_B5_GENOME,SUPPORTED_T1_CONTEXT,False,False,5.644079958,True,True,8.70341482316,True,10.28245872098
W10004_0103/PHP02,NCH1_2024,10.3127355576,3.26349904859,0.698529411765,0.836431950923,WITHIN_TRAINING_NN_ENVELOPE,RETAIN_SUPPORTED,4.35170741157,5.14122936049,SUPPORT_GROUP_CHRONOLOGICAL_2016_2021,5.96102814598,14.6644429691,5.17150619707,15.453964918,FROZEN_B11_90,ONE_SIDED_CLUSTER_DRIFT_GUARD_90,0.9,0.951281331718,NO_2023_FEEDBACK_AVAILABLE_CARRY_FORWARD_2022_DRIFT_STATE,2024,G+E_T1,T1_30DAP,SUPPORTED_FROZEN_B5_GENOME,SUPPORTED_T1_CONTEXT,False,False,7.832863868,True,True,8.70341482312,True,10.28245872093
W10004_0122/PHP02,NCH1_2024,10.1067428589,3.26349904859,0.698529411765,0.836431950923,WITHIN_TRAINING_NN_ENVELOPE,RETAIN_SUPPORTED,4.35170741157,5.14122936049,SUPPORT_GROUP_CHRONOLOGICAL_2016_2021,5.75503544731,14.4584502705,4.9655134984,15.2479722194,FROZEN_B11_90,ONE_SIDED_CLUSTER_DRIFT_GUARD_90,0.9,0.951281331718,NO_2023_FEEDBACK_AVAILABLE_CARRY_FORWARD_2022_DRIFT_STATE,2024,G+E_T1,T1_30DAP,SUPPORTED_FROZEN_B5_GENOME,SUPPORTED_T1_CONTEXT,False,False,8.273263144,True,True,8.70341482319,True,10.282458721
W10004_0133/PHP02,NCH1_2024,9.98082065582,3.26349904859,0.698529411765,0.836431950923,WITHIN_TRAINING_NN_ENVELOPE,RETAIN_SUPPORTED,4.35170741157,5.14122936049,SUPPORT_GROUP_CHRONOLOGICAL_2016_2021,5.62911324425,14.3325280674,4.83959129534,15.1220500163,FROZEN_B11_90,ONE_SIDED_CLUSTER_DRIFT_GUARD_90,0.9,0.951281331718,NO_2023_FEEDBACK_AVAILABLE_CARRY_FORWARD_2022_DRIFT_STATE,2024,G+E_T1,T1_30DAP,SUPPORTED_FROZEN_B5_GENOME,SUPPORTED_T1_CONTEXT,False,False,9.303579149,True,True,8.70341482315,True,10.28245872096
W10004_0138/PHP02,NCH1_2024,10.5214653015,3.26349904859,0.698529411765,0.836431950923,WITHIN_TRAINING_NN_ENVELOPE,RETAIN_SUPPORTED,4.35170741157,5.14122936049,SUPPORT_GROUP_CHRONOLOGICAL_2016_2021,6.16975788994,14.8731727131,5.38023594103,15.662694662,FROZEN_B11_90,ONE_SIDED_CLUSTER_DRIFT_GUARD_90,0.9,0.951281331718,NO_2023_FEEDBACK_AVAILABLE_CARRY_FORWARD_2022_DRIFT_STATE,2024,G+E_T1,T1_30DAP,SUPPORTED_FROZEN_B5_GENOME,SUPPORTED_T1_CONTEXT,False,False,5.960612816,True,False,12.88631630195999,True,10.28245872097
W10004_0160/PHP02,NCH1_2024,10.7620429993,3.26349904859,0.698529411765,0.836431950923,WITHIN_TRAINING_NN_ENVELOPE,RETAIN_SUPPORTED,4.35170741157,5.14122936049,SUPPORT_GROUP_CHRONOLOGICAL_2016_2021,6.4103355877,15.1137504108,5.62081363878,15.9032723598,FROZEN_B11_90,ONE_SIDED_CLUSTER_DRIFT_GUARD_90,0.9,0.951281331718,NO_2023_FEEDBACK_AVAILABLE_CARRY_FORWARD_2022_DRIFT_STATE,2024,G+E_T1,T1_30DAP,SUPPORTED_FROZEN_B5_GENOME,SUPPORTED_T1_CONTEXT,False,False,6.764534137,True,True,8.703414823100001,True,10.282458721020001
W10004_0167/PHP02,NCH1_2024,9.95673751831,3.26349904859,0.698529411765,0.836431950923,WITHIN_TRAINING_NN_ENVELOPE,RETAIN_SUPPORTED,4.35170741157,5.14122936049,SUPPORT_GROUP_CHRONOLOGICAL_2016_2021,5.60503010674,14.3084449299,4.81550815782,15.0979668788,FROZEN_B11_90,ONE_SIDED_CLUSTER_DRIFT_GUARD_90,0.9,0.951281331718,NO_2023_FEEDBACK_AVAILABLE_CARRY_FORWARD_2022_DRIFT_STATE,2024,G+E_T1,T1_30DAP,SUPPORTED_FROZEN_B5_GENOME,SUPPORTED_T1_CONTEXT,False,False,6.709122956,True,True,8.70341482316,True,10.28245872098
W10004_0168/PHP02,NCH1_2024,10.2247657776,3.26349904859,0.698529411765,0.836431950923,WITHIN_TRAINING_NN_ENVELOPE,RETAIN_SUPPORTED,4.35170741157,5.14122936049,SUPPORT_GROUP_CHRONOLOGICAL_2016_2021,5.87305836602,14.5764731892,5.0835364171,15.3659951381,FROZEN_B11_90,ONE_SIDED_CLUSTER_DRIFT_GUARD_90,0.9,0.951281331718,NO_2023_FEEDBACK_AVAILABLE_CARRY_FORWARD_2022_DRIFT_STATE,2024,G+E_T1,T1_30DAP,SUPPORTED_FROZEN_B5_GENOME,SUPPORTED_T1_CONTEXT,False,False,7.104946392,True,True,8.70341482318,True,10.282458721000001
W10004_0189/PHP02,NCH1_2024,10.3361682892,3.26349904859,0.698529411765,0.836431950923,WITHIN_TRAINING_NN_ENVELOPE,RETAIN_SUPPORTED,4.35170741157,5.14122936049,SUPPORT_GROUP_CHRONOLOGICAL_2016_2021,5.98446087761,14.6878757008,5.1949389287,15.4773976497,FROZEN_B11_90,ONE_SIDED_CLUSTER_DRIFT_GUARD_90,0.9,0.951281331718,NO_2023_FEEDBACK_AVAILABLE_CARRY_FORWARD_2022_DRIFT_STATE,2024,G+E_T1,T1_30DAP,SUPPORTED_FROZEN_B5_GENOME,SUPPORTED_T1_CONTEXT,False,False,7.710597477,True,True,8.703414823189998,True,10.282458721000001
W10004_0236/PHP02,NCH1_2024,10.0356559753,3.26349904859,0.698529411765,0.836431950923,WITHIN_TRAINING_NN_ENVELOPE,RETAIN_SUPPORTED,4.35170741157,5.14122936049,SUPPORT_GROUP_CHRONOLOGICAL_2016_2021,5.68394856377,14.3873633869,4.89442661486,15.1768853358,FROZEN_B11_90,ONE_SIDED_CLUSTER_DRIFT_GUARD_90,0.9,0.951281331718,NO_2023_FEEDBACK_AVAILABLE_CARRY_FORWARD_2022_DRIFT_STATE,2024,G+E_T1,T1_30DAP,SUPPORTED_FROZEN_B5_GENOME,SUPPORTED_T1_CONTEXT,False,False,7.622040034,True,True,8.70341482313,True,10.28245872094
W10004_0238/PHP02,NCH1_2024,10.0037612915,3.26349904859,0.698529411765,0.836431950923,WITHIN_TRAINING_NN_ENVELOPE,RETAIN_SUPPORTED,4.35170741157,5.14122936049,SUPPORT_GROUP_CHRONOLOGICAL_2016_2021,5.65205387993,14.3554687031,4.86253193102,15.144990652,FROZEN_B11_90,ONE_SIDED_CLUSTER_DRIFT_GUARD_90,0.9,0.951281331718,NO_2023_FEEDBACK_AVAILABLE_CARRY_FORWARD_2022_DRIFT_STATE,2024,G+E_T1,T1_30DAP,SUPPORTED_FROZEN_B5_GENOME,SUPPORTED_T1_CONTEXT,False,False,5.121416132,True,False,19.316169781770007,True,10.28245872098
W10004_0258/PHP02,NCH1_2024,9.88040828705,3.26349904859,0.698529411765,0.836431950923,WITHIN_TRAINING_NN_ENVELOPE,RETAIN_SUPPORTED,4.35170741157,5.14122936049,SUPPORT_GROUP_CHRONOLOGICAL_2016_2021,5.52870087548,14.2321156986,4.73917892656,15.0216376475,FROZEN_B11_90,ONE_SIDED_CLUSTER_DRIFT_GUARD_90,0.9,0.951281331718,NO_2023_FEEDBACK_AVAILABLE_CARRY_FORWARD_2022_DRIFT_STATE,2024,G+E_T1,T1_30DAP,SUPPORTED_FROZEN_B5_GENOME,SUPPORTED_T1_CONTEXT,False,False,8.864149096,True,True,8.70341482312,True,10.28245872094
W10004_0270/PHP02,NCH1_2024,10.431602478,3.26349904859,0.698529411765,0.836431950923,WITHIN_TRAINING_NN_ENVELOPE,RETAIN_SUPPORTED,4.35170741157,5.14122936049,SUPPORT_GROUP_CHRONOLOGICAL_2016_2021,6.07989506646,14.7833098896,5.29037311754,15.5728318385,FROZEN_B11_90,ONE_SIDED_CLUSTER_DRIFT_GUARD_90,0.9,0.951281331718,NO_2023_FEEDBACK_AVAILABLE_CARRY_FORWARD_2022_DRIFT_STATE,2024,G+E_T1,T1_30DAP,SUPPORTED_FROZEN_B5_GENOME,SUPPORTED_T1_CONTEXT,False,False,8.513077092,True,True,8.703414823140001,True,10.282458720960001
W10004_0311/PHP02,NCH1_2024,10.0523891449,3.26349904859,0.698529411765,0.836431950923,WITHIN_TRAINING_NN_ENVELOPE,RETAIN_SUPPORTED,4.35170741157,5.14122936049,SUPPORT_GROUP_CHRONOLOGICAL_2016_2021,5.70068173333,14.4040965565,4.91115978441,15.1936185054,FROZEN_B11_90,ONE_SIDED_CLUSTER_DRIFT_GUARD_90,0.9,0.951281331718,NO_2023_FEEDBACK_AVAILABLE_CARRY_FORWARD_2022_DRIFT_STATE,2024,G+E_T1,T1_30DAP,SUPPORTED_FROZEN_B5_GENOME,SUPPORTED_T1_CONTEXT,False,False,6.570871869,True,True,8.70341482317,True,10.28245872099
W10004_0389/PHP02,NCH1_2024,10.2830848694,3.26349904859,0.698529411765,0.836431950923,WITHIN_TRAINING_NN_ENVELOPE,RETAIN_SUPPORTED,4.35170741157,5.14122936049,SUPPORT_GROUP_CHRONOLOGICAL_2016_2021,5.93137745781,14.634792281,5.1418555089,15.4243142299,FROZEN_B11_90,ONE_SIDED_CLUSTER_DRIFT_GUARD_90,0.9,0.951281331718,NO_2023_FEEDBACK_AVAILABLE_CARRY_FORWARD_2022_DRIFT_STATE,2024,G+E_T1,T1_30DAP,SUPPORTED_FROZEN_B5_GENOME,SUPPORTED_T1_CONTEXT,False,False,8.316632841,True,True,8.703414823189998,True,10.282458721000001
W10004_0409/PHP02,NCH1_2024,10.1879138947,3.26349904859,0.698529411765,0.836431950923,WITHIN_TRAINING_NN_ENVELOPE,RETAIN_SUPPORTED,4.35170741157,5.14122936049,SUPPORT_GROUP_CHRONOLOGICAL_2016_2021,5.83620648308,14.5396213062,5.04668453417,15.3291432551,FROZEN_B11_90,ONE_SIDED_CLUSTER_DRIFT_GUARD_90,0.9,0.951281331718,NO_2023_FEEDBACK_AVAILABLE_CARRY_FORWARD_2022_DRIFT_STATE,2024,G+E_T1,T1_30DAP,SUPPORTED_FROZEN_B5_GENOME,SUPPORTED_T1_CONTEXT,False,False,6.139941634,True,True,8.703414823120001,True,10.28245872093
W10004_0412/PHP02,NCH1_2024,9.84789180756,3.26349904859,0.698529411765,0.836431950923,WITHIN_TRAINING_NN_ENVELOPE,RETAIN_SUPPORTED,4.35170741157,5.14122936049,SUPPORT_GROUP_CHRONOLOGICAL_2016_2021,5.49618439598,14.1995992191,4.70666244707,14.989121168,FROZEN_B11_90,ONE_SIDED_CLUSTER_DRIFT_GUARD_90,0.9,0.951281331718,NO_2023_FEEDBACK_AVAILABLE_CARRY_FORWARD_2022_DRIFT_STATE,2024,G+E_T1,T1_30DAP,SUPPORTED_FROZEN_B5_GENOME,SUPPORTED_T1_CONTEXT,False,False,5.581251067,True,True,8.70341482312,True,10.28245872093
W10004_0476/PHP02,NCH1_2024,10.0961799622,3.26349904859,0.698529411765,0.836431950923,WITHIN_TRAINING_NN_ENVELOPE,RETAIN_SUPPORTED,4.35170741157,5.14122936049,SUPPORT_GROUP_CHRONOLOGICAL_2016_2021,5.74447255059,14.4478873737,4.95495060167,15.2374093226,FROZEN_B11_90,ONE_SIDED_CLUSTER_DRIFT_GUARD_90,0.9,0.951281331718,NO_2023_FEEDBACK_AVAILABLE_CARRY_FORWARD_2022_DRIFT_STATE,2024,G+E_T1,T1_30DAP,SUPPORTED_FROZEN_B5_GENOME,SUPPORTED_T1_CONTEXT,False,False,4.810626396,True,False,27.380337914910008,False,13.168942834330004
W10004_0601/PHP02,NCH1_2024,10.0469417572,3.26349904859,0.698529411765,0.836431950923,WITHIN_TRAINING_NN_ENVELOPE,RETAIN_SUPPORTED,4.35170741157,5.14122936049,SUPPORT_GROUP_CHRONOLOGICAL_2016_2021,5.69523434563,14.3986491688,4.90571239672,15.1881711177,FROZEN_B11_90,ONE_SIDED_CLUSTER_DRIFT_GUARD_90,0.9,0.951281331718,NO_2023_FEEDBACK_AVAILABLE_CARRY_FORWARD_2022_DRIFT_STATE,2024,G+E_T1,T1_30DAP,SUPPORTED_FROZEN_B5_GENOME,SUPPORTED_T1_CONTEXT,False,False,8.552637655,True,True,8.70341482317,True,10.28245872098
W10004_0608/PHP02,NCH1_2024,10.4760408401,3.26349904859,0.698529411765,0.836431950923,WITHIN_TRAINING_NN_ENVELOPE,RETAIN_SUPPORTED,4.35170741157,5.14122936049,SUPPORT_GROUP_CHRONOLOGICAL_2016_2021,6.12433342858,14.8277482517,5.33481147966,15.6172702006,FROZEN_B11_90,ONE_SIDED_CLUSTER_DRIFT_GUARD_90,0.9,0.951281331718,NO_2023_FEEDBACK_AVAILABLE_CARRY_FORWARD_2022_DRIFT_STATE,2024,G+E_T1,T1_30DAP,SUPPORTED_FROZEN_B5_GENOME,SUPPORTED_T1_CONTEXT,False,False,7.288106175,True,True,8.70341482312,True,10.28245872094
W10004_0637/PHP02,NCH1_2024,9.93689823151,3.26349904859,0.698529411765,0.836431950923,WITHIN_TRAINING_NN_ENVELOPE,RETAIN_SUPPORTED,4.35170741157,5.14122936049,SUPPORT_GROUP_CHRONOLOGICAL_2016_2021,5.58519081993,14.2886056431,4.79566887102,15.078127592,FROZEN_B11_90,ONE_SIDED_CLUSTER_DRIFT_GUARD_90,0.9,0.951281331718,NO_2023_FEEDBACK_AVAILABLE_CARRY_FORWARD_2022_DRIFT_STATE,2024,G+E_T1,T1_30DAP,SUPPORTED_FROZEN_B5_GENOME,SUPPORTED_T1_CONTEXT,False,False,8.099897305,True,True,8.70341482317,True,10.28245872098
W10004_0688/PHP02,NCH1_2024,9.91390800476,3.26349904859,0.698529411765,0.836431950923,WITHIN_TRAINING_NN_ENVELOPE,RETAIN_SUPPORTED,4.35170741157,5.14122936049,SUPPORT_GROUP_CHRONOLOGICAL_2016_2021,5.56220059319,14.2656154163,4.77267864427,15.0551373652,FROZEN_B11_90,ONE_SIDED_CLUSTER_DRIFT_GUARD_90,0.9,0.951281331718,NO_2023_FEEDBACK_AVAILABLE_CARRY_FORWARD_2022_DRIFT_STATE,2024,G+E_T1,T1_30DAP,SUPPORTED_FROZEN_B5_GENOME,SUPPORTED_T1_CONTEXT,False,False,8.142766996,True,True,8.703414823109998,True,10.28245872093
W10004_0691/PHP02,NCH1_2024,10.1650648117,3.26349904859,0.698529411765,0.836431950923,WITHIN_TRAINING_NN_ENVELOPE,RETAIN_SUPPORTED,4.35170741157,5.14122936049,SUPPORT_GROUP_CHRONOLOGICAL_2016_2021,5.81335740013,14.5167722233,5.02383545122,15.3062941722,FROZEN_B11_90,ONE_SIDED_CLUSTER_DRIFT_GUARD_90,0.9,0.951281331718,NO_2023_FEEDBACK_AVAILABLE_CARRY_FORWARD_2022_DRIFT_STATE,2024,G+E_T1,T1_30DAP,SUPPORTED_FROZEN_B5_GENOME,SUPPORTED_T1_CONTEXT,False,False,4.628577143,True,False,32.39901996577,False,18.187624885379996
W10004_0714/PHP02,NCH1_2024,10.1416940689,3.26349904859,0.698529411765,0.836431950923,WITHIN_TRAINING_NN_ENVELOPE,RETAIN_SUPPORTED,4.35170741157,5.14122936049,SUPPORT_GROUP_CHRONOLOGICAL_2016_2021,5.78998665734,14.4934014805,5.00046470842,15.2829234294,FROZEN_B11_90,ONE_SIDED_CLUSTER_DRIFT_GUARD_90,0.9,0.951281331718,NO_2023_FEEDBACK_AVAILABLE_CARRY_FORWARD_2022_DRIFT_STATE,2024,G+E_T1,T1_30DAP,SUPPORTED_FROZEN_B5_GENOME,SUPPORTED_T1_CONTEXT,False,False,8.066935353,True,True,8.70341482316,True,10.28245872098
W10004_0715/PHP02,NCH1_2024,10.1699581146,3.26349904859,0.698529411765,0.836431950923,WITHIN_TRAINING_NN_ENVELOPE,RETAIN_SUPPORTED,4.35170741157,5.14122936049,SUPPORT_GROUP_CHRONOLOGICAL_2016_2021,5.81825070305,14.5216655262,5.02872875414,15.3111874751,FROZEN_B11_90,ONE_SIDED_CLUSTER_DRIFT_GUARD_90,0.9,0.951281331718,NO_2023_FEEDBACK_AVAILABLE_CARRY_FORWARD_2022_DRIFT_STATE,2024,G+E_T1,T1_30DAP,SUPPORTED_FROZEN_B5_GENOME,SUPPORTED_T1_CONTEXT,False,False,8.32669174,True,True,8.703414823149998,True,10.282458720960001
W10004_0754/PHP02,NCH1_2024,10.0234565735,3.26349904859,0.698529411765,0.836431950923,WITHIN_TRAINING_NN_ENVELOPE,RETAIN_SUPPORTED,4.35170741157,5.14122936049,SUPPORT_GROUP_CHRONOLOGICAL_2016_2021,5.67174916191,14.3751639851,4.882227213,15.164685934,FROZEN_B11_90,ONE_SIDED_CLUSTER_DRIFT_GUARD_90,0.9,0.951281331718,NO_2023_FEEDBACK_AVAILABLE_CARRY_FORWARD_2022_DRIFT_STATE,2024,G+E_T1,T1_30DAP,SUPPORTED_FROZEN_B5_GENOME,SUPPORTED_T1_CONTEXT,False,False,7.29473382,True,True,8.70341482319,True,10.282458721
W10004_0771/PHP02,NCH1_2024,10.0462579727,3.26349904859,0.698529411765,0.836431950923,WITHIN_TRAINING_NN_ENVELOPE,RETAIN_SUPPORTED,4.35170741157,5.14122936049,SUPPORT_GROUP_CHRONOLOGICAL_2016_2021,5.69455056115,14.3979653843,4.90502861223,15.1874873332,FROZEN_B11_90,ONE_SIDED_CLUSTER_DRIFT_GUARD_90,0.9,0.951281331718,NO_2023_FEEDBACK_AVAILABLE_CARRY_FORWARD_2022_DRIFT_STATE,2024,G+E_T1,T1_30DAP,SUPPORTED_FROZEN_B5_GENOME,SUPPORTED_T1_CONTEXT,False,False,7.546252606,True,True,8.703414823150002,True,10.28245872097
W10004_0776/PHP02,NCH1_2024,10.0021486282,3.26349904859,0.698529411765,0.836431950923,WITHIN_TRAINING_NN_ENVELOPE,RETAIN_SUPPORTED,4.35170741157,5.14122936049,SUPPORT_GROUP_CHRONOLOGICAL_2016_2021,5.65044121666,14.3538560398,4.86091926775,15.1433779887,FROZEN_B11_90,ONE_SIDED_CLUSTER_DRIFT_GUARD_90,0.9,0.951281331718,NO_2023_FEEDBACK_AVAILABLE_CARRY_FORWARD_2022_DRIFT_STATE,2024,G+E_T1,T1_30DAP,SUPPORTED_FROZEN_B5_GENOME,SUPPORTED_T1_CONTEXT,False,False,6.216666754,True,True,8.703414823140001,True,10.28245872095
W10004_0801/PHP02,NCH1_2024,10.1914377213,3.26349904859,0.698529411765,0.836431950923,WITHIN_TRAINING_NN_ENVELOPE,RETAIN_SUPPORTED,4.35170741157,5.14122936049,SUPPORT_GROUP_CHRONOLOGICAL_2016_2021,5.83973030968,14.5431451328,5.05020836077,15.3326670817,FROZEN_B11_90,ONE_SIDED_CLUSTER_DRIFT_GUARD_90,0.9,0.951281331718,NO_2023_FEEDBACK_AVAILABLE_CARRY_FORWARD_2022_DRIFT_STATE,2024,G+E_T1,T1_30DAP,SUPPORTED_FROZEN_B5_GENOME,SUPPORTED_T1_CONTEXT,False,False,8.098290042,True,True,8.70341482312,True,10.28245872093
W10004_0822/PHP02,NCH1_2024,10.2396116257,3.26349904859,0.698529411765,0.836431950923,WITHIN_TRAINING_NN_ENVELOPE,RETAIN_SUPPORTED,4.35170741157,5.14122936049,SUPPORT_GROUP_CHRONOLOGICAL_2016_2021,5.8879042141,14.5913190372,5.09838226519,15.3808409862,FROZEN_B11_90,ONE_SIDED_CLUSTER_DRIFT_GUARD_90,0.9,0.951281331718,NO_2023_FEEDBACK_AVAILABLE_CARRY_FORWARD_2022_DRIFT_STATE,2024,G+E_T1,T1_30DAP,SUPPORTED_FROZEN_B5_GENOME,SUPPORTED_T1_CONTEXT,False,False,5.343629193,True,False,19.588915245099997,True,10.282458721010002
W10004_0858/PHP02,NCH1_2024,10.0429449081,3.26349904859,0.698529411765,0.836431950923,WITHIN_TRAINING_NN_ENVELOPE,RETAIN_SUPPORTED,4.35170741157,5.14122936049,SUPPORT_GROUP_CHRONOLOGICAL_2016_2021,5.69123749657,14.3946523197,4.90171554766,15.1841742686,FROZEN_B11_90,ONE_SIDED_CLUSTER_DRIFT_GUARD_90,0.9,0.951281331718,NO_2023_FEEDBACK_AVAILABLE_CARRY_FORWARD_2022_DRIFT_STATE,2024,G+E_T1,T1_30DAP,SUPPORTED_FROZEN_B5_GENOME,SUPPORTED_T1_CONTEXT,False,False,4.232122323,True,False,37.88571829453002,False,23.674323214140017
W10004_0859/PHP02,NCH1_2024,10.292673111,3.26349904859,0.698529411765,0.836431950923,WITHIN_TRAINING_NN_ENVELOPE,RETAIN_SUPPORTED,4.35170741157,5.14122936049,SUPPORT_GROUP_CHRONOLOGICAL_2016_2021,5.94096569939,14.6443805225,5.15144375048,15.4339024714,FROZEN_B11_90,ONE_SIDED_CLUSTER_DRIFT_GUARD_90,0.9,0.951281331718,NO_2023_FEEDBACK_AVAILABLE_CARRY_FORWARD_2022_DRIFT_STATE,2024,G+E_T1,T1_30DAP,SUPPORTED_FROZEN_B5_GENOME,SUPPORTED_T1_CONTEXT,False,False,6.492361852,True,True,8.70341482311,True,10.28245872092
W10004_0949/PHP02,NCH1_2024,10.3630924225,3.26349904859,0.698529411765,0.836431950923,WITHIN_TRAINING_NN_ENVELOPE,RETAIN_SUPPORTED,4.35170741157,5.14122936049,SUPPORT_GROUP_CHRONOLOGICAL_2016_2021,6.01138501091,14.7147998341,5.221863062,15.504321783,FROZEN_B11_90,ONE_SIDED_CLUSTER_DRIFT_GUARD_90,0.9,0.951281331718,NO_2023_FEEDBACK_AVAILABLE_CARRY_FORWARD_2022_DRIFT_STATE,2024,G+E_T1,T1_30DAP,SUPPORTED_FROZEN_B5_GENOME,SUPPORTED_T1_CONTEXT,False,False,9.075647949,True,True,8.703414823190002,True,10.282458721000001
W10004_1014/PHP02,NCH1_2024,10.0644330978,3.26349904859,0.698529411765,0.836431950923,WITHIN_TRAINING_NN_ENVELOPE,RETAIN_SUPPORTED,4.35170741157,5.14122936049,SUPPORT_GROUP_CHRONOLOGICAL_2016_2021,5.71272568627,14.4161405094,4.92320373735,15.2056624583,FROZEN_B11_90,ONE_SIDED_CLUSTER_DRIFT_GUARD_90,0.9,0.951281331718,NO_2023_FEEDBACK_AVAILABLE_CARRY_FORWARD_2022_DRIFT_STATE,2024,G+E_T1,T1_30DAP,SUPPORTED_FROZEN_B5_GENOME,SUPPORTED_T1_CONTEXT,False,False,6.411249983,True,True,8.70341482313,True,10.28245872095
W10004_1018/PHP02,NCH1_2024,10.4126968384,3.26349904859,0.698529411765,0.836431950923,WITHIN_TRAINING_NN_ENVELOPE,RETAIN_SUPPORTED,4.35170741157,5.14122936049,SUPPORT_GROUP_CHRONOLOGICAL_2016_2021,6.06098942681,14.76440425,5.27146747789,15.5539261989,FROZEN_B11_90,ONE_SIDED_CLUSTER_DRIFT_GUARD_90,0.9,0.951281331718,NO_2023_FEEDBACK_AVAILABLE_CARRY_FORWARD_2022_DRIFT_STATE,2024,G+E_T1,T1_30DAP,SUPPORTED_FROZEN_B5_GENOME,SUPPORTED_T1_CONTEXT,False,False,6.663225345,True,True,8.70341482319,True,10.282458721009998
W10004_1032/PHP02,NCH1_2024,10.230802536,3.26349904859,0.698529411765,0.836431950923,WITHIN_TRAINING_NN_ENVELOPE,RETAIN_SUPPORTED,4.35170741157,5.14122936049,SUPPORT_GROUP_CHRONOLOGICAL_2016_2021,5.87909512444,14.5825099476,5.08957317552,15.3720318965,FROZEN_B11_90,ONE_SIDED_CLUSTER_DRIFT_GUARD_90,0.9,0.951281331718,NO_2023_FEEDBACK_AVAILABLE_CARRY_FORWARD_2022_DRIFT_STATE,2024,G+E_T1,T1_30DAP,SUPPORTED_FROZEN_B5_GENOME,SUPPORTED_T1_CONTEXT,False,False,8.72674412,True,True,8.70341482316,True,10.28245872098
W10004_1080/PHP02,NCH1_2024,10.296040535,3.26349904859,0.698529411765,0.836431950923,WITHIN_TRAINING_NN_ENVELOPE,RETAIN_SUPPORTED,4.35170741157,5.14122936049,SUPPORT_GROUP_CHRONOLOGICAL_2016_2021,5.9443331234,14.6477479465,5.15481117449,15.4372698955,FROZEN_B11_90,ONE_SIDED_CLUSTER_DRIFT_GUARD_90,0.9,0.951281331718,NO_2023_FEEDBACK_AVAILABLE_CARRY_FORWARD_2022_DRIFT_STATE,2024,G+E_T1,T1_30DAP,SUPPORTED_FROZEN_B5_GENOME,SUPPORTED_T1_CONTEXT,False,False,6.182332678,True,True,8.7034148231,True,10.28245872101
B14A/OH43,NEH1_2024,8.19894790649,4.79345423506,0.757352941176,0.680224066918,WITHIN_TRAINING_NN_ENVELOPE,RETAIN_SUPPORTED,4.35170741157,5.14122936049,SUPPORT_GROUP_CHRONOLOGICAL_2016_2021,3.84724049492,12.5506553181,3.05771854601,13.340177267,FROZEN_B11_90,ONE_SIDED_CLUSTER_DRIFT_GUARD_90,0.9,0.951281331718,NO_2023_FEEDBACK_AVAILABLE_CARRY_FORWARD_2022_DRIFT_STATE,2024,G+E_T1,T1_30DAP,SUPPORTED_FROZEN_B5_GENOME,SUPPORTED_T1_CONTEXT,False,False,8.969139785,True,True,8.703414823180001,True,10.28245872099
B37/H95,NEH1_2024,8.5618429184,4.79345423506,0.757352941176,0.680224066918,WITHIN_TRAINING_NN_ENVELOPE,RETAIN_SUPPORTED,4.35170741157,5.14122936049,SUPPORT_GROUP_CHRONOLOGICAL_2016_2021,4.21013550682,12.91355033,3.42061355791,13.7030722789,FROZEN_B11_90,ONE_SIDED_CLUSTER_DRIFT_GUARD_90,0.9,0.951281331718,NO_2023_FEEDBACK_AVAILABLE_CARRY_FORWARD_2022_DRIFT_STATE,2024,G+E_T1,T1_30DAP,SUPPORTED_FROZEN_B5_GENOME,SUPPORTED_T1_CONTEXT,False,False,6.64830971,True,True,8.70341482318,True,10.28245872099
B73/MO17,NEH1_2024,8.86233329773,4.79345423506,0.757352941176,0.680224066918,WITHIN_TRAINING_NN_ENVELOPE,RETAIN_SUPPORTED,4.35170741157,5.14122936049,SUPPORT_GROUP_CHRONOLOGICAL_2016_2021,4.51062588616,13.2140407093,3.72110393724,14.0035626582,FROZEN_B11_90,ONE_SIDED_CLUSTER_DRIFT_GUARD_90,0.9,0.951281331718,NO_2023_FEEDBACK_AVAILABLE_CARRY_FORWARD_2022_DRIFT_STATE,2024,G+E_T1,T1_30DAP,SUPPORTED_FROZEN_B5_GENOME,SUPPORTED_T1_CONTEXT,False,False,8.459425299,True,True,8.703414823140001,True,10.28245872096
B73/PHN82,NEH1_2024,10.1474514008,4.79345423506,0.757352941176,0.680224066918,WITHIN_TRAINING_NN_ENVELOPE,RETAIN_SUPPORTED,4.35170741157,5.14122936049,SUPPORT_GROUP_CHRONOLOGICAL_2016_2021,5.79574398918,14.4991588123,5.00622204027,15.2886807612,FROZEN_B11_90,ONE_SIDED_CLUSTER_DRIFT_GUARD_90,0.9,0.951281331718,NO_2023_FEEDBACK_AVAILABLE_CARRY_FORWARD_2022_DRIFT_STATE,2024,G+E_T1,T1_30DAP,SUPPORTED_FROZEN_B5_GENOME,SUPPORTED_T1_CONTEXT,False,False,10.63110132,True,True,8.70341482312,True,10.28245872093
CG119/CG108,NEH1_2024,8.35960197449,4.79345423506,0.757352941176,0.680224066918,WITHIN_TRAINING_NN_ENVELOPE,RETAIN_SUPPORTED,4.35170741157,5.14122936049,SUPPORT_GROUP_CHRONOLOGICAL_2016_2021,4.00789456292,12.7113093861,3.218372614,13.500831335,FROZEN_B11_90,ONE_SIDED_CLUSTER_DRIFT_GUARD_90,0.9,0.951281331718,NO_2023_FEEDBACK_AVAILABLE_CARRY_FORWARD_2022_DRIFT_STATE,2024,G+E_T1,T1_30DAP,SUPPORTED_FROZEN_B5_GENOME,SUPPORTED_T1_CONTEXT,False,False,4.150587447,True,True,8.703414823180001,True,10.282458721000001
CG44/CGR01,NEH1_2024,8.72632789612,4.79345423506,0.757352941176,0.680224066918,WITHIN_TRAINING_NN_ENVELOPE,RETAIN_SUPPORTED,4.35170741157,5.14122936049,SUPPORT_GROUP_CHRONOLOGICAL_2016_2021,4.37462048455,13.0780353077,3.58509853563,13.8675572566,FROZEN_B11_90,ONE_SIDED_CLUSTER_DRIFT_GUARD_90,0.9,0.951281331718,NO_2023_FEEDBACK_AVAILABLE_CARRY_FORWARD_2022_DRIFT_STATE,2024,G+E_T1,T1_30DAP,SUPPORTED_FROZEN_B5_GENOME,SUPPORTED_T1_CONTEXT,False,False,7.580634886,True,True,8.70341482315,True,10.28245872097
LH195/PHZ51,NEH1_2024,8.93995094299,4.79345423506,0.757352941176,0.680224066918,WITHIN_TRAINING_NN_ENVELOPE,RETAIN_SUPPORTED,4.35170741157,5.14122936049,SUPPORT_GROUP_CHRONOLOGICAL_2016_2021,4.58824353142,13.2916583546,3.79872158251,14.0811803035,FROZEN_B11_90,ONE_SIDED_CLUSTER_DRIFT_GUARD_90,0.9,0.951281331718,NO_2023_FEEDBACK_AVAILABLE_CARRY_FORWARD_2022_DRIFT_STATE,2024,G+E_T1,T1_30DAP,SUPPORTED_FROZEN_B5_GENOME,SUPPORTED_T1_CONTEXT,False,False,9.181417633,True,True,8.70341482318,True,10.28245872099
LH244/PHK76,NEH1_2024,9.89392852783,4.79345423506,0.757352941176,0.680224066918,WITHIN_TRAINING_NN_ENVELOPE,RETAIN_SUPPORTED,4.35170741157,5.14122936049,SUPPORT_GROUP_CHRONOLOGICAL_2016_2021,5.54222111626,14.2456359394,4.75269916735,15.0351578883,FROZEN_B11_90,ONE_SIDED_CLUSTER_DRIFT_GUARD_90,0.9,0.951281331718,NO_2023_FEEDBACK_AVAILABLE_CARRY_FORWARD_2022_DRIFT_STATE,2024,G+E_T1,T1_30DAP,SUPPORTED_FROZEN_B5_GENOME,SUPPORTED_T1_CONTEXT,False,False,8.651781796,True,True,8.70341482314,True,10.28245872095
PHB47/PHN82,NEH1_2024,9.20471858978,4.79345423506,0.757352941176,0.680224066918,WITHIN_TRAINING_NN_ENVELOPE,RETAIN_SUPPORTED,4.35170741157,5.14122936049,SUPPORT_GROUP_CHRONOLOGICAL_2016_2021,4.85301117821,13.5564260014,4.0634892293,14.3459479503,FROZEN_B11_90,ONE_SIDED_CLUSTER_DRIFT_GUARD_90,0.9,0.951281331718,NO_2023_FEEDBACK_AVAILABLE_CARRY_FORWARD_2022_DRIFT_STATE,2024,G+E_T1,T1_30DAP,SUPPORTED_FROZEN_B5_GENOME,SUPPORTED_T1_CONTEXT,False,False,9.919226809,True,True,8.70341482319,True,10.282458721
PHB47/PHZ51,NEH1_2024,8.13635635376,4.79345423506,0.757352941176,0.680224066918,WITHIN_TRAINING_NN_ENVELOPE,RETAIN_SUPPORTED,4.35170741157,5.14122936049,SUPPORT_GROUP_CHRONOLOGICAL_2016_2021,3.78464894219,12.4880637653,2.99512699327,13.2775857142,FROZEN_B11_90,ONE_SIDED_CLUSTER_DRIFT_GUARD_90,0.9,0.951281331718,NO_2023_FEEDBACK_AVAILABLE_CARRY_FORWARD_2022_DRIFT_STATE,2024,G+E_T1,T1_30DAP,SUPPORTED_FROZEN_B5_GENOME,SUPPORTED_T1_CONTEXT,False,False,9.181220362,True,True,8.70341482311,True,10.28245872093
PHG29/PHG47,NEH1_2024,9.11387634277,4.79345423506,0.757352941176,0.680224066918,WITHIN_TRAINING_NN_ENVELOPE,RETAIN_SUPPORTED,4.35170741157,5.14122936049,SUPPORT_GROUP_CHRONOLOGICAL_2016_2021,4.7621689312,13.4655837543,3.97264698229,14.2551057033,FROZEN_B11_90,ONE_SIDED_CLUSTER_DRIFT_GUARD_90,0.9,0.951281331718,NO_2023_FEEDBACK_AVAILABLE_CARRY_FORWARD_2022_DRIFT_STATE,2024,G+E_T1,T1_30DAP,SUPPORTED_FROZEN_B5_GENOME,SUPPORTED_T1_CONTEXT,False,False,7.849560651,True,True,8.703414823100001,True,10.28245872101
PHG39/PHN82,NEH1_2024,9.69951915741,4.79345423506,0.757352941176,0.680224066918,WITHIN_TRAINING_NN_ENVELOPE,RETAIN_SUPPORTED,4.35170741157,5.14122936049,SUPPORT_GROUP_CHRONOLOGICAL_2016_2021,5.34781174584,14.051226569,4.55828979692,14.8407485179,FROZEN_B11_90,ONE_SIDED_CLUSTER_DRIFT_GUARD_90,0.9,0.951281331718,NO_2023_FEEDBACK_AVAILABLE_CARRY_FORWARD_2022_DRIFT_STATE,2024,G+E_T1,T1_30DAP,SUPPORTED_FROZEN_B5_GENOME,SUPPORTED_T1_CONTEXT,False,False,8.569919154,True,True,8.703414823160001,True,10.28245872098
PHJ40/PHAJ0,NEH1_2024,8.91838359833,4.79345423506,0.757352941176,0.680224066918,WITHIN_TRAINING_NN_ENVELOPE,RETAIN_SUPPORTED,4.35170741157,5.14122936049,SUPPORT_GROUP_CHRONOLOGICAL_2016_2021,4.56667618676,13.2700910099,3.77715423784,14.0596129588,FROZEN_B11_90,ONE_SIDED_CLUSTER_DRIFT_GUARD_90,0.9,0.951281331718,NO_2023_FEEDBACK_AVAILABLE_CARRY_FORWARD_2022_DRIFT_STATE,2024,G+E_T1,T1_30DAP,SUPPORTED_FROZEN_B5_GENOME,SUPPORTED_T1_CONTEXT,False,False,6.223206046,True,True,8.703414823140001,True,10.282458720960001
PHRE1/PHTD5,NEH1_2024,9.33308982849,4.79345423506,0.757352941176,0.680224066918,WITHIN_TRAINING_NN_ENVELOPE,RETAIN_SUPPORTED,4.35170741157,5.14122936049,SUPPORT_GROUP_CHRONOLOGICAL_2016_2021,4.98138241692,13.6847972401,4.19186046801,14.474319189,FROZEN_B11_90,ONE_SIDED_CLUSTER_DRIFT_GUARD_90,0.9,0.951281331718,NO_2023_FEEDBACK_AVAILABLE_CARRY_FORWARD_2022_DRIFT_STATE,2024,G+E_T1,T1_30DAP,SUPPORTED_FROZEN_B5_GENOME,SUPPORTED_T1_CONTEXT,False,False,9.868155655,True,True,8.703414823180001,True,10.28245872099
PHW52/PHM49,NEH1_2024,9.44381999969,4.79345423506,0.757352941176,0.680224066918,WITHIN_TRAINING_NN_ENVELOPE,RETAIN_SUPPORTED,4.35170741157,5.14122936049,SUPPORT_GROUP_CHRONOLOGICAL_2016_2021,5.09211258812,13.7955274113,4.30259063921,14.5850493602,FROZEN_B11_90,ONE_SIDED_CLUSTER_DRIFT_GUARD_90,0.9,0.951281331718,NO_2023_FEEDBACK_AVAILABLE_CARRY_FORWARD_2022_DRIFT_STATE,2024,G+E_T1,T1_30DAP,SUPPORTED_FROZEN_B5_GENOME,SUPPORTED_T1_CONTEXT,False,False,11.00459701,True,True,8.703414823180001,True,10.28245872099
B14A/OH43,NEH2_2024,8.16955757141,5.64720998694,0.779411764706,0.585775228492,WITHIN_TRAINING_NN_ENVELOPE,RETAIN_SUPPORTED,4.35170741157,5.14122936049,SUPPORT_GROUP_CHRONOLOGICAL_2016_2021,3.81785015984,12.521264983,3.02832821093,13.3107869319,FROZEN_B11_90,ONE_SIDED_CLUSTER_DRIFT_GUARD_90,0.9,0.951281331718,NO_2023_FEEDBACK_AVAILABLE_CARRY_FORWARD_2022_DRIFT_STATE,2024,G+E_T1,T1_30DAP,SUPPORTED_FROZEN_B5_GENOME,SUPPORTED_T1_CONTEXT,False,False,5.839503752,True,True,8.70341482316,True,10.282458720969998
B37/H95,NEH2_2024,8.53245258331,5.64720998694,0.779411764706,0.585775228492,WITHIN_TRAINING_NN_ENVELOPE,RETAIN_SUPPORTED,4.35170741157,5.14122936049,SUPPORT_GROUP_CHRONOLOGICAL_2016_2021,4.18074517174,12.8841599949,3.39122322283,13.6736819438,FROZEN_B11_90,ONE_SIDED_CLUSTER_DRIFT_GUARD_90,0.9,0.951281331718,NO_2023_FEEDBACK_AVAILABLE_CARRY_FORWARD_2022_DRIFT_STATE,2024,G+E_T1,T1_30DAP,SUPPORTED_FROZEN_B5_GENOME,SUPPORTED_T1_CONTEXT,False,False,4.572311344,True,True,8.70341482316,True,10.28245872097
B73/MO17,NEH2_2024,8.83294200897,5.64720998694,0.779411764706,0.585775228492,WITHIN_TRAINING_NN_ENVELOPE,RETAIN_SUPPORTED,4.35170741157,5.14122936049,SUPPORT_GROUP_CHRONOLOGICAL_2016_2021,4.4812345974,13.1846494205,3.69171264849,13.9741713695,FROZEN_B11_90,ONE_SIDED_CLUSTER_DRIFT_GUARD_90,0.9,0.951281331718,NO_2023_FEEDBACK_AVAILABLE_CARRY_FORWARD_2022_DRIFT_STATE,2024,G+E_T1,T1_30DAP,SUPPORTED_FROZEN_B5_GENOME,SUPPORTED_T1_CONTEXT,False,False,6.14553986,True,True,8.7034148231,True,10.28245872101
B73/PHN82,NEH2_2024,10.118060112,5.64720998694,0.779411764706,0.585775228492,WITHIN_TRAINING_NN_ENVELOPE,RETAIN_SUPPORTED,4.35170741157,5.14122936049,SUPPORT_GROUP_CHRONOLOGICAL_2016_2021,5.76635270043,14.4697675236,4.97683075151,15.2592894725,FROZEN_B11_90,ONE_SIDED_CLUSTER_DRIFT_GUARD_90,0.9,0.951281331718,NO_2023_FEEDBACK_AVAILABLE_CARRY_FORWARD_2022_DRIFT_STATE,2024,G+E_T1,T1_30DAP,SUPPORTED_FROZEN_B5_GENOME,SUPPORTED_T1_CONTEXT,False,False,5.990357114,True,True,8.70341482317,True,10.28245872099
CG119/CG108,NEH2_2024,8.3302116394,5.64720998694,0.779411764706,0.585775228492,WITHIN_TRAINING_NN_ENVELOPE,RETAIN_SUPPORTED,4.35170741157,5.14122936049,SUPPORT_GROUP_CHRONOLOGICAL_2016_2021,3.97850422783,12.681919051,3.18898227892,13.4714409999,FROZEN_B11_90,ONE_SIDED_CLUSTER_DRIFT_GUARD_90,0.9,0.951281331718,NO_2023_FEEDBACK_AVAILABLE_CARRY_FORWARD_2022_DRIFT_STATE,2024,G+E_T1,T1_30DAP,SUPPORTED_FROZEN_B5_GENOME,SUPPORTED_T1_CONTEXT,False,False,4.699148932,True,True,8.70341482317,True,10.28245872098
CG44/CGR01,NEH2_2024,8.69693660736,5.64720998694,0.779411764706,0.585775228492,WITHIN_TRAINING_NN_ENVELOPE,RETAIN_SUPPORTED,4.35170741157,5.14122936049,SUPPORT_GROUP_CHRONOLOGICAL_2016_2021,4.34522919579,13.0486440189,3.55570724688,13.8381659678,FROZEN_B11_90,ONE_SIDED_CLUSTER_DRIFT_GUARD_90,0.9,0.951281331718,NO_2023_FEEDBACK_AVAILABLE_CARRY_FORWARD_2022_DRIFT_STATE,2024,G+E_T1,T1_30DAP,SUPPORTED_FROZEN_B5_GENOME,SUPPORTED_T1_CONTEXT,False,False,5.731706398,True,True,8.703414823109998,True,10.282458720920001
LH195/PHZ51,NEH2_2024,8.91055965424,5.64720998694,0.779411764706,0.585775228492,WITHIN_TRAINING_NN_ENVELOPE,RETAIN_SUPPORTED,4.35170741157,5.14122936049,SUPPORT_GROUP_CHRONOLOGICAL_2016_2021,4.55885224266,13.2622670658,3.76933029375,14.0517890147,FROZEN_B11_90,ONE_SIDED_CLUSTER_DRIFT_GUARD_90,0.9,0.951281331718,NO_2023_FEEDBACK_AVAILABLE_CARRY_FORWARD_2022_DRIFT_STATE,2024,G+E_T1,T1_30DAP,SUPPORTED_FROZEN_B5_GENOME,SUPPORTED_T1_CONTEXT,False,False,5.635269142,True,True,8.70341482314,True,10.28245872095
LH244/PHK76,NEH2_2024,9.86453819275,5.64720998694,0.779411764706,0.585775228492,WITHIN_TRAINING_NN_ENVELOPE,RETAIN_SUPPORTED,4.35170741157,5.14122936049,SUPPORT_GROUP_CHRONOLOGICAL_2016_2021,5.51283078118,14.2162456043,4.72330883226,15.0057675532,FROZEN_B11_90,ONE_SIDED_CLUSTER_DRIFT_GUARD_90,0.9,0.951281331718,NO_2023_FEEDBACK_AVAILABLE_CARRY_FORWARD_2022_DRIFT_STATE,2024,G+E_T1,T1_30DAP,SUPPORTED_FROZEN_B5_GENOME,SUPPORTED_T1_CONTEXT,False,False,6.683835678,True,True,8.70341482312,True,10.28245872094
PHB47/PHN82,NEH2_2024,9.17532730103,5.64720998694,0.779411764706,0.585775228492,WITHIN_TRAINING_NN_ENVELOPE,RETAIN_SUPPORTED,4.35170741157,5.14122936049,SUPPORT_GROUP_CHRONOLOGICAL_2016_2021,4.82361988945,13.5270347126,4.03409794054,14.3165566615,FROZEN_B11_90,ONE_SIDED_CLUSTER_DRIFT_GUARD_90,0.9,0.951281331718,NO_2023_FEEDBACK_AVAILABLE_CARRY_FORWARD_2022_DRIFT_STATE,2024,G+E_T1,T1_30DAP,SUPPORTED_FROZEN_B5_GENOME,SUPPORTED_T1_CONTEXT,False,False,5.840672938,True,True,8.703414823150002,True,10.282458720960001
PHB47/PHZ51,NEH2_2024,8.106965065,5.64720998694,0.779411764706,0.585775228492,WITHIN_TRAINING_NN_ENVELOPE,RETAIN_SUPPORTED,4.35170741157,5.14122936049,SUPPORT_GROUP_CHRONOLOGICAL_2016_2021,3.75525765343,12.4586724766,2.96573570452,13.2481944255,FROZEN_B11_90,ONE_SIDED_CLUSTER_DRIFT_GUARD_90,0.9,0.951281331718,NO_2023_FEEDBACK_AVAILABLE_CARRY_FORWARD_2022_DRIFT_STATE,2024,G+E_T1,T1_30DAP,SUPPORTED_FROZEN_B5_GENOME,SUPPORTED_T1_CONTEXT,False,False,5.349530844,True,True,8.70341482317,True,10.28245872098
PHG29/PHG47,NEH2_2024,9.08448600769,5.64720998694,0.779411764706,0.585775228492,WITHIN_TRAINING_NN_ENVELOPE,RETAIN_SUPPORTED,4.35170741157,5.14122936049,SUPPORT_GROUP_CHRONOLOGICAL_2016_2021,4.73277859612,13.4361934193,3.9432566472,14.2257153682,FROZEN_B11_90,ONE_SIDED_CLUSTER_DRIFT_GUARD_90,0.9,0.951281331718,NO_2023_FEEDBACK_AVAILABLE_CARRY_FORWARD_2022_DRIFT_STATE,2024,G+E_T1,T1_30DAP,SUPPORTED_FROZEN_B5_GENOME,SUPPORTED_T1_CONTEXT,False,False,6.770979213,True,True,8.703414823180001,True,10.282458721
PHG39/PHN82,NEH2_2024,9.67012882233,5.64720998694,0.779411764706,0.585775228492,WITHIN_TRAINING_NN_ENVELOPE,RETAIN_SUPPORTED,4.35170741157,5.14122936049,SUPPORT_GROUP_CHRONOLOGICAL_2016_2021,5.31842141075,14.0218362339,4.52889946184,14.8113581828,FROZEN_B11_90,ONE_SIDED_CLUSTER_DRIFT_GUARD_90,0.9,0.951281331718,NO_2023_FEEDBACK_AVAILABLE_CARRY_FORWARD_2022_DRIFT_STATE,2024,G+E_T1,T1_30DAP,SUPPORTED_FROZEN_B5_GENOME,SUPPORTED_T1_CONTEXT,False,False,5.672311013,True,True,8.70341482315,True,10.28245872096
PHJ40/PHAJ0,NEH2_2024,8.88899230957,5.64720998694,0.779411764706,0.585775228492,WITHIN_TRAINING_NN_ENVELOPE,RETAIN_SUPPORTED,4.35170741157,5.14122936049,SUPPORT_GROUP_CHRONOLOGICAL_2016_2021,4.537284898,13.2406997211,3.74776294908,14.0302216701,FROZEN_B11_90,ONE_SIDED_CLUSTER_DRIFT_GUARD_90,0.9,0.951281331718,NO_2023_FEEDBACK_AVAILABLE_CARRY_FORWARD_2022_DRIFT_STATE,2024,G+E_T1,T1_30DAP,SUPPORTED_FROZEN_B5_GENOME,SUPPORTED_T1_CONTEXT,False,False,3.902852585,True,False,21.392061083100003,True,10.28245872102
PHRE1/PHTD5,NEH2_2024,9.30369949341,5.64720998694,0.779411764706,0.585775228492,WITHIN_TRAINING_NN_ENVELOPE,RETAIN_SUPPORTED,4.35170741157,5.14122936049,SUPPORT_GROUP_CHRONOLOGICAL_2016_2021,4.95199208184,13.655406905,4.16247013292,14.4449288539,FROZEN_B11_90,ONE_SIDED_CLUSTER_DRIFT_GUARD_90,0.9,0.951281331718,NO_2023_FEEDBACK_AVAILABLE_CARRY_FORWARD_2022_DRIFT_STATE,2024,G+E_T1,T1_30DAP,SUPPORTED_FROZEN_B5_GENOME,SUPPORTED_T1_CONTEXT,False,False,6.64160695,True,True,8.70341482316,True,10.28245872098
PHW52/PHM49,NEH2_2024,9.41442871094,5.64720998694,0.779411764706,0.585775228492,WITHIN_TRAINING_NN_ENVELOPE,RETAIN_SUPPORTED,4.35170741157,5.14122936049,SUPPORT_GROUP_CHRONOLOGICAL_2016_2021,5.06272129937,13.7661361225,4.27319935045,14.5556580714,FROZEN_B11_90,ONE_SIDED_CLUSTER_DRIFT_GUARD_90,0.9,0.951281331718,NO_2023_FEEDBACK_AVAILABLE_CARRY_FORWARD_2022_DRIFT_STATE,2024,G+E_T1,T1_30DAP,SUPPORTED_FROZEN_B5_GENOME,SUPPORTED_T1_CONTEXT,False,False,6.954527256,True,True,8.70341482313,True,10.28245872095
B14A/OH43,NYH2_2024,8.48081970215,1.14699720508,0.242647058824,0.978178646849,WITHIN_TRAINING_NN_ENVELOPE,RETAIN_SUPPORTED,4.35170741157,5.14122936049,SUPPORT_GROUP_CHRONOLOGICAL_2016_2021,4.12911229058,12.8325271137,3.33959034166,13.6220490626,FROZEN_B11_90,ONE_SIDED_CLUSTER_DRIFT_GUARD_90,0.9,0.951281331718,NO_2023_FEEDBACK_AVAILABLE_CARRY_FORWARD_2022_DRIFT_STATE,2024,G+E_T1,T1_30DAP,SUPPORTED_FROZEN_B5_GENOME,SUPPORTED_T1_CONTEXT,False,False,16.87443371,True,False,89.54154674912006,False,75.33015166894003
B37/H95,NYH2_2024,8.84371471405,1.14699720508,0.242647058824,0.978178646849,WITHIN_TRAINING_NN_ENVELOPE,RETAIN_SUPPORTED,4.35170741157,5.14122936049,SUPPORT_GROUP_CHRONOLOGICAL_2016_2021,4.49200730248,13.1954221256,3.70248535356,13.9849440745,FROZEN_B11_90,ONE_SIDED_CLUSTER_DRIFT_GUARD_90,0.9,0.951281331718,NO_2023_FEEDBACK_AVAILABLE_CARRY_FORWARD_2022_DRIFT_STATE,2024,G+E_T1,T1_30DAP,SUPPORTED_FROZEN_B5_GENOME,SUPPORTED_T1_CONTEXT,False,False,14.60983971,True,False,36.99176651111998,False,22.780371430939994
B73/MO17,NYH2_2024,9.14420509338,1.14699720508,0.242647058824,0.978178646849,WITHIN_TRAINING_NN_ENVELOPE,RETAIN_SUPPORTED,4.35170741157,5.14122936049,SUPPORT_GROUP_CHRONOLOGICAL_2016_2021,4.79249768181,13.495912505,4.0029757329,14.2854344539,FROZEN_B11_90,ONE_SIDED_CLUSTER_DRIFT_GUARD_90,0.9,0.951281331718,NO_2023_FEEDBACK_AVAILABLE_CARRY_FORWARD_2022_DRIFT_STATE,2024,G+E_T1,T1_30DAP,SUPPORTED_FROZEN_B5_GENOME,SUPPORTED_T1_CONTEXT,False,False,16.47727894,True,False,68.33074352319004,False,54.11934844300002
B73/PHN82,NYH2_2024,10.4293231964,1.14699720508,0.242647058824,0.978178646849,WITHIN_TRAINING_NN_ENVELOPE,RETAIN_SUPPORTED,4.35170741157,5.14122936049,SUPPORT_GROUP_CHRONOLOGICAL_2016_2021,6.07761578484,14.781030608,5.28809383593,15.5705525569,FROZEN_B11_90,ONE_SIDED_CLUSTER_DRIFT_GUARD_90,0.9,0.951281331718,NO_2023_FEEDBACK_AVAILABLE_CARRY_FORWARD_2022_DRIFT_STATE,2024,G+E_T1,T1_30DAP,SUPPORTED_FROZEN_B5_GENOME,SUPPORTED_T1_CONTEXT,False,False,14.07037963,True,True,8.70341482316,True,10.282458720969998
B73/TX779,NYH2_2024,9.37272357941,1.14699720508,0.242647058824,0.978178646849,WITHIN_TRAINING_NN_ENVELOPE,RETAIN_SUPPORTED,4.35170741157,5.14122936049,SUPPORT_GROUP_CHRONOLOGICAL_2016_2021,5.02101616783,13.724430991,4.23149421892,14.5139529399,FROZEN_B11_90,ONE_SIDED_CLUSTER_DRIFT_GUARD_90,0.9,0.951281331718,NO_2023_FEEDBACK_AVAILABLE_CARRY_FORWARD_2022_DRIFT_STATE,2024,G+E_T1,T1_30DAP,SUPPORTED_FROZEN_B5_GENOME,SUPPORTED_T1_CONTEXT,False,False,9.216781635,True,True,8.70341482317,True,10.28245872098
CG119/CG108,NYH2_2024,8.64147377014,1.14699720508,0.242647058824,0.978178646849,WITHIN_TRAINING_NN_ENVELOPE,RETAIN_SUPPORTED,4.35170741157,5.14122936049,SUPPORT_GROUP_CHRONOLOGICAL_2016_2021,4.28976635857,12.9931811817,3.50024440966,13.7827031306,FROZEN_B11_90,ONE_SIDED_CLUSTER_DRIFT_GUARD_90,0.9,0.951281331718,NO_2023_FEEDBACK_AVAILABLE_CARRY_FORWARD_2022_DRIFT_STATE,2024,G+E_T1,T1_30DAP,SUPPORTED_FROZEN_B5_GENOME,SUPPORTED_T1_CONTEXT,False,False,6.753885873,True,True,8.70341482313,True,10.28245872094
CG44/CGR01,NYH2_2024,9.00819969177,1.14699720508,0.242647058824,0.978178646849,WITHIN_TRAINING_NN_ENVELOPE,RETAIN_SUPPORTED,4.35170741157,5.14122936049,SUPPORT_GROUP_CHRONOLOGICAL_2016_2021,4.6564922802,13.3599071033,3.86697033129,14.1494290523,FROZEN_B11_90,ONE_SIDED_CLUSTER_DRIFT_GUARD_90,0.9,0.951281331718,NO_2023_FEEDBACK_AVAILABLE_CARRY_FORWARD_2022_DRIFT_STATE,2024,G+E_T1,T1_30DAP,SUPPORTED_FROZEN_B5_GENOME,SUPPORTED_T1_CONTEXT,False,False,10.39890464,True,True,8.7034148231,True,10.28245872101
LH132/PHP02,NYH2_2024,10.4803247452,1.14699720508,0.242647058824,0.978178646849,WITHIN_TRAINING_NN_ENVELOPE,RETAIN_SUPPORTED,4.35170741157,5.14122936049,SUPPORT_GROUP_CHRONOLOGICAL_2016_2021,6.12861733361,14.8320321568,5.33909538469,15.6215541057,FROZEN_B11_90,ONE_SIDED_CLUSTER_DRIFT_GUARD_90,0.9,0.951281331718,NO_2023_FEEDBACK_AVAILABLE_CARRY_FORWARD_2022_DRIFT_STATE,2024,G+E_T1,T1_30DAP,SUPPORTED_FROZEN_B5_GENOME,SUPPORTED_T1_CONTEXT,False,False,13.99124244,True,True,8.70341482319,True,10.282458721009998
LH195/PHP02,NYH2_2024,10.4622039795,1.14699720508,0.242647058824,0.978178646849,WITHIN_TRAINING_NN_ENVELOPE,RETAIN_SUPPORTED,4.35170741157,5.14122936049,SUPPORT_GROUP_CHRONOLOGICAL_2016_2021,6.11049656792,14.8139113911,5.32097461901,15.60343334,FROZEN_B11_90,ONE_SIDED_CLUSTER_DRIFT_GUARD_90,0.9,0.951281331718,NO_2023_FEEDBACK_AVAILABLE_CARRY_FORWARD_2022_DRIFT_STATE,2024,G+E_T1,T1_30DAP,SUPPORTED_FROZEN_B5_GENOME,SUPPORTED_T1_CONTEXT,False,False,13.13483517,True,True,8.70341482318,True,10.28245872099
LH195/PHZ51,NYH2_2024,9.22182273865,1.14699720508,0.242647058824,0.978178646849,WITHIN_TRAINING_NN_ENVELOPE,RETAIN_SUPPORTED,4.35170741157,5.14122936049,SUPPORT_GROUP_CHRONOLOGICAL_2016_2021,4.87011532708,13.5735301502,4.08059337816,14.3630520991,FROZEN_B11_90,ONE_SIDED_CLUSTER_DRIFT_GUARD_90,0.9,0.951281331718,NO_2023_FEEDBACK_AVAILABLE_CARRY_FORWARD_2022_DRIFT_STATE,2024,G+E_T1,T1_30DAP,SUPPORTED_FROZEN_B5_GENOME,SUPPORTED_T1_CONTEXT,False,False,12.79327713,True,True,8.70341482312,True,10.282458720940001
LH244/PHK76,NYH2_2024,10.1758003235,1.14699720508,0.242647058824,0.978178646849,WITHIN_TRAINING_NN_ENVELOPE,RETAIN_SUPPORTED,4.35170741157,5.14122936049,SUPPORT_GROUP_CHRONOLOGICAL_2016_2021,5.82409291191,14.5275077351,5.034570963,15.317029684,FROZEN_B11_90,ONE_SIDED_CLUSTER_DRIFT_GUARD_90,0.9,0.951281331718,NO_2023_FEEDBACK_AVAILABLE_CARRY_FORWARD_2022_DRIFT_STATE,2024,G+E_T1,T1_30DAP,SUPPORTED_FROZEN_B5_GENOME,SUPPORTED_T1_CONTEXT,False,False,12.60487708,True,True,8.70341482319,True,10.282458721
PHB47/PHN82,NYH2_2024,9.48659038544,1.14699720508,0.242647058824,0.978178646849,WITHIN_TRAINING_NN_ENVELOPE,RETAIN_SUPPORTED,4.35170741157,5.14122936049,SUPPORT_GROUP_CHRONOLOGICAL_2016_2021,5.13488297386,13.838297797,4.34536102495,14.6278197459,FROZEN_B11_90,ONE_SIDED_CLUSTER_DRIFT_GUARD_90,0.9,0.951281331718,NO_2023_FEEDBACK_AVAILABLE_CARRY_FORWARD_2022_DRIFT_STATE,2024,G+E_T1,T1_30DAP,SUPPORTED_FROZEN_B5_GENOME,SUPPORTED_T1_CONTEXT,False,False,13.66087519,True,True,8.70341482314,True,10.28245872095
PHB47/PHZ51,NYH2_2024,8.41822719574,1.14699720508,0.242647058824,0.978178646849,WITHIN_TRAINING_NN_ENVELOPE,RETAIN_SUPPORTED,4.35170741157,5.14122936049,SUPPORT_GROUP_CHRONOLOGICAL_2016_2021,4.06651978417,12.7699346073,3.27699783525,13.5594565562,FROZEN_B11_90,ONE_SIDED_CLUSTER_DRIFT_GUARD_90,0.9,0.951281331718,NO_2023_FEEDBACK_AVAILABLE_CARRY_FORWARD_2022_DRIFT_STATE,2024,G+E_T1,T1_30DAP,SUPPORTED_FROZEN_B5_GENOME,SUPPORTED_T1_CONTEXT,False,False,15.22847867,True,False,57.87429607713,False,43.662900996949986
PHG29/PHG47,NYH2_2024,9.39574813843,1.14699720508,0.242647058824,0.978178646849,WITHIN_TRAINING_NN_ENVELOPE,RETAIN_SUPPORTED,4.35170741157,5.14122936049,SUPPORT_GROUP_CHRONOLOGICAL_2016_2021,5.04404072686,13.74745555,4.25451877794,14.5369774989,FROZEN_B11_90,ONE_SIDED_CLUSTER_DRIFT_GUARD_90,0.9,0.951281331718,NO_2023_FEEDBACK_AVAILABLE_CARRY_FORWARD_2022_DRIFT_STATE,2024,G+E_T1,T1_30DAP,SUPPORTED_FROZEN_B5_GENOME,SUPPORTED_T1_CONTEXT,False,False,11.41017704,True,True,8.703414823140001,True,10.282458720960001
PHG39/PHN82,NYH2_2024,9.98139095306,1.14699720508,0.242647058824,0.978178646849,WITHIN_TRAINING_NN_ENVELOPE,RETAIN_SUPPORTED,4.35170741157,5.14122936049,SUPPORT_GROUP_CHRONOLOGICAL_2016_2021,5.62968354149,14.3330983646,4.84016159258,15.1226203135,FROZEN_B11_90,ONE_SIDED_CLUSTER_DRIFT_GUARD_90,0.9,0.951281331718,NO_2023_FEEDBACK_AVAILABLE_CARRY_FORWARD_2022_DRIFT_STATE,2024,G+E_T1,T1_30DAP,SUPPORTED_FROZEN_B5_GENOME,SUPPORTED_T1_CONTEXT,False,False,15.20670243,True,False,26.17549613111001,False,11.96410105091999
PHJ40/PHAJ0,NYH2_2024,9.20025539398,1.14699720508,0.242647058824,0.978178646849,WITHIN_TRAINING_NN_ENVELOPE,RETAIN_SUPPORTED,4.35170741157,5.14122936049,SUPPORT_GROUP_CHRONOLOGICAL_2016_2021,4.84854798241,13.5519628056,4.0590260335,14.3414847545,FROZEN_B11_90,ONE_SIDED_CLUSTER_DRIFT_GUARD_90,0.9,0.951281331718,NO_2023_FEEDBACK_AVAILABLE_CARRY_FORWARD_2022_DRIFT_STATE,2024,G+E_T1,T1_30DAP,SUPPORTED_FROZEN_B5_GENOME,SUPPORTED_T1_CONTEXT,False,False,8.626862208,True,True,8.70341482319,True,10.282458721
PHRE1/PHTD5,NYH2_2024,9.61496162415,1.14699720508,0.242647058824,0.978178646849,WITHIN_TRAINING_NN_ENVELOPE,RETAIN_SUPPORTED,4.35170741157,5.14122936049,SUPPORT_GROUP_CHRONOLOGICAL_2016_2021,5.26325421257,13.9666690357,4.47373226366,14.7561909846,FROZEN_B11_90,ONE_SIDED_CLUSTER_DRIFT_GUARD_90,0.9,0.951281331718,NO_2023_FEEDBACK_AVAILABLE_CARRY_FORWARD_2022_DRIFT_STATE,2024,G+E_T1,T1_30DAP,SUPPORTED_FROZEN_B5_GENOME,SUPPORTED_T1_CONTEXT,False,False,10.31745862,True,True,8.70341482313,True,10.28245872094
PHW52/PHM49,NYH2_2024,9.72569179535,1.14699720508,0.242647058824,0.978178646849,WITHIN_TRAINING_NN_ENVELOPE,RETAIN_SUPPORTED,4.35170741157,5.14122936049,SUPPORT_GROUP_CHRONOLOGICAL_2016_2021,5.37398438378,14.0773992069,4.58446243486,14.8669211558,FROZEN_B11_90,ONE_SIDED_CLUSTER_DRIFT_GUARD_90,0.9,0.951281331718,NO_2023_FEEDBACK_AVAILABLE_CARRY_FORWARD_2022_DRIFT_STATE,2024,G+E_T1,T1_30DAP,SUPPORTED_FROZEN_B5_GENOME,SUPPORTED_T1_CONTEXT,False,False,16.20916828,True,False,51.338796285120026,False,37.12740120494
TX777/LH195,NYH2_2024,9.34194946289,1.14699720508,0.242647058824,0.978178646849,WITHIN_TRAINING_NN_ENVELOPE,RETAIN_SUPPORTED,4.35170741157,5.14122936049,SUPPORT_GROUP_CHRONOLOGICAL_2016_2021,4.99024205132,13.6936568745,4.2007201024,14.4831788234,FROZEN_B11_90,ONE_SIDED_CLUSTER_DRIFT_GUARD_90,0.9,0.951281331718,NO_2023_FEEDBACK_AVAILABLE_CARRY_FORWARD_2022_DRIFT_STATE,2024,G+E_T1,T1_30DAP,SUPPORTED_FROZEN_B5_GENOME,SUPPORTED_T1_CONTEXT,False,False,13.26094943,True,True,8.703414823180001,True,10.282458721
W10004_0018/PHP02,NYH2_2024,10.2359752655,1.14699720508,0.242647058824,0.978178646849,WITHIN_TRAINING_NN_ENVELOPE,RETAIN_SUPPORTED,4.35170741157,5.14122936049,SUPPORT_GROUP_CHRONOLOGICAL_2016_2021,5.88426785393,14.5876826771,5.09474590502,15.377204626,FROZEN_B11_90,ONE_SIDED_CLUSTER_DRIFT_GUARD_90,0.9,0.951281331718,NO_2023_FEEDBACK_AVAILABLE_CARRY_FORWARD_2022_DRIFT_STATE,2024,G+E_T1,T1_30DAP,SUPPORTED_FROZEN_B5_GENOME,SUPPORTED_T1_CONTEXT,False,False,11.28991815,True,True,8.70341482317,True,10.28245872098
W10004_0034/PHP02,NYH2_2024,10.5086050034,1.14699720508,0.242647058824,0.978178646849,WITHIN_TRAINING_NN_ENVELOPE,RETAIN_SUPPORTED,4.35170741157,5.14122936049,SUPPORT_GROUP_CHRONOLOGICAL_2016_2021,6.15689759178,14.8603124149,5.36737564287,15.6498343638,FROZEN_B11_90,ONE_SIDED_CLUSTER_DRIFT_GUARD_90,0.9,0.951281331718,NO_2023_FEEDBACK_AVAILABLE_CARRY_FORWARD_2022_DRIFT_STATE,2024,G+E_T1,T1_30DAP,SUPPORTED_FROZEN_B5_GENOME,SUPPORTED_T1_CONTEXT,False,False,11.84948553,True,True,8.70341482312,True,10.28245872093
W10004_0055/PHP02,NYH2_2024,10.4484491348,1.14699720508,0.242647058824,0.978178646849,WITHIN_TRAINING_NN_ENVELOPE,RETAIN_SUPPORTED,4.35170741157,5.14122936049,SUPPORT_GROUP_CHRONOLOGICAL_2016_2021,6.09674172325,14.8001565464,5.30721977434,15.5896784953,FROZEN_B11_90,ONE_SIDED_CLUSTER_DRIFT_GUARD_90,0.9,0.951281331718,NO_2023_FEEDBACK_AVAILABLE_CARRY_FORWARD_2022_DRIFT_STATE,2024,G+E_T1,T1_30DAP,SUPPORTED_FROZEN_B5_GENOME,SUPPORTED_T1_CONTEXT,False,False,14.91354245,True,False,10.971132895149987,True,10.28245872096
W10004_0062/PHP02,NYH2_2024,9.59794807434,1.14699720508,0.242647058824,0.978178646849,WITHIN_TRAINING_NN_ENVELOPE,RETAIN_SUPPORTED,4.35170741157,5.14122936049,SUPPORT_GROUP_CHRONOLOGICAL_2016_2021,5.24624066277,13.9496554859,4.45671871385,14.7391774348,FROZEN_B11_90,ONE_SIDED_CLUSTER_DRIFT_GUARD_90,0.9,0.951281331718,NO_2023_FEEDBACK_AVAILABLE_CARRY_FORWARD_2022_DRIFT_STATE,2024,G+E_T1,T1_30DAP,SUPPORTED_FROZEN_B5_GENOME,SUPPORTED_T1_CONTEXT,False,False,11.89300367,True,True,8.70341482313,True,10.28245872095
W10004_0095/PHP02,NYH2_2024,9.95581817627,1.14699720508,0.242647058824,0.978178646849,WITHIN_TRAINING_NN_ENVELOPE,RETAIN_SUPPORTED,4.35170741157,5.14122936049,SUPPORT_GROUP_CHRONOLOGICAL_2016_2021,5.6041107647,14.3075255878,4.81458881578,15.0970475368,FROZEN_B11_90,ONE_SIDED_CLUSTER_DRIFT_GUARD_90,0.9,0.951281331718,NO_2023_FEEDBACK_AVAILABLE_CARRY_FORWARD_2022_DRIFT_STATE,2024,G+E_T1,T1_30DAP,SUPPORTED_FROZEN_B5_GENOME,SUPPORTED_T1_CONTEXT,False,False,12.37384436,True,True,8.703414823100001,True,10.28245872102
W10004_0122/PHP02,NYH2_2024,10.2958669662,1.14699720508,0.242647058824,0.978178646849,WITHIN_TRAINING_NN_ENVELOPE,RETAIN_SUPPORTED,4.35170741157,5.14122936049,SUPPORT_GROUP_CHRONOLOGICAL_2016_2021,5.94415955468,14.6475743778,5.15463760576,15.4370963267,FROZEN_B11_90,ONE_SIDED_CLUSTER_DRIFT_GUARD_90,0.9,0.951281331718,NO_2023_FEEDBACK_AVAILABLE_CARRY_FORWARD_2022_DRIFT_STATE,2024,G+E_T1,T1_30DAP,SUPPORTED_FROZEN_B5_GENOME,SUPPORTED_T1_CONTEXT,False,False,15.06150236,True,False,16.98197446712001,True,10.282458720940001
W10004_0133/PHP02,NYH2_2024,10.1699447632,1.14699720508,0.242647058824,0.978178646849,WITHIN_TRAINING_NN_ENVELOPE,RETAIN_SUPPORTED,4.35170741157,5.14122936049,SUPPORT_GROUP_CHRONOLOGICAL_2016_2021,5.81823735161,14.5216521748,5.0287154027,15.3111741237,FROZEN_B11_90,ONE_SIDED_CLUSTER_DRIFT_GUARD_90,0.9,0.951281331718,NO_2023_FEEDBACK_AVAILABLE_CARRY_FORWARD_2022_DRIFT_STATE,2024,G+E_T1,T1_30DAP,SUPPORTED_FROZEN_B5_GENOME,SUPPORTED_T1_CONTEXT,False,False,13.10526176,True,True,8.70341482319,True,10.282458721000001
W10004_0138/PHP02,NYH2_2024,10.7105894089,1.14699720508,0.242647058824,0.978178646849,WITHIN_TRAINING_NN_ENVELOPE,RETAIN_SUPPORTED,4.35170741157,5.14122936049,SUPPORT_GROUP_CHRONOLOGICAL_2016_2021,6.3588819973,15.0622968204,5.56936004839,15.8518187694,FROZEN_B11_90,ONE_SIDED_CLUSTER_DRIFT_GUARD_90,0.9,0.951281331718,NO_2023_FEEDBACK_AVAILABLE_CARRY_FORWARD_2022_DRIFT_STATE,2024,G+E_T1,T1_30DAP,SUPPORTED_FROZEN_B5_GENOME,SUPPORTED_T1_CONTEXT,False,False,11.61964713,True,True,8.703414823100001,True,10.282458721009998
W10004_0160/PHP02,NYH2_2024,10.9511671066,1.14699720508,0.242647058824,0.978178646849,WITHIN_TRAINING_NN_ENVELOPE,RETAIN_SUPPORTED,4.35170741157,5.14122936049,SUPPORT_GROUP_CHRONOLOGICAL_2016_2021,6.59945969506,15.3028745182,5.80993774614,16.0923964671,FROZEN_B11_90,ONE_SIDED_CLUSTER_DRIFT_GUARD_90,0.9,0.951281331718,NO_2023_FEEDBACK_AVAILABLE_CARRY_FORWARD_2022_DRIFT_STATE,2024,G+E_T1,T1_30DAP,SUPPORTED_FROZEN_B5_GENOME,SUPPORTED_T1_CONTEXT,False,False,12.34233165,True,True,8.70341482314,True,10.282458720959998
W10004_0189/PHP02,NYH2_2024,10.5252923965,1.14699720508,0.242647058824,0.978178646849,WITHIN_TRAINING_NN_ENVELOPE,RETAIN_SUPPORTED,4.35170741157,5.14122936049,SUPPORT_GROUP_CHRONOLOGICAL_2016_2021,6.17358498497,14.8769998081,5.38406303606,15.666521757,FROZEN_B11_90,ONE_SIDED_CLUSTER_DRIFT_GUARD_90,0.9,0.951281331718,NO_2023_FEEDBACK_AVAILABLE_CARRY_FORWARD_2022_DRIFT_STATE,2024,G+E_T1,T1_30DAP,SUPPORTED_FROZEN_B5_GENOME,SUPPORTED_T1_CONTEXT,False,False,11.16478078,True,True,8.70341482313,True,10.28245872094
W10004_0236/PHP02,NYH2_2024,10.2247800827,1.14699720508,0.242647058824,0.978178646849,WITHIN_TRAINING_NN_ENVELOPE,RETAIN_SUPPORTED,4.35170741157,5.14122936049,SUPPORT_GROUP_CHRONOLOGICAL_2016_2021,5.87307267113,14.5764874943,5.08355072222,15.3660094432,FROZEN_B11_90,ONE_SIDED_CLUSTER_DRIFT_GUARD_90,0.9,0.951281331718,NO_2023_FEEDBACK_AVAILABLE_CARRY_FORWARD_2022_DRIFT_STATE,2024,G+E_T1,T1_30DAP,SUPPORTED_FROZEN_B5_GENOME,SUPPORTED_T1_CONTEXT,False,False,13.37153046,True,True,8.70341482317,True,10.28245872098
W10004_0258/PHP02,NYH2_2024,10.0695323944,1.14699720508,0.242647058824,0.978178646849,WITHIN_TRAINING_NN_ENVELOPE,RETAIN_SUPPORTED,4.35170741157,5.14122936049,SUPPORT_GROUP_CHRONOLOGICAL_2016_2021,5.71782498284,14.421239806,4.92830303392,15.2107617549,FROZEN_B11_90,ONE_SIDED_CLUSTER_DRIFT_GUARD_90,0.9,0.951281331718,NO_2023_FEEDBACK_AVAILABLE_CARRY_FORWARD_2022_DRIFT_STATE,2024,G+E_T1,T1_30DAP,SUPPORTED_FROZEN_B5_GENOME,SUPPORTED_T1_CONTEXT,False,False,11.27750435,True,True,8.703414823160001,True,10.28245872098
W10004_0270/PHP02,NYH2_2024,10.6207265854,1.14699720508,0.242647058824,0.978178646849,WITHIN_TRAINING_NN_ENVELOPE,RETAIN_SUPPORTED,4.35170741157,5.14122936049,SUPPORT_GROUP_CHRONOLOGICAL_2016_2021,6.26901917382,14.972433997,5.4794972249,15.7619559459,FROZEN_B11_90,ONE_SIDED_CLUSTER_DRIFT_GUARD_90,0.9,0.951281331718,NO_2023_FEEDBACK_AVAILABLE_CARRY_FORWARD_2022_DRIFT_STATE,2024,G+E_T1,T1_30DAP,SUPPORTED_FROZEN_B5_GENOME,SUPPORTED_T1_CONTEXT,False,False,14.41338274,True,True,8.70341482318,True,10.282458721000001
W10004_0346/PHP02,NYH2_2024,10.4146461487,1.14699720508,0.242647058824,0.978178646849,WITHIN_TRAINING_NN_ENVELOPE,RETAIN_SUPPORTED,4.35170741157,5.14122936049,SUPPORT_GROUP_CHRONOLOGICAL_2016_2021,6.06293873711,14.7663535603,5.2734167882,15.5558755092,FROZEN_B11_90,ONE_SIDED_CLUSTER_DRIFT_GUARD_90,0.9,0.951281331718,NO_2023_FEEDBACK_AVAILABLE_CARRY_FORWARD_2022_DRIFT_STATE,2024,G+E_T1,T1_30DAP,SUPPORTED_FROZEN_B5_GENOME,SUPPORTED_T1_CONTEXT,False,False,12.16297188,True,True,8.703414823190002,True,10.282458721000001
W10004_0403/PHP02,NYH2_2024,10.1420383453,1.14699720508,0.242647058824,0.978178646849,WITHIN_TRAINING_NN_ENVELOPE,RETAIN_SUPPORTED,4.35170741157,5.14122936049,SUPPORT_GROUP_CHRONOLOGICAL_2016_2021,5.79033093376,14.4937457569,5.00080898485,15.2832677058,FROZEN_B11_90,ONE_SIDED_CLUSTER_DRIFT_GUARD_90,0.9,0.951281331718,NO_2023_FEEDBACK_AVAILABLE_CARRY_FORWARD_2022_DRIFT_STATE,2024,G+E_T1,T1_30DAP,SUPPORTED_FROZEN_B5_GENOME,SUPPORTED_T1_CONTEXT,False,False,8.639685571,True,True,8.70341482314,True,10.28245872095
W10004_0409/PHP02,NYH2_2024,10.377038002,1.14699720508,0.242647058824,0.978178646849,WITHIN_TRAINING_NN_ENVELOPE,RETAIN_SUPPORTED,4.35170741157,5.14122936049,SUPPORT_GROUP_CHRONOLOGICAL_2016_2021,6.02533059044,14.7287454136,5.23580864153,15.5182673625,FROZEN_B11_90,ONE_SIDED_CLUSTER_DRIFT_GUARD_90,0.9,0.951281331718,NO_2023_FEEDBACK_AVAILABLE_CARRY_FORWARD_2022_DRIFT_STATE,2024,G+E_T1,T1_30DAP,SUPPORTED_FROZEN_B5_GENOME,SUPPORTED_T1_CONTEXT,False,False,13.203046,True,True,8.70341482316,True,10.282458720969998
W10004_0412/PHP02,NYH2_2024,10.0370159149,1.14699720508,0.242647058824,0.978178646849,WITHIN_TRAINING_NN_ENVELOPE,RETAIN_SUPPORTED,4.35170741157,5.14122936049,SUPPORT_GROUP_CHRONOLOGICAL_2016_2021,5.68530850334,14.3887233265,4.89578655443,15.1782452754,FROZEN_B11_90,ONE_SIDED_CLUSTER_DRIFT_GUARD_90,0.9,0.951281331718,NO_2023_FEEDBACK_AVAILABLE_CARRY_FORWARD_2022_DRIFT_STATE,2024,G+E_T1,T1_30DAP,SUPPORTED_FROZEN_B5_GENOME,SUPPORTED_T1_CONTEXT,False,False,10.06366229,True,True,8.70341482316,True,10.28245872097
W10004_0476/PHP02,NYH2_2024,10.2853040695,1.14699720508,0.242647058824,0.978178646849,WITHIN_TRAINING_NN_ENVELOPE,RETAIN_SUPPORTED,4.35170741157,5.14122936049,SUPPORT_GROUP_CHRONOLOGICAL_2016_2021,5.93359665795,14.6370114811,5.14407470903,15.42653343,FROZEN_B11_90,ONE_SIDED_CLUSTER_DRIFT_GUARD_90,0.9,0.951281331718,NO_2023_FEEDBACK_AVAILABLE_CARRY_FORWARD_2022_DRIFT_STATE,2024,G+E_T1,T1_30DAP,SUPPORTED_FROZEN_B5_GENOME,SUPPORTED_T1_CONTEXT,False,False,10.74058165,True,True,8.70341482315,True,10.282458720969998
W10004_0601/PHP02,NYH2_2024,10.2360658646,1.14699720508,0.242647058824,0.978178646849,WITHIN_TRAINING_NN_ENVELOPE,RETAIN_SUPPORTED,4.35170741157,5.14122936049,SUPPORT_GROUP_CHRONOLOGICAL_2016_2021,5.88435845299,14.5877732761,5.09483650408,15.377295225,FROZEN_B11_90,ONE_SIDED_CLUSTER_DRIFT_GUARD_90,0.9,0.951281331718,NO_2023_FEEDBACK_AVAILABLE_CARRY_FORWARD_2022_DRIFT_STATE,2024,G+E_T1,T1_30DAP,SUPPORTED_FROZEN_B5_GENOME,SUPPORTED_T1_CONTEXT,False,False,13.3498639,True,True,8.70341482311,True,10.28245872092
W10004_0608/PHP02,NYH2_2024,10.6651649475,1.14699720508,0.242647058824,0.978178646849,WITHIN_TRAINING_NN_ENVELOPE,RETAIN_SUPPORTED,4.35170741157,5.14122936049,SUPPORT_GROUP_CHRONOLOGICAL_2016_2021,6.31345753594,15.0168723591,5.52393558702,15.806394308,FROZEN_B11_90,ONE_SIDED_CLUSTER_DRIFT_GUARD_90,0.9,0.951281331718,NO_2023_FEEDBACK_AVAILABLE_CARRY_FORWARD_2022_DRIFT_STATE,2024,G+E_T1,T1_30DAP,SUPPORTED_FROZEN_B5_GENOME,SUPPORTED_T1_CONTEXT,False,False,10.07411421,True,True,8.703414823160001,True,10.28245872098
W10004_0688/PHP02,NYH2_2024,10.1030321121,1.14699720508,0.242647058824,0.978178646849,WITHIN_TRAINING_NN_ENVELOPE,RETAIN_SUPPORTED,4.35170741157,5.14122936049,SUPPORT_GROUP_CHRONOLOGICAL_2016_2021,5.75132470055,14.4547395237,4.96180275164,15.2442614726,FROZEN_B11_90,ONE_SIDED_CLUSTER_DRIFT_GUARD_90,0.9,0.951281331718,NO_2023_FEEDBACK_AVAILABLE_CARRY_FORWARD_2022_DRIFT_STATE,2024,G+E_T1,T1_30DAP,SUPPORTED_FROZEN_B5_GENOME,SUPPORTED_T1_CONTEXT,False,False,15.48235426,True,False,29.255709549149977,False,15.044314468959989
W10004_0715/PHP02,NYH2_2024,10.359082222,1.14699720508,0.242647058824,0.978178646849,WITHIN_TRAINING_NN_ENVELOPE,RETAIN_SUPPORTED,4.35170741157,5.14122936049,SUPPORT_GROUP_CHRONOLOGICAL_2016_2021,6.00737481041,14.7107896336,5.2178528615,15.5003115825,FROZEN_B11_90,ONE_SIDED_CLUSTER_DRIFT_GUARD_90,0.9,0.951281331718,NO_2023_FEEDBACK_AVAILABLE_CARRY_FORWARD_2022_DRIFT_STATE,2024,G+E_T1,T1_30DAP,SUPPORTED_FROZEN_B5_GENOME,SUPPORTED_T1_CONTEXT,False,False,13.41865939,True,True,8.703414823189998,True,10.282458721000001
W10004_0747/PHP02,NYH2_2024,10.6421327591,1.14699720508,0.242647058824,0.978178646849,WITHIN_TRAINING_NN_ENVELOPE,RETAIN_SUPPORTED,4.35170741157,5.14122936049,SUPPORT_GROUP_CHRONOLOGICAL_2016_2021,6.29042534752,14.9938401707,5.50090339861,15.7833621196,FROZEN_B11_90,ONE_SIDED_CLUSTER_DRIFT_GUARD_90,0.9,0.951281331718,NO_2023_FEEDBACK_AVAILABLE_CARRY_FORWARD_2022_DRIFT_STATE,2024,G+E_T1,T1_30DAP,SUPPORTED_FROZEN_B5_GENOME,SUPPORTED_T1_CONTEXT,False,False,11.51554008,True,True,8.703414823180001,True,10.28245872099
W10004_0754/PHP02,NYH2_2024,10.2125806808,1.14699720508,0.242647058824,0.978178646849,WITHIN_TRAINING_NN_ENVELOPE,RETAIN_SUPPORTED,4.35170741157,5.14122936049,SUPPORT_GROUP_CHRONOLOGICAL_2016_2021,5.86087326927,14.5642880924,5.07135132036,15.3538100413,FROZEN_B11_90,ONE_SIDED_CLUSTER_DRIFT_GUARD_90,0.9,0.951281331718,NO_2023_FEEDBACK_AVAILABLE_CARRY_FORWARD_2022_DRIFT_STATE,2024,G+E_T1,T1_30DAP,SUPPORTED_FROZEN_B5_GENOME,SUPPORTED_T1_CONTEXT,False,False,12.77469951,True,True,8.70341482313,True,10.28245872094
W10004_0771/PHP02,NYH2_2024,10.2353820801,1.14699720508,0.242647058824,0.978178646849,WITHIN_TRAINING_NN_ENVELOPE,RETAIN_SUPPORTED,4.35170741157,5.14122936049,SUPPORT_GROUP_CHRONOLOGICAL_2016_2021,5.88367466851,14.5870894917,5.09415271959,15.3766114406,FROZEN_B11_90,ONE_SIDED_CLUSTER_DRIFT_GUARD_90,0.9,0.951281331718,NO_2023_FEEDBACK_AVAILABLE_CARRY_FORWARD_2022_DRIFT_STATE,2024,G+E_T1,T1_30DAP,SUPPORTED_FROZEN_B5_GENOME,SUPPORTED_T1_CONTEXT,False,False,11.3990331,True,True,8.70341482319,True,10.282458721009998
W10004_0858/PHP02,NYH2_2024,10.2320690155,1.14699720508,0.242647058824,0.978178646849,WITHIN_TRAINING_NN_ENVELOPE,RETAIN_SUPPORTED,4.35170741157,5.14122936049,SUPPORT_GROUP_CHRONOLOGICAL_2016_2021,5.88036160393,14.5837764271,5.09083965502,15.373298376,FROZEN_B11_90,ONE_SIDED_CLUSTER_DRIFT_GUARD_90,0.9,0.951281331718,NO_2023_FEEDBACK_AVAILABLE_CARRY_FORWARD_2022_DRIFT_STATE,2024,G+E_T1,T1_30DAP,SUPPORTED_FROZEN_B5_GENOME,SUPPORTED_T1_CONTEXT,False,False,11.90609585,True,True,8.70341482317,True,10.28245872098
W10004_0859/PHP02,NYH2_2024,10.4817972183,1.14699720508,0.242647058824,0.978178646849,WITHIN_TRAINING_NN_ENVELOPE,RETAIN_SUPPORTED,4.35170741157,5.14122936049,SUPPORT_GROUP_CHRONOLOGICAL_2016_2021,6.13008980675,14.8335046299,5.34056785784,15.6230265788,FROZEN_B11_90,ONE_SIDED_CLUSTER_DRIFT_GUARD_90,0.9,0.951281331718,NO_2023_FEEDBACK_AVAILABLE_CARRY_FORWARD_2022_DRIFT_STATE,2024,G+E_T1,T1_30DAP,SUPPORTED_FROZEN_B5_GENOME,SUPPORTED_T1_CONTEXT,False,False,11.70186378,True,True,8.70341482315,True,10.28245872096
W10004_0866/PHP02,NYH2_2024,10.1616725922,1.14699720508,0.242647058824,0.978178646849,WITHIN_TRAINING_NN_ENVELOPE,RETAIN_SUPPORTED,4.35170741157,5.14122936049,SUPPORT_GROUP_CHRONOLOGICAL_2016_2021,5.80996518059,14.5133800037,5.02044323168,15.3029019526,FROZEN_B11_90,ONE_SIDED_CLUSTER_DRIFT_GUARD_90,0.9,0.951281331718,NO_2023_FEEDBACK_AVAILABLE_CARRY_FORWARD_2022_DRIFT_STATE,2024,G+E_T1,T1_30DAP,SUPPORTED_FROZEN_B5_GENOME,SUPPORTED_T1_CONTEXT,False,False,13.9627391,True,True,8.70341482311,True,10.28245872092
W10004_0949/PHP02,NYH2_2024,10.5522165298,1.14699720508,0.242647058824,0.978178646849,WITHIN_TRAINING_NN_ENVELOPE,RETAIN_SUPPORTED,4.35170741157,5.14122936049,SUPPORT_GROUP_CHRONOLOGICAL_2016_2021,6.20050911827,14.9039239414,5.41098716936,15.6934458903,FROZEN_B11_90,ONE_SIDED_CLUSTER_DRIFT_GUARD_90,0.9,0.951281331718,NO_2023_FEEDBACK_AVAILABLE_CARRY_FORWARD_2022_DRIFT_STATE,2024,G+E_T1,T1_30DAP,SUPPORTED_FROZEN_B5_GENOME,SUPPORTED_T1_CONTEXT,False,False,16.68663847,True,False,44.35770539512997,False,30.146310314939978
W10004_0969/PHP02,NYH2_2024,10.2284288406,1.14699720508,0.242647058824,0.978178646849,WITHIN_TRAINING_NN_ENVELOPE,RETAIN_SUPPORTED,4.35170741157,5.14122936049,SUPPORT_GROUP_CHRONOLOGICAL_2016_2021,5.87672142906,14.5801362522,5.08719948015,15.3696582011,FROZEN_B11_90,ONE_SIDED_CLUSTER_DRIFT_GUARD_90,0.9,0.951281331718,NO_2023_FEEDBACK_AVAILABLE_CARRY_FORWARD_2022_DRIFT_STATE,2024,G+E_T1,T1_30DAP,SUPPORTED_FROZEN_B5_GENOME,SUPPORTED_T1_CONTEXT,False,False,11.50360315,True,True,8.703414823140001,True,10.28245872095
W10004_1018/PHP02,NYH2_2024,10.6018209457,1.14699720508,0.242647058824,0.978178646849,WITHIN_TRAINING_NN_ENVELOPE,RETAIN_SUPPORTED,4.35170741157,5.14122936049,SUPPORT_GROUP_CHRONOLOGICAL_2016_2021,6.25011353417,14.9535283573,5.46059158525,15.7430503062,FROZEN_B11_90,ONE_SIDED_CLUSTER_DRIFT_GUARD_90,0.9,0.951281331718,NO_2023_FEEDBACK_AVAILABLE_CARRY_FORWARD_2022_DRIFT_STATE,2024,G+E_T1,T1_30DAP,SUPPORTED_FROZEN_B5_GENOME,SUPPORTED_T1_CONTEXT,False,False,14.18328074,True,True,8.70341482313,True,10.28245872095
W10004_1032/PHP02,NYH2_2024,10.419927597,1.14699720508,0.242647058824,0.978178646849,WITHIN_TRAINING_NN_ENVELOPE,RETAIN_SUPPORTED,4.35170741157,5.14122936049,SUPPORT_GROUP_CHRONOLOGICAL_2016_2021,6.06822018547,14.7716350086,5.27869823656,15.5611569575,FROZEN_B11_90,ONE_SIDED_CLUSTER_DRIFT_GUARD_90,0.9,0.951281331718,NO_2023_FEEDBACK_AVAILABLE_CARRY_FORWARD_2022_DRIFT_STATE,2024,G+E_T1,T1_30DAP,SUPPORTED_FROZEN_B5_GENOME,SUPPORTED_T1_CONTEXT,False,False,10.77144714,True,True,8.70341482313,True,10.28245872094
W10004_1080/PHP02,NYH2_2024,10.4851646423,1.14699720508,0.242647058824,0.978178646849,WITHIN_TRAINING_NN_ENVELOPE,RETAIN_SUPPORTED,4.35170741157,5.14122936049,SUPPORT_GROUP_CHRONOLOGICAL_2016_2021,6.13345723076,14.8368720539,5.34393528185,15.6263940028,FROZEN_B11_90,ONE_SIDED_CLUSTER_DRIFT_GUARD_90,0.9,0.951281331718,NO_2023_FEEDBACK_AVAILABLE_CARRY_FORWARD_2022_DRIFT_STATE,2024,G+E_T1,T1_30DAP,SUPPORTED_FROZEN_B5_GENOME,SUPPORTED_T1_CONTEXT,False,False,14.53215227,True,True,8.703414823140001,True,10.28245872095
B14A/OH43,NYH3_2024,8.48081970215,1.14699720508,0.242647058824,0.978178646849,WITHIN_TRAINING_NN_ENVELOPE,RETAIN_SUPPORTED,4.35170741157,5.14122936049,SUPPORT_GROUP_CHRONOLOGICAL_2016_2021,4.12911229058,12.8325271137,3.33959034166,13.6220490626,FROZEN_B11_90,ONE_SIDED_CLUSTER_DRIFT_GUARD_90,0.9,0.951281331718,NO_2023_FEEDBACK_AVAILABLE_CARRY_FORWARD_2022_DRIFT_STATE,2024,G+E_T1,T1_30DAP,SUPPORTED_FROZEN_B5_GENOME,SUPPORTED_T1_CONTEXT,False,False,10.12830386,True,True,8.70341482312,True,10.28245872094
B37/H95,NYH3_2024,8.84371471405,1.14699720508,0.242647058824,0.978178646849,WITHIN_TRAINING_NN_ENVELOPE,RETAIN_SUPPORTED,4.35170741157,5.14122936049,SUPPORT_GROUP_CHRONOLOGICAL_2016_2021,4.49200730248,13.1954221256,3.70248535356,13.9849440745,FROZEN_B11_90,ONE_SIDED_CLUSTER_DRIFT_GUARD_90,0.9,0.951281331718,NO_2023_FEEDBACK_AVAILABLE_CARRY_FORWARD_2022_DRIFT_STATE,2024,G+E_T1,T1_30DAP,SUPPORTED_FROZEN_B5_GENOME,SUPPORTED_T1_CONTEXT,False,False,10.04756733,True,True,8.70341482312,True,10.28245872094
B73/MO17,NYH3_2024,9.14420509338,1.14699720508,0.242647058824,0.978178646849,WITHIN_TRAINING_NN_ENVELOPE,RETAIN_SUPPORTED,4.35170741157,5.14122936049,SUPPORT_GROUP_CHRONOLOGICAL_2016_2021,4.79249768181,13.495912505,4.0029757329,14.2854344539,FROZEN_B11_90,ONE_SIDED_CLUSTER_DRIFT_GUARD_90,0.9,0.951281331718,NO_2023_FEEDBACK_AVAILABLE_CARRY_FORWARD_2022_DRIFT_STATE,2024,G+E_T1,T1_30DAP,SUPPORTED_FROZEN_B5_GENOME,SUPPORTED_T1_CONTEXT,False,False,8.570259498,True,True,8.70341482319,True,10.282458721000001
B73/PHN82,NYH3_2024,10.4293231964,1.14699720508,0.242647058824,0.978178646849,WITHIN_TRAINING_NN_ENVELOPE,RETAIN_SUPPORTED,4.35170741157,5.14122936049,SUPPORT_GROUP_CHRONOLOGICAL_2016_2021,6.07761578484,14.781030608,5.28809383593,15.5705525569,FROZEN_B11_90,ONE_SIDED_CLUSTER_DRIFT_GUARD_90,0.9,0.951281331718,NO_2023_FEEDBACK_AVAILABLE_CARRY_FORWARD_2022_DRIFT_STATE,2024,G+E_T1,T1_30DAP,SUPPORTED_FROZEN_B5_GENOME,SUPPORTED_T1_CONTEXT,False,False,8.975866692,True,True,8.70341482316,True,10.282458720969998
B73/TX779,NYH3_2024,9.37272357941,1.14699720508,0.242647058824,0.978178646849,WITHIN_TRAINING_NN_ENVELOPE,RETAIN_SUPPORTED,4.35170741157,5.14122936049,SUPPORT_GROUP_CHRONOLOGICAL_2016_2021,5.02101616783,13.724430991,4.23149421892,14.5139529399,FROZEN_B11_90,ONE_SIDED_CLUSTER_DRIFT_GUARD_90,0.9,0.951281331718,NO_2023_FEEDBACK_AVAILABLE_CARRY_FORWARD_2022_DRIFT_STATE,2024,G+E_T1,T1_30DAP,SUPPORTED_FROZEN_B5_GENOME,SUPPORTED_T1_CONTEXT,False,False,5.647345739,True,True,8.70341482317,True,10.28245872098
CG119/CG108,NYH3_2024,8.64147377014,1.14699720508,0.242647058824,0.978178646849,WITHIN_TRAINING_NN_ENVELOPE,RETAIN_SUPPORTED,4.35170741157,5.14122936049,SUPPORT_GROUP_CHRONOLOGICAL_2016_2021,4.28976635857,12.9931811817,3.50024440966,13.7827031306,FROZEN_B11_90,ONE_SIDED_CLUSTER_DRIFT_GUARD_90,0.9,0.951281331718,NO_2023_FEEDBACK_AVAILABLE_CARRY_FORWARD_2022_DRIFT_STATE,2024,G+E_T1,T1_30DAP,SUPPORTED_FROZEN_B5_GENOME,SUPPORTED_T1_CONTEXT,False,False,5.371911294,True,True,8.70341482313,True,10.28245872094
CG44/CGR01,NYH3_2024,9.00819969177,1.14699720508,0.242647058824,0.978178646849,WITHIN_TRAINING_NN_ENVELOPE,RETAIN_SUPPORTED,4.35170741157,5.14122936049,SUPPORT_GROUP_CHRONOLOGICAL_2016_2021,4.6564922802,13.3599071033,3.86697033129,14.1494290523,FROZEN_B11_90,ONE_SIDED_CLUSTER_DRIFT_GUARD_90,0.9,0.951281331718,NO_2023_FEEDBACK_AVAILABLE_CARRY_FORWARD_2022_DRIFT_STATE,2024,G+E_T1,T1_30DAP,SUPPORTED_FROZEN_B5_GENOME,SUPPORTED_T1_CONTEXT,False,False,8.871081477,True,True,8.7034148231,True,10.28245872101
LH132/PHP02,NYH3_2024,10.4803247452,1.14699720508,0.242647058824,0.978178646849,WITHIN_TRAINING_NN_ENVELOPE,RETAIN_SUPPORTED,4.35170741157,5.14122936049,SUPPORT_GROUP_CHRONOLOGICAL_2016_2021,6.12861733361,14.8320321568,5.33909538469,15.6215541057,FROZEN_B11_90,ONE_SIDED_CLUSTER_DRIFT_GUARD_90,0.9,0.951281331718,NO_2023_FEEDBACK_AVAILABLE_CARRY_FORWARD_2022_DRIFT_STATE,2024,G+E_T1,T1_30DAP,SUPPORTED_FROZEN_B5_GENOME,SUPPORTED_T1_CONTEXT,False,False,8.871857558,True,True,8.70341482319,True,10.282458721009998
LH195/PHZ51,NYH3_2024,9.22182273865,1.14699720508,0.242647058824,0.978178646849,WITHIN_TRAINING_NN_ENVELOPE,RETAIN_SUPPORTED,4.35170741157,5.14122936049,SUPPORT_GROUP_CHRONOLOGICAL_2016_2021,4.87011532708,13.5735301502,4.08059337816,14.3630520991,FROZEN_B11_90,ONE_SIDED_CLUSTER_DRIFT_GUARD_90,0.9,0.951281331718,NO_2023_FEEDBACK_AVAILABLE_CARRY_FORWARD_2022_DRIFT_STATE,2024,G+E_T1,T1_30DAP,SUPPORTED_FROZEN_B5_GENOME,SUPPORTED_T1_CONTEXT,False,False,7.44087861,True,True,8.70341482312,True,10.282458720940001
LH244/PHK76,NYH3_2024,10.1758003235,1.14699720508,0.242647058824,0.978178646849,WITHIN_TRAINING_NN_ENVELOPE,RETAIN_SUPPORTED,4.35170741157,5.14122936049,SUPPORT_GROUP_CHRONOLOGICAL_2016_2021,5.82409291191,14.5275077351,5.034570963,15.317029684,FROZEN_B11_90,ONE_SIDED_CLUSTER_DRIFT_GUARD_90,0.9,0.951281331718,NO_2023_FEEDBACK_AVAILABLE_CARRY_FORWARD_2022_DRIFT_STATE,2024,G+E_T1,T1_30DAP,SUPPORTED_FROZEN_B5_GENOME,SUPPORTED_T1_CONTEXT,False,False,8.859772397,True,True,8.70341482319,True,10.282458721
PHB47/PHN82,NYH3_2024,9.48659038544,1.14699720508,0.242647058824,0.978178646849,WITHIN_TRAINING_NN_ENVELOPE,RETAIN_SUPPORTED,4.35170741157,5.14122936049,SUPPORT_GROUP_CHRONOLOGICAL_2016_2021,5.13488297386,13.838297797,4.34536102495,14.6278197459,FROZEN_B11_90,ONE_SIDED_CLUSTER_DRIFT_GUARD_90,0.9,0.951281331718,NO_2023_FEEDBACK_AVAILABLE_CARRY_FORWARD_2022_DRIFT_STATE,2024,G+E_T1,T1_30DAP,SUPPORTED_FROZEN_B5_GENOME,SUPPORTED_T1_CONTEXT,False,False,10.08090578,True,True,8.70341482314,True,10.28245872095
PHB47/PHZ51,NYH3_2024,8.41822719574,1.14699720508,0.242647058824,0.978178646849,WITHIN_TRAINING_NN_ENVELOPE,RETAIN_SUPPORTED,4.35170741157,5.14122936049,SUPPORT_GROUP_CHRONOLOGICAL_2016_2021,4.06651978417,12.7699346073,3.27699783525,13.5594565562,FROZEN_B11_90,ONE_SIDED_CLUSTER_DRIFT_GUARD_90,0.9,0.951281331718,NO_2023_FEEDBACK_AVAILABLE_CARRY_FORWARD_2022_DRIFT_STATE,2024,G+E_T1,T1_30DAP,SUPPORTED_FROZEN_B5_GENOME,SUPPORTED_T1_CONTEXT,False,False,6.530201442,True,True,8.70341482313,True,10.28245872095
PHG29/PHG47,NYH3_2024,9.39574813843,1.14699720508,0.242647058824,0.978178646849,WITHIN_TRAINING_NN_ENVELOPE,RETAIN_SUPPORTED,4.35170741157,5.14122936049,SUPPORT_GROUP_CHRONOLOGICAL_2016_2021,5.04404072686,13.74745555,4.25451877794,14.5369774989,FROZEN_B11_90,ONE_SIDED_CLUSTER_DRIFT_GUARD_90,0.9,0.951281331718,NO_2023_FEEDBACK_AVAILABLE_CARRY_FORWARD_2022_DRIFT_STATE,2024,G+E_T1,T1_30DAP,SUPPORTED_FROZEN_B5_GENOME,SUPPORTED_T1_CONTEXT,False,False,8.98737512,True,True,8.703414823140001,True,10.282458720960001
PHG39/PHN82,NYH3_2024,9.98139095306,1.14699720508,0.242647058824,0.978178646849,WITHIN_TRAINING_NN_ENVELOPE,RETAIN_SUPPORTED,4.35170741157,5.14122936049,SUPPORT_GROUP_CHRONOLOGICAL_2016_2021,5.62968354149,14.3330983646,4.84016159258,15.1226203135,FROZEN_B11_90,ONE_SIDED_CLUSTER_DRIFT_GUARD_90,0.9,0.951281331718,NO_2023_FEEDBACK_AVAILABLE_CARRY_FORWARD_2022_DRIFT_STATE,2024,G+E_T1,T1_30DAP,SUPPORTED_FROZEN_B5_GENOME,SUPPORTED_T1_CONTEXT,False,False,8.356204094,True,True,8.703414823109998,True,10.282458720920001
PHJ40/PHAJ0,NYH3_2024,9.20025539398,1.14699720508,0.242647058824,0.978178646849,WITHIN_TRAINING_NN_ENVELOPE,RETAIN_SUPPORTED,4.35170741157,5.14122936049,SUPPORT_GROUP_CHRONOLOGICAL_2016_2021,4.84854798241,13.5519628056,4.0590260335,14.3414847545,FROZEN_B11_90,ONE_SIDED_CLUSTER_DRIFT_GUARD_90,0.9,0.951281331718,NO_2023_FEEDBACK_AVAILABLE_CARRY_FORWARD_2022_DRIFT_STATE,2024,G+E_T1,T1_30DAP,SUPPORTED_FROZEN_B5_GENOME,SUPPORTED_T1_CONTEXT,False,False,8.096108942,True,True,8.70341482319,True,10.282458721
PHRE1/PHTD5,NYH3_2024,9.61496162415,1.14699720508,0.242647058824,0.978178646849,WITHIN_TRAINING_NN_ENVELOPE,RETAIN_SUPPORTED,4.35170741157,5.14122936049,SUPPORT_GROUP_CHRONOLOGICAL_2016_2021,5.26325421257,13.9666690357,4.47373226366,14.7561909846,FROZEN_B11_90,ONE_SIDED_CLUSTER_DRIFT_GUARD_90,0.9,0.951281331718,NO_2023_FEEDBACK_AVAILABLE_CARRY_FORWARD_2022_DRIFT_STATE,2024,G+E_T1,T1_30DAP,SUPPORTED_FROZEN_B5_GENOME,SUPPORTED_T1_CONTEXT,False,False,9.08326958,True,True,8.70341482313,True,10.28245872094
PHW52/PHM49,NYH3_2024,9.72569179535,1.14699720508,0.242647058824,0.978178646849,WITHIN_TRAINING_NN_ENVELOPE,RETAIN_SUPPORTED,4.35170741157,5.14122936049,SUPPORT_GROUP_CHRONOLOGICAL_2016_2021,5.37398438378,14.0773992069,4.58446243486,14.8669211558,FROZEN_B11_90,ONE_SIDED_CLUSTER_DRIFT_GUARD_90,0.9,0.951281331718,NO_2023_FEEDBACK_AVAILABLE_CARRY_FORWARD_2022_DRIFT_STATE,2024,G+E_T1,T1_30DAP,SUPPORTED_FROZEN_B5_GENOME,SUPPORTED_T1_CONTEXT,False,False,10.24483467,True,True,8.70341482312,True,10.28245872094
TX777/LH195,NYH3_2024,9.34194946289,1.14699720508,0.242647058824,0.978178646849,WITHIN_TRAINING_NN_ENVELOPE,RETAIN_SUPPORTED,4.35170741157,5.14122936049,SUPPORT_GROUP_CHRONOLOGICAL_2016_2021,4.99024205132,13.6936568745,4.2007201024,14.4831788234,FROZEN_B11_90,ONE_SIDED_CLUSTER_DRIFT_GUARD_90,0.9,0.951281331718,NO_2023_FEEDBACK_AVAILABLE_CARRY_FORWARD_2022_DRIFT_STATE,2024,G+E_T1,T1_30DAP,SUPPORTED_FROZEN_B5_GENOME,SUPPORTED_T1_CONTEXT,False,False,8.493638109,True,True,8.703414823180001,True,10.282458721
W10004_0031/PHP02,NYH3_2024,10.6422128677,1.14699720508,0.242647058824,0.978178646849,WITHIN_TRAINING_NN_ENVELOPE,RETAIN_SUPPORTED,4.35170741157,5.14122936049,SUPPORT_GROUP_CHRONOLOGICAL_2016_2021,6.29050545616,14.9939202793,5.50098350725,15.7834422282,FROZEN_B11_90,ONE_SIDED_CLUSTER_DRIFT_GUARD_90,0.9,0.951281331718,NO_2023_FEEDBACK_AVAILABLE_CARRY_FORWARD_2022_DRIFT_STATE,2024,G+E_T1,T1_30DAP,SUPPORTED_FROZEN_B5_GENOME,SUPPORTED_T1_CONTEXT,False,False,7.888920882,True,True,8.70341482314,True,10.28245872095
W10004_0055/PHP02,NYH3_2024,10.4484491348,1.14699720508,0.242647058824,0.978178646849,WITHIN_TRAINING_NN_ENVELOPE,RETAIN_SUPPORTED,4.35170741157,5.14122936049,SUPPORT_GROUP_CHRONOLOGICAL_2016_2021,6.09674172325,14.8001565464,5.30721977434,15.5896784953,FROZEN_B11_90,ONE_SIDED_CLUSTER_DRIFT_GUARD_90,0.9,0.951281331718,NO_2023_FEEDBACK_AVAILABLE_CARRY_FORWARD_2022_DRIFT_STATE,2024,G+E_T1,T1_30DAP,SUPPORTED_FROZEN_B5_GENOME,SUPPORTED_T1_CONTEXT,False,False,11.69541263,True,True,8.70341482315,True,10.28245872096
W10004_0095/PHP02,NYH3_2024,9.95581817627,1.14699720508,0.242647058824,0.978178646849,WITHIN_TRAINING_NN_ENVELOPE,RETAIN_SUPPORTED,4.35170741157,5.14122936049,SUPPORT_GROUP_CHRONOLOGICAL_2016_2021,5.6041107647,14.3075255878,4.81458881578,15.0970475368,FROZEN_B11_90,ONE_SIDED_CLUSTER_DRIFT_GUARD_90,0.9,0.951281331718,NO_2023_FEEDBACK_AVAILABLE_CARRY_FORWARD_2022_DRIFT_STATE,2024,G+E_T1,T1_30DAP,SUPPORTED_FROZEN_B5_GENOME,SUPPORTED_T1_CONTEXT,False,False,9.053273079,True,True,8.703414823100001,True,10.28245872102
W10004_0103/PHP02,NYH3_2024,10.5018596649,1.14699720508,0.242647058824,0.978178646849,WITHIN_TRAINING_NN_ENVELOPE,RETAIN_SUPPORTED,4.35170741157,5.14122936049,SUPPORT_GROUP_CHRONOLOGICAL_2016_2021,6.15015225334,14.8535670765,5.36063030443,15.6430890254,FROZEN_B11_90,ONE_SIDED_CLUSTER_DRIFT_GUARD_90,0.9,0.951281331718,NO_2023_FEEDBACK_AVAILABLE_CARRY_FORWARD_2022_DRIFT_STATE,2024,G+E_T1,T1_30DAP,SUPPORTED_FROZEN_B5_GENOME,SUPPORTED_T1_CONTEXT,False,False,10.80165974,True,True,8.70341482316,True,10.28245872097
W10004_0122/PHP02,NYH3_2024,10.2958669662,1.14699720508,0.242647058824,0.978178646849,WITHIN_TRAINING_NN_ENVELOPE,RETAIN_SUPPORTED,4.35170741157,5.14122936049,SUPPORT_GROUP_CHRONOLOGICAL_2016_2021,5.94415955468,14.6475743778,5.15463760576,15.4370963267,FROZEN_B11_90,ONE_SIDED_CLUSTER_DRIFT_GUARD_90,0.9,0.951281331718,NO_2023_FEEDBACK_AVAILABLE_CARRY_FORWARD_2022_DRIFT_STATE,2024,G+E_T1,T1_30DAP,SUPPORTED_FROZEN_B5_GENOME,SUPPORTED_T1_CONTEXT,False,False,7.490529145,True,True,8.70341482312,True,10.282458720940001
W10004_0133/PHP02,NYH3_2024,10.1699447632,1.14699720508,0.242647058824,0.978178646849,WITHIN_TRAINING_NN_ENVELOPE,RETAIN_SUPPORTED,4.35170741157,5.14122936049,SUPPORT_GROUP_CHRONOLOGICAL_2016_2021,5.81823735161,14.5216521748,5.0287154027,15.3111741237,FROZEN_B11_90,ONE_SIDED_CLUSTER_DRIFT_GUARD_90,0.9,0.951281331718,NO_2023_FEEDBACK_AVAILABLE_CARRY_FORWARD_2022_DRIFT_STATE,2024,G+E_T1,T1_30DAP,SUPPORTED_FROZEN_B5_GENOME,SUPPORTED_T1_CONTEXT,False,False,9.203307595,True,True,8.70341482319,True,10.282458721000001
W10004_0146/PHP02,NYH3_2024,10.2998752594,1.14699720508,0.242647058824,0.978178646849,WITHIN_TRAINING_NN_ENVELOPE,RETAIN_SUPPORTED,4.35170741157,5.14122936049,SUPPORT_GROUP_CHRONOLOGICAL_2016_2021,5.94816784783,14.651582671,5.15864589891,15.4411046199,FROZEN_B11_90,ONE_SIDED_CLUSTER_DRIFT_GUARD_90,0.9,0.951281331718,NO_2023_FEEDBACK_AVAILABLE_CARRY_FORWARD_2022_DRIFT_STATE,2024,G+E_T1,T1_30DAP,SUPPORTED_FROZEN_B5_GENOME,SUPPORTED_T1_CONTEXT,False,False,10.80413191,True,True,8.70341482317,True,10.28245872099
W10004_0167/PHP02,NYH3_2024,10.1458616257,1.14699720508,0.242647058824,0.978178646849,WITHIN_TRAINING_NN_ENVELOPE,RETAIN_SUPPORTED,4.35170741157,5.14122936049,SUPPORT_GROUP_CHRONOLOGICAL_2016_2021,5.7941542141,14.4975690372,5.00463226519,15.2870909862,FROZEN_B11_90,ONE_SIDED_CLUSTER_DRIFT_GUARD_90,0.9,0.951281331718,NO_2023_FEEDBACK_AVAILABLE_CARRY_FORWARD_2022_DRIFT_STATE,2024,G+E_T1,T1_30DAP,SUPPORTED_FROZEN_B5_GENOME,SUPPORTED_T1_CONTEXT,False,False,8.767326852,True,True,8.703414823100001,True,10.282458721010002
W10004_0168/PHP02,NYH3_2024,10.4138898849,1.14699720508,0.242647058824,0.978178646849,WITHIN_TRAINING_NN_ENVELOPE,RETAIN_SUPPORTED,4.35170741157,5.14122936049,SUPPORT_GROUP_CHRONOLOGICAL_2016_2021,6.06218247338,14.7655972965,5.27266052446,15.5551192454,FROZEN_B11_90,ONE_SIDED_CLUSTER_DRIFT_GUARD_90,0.9,0.951281331718,NO_2023_FEEDBACK_AVAILABLE_CARRY_FORWARD_2022_DRIFT_STATE,2024,G+E_T1,T1_30DAP,SUPPORTED_FROZEN_B5_GENOME,SUPPORTED_T1_CONTEXT,False,False,7.728114321,True,True,8.70341482312,True,10.28245872094
W10004_0238/PHP02,NYH3_2024,10.1928853989,1.14699720508,0.242647058824,0.978178646849,WITHIN_TRAINING_NN_ENVELOPE,RETAIN_SUPPORTED,4.35170741157,5.14122936049,SUPPORT_GROUP_CHRONOLOGICAL_2016_2021,5.84117798729,14.5445928104,5.05165603838,15.3341147594,FROZEN_B11_90,ONE_SIDED_CLUSTER_DRIFT_GUARD_90,0.9,0.951281331718,NO_2023_FEEDBACK_AVAILABLE_CARRY_FORWARD_2022_DRIFT_STATE,2024,G+E_T1,T1_30DAP,SUPPORTED_FROZEN_B5_GENOME,SUPPORTED_T1_CONTEXT,False,False,9.721794197,True,True,8.703414823109998,True,10.28245872102
W10004_0258/PHP02,NYH3_2024,10.0695323944,1.14699720508,0.242647058824,0.978178646849,WITHIN_TRAINING_NN_ENVELOPE,RETAIN_SUPPORTED,4.35170741157,5.14122936049,SUPPORT_GROUP_CHRONOLOGICAL_2016_2021,5.71782498284,14.421239806,4.92830303392,15.2107617549,FROZEN_B11_90,ONE_SIDED_CLUSTER_DRIFT_GUARD_90,0.9,0.951281331718,NO_2023_FEEDBACK_AVAILABLE_CARRY_FORWARD_2022_DRIFT_STATE,2024,G+E_T1,T1_30DAP,SUPPORTED_FROZEN_B5_GENOME,SUPPORTED_T1_CONTEXT,False,False,6.321184883,True,True,8.703414823160001,True,10.28245872098
W10004_0270/PHP02,NYH3_2024,10.6207265854,1.14699720508,0.242647058824,0.978178646849,WITHIN_TRAINING_NN_ENVELOPE,RETAIN_SUPPORTED,4.35170741157,5.14122936049,SUPPORT_GROUP_CHRONOLOGICAL_2016_2021,6.26901917382,14.972433997,5.4794972249,15.7619559459,FROZEN_B11_90,ONE_SIDED_CLUSTER_DRIFT_GUARD_90,0.9,0.951281331718,NO_2023_FEEDBACK_AVAILABLE_CARRY_FORWARD_2022_DRIFT_STATE,2024,G+E_T1,T1_30DAP,SUPPORTED_FROZEN_B5_GENOME,SUPPORTED_T1_CONTEXT,False,False,7.791429762,True,True,8.70341482318,True,10.282458721000001
W10004_0311/PHP02,NYH3_2024,10.2415132523,1.14699720508,0.242647058824,0.978178646849,WITHIN_TRAINING_NN_ENVELOPE,RETAIN_SUPPORTED,4.35170741157,5.14122936049,SUPPORT_GROUP_CHRONOLOGICAL_2016_2021,5.88980584069,14.5932206638,5.10028389177,15.3827426127,FROZEN_B11_90,ONE_SIDED_CLUSTER_DRIFT_GUARD_90,0.9,0.951281331718,NO_2023_FEEDBACK_AVAILABLE_CARRY_FORWARD_2022_DRIFT_STATE,2024,G+E_T1,T1_30DAP,SUPPORTED_FROZEN_B5_GENOME,SUPPORTED_T1_CONTEXT,False,False,8.051800556,True,True,8.70341482311,True,10.282458720929998
W10004_0346/PHP02,NYH3_2024,10.4146461487,1.14699720508,0.242647058824,0.978178646849,WITHIN_TRAINING_NN_ENVELOPE,RETAIN_SUPPORTED,4.35170741157,5.14122936049,SUPPORT_GROUP_CHRONOLOGICAL_2016_2021,6.06293873711,14.7663535603,5.2734167882,15.5558755092,FROZEN_B11_90,ONE_SIDED_CLUSTER_DRIFT_GUARD_90,0.9,0.951281331718,NO_2023_FEEDBACK_AVAILABLE_CARRY_FORWARD_2022_DRIFT_STATE,2024,G+E_T1,T1_30DAP,SUPPORTED_FROZEN_B5_GENOME,SUPPORTED_T1_CONTEXT,False,False,8.417317547,True,True,8.703414823190002,True,10.282458721000001
W10004_0389/PHP02,NYH3_2024,10.4722089767,1.14699720508,0.242647058824,0.978178646849,WITHIN_TRAINING_NN_ENVELOPE,RETAIN_SUPPORTED,4.35170741157,5.14122936049,SUPPORT_GROUP_CHRONOLOGICAL_2016_2021,6.12050156517,14.8239163883,5.33097961626,15.6134383372,FROZEN_B11_90,ONE_SIDED_CLUSTER_DRIFT_GUARD_90,0.9,0.951281331718,NO_2023_FEEDBACK_AVAILABLE_CARRY_FORWARD_2022_DRIFT_STATE,2024,G+E_T1,T1_30DAP,SUPPORTED_FROZEN_B5_GENOME,SUPPORTED_T1_CONTEXT,False,False,8.449594714,True,True,8.70341482313,True,10.28245872094
W10004_0403/PHP02,NYH3_2024,10.1420383453,1.14699720508,0.242647058824,0.978178646849,WITHIN_TRAINING_NN_ENVELOPE,RETAIN_SUPPORTED,4.35170741157,5.14122936049,SUPPORT_GROUP_CHRONOLOGICAL_2016_2021,5.79033093376,14.4937457569,5.00080898485,15.2832677058,FROZEN_B11_90,ONE_SIDED_CLUSTER_DRIFT_GUARD_90,0.9,0.951281331718,NO_2023_FEEDBACK_AVAILABLE_CARRY_FORWARD_2022_DRIFT_STATE,2024,G+E_T1,T1_30DAP,SUPPORTED_FROZEN_B5_GENOME,SUPPORTED_T1_CONTEXT,False,False,6.751269315,True,True,8.70341482314,True,10.28245872095
W10004_0601/PHP02,NYH3_2024,10.2360658646,1.14699720508,0.242647058824,0.978178646849,WITHIN_TRAINING_NN_ENVELOPE,RETAIN_SUPPORTED,4.35170741157,5.14122936049,SUPPORT_GROUP_CHRONOLOGICAL_2016_2021,5.88435845299,14.5877732761,5.09483650408,15.377295225,FROZEN_B11_90,ONE_SIDED_CLUSTER_DRIFT_GUARD_90,0.9,0.951281331718,NO_2023_FEEDBACK_AVAILABLE_CARRY_FORWARD_2022_DRIFT_STATE,2024,G+E_T1,T1_30DAP,SUPPORTED_FROZEN_B5_GENOME,SUPPORTED_T1_CONTEXT,False,False,7.919750442,True,True,8.70341482311,True,10.28245872092
W10004_0637/PHP02,NYH3_2024,10.1260223389,1.14699720508,0.242647058824,0.978178646849,WITHIN_TRAINING_NN_ENVELOPE,RETAIN_SUPPORTED,4.35170741157,5.14122936049,SUPPORT_GROUP_CHRONOLOGICAL_2016_2021,5.77431492729,14.4777297504,4.98479297838,15.2672516994,FROZEN_B11_90,ONE_SIDED_CLUSTER_DRIFT_GUARD_90,0.9,0.951281331718,NO_2023_FEEDBACK_AVAILABLE_CARRY_FORWARD_2022_DRIFT_STATE,2024,G+E_T1,T1_30DAP,SUPPORTED_FROZEN_B5_GENOME,SUPPORTED_T1_CONTEXT,False,False,6.693979801,True,True,8.70341482311,True,10.28245872102
W10004_0658/PHP02,NYH3_2024,10.4489336014,1.14699720508,0.242647058824,0.978178646849,WITHIN_TRAINING_NN_ENVELOPE,RETAIN_SUPPORTED,4.35170741157,5.14122936049,SUPPORT_GROUP_CHRONOLOGICAL_2016_2021,6.09722618981,14.800641013,5.30770424089,15.5901629619,FROZEN_B11_90,ONE_SIDED_CLUSTER_DRIFT_GUARD_90,0.9,0.951281331718,NO_2023_FEEDBACK_AVAILABLE_CARRY_FORWARD_2022_DRIFT_STATE,2024,G+E_T1,T1_30DAP,SUPPORTED_FROZEN_B5_GENOME,SUPPORTED_T1_CONTEXT,False,False,9.122821744,True,True,8.70341482319,True,10.282458721010002
W10004_0691/PHP02,NYH3_2024,10.3541889191,1.14699720508,0.242647058824,0.978178646849,WITHIN_TRAINING_NN_ENVELOPE,RETAIN_SUPPORTED,4.35170741157,5.14122936049,SUPPORT_GROUP_CHRONOLOGICAL_2016_2021,6.0024815075,14.7058963306,5.21295955858,15.4954182796,FROZEN_B11_90,ONE_SIDED_CLUSTER_DRIFT_GUARD_90,0.9,0.951281331718,NO_2023_FEEDBACK_AVAILABLE_CARRY_FORWARD_2022_DRIFT_STATE,2024,G+E_T1,T1_30DAP,SUPPORTED_FROZEN_B5_GENOME,SUPPORTED_T1_CONTEXT,False,False,6.440095725,True,True,8.703414823100001,True,10.282458721020001
W10004_0714/PHP02,NYH3_2024,10.3308181763,1.14699720508,0.242647058824,0.978178646849,WITHIN_TRAINING_NN_ENVELOPE,RETAIN_SUPPORTED,4.35170741157,5.14122936049,SUPPORT_GROUP_CHRONOLOGICAL_2016_2021,5.9791107647,14.6825255878,5.18958881578,15.4720475368,FROZEN_B11_90,ONE_SIDED_CLUSTER_DRIFT_GUARD_90,0.9,0.951281331718,NO_2023_FEEDBACK_AVAILABLE_CARRY_FORWARD_2022_DRIFT_STATE,2024,G+E_T1,T1_30DAP,SUPPORTED_FROZEN_B5_GENOME,SUPPORTED_T1_CONTEXT,False,False,9.548229996,True,True,8.703414823100001,True,10.28245872102
W10004_0715/PHP02,NYH3_2024,10.359082222,1.14699720508,0.242647058824,0.978178646849,WITHIN_TRAINING_NN_ENVELOPE,RETAIN_SUPPORTED,4.35170741157,5.14122936049,SUPPORT_GROUP_CHRONOLOGICAL_2016_2021,6.00737481041,14.7107896336,5.2178528615,15.5003115825,FROZEN_B11_90,ONE_SIDED_CLUSTER_DRIFT_GUARD_90,0.9,0.951281331718,NO_2023_FEEDBACK_AVAILABLE_CARRY_FORWARD_2022_DRIFT_STATE,2024,G+E_T1,T1_30DAP,SUPPORTED_FROZEN_B5_GENOME,SUPPORTED_T1_CONTEXT,False,False,6.977447,True,True,8.703414823189998,True,10.282458721000001
W10004_0754/PHP02,NYH3_2024,10.2125806808,1.14699720508,0.242647058824,0.978178646849,WITHIN_TRAINING_NN_ENVELOPE,RETAIN_SUPPORTED,4.35170741157,5.14122936049,SUPPORT_GROUP_CHRONOLOGICAL_2016_2021,5.86087326927,14.5642880924,5.07135132036,15.3538100413,FROZEN_B11_90,ONE_SIDED_CLUSTER_DRIFT_GUARD_90,0.9,0.951281331718,NO_2023_FEEDBACK_AVAILABLE_CARRY_FORWARD_2022_DRIFT_STATE,2024,G+E_T1,T1_30DAP,SUPPORTED_FROZEN_B5_GENOME,SUPPORTED_T1_CONTEXT,False,False,10.08201754,True,True,8.70341482313,True,10.28245872094
W10004_0776/PHP02,NYH3_2024,10.1912727356,1.14699720508,0.242647058824,0.978178646849,WITHIN_TRAINING_NN_ENVELOPE,RETAIN_SUPPORTED,4.35170741157,5.14122936049,SUPPORT_GROUP_CHRONOLOGICAL_2016_2021,5.83956532402,14.5429801472,5.05004337511,15.3325020961,FROZEN_B11_90,ONE_SIDED_CLUSTER_DRIFT_GUARD_90,0.9,0.951281331718,NO_2023_FEEDBACK_AVAILABLE_CARRY_FORWARD_2022_DRIFT_STATE,2024,G+E_T1,T1_30DAP,SUPPORTED_FROZEN_B5_GENOME,SUPPORTED_T1_CONTEXT,False,False,8.081511542,True,True,8.703414823180001,True,10.28245872099
W10004_0801/PHP02,NYH3_2024,10.3805618286,1.14699720508,0.242647058824,0.978178646849,WITHIN_TRAINING_NN_ENVELOPE,RETAIN_SUPPORTED,4.35170741157,5.14122936049,SUPPORT_GROUP_CHRONOLOGICAL_2016_2021,6.02885441704,14.7322692402,5.23933246813,15.5217911891,FROZEN_B11_90,ONE_SIDED_CLUSTER_DRIFT_GUARD_90,0.9,0.951281331718,NO_2023_FEEDBACK_AVAILABLE_CARRY_FORWARD_2022_DRIFT_STATE,2024,G+E_T1,T1_30DAP,SUPPORTED_FROZEN_B5_GENOME,SUPPORTED_T1_CONTEXT,False,False,8.235834741,True,True,8.703414823160001,True,10.28245872097
W10004_0822/PHP02,NYH3_2024,10.428735733,1.14699720508,0.242647058824,0.978178646849,WITHIN_TRAINING_NN_ENVELOPE,RETAIN_SUPPORTED,4.35170741157,5.14122936049,SUPPORT_GROUP_CHRONOLOGICAL_2016_2021,6.07702832146,14.7804431446,5.28750637255,15.5699650935,FROZEN_B11_90,ONE_SIDED_CLUSTER_DRIFT_GUARD_90,0.9,0.951281331718,NO_2023_FEEDBACK_AVAILABLE_CARRY_FORWARD_2022_DRIFT_STATE,2024,G+E_T1,T1_30DAP,SUPPORTED_FROZEN_B5_GENOME,SUPPORTED_T1_CONTEXT,False,False,11.6555848,True,True,8.70341482314,True,10.28245872095
W10004_0858/PHP02,NYH3_2024,10.2320690155,1.14699720508,0.242647058824,0.978178646849,WITHIN_TRAINING_NN_ENVELOPE,RETAIN_SUPPORTED,4.35170741157,5.14122936049,SUPPORT_GROUP_CHRONOLOGICAL_2016_2021,5.88036160393,14.5837764271,5.09083965502,15.373298376,FROZEN_B11_90,ONE_SIDED_CLUSTER_DRIFT_GUARD_90,0.9,0.951281331718,NO_2023_FEEDBACK_AVAILABLE_CARRY_FORWARD_2022_DRIFT_STATE,2024,G+E_T1,T1_30DAP,SUPPORTED_FROZEN_B5_GENOME,SUPPORTED_T1_CONTEXT,False,False,9.017831708,True,True,8.70341482317,True,10.28245872098
W10004_0859/PHP02,NYH3_2024,10.4817972183,1.14699720508,0.242647058824,0.978178646849,WITHIN_TRAINING_NN_ENVELOPE,RETAIN_SUPPORTED,4.35170741157,5.14122936049,SUPPORT_GROUP_CHRONOLOGICAL_2016_2021,6.13008980675,14.8335046299,5.34056785784,15.6230265788,FROZEN_B11_90,ONE_SIDED_CLUSTER_DRIFT_GUARD_90,0.9,0.951281331718,NO_2023_FEEDBACK_AVAILABLE_CARRY_FORWARD_2022_DRIFT_STATE,2024,G+E_T1,T1_30DAP,SUPPORTED_FROZEN_B5_GENOME,SUPPORTED_T1_CONTEXT,False,False,7.872425976,True,True,8.70341482315,True,10.28245872096
W10004_0949/PHP02,NYH3_2024,10.5522165298,1.14699720508,0.242647058824,0.978178646849,WITHIN_TRAINING_NN_ENVELOPE,RETAIN_SUPPORTED,4.35170741157,5.14122936049,SUPPORT_GROUP_CHRONOLOGICAL_2016_2021,6.20050911827,14.9039239414,5.41098716936,15.6934458903,FROZEN_B11_90,ONE_SIDED_CLUSTER_DRIFT_GUARD_90,0.9,0.951281331718,NO_2023_FEEDBACK_AVAILABLE_CARRY_FORWARD_2022_DRIFT_STATE,2024,G+E_T1,T1_30DAP,SUPPORTED_FROZEN_B5_GENOME,SUPPORTED_T1_CONTEXT,False,False,7.697419007,True,True,8.70341482313,True,10.28245872094
W10004_0969/PHP02,NYH3_2024,10.2284288406,1.14699720508,0.242647058824,0.978178646849,WITHIN_TRAINING_NN_ENVELOPE,RETAIN_SUPPORTED,4.35170741157,5.14122936049,SUPPORT_GROUP_CHRONOLOGICAL_2016_2021,5.87672142906,14.5801362522,5.08719948015,15.3696582011,FROZEN_B11_90,ONE_SIDED_CLUSTER_DRIFT_GUARD_90,0.9,0.951281331718,NO_2023_FEEDBACK_AVAILABLE_CARRY_FORWARD_2022_DRIFT_STATE,2024,G+E_T1,T1_30DAP,SUPPORTED_FROZEN_B5_GENOME,SUPPORTED_T1_CONTEXT,False,False,9.144152337,True,True,8.703414823140001,True,10.28245872095
W10004_1014/PHP02,NYH3_2024,10.2535572052,1.14699720508,0.242647058824,0.978178646849,WITHIN_TRAINING_NN_ENVELOPE,RETAIN_SUPPORTED,4.35170741157,5.14122936049,SUPPORT_GROUP_CHRONOLOGICAL_2016_2021,5.90184979363,14.6052646168,5.11232784471,15.3947865657,FROZEN_B11_90,ONE_SIDED_CLUSTER_DRIFT_GUARD_90,0.9,0.951281331718,NO_2023_FEEDBACK_AVAILABLE_CARRY_FORWARD_2022_DRIFT_STATE,2024,G+E_T1,T1_30DAP,SUPPORTED_FROZEN_B5_GENOME,SUPPORTED_T1_CONTEXT,False,False,8.501152606,True,True,8.70341482317,True,10.28245872099
W10004_1032/PHP02,NYH3_2024,10.419927597,1.14699720508,0.242647058824,0.978178646849,WITHIN_TRAINING_NN_ENVELOPE,RETAIN_SUPPORTED,4.35170741157,5.14122936049,SUPPORT_GROUP_CHRONOLOGICAL_2016_2021,6.06822018547,14.7716350086,5.27869823656,15.5611569575,FROZEN_B11_90,ONE_SIDED_CLUSTER_DRIFT_GUARD_90,0.9,0.951281331718,NO_2023_FEEDBACK_AVAILABLE_CARRY_FORWARD_2022_DRIFT_STATE,2024,G+E_T1,T1_30DAP,SUPPORTED_FROZEN_B5_GENOME,SUPPORTED_T1_CONTEXT,False,False,9.853257517,True,True,8.70341482313,True,10.28245872094
B14A/OH43,OHH1_2024,8.52680778503,4.73896114559,0.757352941176,0.68617559455,WITHIN_TRAINING_NN_ENVELOPE,RETAIN_SUPPORTED,4.35170741157,5.14122936049,SUPPORT_GROUP_CHRONOLOGICAL_2016_2021,4.17510037346,12.8785151966,3.38557842455,13.6680371455,FROZEN_B11_90,ONE_SIDED_CLUSTER_DRIFT_GUARD_90,0.9,0.951281331718,NO_2023_FEEDBACK_AVAILABLE_CARRY_FORWARD_2022_DRIFT_STATE,2024,G+E_T1,T1_30DAP,SUPPORTED_FROZEN_B5_GENOME,SUPPORTED_T1_CONTEXT,False,False,12.00148223,True,True,8.703414823140001,True,10.28245872095
B37/H95,OHH1_2024,8.88970375061,4.73896114559,0.757352941176,0.68617559455,WITHIN_TRAINING_NN_ENVELOPE,RETAIN_SUPPORTED,4.35170741157,5.14122936049,SUPPORT_GROUP_CHRONOLOGICAL_2016_2021,4.53799633904,13.2414111622,3.74847439012,14.0309331111,FROZEN_B11_90,ONE_SIDED_CLUSTER_DRIFT_GUARD_90,0.9,0.951281331718,NO_2023_FEEDBACK_AVAILABLE_CARRY_FORWARD_2022_DRIFT_STATE,2024,G+E_T1,T1_30DAP,SUPPORTED_FROZEN_B5_GENOME,SUPPORTED_T1_CONTEXT,False,False,9.571506794,True,True,8.70341482316,True,10.28245872098
B73/MO17,OHH1_2024,9.19019317627,4.73896114559,0.757352941176,0.68617559455,WITHIN_TRAINING_NN_ENVELOPE,RETAIN_SUPPORTED,4.35170741157,5.14122936049,SUPPORT_GROUP_CHRONOLOGICAL_2016_2021,4.8384857647,13.5419005878,4.04896381578,14.3314225368,FROZEN_B11_90,ONE_SIDED_CLUSTER_DRIFT_GUARD_90,0.9,0.951281331718,NO_2023_FEEDBACK_AVAILABLE_CARRY_FORWARD_2022_DRIFT_STATE,2024,G+E_T1,T1_30DAP,SUPPORTED_FROZEN_B5_GENOME,SUPPORTED_T1_CONTEXT,False,False,14.48099644,True,False,27.485331867099994,False,13.273936785020005
B73/PHN82,OHH1_2024,10.4753112793,4.73896114559,0.757352941176,0.68617559455,WITHIN_TRAINING_NN_ENVELOPE,RETAIN_SUPPORTED,4.35170741157,5.14122936049,SUPPORT_GROUP_CHRONOLOGICAL_2016_2021,6.12360386772,14.8270186909,5.33408191881,15.6165406398,FROZEN_B11_90,ONE_SIDED_CLUSTER_DRIFT_GUARD_90,0.9,0.951281331718,NO_2023_FEEDBACK_AVAILABLE_CARRY_FORWARD_2022_DRIFT_STATE,2024,G+E_T1,T1_30DAP,SUPPORTED_FROZEN_B5_GENOME,SUPPORTED_T1_CONTEXT,False,False,14.58474917,True,True,8.70341482318,True,10.28245872099
CG119/CG108,OHH1_2024,8.6874628067,4.73896114559,0.757352941176,0.68617559455,WITHIN_TRAINING_NN_ENVELOPE,RETAIN_SUPPORTED,4.35170741157,5.14122936049,SUPPORT_GROUP_CHRONOLOGICAL_2016_2021,4.33575539513,13.0391702183,3.54623344622,13.8286921672,FROZEN_B11_90,ONE_SIDED_CLUSTER_DRIFT_GUARD_90,0.9,0.951281331718,NO_2023_FEEDBACK_AVAILABLE_CARRY_FORWARD_2022_DRIFT_STATE,2024,G+E_T1,T1_30DAP,SUPPORTED_FROZEN_B5_GENOME,SUPPORTED_T1_CONTEXT,False,False,7.499966796,True,True,8.70341482317,True,10.28245872098
CG44/CGR01,OHH1_2024,9.05418777466,4.73896114559,0.757352941176,0.68617559455,WITHIN_TRAINING_NN_ENVELOPE,RETAIN_SUPPORTED,4.35170741157,5.14122936049,SUPPORT_GROUP_CHRONOLOGICAL_2016_2021,4.70248036309,13.4058951862,3.91295841417,14.1954171351,FROZEN_B11_90,ONE_SIDED_CLUSTER_DRIFT_GUARD_90,0.9,0.951281331718,NO_2023_FEEDBACK_AVAILABLE_CARRY_FORWARD_2022_DRIFT_STATE,2024,G+E_T1,T1_30DAP,SUPPORTED_FROZEN_B5_GENOME,SUPPORTED_T1_CONTEXT,False,False,11.45533507,True,True,8.70341482311,True,10.28245872093
LH195/PHZ51,OHH1_2024,9.26781082153,4.73896114559,0.757352941176,0.68617559455,WITHIN_TRAINING_NN_ENVELOPE,RETAIN_SUPPORTED,4.35170741157,5.14122936049,SUPPORT_GROUP_CHRONOLOGICAL_2016_2021,4.91610340996,13.6195182331,4.12658146105,14.409040182,FROZEN_B11_90,ONE_SIDED_CLUSTER_DRIFT_GUARD_90,0.9,0.951281331718,NO_2023_FEEDBACK_AVAILABLE_CARRY_FORWARD_2022_DRIFT_STATE,2024,G+E_T1,T1_30DAP,SUPPORTED_FROZEN_B5_GENOME,SUPPORTED_T1_CONTEXT,False,False,11.97679555,True,True,8.703414823140001,True,10.28245872095
LH244/PHK76,OHH1_2024,10.22178936,4.73896114559,0.757352941176,0.68617559455,WITHIN_TRAINING_NN_ENVELOPE,RETAIN_SUPPORTED,4.35170741157,5.14122936049,SUPPORT_GROUP_CHRONOLOGICAL_2016_2021,5.87008194847,14.5734967716,5.08055999956,15.3630187205,FROZEN_B11_90,ONE_SIDED_CLUSTER_DRIFT_GUARD_90,0.9,0.951281331718,NO_2023_FEEDBACK_AVAILABLE_CARRY_FORWARD_2022_DRIFT_STATE,2024,G+E_T1,T1_30DAP,SUPPORTED_FROZEN_B5_GENOME,SUPPORTED_T1_CONTEXT,False,False,15.39398289,True,False,25.11313719113,False,10.901742110940013
PHB47/PHN82,OHH1_2024,9.53257846832,4.73896114559,0.757352941176,0.68617559455,WITHIN_TRAINING_NN_ENVELOPE,RETAIN_SUPPORTED,4.35170741157,5.14122936049,SUPPORT_GROUP_CHRONOLOGICAL_2016_2021,5.18087105675,13.8842858799,4.39134910784,14.6738078288,FROZEN_B11_90,ONE_SIDED_CLUSTER_DRIFT_GUARD_90,0.9,0.951281331718,NO_2023_FEEDBACK_AVAILABLE_CARRY_FORWARD_2022_DRIFT_STATE,2024,G+E_T1,T1_30DAP,SUPPORTED_FROZEN_B5_GENOME,SUPPORTED_T1_CONTEXT,False,False,13.73074253,True,True,8.70341482315,True,10.28245872096
PHB47/PHZ51,OHH1_2024,8.4642162323,4.73896114559,0.757352941176,0.68617559455,WITHIN_TRAINING_NN_ENVELOPE,RETAIN_SUPPORTED,4.35170741157,5.14122936049,SUPPORT_GROUP_CHRONOLOGICAL_2016_2021,4.11250882073,12.8159236439,3.32298687181,13.6054455928,FROZEN_B11_90,ONE_SIDED_CLUSTER_DRIFT_GUARD_90,0.9,0.951281331718,NO_2023_FEEDBACK_AVAILABLE_CARRY_FORWARD_2022_DRIFT_STATE,2024,G+E_T1,T1_30DAP,SUPPORTED_FROZEN_B5_GENOME,SUPPORTED_T1_CONTEXT,False,False,13.42024051,True,False,20.78975214516999,True,10.28245872099
PHG29/PHG47,OHH1_2024,9.44173717499,4.73896114559,0.757352941176,0.68617559455,WITHIN_TRAINING_NN_ENVELOPE,RETAIN_SUPPORTED,4.35170741157,5.14122936049,SUPPORT_GROUP_CHRONOLOGICAL_2016_2021,5.09002976342,13.7934445866,4.3005078145,14.5829665355,FROZEN_B11_90,ONE_SIDED_CLUSTER_DRIFT_GUARD_90,0.9,0.951281331718,NO_2023_FEEDBACK_AVAILABLE_CARRY_FORWARD_2022_DRIFT_STATE,2024,G+E_T1,T1_30DAP,SUPPORTED_FROZEN_B5_GENOME,SUPPORTED_T1_CONTEXT,False,False,14.22387368,True,False,17.31199669118002,True,10.282458721000001
PHG39/PHN82,OHH1_2024,10.0273799896,4.73896114559,0.757352941176,0.68617559455,WITHIN_TRAINING_NN_ENVELOPE,RETAIN_SUPPORTED,4.35170741157,5.14122936049,SUPPORT_GROUP_CHRONOLOGICAL_2016_2021,5.67567257805,14.3790874012,4.88615062914,15.1686093501,FROZEN_B11_90,ONE_SIDED_CLUSTER_DRIFT_GUARD_90,0.9,0.951281331718,NO_2023_FEEDBACK_AVAILABLE_CARRY_FORWARD_2022_DRIFT_STATE,2024,G+E_T1,T1_30DAP,SUPPORTED_FROZEN_B5_GENOME,SUPPORTED_T1_CONTEXT,False,False,14.06984246,True,True,8.703414823149998,True,10.282458720960001
PHJ40/PHAJ0,OHH1_2024,9.24624443054,4.73896114559,0.757352941176,0.68617559455,WITHIN_TRAINING_NN_ENVELOPE,RETAIN_SUPPORTED,4.35170741157,5.14122936049,SUPPORT_GROUP_CHRONOLOGICAL_2016_2021,4.89453701897,13.5979518421,4.10501507006,14.387473791,FROZEN_B11_90,ONE_SIDED_CLUSTER_DRIFT_GUARD_90,0.9,0.951281331718,NO_2023_FEEDBACK_AVAILABLE_CARRY_FORWARD_2022_DRIFT_STATE,2024,G+E_T1,T1_30DAP,SUPPORTED_FROZEN_B5_GENOME,SUPPORTED_T1_CONTEXT,False,False,8.008192189,True,True,8.70341482313,True,10.28245872094
PHRE1/PHTD5,OHH1_2024,9.66095066071,4.73896114559,0.757352941176,0.68617559455,WITHIN_TRAINING_NN_ENVELOPE,RETAIN_SUPPORTED,4.35170741157,5.14122936049,SUPPORT_GROUP_CHRONOLOGICAL_2016_2021,5.30924324913,14.0126580723,4.51972130022,14.8021800212,FROZEN_B11_90,ONE_SIDED_CLUSTER_DRIFT_GUARD_90,0.9,0.951281331718,NO_2023_FEEDBACK_AVAILABLE_CARRY_FORWARD_2022_DRIFT_STATE,2024,G+E_T1,T1_30DAP,SUPPORTED_FROZEN_B5_GENOME,SUPPORTED_T1_CONTEXT,False,False,10.5237035,True,True,8.70341482317,True,10.28245872098
PHW52/PHM49,OHH1_2024,9.77168083191,4.73896114559,0.757352941176,0.68617559455,WITHIN_TRAINING_NN_ENVELOPE,RETAIN_SUPPORTED,4.35170741157,5.14122936049,SUPPORT_GROUP_CHRONOLOGICAL_2016_2021,5.41997342034,14.1233882435,4.63045147142,14.9129101924,FROZEN_B11_90,ONE_SIDED_CLUSTER_DRIFT_GUARD_90,0.9,0.951281331718,NO_2023_FEEDBACK_AVAILABLE_CARRY_FORWARD_2022_DRIFT_STATE,2024,G+E_T1,T1_30DAP,SUPPORTED_FROZEN_B5_GENOME,SUPPORTED_T1_CONTEXT,False,False,13.81905226,True,True,8.703414823160001,True,10.28245872098
B14A/OH43,TXH1_2024,7.51250457764,1.26083417069,0.242647058824,0.973692548032,WITHIN_TRAINING_NN_ENVELOPE,RETAIN_SUPPORTED,4.35170741157,5.14122936049,SUPPORT_GROUP_CHRONOLOGICAL_2016_2021,3.16079716606,11.8642119892,2.37127521715,12.6537339381,FROZEN_B11_90,ONE_SIDED_CLUSTER_DRIFT_GUARD_90,0.9,0.951281331718,NO_2023_FEEDBACK_AVAILABLE_CARRY_FORWARD_2022_DRIFT_STATE,2024,G+E_T1,T1_30DAP,SUPPORTED_FROZEN_B5_GENOME,SUPPORTED_T1_CONTEXT,False,False,5.964608702,True,True,8.70341482314,True,10.28245872095
B37/H95,TXH1_2024,7.87539958954,1.26083417069,0.242647058824,0.973692548032,WITHIN_TRAINING_NN_ENVELOPE,RETAIN_SUPPORTED,4.35170741157,5.14122936049,SUPPORT_GROUP_CHRONOLOGICAL_2016_2021,3.52369217797,12.2271070011,2.73417022905,13.01662895,FROZEN_B11_90,ONE_SIDED_CLUSTER_DRIFT_GUARD_90,0.9,0.951281331718,NO_2023_FEEDBACK_AVAILABLE_CARRY_FORWARD_2022_DRIFT_STATE,2024,G+E_T1,T1_30DAP,SUPPORTED_FROZEN_B5_GENOME,SUPPORTED_T1_CONTEXT,False,False,7.53347015,True,True,8.70341482313,True,10.28245872095
B73/MO17,TXH1_2024,8.1758890152,1.26083417069,0.242647058824,0.973692548032,WITHIN_TRAINING_NN_ENVELOPE,RETAIN_SUPPORTED,4.35170741157,5.14122936049,SUPPORT_GROUP_CHRONOLOGICAL_2016_2021,3.82418160363,12.5275964268,3.03465965471,13.3171183757,FROZEN_B11_90,ONE_SIDED_CLUSTER_DRIFT_GUARD_90,0.9,0.951281331718,NO_2023_FEEDBACK_AVAILABLE_CARRY_FORWARD_2022_DRIFT_STATE,2024,G+E_T1,T1_30DAP,SUPPORTED_FROZEN_B5_GENOME,SUPPORTED_T1_CONTEXT,False,False,6.946090787,True,True,8.70341482317,True,10.28245872099
B73/PHN82,TXH1_2024,9.4610080719,1.26083417069,0.242647058824,0.973692548032,WITHIN_TRAINING_NN_ENVELOPE,RETAIN_SUPPORTED,4.35170741157,5.14122936049,SUPPORT_GROUP_CHRONOLOGICAL_2016_2021,5.10930066033,13.8127154835,4.31977871141,14.6022374324,FROZEN_B11_90,ONE_SIDED_CLUSTER_DRIFT_GUARD_90,0.9,0.951281331718,NO_2023_FEEDBACK_AVAILABLE_CARRY_FORWARD_2022_DRIFT_STATE,2024,G+E_T1,T1_30DAP,SUPPORTED_FROZEN_B5_GENOME,SUPPORTED_T1_CONTEXT,False,False,8.350225096,True,True,8.70341482317,True,10.28245872099
CG44/CGR01,TXH1_2024,8.03988456726,1.26083417069,0.242647058824,0.973692548032,WITHIN_TRAINING_NN_ENVELOPE,RETAIN_SUPPORTED,4.35170741157,5.14122936049,SUPPORT_GROUP_CHRONOLOGICAL_2016_2021,3.68817715569,12.3915919788,2.89865520677,13.1811139277,FROZEN_B11_90,ONE_SIDED_CLUSTER_DRIFT_GUARD_90,0.9,0.951281331718,NO_2023_FEEDBACK_AVAILABLE_CARRY_FORWARD_2022_DRIFT_STATE,2024,G+E_T1,T1_30DAP,SUPPORTED_FROZEN_B5_GENOME,SUPPORTED_T1_CONTEXT,False,False,2.978996088,True,False,22.887036176909998,True,10.28245872093
LH195/PHZ51,TXH1_2024,8.25350761414,1.26083417069,0.242647058824,0.973692548032,WITHIN_TRAINING_NN_ENVELOPE,RETAIN_SUPPORTED,4.35170741157,5.14122936049,SUPPORT_GROUP_CHRONOLOGICAL_2016_2021,3.90180020256,12.6052150257,3.11227825365,13.3947369746,FROZEN_B11_90,ONE_SIDED_CLUSTER_DRIFT_GUARD_90,0.9,0.951281331718,NO_2023_FEEDBACK_AVAILABLE_CARRY_FORWARD_2022_DRIFT_STATE,2024,G+E_T1,T1_30DAP,SUPPORTED_FROZEN_B5_GENOME,SUPPORTED_T1_CONTEXT,False,False,8.046020444,True,True,8.70341482314,True,10.28245872095
LH244/PHK76,TXH1_2024,9.20748519897,1.26083417069,0.242647058824,0.973692548032,WITHIN_TRAINING_NN_ENVELOPE,RETAIN_SUPPORTED,4.35170741157,5.14122936049,SUPPORT_GROUP_CHRONOLOGICAL_2016_2021,4.8557777874,13.5591926105,4.06625583849,14.3487145595,FROZEN_B11_90,ONE_SIDED_CLUSTER_DRIFT_GUARD_90,0.9,0.951281331718,NO_2023_FEEDBACK_AVAILABLE_CARRY_FORWARD_2022_DRIFT_STATE,2024,G+E_T1,T1_30DAP,SUPPORTED_FROZEN_B5_GENOME,SUPPORTED_T1_CONTEXT,False,False,6.165631766,True,True,8.703414823100001,True,10.282458721009998
PHB47/PHN82,TXH1_2024,8.51827430725,1.26083417069,0.242647058824,0.973692548032,WITHIN_TRAINING_NN_ENVELOPE,RETAIN_SUPPORTED,4.35170741157,5.14122936049,SUPPORT_GROUP_CHRONOLOGICAL_2016_2021,4.16656689568,12.8699817188,3.37704494677,13.6595036677,FROZEN_B11_90,ONE_SIDED_CLUSTER_DRIFT_GUARD_90,0.9,0.951281331718,NO_2023_FEEDBACK_AVAILABLE_CARRY_FORWARD_2022_DRIFT_STATE,2024,G+E_T1,T1_30DAP,SUPPORTED_FROZEN_B5_GENOME,SUPPORTED_T1_CONTEXT,False,False,6.470181122,True,True,8.70341482312,True,10.282458720929998
PHB47/PHZ51,TXH1_2024,7.44991207123,1.26083417069,0.242647058824,0.973692548032,WITHIN_TRAINING_NN_ENVELOPE,RETAIN_SUPPORTED,4.35170741157,5.14122936049,SUPPORT_GROUP_CHRONOLOGICAL_2016_2021,3.09820465966,11.8016194828,2.30868271074,12.5911414317,FROZEN_B11_90,ONE_SIDED_CLUSTER_DRIFT_GUARD_90,0.9,0.951281331718,NO_2023_FEEDBACK_AVAILABLE_CARRY_FORWARD_2022_DRIFT_STATE,2024,G+E_T1,T1_30DAP,SUPPORTED_FROZEN_B5_GENOME,SUPPORTED_T1_CONTEXT,False,False,4.845771629,True,True,8.70341482314,True,10.282458720960001
PHG29/PHG47,TXH1_2024,8.42743301392,1.26083417069,0.242647058824,0.973692548032,WITHIN_TRAINING_NN_ENVELOPE,RETAIN_SUPPORTED,4.35170741157,5.14122936049,SUPPORT_GROUP_CHRONOLOGICAL_2016_2021,4.07572560234,12.7791404255,3.28620365343,13.5686623744,FROZEN_B11_90,ONE_SIDED_CLUSTER_DRIFT_GUARD_90,0.9,0.951281331718,NO_2023_FEEDBACK_AVAILABLE_CARRY_FORWARD_2022_DRIFT_STATE,2024,G+E_T1,T1_30DAP,SUPPORTED_FROZEN_B5_GENOME,SUPPORTED_T1_CONTEXT,False,False,4.035798956,True,False,9.50194774996001,True,10.28245872097
PHG39/PHN82,TXH1_2024,9.01307582855,1.26083417069,0.242647058824,0.973692548032,WITHIN_TRAINING_NN_ENVELOPE,RETAIN_SUPPORTED,4.35170741157,5.14122936049,SUPPORT_GROUP_CHRONOLOGICAL_2016_2021,4.66136841698,13.3647832401,3.87184646807,14.154305189,FROZEN_B11_90,ONE_SIDED_CLUSTER_DRIFT_GUARD_90,0.9,0.951281331718,NO_2023_FEEDBACK_AVAILABLE_CARRY_FORWARD_2022_DRIFT_STATE,2024,G+E_T1,T1_30DAP,SUPPORTED_FROZEN_B5_GENOME,SUPPORTED_T1_CONTEXT,False,False,6.099333739,True,True,8.70341482312,True,10.28245872093
PHJ40/PHAJ0,TXH1_2024,8.23194026947,1.26083417069,0.242647058824,0.973692548032,WITHIN_TRAINING_NN_ENVELOPE,RETAIN_SUPPORTED,4.35170741157,5.14122936049,SUPPORT_GROUP_CHRONOLOGICAL_2016_2021,3.8802328579,12.583647681,3.09071090898,13.37316963,FROZEN_B11_90,ONE_SIDED_CLUSTER_DRIFT_GUARD_90,0.9,0.951281331718,NO_2023_FEEDBACK_AVAILABLE_CARRY_FORWARD_2022_DRIFT_STATE,2024,G+E_T1,T1_30DAP,SUPPORTED_FROZEN_B5_GENOME,SUPPORTED_T1_CONTEXT,False,False,6.116755686,True,True,8.703414823100001,True,10.28245872102
PHRE1/PHTD5,TXH1_2024,8.64664649963,1.26083417069,0.242647058824,0.973692548032,WITHIN_TRAINING_NN_ENVELOPE,RETAIN_SUPPORTED,4.35170741157,5.14122936049,SUPPORT_GROUP_CHRONOLOGICAL_2016_2021,4.29493908806,12.9983539112,3.50541713915,13.7878758601,FROZEN_B11_90,ONE_SIDED_CLUSTER_DRIFT_GUARD_90,0.9,0.951281331718,NO_2023_FEEDBACK_AVAILABLE_CARRY_FORWARD_2022_DRIFT_STATE,2024,G+E_T1,T1_30DAP,SUPPORTED_FROZEN_B5_GENOME,SUPPORTED_T1_CONTEXT,False,False,4.076688793,True,False,13.068420724339997,True,10.28245872095
PHW52/PHM49,TXH1_2024,8.75737667084,1.26083417069,0.242647058824,0.973692548032,WITHIN_TRAINING_NN_ENVELOPE,RETAIN_SUPPORTED,4.35170741157,5.14122936049,SUPPORT_GROUP_CHRONOLOGICAL_2016_2021,4.40566925927,13.1090840824,3.61614731035,13.8986060313,FROZEN_B11_90,ONE_SIDED_CLUSTER_DRIFT_GUARD_90,0.9,0.951281331718,NO_2023_FEEDBACK_AVAILABLE_CARRY_FORWARD_2022_DRIFT_STATE,2024,G+E_T1,T1_30DAP,SUPPORTED_FROZEN_B5_GENOME,SUPPORTED_T1_CONTEXT,False,False,6.752220489,True,True,8.70341482313,True,10.28245872095
B14A/OH43,WIH1_2024,10.39133358,2.31201485531,0.558823529412,0.914256777338,WITHIN_TRAINING_NN_ENVELOPE,RETAIN_SUPPORTED,4.35170741157,5.14122936049,SUPPORT_GROUP_CHRONOLOGICAL_2016_2021,6.03962616844,14.7430409916,5.25010421953,15.5325629405,FROZEN_B11_90,ONE_SIDED_CLUSTER_DRIFT_GUARD_90,0.9,0.951281331718,NO_2023_FEEDBACK_AVAILABLE_CARRY_FORWARD_2022_DRIFT_STATE,2024,G+E_T1,T1_30DAP,SUPPORTED_FROZEN_B5_GENOME,SUPPORTED_T1_CONTEXT,False,False,13.45384018,True,True,8.70341482316,True,10.28245872097
B37/H95,WIH1_2024,10.7542285919,2.31201485531,0.558823529412,0.914256777338,WITHIN_TRAINING_NN_ENVELOPE,RETAIN_SUPPORTED,4.35170741157,5.14122936049,SUPPORT_GROUP_CHRONOLOGICAL_2016_2021,6.40252118035,15.1059360035,5.61299923143,15.8954579524,FROZEN_B11_90,ONE_SIDED_CLUSTER_DRIFT_GUARD_90,0.9,0.951281331718,NO_2023_FEEDBACK_AVAILABLE_CARRY_FORWARD_2022_DRIFT_STATE,2024,G+E_T1,T1_30DAP,SUPPORTED_FROZEN_B5_GENOME,SUPPORTED_T1_CONTEXT,False,False,13.10139665,True,True,8.70341482315,True,10.282458720969998
B73/MO17,WIH1_2024,11.0547180176,2.31201485531,0.558823529412,0.914256777338,WITHIN_TRAINING_NN_ENVELOPE,RETAIN_SUPPORTED,4.35170741157,5.14122936049,SUPPORT_GROUP_CHRONOLOGICAL_2016_2021,6.70301060601,15.4064254292,5.91348865709,16.1959473781,FROZEN_B11_90,ONE_SIDED_CLUSTER_DRIFT_GUARD_90,0.9,0.951281331718,NO_2023_FEEDBACK_AVAILABLE_CARRY_FORWARD_2022_DRIFT_STATE,2024,G+E_T1,T1_30DAP,SUPPORTED_FROZEN_B5_GENOME,SUPPORTED_T1_CONTEXT,False,False,15.96428256,True,False,19.860557439189975,True,10.282458721010002
B73/PHN82,WIH1_2024,12.3398370743,2.31201485531,0.558823529412,0.914256777338,WITHIN_TRAINING_NN_ENVELOPE,RETAIN_SUPPORTED,4.35170741157,5.14122936049,SUPPORT_GROUP_CHRONOLOGICAL_2016_2021,7.98812966271,16.6915444859,7.19860771379,17.4810664348,FROZEN_B11_90,ONE_SIDED_CLUSTER_DRIFT_GUARD_90,0.9,0.951281331718,NO_2023_FEEDBACK_AVAILABLE_CARRY_FORWARD_2022_DRIFT_STATE,2024,G+E_T1,T1_30DAP,SUPPORTED_FROZEN_B5_GENOME,SUPPORTED_T1_CONTEXT,False,False,17.24833224,True,False,19.839169905190005,True,10.282458721009998
B73/TX779,WIH1_2024,11.2832374573,2.31201485531,0.558823529412,0.914256777338,WITHIN_TRAINING_NN_ENVELOPE,RETAIN_SUPPORTED,4.35170741157,5.14122936049,SUPPORT_GROUP_CHRONOLOGICAL_2016_2021,6.9315300457,15.6349448688,6.14200809679,16.4244668178,FROZEN_B11_90,ONE_SIDED_CLUSTER_DRIFT_GUARD_90,0.9,0.951281331718,NO_2023_FEEDBACK_AVAILABLE_CARRY_FORWARD_2022_DRIFT_STATE,2024,G+E_T1,T1_30DAP,SUPPORTED_FROZEN_B5_GENOME,SUPPORTED_T1_CONTEXT,False,False,3.189228946,True,False,83.54943681710002,False,69.33804173681
CG119/CG108,WIH1_2024,10.551987648,2.31201485531,0.558823529412,0.914256777338,WITHIN_TRAINING_NN_ENVELOPE,RETAIN_SUPPORTED,4.35170741157,5.14122936049,SUPPORT_GROUP_CHRONOLOGICAL_2016_2021,6.20028023644,14.9036950596,5.41075828752,15.6932170085,FROZEN_B11_90,ONE_SIDED_CLUSTER_DRIFT_GUARD_90,0.9,0.951281331718,NO_2023_FEEDBACK_AVAILABLE_CARRY_FORWARD_2022_DRIFT_STATE,2024,G+E_T1,T1_30DAP,SUPPORTED_FROZEN_B5_GENOME,SUPPORTED_T1_CONTEXT,False,False,7.400178241,True,True,8.70341482316,True,10.28245872098
CG44/CGR01,WIH1_2024,10.918712616,2.31201485531,0.558823529412,0.914256777338,WITHIN_TRAINING_NN_ENVELOPE,RETAIN_SUPPORTED,4.35170741157,5.14122936049,SUPPORT_GROUP_CHRONOLOGICAL_2016_2021,6.56700520439,15.2704200275,5.77748325548,16.0599419765,FROZEN_B11_90,ONE_SIDED_CLUSTER_DRIFT_GUARD_90,0.9,0.951281331718,NO_2023_FEEDBACK_AVAILABLE_CARRY_FORWARD_2022_DRIFT_STATE,2024,G+E_T1,T1_30DAP,SUPPORTED_FROZEN_B5_GENOME,SUPPORTED_T1_CONTEXT,False,False,11.34292621,True,True,8.70341482311,True,10.28245872102
LH195/PHZ51,WIH1_2024,11.1323356628,2.31201485531,0.558823529412,0.914256777338,WITHIN_TRAINING_NN_ENVELOPE,RETAIN_SUPPORTED,4.35170741157,5.14122936049,SUPPORT_GROUP_CHRONOLOGICAL_2016_2021,6.78062825127,15.4840430744,5.99110630236,16.2735650233,FROZEN_B11_90,ONE_SIDED_CLUSTER_DRIFT_GUARD_90,0.9,0.951281331718,NO_2023_FEEDBACK_AVAILABLE_CARRY_FORWARD_2022_DRIFT_STATE,2024,G+E_T1,T1_30DAP,SUPPORTED_FROZEN_B5_GENOME,SUPPORTED_T1_CONTEXT,False,False,12.49043583,True,True,8.70341482313,True,10.282458720940001
LH244/PHK76,WIH1_2024,12.0863142014,2.31201485531,0.558823529412,0.914256777338,WITHIN_TRAINING_NN_ENVELOPE,RETAIN_SUPPORTED,4.35170741157,5.14122936049,SUPPORT_GROUP_CHRONOLOGICAL_2016_2021,7.73460678978,16.4380216129,6.94508484087,17.2275435618,FROZEN_B11_90,ONE_SIDED_CLUSTER_DRIFT_GUARD_90,0.9,0.951281331718,NO_2023_FEEDBACK_AVAILABLE_CARRY_FORWARD_2022_DRIFT_STATE,2024,G+E_T1,T1_30DAP,SUPPORTED_FROZEN_B5_GENOME,SUPPORTED_T1_CONTEXT,False,False,13.79621621,True,True,8.70341482312,True,10.282458720930002
PHB47/PHN82,WIH1_2024,11.3971042633,2.31201485531,0.558823529412,0.914256777338,WITHIN_TRAINING_NN_ENVELOPE,RETAIN_SUPPORTED,4.35170741157,5.14122936049,SUPPORT_GROUP_CHRONOLOGICAL_2016_2021,7.04539685173,15.7488116749,6.25587490282,16.5383336238,FROZEN_B11_90,ONE_SIDED_CLUSTER_DRIFT_GUARD_90,0.9,0.951281331718,NO_2023_FEEDBACK_AVAILABLE_CARRY_FORWARD_2022_DRIFT_STATE,2024,G+E_T1,T1_30DAP,SUPPORTED_FROZEN_B5_GENOME,SUPPORTED_T1_CONTEXT,False,False,13.63197278,True,True,8.70341482317,True,10.28245872098
PHB47/PHZ51,WIH1_2024,10.3287410736,2.31201485531,0.558823529412,0.914256777338,WITHIN_TRAINING_NN_ENVELOPE,RETAIN_SUPPORTED,4.35170741157,5.14122936049,SUPPORT_GROUP_CHRONOLOGICAL_2016_2021,5.97703366204,14.6804484852,5.18751171312,15.4699704341,FROZEN_B11_90,ONE_SIDED_CLUSTER_DRIFT_GUARD_90,0.9,0.951281331718,NO_2023_FEEDBACK_AVAILABLE_CARRY_FORWARD_2022_DRIFT_STATE,2024,G+E_T1,T1_30DAP,SUPPORTED_FROZEN_B5_GENOME,SUPPORTED_T1_CONTEXT,False,False,12.95249649,True,True,8.70341482316,True,10.28245872098
PHG29/PHG47,WIH1_2024,11.3062620163,2.31201485531,0.558823529412,0.914256777338,WITHIN_TRAINING_NN_ENVELOPE,RETAIN_SUPPORTED,4.35170741157,5.14122936049,SUPPORT_GROUP_CHRONOLOGICAL_2016_2021,6.95455460472,15.6579694279,6.16503265581,16.4474913768,FROZEN_B11_90,ONE_SIDED_CLUSTER_DRIFT_GUARD_90,0.9,0.951281331718,NO_2023_FEEDBACK_AVAILABLE_CARRY_FORWARD_2022_DRIFT_STATE,2024,G+E_T1,T1_30DAP,SUPPORTED_FROZEN_B5_GENOME,SUPPORTED_T1_CONTEXT,False,False,12.46063118,True,True,8.70341482318,True,10.282458720989998
PHG39/PHN82,WIH1_2024,11.8919048309,2.31201485531,0.558823529412,0.914256777338,WITHIN_TRAINING_NN_ENVELOPE,RETAIN_SUPPORTED,4.35170741157,5.14122936049,SUPPORT_GROUP_CHRONOLOGICAL_2016_2021,7.54019741936,16.2436122425,6.75067547045,17.0331341914,FROZEN_B11_90,ONE_SIDED_CLUSTER_DRIFT_GUARD_90,0.9,0.951281331718,NO_2023_FEEDBACK_AVAILABLE_CARRY_FORWARD_2022_DRIFT_STATE,2024,G+E_T1,T1_30DAP,SUPPORTED_FROZEN_B5_GENOME,SUPPORTED_T1_CONTEXT,False,False,15.28418339,True,True,8.70341482314,True,10.282458720949998
PHJ40/PHAJ0,WIH1_2024,11.1107692719,2.31201485531,0.558823529412,0.914256777338,WITHIN_TRAINING_NN_ENVELOPE,RETAIN_SUPPORTED,4.35170741157,5.14122936049,SUPPORT_GROUP_CHRONOLOGICAL_2016_2021,6.75906186028,15.4624766834,5.96953991136,16.2519986323,FROZEN_B11_90,ONE_SIDED_CLUSTER_DRIFT_GUARD_90,0.9,0.951281331718,NO_2023_FEEDBACK_AVAILABLE_CARRY_FORWARD_2022_DRIFT_STATE,2024,G+E_T1,T1_30DAP,SUPPORTED_FROZEN_B5_GENOME,SUPPORTED_T1_CONTEXT,False,False,7.490450151,True,True,8.70341482312,True,10.282458720940001
PHRE1/PHTD5,WIH1_2024,11.525475502,2.31201485531,0.558823529412,0.914256777338,WITHIN_TRAINING_NN_ENVELOPE,RETAIN_SUPPORTED,4.35170741157,5.14122936049,SUPPORT_GROUP_CHRONOLOGICAL_2016_2021,7.17376809044,15.8771829136,6.38424614153,16.6667048625,FROZEN_B11_90,ONE_SIDED_CLUSTER_DRIFT_GUARD_90,0.9,0.951281331718,NO_2023_FEEDBACK_AVAILABLE_CARRY_FORWARD_2022_DRIFT_STATE,2024,G+E_T1,T1_30DAP,SUPPORTED_FROZEN_B5_GENOME,SUPPORTED_T1_CONTEXT,False,False,10.39701119,True,True,8.70341482316,True,10.282458720970002
PHW52/PHM49,WIH1_2024,11.6362056732,2.31201485531,0.558823529412,0.914256777338,WITHIN_TRAINING_NN_ENVELOPE,RETAIN_SUPPORTED,4.35170741157,5.14122936049,SUPPORT_GROUP_CHRONOLOGICAL_2016_2021,7.28449826165,15.9879130848,6.49497631273,16.7774350337,FROZEN_B11_90,ONE_SIDED_CLUSTER_DRIFT_GUARD_90,0.9,0.951281331718,NO_2023_FEEDBACK_AVAILABLE_CARRY_FORWARD_2022_DRIFT_STATE,2024,G+E_T1,T1_30DAP,SUPPORTED_FROZEN_B5_GENOME,SUPPORTED_T1_CONTEXT,False,False,15.43893208,True,True,8.703414823150002,True,10.282458720970002
TX777/LH195,WIH1_2024,11.2524633408,2.31201485531,0.558823529412,0.914256777338,WITHIN_TRAINING_NN_ENVELOPE,RETAIN_SUPPORTED,4.35170741157,5.14122936049,SUPPORT_GROUP_CHRONOLOGICAL_2016_2021,6.90075592919,15.6041707523,6.11123398027,16.3936927012,FROZEN_B11_90,ONE_SIDED_CLUSTER_DRIFT_GUARD_90,0.9,0.951281331718,NO_2023_FEEDBACK_AVAILABLE_CARRY_FORWARD_2022_DRIFT_STATE,2024,G+E_T1,T1_30DAP,SUPPORTED_FROZEN_B5_GENOME,SUPPORTED_T1_CONTEXT,False,False,8.937786698,True,True,8.70341482311,True,10.282458720929998
W10004_0018/PHP02,WIH1_2024,12.146490097,2.31201485531,0.558823529412,0.914256777338,WITHIN_TRAINING_NN_ENVELOPE,RETAIN_SUPPORTED,4.35170741157,5.14122936049,SUPPORT_GROUP_CHRONOLOGICAL_2016_2021,7.79478268547,16.4981975086,7.00526073656,17.2877194575,FROZEN_B11_90,ONE_SIDED_CLUSTER_DRIFT_GUARD_90,0.9,0.951281331718,NO_2023_FEEDBACK_AVAILABLE_CARRY_FORWARD_2022_DRIFT_STATE,2024,G+E_T1,T1_30DAP,SUPPORTED_FROZEN_B5_GENOME,SUPPORTED_T1_CONTEXT,False,False,13.50038828,True,True,8.70341482313,True,10.28245872094
W10004_0031/PHP02,WIH1_2024,12.5527267456,2.31201485531,0.558823529412,0.914256777338,WITHIN_TRAINING_NN_ENVELOPE,RETAIN_SUPPORTED,4.35170741157,5.14122936049,SUPPORT_GROUP_CHRONOLOGICAL_2016_2021,8.20101933403,16.9044341572,7.41149738512,17.6939561061,FROZEN_B11_90,ONE_SIDED_CLUSTER_DRIFT_GUARD_90,0.9,0.951281331718,NO_2023_FEEDBACK_AVAILABLE_CARRY_FORWARD_2022_DRIFT_STATE,2024,G+E_T1,T1_30DAP,SUPPORTED_FROZEN_B5_GENOME,SUPPORTED_T1_CONTEXT,False,False,12.0770089,True,True,8.70341482317,True,10.28245872098
W10004_0055/PHP02,WIH1_2024,12.3589630127,2.31201485531,0.558823529412,0.914256777338,WITHIN_TRAINING_NN_ENVELOPE,RETAIN_SUPPORTED,4.35170741157,5.14122936049,SUPPORT_GROUP_CHRONOLOGICAL_2016_2021,8.00725560112,16.7106704243,7.21773365221,17.5001923732,FROZEN_B11_90,ONE_SIDED_CLUSTER_DRIFT_GUARD_90,0.9,0.951281331718,NO_2023_FEEDBACK_AVAILABLE_CARRY_FORWARD_2022_DRIFT_STATE,2024,G+E_T1,T1_30DAP,SUPPORTED_FROZEN_B5_GENOME,SUPPORTED_T1_CONTEXT,False,False,12.04629447,True,True,8.703414823180001,True,10.28245872099
W10004_0133/PHP02,WIH1_2024,12.0804576874,2.31201485531,0.558823529412,0.914256777338,WITHIN_TRAINING_NN_ENVELOPE,RETAIN_SUPPORTED,4.35170741157,5.14122936049,SUPPORT_GROUP_CHRONOLOGICAL_2016_2021,7.72875027581,16.432165099,6.93922832689,17.2216870479,FROZEN_B11_90,ONE_SIDED_CLUSTER_DRIFT_GUARD_90,0.9,0.951281331718,NO_2023_FEEDBACK_AVAILABLE_CARRY_FORWARD_2022_DRIFT_STATE,2024,G+E_T1,T1_30DAP,SUPPORTED_FROZEN_B5_GENOME,SUPPORTED_T1_CONTEXT,False,False,12.55910934,True,True,8.703414823189998,True,10.282458721010002
W10004_0138/PHP02,WIH1_2024,12.6211032867,2.31201485531,0.558823529412,0.914256777338,WITHIN_TRAINING_NN_ENVELOPE,RETAIN_SUPPORTED,4.35170741157,5.14122936049,SUPPORT_GROUP_CHRONOLOGICAL_2016_2021,8.26939587517,16.9728106983,7.47987392626,17.7623326472,FROZEN_B11_90,ONE_SIDED_CLUSTER_DRIFT_GUARD_90,0.9,0.951281331718,NO_2023_FEEDBACK_AVAILABLE_CARRY_FORWARD_2022_DRIFT_STATE,2024,G+E_T1,T1_30DAP,SUPPORTED_FROZEN_B5_GENOME,SUPPORTED_T1_CONTEXT,False,False,13.63996657,True,True,8.703414823130002,True,10.282458720940001
W10004_0146/PHP02,WIH1_2024,12.2103891373,2.31201485531,0.558823529412,0.914256777338,WITHIN_TRAINING_NN_ENVELOPE,RETAIN_SUPPORTED,4.35170741157,5.14122936049,SUPPORT_GROUP_CHRONOLOGICAL_2016_2021,7.8586817257,16.5620965488,7.06915977678,17.3516184978,FROZEN_B11_90,ONE_SIDED_CLUSTER_DRIFT_GUARD_90,0.9,0.951281331718,NO_2023_FEEDBACK_AVAILABLE_CARRY_FORWARD_2022_DRIFT_STATE,2024,G+E_T1,T1_30DAP,SUPPORTED_FROZEN_B5_GENOME,SUPPORTED_T1_CONTEXT,False,False,15.79142495,True,True,8.7034148231,True,10.28245872102
W10004_0167/PHP02,WIH1_2024,12.0563755035,2.31201485531,0.558823529412,0.914256777338,WITHIN_TRAINING_NN_ENVELOPE,RETAIN_SUPPORTED,4.35170741157,5.14122936049,SUPPORT_GROUP_CHRONOLOGICAL_2016_2021,7.70466809197,16.4080829151,6.91514614305,17.197604864,FROZEN_B11_90,ONE_SIDED_CLUSTER_DRIFT_GUARD_90,0.9,0.951281331718,NO_2023_FEEDBACK_AVAILABLE_CARRY_FORWARD_2022_DRIFT_STATE,2024,G+E_T1,T1_30DAP,SUPPORTED_FROZEN_B5_GENOME,SUPPORTED_T1_CONTEXT,False,False,12.82569046,True,True,8.70341482313,True,10.282458720949998
W10004_0168/PHP02,WIH1_2024,12.3244037628,2.31201485531,0.558823529412,0.914256777338,WITHIN_TRAINING_NN_ENVELOPE,RETAIN_SUPPORTED,4.35170741157,5.14122936049,SUPPORT_GROUP_CHRONOLOGICAL_2016_2021,7.97269635125,16.6761111744,7.18317440233,17.4656331233,FROZEN_B11_90,ONE_SIDED_CLUSTER_DRIFT_GUARD_90,0.9,0.951281331718,NO_2023_FEEDBACK_AVAILABLE_CARRY_FORWARD_2022_DRIFT_STATE,2024,G+E_T1,T1_30DAP,SUPPORTED_FROZEN_B5_GENOME,SUPPORTED_T1_CONTEXT,False,False,15.77455248,True,True,8.703414823149998,True,10.282458720970002
W10004_0236/PHP02,WIH1_2024,12.1352939606,2.31201485531,0.558823529412,0.914256777338,WITHIN_TRAINING_NN_ENVELOPE,RETAIN_SUPPORTED,4.35170741157,5.14122936049,SUPPORT_GROUP_CHRONOLOGICAL_2016_2021,7.783586549,16.4870013721,6.99406460009,17.2765233211,FROZEN_B11_90,ONE_SIDED_CLUSTER_DRIFT_GUARD_90,0.9,0.951281331718,NO_2023_FEEDBACK_AVAILABLE_CARRY_FORWARD_2022_DRIFT_STATE,2024,G+E_T1,T1_30DAP,SUPPORTED_FROZEN_B5_GENOME,SUPPORTED_T1_CONTEXT,False,False,13.60517568,True,True,8.703414823100001,True,10.282458721010002
W10004_0238/PHP02,WIH1_2024,12.1033992767,2.31201485531,0.558823529412,0.914256777338,WITHIN_TRAINING_NN_ENVELOPE,RETAIN_SUPPORTED,4.35170741157,5.14122936049,SUPPORT_GROUP_CHRONOLOGICAL_2016_2021,7.75169186516,16.4551066883,6.96216991625,17.2446286372,FROZEN_B11_90,ONE_SIDED_CLUSTER_DRIFT_GUARD_90,0.9,0.951281331718,NO_2023_FEEDBACK_AVAILABLE_CARRY_FORWARD_2022_DRIFT_STATE,2024,G+E_T1,T1_30DAP,SUPPORTED_FROZEN_B5_GENOME,SUPPORTED_T1_CONTEXT,False,False,11.68548567,True,True,8.70341482314,True,10.282458720950002
W10004_0346/PHP02,WIH1_2024,12.3251600266,2.31201485531,0.558823529412,0.914256777338,WITHIN_TRAINING_NN_ENVELOPE,RETAIN_SUPPORTED,4.35170741157,5.14122936049,SUPPORT_GROUP_CHRONOLOGICAL_2016_2021,7.97345261498,16.6768674381,7.18393066606,17.466389387,FROZEN_B11_90,ONE_SIDED_CLUSTER_DRIFT_GUARD_90,0.9,0.951281331718,NO_2023_FEEDBACK_AVAILABLE_CARRY_FORWARD_2022_DRIFT_STATE,2024,G+E_T1,T1_30DAP,SUPPORTED_FROZEN_B5_GENOME,SUPPORTED_T1_CONTEXT,False,False,13.39441964,True,True,8.70341482312,True,10.28245872094
W10004_0403/PHP02,WIH1_2024,12.0525512695,2.31201485531,0.558823529412,0.914256777338,WITHIN_TRAINING_NN_ENVELOPE,RETAIN_SUPPORTED,4.35170741157,5.14122936049,SUPPORT_GROUP_CHRONOLOGICAL_2016_2021,7.70084385796,16.4042586811,6.91132190905,17.19378063,FROZEN_B11_90,ONE_SIDED_CLUSTER_DRIFT_GUARD_90,0.9,0.951281331718,NO_2023_FEEDBACK_AVAILABLE_CARRY_FORWARD_2022_DRIFT_STATE,2024,G+E_T1,T1_30DAP,SUPPORTED_FROZEN_B5_GENOME,SUPPORTED_T1_CONTEXT,False,False,11.2639423,True,True,8.703414823140001,True,10.28245872095
W10004_0412/PHP02,WIH1_2024,11.9475297928,2.31201485531,0.558823529412,0.914256777338,WITHIN_TRAINING_NN_ENVELOPE,RETAIN_SUPPORTED,4.35170741157,5.14122936049,SUPPORT_GROUP_CHRONOLOGICAL_2016_2021,7.59582238121,16.2992372044,6.8063004323,17.0887591533,FROZEN_B11_90,ONE_SIDED_CLUSTER_DRIFT_GUARD_90,0.9,0.951281331718,NO_2023_FEEDBACK_AVAILABLE_CARRY_FORWARD_2022_DRIFT_STATE,2024,G+E_T1,T1_30DAP,SUPPORTED_FROZEN_B5_GENOME,SUPPORTED_T1_CONTEXT,False,False,11.18968589,True,True,8.703414823190002,True,10.282458721000001
W10004_0476/PHP02,WIH1_2024,12.1958179474,2.31201485531,0.558823529412,0.914256777338,WITHIN_TRAINING_NN_ENVELOPE,RETAIN_SUPPORTED,4.35170741157,5.14122936049,SUPPORT_GROUP_CHRONOLOGICAL_2016_2021,7.84411053582,16.547525359,7.0545885869,17.3370473079,FROZEN_B11_90,ONE_SIDED_CLUSTER_DRIFT_GUARD_90,0.9,0.951281331718,NO_2023_FEEDBACK_AVAILABLE_CARRY_FORWARD_2022_DRIFT_STATE,2024,G+E_T1,T1_30DAP,SUPPORTED_FROZEN_B5_GENOME,SUPPORTED_T1_CONTEXT,False,False,13.08866686,True,True,8.703414823180001,True,10.282458721000001
W10004_0601/PHP02,WIH1_2024,12.1465797424,2.31201485531,0.558823529412,0.914256777338,WITHIN_TRAINING_NN_ENVELOPE,RETAIN_SUPPORTED,4.35170741157,5.14122936049,SUPPORT_GROUP_CHRONOLOGICAL_2016_2021,7.79487233086,16.498287154,7.00535038195,17.2878091029,FROZEN_B11_90,ONE_SIDED_CLUSTER_DRIFT_GUARD_90,0.9,0.951281331718,NO_2023_FEEDBACK_AVAILABLE_CARRY_FORWARD_2022_DRIFT_STATE,2024,G+E_T1,T1_30DAP,SUPPORTED_FROZEN_B5_GENOME,SUPPORTED_T1_CONTEXT,False,False,16.22510404,True,True,8.703414823140001,True,10.28245872095
W10004_0608/PHP02,WIH1_2024,12.5756788254,2.31201485531,0.558823529412,0.914256777338,WITHIN_TRAINING_NN_ENVELOPE,RETAIN_SUPPORTED,4.35170741157,5.14122936049,SUPPORT_GROUP_CHRONOLOGICAL_2016_2021,8.22397141381,16.927386237,7.43444946489,17.7169081859,FROZEN_B11_90,ONE_SIDED_CLUSTER_DRIFT_GUARD_90,0.9,0.951281331718,NO_2023_FEEDBACK_AVAILABLE_CARRY_FORWARD_2022_DRIFT_STATE,2024,G+E_T1,T1_30DAP,SUPPORTED_FROZEN_B5_GENOME,SUPPORTED_T1_CONTEXT,False,False,12.02957648,True,True,8.70341482319,True,10.282458721009998
W10004_0637/PHP02,WIH1_2024,12.0365352631,2.31201485531,0.558823529412,0.914256777338,WITHIN_TRAINING_NN_ENVELOPE,RETAIN_SUPPORTED,4.35170741157,5.14122936049,SUPPORT_GROUP_CHRONOLOGICAL_2016_2021,7.68482785149,16.3882426746,6.89530590258,17.1777646235,FROZEN_B11_90,ONE_SIDED_CLUSTER_DRIFT_GUARD_90,0.9,0.951281331718,NO_2023_FEEDBACK_AVAILABLE_CARRY_FORWARD_2022_DRIFT_STATE,2024,G+E_T1,T1_30DAP,SUPPORTED_FROZEN_B5_GENOME,SUPPORTED_T1_CONTEXT,False,False,12.94286534,True,True,8.703414823110002,True,10.282458720920001
W10004_0658/PHP02,WIH1_2024,12.3594474792,2.31201485531,0.558823529412,0.914256777338,WITHIN_TRAINING_NN_ENVELOPE,RETAIN_SUPPORTED,4.35170741157,5.14122936049,SUPPORT_GROUP_CHRONOLOGICAL_2016_2021,8.00774006768,16.7111548908,7.21821811876,17.5006768397,FROZEN_B11_90,ONE_SIDED_CLUSTER_DRIFT_GUARD_90,0.9,0.951281331718,NO_2023_FEEDBACK_AVAILABLE_CARRY_FORWARD_2022_DRIFT_STATE,2024,G+E_T1,T1_30DAP,SUPPORTED_FROZEN_B5_GENOME,SUPPORTED_T1_CONTEXT,False,False,14.40348331,True,True,8.70341482312,True,10.28245872094
W10004_0714/PHP02,WIH1_2024,12.2413320541,2.31201485531,0.558823529412,0.914256777338,WITHIN_TRAINING_NN_ENVELOPE,RETAIN_SUPPORTED,4.35170741157,5.14122936049,SUPPORT_GROUP_CHRONOLOGICAL_2016_2021,7.88962464257,16.5930394657,7.10010269365,17.3825614146,FROZEN_B11_90,ONE_SIDED_CLUSTER_DRIFT_GUARD_90,0.9,0.951281331718,NO_2023_FEEDBACK_AVAILABLE_CARRY_FORWARD_2022_DRIFT_STATE,2024,G+E_T1,T1_30DAP,SUPPORTED_FROZEN_B5_GENOME,SUPPORTED_T1_CONTEXT,False,False,12.06393265,True,True,8.703414823129998,True,10.28245872095
W10004_0715/PHP02,WIH1_2024,12.2695960999,2.31201485531,0.558823529412,0.914256777338,WITHIN_TRAINING_NN_ENVELOPE,RETAIN_SUPPORTED,4.35170741157,5.14122936049,SUPPORT_GROUP_CHRONOLOGICAL_2016_2021,7.91788868828,16.6213035114,7.12836673937,17.4108254603,FROZEN_B11_90,ONE_SIDED_CLUSTER_DRIFT_GUARD_90,0.9,0.951281331718,NO_2023_FEEDBACK_AVAILABLE_CARRY_FORWARD_2022_DRIFT_STATE,2024,G+E_T1,T1_30DAP,SUPPORTED_FROZEN_B5_GENOME,SUPPORTED_T1_CONTEXT,False,False,8.071033334,True,True,8.703414823120001,True,10.28245872093
W10004_0771/PHP02,WIH1_2024,12.1458959579,2.31201485531,0.558823529412,0.914256777338,WITHIN_TRAINING_NN_ENVELOPE,RETAIN_SUPPORTED,4.35170741157,5.14122936049,SUPPORT_GROUP_CHRONOLOGICAL_2016_2021,7.79418854637,16.4976033695,7.00466659746,17.2871253184,FROZEN_B11_90,ONE_SIDED_CLUSTER_DRIFT_GUARD_90,0.9,0.951281331718,NO_2023_FEEDBACK_AVAILABLE_CARRY_FORWARD_2022_DRIFT_STATE,2024,G+E_T1,T1_30DAP,SUPPORTED_FROZEN_B5_GENOME,SUPPORTED_T1_CONTEXT,False,False,13.7812849,True,True,8.703414823129998,True,10.282458720940001
W10004_0776/PHP02,WIH1_2024,12.1017856598,2.31201485531,0.558823529412,0.914256777338,WITHIN_TRAINING_NN_ENVELOPE,RETAIN_SUPPORTED,4.35170741157,5.14122936049,SUPPORT_GROUP_CHRONOLOGICAL_2016_2021,7.75007824822,16.4534930714,6.9605562993,17.2430150203,FROZEN_B11_90,ONE_SIDED_CLUSTER_DRIFT_GUARD_90,0.9,0.951281331718,NO_2023_FEEDBACK_AVAILABLE_CARRY_FORWARD_2022_DRIFT_STATE,2024,G+E_T1,T1_30DAP,SUPPORTED_FROZEN_B5_GENOME,SUPPORTED_T1_CONTEXT,False,False,16.7421246,True,False,14.476045395179998,True,10.282458721
W10004_0801/PHP02,WIH1_2024,12.2910757065,2.31201485531,0.558823529412,0.914256777338,WITHIN_TRAINING_NN_ENVELOPE,RETAIN_SUPPORTED,4.35170741157,5.14122936049,SUPPORT_GROUP_CHRONOLOGICAL_2016_2021,7.93936829491,16.6427831181,7.149846346,17.432305067,FROZEN_B11_90,ONE_SIDED_CLUSTER_DRIFT_GUARD_90,0.9,0.951281331718,NO_2023_FEEDBACK_AVAILABLE_CARRY_FORWARD_2022_DRIFT_STATE,2024,G+E_T1,T1_30DAP,SUPPORTED_FROZEN_B5_GENOME,SUPPORTED_T1_CONTEXT,False,False,7.810971857,True,False,11.271343581390003,True,10.282458721000001
W10004_0858/PHP02,WIH1_2024,12.1425828934,2.31201485531,0.558823529412,0.914256777338,WITHIN_TRAINING_NN_ENVELOPE,RETAIN_SUPPORTED,4.35170741157,5.14122936049,SUPPORT_GROUP_CHRONOLOGICAL_2016_2021,7.7908754818,16.4942903049,7.00135353289,17.2838122539,FROZEN_B11_90,ONE_SIDED_CLUSTER_DRIFT_GUARD_90,0.9,0.951281331718,NO_2023_FEEDBACK_AVAILABLE_CARRY_FORWARD_2022_DRIFT_STATE,2024,G+E_T1,T1_30DAP,SUPPORTED_FROZEN_B5_GENOME,SUPPORTED_T1_CONTEXT,False,False,9.671355787,True,True,8.703414823100001,True,10.282458721009998
W10004_0866/PHP02,WIH1_2024,12.0721855164,2.31201485531,0.558823529412,0.914256777338,WITHIN_TRAINING_NN_ENVELOPE,RETAIN_SUPPORTED,4.35170741157,5.14122936049,SUPPORT_GROUP_CHRONOLOGICAL_2016_2021,7.72047810479,16.4238929279,6.93095615587,17.2134148768,FROZEN_B11_90,ONE_SIDED_CLUSTER_DRIFT_GUARD_90,0.9,0.951281331718,NO_2023_FEEDBACK_AVAILABLE_CARRY_FORWARD_2022_DRIFT_STATE,2024,G+E_T1,T1_30DAP,SUPPORTED_FROZEN_B5_GENOME,SUPPORTED_T1_CONTEXT,False,False,15.1506739,True,True,8.703414823109998,True,10.282458720930002
W10004_0949/PHP02,WIH1_2024,12.4627304077,2.31201485531,0.558823529412,0.914256777338,WITHIN_TRAINING_NN_ENVELOPE,RETAIN_SUPPORTED,4.35170741157,5.14122936049,SUPPORT_GROUP_CHRONOLOGICAL_2016_2021,8.11102299614,16.8144378193,7.32150104723,17.6039597682,FROZEN_B11_90,ONE_SIDED_CLUSTER_DRIFT_GUARD_90,0.9,0.951281331718,NO_2023_FEEDBACK_AVAILABLE_CARRY_FORWARD_2022_DRIFT_STATE,2024,G+E_T1,T1_30DAP,SUPPORTED_FROZEN_B5_GENOME,SUPPORTED_T1_CONTEXT,False,False,12.61780573,True,True,8.70341482316,True,10.282458720969998
W10004_0969/PHP02,WIH1_2024,12.1389427185,2.31201485531,0.558823529412,0.914256777338,WITHIN_TRAINING_NN_ENVELOPE,RETAIN_SUPPORTED,4.35170741157,5.14122936049,SUPPORT_GROUP_CHRONOLOGICAL_2016_2021,7.78723530693,16.4906501301,6.99771335802,17.280172079,FROZEN_B11_90,ONE_SIDED_CLUSTER_DRIFT_GUARD_90,0.9,0.951281331718,NO_2023_FEEDBACK_AVAILABLE_CARRY_FORWARD_2022_DRIFT_STATE,2024,G+E_T1,T1_30DAP,SUPPORTED_FROZEN_B5_GENOME,SUPPORTED_T1_CONTEXT,False,False,13.54022253,True,True,8.70341482317,True,10.28245872098
W10004_1014/PHP02,WIH1_2024,12.1640710831,2.31201485531,0.558823529412,0.914256777338,WITHIN_TRAINING_NN_ENVELOPE,RETAIN_SUPPORTED,4.35170741157,5.14122936049,SUPPORT_GROUP_CHRONOLOGICAL_2016_2021,7.8123636715,16.5157784946,7.02284172258,17.3053004436,FROZEN_B11_90,ONE_SIDED_CLUSTER_DRIFT_GUARD_90,0.9,0.951281331718,NO_2023_FEEDBACK_AVAILABLE_CARRY_FORWARD_2022_DRIFT_STATE,2024,G+E_T1,T1_30DAP,SUPPORTED_FROZEN_B5_GENOME,SUPPORTED_T1_CONTEXT,False,False,14.61390145,True,True,8.7034148231,True,10.28245872102
W10004_1018/PHP02,WIH1_2024,12.5123348236,2.31201485531,0.558823529412,0.914256777338,WITHIN_TRAINING_NN_ENVELOPE,RETAIN_SUPPORTED,4.35170741157,5.14122936049,SUPPORT_GROUP_CHRONOLOGICAL_2016_2021,8.16062741204,16.8640422352,7.37110546312,17.6535641841,FROZEN_B11_90,ONE_SIDED_CLUSTER_DRIFT_GUARD_90,0.9,0.951281331718,NO_2023_FEEDBACK_AVAILABLE_CARRY_FORWARD_2022_DRIFT_STATE,2024,G+E_T1,T1_30DAP,SUPPORTED_FROZEN_B5_GENOME,SUPPORTED_T1_CONTEXT,False,False,15.1740161,True,True,8.70341482316,True,10.28245872098
W10004_1032/PHP02,WIH1_2024,12.3304405212,2.31201485531,0.558823529412,0.914256777338,WITHIN_TRAINING_NN_ENVELOPE,RETAIN_SUPPORTED,4.35170741157,5.14122936049,SUPPORT_GROUP_CHRONOLOGICAL_2016_2021,7.97873310967,16.6821479328,7.18921116075,17.4716698817,FROZEN_B11_90,ONE_SIDED_CLUSTER_DRIFT_GUARD_90,0.9,0.951281331718,NO_2023_FEEDBACK_AVAILABLE_CARRY_FORWARD_2022_DRIFT_STATE,2024,G+E_T1,T1_30DAP,SUPPORTED_FROZEN_B5_GENOME,SUPPORTED_T1_CONTEXT,False,False,14.75577592,True,True,8.70341482313,True,10.282458720949998
B14A/OH43,WIH2_2024,8.51518154144,4.4849257263,0.757352941176,0.713676279386,WITHIN_TRAINING_NN_ENVELOPE,RETAIN_SUPPORTED,4.35170741157,5.14122936049,SUPPORT_GROUP_CHRONOLOGICAL_2016_2021,4.16347412987,12.866888953,3.37395218096,13.6564109019,FROZEN_B11_90,ONE_SIDED_CLUSTER_DRIFT_GUARD_90,0.9,0.951281331718,NO_2023_FEEDBACK_AVAILABLE_CARRY_FORWARD_2022_DRIFT_STATE,2024,G+E_T1,T1_30DAP,SUPPORTED_FROZEN_B5_GENOME,SUPPORTED_T1_CONTEXT,False,False,12.01458759,True,True,8.70341482313,True,10.28245872094
B37/H95,WIH2_2024,8.87807655334,4.4849257263,0.757352941176,0.713676279386,WITHIN_TRAINING_NN_ENVELOPE,RETAIN_SUPPORTED,4.35170741157,5.14122936049,SUPPORT_GROUP_CHRONOLOGICAL_2016_2021,4.52636914177,13.2297839649,3.73684719286,14.0193059138,FROZEN_B11_90,ONE_SIDED_CLUSTER_DRIFT_GUARD_90,0.9,0.951281331718,NO_2023_FEEDBACK_AVAILABLE_CARRY_FORWARD_2022_DRIFT_STATE,2024,G+E_T1,T1_30DAP,SUPPORTED_FROZEN_B5_GENOME,SUPPORTED_T1_CONTEXT,False,False,9.343598773,True,True,8.70341482313,True,10.28245872094
B73/MO17,WIH2_2024,9.178565979,4.4849257263,0.757352941176,0.713676279386,WITHIN_TRAINING_NN_ENVELOPE,RETAIN_SUPPORTED,4.35170741157,5.14122936049,SUPPORT_GROUP_CHRONOLOGICAL_2016_2021,4.82685856743,13.5302733906,4.03733661852,14.3197953395,FROZEN_B11_90,ONE_SIDED_CLUSTER_DRIFT_GUARD_90,0.9,0.951281331718,NO_2023_FEEDBACK_AVAILABLE_CARRY_FORWARD_2022_DRIFT_STATE,2024,G+E_T1,T1_30DAP,SUPPORTED_FROZEN_B5_GENOME,SUPPORTED_T1_CONTEXT,False,False,11.35955202,True,True,8.70341482317,True,10.28245872098
B73/PHN82,WIH2_2024,10.463684082,4.4849257263,0.757352941176,0.713676279386,WITHIN_TRAINING_NN_ENVELOPE,RETAIN_SUPPORTED,4.35170741157,5.14122936049,SUPPORT_GROUP_CHRONOLOGICAL_2016_2021,6.11197667046,14.8153914936,5.32245472155,15.6049134425,FROZEN_B11_90,ONE_SIDED_CLUSTER_DRIFT_GUARD_90,0.9,0.951281331718,NO_2023_FEEDBACK_AVAILABLE_CARRY_FORWARD_2022_DRIFT_STATE,2024,G+E_T1,T1_30DAP,SUPPORTED_FROZEN_B5_GENOME,SUPPORTED_T1_CONTEXT,False,False,12.1558901,True,True,8.703414823140001,True,10.28245872095
B73/TX779,WIH2_2024,9.4070854187,4.4849257263,0.757352941176,0.713676279386,WITHIN_TRAINING_NN_ENVELOPE,RETAIN_SUPPORTED,4.35170741157,5.14122936049,SUPPORT_GROUP_CHRONOLOGICAL_2016_2021,5.05537800713,13.7587928303,4.26585605822,14.5483147792,FROZEN_B11_90,ONE_SIDED_CLUSTER_DRIFT_GUARD_90,0.9,0.951281331718,NO_2023_FEEDBACK_AVAILABLE_CARRY_FORWARD_2022_DRIFT_STATE,2024,G+E_T1,T1_30DAP,SUPPORTED_FROZEN_B5_GENOME,SUPPORTED_T1_CONTEXT,False,False,3.69047218,True,False,36.001531365770006,False,21.790136285379997
CG119/CG108,WIH2_2024,8.67583560944,4.4849257263,0.757352941176,0.713676279386,WITHIN_TRAINING_NN_ENVELOPE,RETAIN_SUPPORTED,4.35170741157,5.14122936049,SUPPORT_GROUP_CHRONOLOGICAL_2016_2021,4.32412819786,13.027543021,3.53460624895,13.8170649699,FROZEN_B11_90,ONE_SIDED_CLUSTER_DRIFT_GUARD_90,0.9,0.951281331718,NO_2023_FEEDBACK_AVAILABLE_CARRY_FORWARD_2022_DRIFT_STATE,2024,G+E_T1,T1_30DAP,SUPPORTED_FROZEN_B5_GENOME,SUPPORTED_T1_CONTEXT,False,False,4.889037794,True,True,8.70341482314,True,10.28245872095
CG44/CGR01,WIH2_2024,9.04256057739,4.4849257263,0.757352941176,0.713676279386,WITHIN_TRAINING_NN_ENVELOPE,RETAIN_SUPPORTED,4.35170741157,5.14122936049,SUPPORT_GROUP_CHRONOLOGICAL_2016_2021,4.69085316582,13.394267989,3.90133121691,14.1837899379,FROZEN_B11_90,ONE_SIDED_CLUSTER_DRIFT_GUARD_90,0.9,0.951281331718,NO_2023_FEEDBACK_AVAILABLE_CARRY_FORWARD_2022_DRIFT_STATE,2024,G+E_T1,T1_30DAP,SUPPORTED_FROZEN_B5_GENOME,SUPPORTED_T1_CONTEXT,False,False,8.877727561,True,True,8.70341482318,True,10.28245872099
LH132/PHP02,WIH2_2024,10.5146856308,4.4849257263,0.757352941176,0.713676279386,WITHIN_TRAINING_NN_ENVELOPE,RETAIN_SUPPORTED,4.35170741157,5.14122936049,SUPPORT_GROUP_CHRONOLOGICAL_2016_2021,6.16297821923,14.8663930424,5.37345627031,15.6559149913,FROZEN_B11_90,ONE_SIDED_CLUSTER_DRIFT_GUARD_90,0.9,0.951281331718,NO_2023_FEEDBACK_AVAILABLE_CARRY_FORWARD_2022_DRIFT_STATE,2024,G+E_T1,T1_30DAP,SUPPORTED_FROZEN_B5_GENOME,SUPPORTED_T1_CONTEXT,False,False,11.97090196,True,True,8.70341482317,True,10.28245872099
LH195/PHP02,WIH2_2024,10.4965658188,4.4849257263,0.757352941176,0.713676279386,WITHIN_TRAINING_NN_ENVELOPE,RETAIN_SUPPORTED,4.35170741157,5.14122936049,SUPPORT_GROUP_CHRONOLOGICAL_2016_2021,6.14485840721,14.8482732304,5.3553364583,15.6377951793,FROZEN_B11_90,ONE_SIDED_CLUSTER_DRIFT_GUARD_90,0.9,0.951281331718,NO_2023_FEEDBACK_AVAILABLE_CARRY_FORWARD_2022_DRIFT_STATE,2024,G+E_T1,T1_30DAP,SUPPORTED_FROZEN_B5_GENOME,SUPPORTED_T1_CONTEXT,False,False,11.95161604,True,True,8.70341482319,True,10.282458721
LH195/PHZ51,WIH2_2024,9.25618457794,4.4849257263,0.757352941176,0.713676279386,WITHIN_TRAINING_NN_ENVELOPE,RETAIN_SUPPORTED,4.35170741157,5.14122936049,SUPPORT_GROUP_CHRONOLOGICAL_2016_2021,4.90447716637,13.6078919895,4.11495521746,14.3974139384,FROZEN_B11_90,ONE_SIDED_CLUSTER_DRIFT_GUARD_90,0.9,0.951281331718,NO_2023_FEEDBACK_AVAILABLE_CARRY_FORWARD_2022_DRIFT_STATE,2024,G+E_T1,T1_30DAP,SUPPORTED_FROZEN_B5_GENOME,SUPPORTED_T1_CONTEXT,False,False,9.255492669,True,True,8.70341482313,True,10.28245872094
LH244/PHK76,WIH2_2024,10.2101621628,4.4849257263,0.757352941176,0.713676279386,WITHIN_TRAINING_NN_ENVELOPE,RETAIN_SUPPORTED,4.35170741157,5.14122936049,SUPPORT_GROUP_CHRONOLOGICAL_2016_2021,5.85845475121,14.5618695744,5.06893280229,15.3513915233,FROZEN_B11_90,ONE_SIDED_CLUSTER_DRIFT_GUARD_90,0.9,0.951281331718,NO_2023_FEEDBACK_AVAILABLE_CARRY_FORWARD_2022_DRIFT_STATE,2024,G+E_T1,T1_30DAP,SUPPORTED_FROZEN_B5_GENOME,SUPPORTED_T1_CONTEXT,False,False,11.97967827,True,True,8.703414823189998,True,10.28245872101
PHB47/PHN82,WIH2_2024,9.52095222473,4.4849257263,0.757352941176,0.713676279386,WITHIN_TRAINING_NN_ENVELOPE,RETAIN_SUPPORTED,4.35170741157,5.14122936049,SUPPORT_GROUP_CHRONOLOGICAL_2016_2021,5.16924481316,13.8726596363,4.37972286425,14.6621815852,FROZEN_B11_90,ONE_SIDED_CLUSTER_DRIFT_GUARD_90,0.9,0.951281331718,NO_2023_FEEDBACK_AVAILABLE_CARRY_FORWARD_2022_DRIFT_STATE,2024,G+E_T1,T1_30DAP,SUPPORTED_FROZEN_B5_GENOME,SUPPORTED_T1_CONTEXT,False,False,9.270150144,True,True,8.703414823140001,True,10.28245872095
PHB47/PHZ51,WIH2_2024,8.45258903503,4.4849257263,0.757352941176,0.713676279386,WITHIN_TRAINING_NN_ENVELOPE,RETAIN_SUPPORTED,4.35170741157,5.14122936049,SUPPORT_GROUP_CHRONOLOGICAL_2016_2021,4.10088162346,12.8042964466,3.31135967455,13.5938183955,FROZEN_B11_90,ONE_SIDED_CLUSTER_DRIFT_GUARD_90,0.9,0.951281331718,NO_2023_FEEDBACK_AVAILABLE_CARRY_FORWARD_2022_DRIFT_STATE,2024,G+E_T1,T1_30DAP,SUPPORTED_FROZEN_B5_GENOME,SUPPORTED_T1_CONTEXT,False,False,11.96490582,True,True,8.703414823140001,True,10.28245872095
PHG29/PHG47,WIH2_2024,9.43010997772,4.4849257263,0.757352941176,0.713676279386,WITHIN_TRAINING_NN_ENVELOPE,RETAIN_SUPPORTED,4.35170741157,5.14122936049,SUPPORT_GROUP_CHRONOLOGICAL_2016_2021,5.07840256615,13.7818173893,4.28888061724,14.5713393382,FROZEN_B11_90,ONE_SIDED_CLUSTER_DRIFT_GUARD_90,0.9,0.951281331718,NO_2023_FEEDBACK_AVAILABLE_CARRY_FORWARD_2022_DRIFT_STATE,2024,G+E_T1,T1_30DAP,SUPPORTED_FROZEN_B5_GENOME,SUPPORTED_T1_CONTEXT,False,False,11.05676063,True,True,8.70341482315,True,10.28245872096
PHG39/PHN82,WIH2_2024,10.0157527924,4.4849257263,0.757352941176,0.713676279386,WITHIN_TRAINING_NN_ENVELOPE,RETAIN_SUPPORTED,4.35170741157,5.14122936049,SUPPORT_GROUP_CHRONOLOGICAL_2016_2021,5.66404538079,14.3674602039,4.87452343187,15.1569821528,FROZEN_B11_90,ONE_SIDED_CLUSTER_DRIFT_GUARD_90,0.9,0.951281331718,NO_2023_FEEDBACK_AVAILABLE_CARRY_FORWARD_2022_DRIFT_STATE,2024,G+E_T1,T1_30DAP,SUPPORTED_FROZEN_B5_GENOME,SUPPORTED_T1_CONTEXT,False,False,12.89993729,True,True,8.70341482311,True,10.282458720929998
PHJ40/PHAJ0,WIH2_2024,9.23461723328,4.4849257263,0.757352941176,0.713676279386,WITHIN_TRAINING_NN_ENVELOPE,RETAIN_SUPPORTED,4.35170741157,5.14122936049,SUPPORT_GROUP_CHRONOLOGICAL_2016_2021,4.8829098217,13.5863246448,4.09338787279,14.3758465938,FROZEN_B11_90,ONE_SIDED_CLUSTER_DRIFT_GUARD_90,0.9,0.951281331718,NO_2023_FEEDBACK_AVAILABLE_CARRY_FORWARD_2022_DRIFT_STATE,2024,G+E_T1,T1_30DAP,SUPPORTED_FROZEN_B5_GENOME,SUPPORTED_T1_CONTEXT,False,False,6.588841848,True,True,8.7034148231,True,10.28245872101
PHRE1/PHTD5,WIH2_2024,9.64932346344,4.4849257263,0.757352941176,0.713676279386,WITHIN_TRAINING_NN_ENVELOPE,RETAIN_SUPPORTED,4.35170741157,5.14122936049,SUPPORT_GROUP_CHRONOLOGICAL_2016_2021,5.29761605187,14.001030875,4.50809410295,14.7905528239,FROZEN_B11_90,ONE_SIDED_CLUSTER_DRIFT_GUARD_90,0.9,0.951281331718,NO_2023_FEEDBACK_AVAILABLE_CARRY_FORWARD_2022_DRIFT_STATE,2024,G+E_T1,T1_30DAP,SUPPORTED_FROZEN_B5_GENOME,SUPPORTED_T1_CONTEXT,False,False,9.078516259,True,True,8.70341482313,True,10.28245872095
PHW52/PHM49,WIH2_2024,9.76005363464,4.4849257263,0.757352941176,0.713676279386,WITHIN_TRAINING_NN_ENVELOPE,RETAIN_SUPPORTED,4.35170741157,5.14122936049,SUPPORT_GROUP_CHRONOLOGICAL_2016_2021,5.40834622307,14.1117610462,4.61882427416,14.9012829951,FROZEN_B11_90,ONE_SIDED_CLUSTER_DRIFT_GUARD_90,0.9,0.951281331718,NO_2023_FEEDBACK_AVAILABLE_CARRY_FORWARD_2022_DRIFT_STATE,2024,G+E_T1,T1_30DAP,SUPPORTED_FROZEN_B5_GENOME,SUPPORTED_T1_CONTEXT,False,False,12.21670354,True,True,8.70341482313,True,10.282458720940001
TX777/LH195,WIH2_2024,9.37631130219,4.4849257263,0.757352941176,0.713676279386,WITHIN_TRAINING_NN_ENVELOPE,RETAIN_SUPPORTED,4.35170741157,5.14122936049,SUPPORT_GROUP_CHRONOLOGICAL_2016_2021,5.02460389061,13.7280187138,4.2350819417,14.5175406627,FROZEN_B11_90,ONE_SIDED_CLUSTER_DRIFT_GUARD_90,0.9,0.951281331718,NO_2023_FEEDBACK_AVAILABLE_CARRY_FORWARD_2022_DRIFT_STATE,2024,G+E_T1,T1_30DAP,SUPPORTED_FROZEN_B5_GENOME,SUPPORTED_T1_CONTEXT,False,False,8.808563711,True,True,8.703414823189998,True,10.282458721000001
W10004_0031/PHP02,WIH2_2024,10.6765737534,4.4849257263,0.757352941176,0.713676279386,WITHIN_TRAINING_NN_ENVELOPE,RETAIN_SUPPORTED,4.35170741157,5.14122936049,SUPPORT_GROUP_CHRONOLOGICAL_2016_2021,6.32486634178,15.0282811649,5.53534439287,15.8178031138,FROZEN_B11_90,ONE_SIDED_CLUSTER_DRIFT_GUARD_90,0.9,0.951281331718,NO_2023_FEEDBACK_AVAILABLE_CARRY_FORWARD_2022_DRIFT_STATE,2024,G+E_T1,T1_30DAP,SUPPORTED_FROZEN_B5_GENOME,SUPPORTED_T1_CONTEXT,False,False,11.24006696,True,True,8.70341482312,True,10.28245872093
W10004_0034/PHP02,WIH2_2024,10.5429668427,4.4849257263,0.757352941176,0.713676279386,WITHIN_TRAINING_NN_ENVELOPE,RETAIN_SUPPORTED,4.35170741157,5.14122936049,SUPPORT_GROUP_CHRONOLOGICAL_2016_2021,6.19125943108,14.8946742542,5.40173748217,15.6841962031,FROZEN_B11_90,ONE_SIDED_CLUSTER_DRIFT_GUARD_90,0.9,0.951281331718,NO_2023_FEEDBACK_AVAILABLE_CARRY_FORWARD_2022_DRIFT_STATE,2024,G+E_T1,T1_30DAP,SUPPORTED_FROZEN_B5_GENOME,SUPPORTED_T1_CONTEXT,False,False,12.60355931,True,True,8.70341482312,True,10.282458720930002
W10004_0062/PHP02,WIH2_2024,9.63230991364,4.4849257263,0.757352941176,0.713676279386,WITHIN_TRAINING_NN_ENVELOPE,RETAIN_SUPPORTED,4.35170741157,5.14122936049,SUPPORT_GROUP_CHRONOLOGICAL_2016_2021,5.28060250206,13.9840173252,4.49108055315,14.7735392741,FROZEN_B11_90,ONE_SIDED_CLUSTER_DRIFT_GUARD_90,0.9,0.951281331718,NO_2023_FEEDBACK_AVAILABLE_CARRY_FORWARD_2022_DRIFT_STATE,2024,G+E_T1,T1_30DAP,SUPPORTED_FROZEN_B5_GENOME,SUPPORTED_T1_CONTEXT,False,False,12.51184605,True,True,8.703414823140001,True,10.28245872095
W10004_0095/PHP02,WIH2_2024,9.99018001556,4.4849257263,0.757352941176,0.713676279386,WITHIN_TRAINING_NN_ENVELOPE,RETAIN_SUPPORTED,4.35170741157,5.14122936049,SUPPORT_GROUP_CHRONOLOGICAL_2016_2021,5.63847260399,14.3418874271,4.84895065508,15.131409376,FROZEN_B11_90,ONE_SIDED_CLUSTER_DRIFT_GUARD_90,0.9,0.951281331718,NO_2023_FEEDBACK_AVAILABLE_CARRY_FORWARD_2022_DRIFT_STATE,2024,G+E_T1,T1_30DAP,SUPPORTED_FROZEN_B5_GENOME,SUPPORTED_T1_CONTEXT,False,False,13.72454024,True,True,8.703414823109998,True,10.282458720920001
W10004_0103/PHP02,WIH2_2024,10.5362215042,4.4849257263,0.757352941176,0.713676279386,WITHIN_TRAINING_NN_ENVELOPE,RETAIN_SUPPORTED,4.35170741157,5.14122936049,SUPPORT_GROUP_CHRONOLOGICAL_2016_2021,6.18451409264,14.8879289158,5.39499214373,15.6774508647,FROZEN_B11_90,ONE_SIDED_CLUSTER_DRIFT_GUARD_90,0.9,0.951281331718,NO_2023_FEEDBACK_AVAILABLE_CARRY_FORWARD_2022_DRIFT_STATE,2024,G+E_T1,T1_30DAP,SUPPORTED_FROZEN_B5_GENOME,SUPPORTED_T1_CONTEXT,False,False,9.878361921,True,True,8.70341482316,True,10.282458720970002
W10004_0122/PHP02,WIH2_2024,10.3302288055,4.4849257263,0.757352941176,0.713676279386,WITHIN_TRAINING_NN_ENVELOPE,RETAIN_SUPPORTED,4.35170741157,5.14122936049,SUPPORT_GROUP_CHRONOLOGICAL_2016_2021,5.97852139397,14.6819362171,5.18899944506,15.471458166,FROZEN_B11_90,ONE_SIDED_CLUSTER_DRIFT_GUARD_90,0.9,0.951281331718,NO_2023_FEEDBACK_AVAILABLE_CARRY_FORWARD_2022_DRIFT_STATE,2024,G+E_T1,T1_30DAP,SUPPORTED_FROZEN_B5_GENOME,SUPPORTED_T1_CONTEXT,False,False,12.97724905,True,True,8.70341482313,True,10.28245872094
W10004_0146/PHP02,WIH2_2024,10.3342370987,4.4849257263,0.757352941176,0.713676279386,WITHIN_TRAINING_NN_ENVELOPE,RETAIN_SUPPORTED,4.35170741157,5.14122936049,SUPPORT_GROUP_CHRONOLOGICAL_2016_2021,5.98252968712,14.6859445103,5.19300773821,15.4754664592,FROZEN_B11_90,ONE_SIDED_CLUSTER_DRIFT_GUARD_90,0.9,0.951281331718,NO_2023_FEEDBACK_AVAILABLE_CARRY_FORWARD_2022_DRIFT_STATE,2024,G+E_T1,T1_30DAP,SUPPORTED_FROZEN_B5_GENOME,SUPPORTED_T1_CONTEXT,False,False,10.89635315,True,True,8.703414823180001,True,10.28245872099
W10004_0160/PHP02,WIH2_2024,10.9855289459,4.4849257263,0.757352941176,0.713676279386,WITHIN_TRAINING_NN_ENVELOPE,RETAIN_SUPPORTED,4.35170741157,5.14122936049,SUPPORT_GROUP_CHRONOLOGICAL_2016_2021,6.63382153435,15.3372363575,5.84429958544,16.1267583064,FROZEN_B11_90,ONE_SIDED_CLUSTER_DRIFT_GUARD_90,0.9,0.951281331718,NO_2023_FEEDBACK_AVAILABLE_CARRY_FORWARD_2022_DRIFT_STATE,2024,G+E_T1,T1_30DAP,SUPPORTED_FROZEN_B5_GENOME,SUPPORTED_T1_CONTEXT,False,False,11.63440488,True,True,8.70341482315,True,10.28245872096
W10004_0168/PHP02,WIH2_2024,10.4482517242,4.4849257263,0.757352941176,0.713676279386,WITHIN_TRAINING_NN_ENVELOPE,RETAIN_SUPPORTED,4.35170741157,5.14122936049,SUPPORT_GROUP_CHRONOLOGICAL_2016_2021,6.09654431267,14.7999591358,5.30702236376,15.5894810847,FROZEN_B11_90,ONE_SIDED_CLUSTER_DRIFT_GUARD_90,0.9,0.951281331718,NO_2023_FEEDBACK_AVAILABLE_CARRY_FORWARD_2022_DRIFT_STATE,2024,G+E_T1,T1_30DAP,SUPPORTED_FROZEN_B5_GENOME,SUPPORTED_T1_CONTEXT,False,False,9.581553886,True,True,8.70341482313,True,10.28245872094
W10004_0189/PHP02,WIH2_2024,10.5596542358,4.4849257263,0.757352941176,0.713676279386,WITHIN_TRAINING_NN_ENVELOPE,RETAIN_SUPPORTED,4.35170741157,5.14122936049,SUPPORT_GROUP_CHRONOLOGICAL_2016_2021,6.20794682427,14.9113616474,5.41842487535,15.7008835963,FROZEN_B11_90,ONE_SIDED_CLUSTER_DRIFT_GUARD_90,0.9,0.951281331718,NO_2023_FEEDBACK_AVAILABLE_CARRY_FORWARD_2022_DRIFT_STATE,2024,G+E_T1,T1_30DAP,SUPPORTED_FROZEN_B5_GENOME,SUPPORTED_T1_CONTEXT,False,False,12.6484049,True,True,8.70341482313,True,10.28245872095
W10004_0236/PHP02,WIH2_2024,10.259141922,4.4849257263,0.757352941176,0.713676279386,WITHIN_TRAINING_NN_ENVELOPE,RETAIN_SUPPORTED,4.35170741157,5.14122936049,SUPPORT_GROUP_CHRONOLOGICAL_2016_2021,5.90743451042,14.6108493336,5.11791256151,15.4003712825,FROZEN_B11_90,ONE_SIDED_CLUSTER_DRIFT_GUARD_90,0.9,0.951281331718,NO_2023_FEEDBACK_AVAILABLE_CARRY_FORWARD_2022_DRIFT_STATE,2024,G+E_T1,T1_30DAP,SUPPORTED_FROZEN_B5_GENOME,SUPPORTED_T1_CONTEXT,False,False,13.16003195,True,True,8.70341482318,True,10.28245872099
W10004_0238/PHP02,WIH2_2024,10.2272472382,4.4849257263,0.757352941176,0.713676279386,WITHIN_TRAINING_NN_ENVELOPE,RETAIN_SUPPORTED,4.35170741157,5.14122936049,SUPPORT_GROUP_CHRONOLOGICAL_2016_2021,5.87553982659,14.5789546497,5.08601787767,15.3684765986,FROZEN_B11_90,ONE_SIDED_CLUSTER_DRIFT_GUARD_90,0.9,0.951281331718,NO_2023_FEEDBACK_AVAILABLE_CARRY_FORWARD_2022_DRIFT_STATE,2024,G+E_T1,T1_30DAP,SUPPORTED_FROZEN_B5_GENOME,SUPPORTED_T1_CONTEXT,False,False,8.443597202,True,True,8.70341482311,True,10.282458720929998
W10004_0258/PHP02,WIH2_2024,10.10389328,4.4849257263,0.757352941176,0.713676279386,WITHIN_TRAINING_NN_ENVELOPE,RETAIN_SUPPORTED,4.35170741157,5.14122936049,SUPPORT_GROUP_CHRONOLOGICAL_2016_2021,5.75218586846,14.4556006916,4.96266391954,15.2451226405,FROZEN_B11_90,ONE_SIDED_CLUSTER_DRIFT_GUARD_90,0.9,0.951281331718,NO_2023_FEEDBACK_AVAILABLE_CARRY_FORWARD_2022_DRIFT_STATE,2024,G+E_T1,T1_30DAP,SUPPORTED_FROZEN_B5_GENOME,SUPPORTED_T1_CONTEXT,False,False,14.04456557,True,True,8.703414823140001,True,10.282458720960001
W10004_0270/PHP02,WIH2_2024,10.6550884247,4.4849257263,0.757352941176,0.713676279386,WITHIN_TRAINING_NN_ENVELOPE,RETAIN_SUPPORTED,4.35170741157,5.14122936049,SUPPORT_GROUP_CHRONOLOGICAL_2016_2021,6.30338101311,15.0067958363,5.5138590642,15.7963177852,FROZEN_B11_90,ONE_SIDED_CLUSTER_DRIFT_GUARD_90,0.9,0.951281331718,NO_2023_FEEDBACK_AVAILABLE_CARRY_FORWARD_2022_DRIFT_STATE,2024,G+E_T1,T1_30DAP,SUPPORTED_FROZEN_B5_GENOME,SUPPORTED_T1_CONTEXT,False,False,9.435986919,True,True,8.70341482319,True,10.282458721
W10004_0311/PHP02,WIH2_2024,10.2758741379,4.4849257263,0.757352941176,0.713676279386,WITHIN_TRAINING_NN_ENVELOPE,RETAIN_SUPPORTED,4.35170741157,5.14122936049,SUPPORT_GROUP_CHRONOLOGICAL_2016_2021,5.92416672631,14.6275815495,5.13464477739,15.4171034984,FROZEN_B11_90,ONE_SIDED_CLUSTER_DRIFT_GUARD_90,0.9,0.951281331718,NO_2023_FEEDBACK_AVAILABLE_CARRY_FORWARD_2022_DRIFT_STATE,2024,G+E_T1,T1_30DAP,SUPPORTED_FROZEN_B5_GENOME,SUPPORTED_T1_CONTEXT,False,False,8.923813411,True,True,8.70341482319,True,10.282458721009998
W10004_0389/PHP02,WIH2_2024,10.5065698624,4.4849257263,0.757352941176,0.713676279386,WITHIN_TRAINING_NN_ENVELOPE,RETAIN_SUPPORTED,4.35170741157,5.14122936049,SUPPORT_GROUP_CHRONOLOGICAL_2016_2021,6.15486245079,14.8582772739,5.36534050188,15.6477992229,FROZEN_B11_90,ONE_SIDED_CLUSTER_DRIFT_GUARD_90,0.9,0.951281331718,NO_2023_FEEDBACK_AVAILABLE_CARRY_FORWARD_2022_DRIFT_STATE,2024,G+E_T1,T1_30DAP,SUPPORTED_FROZEN_B5_GENOME,SUPPORTED_T1_CONTEXT,False,False,11.45983133,True,True,8.703414823110002,True,10.28245872102
W10004_0403/PHP02,WIH2_2024,10.176399231,4.4849257263,0.757352941176,0.713676279386,WITHIN_TRAINING_NN_ENVELOPE,RETAIN_SUPPORTED,4.35170741157,5.14122936049,SUPPORT_GROUP_CHRONOLOGICAL_2016_2021,5.82469181938,14.5281066425,5.03516987047,15.3176285914,FROZEN_B11_90,ONE_SIDED_CLUSTER_DRIFT_GUARD_90,0.9,0.951281331718,NO_2023_FEEDBACK_AVAILABLE_CARRY_FORWARD_2022_DRIFT_STATE,2024,G+E_T1,T1_30DAP,SUPPORTED_FROZEN_B5_GENOME,SUPPORTED_T1_CONTEXT,False,False,6.882819244,True,True,8.70341482312,True,10.28245872093
W10004_0409/PHP02,WIH2_2024,10.4113998413,4.4849257263,0.757352941176,0.713676279386,WITHIN_TRAINING_NN_ENVELOPE,RETAIN_SUPPORTED,4.35170741157,5.14122936049,SUPPORT_GROUP_CHRONOLOGICAL_2016_2021,6.05969242974,14.7631072529,5.27017048082,15.5526292018,FROZEN_B11_90,ONE_SIDED_CLUSTER_DRIFT_GUARD_90,0.9,0.951281331718,NO_2023_FEEDBACK_AVAILABLE_CARRY_FORWARD_2022_DRIFT_STATE,2024,G+E_T1,T1_30DAP,SUPPORTED_FROZEN_B5_GENOME,SUPPORTED_T1_CONTEXT,False,False,12.10878883,True,True,8.70341482316,True,10.28245872098
W10004_0476/PHP02,WIH2_2024,10.3196659088,4.4849257263,0.757352941176,0.713676279386,WITHIN_TRAINING_NN_ENVELOPE,RETAIN_SUPPORTED,4.35170741157,5.14122936049,SUPPORT_GROUP_CHRONOLOGICAL_2016_2021,5.96795849724,14.6713733204,5.17843654833,15.4608952693,FROZEN_B11_90,ONE_SIDED_CLUSTER_DRIFT_GUARD_90,0.9,0.951281331718,NO_2023_FEEDBACK_AVAILABLE_CARRY_FORWARD_2022_DRIFT_STATE,2024,G+E_T1,T1_30DAP,SUPPORTED_FROZEN_B5_GENOME,SUPPORTED_T1_CONTEXT,False,False,11.08664514,True,True,8.703414823160001,True,10.28245872097
W10004_0601/PHP02,WIH2_2024,10.2704277039,4.4849257263,0.757352941176,0.713676279386,WITHIN_TRAINING_NN_ENVELOPE,RETAIN_SUPPORTED,4.35170741157,5.14122936049,SUPPORT_GROUP_CHRONOLOGICAL_2016_2021,5.91872029229,14.6221351154,5.12919834337,15.4116570643,FROZEN_B11_90,ONE_SIDED_CLUSTER_DRIFT_GUARD_90,0.9,0.951281331718,NO_2023_FEEDBACK_AVAILABLE_CARRY_FORWARD_2022_DRIFT_STATE,2024,G+E_T1,T1_30DAP,SUPPORTED_FROZEN_B5_GENOME,SUPPORTED_T1_CONTEXT,False,False,14.89654636,True,False,14.191639715109993,True,10.28245872093
W10004_0608/PHP02,WIH2_2024,10.6995267868,4.4849257263,0.757352941176,0.713676279386,WITHIN_TRAINING_NN_ENVELOPE,RETAIN_SUPPORTED,4.35170741157,5.14122936049,SUPPORT_GROUP_CHRONOLOGICAL_2016_2021,6.34781937523,15.0512341984,5.55829742632,15.8407561473,FROZEN_B11_90,ONE_SIDED_CLUSTER_DRIFT_GUARD_90,0.9,0.951281331718,NO_2023_FEEDBACK_AVAILABLE_CARRY_FORWARD_2022_DRIFT_STATE,2024,G+E_T1,T1_30DAP,SUPPORTED_FROZEN_B5_GENOME,SUPPORTED_T1_CONTEXT,False,False,10.31222342,True,True,8.70341482317,True,10.28245872098
W10004_0637/PHP02,WIH2_2024,10.1603841782,4.4849257263,0.757352941176,0.713676279386,WITHIN_TRAINING_NN_ENVELOPE,RETAIN_SUPPORTED,4.35170741157,5.14122936049,SUPPORT_GROUP_CHRONOLOGICAL_2016_2021,5.80867676659,14.5120915897,5.01915481768,15.3016135386,FROZEN_B11_90,ONE_SIDED_CLUSTER_DRIFT_GUARD_90,0.9,0.951281331718,NO_2023_FEEDBACK_AVAILABLE_CARRY_FORWARD_2022_DRIFT_STATE,2024,G+E_T1,T1_30DAP,SUPPORTED_FROZEN_B5_GENOME,SUPPORTED_T1_CONTEXT,False,False,11.56162448,True,True,8.703414823110002,True,10.282458720920001
W10004_0688/PHP02,WIH2_2024,10.1373939514,4.4849257263,0.757352941176,0.713676279386,WITHIN_TRAINING_NN_ENVELOPE,RETAIN_SUPPORTED,4.35170741157,5.14122936049,SUPPORT_GROUP_CHRONOLOGICAL_2016_2021,5.78568653984,14.489101363,4.99616459093,15.2786233119,FROZEN_B11_90,ONE_SIDED_CLUSTER_DRIFT_GUARD_90,0.9,0.951281331718,NO_2023_FEEDBACK_AVAILABLE_CARRY_FORWARD_2022_DRIFT_STATE,2024,G+E_T1,T1_30DAP,SUPPORTED_FROZEN_B5_GENOME,SUPPORTED_T1_CONTEXT,False,False,9.456403964,True,True,8.70341482316,True,10.28245872097
W10004_0691/PHP02,WIH2_2024,10.3885507584,4.4849257263,0.757352941176,0.713676279386,WITHIN_TRAINING_NN_ENVELOPE,RETAIN_SUPPORTED,4.35170741157,5.14122936049,SUPPORT_GROUP_CHRONOLOGICAL_2016_2021,6.03684334679,14.7402581699,5.24732139788,15.5297801188,FROZEN_B11_90,ONE_SIDED_CLUSTER_DRIFT_GUARD_90,0.9,0.951281331718,NO_2023_FEEDBACK_AVAILABLE_CARRY_FORWARD_2022_DRIFT_STATE,2024,G+E_T1,T1_30DAP,SUPPORTED_FROZEN_B5_GENOME,SUPPORTED_T1_CONTEXT,False,False,8.845418744,True,True,8.703414823110002,True,10.28245872092
W10004_0714/PHP02,WIH2_2024,10.3651800156,4.4849257263,0.757352941176,0.713676279386,WITHIN_TRAINING_NN_ENVELOPE,RETAIN_SUPPORTED,4.35170741157,5.14122936049,SUPPORT_GROUP_CHRONOLOGICAL_2016_2021,6.01347260399,14.7168874271,5.22395065508,15.506409376,FROZEN_B11_90,ONE_SIDED_CLUSTER_DRIFT_GUARD_90,0.9,0.951281331718,NO_2023_FEEDBACK_AVAILABLE_CARRY_FORWARD_2022_DRIFT_STATE,2024,G+E_T1,T1_30DAP,SUPPORTED_FROZEN_B5_GENOME,SUPPORTED_T1_CONTEXT,False,False,9.108779777,True,True,8.703414823109998,True,10.282458720920001
W10004_0715/PHP02,WIH2_2024,10.3934440613,4.4849257263,0.757352941176,0.713676279386,WITHIN_TRAINING_NN_ENVELOPE,RETAIN_SUPPORTED,4.35170741157,5.14122936049,SUPPORT_GROUP_CHRONOLOGICAL_2016_2021,6.04173664971,14.7451514729,5.25221470079,15.5346734218,FROZEN_B11_90,ONE_SIDED_CLUSTER_DRIFT_GUARD_90,0.9,0.951281331718,NO_2023_FEEDBACK_AVAILABLE_CARRY_FORWARD_2022_DRIFT_STATE,2024,G+E_T1,T1_30DAP,SUPPORTED_FROZEN_B5_GENOME,SUPPORTED_T1_CONTEXT,False,False,11.31767201,True,True,8.70341482319,True,10.282458721010002
W10004_0747/PHP02,WIH2_2024,10.6764945984,4.4849257263,0.757352941176,0.713676279386,WITHIN_TRAINING_NN_ENVELOPE,RETAIN_SUPPORTED,4.35170741157,5.14122936049,SUPPORT_GROUP_CHRONOLOGICAL_2016_2021,6.32478718682,15.02820201,5.5352652379,15.8177239589,FROZEN_B11_90,ONE_SIDED_CLUSTER_DRIFT_GUARD_90,0.9,0.951281331718,NO_2023_FEEDBACK_AVAILABLE_CARRY_FORWARD_2022_DRIFT_STATE,2024,G+E_T1,T1_30DAP,SUPPORTED_FROZEN_B5_GENOME,SUPPORTED_T1_CONTEXT,False,False,13.18332132,True,True,8.70341482318,True,10.282458721000001
W10004_0754/PHP02,WIH2_2024,10.2469425201,4.4849257263,0.757352941176,0.713676279386,WITHIN_TRAINING_NN_ENVELOPE,RETAIN_SUPPORTED,4.35170741157,5.14122936049,SUPPORT_GROUP_CHRONOLOGICAL_2016_2021,5.89523510857,14.5986499317,5.10571315966,15.3881718806,FROZEN_B11_90,ONE_SIDED_CLUSTER_DRIFT_GUARD_90,0.9,0.951281331718,NO_2023_FEEDBACK_AVAILABLE_CARRY_FORWARD_2022_DRIFT_STATE,2024,G+E_T1,T1_30DAP,SUPPORTED_FROZEN_B5_GENOME,SUPPORTED_T1_CONTEXT,False,False,8.831679748,True,True,8.70341482313,True,10.28245872094
W10004_0776/PHP02,WIH2_2024,10.2256345749,4.4849257263,0.757352941176,0.713676279386,WITHIN_TRAINING_NN_ENVELOPE,RETAIN_SUPPORTED,4.35170741157,5.14122936049,SUPPORT_GROUP_CHRONOLOGICAL_2016_2021,5.87392716332,14.5773419865,5.0844052144,15.3668639354,FROZEN_B11_90,ONE_SIDED_CLUSTER_DRIFT_GUARD_90,0.9,0.951281331718,NO_2023_FEEDBACK_AVAILABLE_CARRY_FORWARD_2022_DRIFT_STATE,2024,G+E_T1,T1_30DAP,SUPPORTED_FROZEN_B5_GENOME,SUPPORTED_T1_CONTEXT,False,False,12.40597605,True,True,8.703414823180001,True,10.282458721
W10004_0801/PHP02,WIH2_2024,10.4149236679,4.4849257263,0.757352941176,0.713676279386,WITHIN_TRAINING_NN_ENVELOPE,RETAIN_SUPPORTED,4.35170741157,5.14122936049,SUPPORT_GROUP_CHRONOLOGICAL_2016_2021,6.06321625634,14.7666310795,5.27369430742,15.5561530284,FROZEN_B11_90,ONE_SIDED_CLUSTER_DRIFT_GUARD_90,0.9,0.951281331718,NO_2023_FEEDBACK_AVAILABLE_CARRY_FORWARD_2022_DRIFT_STATE,2024,G+E_T1,T1_30DAP,SUPPORTED_FROZEN_B5_GENOME,SUPPORTED_T1_CONTEXT,False,False,10.57384907,True,True,8.70341482316,True,10.282458720980001
W10004_0822/PHP02,WIH2_2024,10.4630966187,4.4849257263,0.757352941176,0.713676279386,WITHIN_TRAINING_NN_ENVELOPE,RETAIN_SUPPORTED,4.35170741157,5.14122936049,SUPPORT_GROUP_CHRONOLOGICAL_2016_2021,6.11138920708,14.8148040302,5.32186725817,15.6043259791,FROZEN_B11_90,ONE_SIDED_CLUSTER_DRIFT_GUARD_90,0.9,0.951281331718,NO_2023_FEEDBACK_AVAILABLE_CARRY_FORWARD_2022_DRIFT_STATE,2024,G+E_T1,T1_30DAP,SUPPORTED_FROZEN_B5_GENOME,SUPPORTED_T1_CONTEXT,False,False,10.35499614,True,True,8.70341482312,True,10.28245872093
W10004_0859/PHP02,WIH2_2024,10.5161590576,4.4849257263,0.757352941176,0.713676279386,WITHIN_TRAINING_NN_ENVELOPE,RETAIN_SUPPORTED,4.35170741157,5.14122936049,SUPPORT_GROUP_CHRONOLOGICAL_2016_2021,6.16445164604,14.8678664692,5.37492969713,15.6573884181,FROZEN_B11_90,ONE_SIDED_CLUSTER_DRIFT_GUARD_90,0.9,0.951281331718,NO_2023_FEEDBACK_AVAILABLE_CARRY_FORWARD_2022_DRIFT_STATE,2024,G+E_T1,T1_30DAP,SUPPORTED_FROZEN_B5_GENOME,SUPPORTED_T1_CONTEXT,False,False,8.636036409,True,True,8.703414823160001,True,10.28245872097
W10004_0866/PHP02,WIH2_2024,10.1960334778,4.4849257263,0.757352941176,0.713676279386,WITHIN_TRAINING_NN_ENVELOPE,RETAIN_SUPPORTED,4.35170741157,5.14122936049,SUPPORT_GROUP_CHRONOLOGICAL_2016_2021,5.84432606621,14.5477408894,5.0548041173,15.3372628383,FROZEN_B11_90,ONE_SIDED_CLUSTER_DRIFT_GUARD_90,0.9,0.951281331718,NO_2023_FEEDBACK_AVAILABLE_CARRY_FORWARD_2022_DRIFT_STATE,2024,G+E_T1,T1_30DAP,SUPPORTED_FROZEN_B5_GENOME,SUPPORTED_T1_CONTEXT,False,False,11.00325232,True,True,8.70341482319,True,10.282458721
W10004_0949/PHP02,WIH2_2024,10.5865783691,4.4849257263,0.757352941176,0.713676279386,WITHIN_TRAINING_NN_ENVELOPE,RETAIN_SUPPORTED,4.35170741157,5.14122936049,SUPPORT_GROUP_CHRONOLOGICAL_2016_2021,6.23487095757,14.9382857807,5.44534900865,15.7278077296,FROZEN_B11_90,ONE_SIDED_CLUSTER_DRIFT_GUARD_90,0.9,0.951281331718,NO_2023_FEEDBACK_AVAILABLE_CARRY_FORWARD_2022_DRIFT_STATE,2024,G+E_T1,T1_30DAP,SUPPORTED_FROZEN_B5_GENOME,SUPPORTED_T1_CONTEXT,False,False,11.81318525,True,True,8.70341482313,True,10.28245872095
W10004_0969/PHP02,WIH2_2024,10.2627906799,4.4849257263,0.757352941176,0.713676279386,WITHIN_TRAINING_NN_ENVELOPE,RETAIN_SUPPORTED,4.35170741157,5.14122936049,SUPPORT_GROUP_CHRONOLOGICAL_2016_2021,5.91108326836,14.6144980915,5.12156131945,15.4040200404,FROZEN_B11_90,ONE_SIDED_CLUSTER_DRIFT_GUARD_90,0.9,0.951281331718,NO_2023_FEEDBACK_AVAILABLE_CARRY_FORWARD_2022_DRIFT_STATE,2024,G+E_T1,T1_30DAP,SUPPORTED_FROZEN_B5_GENOME,SUPPORTED_T1_CONTEXT,False,False,10.6646318,True,True,8.703414823140001,True,10.28245872095
W10004_1018/PHP02,WIH2_2024,10.636182785,4.4849257263,0.757352941176,0.713676279386,WITHIN_TRAINING_NN_ENVELOPE,RETAIN_SUPPORTED,4.35170741157,5.14122936049,SUPPORT_GROUP_CHRONOLOGICAL_2016_2021,6.28447537346,14.9878901966,5.49495342455,15.7774121455,FROZEN_B11_90,ONE_SIDED_CLUSTER_DRIFT_GUARD_90,0.9,0.951281331718,NO_2023_FEEDBACK_AVAILABLE_CARRY_FORWARD_2022_DRIFT_STATE,2024,G+E_T1,T1_30DAP,SUPPORTED_FROZEN_B5_GENOME,SUPPORTED_T1_CONTEXT,False,False,12.33308369,True,True,8.703414823140001,True,10.28245872095
W10004_1080/PHP02,WIH2_2024,10.5195264816,4.4849257263,0.757352941176,0.713676279386,WITHIN_TRAINING_NN_ENVELOPE,RETAIN_SUPPORTED,4.35170741157,5.14122936049,SUPPORT_GROUP_CHRONOLOGICAL_2016_2021,6.16781907006,14.8712338932,5.37829712114,15.6607558421,FROZEN_B11_90,ONE_SIDED_CLUSTER_DRIFT_GUARD_90,0.9,0.951281331718,NO_2023_FEEDBACK_AVAILABLE_CARRY_FORWARD_2022_DRIFT_STATE,2024,G+E_T1,T1_30DAP,SUPPORTED_FROZEN_B5_GENOME,SUPPORTED_T1_CONTEXT,False,False,11.08981759,True,True,8.70341482314,True,10.282458720960001
B14A/OH43,WIH3_2024,8.56415653229,5.21538181523,0.764705882353,0.633716376865,WITHIN_TRAINING_NN_ENVELOPE,RETAIN_SUPPORTED,4.35170741157,5.14122936049,SUPPORT_GROUP_CHRONOLOGICAL_2016_2021,4.21244912072,12.9158639439,3.4229271718,13.7053858928,FROZEN_B11_90,ONE_SIDED_CLUSTER_DRIFT_GUARD_90,0.9,0.951281331718,NO_2023_FEEDBACK_AVAILABLE_CARRY_FORWARD_2022_DRIFT_STATE,2024,G+E_T1,T1_30DAP,SUPPORTED_FROZEN_B5_GENOME,SUPPORTED_T1_CONTEXT,False,False,9.253200742,True,True,8.703414823180001,True,10.282458721000001
B37/H95,WIH3_2024,8.92705154419,5.21538181523,0.764705882353,0.633716376865,WITHIN_TRAINING_NN_ENVELOPE,RETAIN_SUPPORTED,4.35170741157,5.14122936049,SUPPORT_GROUP_CHRONOLOGICAL_2016_2021,4.57534413262,13.2787589558,3.7858221837,14.0682809047,FROZEN_B11_90,ONE_SIDED_CLUSTER_DRIFT_GUARD_90,0.9,0.951281331718,NO_2023_FEEDBACK_AVAILABLE_CARRY_FORWARD_2022_DRIFT_STATE,2024,G+E_T1,T1_30DAP,SUPPORTED_FROZEN_B5_GENOME,SUPPORTED_T1_CONTEXT,False,False,6.098505068,True,True,8.703414823180001,True,10.282458721
B73/MO17,WIH3_2024,9.22754192352,5.21538181523,0.764705882353,0.633716376865,WITHIN_TRAINING_NN_ENVELOPE,RETAIN_SUPPORTED,4.35170741157,5.14122936049,SUPPORT_GROUP_CHRONOLOGICAL_2016_2021,4.87583451195,13.5792493351,4.08631256304,14.368771284,FROZEN_B11_90,ONE_SIDED_CLUSTER_DRIFT_GUARD_90,0.9,0.951281331718,NO_2023_FEEDBACK_AVAILABLE_CARRY_FORWARD_2022_DRIFT_STATE,2024,G+E_T1,T1_30DAP,SUPPORTED_FROZEN_B5_GENOME,SUPPORTED_T1_CONTEXT,False,False,12.84781152,True,True,8.70341482315,True,10.28245872096
B73/PHN82,WIH3_2024,10.5126600266,5.21538181523,0.764705882353,0.633716376865,WITHIN_TRAINING_NN_ENVELOPE,RETAIN_SUPPORTED,4.35170741157,5.14122936049,SUPPORT_GROUP_CHRONOLOGICAL_2016_2021,6.16095261498,14.8643674381,5.37143066606,15.653889387,FROZEN_B11_90,ONE_SIDED_CLUSTER_DRIFT_GUARD_90,0.9,0.951281331718,NO_2023_FEEDBACK_AVAILABLE_CARRY_FORWARD_2022_DRIFT_STATE,2024,G+E_T1,T1_30DAP,SUPPORTED_FROZEN_B5_GENOME,SUPPORTED_T1_CONTEXT,False,False,11.02455431,True,True,8.70341482312,True,10.28245872094
CG119/CG108,WIH3_2024,8.72481155396,5.21538181523,0.764705882353,0.633716376865,WITHIN_TRAINING_NN_ENVELOPE,RETAIN_SUPPORTED,4.35170741157,5.14122936049,SUPPORT_GROUP_CHRONOLOGICAL_2016_2021,4.37310414238,13.0765189655,3.58358219347,13.8660409144,FROZEN_B11_90,ONE_SIDED_CLUSTER_DRIFT_GUARD_90,0.9,0.951281331718,NO_2023_FEEDBACK_AVAILABLE_CARRY_FORWARD_2022_DRIFT_STATE,2024,G+E_T1,T1_30DAP,SUPPORTED_FROZEN_B5_GENOME,SUPPORTED_T1_CONTEXT,False,False,5.762192193,True,True,8.70341482312,True,10.282458720929998
CG44/CGR01,WIH3_2024,9.09153652191,5.21538181523,0.764705882353,0.633716376865,WITHIN_TRAINING_NN_ENVELOPE,RETAIN_SUPPORTED,4.35170741157,5.14122936049,SUPPORT_GROUP_CHRONOLOGICAL_2016_2021,4.73982911034,13.4432439335,3.95030716143,14.2327658824,FROZEN_B11_90,ONE_SIDED_CLUSTER_DRIFT_GUARD_90,0.9,0.951281331718,NO_2023_FEEDBACK_AVAILABLE_CARRY_FORWARD_2022_DRIFT_STATE,2024,G+E_T1,T1_30DAP,SUPPORTED_FROZEN_B5_GENOME,SUPPORTED_T1_CONTEXT,False,False,9.141918653,True,True,8.70341482316,True,10.28245872097
LH195/PHP02,WIH3_2024,10.5455417633,5.21538181523,0.764705882353,0.633716376865,WITHIN_TRAINING_NN_ENVELOPE,RETAIN_SUPPORTED,4.35170741157,5.14122936049,SUPPORT_GROUP_CHRONOLOGICAL_2016_2021,6.19383435173,14.8972491749,5.40431240282,15.6867711238,FROZEN_B11_90,ONE_SIDED_CLUSTER_DRIFT_GUARD_90,0.9,0.951281331718,NO_2023_FEEDBACK_AVAILABLE_CARRY_FORWARD_2022_DRIFT_STATE,2024,G+E_T1,T1_30DAP,SUPPORTED_FROZEN_B5_GENOME,SUPPORTED_T1_CONTEXT,False,False,13.14142548,True,True,8.70341482317,True,10.28245872098
LH195/PHZ51,WIH3_2024,9.30515956879,5.21538181523,0.764705882353,0.633716376865,WITHIN_TRAINING_NN_ENVELOPE,RETAIN_SUPPORTED,4.35170741157,5.14122936049,SUPPORT_GROUP_CHRONOLOGICAL_2016_2021,4.95345215721,13.6568669804,4.1639302083,14.4463889293,FROZEN_B11_90,ONE_SIDED_CLUSTER_DRIFT_GUARD_90,0.9,0.951281331718,NO_2023_FEEDBACK_AVAILABLE_CARRY_FORWARD_2022_DRIFT_STATE,2024,G+E_T1,T1_30DAP,SUPPORTED_FROZEN_B5_GENOME,SUPPORTED_T1_CONTEXT,False,False,8.107311961,True,True,8.70341482319,True,10.282458721
LH244/PHK76,WIH3_2024,10.2591371536,5.21538181523,0.764705882353,0.633716376865,WITHIN_TRAINING_NN_ENVELOPE,RETAIN_SUPPORTED,4.35170741157,5.14122936049,SUPPORT_GROUP_CHRONOLOGICAL_2016_2021,5.90742974205,14.6108445652,5.11790779314,15.4003665141,FROZEN_B11_90,ONE_SIDED_CLUSTER_DRIFT_GUARD_90,0.9,0.951281331718,NO_2023_FEEDBACK_AVAILABLE_CARRY_FORWARD_2022_DRIFT_STATE,2024,G+E_T1,T1_30DAP,SUPPORTED_FROZEN_B5_GENOME,SUPPORTED_T1_CONTEXT,False,False,10.27557797,True,True,8.703414823150002,True,10.282458720960001
PHB47/PHN82,WIH3_2024,9.56992721558,5.21538181523,0.764705882353,0.633716376865,WITHIN_TRAINING_NN_ENVELOPE,RETAIN_SUPPORTED,4.35170741157,5.14122936049,SUPPORT_GROUP_CHRONOLOGICAL_2016_2021,5.218219804,13.9216346271,4.42869785509,14.7111565761,FROZEN_B11_90,ONE_SIDED_CLUSTER_DRIFT_GUARD_90,0.9,0.951281331718,NO_2023_FEEDBACK_AVAILABLE_CARRY_FORWARD_2022_DRIFT_STATE,2024,G+E_T1,T1_30DAP,SUPPORTED_FROZEN_B5_GENOME,SUPPORTED_T1_CONTEXT,False,False,10.58116619,True,True,8.7034148231,True,10.28245872101
PHB47/PHZ51,WIH3_2024,8.50156497955,5.21538181523,0.764705882353,0.633716376865,WITHIN_TRAINING_NN_ENVELOPE,RETAIN_SUPPORTED,4.35170741157,5.14122936049,SUPPORT_GROUP_CHRONOLOGICAL_2016_2021,4.14985756798,12.8532723911,3.36033561907,13.64279434,FROZEN_B11_90,ONE_SIDED_CLUSTER_DRIFT_GUARD_90,0.9,0.951281331718,NO_2023_FEEDBACK_AVAILABLE_CARRY_FORWARD_2022_DRIFT_STATE,2024,G+E_T1,T1_30DAP,SUPPORTED_FROZEN_B5_GENOME,SUPPORTED_T1_CONTEXT,False,False,11.2293503,True,True,8.703414823120001,True,10.28245872093
PHG29/PHG47,WIH3_2024,9.47908592224,5.21538181523,0.764705882353,0.633716376865,WITHIN_TRAINING_NN_ENVELOPE,RETAIN_SUPPORTED,4.35170741157,5.14122936049,SUPPORT_GROUP_CHRONOLOGICAL_2016_2021,5.12737851067,13.8307933338,4.33785656176,14.6203152827,FROZEN_B11_90,ONE_SIDED_CLUSTER_DRIFT_GUARD_90,0.9,0.951281331718,NO_2023_FEEDBACK_AVAILABLE_CARRY_FORWARD_2022_DRIFT_STATE,2024,G+E_T1,T1_30DAP,SUPPORTED_FROZEN_B5_GENOME,SUPPORTED_T1_CONTEXT,False,False,9.037024555,True,True,8.70341482313,True,10.28245872094
PHG39/PHN82,WIH3_2024,10.0647287369,5.21538181523,0.764705882353,0.633716376865,WITHIN_TRAINING_NN_ENVELOPE,RETAIN_SUPPORTED,4.35170741157,5.14122936049,SUPPORT_GROUP_CHRONOLOGICAL_2016_2021,5.71302132531,14.4164361484,4.92349937639,15.2059580974,FROZEN_B11_90,ONE_SIDED_CLUSTER_DRIFT_GUARD_90,0.9,0.951281331718,NO_2023_FEEDBACK_AVAILABLE_CARRY_FORWARD_2022_DRIFT_STATE,2024,G+E_T1,T1_30DAP,SUPPORTED_FROZEN_B5_GENOME,SUPPORTED_T1_CONTEXT,False,False,10.87761332,True,True,8.70341482309,True,10.28245872101
PHJ40/PHAJ0,WIH3_2024,9.28359222412,5.21538181523,0.764705882353,0.633716376865,WITHIN_TRAINING_NN_ENVELOPE,RETAIN_SUPPORTED,4.35170741157,5.14122936049,SUPPORT_GROUP_CHRONOLOGICAL_2016_2021,4.93188481255,13.6352996357,4.14236286364,14.4248215846,FROZEN_B11_90,ONE_SIDED_CLUSTER_DRIFT_GUARD_90,0.9,0.951281331718,NO_2023_FEEDBACK_AVAILABLE_CARRY_FORWARD_2022_DRIFT_STATE,2024,G+E_T1,T1_30DAP,SUPPORTED_FROZEN_B5_GENOME,SUPPORTED_T1_CONTEXT,False,False,5.058978184,True,True,8.703414823149998,True,10.282458720960001
PHRE1/PHTD5,WIH3_2024,9.69829845428,5.21538181523,0.764705882353,0.633716376865,WITHIN_TRAINING_NN_ENVELOPE,RETAIN_SUPPORTED,4.35170741157,5.14122936049,SUPPORT_GROUP_CHRONOLOGICAL_2016_2021,5.34659104271,14.0500058659,4.5570690938,14.8395278148,FROZEN_B11_90,ONE_SIDED_CLUSTER_DRIFT_GUARD_90,0.9,0.951281331718,NO_2023_FEEDBACK_AVAILABLE_CARRY_FORWARD_2022_DRIFT_STATE,2024,G+E_T1,T1_30DAP,SUPPORTED_FROZEN_B5_GENOME,SUPPORTED_T1_CONTEXT,False,False,8.82380692,True,True,8.703414823189998,True,10.282458721000001
PHW52/PHM49,WIH3_2024,9.80902862549,5.21538181523,0.764705882353,0.633716376865,WITHIN_TRAINING_NN_ENVELOPE,RETAIN_SUPPORTED,4.35170741157,5.14122936049,SUPPORT_GROUP_CHRONOLOGICAL_2016_2021,5.45732121392,14.1607360371,4.667799265,14.950257986,FROZEN_B11_90,ONE_SIDED_CLUSTER_DRIFT_GUARD_90,0.9,0.951281331718,NO_2023_FEEDBACK_AVAILABLE_CARRY_FORWARD_2022_DRIFT_STATE,2024,G+E_T1,T1_30DAP,SUPPORTED_FROZEN_B5_GENOME,SUPPORTED_T1_CONTEXT,False,False,7.966914868,True,True,8.70341482318,True,10.282458721000001
TX777/LH195,WIH3_2024,9.42528629303,5.21538181523,0.764705882353,0.633716376865,WITHIN_TRAINING_NN_ENVELOPE,RETAIN_SUPPORTED,4.35170741157,5.14122936049,SUPPORT_GROUP_CHRONOLOGICAL_2016_2021,5.07357888146,13.7769937046,4.28405693254,14.5665156535,FROZEN_B11_90,ONE_SIDED_CLUSTER_DRIFT_GUARD_90,0.9,0.951281331718,NO_2023_FEEDBACK_AVAILABLE_CARRY_FORWARD_2022_DRIFT_STATE,2024,G+E_T1,T1_30DAP,SUPPORTED_FROZEN_B5_GENOME,SUPPORTED_T1_CONTEXT,False,False,4.915070235,True,False,11.873587752339994,True,10.28245872096
W10004_0018/PHP02,WIH3_2024,10.3193130493,5.21538181523,0.764705882353,0.633716376865,WITHIN_TRAINING_NN_ENVELOPE,RETAIN_SUPPORTED,4.35170741157,5.14122936049,SUPPORT_GROUP_CHRONOLOGICAL_2016_2021,5.96760563774,14.6710204609,5.17808368883,15.4605424098,FROZEN_B11_90,ONE_SIDED_CLUSTER_DRIFT_GUARD_90,0.9,0.951281331718,NO_2023_FEEDBACK_AVAILABLE_CARRY_FORWARD_2022_DRIFT_STATE,2024,G+E_T1,T1_30DAP,SUPPORTED_FROZEN_B5_GENOME,SUPPORTED_T1_CONTEXT,False,False,8.416627124,True,True,8.70341482316,True,10.28245872097
W10004_0034/PHP02,WIH3_2024,10.5919418335,5.21538181523,0.764705882353,0.633716376865,WITHIN_TRAINING_NN_ENVELOPE,RETAIN_SUPPORTED,4.35170741157,5.14122936049,SUPPORT_GROUP_CHRONOLOGICAL_2016_2021,6.24023442192,14.9436492451,5.45071247301,15.733171194,FROZEN_B11_90,ONE_SIDED_CLUSTER_DRIFT_GUARD_90,0.9,0.951281331718,NO_2023_FEEDBACK_AVAILABLE_CARRY_FORWARD_2022_DRIFT_STATE,2024,G+E_T1,T1_30DAP,SUPPORTED_FROZEN_B5_GENOME,SUPPORTED_T1_CONTEXT,False,False,10.02140365,True,True,8.70341482318,True,10.28245872099
W10004_0055/PHP02,WIH3_2024,10.5317869186,5.21538181523,0.764705882353,0.633716376865,WITHIN_TRAINING_NN_ENVELOPE,RETAIN_SUPPORTED,4.35170741157,5.14122936049,SUPPORT_GROUP_CHRONOLOGICAL_2016_2021,6.18007950707,14.8834943302,5.39055755815,15.6730162791,FROZEN_B11_90,ONE_SIDED_CLUSTER_DRIFT_GUARD_90,0.9,0.951281331718,NO_2023_FEEDBACK_AVAILABLE_CARRY_FORWARD_2022_DRIFT_STATE,2024,G+E_T1,T1_30DAP,SUPPORTED_FROZEN_B5_GENOME,SUPPORTED_T1_CONTEXT,False,False,11.13847954,True,True,8.70341482313,True,10.28245872095
W10004_0062/PHP02,WIH3_2024,9.68128585815,5.21538181523,0.764705882353,0.633716376865,WITHIN_TRAINING_NN_ENVELOPE,RETAIN_SUPPORTED,4.35170741157,5.14122936049,SUPPORT_GROUP_CHRONOLOGICAL_2016_2021,5.32957844658,14.0329932697,4.54005649767,14.8225152186,FROZEN_B11_90,ONE_SIDED_CLUSTER_DRIFT_GUARD_90,0.9,0.951281331718,NO_2023_FEEDBACK_AVAILABLE_CARRY_FORWARD_2022_DRIFT_STATE,2024,G+E_T1,T1_30DAP,SUPPORTED_FROZEN_B5_GENOME,SUPPORTED_T1_CONTEXT,False,False,7.574989428,True,True,8.70341482312,True,10.282458720929998
W10004_0103/PHP02,WIH3_2024,10.5851964951,5.21538181523,0.764705882353,0.633716376865,WITHIN_TRAINING_NN_ENVELOPE,RETAIN_SUPPORTED,4.35170741157,5.14122936049,SUPPORT_GROUP_CHRONOLOGICAL_2016_2021,6.23348908348,14.9369039066,5.44396713457,15.7264258555,FROZEN_B11_90,ONE_SIDED_CLUSTER_DRIFT_GUARD_90,0.9,0.951281331718,NO_2023_FEEDBACK_AVAILABLE_CARRY_FORWARD_2022_DRIFT_STATE,2024,G+E_T1,T1_30DAP,SUPPORTED_FROZEN_B5_GENOME,SUPPORTED_T1_CONTEXT,False,False,10.21673967,True,True,8.70341482312,True,10.28245872093
W10004_0133/PHP02,WIH3_2024,10.2532815933,5.21538181523,0.764705882353,0.633716376865,WITHIN_TRAINING_NN_ENVELOPE,RETAIN_SUPPORTED,4.35170741157,5.14122936049,SUPPORT_GROUP_CHRONOLOGICAL_2016_2021,5.90157418175,14.6049890049,5.11205223284,15.3945109538,FROZEN_B11_90,ONE_SIDED_CLUSTER_DRIFT_GUARD_90,0.9,0.951281331718,NO_2023_FEEDBACK_AVAILABLE_CARRY_FORWARD_2022_DRIFT_STATE,2024,G+E_T1,T1_30DAP,SUPPORTED_FROZEN_B5_GENOME,SUPPORTED_T1_CONTEXT,False,False,9.064018975,True,True,8.70341482315,True,10.28245872096
W10004_0138/PHP02,WIH3_2024,10.793926239,5.21538181523,0.764705882353,0.633716376865,WITHIN_TRAINING_NN_ENVELOPE,RETAIN_SUPPORTED,4.35170741157,5.14122936049,SUPPORT_GROUP_CHRONOLOGICAL_2016_2021,6.44221882744,15.1456336506,5.65269687853,15.9351555995,FROZEN_B11_90,ONE_SIDED_CLUSTER_DRIFT_GUARD_90,0.9,0.951281331718,NO_2023_FEEDBACK_AVAILABLE_CARRY_FORWARD_2022_DRIFT_STATE,2024,G+E_T1,T1_30DAP,SUPPORTED_FROZEN_B5_GENOME,SUPPORTED_T1_CONTEXT,False,False,10.74757806,True,True,8.703414823160001,True,10.28245872097
W10004_0146/PHP02,WIH3_2024,10.3832120895,5.21538181523,0.764705882353,0.633716376865,WITHIN_TRAINING_NN_ENVELOPE,RETAIN_SUPPORTED,4.35170741157,5.14122936049,SUPPORT_GROUP_CHRONOLOGICAL_2016_2021,6.03150467797,14.7349195011,5.24198272905,15.52444145,FROZEN_B11_90,ONE_SIDED_CLUSTER_DRIFT_GUARD_90,0.9,0.951281331718,NO_2023_FEEDBACK_AVAILABLE_CARRY_FORWARD_2022_DRIFT_STATE,2024,G+E_T1,T1_30DAP,SUPPORTED_FROZEN_B5_GENOME,SUPPORTED_T1_CONTEXT,False,False,13.43254389,True,True,8.70341482313,True,10.28245872095
W10004_0160/PHP02,WIH3_2024,11.0345039368,5.21538181523,0.764705882353,0.633716376865,WITHIN_TRAINING_NN_ENVELOPE,RETAIN_SUPPORTED,4.35170741157,5.14122936049,SUPPORT_GROUP_CHRONOLOGICAL_2016_2021,6.6827965252,15.3862113483,5.89327457628,16.1757332973,FROZEN_B11_90,ONE_SIDED_CLUSTER_DRIFT_GUARD_90,0.9,0.951281331718,NO_2023_FEEDBACK_AVAILABLE_CARRY_FORWARD_2022_DRIFT_STATE,2024,G+E_T1,T1_30DAP,SUPPORTED_FROZEN_B5_GENOME,SUPPORTED_T1_CONTEXT,False,False,10.85498688,True,True,8.703414823100001,True,10.28245872102
W10004_0167/PHP02,WIH3_2024,10.2291984558,5.21538181523,0.764705882353,0.633716376865,WITHIN_TRAINING_NN_ENVELOPE,RETAIN_SUPPORTED,4.35170741157,5.14122936049,SUPPORT_GROUP_CHRONOLOGICAL_2016_2021,5.87749104424,14.5809058674,5.08796909532,15.3704278163,FROZEN_B11_90,ONE_SIDED_CLUSTER_DRIFT_GUARD_90,0.9,0.951281331718,NO_2023_FEEDBACK_AVAILABLE_CARRY_FORWARD_2022_DRIFT_STATE,2024,G+E_T1,T1_30DAP,SUPPORTED_FROZEN_B5_GENOME,SUPPORTED_T1_CONTEXT,False,False,8.852474033,True,True,8.70341482316,True,10.28245872098
W10004_0189/PHP02,WIH3_2024,10.6086292267,5.21538181523,0.764705882353,0.633716376865,WITHIN_TRAINING_NN_ENVELOPE,RETAIN_SUPPORTED,4.35170741157,5.14122936049,SUPPORT_GROUP_CHRONOLOGICAL_2016_2021,6.25692181511,14.9603366383,5.4673998662,15.7498585872,FROZEN_B11_90,ONE_SIDED_CLUSTER_DRIFT_GUARD_90,0.9,0.951281331718,NO_2023_FEEDBACK_AVAILABLE_CARRY_FORWARD_2022_DRIFT_STATE,2024,G+E_T1,T1_30DAP,SUPPORTED_FROZEN_B5_GENOME,SUPPORTED_T1_CONTEXT,False,False,10.87099698,True,True,8.703414823189998,True,10.282458721000001
W10004_0236/PHP02,WIH3_2024,10.3081178665,5.21538181523,0.764705882353,0.633716376865,WITHIN_TRAINING_NN_ENVELOPE,RETAIN_SUPPORTED,4.35170741157,5.14122936049,SUPPORT_GROUP_CHRONOLOGICAL_2016_2021,5.95641045494,14.6598252781,5.16688850603,15.449347227,FROZEN_B11_90,ONE_SIDED_CLUSTER_DRIFT_GUARD_90,0.9,0.951281331718,NO_2023_FEEDBACK_AVAILABLE_CARRY_FORWARD_2022_DRIFT_STATE,2024,G+E_T1,T1_30DAP,SUPPORTED_FROZEN_B5_GENOME,SUPPORTED_T1_CONTEXT,False,False,8.392751236,True,True,8.70341482316,True,10.28245872097
W10004_0258/PHP02,WIH3_2024,10.1528692245,5.21538181523,0.764705882353,0.633716376865,WITHIN_TRAINING_NN_ENVELOPE,RETAIN_SUPPORTED,4.35170741157,5.14122936049,SUPPORT_GROUP_CHRONOLOGICAL_2016_2021,5.80116181298,14.5045766361,5.01163986406,15.294098585,FROZEN_B11_90,ONE_SIDED_CLUSTER_DRIFT_GUARD_90,0.9,0.951281331718,NO_2023_FEEDBACK_AVAILABLE_CARRY_FORWARD_2022_DRIFT_STATE,2024,G+E_T1,T1_30DAP,SUPPORTED_FROZEN_B5_GENOME,SUPPORTED_T1_CONTEXT,False,False,11.68026649,True,True,8.70341482312,True,10.28245872094
W10004_0270/PHP02,WIH3_2024,10.7040643692,5.21538181523,0.764705882353,0.633716376865,WITHIN_TRAINING_NN_ENVELOPE,RETAIN_SUPPORTED,4.35170741157,5.14122936049,SUPPORT_GROUP_CHRONOLOGICAL_2016_2021,6.35235695763,15.0557717808,5.56283500872,15.8452937297,FROZEN_B11_90,ONE_SIDED_CLUSTER_DRIFT_GUARD_90,0.9,0.951281331718,NO_2023_FEEDBACK_AVAILABLE_CARRY_FORWARD_2022_DRIFT_STATE,2024,G+E_T1,T1_30DAP,SUPPORTED_FROZEN_B5_GENOME,SUPPORTED_T1_CONTEXT,False,False,11.05942522,True,True,8.70341482317,True,10.28245872098
W10004_0311/PHP02,WIH3_2024,10.3248500824,5.21538181523,0.764705882353,0.633716376865,WITHIN_TRAINING_NN_ENVELOPE,RETAIN_SUPPORTED,4.35170741157,5.14122936049,SUPPORT_GROUP_CHRONOLOGICAL_2016_2021,5.97314267083,14.676557494,5.18362072191,15.4660794429,FROZEN_B11_90,ONE_SIDED_CLUSTER_DRIFT_GUARD_90,0.9,0.951281331718,NO_2023_FEEDBACK_AVAILABLE_CARRY_FORWARD_2022_DRIFT_STATE,2024,G+E_T1,T1_30DAP,SUPPORTED_FROZEN_B5_GENOME,SUPPORTED_T1_CONTEXT,False,False,9.593060073,True,True,8.70341482317,True,10.28245872099
W10004_0346/PHP02,WIH3_2024,10.4979839325,5.21538181523,0.764705882353,0.633716376865,WITHIN_TRAINING_NN_ENVELOPE,RETAIN_SUPPORTED,4.35170741157,5.14122936049,SUPPORT_GROUP_CHRONOLOGICAL_2016_2021,6.14627652092,14.8496913441,5.35675457201,15.639213293,FROZEN_B11_90,ONE_SIDED_CLUSTER_DRIFT_GUARD_90,0.9,0.951281331718,NO_2023_FEEDBACK_AVAILABLE_CARRY_FORWARD_2022_DRIFT_STATE,2024,G+E_T1,T1_30DAP,SUPPORTED_FROZEN_B5_GENOME,SUPPORTED_T1_CONTEXT,False,False,8.160896599,True,True,8.703414823180001,True,10.28245872099
W10004_0403/PHP02,WIH3_2024,10.2253751755,5.21538181523,0.764705882353,0.633716376865,WITHIN_TRAINING_NN_ENVELOPE,RETAIN_SUPPORTED,4.35170741157,5.14122936049,SUPPORT_GROUP_CHRONOLOGICAL_2016_2021,5.8736677639,14.577082587,5.08414581499,15.366604536,FROZEN_B11_90,ONE_SIDED_CLUSTER_DRIFT_GUARD_90,0.9,0.951281331718,NO_2023_FEEDBACK_AVAILABLE_CARRY_FORWARD_2022_DRIFT_STATE,2024,G+E_T1,T1_30DAP,SUPPORTED_FROZEN_B5_GENOME,SUPPORTED_T1_CONTEXT,False,False,4.644492842,True,False,33.28691326110001,False,19.075518180810008
W10004_0409/PHP02,WIH3_2024,10.4603748322,5.21538181523,0.764705882353,0.633716376865,WITHIN_TRAINING_NN_ENVELOPE,RETAIN_SUPPORTED,4.35170741157,5.14122936049,SUPPORT_GROUP_CHRONOLOGICAL_2016_2021,6.10866742058,14.8120822437,5.31914547167,15.6016041926,FROZEN_B11_90,ONE_SIDED_CLUSTER_DRIFT_GUARD_90,0.9,0.951281331718,NO_2023_FEEDBACK_AVAILABLE_CARRY_FORWARD_2022_DRIFT_STATE,2024,G+E_T1,T1_30DAP,SUPPORTED_FROZEN_B5_GENOME,SUPPORTED_T1_CONTEXT,False,False,10.47881428,True,True,8.703414823120001,True,10.28245872093
W10004_0412/PHP02,WIH3_2024,10.1203536987,5.21538181523,0.764705882353,0.633716376865,WITHIN_TRAINING_NN_ENVELOPE,RETAIN_SUPPORTED,4.35170741157,5.14122936049,SUPPORT_GROUP_CHRONOLOGICAL_2016_2021,5.76864628716,14.4720611103,4.97912433824,15.2615830592,FROZEN_B11_90,ONE_SIDED_CLUSTER_DRIFT_GUARD_90,0.9,0.951281331718,NO_2023_FEEDBACK_AVAILABLE_CARRY_FORWARD_2022_DRIFT_STATE,2024,G+E_T1,T1_30DAP,SUPPORTED_FROZEN_B5_GENOME,SUPPORTED_T1_CONTEXT,False,False,8.855553742,True,True,8.703414823140001,True,10.28245872096
W10004_0601/PHP02,WIH3_2024,10.3194026947,5.21538181523,0.764705882353,0.633716376865,WITHIN_TRAINING_NN_ENVELOPE,RETAIN_SUPPORTED,4.35170741157,5.14122936049,SUPPORT_GROUP_CHRONOLOGICAL_2016_2021,5.96769528313,14.6711101063,5.17817333422,15.4606320552,FROZEN_B11_90,ONE_SIDED_CLUSTER_DRIFT_GUARD_90,0.9,0.951281331718,NO_2023_FEEDBACK_AVAILABLE_CARRY_FORWARD_2022_DRIFT_STATE,2024,G+E_T1,T1_30DAP,SUPPORTED_FROZEN_B5_GENOME,SUPPORTED_T1_CONTEXT,False,False,9.449928676,True,True,8.70341482317,True,10.28245872098
W10004_0608/PHP02,WIH3_2024,10.7485027313,5.21538181523,0.764705882353,0.633716376865,WITHIN_TRAINING_NN_ENVELOPE,RETAIN_SUPPORTED,4.35170741157,5.14122936049,SUPPORT_GROUP_CHRONOLOGICAL_2016_2021,6.39679531975,15.1002101429,5.60727337084,15.8897320918,FROZEN_B11_90,ONE_SIDED_CLUSTER_DRIFT_GUARD_90,0.9,0.951281331718,NO_2023_FEEDBACK_AVAILABLE_CARRY_FORWARD_2022_DRIFT_STATE,2024,G+E_T1,T1_30DAP,SUPPORTED_FROZEN_B5_GENOME,SUPPORTED_T1_CONTEXT,False,False,9.520079508,True,True,8.70341482315,True,10.28245872096
W10004_0637/PHP02,WIH3_2024,10.209359169,5.21538181523,0.764705882353,0.633716376865,WITHIN_TRAINING_NN_ENVELOPE,RETAIN_SUPPORTED,4.35170741157,5.14122936049,SUPPORT_GROUP_CHRONOLOGICAL_2016_2021,5.85765175743,14.5610665806,5.06812980852,15.3505885295,FROZEN_B11_90,ONE_SIDED_CLUSTER_DRIFT_GUARD_90,0.9,0.951281331718,NO_2023_FEEDBACK_AVAILABLE_CARRY_FORWARD_2022_DRIFT_STATE,2024,G+E_T1,T1_30DAP,SUPPORTED_FROZEN_B5_GENOME,SUPPORTED_T1_CONTEXT,False,False,10.01923125,True,True,8.70341482317,True,10.28245872098
W10004_0658/PHP02,WIH3_2024,10.5322704315,5.21538181523,0.764705882353,0.633716376865,WITHIN_TRAINING_NN_ENVELOPE,RETAIN_SUPPORTED,4.35170741157,5.14122936049,SUPPORT_GROUP_CHRONOLOGICAL_2016_2021,6.18056301995,14.8839778431,5.39104107103,15.673499792,FROZEN_B11_90,ONE_SIDED_CLUSTER_DRIFT_GUARD_90,0.9,0.951281331718,NO_2023_FEEDBACK_AVAILABLE_CARRY_FORWARD_2022_DRIFT_STATE,2024,G+E_T1,T1_30DAP,SUPPORTED_FROZEN_B5_GENOME,SUPPORTED_T1_CONTEXT,False,False,13.83093233,True,True,8.70341482315,True,10.282458720969998
W10004_0688/PHP02,WIH3_2024,10.1863689423,5.21538181523,0.764705882353,0.633716376865,WITHIN_TRAINING_NN_ENVELOPE,RETAIN_SUPPORTED,4.35170741157,5.14122936049,SUPPORT_GROUP_CHRONOLOGICAL_2016_2021,5.83466153069,14.5380763538,5.04513958177,15.3275983027,FROZEN_B11_90,ONE_SIDED_CLUSTER_DRIFT_GUARD_90,0.9,0.951281331718,NO_2023_FEEDBACK_AVAILABLE_CARRY_FORWARD_2022_DRIFT_STATE,2024,G+E_T1,T1_30DAP,SUPPORTED_FROZEN_B5_GENOME,SUPPORTED_T1_CONTEXT,False,False,10.49725124,True,True,8.703414823109998,True,10.28245872093
W10004_0691/PHP02,WIH3_2024,10.4375257492,5.21538181523,0.764705882353,0.633716376865,WITHIN_TRAINING_NN_ENVELOPE,RETAIN_SUPPORTED,4.35170741157,5.14122936049,SUPPORT_GROUP_CHRONOLOGICAL_2016_2021,6.08581833763,14.7892331608,5.29629638872,15.5787551097,FROZEN_B11_90,ONE_SIDED_CLUSTER_DRIFT_GUARD_90,0.9,0.951281331718,NO_2023_FEEDBACK_AVAILABLE_CARRY_FORWARD_2022_DRIFT_STATE,2024,G+E_T1,T1_30DAP,SUPPORTED_FROZEN_B5_GENOME,SUPPORTED_T1_CONTEXT,False,False,8.142360931,True,True,8.70341482317,True,10.28245872098
W10004_0715/PHP02,WIH3_2024,10.4424190521,5.21538181523,0.764705882353,0.633716376865,WITHIN_TRAINING_NN_ENVELOPE,RETAIN_SUPPORTED,4.35170741157,5.14122936049,SUPPORT_GROUP_CHRONOLOGICAL_2016_2021,6.09071164055,14.7941264637,5.30118969164,15.5836484126,FROZEN_B11_90,ONE_SIDED_CLUSTER_DRIFT_GUARD_90,0.9,0.951281331718,NO_2023_FEEDBACK_AVAILABLE_CARRY_FORWARD_2022_DRIFT_STATE,2024,G+E_T1,T1_30DAP,SUPPORTED_FROZEN_B5_GENOME,SUPPORTED_T1_CONTEXT,False,False,10.21178944,True,True,8.703414823149998,True,10.282458720960001
W10004_0747/PHP02,WIH3_2024,10.7254695892,5.21538181523,0.764705882353,0.633716376865,WITHIN_TRAINING_NN_ENVELOPE,RETAIN_SUPPORTED,4.35170741157,5.14122936049,SUPPORT_GROUP_CHRONOLOGICAL_2016_2021,6.37376217766,15.0771770008,5.58424022875,15.8666989497,FROZEN_B11_90,ONE_SIDED_CLUSTER_DRIFT_GUARD_90,0.9,0.951281331718,NO_2023_FEEDBACK_AVAILABLE_CARRY_FORWARD_2022_DRIFT_STATE,2024,G+E_T1,T1_30DAP,SUPPORTED_FROZEN_B5_GENOME,SUPPORTED_T1_CONTEXT,False,False,11.18959684,True,True,8.703414823140001,True,10.28245872095
W10004_0754/PHP02,WIH3_2024,10.295917511,5.21538181523,0.764705882353,0.633716376865,WITHIN_TRAINING_NN_ENVELOPE,RETAIN_SUPPORTED,4.35170741157,5.14122936049,SUPPORT_GROUP_CHRONOLOGICAL_2016_2021,5.94421009941,14.6476249226,5.1546881505,15.4371468715,FROZEN_B11_90,ONE_SIDED_CLUSTER_DRIFT_GUARD_90,0.9,0.951281331718,NO_2023_FEEDBACK_AVAILABLE_CARRY_FORWARD_2022_DRIFT_STATE,2024,G+E_T1,T1_30DAP,SUPPORTED_FROZEN_B5_GENOME,SUPPORTED_T1_CONTEXT,False,False,8.98799714,True,True,8.70341482319,True,10.282458721
W10004_0771/PHP02,WIH3_2024,10.3187198639,5.21538181523,0.764705882353,0.633716376865,WITHIN_TRAINING_NN_ENVELOPE,RETAIN_SUPPORTED,4.35170741157,5.14122936049,SUPPORT_GROUP_CHRONOLOGICAL_2016_2021,5.96701245232,14.6704272755,5.17749050341,15.4599492244,FROZEN_B11_90,ONE_SIDED_CLUSTER_DRIFT_GUARD_90,0.9,0.951281331718,NO_2023_FEEDBACK_AVAILABLE_CARRY_FORWARD_2022_DRIFT_STATE,2024,G+E_T1,T1_30DAP,SUPPORTED_FROZEN_B5_GENOME,SUPPORTED_T1_CONTEXT,False,False,9.462565122,True,True,8.703414823180001,True,10.28245872099
W10004_0776/PHP02,WIH3_2024,10.2746095657,5.21538181523,0.764705882353,0.633716376865,WITHIN_TRAINING_NN_ENVELOPE,RETAIN_SUPPORTED,4.35170741157,5.14122936049,SUPPORT_GROUP_CHRONOLOGICAL_2016_2021,5.92290215416,14.6263169773,5.13338020525,15.4158389262,FROZEN_B11_90,ONE_SIDED_CLUSTER_DRIFT_GUARD_90,0.9,0.951281331718,NO_2023_FEEDBACK_AVAILABLE_CARRY_FORWARD_2022_DRIFT_STATE,2024,G+E_T1,T1_30DAP,SUPPORTED_FROZEN_B5_GENOME,SUPPORTED_T1_CONTEXT,False,False,9.754220923,True,True,8.703414823140001,True,10.28245872095
W10004_0801/PHP02,WIH3_2024,10.4638996124,5.21538181523,0.764705882353,0.633716376865,WITHIN_TRAINING_NN_ENVELOPE,RETAIN_SUPPORTED,4.35170741157,5.14122936049,SUPPORT_GROUP_CHRONOLOGICAL_2016_2021,6.11219220085,14.815607024,5.32267025194,15.6051289729,FROZEN_B11_90,ONE_SIDED_CLUSTER_DRIFT_GUARD_90,0.9,0.951281331718,NO_2023_FEEDBACK_AVAILABLE_CARRY_FORWARD_2022_DRIFT_STATE,2024,G+E_T1,T1_30DAP,SUPPORTED_FROZEN_B5_GENOME,SUPPORTED_T1_CONTEXT,False,False,12.40441431,True,True,8.70341482315,True,10.28245872096
W10004_0822/PHP02,WIH3_2024,10.5120725632,5.21538181523,0.764705882353,0.633716376865,WITHIN_TRAINING_NN_ENVELOPE,RETAIN_SUPPORTED,4.35170741157,5.14122936049,SUPPORT_GROUP_CHRONOLOGICAL_2016_2021,6.1603651516,14.8637799747,5.37084320269,15.6533019237,FROZEN_B11_90,ONE_SIDED_CLUSTER_DRIFT_GUARD_90,0.9,0.951281331718,NO_2023_FEEDBACK_AVAILABLE_CARRY_FORWARD_2022_DRIFT_STATE,2024,G+E_T1,T1_30DAP,SUPPORTED_FROZEN_B5_GENOME,SUPPORTED_T1_CONTEXT,False,False,9.036770438,True,True,8.703414823100001,True,10.282458721010002
W10004_0858/PHP02,WIH3_2024,10.3154067993,5.21538181523,0.764705882353,0.633716376865,WITHIN_TRAINING_NN_ENVELOPE,RETAIN_SUPPORTED,4.35170741157,5.14122936049,SUPPORT_GROUP_CHRONOLOGICAL_2016_2021,5.96369938774,14.6671142109,5.17417743883,15.4566361598,FROZEN_B11_90,ONE_SIDED_CLUSTER_DRIFT_GUARD_90,0.9,0.951281331718,NO_2023_FEEDBACK_AVAILABLE_CARRY_FORWARD_2022_DRIFT_STATE,2024,G+E_T1,T1_30DAP,SUPPORTED_FROZEN_B5_GENOME,SUPPORTED_T1_CONTEXT,False,False,10.67320509,True,True,8.70341482316,True,10.28245872097
W10004_0859/PHP02,WIH3_2024,10.5651350021,5.21538181523,0.764705882353,0.633716376865,WITHIN_TRAINING_NN_ENVELOPE,RETAIN_SUPPORTED,4.35170741157,5.14122936049,SUPPORT_GROUP_CHRONOLOGICAL_2016_2021,6.21342759056,14.9168424137,5.42390564165,15.7063643626,FROZEN_B11_90,ONE_SIDED_CLUSTER_DRIFT_GUARD_90,0.9,0.951281331718,NO_2023_FEEDBACK_AVAILABLE_CARRY_FORWARD_2022_DRIFT_STATE,2024,G+E_T1,T1_30DAP,SUPPORTED_FROZEN_B5_GENOME,SUPPORTED_T1_CONTEXT,False,False,8.62298383,True,True,8.70341482314,True,10.28245872095
W10004_0866/PHP02,WIH3_2024,10.2450094223,5.21538181523,0.764705882353,0.633716376865,WITHIN_TRAINING_NN_ENVELOPE,RETAIN_SUPPORTED,4.35170741157,5.14122936049,SUPPORT_GROUP_CHRONOLOGICAL_2016_2021,5.89330201073,14.5967168339,5.10378006182,15.3862387828,FROZEN_B11_90,ONE_SIDED_CLUSTER_DRIFT_GUARD_90,0.9,0.951281331718,NO_2023_FEEDBACK_AVAILABLE_CARRY_FORWARD_2022_DRIFT_STATE,2024,G+E_T1,T1_30DAP,SUPPORTED_FROZEN_B5_GENOME,SUPPORTED_T1_CONTEXT,False,False,12.546794,True,True,8.70341482317,True,10.28245872098
W10004_0949/PHP02,WIH3_2024,10.63555336,5.21538181523,0.764705882353,0.633716376865,WITHIN_TRAINING_NN_ENVELOPE,RETAIN_SUPPORTED,4.35170741157,5.14122936049,SUPPORT_GROUP_CHRONOLOGICAL_2016_2021,6.28384594841,14.9872607716,5.4943239995,15.7767827205,FROZEN_B11_90,ONE_SIDED_CLUSTER_DRIFT_GUARD_90,0.9,0.951281331718,NO_2023_FEEDBACK_AVAILABLE_CARRY_FORWARD_2022_DRIFT_STATE,2024,G+E_T1,T1_30DAP,SUPPORTED_FROZEN_B5_GENOME,SUPPORTED_T1_CONTEXT,False,False,9.295792657,True,True,8.703414823190002,True,10.282458721000001
W10004_0969/PHP02,WIH3_2024,10.3117656708,5.21538181523,0.764705882353,0.633716376865,WITHIN_TRAINING_NN_ENVELOPE,RETAIN_SUPPORTED,4.35170741157,5.14122936049,SUPPORT_GROUP_CHRONOLOGICAL_2016_2021,5.9600582592,14.6634730823,5.17053631029,15.4529950313,FROZEN_B11_90,ONE_SIDED_CLUSTER_DRIFT_GUARD_90,0.9,0.951281331718,NO_2023_FEEDBACK_AVAILABLE_CARRY_FORWARD_2022_DRIFT_STATE,2024,G+E_T1,T1_30DAP,SUPPORTED_FROZEN_B5_GENOME,SUPPORTED_T1_CONTEXT,False,False,13.55685362,True,True,8.7034148231,True,10.28245872101
W10004_1014/PHP02,WIH3_2024,10.336894989,5.21538181523,0.764705882353,0.633716376865,WITHIN_TRAINING_NN_ENVELOPE,RETAIN_SUPPORTED,4.35170741157,5.14122936049,SUPPORT_GROUP_CHRONOLOGICAL_2016_2021,5.98518757744,14.6886024006,5.19566562853,15.4781243495,FROZEN_B11_90,ONE_SIDED_CLUSTER_DRIFT_GUARD_90,0.9,0.951281331718,NO_2023_FEEDBACK_AVAILABLE_CARRY_FORWARD_2022_DRIFT_STATE,2024,G+E_T1,T1_30DAP,SUPPORTED_FROZEN_B5_GENOME,SUPPORTED_T1_CONTEXT,False,False,12.36328188,True,True,8.703414823160001,True,10.28245872097
W10004_1018/PHP02,WIH3_2024,10.6851587296,5.21538181523,0.764705882353,0.633716376865,WITHIN_TRAINING_NN_ENVELOPE,RETAIN_SUPPORTED,4.35170741157,5.14122936049,SUPPORT_GROUP_CHRONOLOGICAL_2016_2021,6.33345131798,15.0368661411,5.54392936907,15.82638809,FROZEN_B11_90,ONE_SIDED_CLUSTER_DRIFT_GUARD_90,0.9,0.951281331718,NO_2023_FEEDBACK_AVAILABLE_CARRY_FORWARD_2022_DRIFT_STATE,2024,G+E_T1,T1_30DAP,SUPPORTED_FROZEN_B5_GENOME,SUPPORTED_T1_CONTEXT,False,False,11.41234026,True,True,8.703414823120001,True,10.28245872093
W10004_1032/PHP02,WIH3_2024,10.5032644272,5.21538181523,0.764705882353,0.633716376865,WITHIN_TRAINING_NN_ENVELOPE,RETAIN_SUPPORTED,4.35170741157,5.14122936049,SUPPORT_GROUP_CHRONOLOGICAL_2016_2021,6.15155701561,14.8549718388,5.3620350667,15.6444937877,FROZEN_B11_90,ONE_SIDED_CLUSTER_DRIFT_GUARD_90,0.9,0.951281331718,NO_2023_FEEDBACK_AVAILABLE_CARRY_FORWARD_2022_DRIFT_STATE,2024,G+E_T1,T1_30DAP,SUPPORTED_FROZEN_B5_GENOME,SUPPORTED_T1_CONTEXT,False,False,10.34707606,True,True,8.703414823189998,True,10.282458721000001
W10004_1080/PHP02,WIH3_2024,10.5685014725,5.21538181523,0.764705882353,0.633716376865,WITHIN_TRAINING_NN_ENVELOPE,RETAIN_SUPPORTED,4.35170741157,5.14122936049,SUPPORT_GROUP_CHRONOLOGICAL_2016_2021,6.2167940609,14.920208884,5.42727211199,15.709730833,FROZEN_B11_90,ONE_SIDED_CLUSTER_DRIFT_GUARD_90,0.9,0.951281331718,NO_2023_FEEDBACK_AVAILABLE_CARRY_FORWARD_2022_DRIFT_STATE,2024,G+E_T1,T1_30DAP,SUPPORTED_FROZEN_B5_GENOME,SUPPORTED_T1_CONTEXT,False,False,11.65199572,True,True,8.7034148231,True,10.28245872101
