regime,environment,environment_fold,model,n,selected_config,rmse,mae,r2,correlation,novelty_nearest_z,novelty_mean5_z,max_training_kernel_similarity
CV-E-continuous-B6R,2014-IAH1,4,B6-fixed-G+E,754,baseline,2.52376691885717,2.1680688834346933,-1.569611060873712,0.09837811299343445,,,
CV-E-continuous-B6R,2014-IAH1,4,Selected-G,754,environment_rank_32,2.0242483735914787,1.6713407913322145,-0.6530900210617276,0.020888221276456388,9.54845507410792,9.950904398834734,0.7759132746778606
CV-E-continuous-B6R,2014-IAH1,4,Selected-G+E,754,environment_rank_32,1.8485619362174919,1.505808833030909,-0.37859569728577336,0.13016524741094312,9.54845507410792,9.950904398834734,0.7759132746778606
CV-E-continuous-B6R,2014-IAH1,4,Selected-G+E+GxE,754,environment_rank_32,1.6297598016611674,1.320216283019282,-0.07155905243782046,0.1930777234038149,9.54845507410792,9.950904398834734,0.7759132746778606
CV-E-continuous-B6R,2014-ILH1,2,B6-fixed-G+E,238,baseline,2.304288460198627,1.9634133705646528,-0.596360076157191,0.23618335696185355,,,
CV-E-continuous-B6R,2014-ILH1,2,Selected-G,238,environment_rank_32,2.780535941269125,2.427398889981755,-1.3244178096683532,0.2308336373506072,9.068305445725422,10.085171521478596,0.7977715285939058
CV-E-continuous-B6R,2014-ILH1,2,Selected-G+E,238,environment_rank_32,2.073335551968882,1.7202309579198274,-0.2923982385845487,0.2238469280075705,9.068305445725422,10.085171521478596,0.7977715285939058
CV-E-continuous-B6R,2014-ILH1,2,Selected-G+E+GxE,238,environment_rank_32,2.023093575712734,1.592085162481261,-0.23052122747249726,-0.0629587806681582,9.068305445725422,10.085171521478596,0.7977715285939058
CV-E-continuous-B6R,2014-INH1,3,B6-fixed-G+E,240,baseline,1.2620499926648738,0.9565467375716061,0.0925144291716633,0.3181017607062814,,,
CV-E-continuous-B6R,2014-INH1,3,Selected-G,240,environment_narrower,1.871024146794423,1.5857303353602483,-0.9945521498150867,0.19118552994380364,18.069546944644852,19.929128958313537,0.16464308877404005
CV-E-continuous-B6R,2014-INH1,3,Selected-G+E,240,environment_narrower,1.8361243807816396,1.5633406027807468,-0.9208382967156419,0.2917775097451727,18.069546944644852,19.929128958313537,0.16464308877404005
CV-E-continuous-B6R,2014-INH1,3,Selected-G+E+GxE,240,environment_narrower,1.7182123424358036,1.4645532822700544,-0.6820553392411945,0.3602734341162634,18.069546944644852,19.929128958313537,0.16464308877404005
CV-E-continuous-B6R,2014-MNH1,0,B6-fixed-G+E,236,baseline,2.7209245950375096,2.3056816050196005,-1.6918789180584612,0.20369520428043153,,,
CV-E-continuous-B6R,2014-MNH1,0,Selected-G,236,environment_narrower,2.6587332513863973,2.2471988775512317,-1.5702303214024411,0.198517494280448,10.201753070467038,11.417861958567986,0.5638097933021295
CV-E-continuous-B6R,2014-MNH1,0,Selected-G+E,236,environment_narrower,3.1846277889303622,2.785176981354122,-2.6875665716295285,0.12321943245411315,10.201753070467038,11.417861958567986,0.5638097933021295
CV-E-continuous-B6R,2014-MNH1,0,Selected-G+E+GxE,236,environment_narrower,2.789902711613022,2.297045362115749,-1.830092474502203,-0.2871095726578913,10.201753070467038,11.417861958567986,0.5638097933021295
CV-E-continuous-B6R,2014-MOH2,1,B6-fixed-G+E,247,baseline,1.9324911041900343,1.502677162263502,-0.05713695232562288,0.0033735228703375693,,,
CV-E-continuous-B6R,2014-MOH2,1,Selected-G,247,environment_narrower,2.0753342095405363,1.6992613436928792,-0.21919265342477057,-0.0730231363948261,10.836512564687824,11.307086517670763,0.5233824209505584
CV-E-continuous-B6R,2014-MOH2,1,Selected-G+E,247,environment_narrower,1.9187526344867885,1.491695978960472,-0.04215958046451451,0.02151348165106533,10.836512564687824,11.307086517670763,0.5233824209505584
CV-E-continuous-B6R,2014-MOH2,1,Selected-G+E+GxE,247,environment_narrower,2.198133164031344,1.7577750794994103,-0.36774219261545515,-0.19588771666240934,10.836512564687824,11.307086517670763,0.5233824209505584
CV-E-continuous-B6R,2014-NEH1,0,B6-fixed-G+E,242,baseline,3.25878325250828,2.777897383318594,-2.06469935699121,0.09011459623637234,,,
CV-E-continuous-B6R,2014-NEH1,0,Selected-G,242,environment_narrower,3.643002115117901,3.1825258893046247,-2.8299735309449066,0.09042100116469103,12.169241643775214,12.570901734914107,0.4424702981142611
CV-E-continuous-B6R,2014-NEH1,0,Selected-G+E,242,environment_narrower,3.1981989959933097,2.7199522730552634,-1.951806542387021,0.10957922764635267,12.169241643775214,12.570901734914107,0.4424702981142611
CV-E-continuous-B6R,2014-NEH1,0,Selected-G+E+GxE,242,environment_narrower,3.0657531526596262,2.576218446790108,-1.7123847431416679,0.078442845832823,12.169241643775214,12.570901734914107,0.4424702981142611
CV-E-continuous-B6R,2014-NEH2,4,B6-fixed-G+E,240,baseline,2.798085469705409,2.3468789273144552,-1.3840569880070297,-0.015787227775186537,,,
CV-E-continuous-B6R,2014-NEH2,4,Selected-G,240,environment_rank_32,4.151513711207036,3.712198979848107,-4.248166844506268,-0.07814303573555152,11.298763341844703,12.238755135528402,0.7009942439462552
CV-E-continuous-B6R,2014-NEH2,4,Selected-G+E,240,environment_rank_32,2.472481240643724,2.0124326289503522,-0.8614899265932146,-0.0027257645132072487,11.298763341844703,12.238755135528402,0.7009942439462552
CV-E-continuous-B6R,2014-NEH2,4,Selected-G+E+GxE,240,environment_rank_32,2.3222935967645513,1.8752246444154173,-0.6422108964126927,-0.07287967729286968,11.298763341844703,12.238755135528402,0.7009942439462552
CV-E-continuous-B6R,2014-NYH2,4,B6-fixed-G+E,218,baseline,1.9457286561537712,1.53629249252718,-0.7708481977497468,0.07661135706848644,,,
CV-E-continuous-B6R,2014-NYH2,4,Selected-G,218,environment_rank_32,1.5990976168247444,1.2985108165547208,-0.1960979213731764,-0.010464472533436487,8.73145429516278,9.327432343324288,0.8088397087152701
CV-E-continuous-B6R,2014-NYH2,4,Selected-G+E,218,environment_rank_32,2.2849851943796615,1.8314213504076176,-1.4422131444008919,0.07545203022751769,8.73145429516278,9.327432343324288,0.8088397087152701
CV-E-continuous-B6R,2014-NYH2,4,Selected-G+E+GxE,218,environment_rank_32,2.046823050685291,1.6518145391028802,-0.9596449018814386,0.12355575841099461,8.73145429516278,9.327432343324288,0.8088397087152701
CV-E-continuous-B6R,2014-WIH1,0,B6-fixed-G+E,208,baseline,2.467193239697257,1.997155175714435,-0.4102362928741836,0.23774533486276386,,,
CV-E-continuous-B6R,2014-WIH1,0,Selected-G,208,environment_narrower,2.8798919110571735,2.3776902842747343,-0.9214891232304141,0.19428879370576677,8.538160314908154,9.846895915586034,0.6693913492711459
CV-E-continuous-B6R,2014-WIH1,0,Selected-G+E,208,environment_narrower,2.4305649780240173,1.9621236982584187,-0.36867402811538885,0.1947284974340796,8.538160314908154,9.846895915586034,0.6693913492711459
CV-E-continuous-B6R,2014-WIH1,0,Selected-G+E+GxE,208,environment_narrower,2.2816320609078944,1.846067237637404,-0.20608183370929467,0.06783025765616234,8.538160314908154,9.846895915586034,0.6693913492711459
CV-E-continuous-B6R,2015-ILH1,1,B6-fixed-G+E,416,baseline,2.0619387544505723,1.6629661818549986,-0.2760648267327994,0.20910172988034723,,,
CV-E-continuous-B6R,2015-ILH1,1,Selected-G,416,environment_narrower,2.1869403820177302,1.765165438367394,-0.43547324789062136,0.18163483865713387,9.154515205091743,9.824514258178112,0.6299880883991145
CV-E-continuous-B6R,2015-ILH1,1,Selected-G+E,416,environment_narrower,2.09027072531326,1.690655562973811,-0.31137316327739173,0.1767943361114562,9.154515205091743,9.824514258178112,0.6299880883991145
CV-E-continuous-B6R,2015-ILH1,1,Selected-G+E+GxE,416,environment_narrower,2.1462966236997767,1.752166985870815,-0.38261320405857124,0.169527184175114,9.154515205091743,9.824514258178112,0.6299880883991145
CV-E-continuous-B6R,2015-INH1,3,B6-fixed-G+E,423,baseline,2.5134107464661906,2.107345033412969,-0.9679201467494463,0.19708088256648118,,,
CV-E-continuous-B6R,2015-INH1,3,Selected-G,423,environment_narrower,1.861309780702073,1.4288900343338142,-0.07923955825564977,0.1349526438630513,30.997960959192298,35.333635734608094,0.004947501566950924
CV-E-continuous-B6R,2015-INH1,3,Selected-G+E,423,environment_narrower,1.8809247606814257,1.4467468529513472,-0.1021060431590497,0.18410277484352175,30.997960959192298,35.333635734608094,0.004947501566950924
CV-E-continuous-B6R,2015-INH1,3,Selected-G+E+GxE,423,environment_narrower,1.986662612881843,1.5684780308703403,-0.22950068286377578,0.054886957693384426,30.997960959192298,35.333635734608094,0.004947501566950924
CV-E-continuous-B6R,2015-KSH1,2,B6-fixed-G+E,418,baseline,2.9523847606149816,2.5493277598235893,-1.6382179044009044,0.1358517812341497,,,
CV-E-continuous-B6R,2015-KSH1,2,Selected-G,418,environment_rank_32,4.320134492088729,3.9154837314237345,-4.648840184421195,0.06922136226033103,11.909207210667805,13.801337166319673,0.6772826651589458
CV-E-continuous-B6R,2015-KSH1,2,Selected-G+E,418,environment_rank_32,2.3401862244329714,1.948303397544259,-0.6575460030658304,0.11018192073015275,11.909207210667805,13.801337166319673,0.6772826651589458
CV-E-continuous-B6R,2015-KSH1,2,Selected-G+E+GxE,418,environment_rank_32,2.266189728782566,1.894061827698065,-0.5543803132066816,0.14131629666756396,11.909207210667805,13.801337166319673,0.6772826651589458
CV-E-continuous-B6R,2015-MNH1,1,B6-fixed-G+E,407,baseline,1.444051447231098,1.119630490928623,-0.10052304370819476,0.05026887577115504,,,
CV-E-continuous-B6R,2015-MNH1,1,Selected-G,407,environment_narrower,2.0186023094280343,1.6683905747908836,-1.1504796636751986,0.01718439926454654,8.058194664355854,8.31138248973772,0.6990645109991603
CV-E-continuous-B6R,2015-MNH1,1,Selected-G+E,407,environment_narrower,1.5579978664830392,1.213283897825062,-0.28105426179773185,0.03377939106327841,8.058194664355854,8.31138248973772,0.6990645109991603
CV-E-continuous-B6R,2015-MNH1,1,Selected-G+E+GxE,407,environment_narrower,1.5485741794692458,1.2201924521681395,-0.26560399113442945,0.07567522799989772,8.058194664355854,8.31138248973772,0.6990645109991603
CV-E-continuous-B6R,2015-MOH1,0,B6-fixed-G+E,422,baseline,5.353521283130206,5.047300279283115,-8.615758161146635,0.09118949426378872,,,
CV-E-continuous-B6R,2015-MOH1,0,Selected-G,422,environment_narrower,4.552713055406961,4.19683188053032,-5.954165509142728,0.12931341514315683,4.556186538675395,11.161945601278088,0.8919924735441199
CV-E-continuous-B6R,2015-MOH1,0,Selected-G+E,422,environment_narrower,5.564086594802451,5.268314787986988,-9.38705008593121,0.09774505301214705,4.556186538675395,11.161945601278088,0.8919924735441199
CV-E-continuous-B6R,2015-MOH1,0,Selected-G+E+GxE,422,environment_narrower,4.03463692508102,3.5608477712787785,-4.461518169240607,0.044776143638867824,4.556186538675395,11.161945601278088,0.8919924735441199
CV-E-continuous-B6R,2015-MOH2,3,B6-fixed-G+E,421,baseline,2.0160330876924752,1.6470407099983682,-0.3062575583196476,0.22625503398550645,,,
CV-E-continuous-B6R,2015-MOH2,3,Selected-G,421,environment_narrower,2.318169333685041,1.9181093217439102,-0.7271251884586492,0.15942344371367292,4.796136581443016,11.689878056760701,0.8806524125403103
CV-E-continuous-B6R,2015-MOH2,3,Selected-G+E,421,environment_narrower,2.459546718307872,2.058122419045694,-0.9442121718453003,0.2090784932888891,4.796136581443016,11.689878056760701,0.8806524125403103
CV-E-continuous-B6R,2015-MOH2,3,Selected-G+E+GxE,421,environment_narrower,2.4749159598788366,2.0242001595518713,-0.9685861159331508,0.10364333981457287,4.796136581443016,11.689878056760701,0.8806524125403103
CV-E-continuous-B6R,2015-NEH2,2,B6-fixed-G+E,405,baseline,1.5882288458760605,1.2231691297629868,-0.3312076183712718,-0.017019226279668908,,,
CV-E-continuous-B6R,2015-NEH2,2,Selected-G,405,environment_rank_32,1.9737096874359052,1.5574881275160095,-1.0558251787497563,0.007780290685611382,11.615024580949935,12.501589949019943,0.6902833170113132
CV-E-continuous-B6R,2015-NEH2,2,Selected-G+E,405,environment_rank_32,1.574936231372505,1.2696348698304758,-0.30901789426351334,-0.0031844849067613336,11.615024580949935,12.501589949019943,0.6902833170113132
CV-E-continuous-B6R,2015-NEH2,2,Selected-G+E+GxE,405,environment_rank_32,1.5005312684556034,1.1979877556733736,-0.18825523112027942,0.05076614414316033,11.615024580949935,12.501589949019943,0.6902833170113132
CV-E-continuous-B6R,2015-NEH3,3,B6-fixed-G+E,249,baseline,1.4746088792849559,1.1251038212333708,-0.09868710549413517,0.1179122542575121,,,
CV-E-continuous-B6R,2015-NEH3,3,Selected-G,249,environment_narrower,1.929339343711117,1.61542551592239,-0.880778188290749,0.08088887248454789,11.428282736320261,12.986892982106028,0.48597288430648977
CV-E-continuous-B6R,2015-NEH3,3,Selected-G+E,249,environment_narrower,1.4687518135783288,1.080180305005148,-0.08997658874577996,0.11208454722563667,11.428282736320261,12.986892982106028,0.48597288430648977
CV-E-continuous-B6R,2015-NEH3,3,Selected-G+E+GxE,249,environment_narrower,1.9536116932577232,1.6592278584064746,-0.9283987013597956,0.22892524660700683,11.428282736320261,12.986892982106028,0.48597288430648977
CV-E-continuous-B6R,2015-NYH2,1,B6-fixed-G+E,355,baseline,3.039916569458473,2.4072600992754865,-1.0697311894061516,0.18492586268710956,,,
CV-E-continuous-B6R,2015-NYH2,1,Selected-G,355,environment_narrower,2.200837018016963,1.6623444727553325,-0.08484172260614509,0.15651851538515207,9.537134217498313,10.275380530607114,0.6056304759557978
CV-E-continuous-B6R,2015-NYH2,1,Selected-G+E,355,environment_narrower,3.175531859170953,2.5447429365683893,-1.2585180387190436,0.18996334129776088,9.537134217498313,10.275380530607114,0.6056304759557978
CV-E-continuous-B6R,2015-NYH2,1,Selected-G+E+GxE,355,environment_narrower,2.871385706604219,2.2489959084649587,-0.8466036238252821,0.19484602743898596,9.537134217498313,10.275380530607114,0.6056304759557978
CV-E-continuous-B6R,2015-NYH3,3,B6-fixed-G+E,355,baseline,2.897921411392559,2.357442039201335,-1.0294299182374136,0.29107739511754255,,,
CV-E-continuous-B6R,2015-NYH3,3,Selected-G,355,environment_narrower,2.021601525278593,1.6138098020181613,0.0123752512063654,0.3308216129941839,9.948026103957881,10.698446904021392,0.5788125809282771
CV-E-continuous-B6R,2015-NYH3,3,Selected-G+E,355,environment_narrower,2.469123390474247,1.9627558175822999,-0.4732838848688803,0.28953128480820267,9.948026103957881,10.698446904021392,0.5788125809282771
CV-E-continuous-B6R,2015-NYH3,3,Selected-G+E+GxE,355,environment_narrower,2.1330391821848615,1.674567879170322,-0.09950831358084633,0.24633214262951628,9.948026103957881,10.698446904021392,0.5788125809282771
CV-E-continuous-B6R,2015-OHH1,0,B6-fixed-G+E,426,baseline,1.688607713863858,1.3405875531613247,-0.18711932995607805,0.09664663218872956,,,
CV-E-continuous-B6R,2015-OHH1,0,Selected-G,426,environment_narrower,1.9420230809010903,1.5659247864894936,-0.5701661601258483,0.05210388468580867,9.555737556348946,10.233018044300696,0.604857705509461
CV-E-continuous-B6R,2015-OHH1,0,Selected-G+E,426,environment_narrower,1.747819442852155,1.3956151075555212,-0.2718326541636702,0.12193934082951496,9.555737556348946,10.233018044300696,0.604857705509461
CV-E-continuous-B6R,2015-OHH1,0,Selected-G+E+GxE,426,environment_narrower,1.6558410248349107,1.3164109291655952,-0.14149526864124695,0.10403688658674033,9.555737556348946,10.233018044300696,0.604857705509461
CV-E-continuous-B6R,2015-SDH1,0,B6-fixed-G+E,327,baseline,3.0888903032158086,2.679756375736697,-2.7070535876147184,-0.1317992251221578,,,
CV-E-continuous-B6R,2015-SDH1,0,Selected-G,327,environment_narrower,3.936665515613852,3.5464619702435565,-5.021170500257589,-0.1347469912939989,11.563315745525772,12.419640553695595,0.4789279506178119
CV-E-continuous-B6R,2015-SDH1,0,Selected-G+E,327,environment_narrower,2.992729810188288,2.5801281545596604,-2.479837088894467,-0.1370837037714268,11.563315745525772,12.419640553695595,0.4789279506178119
CV-E-continuous-B6R,2015-SDH1,0,Selected-G+E+GxE,327,environment_narrower,2.8743035097123406,2.504824645753707,-2.209882564485874,0.028695166336075863,11.563315745525772,12.419640553695595,0.4789279506178119
CV-E-continuous-B6R,2015-TXH1,3,B6-fixed-G+E,296,baseline,2.1919571780465725,1.7266522489630893,-0.5707522031942904,0.1761937567988902,,,
CV-E-continuous-B6R,2015-TXH1,3,Selected-G,296,environment_narrower,1.9313355216549426,1.521415903009534,-0.2194359743723584,0.09523672936584558,17.55736708585424,22.79334443676092,0.18210760053200756
CV-E-continuous-B6R,2015-TXH1,3,Selected-G+E,296,environment_narrower,1.793000277426577,1.4281638389599336,-0.051003736395919486,0.1737358174173685,17.55736708585424,22.79334443676092,0.18210760053200756
CV-E-continuous-B6R,2015-TXH1,3,Selected-G+E+GxE,296,environment_narrower,2.2600391222543834,1.7999053831831167,-0.6698423086407563,-0.09637420624354666,17.55736708585424,22.79334443676092,0.18210760053200756
CV-E-continuous-B6R,2015-TXH2,4,B6-fixed-G+E,308,baseline,2.767706736680066,2.3643771618135743,-1.793864144730799,0.14418164842816472,,,
CV-E-continuous-B6R,2015-TXH2,4,Selected-G,308,environment_rank_32,2.4922470427088372,2.0781947500023774,-1.2654126494905302,0.07606911448075877,17.779916278737733,23.468932002985966,0.4149040511180356
CV-E-continuous-B6R,2015-TXH2,4,Selected-G+E,308,environment_rank_32,2.884919199992262,2.4898319327542295,-2.035515470689445,0.14387545124776116,17.779916278737733,23.468932002985966,0.4149040511180356
CV-E-continuous-B6R,2015-TXH2,4,Selected-G+E+GxE,308,environment_rank_32,3.277047846538072,2.8583000231691327,-2.916793786581471,0.1362436192855193,17.779916278737733,23.468932002985966,0.4149040511180356
CV-E-continuous-B6R,2016-DEH1,3,B6-fixed-G+E,230,baseline,2.1400434641886306,1.783556807936621,-0.2756333283049761,0.36088361969828936,,,
CV-E-continuous-B6R,2016-DEH1,3,Selected-G,230,environment_narrower,2.0517405478937114,1.6635486411558285,-0.17253429022428457,0.15262287592918933,14.522688912991857,14.69332609598916,0.3118354839578806
CV-E-continuous-B6R,2016-DEH1,3,Selected-G+E,230,environment_narrower,2.3141728878962358,1.9633166575275411,-0.49166833974391744,0.3088678956464893,14.522688912991857,14.69332609598916,0.3118354839578806
CV-E-continuous-B6R,2016-DEH1,3,Selected-G+E+GxE,230,environment_narrower,2.3130534095541444,1.883080837420997,-0.4902255032947256,-0.009764478150173422,14.522688912991857,14.69332609598916,0.3118354839578806
CV-E-continuous-B6R,2016-GAH2,4,B6-fixed-G+E,87,baseline,3.938917151686021,3.7049767158900506,-7.442646895743383,0.21808043579750672,,,
CV-E-continuous-B6R,2016-GAH2,4,Selected-G,87,environment_rank_32,4.673650389704673,4.481817199895332,-10.886045197751304,0.2781011931877193,9.4550105205714,12.522507632058508,0.7797570021601149
CV-E-continuous-B6R,2016-GAH2,4,Selected-G+E,87,environment_rank_32,4.478691030830238,4.2638277277582315,-9.9150854324062,0.1654613930713492,9.4550105205714,12.522507632058508,0.7797570021601149
CV-E-continuous-B6R,2016-GAH2,4,Selected-G+E+GxE,87,environment_rank_32,5.176006812564293,4.984840095357543,-13.578559435743788,0.20197077512815007,9.4550105205714,12.522507632058508,0.7797570021601149
CV-E-continuous-B6R,2016-IAH2,0,B6-fixed-G+E,388,baseline,2.9289501227027244,2.240381389831215,-0.5021778023961272,0.12879573303461125,,,
CV-E-continuous-B6R,2016-IAH2,0,Selected-G,388,environment_narrower,2.3787520675102485,1.8446963464331598,0.009177761711140153,0.17210849701693906,8.206652187012338,9.264310970233566,0.6901664142130035
CV-E-continuous-B6R,2016-IAH2,0,Selected-G+E,388,environment_narrower,3.1914645042607983,2.4991320915423803,-0.7835177051684883,0.15467256365881493,8.206652187012338,9.264310970233566,0.6901664142130035
CV-E-continuous-B6R,2016-IAH2,0,Selected-G+E+GxE,388,environment_narrower,3.033153283756405,2.288965752590037,-0.6109649991082327,-0.0030138737960648068,8.206652187012338,9.264310970233566,0.6901664142130035
CV-E-continuous-B6R,2016-IAH3,0,B6-fixed-G+E,375,baseline,1.5556163142414658,1.2203518941949238,-0.20440156801541165,0.11606707693530782,,,
CV-E-continuous-B6R,2016-IAH3,0,Selected-G,375,environment_narrower,1.9441791797136316,1.6231006639084136,-0.881217066228803,0.16530051718278574,8.996752604452235,9.77916213646791,0.6404001844761161
CV-E-continuous-B6R,2016-IAH3,0,Selected-G+E,375,environment_narrower,1.4905048076478968,1.177392119837096,-0.10568927358635793,0.13127765423985524,8.996752604452235,9.77916213646791,0.6404001844761161
CV-E-continuous-B6R,2016-IAH3,0,Selected-G+E+GxE,375,environment_narrower,1.6696509476783696,1.375894858410982,-0.38745118025780667,0.08130988132360326,8.996752604452235,9.77916213646791,0.6404001844761161
CV-E-continuous-B6R,2016-IAH4,3,B6-fixed-G+E,396,baseline,1.3286509561791418,1.0338754519029816,-0.07394476509458658,0.307184200320588,,,
CV-E-continuous-B6R,2016-IAH4,3,Selected-G,396,environment_narrower,1.42436850570785,1.154952069964678,-0.23425490377646896,0.21178273578892573,8.560646077408494,10.832917241648309,0.667042669448808
CV-E-continuous-B6R,2016-IAH4,3,Selected-G+E,396,environment_narrower,1.355119527297033,1.0566857608421703,-0.11715991319216057,0.27179748348783345,8.560646077408494,10.832917241648309,0.667042669448808
CV-E-continuous-B6R,2016-IAH4,3,Selected-G+E+GxE,396,environment_narrower,1.3481273658411788,1.051949246121423,-0.10566098671560287,0.2633054973442521,8.560646077408494,10.832917241648309,0.667042669448808
CV-E-continuous-B6R,2016-ILH1,0,B6-fixed-G+E,212,baseline,2.0370208689129177,1.5637093593726124,-0.21665165694263022,0.20739844284031858,,,
CV-E-continuous-B6R,2016-ILH1,0,Selected-G,212,environment_narrower,2.116187740118109,1.6779255566258864,-0.3130573147281457,0.1050607200340184,9.599850477950774,10.368423012314883,0.602050083234465
CV-E-continuous-B6R,2016-ILH1,0,Selected-G+E,212,environment_narrower,1.8509395559957214,1.4080338754233677,-0.004522731220426568,0.19361706978538762,9.599850477950774,10.368423012314883,0.602050083234465
CV-E-continuous-B6R,2016-ILH1,0,Selected-G+E+GxE,212,environment_narrower,2.8857173381288352,2.284096113101727,-1.4416469816827266,0.3028746706077675,9.599850477950774,10.368423012314883,0.602050083234465
CV-E-continuous-B6R,2016-INH1,3,B6-fixed-G+E,235,baseline,2.2286428200165065,1.7401944310843438,-0.41969633998484657,0.4692264351289039,,,
CV-E-continuous-B6R,2016-INH1,3,Selected-G,235,environment_narrower,2.2070051549299654,1.746216440245587,-0.3922627914066228,0.2647711520027274,8.867083994001803,9.765336729332802,0.6476480410460261
CV-E-continuous-B6R,2016-INH1,3,Selected-G+E,235,environment_narrower,2.36611882338494,1.877571916916715,-0.6002492143035256,0.43409531946517593,8.867083994001803,9.765336729332802,0.6476480410460261
CV-E-continuous-B6R,2016-INH1,3,Selected-G+E+GxE,235,environment_narrower,2.64366722818631,2.0647162226090026,-0.9976900033572713,0.3038440801012249,8.867083994001803,9.765336729332802,0.6476480410460261
CV-E-continuous-B6R,2016-MIH1,2,B6-fixed-G+E,234,baseline,2.445255393282036,2.081360421784068,-0.4486530527938024,0.10972934955966117,,,
CV-E-continuous-B6R,2016-MIH1,2,Selected-G,234,environment_rank_32,2.029946188088007,1.556075112439621,0.0016450267161461918,0.14942387189492723,10.958151507655185,12.201778991473123,0.7189848545032781
CV-E-continuous-B6R,2016-MIH1,2,Selected-G+E,234,environment_rank_32,2.506690176017782,2.1339711468580935,-0.5223596096798675,0.06575442636267609,10.958151507655185,12.201778991473123,0.7189848545032781
CV-E-continuous-B6R,2016-MIH1,2,Selected-G+E+GxE,234,environment_rank_32,2.1092367411555126,1.6761139959613238,-0.07787051141722334,0.1343721723453623,10.958151507655185,12.201778991473123,0.7189848545032781
CV-E-continuous-B6R,2016-MNH1,2,B6-fixed-G+E,232,baseline,1.5141112416527795,1.1866685770050107,-0.06651206647414032,0.08115825778101761,,,
CV-E-continuous-B6R,2016-MNH1,2,Selected-G,232,environment_rank_32,1.6734633225841984,1.3584096131518877,-0.302814556150498,0.16527888836156981,8.47726903594442,10.092590221034428,0.8208278095986048
CV-E-continuous-B6R,2016-MNH1,2,Selected-G+E,232,environment_rank_32,2.079444333559313,1.706360305247254,-1.0116147123573653,-0.018155116699750957,8.47726903594442,10.092590221034428,0.8208278095986048
CV-E-continuous-B6R,2016-MNH1,2,Selected-G+E+GxE,232,environment_rank_32,1.530558384397075,1.2550441375453418,-0.08980803881002819,0.1484982278214089,8.47726903594442,10.092590221034428,0.8208278095986048
CV-E-continuous-B6R,2016-NEH1,1,B6-fixed-G+E,231,baseline,2.378394488089058,1.9306547344667955,-0.829397377928466,0.34478105376256035,,,
CV-E-continuous-B6R,2016-NEH1,1,Selected-G,231,environment_narrower,2.7182325449449753,2.2574548516657758,-1.3895355091201602,0.0779931994944607,13.350111677797024,14.100161671125742,0.37432350073859005
CV-E-continuous-B6R,2016-NEH1,1,Selected-G+E,231,environment_narrower,2.296243470989957,1.8519592187770058,-0.7052032109364914,0.36624174975875484,13.350111677797024,14.100161671125742,0.37432350073859005
CV-E-continuous-B6R,2016-NEH1,1,Selected-G+E+GxE,231,environment_narrower,2.1563841324165027,1.7261240800537379,-0.5038084738751121,0.48082323224269596,13.350111677797024,14.100161671125742,0.37432350073859005
CV-E-continuous-B6R,2016-NEH4,0,B6-fixed-G+E,214,baseline,2.3066017003452486,1.9108479090011312,-1.4559545802314227,0.1174716610541629,,,
CV-E-continuous-B6R,2016-NEH4,0,Selected-G,214,environment_narrower,2.0636237803855932,1.6563392278454747,-0.9657856610017048,0.026293826194357443,13.315980605317113,14.146180026830766,0.37670479781679755
CV-E-continuous-B6R,2016-NEH4,0,Selected-G+E,214,environment_narrower,2.100654509203587,1.7026215211617433,-1.0369687974069728,0.1170755017005918,13.315980605317113,14.146180026830766,0.37670479781679755
CV-E-continuous-B6R,2016-NEH4,0,Selected-G+E+GxE,214,environment_narrower,2.0167376858194985,1.656849269300593,-0.8774740490818096,0.2101790112939572,13.315980605317113,14.146180026830766,0.37670479781679755
CV-E-continuous-B6R,2016-NYH1,1,B6-fixed-G+E,224,baseline,1.2073610975835034,0.9519814292445135,-0.11384950907516078,0.23602936172334002,,,
CV-E-continuous-B6R,2016-NYH1,1,Selected-G,224,environment_narrower,1.979367904861358,1.6826216664748674,-1.993678849596856,0.2861485364732114,9.248947042099458,10.440910761765448,0.6239805891983812
CV-E-continuous-B6R,2016-NYH1,1,Selected-G+E,224,environment_narrower,1.1575961886934023,0.9156084706362516,-0.023920734451323256,0.2086853132771853,9.248947042099458,10.440910761765448,0.6239805891983812
CV-E-continuous-B6R,2016-NYH1,1,Selected-G+E+GxE,224,environment_narrower,1.5700000399074656,1.1864616901382097,-0.8834386920358663,0.1068540951137977,9.248947042099458,10.440910761765448,0.6239805891983812
CV-E-continuous-B6R,2016-NYH2,4,B6-fixed-G+E,230,baseline,3.772534694660191,3.250415049165557,-3.358698348550755,-0.10379835162774419,,,
CV-E-continuous-B6R,2016-NYH2,4,Selected-G,230,environment_rank_32,3.144457115603818,2.6327367088589004,-2.028179961245062,0.08853140021864683,3.822259131362403,8.840146001981156,0.9601598427302375
CV-E-continuous-B6R,2016-NYH2,4,Selected-G+E,230,environment_rank_32,3.196918491880632,2.5790857459313075,-2.1300657205472944,-0.14634625233524412,3.822259131362403,8.840146001981156,0.9601598427302375
CV-E-continuous-B6R,2016-NYH2,4,Selected-G+E+GxE,230,environment_rank_32,2.924877673151958,2.215792251078158,-1.6200268596980605,-0.22499130543305607,3.822259131362403,8.840146001981156,0.9601598427302375
CV-E-continuous-B6R,2016-NYH2L,2,B6-fixed-G+E,96,baseline,6.876683940939757,6.824325839847002,-142.4154599762225,-0.09924308026744384,,,
CV-E-continuous-B6R,2016-NYH2L,2,Selected-G,96,environment_rank_32,6.766730610054924,6.711929912537012,-137.86590091566418,-0.025870122274983587,3.7778154661924224,9.836141147238447,0.961547713963438
CV-E-continuous-B6R,2016-NYH2L,2,Selected-G+E,96,environment_rank_32,6.694423719552186,6.6310991298851105,-134.91401322110104,-0.19767168226048681,3.7778154661924224,9.836141147238447,0.961547713963438
CV-E-continuous-B6R,2016-NYH2L,2,Selected-G+E+GxE,96,environment_rank_32,5.487657884017188,5.338259632557306,-90.32967213332654,-0.10387948559738831,3.7778154661924224,9.836141147238447,0.961547713963438
CV-E-continuous-B6R,2016-TXH1,0,B6-fixed-G+E,218,baseline,3.816462288631968,3.6558146746696494,-10.218598856767482,0.28649225968689485,,,
CV-E-continuous-B6R,2016-TXH1,0,Selected-G,218,environment_narrower,2.7114594961844927,2.4479716861838012,-4.6626916169823245,0.1446987688019507,16.379757336368673,22.43975639266089,0.228268446496712
CV-E-continuous-B6R,2016-TXH1,0,Selected-G+E,218,environment_narrower,3.0768134421098576,2.873022740787522,-6.291535541183871,0.27400098165539866,16.379757336368673,22.43975639266089,0.228268446496712
CV-E-continuous-B6R,2016-TXH1,0,Selected-G+E+GxE,218,environment_narrower,2.71188506305051,2.4527121849314417,-4.664469289149514,0.32739462376204853,16.379757336368673,22.43975639266089,0.228268446496712
CV-E-continuous-B6R,2016-TXH2,3,B6-fixed-G+E,234,baseline,2.0842846824054835,1.6517765174269423,-0.24264746885380095,0.35171859808211076,,,
CV-E-continuous-B6R,2016-TXH2,3,Selected-G,234,environment_narrower,1.9556510892704535,1.5325016643429663,-0.09399821712191492,0.21210617042297106,18.897336021026682,24.634283546632407,0.13903271251018334
CV-E-continuous-B6R,2016-TXH2,3,Selected-G+E,234,environment_narrower,2.219732313633389,1.7756898160244474,-0.4094026197587932,0.29668822151487595,18.897336021026682,24.634283546632407,0.13903271251018334
CV-E-continuous-B6R,2016-TXH2,3,Selected-G+E+GxE,234,environment_narrower,2.0312060709829365,1.6130688284755028,-0.18016257319783557,0.48508762089183877,18.897336021026682,24.634283546632407,0.13903271251018334
CV-E-continuous-B6R,2016-WIH1,2,B6-fixed-G+E,308,baseline,1.8722861421670995,1.486519913737876,0.04100529656301399,0.2894397956828871,,,
CV-E-continuous-B6R,2016-WIH1,2,Selected-G,308,environment_rank_32,2.0320185126107737,1.6330088940680323,-0.12960624145666944,0.1986855018410916,10.82508877289556,11.32154488117575,0.7247333807716715
CV-E-continuous-B6R,2016-WIH1,2,Selected-G+E,308,environment_rank_32,1.767055463895626,1.3680441925283933,0.1457752992343212,0.38484278107784853,10.82508877289556,11.32154488117575,0.7247333807716715
CV-E-continuous-B6R,2016-WIH1,2,Selected-G+E+GxE,308,environment_rank_32,1.732125636718921,1.3208919968993171,0.17921286239783996,0.4857168761614421,10.82508877289556,11.32154488117575,0.7247333807716715
CV-E-continuous-B6R,2016-WIH2,0,B6-fixed-G+E,418,baseline,2.4697099732944863,1.997815456212091,-0.04298327990559114,0.3470386438565699,,,
CV-E-continuous-B6R,2016-WIH2,0,Selected-G,418,environment_narrower,2.330910433559779,1.9246257621985448,0.07095530679567741,0.2924094544507418,10.501055571754964,11.141112811252025,0.5448986019360567
CV-E-continuous-B6R,2016-WIH2,0,Selected-G+E,418,environment_narrower,2.344032959890527,1.925828074648174,0.060465216060474836,0.3416273167794235,10.501055571754964,11.141112811252025,0.5448986019360567
CV-E-continuous-B6R,2016-WIH2,0,Selected-G+E+GxE,418,environment_narrower,2.27561306038648,1.8532448273710844,0.11451283504229381,0.37184075818419526,10.501055571754964,11.141112811252025,0.5448986019360567
CV-E-continuous-B6R,2017-COH1,2,B6-fixed-G+E,209,baseline,5.1421900343213975,4.921672097742937,-13.780939506654828,-0.0441047614252018,,,
CV-E-continuous-B6R,2017-COH1,2,Selected-G,209,environment_rank_32,2.874080485320586,2.4783840943085558,-3.617465366157446,0.011045265625957043,16.02408630316611,17.68380190892634,0.4938800539974539
CV-E-continuous-B6R,2017-COH1,2,Selected-G+E,209,environment_rank_32,3.5018741302588188,3.1754566457999163,-5.8549905238886755,-0.043829968474049616,16.02408630316611,17.68380190892634,0.4938800539974539
CV-E-continuous-B6R,2017-COH1,2,Selected-G+E+GxE,209,environment_rank_32,3.645475912174301,3.2920445430815444,-6.428724641170429,0.049644057727435686,16.02408630316611,17.68380190892634,0.4938800539974539
CV-E-continuous-B6R,2017-DEH1,0,B6-fixed-G+E,168,baseline,3.1958363178420757,2.7786141466045557,-1.3209806553477303,0.26782314184287775,,,
CV-E-continuous-B6R,2017-DEH1,0,Selected-G,168,environment_narrower,2.8637903868384593,2.42648993569652,-0.863738252215619,0.1974181176652763,18.87370691975601,20.507778295955596,0.14067260117509187
CV-E-continuous-B6R,2017-DEH1,0,Selected-G+E,168,environment_narrower,3.093444446362685,2.678440581935701,-1.1746386746203843,0.2831871099772318,18.87370691975601,20.507778295955596,0.14067260117509187
CV-E-continuous-B6R,2017-DEH1,0,Selected-G+E+GxE,168,environment_narrower,3.6581972871261725,3.206695042849949,-2.041142088837473,0.3871438714040904,18.87370691975601,20.507778295955596,0.14067260117509187
CV-E-continuous-B6R,2017-GAH1,4,B6-fixed-G+E,130,baseline,2.5070944598042777,2.01759335440738,0.0500487824920387,0.2284770673790176,,,
CV-E-continuous-B6R,2017-GAH1,4,Selected-G,130,environment_rank_32,2.767047520617711,2.190686148486125,-0.15715928560128156,0.08453266752785765,15.187920921393543,15.781319915976237,0.526284992581154
CV-E-continuous-B6R,2017-GAH1,4,Selected-G+E,130,environment_rank_32,2.5345539744036865,2.0247269481712777,0.029125716572000915,0.22069692537850297,15.187920921393543,15.781319915976237,0.526284992581154
CV-E-continuous-B6R,2017-GAH1,4,Selected-G+E+GxE,130,environment_rank_32,2.725699250348395,2.178331855057264,-0.12283457904469808,0.2275310340292053,15.187920921393543,15.781319915976237,0.526284992581154
CV-E-continuous-B6R,2017-GAH2,1,B6-fixed-G+E,84,baseline,1.9688495153167287,1.6388915345443,-0.5126522450982929,0.244143163408443,,,
CV-E-continuous-B6R,2017-GAH2,1,Selected-G,84,environment_narrower,1.7063103371901711,1.3073817602773756,-0.1361354050512107,0.1666123155871508,13.634102283620768,15.867648159541996,0.3588374438146353
CV-E-continuous-B6R,2017-GAH2,1,Selected-G+E,84,environment_narrower,1.7667705401049025,1.4477650510353453,-0.21807589329736987,0.2092435349217026,13.634102283620768,15.867648159541996,0.3588374438146353
CV-E-continuous-B6R,2017-GAH2,1,Selected-G+E+GxE,84,environment_narrower,1.5714199192350535,1.2397876743663243,0.03639608003408312,0.2653996265550686,13.634102283620768,15.867648159541996,0.3588374438146353
CV-E-continuous-B6R,2017-IAH4,2,B6-fixed-G+E,326,baseline,3.2554898775086296,2.8981200762166277,-2.7231807617537194,0.2963690291131164,,,
CV-E-continuous-B6R,2017-IAH4,2,Selected-G,326,environment_rank_32,2.7802286374399046,2.3808195514793975,-1.7154539869563128,0.22331451964016036,8.8558514810536,10.299747027190103,0.806161943031676
CV-E-continuous-B6R,2017-IAH4,2,Selected-G+E,326,environment_rank_32,2.9876911900824226,2.604295989580712,-2.1358323509099586,0.2502817145469841,8.8558514810536,10.299747027190103,0.806161943031676
CV-E-continuous-B6R,2017-IAH4,2,Selected-G+E+GxE,326,environment_rank_32,3.1988187081724324,2.814328967858275,-2.594683662854144,0.20009257265144625,8.8558514810536,10.299747027190103,0.806161943031676
CV-E-continuous-B6R,2017-ILH1,0,B6-fixed-G+E,173,baseline,1.5490705504313314,1.2219350574342938,-0.4982362052677407,0.013762526013719155,,,
CV-E-continuous-B6R,2017-ILH1,0,Selected-G,173,environment_narrower,2.4495555978370325,2.0771121626469076,-2.7463857665157345,0.06555478726253532,11.733960877314374,12.717715111060874,0.4685584281577272
CV-E-continuous-B6R,2017-ILH1,0,Selected-G+E,173,environment_narrower,1.5371410166762889,1.2102152595274822,-0.47524895323129024,0.02523240805942359,11.733960877314374,12.717715111060874,0.4685584281577272
CV-E-continuous-B6R,2017-ILH1,0,Selected-G+E+GxE,173,environment_narrower,3.044662764975332,2.494333795141919,-4.7878369031491115,0.08219026512200435,11.733960877314374,12.717715111060874,0.4685584281577272
CV-E-continuous-B6R,2017-INH1,1,B6-fixed-G+E,163,baseline,3.221569136886491,2.9159502035943716,-2.8430004824249044,0.27767581814924863,,,
CV-E-continuous-B6R,2017-INH1,1,Selected-G,163,environment_narrower,3.456257950701021,3.125240330564908,-3.4233145336575754,0.18408409927759506,9.912323238880717,10.229889735138174,0.5817479330248875
CV-E-continuous-B6R,2017-INH1,1,Selected-G+E,163,environment_narrower,2.8146037133249635,2.478210471519049,-1.9333915698831587,0.26589507511643146,9.912323238880717,10.229889735138174,0.5817479330248875
CV-E-continuous-B6R,2017-INH1,1,Selected-G+E+GxE,163,environment_narrower,2.955304612022345,2.5750164596655725,-2.234000107814951,0.2026640002255671,9.912323238880717,10.229889735138174,0.5817479330248875
CV-E-continuous-B6R,2017-MIH1,2,B6-fixed-G+E,184,baseline,1.7288878043967122,1.384929727546316,0.0658911335021376,0.2977541346896189,,,
CV-E-continuous-B6R,2017-MIH1,2,Selected-G,184,environment_rank_32,2.088466918053341,1.7520388453450297,-0.3630728685312441,0.2512638930642021,12.19448583085774,12.800282050733879,0.6646074801692075
CV-E-continuous-B6R,2017-MIH1,2,Selected-G+E,184,environment_rank_32,1.7012993615820122,1.3952915928539331,0.09546505247269288,0.32857910702611576,12.19448583085774,12.800282050733879,0.6646074801692075
CV-E-continuous-B6R,2017-MIH1,2,Selected-G+E+GxE,184,environment_rank_32,1.7719167737889174,1.4499412733984465,0.01881587805997187,0.3823930678896819,12.19448583085774,12.800282050733879,0.6646074801692075
CV-E-continuous-B6R,2017-MNH1,4,B6-fixed-G+E,212,baseline,1.9149004529121239,1.5537477154561168,-0.5324085812276453,0.07343696091477611,,,
CV-E-continuous-B6R,2017-MNH1,4,Selected-G,212,environment_rank_32,1.5721779290563713,1.1999275719398066,-0.032964893746322055,0.27398117124636256,8.569645120088158,10.096472613451285,0.8151654462573403
CV-E-continuous-B6R,2017-MNH1,4,Selected-G+E,212,environment_rank_32,1.8331204610352185,1.4679102366850654,-0.4043138578335561,0.02556170468136366,8.569645120088158,10.096472613451285,0.8151654462573403
CV-E-continuous-B6R,2017-MNH1,4,Selected-G+E+GxE,212,environment_rank_32,1.7848562169083717,1.4127061963040333,-0.33133896874600444,0.04224436283260368,8.569645120088158,10.096472613451285,0.8151654462573403
CV-E-continuous-B6R,2017-NYH1,0,B6-fixed-G+E,204,baseline,2.151814460911203,1.7055470284605536,-0.8068691339028882,0.10484234419131715,,,
CV-E-continuous-B6R,2017-NYH1,0,Selected-G,204,environment_narrower,1.8510062938428327,1.454985979078774,-0.3370044304273323,0.12424950500494429,9.787429446801049,10.851668825769696,0.5901149585539707
CV-E-continuous-B6R,2017-NYH1,0,Selected-G+E,204,environment_narrower,2.679740657312452,2.212857574036522,-1.802222310025427,0.09800507809244964,9.787429446801049,10.851668825769696,0.5901149585539707
CV-E-continuous-B6R,2017-NYH1,0,Selected-G+E+GxE,204,environment_narrower,3.2962970161838583,2.835026209404481,-3.2400378174490205,0.04547430625033985,9.787429446801049,10.851668825769696,0.5901149585539707
CV-E-continuous-B6R,2017-NYH2,0,B6-fixed-G+E,197,baseline,2.4260498326142805,2.0933304887286033,-1.6037177695585636,0.11004777170871498,,,
CV-E-continuous-B6R,2017-NYH2,0,Selected-G,197,environment_narrower,2.398182437523825,2.0623683279873455,-1.5442448776757738,0.1442292470388229,8.232599592295333,9.710265230410721,0.6885473876723468
CV-E-continuous-B6R,2017-NYH2,0,Selected-G+E,197,environment_narrower,1.8033353064324322,1.485879165877196,-0.43862447152859985,0.11382441054252403,8.232599592295333,9.710265230410721,0.6885473876723468
CV-E-continuous-B6R,2017-NYH2,0,Selected-G+E+GxE,197,environment_narrower,1.6913167532204354,1.3260773248253217,-0.26544820446642126,0.11934084660203606,8.232599592295333,9.710265230410721,0.6885473876723468
CV-E-continuous-B6R,2017-NYH3,4,B6-fixed-G+E,132,baseline,1.7416966489565746,1.3037992958401765,-0.09298439796295899,0.049354573699213145,,,
CV-E-continuous-B6R,2017-NYH3,4,Selected-G,132,environment_rank_32,2.302003883270351,1.9129843842803957,-0.9093301648375249,0.03557001743095955,9.872835275345098,11.268299529999544,0.7624291293430691
CV-E-continuous-B6R,2017-NYH3,4,Selected-G+E,132,environment_rank_32,2.313871768779298,1.8200149082635129,-0.9290678573428854,0.08323770319323341,9.872835275345098,11.268299529999544,0.7624291293430691
CV-E-continuous-B6R,2017-NYH3,4,Selected-G+E+GxE,132,environment_rank_32,1.98506473774098,1.5537816581590593,-0.41977092936203353,0.13153911037041355,9.872835275345098,11.268299529999544,0.7624291293430691
CV-E-continuous-B6R,2017-TXH1-Dry,2,B6-fixed-G+E,133,baseline,3.2888554432310633,2.9927097419724085,-3.8786317768810292,0.22995650670747508,,,
CV-E-continuous-B6R,2017-TXH1-Dry,2,Selected-G,133,environment_rank_32,2.2460214157099516,1.9408062003843383,-1.2752873685802766,0.12348296717163991,13.801006645271633,14.850103577998093,0.5925631223118122
CV-E-continuous-B6R,2017-TXH1-Dry,2,Selected-G+E,133,environment_rank_32,4.252528030530325,4.003958493723474,-7.156481206432169,0.25267059909101997,13.801006645271633,14.850103577998093,0.5925631223118122
CV-E-continuous-B6R,2017-TXH1-Dry,2,Selected-G+E+GxE,133,environment_rank_32,3.3548302721920655,3.0632733809249992,-4.076326839285511,0.36033035435254934,13.801006645271633,14.850103577998093,0.5925631223118122
CV-E-continuous-B6R,2017-TXH1-Early,2,B6-fixed-G+E,178,baseline,3.6895055618690384,3.4382718387885274,-5.90847953751389,0.26200113494711114,,,
CV-E-continuous-B6R,2017-TXH1-Early,2,Selected-G,178,environment_rank_32,2.574142132166916,2.278931591442014,-2.3628785471931395,0.19235560711067257,13.800994387842596,14.85009084036198,0.5925636731223234
CV-E-continuous-B6R,2017-TXH1-Early,2,Selected-G+E,178,environment_rank_32,4.652602297191769,4.442775630328403,-9.985959619861541,0.21986928465024563,13.800994387842596,14.85009084036198,0.5925636731223234
CV-E-continuous-B6R,2017-TXH1-Early,2,Selected-G+E+GxE,178,environment_rank_32,3.5927865021509593,3.2965436655955793,-5.551020488713657,0.16433000968397588,13.800994387842596,14.85009084036198,0.5925636731223234
CV-E-continuous-B6R,2017-TXH1-Late,4,B6-fixed-G+E,133,baseline,1.9013747801749024,1.6628068700889647,-2.6622015482135257,-0.003949601088285926,,,
CV-E-continuous-B6R,2017-TXH1-Late,4,Selected-G,133,environment_rank_32,3.282132349146,3.0693309393096695,-9.912366982601554,0.04955786909896087,13.407842441470365,13.574505497687628,0.6063721937387341
CV-E-continuous-B6R,2017-TXH1-Late,4,Selected-G+E,133,environment_rank_32,1.4688719650225026,1.287367675473688,-1.1856200572779243,0.010993588118625601,13.407842441470365,13.574505497687628,0.6063721937387341
CV-E-continuous-B6R,2017-TXH1-Late,4,Selected-G+E+GxE,133,environment_rank_32,2.3483481098488617,2.088919527642822,-4.586396211681322,0.00281936091906576,13.407842441470365,13.574505497687628,0.6063721937387341
CV-E-continuous-B6R,2017-TXH2,3,B6-fixed-G+E,131,baseline,2.105827828755323,1.6514730447690895,-0.25680440154177075,0.2164488419576666,,,
CV-E-continuous-B6R,2017-TXH2,3,Selected-G,131,environment_narrower,1.9089810254204822,1.5617094318588562,-0.03282132197444931,0.16874105338492276,19.651841009165,20.375786477429095,0.11839307241959855
CV-E-continuous-B6R,2017-TXH2,3,Selected-G+E,131,environment_narrower,1.9992286025488915,1.5640437026628453,-0.13278342245448105,0.16494326238266238,19.651841009165,20.375786477429095,0.11839307241959855
CV-E-continuous-B6R,2017-TXH2,3,Selected-G+E+GxE,131,environment_narrower,1.81131513392738,1.4584015184634564,0.07015619226904779,0.37352081417541,19.651841009165,20.375786477429095,0.11839307241959855
CV-E-continuous-B6R,2017-WIH1,1,B6-fixed-G+E,274,baseline,3.8828036183597563,3.476344871086836,-2.296323281846219,0.2781163075057116,,,
CV-E-continuous-B6R,2017-WIH1,1,Selected-G,274,environment_narrower,3.7786256713911777,3.3501303104242264,-2.121811586041837,0.1844571079121587,12.346335887455295,12.82223449280634,0.43152742638827435
CV-E-continuous-B6R,2017-WIH1,1,Selected-G+E,274,environment_narrower,3.6626238386619923,3.2624272066817612,-1.9330777946848436,0.3036403273639045,12.346335887455295,12.82223449280634,0.43152742638827435
CV-E-continuous-B6R,2017-WIH1,1,Selected-G+E+GxE,274,environment_narrower,3.3688841705208152,2.9857037209392434,-1.4814818615631324,0.31800704074965674,12.346335887455295,12.82223449280634,0.43152742638827435
CV-E-continuous-B6R,2017-WIH2,4,B6-fixed-G+E,278,baseline,2.2708880258514803,1.9102486599711455,-0.8328934211588408,0.3267428052912583,,,
CV-E-continuous-B6R,2017-WIH2,4,Selected-G,278,environment_rank_32,2.9939937295505183,2.6062585032795447,-2.1860130081075453,0.2545100167570405,8.251973509341253,9.853404611616298,0.8273779342450571
CV-E-continuous-B6R,2017-WIH2,4,Selected-G+E,278,environment_rank_32,1.5914069231377532,1.232891655398745,0.09986373750479238,0.3320553775737947,8.251973509341253,9.853404611616298,0.8273779342450571
CV-E-continuous-B6R,2017-WIH2,4,Selected-G+E+GxE,278,environment_rank_32,1.755581478565233,1.3645912702537781,-0.09543787456202057,0.23060999554857353,8.251973509341253,9.853404611616298,0.8273779342450571
CV-E-continuous-B6R,2018-ARH2,1,B6-fixed-G+E,429,baseline,4.281853299414589,4.209234611657283,-42.35625311576033,-0.15254789032246285,,,
CV-E-continuous-B6R,2018-ARH2,1,Selected-G,429,environment_narrower,4.485384294114617,4.4113516490413875,-46.57595244306049,-0.1729673400690632,12.643694215144613,16.659915731568297,0.41420489125149185
CV-E-continuous-B6R,2018-ARH2,1,Selected-G+E,429,environment_narrower,3.7890424125424933,3.7095329205388516,-32.950573001054856,-0.15177579687501766,12.643694215144613,16.659915731568297,0.41420489125149185
CV-E-continuous-B6R,2018-ARH2,1,Selected-G+E+GxE,429,environment_narrower,4.077103899243431,4.009251580613366,-38.308976246523734,-0.14512723982970183,12.643694215144613,16.659915731568297,0.41420489125149185
CV-E-continuous-B6R,2018-DEH1,2,B6-fixed-G+E,595,baseline,3.108752677093604,2.4460214750961113,-1.3893596503836738,-0.1080964748140278,,,
CV-E-continuous-B6R,2018-DEH1,2,Selected-G,595,environment_rank_32,3.5518355760810407,2.9294212030306834,-2.1189964949450784,-0.12149619706533243,17.170314931042327,18.39165508775783,0.44485894156044753
CV-E-continuous-B6R,2018-DEH1,2,Selected-G+E,595,environment_rank_32,2.558639540778529,1.9121948597958323,-0.6185547516784218,0.013314740011287884,17.170314931042327,18.39165508775783,0.44485894156044753
CV-E-continuous-B6R,2018-DEH1,2,Selected-G+E+GxE,595,environment_rank_32,3.1382260854278794,2.4517943157971747,-1.4348804174139413,-0.12162649941511902,17.170314931042327,18.39165508775783,0.44485894156044753
CV-E-continuous-B6R,2018-IAH2,4,B6-fixed-G+E,434,baseline,1.8673861091296242,1.5434015881212648,-0.1768544502911773,0.24671519100239211,,,
CV-E-continuous-B6R,2018-IAH2,4,Selected-G,434,environment_rank_32,2.7792753388862845,2.410081910662687,-1.606859673502938,0.2378605593546012,12.432424536743927,12.700981135595159,0.6504303049334016
CV-E-continuous-B6R,2018-IAH2,4,Selected-G+E,434,environment_rank_32,1.738020883597212,1.416199475682778,-0.01944661267501302,0.25057172385096294,12.432424536743927,12.700981135595159,0.6504303049334016
CV-E-continuous-B6R,2018-IAH2,4,Selected-G+E+GxE,434,environment_rank_32,1.7707394181861458,1.4194365275689895,-0.05819039811608184,0.07251318487993864,12.432424536743927,12.700981135595159,0.6504303049334016
CV-E-continuous-B6R,2018-IAH4,4,B6-fixed-G+E,804,baseline,1.6306832309588857,1.323938892321438,-0.602361074918025,0.10449728963773455,,,
CV-E-continuous-B6R,2018-IAH4,4,Selected-G,804,environment_rank_32,1.9239867207031025,1.609678522733654,-1.230618585810865,0.10415262805219243,11.462877878897023,12.530515814661706,0.6937450641405275
CV-E-continuous-B6R,2018-IAH4,4,Selected-G+E,804,environment_rank_32,1.6160532521647912,1.3116085598950533,-0.5737382882427546,0.08895385932078453,11.462877878897023,12.530515814661706,0.6937450641405275
CV-E-continuous-B6R,2018-IAH4,4,Selected-G+E+GxE,804,environment_rank_32,1.37897197014219,1.0789751645493584,-0.14586130300066635,0.045417086691571476,11.462877878897023,12.530515814661706,0.6937450641405275
CV-E-continuous-B6R,2018-ILH1,0,B6-fixed-G+E,394,baseline,2.143774572874413,1.7828169331686832,-0.8626468192802377,0.09081165841127685,,,
CV-E-continuous-B6R,2018-ILH1,0,Selected-G,394,environment_narrower,2.72183102751237,2.3888772117735475,-2.0025801224536077,0.12723006498311706,11.973774350422993,12.329266846894622,0.45411794755249485
CV-E-continuous-B6R,2018-ILH1,0,Selected-G+E,394,environment_narrower,1.9734834453595675,1.616599482287205,-0.5784806392881077,0.12092976052883066,11.973774350422993,12.329266846894622,0.45411794755249485
CV-E-continuous-B6R,2018-ILH1,0,Selected-G+E+GxE,394,environment_narrower,1.9289741866194263,1.572660015949302,-0.5080825547685837,0.21909081534343727,11.973774350422993,12.329266846894622,0.45411794755249485
CV-E-continuous-B6R,2018-INH1,0,B6-fixed-G+E,407,baseline,2.24362088110124,1.9084612722075591,-1.8171453126605899,0.037586404378746434,,,
CV-E-continuous-B6R,2018-INH1,0,Selected-G,407,environment_narrower,2.3895566456857353,2.063852288643652,-2.1955451852601056,0.026444585411970437,11.965106774956507,12.622790736164443,0.4546370490796916
CV-E-continuous-B6R,2018-INH1,0,Selected-G+E,407,environment_narrower,1.8640773237516197,1.5269585792736007,-0.944635229512558,0.04729721151401747,11.965106774956507,12.622790736164443,0.4546370490796916
CV-E-continuous-B6R,2018-INH1,0,Selected-G+E+GxE,407,environment_narrower,2.5128427992841296,2.1957681543079723,-2.5337916765636015,0.061028031871953166,11.965106774956507,12.622790736164443,0.4546370490796916
CV-E-continuous-B6R,2018-MIH1,4,B6-fixed-G+E,375,baseline,1.8319417309138015,1.4921286452275933,-0.9936636064576991,-0.14310203903490218,,,
CV-E-continuous-B6R,2018-MIH1,4,Selected-G,375,environment_rank_32,1.4536517137119835,1.1180251514068087,-0.255305115571796,-0.16887067295903146,10.22603288821589,10.986713681410945,0.7475154309370199
CV-E-continuous-B6R,2018-MIH1,4,Selected-G+E,375,environment_rank_32,1.6174118962724418,1.2790161294188693,-0.5540673474683808,-0.09174920463778809,10.22603288821589,10.986713681410945,0.7475154309370199
CV-E-continuous-B6R,2018-MIH1,4,Selected-G+E+GxE,375,environment_rank_32,1.4396152911777111,1.1163948949080946,-0.23117977144329016,0.015739823748774834,10.22603288821589,10.986713681410945,0.7475154309370199
CV-E-continuous-B6R,2018-MNH1,2,B6-fixed-G+E,916,baseline,2.445882088537279,1.9302390536672513,-1.0836481944884366,-0.1423078866330369,,,
CV-E-continuous-B6R,2018-MNH1,2,Selected-G,916,environment_rank_32,2.6157511420334467,2.087417241419961,-1.3831216269201363,-0.14802897559203465,10.844183278973047,11.614152763589527,0.7239099793154606
CV-E-continuous-B6R,2018-MNH1,2,Selected-G+E,916,environment_rank_32,1.8972402177356444,1.4978513318652362,-0.25371264220251866,-0.10947322619867812,10.844183278973047,11.614152763589527,0.7239099793154606
CV-E-continuous-B6R,2018-MNH1,2,Selected-G+E+GxE,916,environment_rank_32,1.8275182137560277,1.5237224626770793,-0.1632599840872231,0.37647586484067463,10.844183278973047,11.614152763589527,0.7239099793154606
CV-E-continuous-B6R,2018-MOH1,2,B6-fixed-G+E,790,baseline,1.7053167628610906,1.3845958457375362,-0.7718649271752505,0.12882245775363166,,,
CV-E-continuous-B6R,2018-MOH1,2,Selected-G,790,environment_rank_32,2.5028537276020604,2.189260498117119,-2.8167299065611373,0.13054955605038981,9.508460375138316,12.11542462221835,0.7800495336648486
CV-E-continuous-B6R,2018-MOH1,2,Selected-G+E,790,environment_rank_32,2.1038474886950995,1.780393360211444,-1.6968016008642088,0.11888026352541385,9.508460375138316,12.11542462221835,0.7800495336648486
CV-E-continuous-B6R,2018-MOH1,2,Selected-G+E+GxE,790,environment_rank_32,2.3713998389593893,2.006772695583359,-2.4263368853553557,0.12763939225054766,9.508460375138316,12.11542462221835,0.7800495336648486
CV-E-continuous-B6R,2018-NCH1,1,B6-fixed-G+E,639,baseline,3.0563801460791113,2.513168790994338,-1.0168434550779453,-0.28975060114137086,,,
CV-E-continuous-B6R,2018-NCH1,1,Selected-G,639,environment_narrower,2.677601000975586,2.1788062046338967,-0.5479223599928988,-0.34145872086715173,21.209310095842874,23.110517861686482,0.08373185354544412
CV-E-continuous-B6R,2018-NCH1,1,Selected-G+E,639,environment_narrower,3.1986698904744433,2.6444491970706028,-1.2090029451947943,-0.2525888944761706,21.209310095842874,23.110517861686482,0.08373185354544412
CV-E-continuous-B6R,2018-NCH1,1,Selected-G+E+GxE,639,environment_narrower,3.0330935899387343,2.4936689529475493,-0.9862278760709691,-0.3982143663853748,21.209310095842874,23.110517861686482,0.08373185354544412
CV-E-continuous-B6R,2018-NYH1,3,B6-fixed-G+E,373,baseline,2.8321524366794493,2.3492957605604894,-1.4705416012907073,0.2326606637125831,,,
CV-E-continuous-B6R,2018-NYH1,3,Selected-G,373,environment_narrower,2.564870988547484,2.0670585708923013,-1.026235742373827,0.22877808209967926,9.13303743570455,12.648502414915978,0.6307426437858397
CV-E-continuous-B6R,2018-NYH1,3,Selected-G+E,373,environment_narrower,2.2609775935158445,1.7589596421214793,-0.5745318076623323,0.22144849944964728,9.13303743570455,12.648502414915978,0.6307426437858397
CV-E-continuous-B6R,2018-NYH1,3,Selected-G+E+GxE,373,environment_narrower,1.9835773942783457,1.6087762440254654,-0.21187331318372093,0.020241069562544046,9.13303743570455,12.648502414915978,0.6307426437858397
CV-E-continuous-B6R,2018-NYH2,0,B6-fixed-G+E,395,baseline,2.125441942598884,1.710887804685419,-0.24958944453596676,0.06850944963261153,,,
CV-E-continuous-B6R,2018-NYH2,0,Selected-G,395,environment_narrower,2.042077418926731,1.6414509496008456,-0.15348847831885415,0.07451216193554556,8.089928710814696,9.769254921388296,0.6974328066567675
CV-E-continuous-B6R,2018-NYH2,0,Selected-G+E,395,environment_narrower,2.3406261989918433,1.9044618048697297,-0.5154198745242138,0.07571704939562791,8.089928710814696,9.769254921388296,0.6974328066567675
CV-E-continuous-B6R,2018-NYH2,0,Selected-G+E+GxE,395,environment_narrower,2.308462918536984,1.8773634696561945,-0.47405829990576853,0.2077820593040403,8.089928710814696,9.769254921388296,0.6974328066567675
CV-E-continuous-B6R,2018-NYH3,1,B6-fixed-G+E,416,baseline,2.1843800746192774,1.7758535036283996,-0.8449088884508362,0.19451660787903916,,,
CV-E-continuous-B6R,2018-NYH3,1,Selected-G,416,environment_narrower,1.5900607580506392,1.2359642443776824,0.022434312233669096,0.1756053298345647,9.132175202885996,10.304030199849912,0.6314086570601002
CV-E-continuous-B6R,2018-NYH3,1,Selected-G+E,416,environment_narrower,2.247376175078043,1.8389552017541804,-0.9528552586187515,0.19632206887688822,9.132175202885996,10.304030199849912,0.6314086570601002
CV-E-continuous-B6R,2018-NYH3,1,Selected-G+E+GxE,416,environment_narrower,2.3940236933529655,1.994260254894967,-1.2160287935387135,0.1950497205212654,9.132175202885996,10.304030199849912,0.6314086570601002
CV-E-continuous-B6R,2018-OHH1,4,B6-fixed-G+E,380,baseline,1.634867502474895,1.3142535726362048,-0.3479777304694056,-0.041555039148639505,,,
CV-E-continuous-B6R,2018-OHH1,4,Selected-G,380,environment_rank_32,1.7399879654256198,1.4129288753203864,-0.5268982038114498,-0.03298803456974029,13.55044421442932,13.826533813783186,0.5999198920539555
CV-E-continuous-B6R,2018-OHH1,4,Selected-G+E,380,environment_rank_32,1.799805359490625,1.4930296508019056,-0.6336863359706049,-0.02058366770971057,13.55044421442932,13.826533813783186,0.5999198920539555
CV-E-continuous-B6R,2018-OHH1,4,Selected-G+E+GxE,380,environment_rank_32,1.8156750411439877,1.5126071911519905,-0.662623223856762,0.01744276019535013,13.55044421442932,13.826533813783186,0.5999198920539555
CV-E-continuous-B6R,2018-SCH1,1,B6-fixed-G+E,378,baseline,3.2957910017915872,3.0157210354694235,-5.016494525474468,0.03407168813589793,,,
CV-E-continuous-B6R,2018-SCH1,1,Selected-G,378,environment_narrower,3.300590882905211,3.012769835715033,-5.0340317341407115,0.01729095024595571,11.297724682915648,15.087917884826851,0.4947378637157071
CV-E-continuous-B6R,2018-SCH1,1,Selected-G+E,378,environment_narrower,2.9355567668266014,2.6396821629874467,-3.7731509004852484,0.01779716998127111,11.297724682915648,15.087917884826851,0.4947378637157071
CV-E-continuous-B6R,2018-SCH1,1,Selected-G+E+GxE,378,environment_narrower,3.349041927085879,3.0697576180989796,-5.212485206934682,0.0638913199306439,11.297724682915648,15.087917884826851,0.4947378637157071
CV-E-continuous-B6R,2018-TXH1-Dry,0,B6-fixed-G+E,369,baseline,1.3229610694950173,1.042387480602691,-0.047731803469483136,0.15237265317399803,,,
CV-E-continuous-B6R,2018-TXH1-Dry,0,Selected-G,369,environment_narrower,2.2261477625381456,1.8870563299463068,-1.9666340237501925,0.13435577783713532,0.0006924699659636695,11.002745616836162,0.9999999973598054
CV-E-continuous-B6R,2018-TXH1-Dry,0,Selected-G+E,369,environment_narrower,1.3220065463267743,1.0563216278117302,-0.04622046119250989,0.1561574563605095,0.0006924699659636695,11.002745616836162,0.9999999973598054
CV-E-continuous-B6R,2018-TXH1-Dry,0,Selected-G+E+GxE,369,environment_narrower,1.5214111827401882,1.1784267127320769,-0.3856361532159227,0.13396581009287412,0.0006924699659636695,11.002745616836162,0.9999999973598054
CV-E-continuous-B6R,2018-TXH1-Early,3,B6-fixed-G+E,404,baseline,2.557838001948365,2.2744251484856686,-3.4252229433519368,0.021450606304677867,,,
CV-E-continuous-B6R,2018-TXH1-Early,3,Selected-G,404,environment_narrower,1.332240739258368,1.0361419977165045,-0.20047882666984718,0.018775000940460813,0.0007309915968116344,11.668360240810296,0.9999999970476978
CV-E-continuous-B6R,2018-TXH1-Early,3,Selected-G+E,404,environment_narrower,2.067222107321134,1.7603977214741824,-1.890436056248896,0.03833083474326546,0.0007309915968116344,11.668360240810296,0.9999999970476978
CV-E-continuous-B6R,2018-TXH1-Early,3,Selected-G+E+GxE,404,environment_narrower,2.0856913047344903,1.751896169431257,-1.9423148636829137,0.028546415764088822,0.0007309915968116344,11.668360240810296,0.9999999970476978
CV-E-continuous-B6R,2018-TXH1-Late,4,B6-fixed-G+E,434,baseline,1.8538843417166402,1.5666491390821746,-1.591281967709231,0.1066320298491164,,,
CV-E-continuous-B6R,2018-TXH1-Late,4,Selected-G,434,environment_rank_32,3.205815619542517,2.9870769070793606,-6.748657792112193,0.09191738464674273,11.990877820657872,13.010484384373234,0.6702452887674433
CV-E-continuous-B6R,2018-TXH1-Late,4,Selected-G+E,434,environment_rank_32,1.682721563748477,1.3925256271051505,-1.134882221272886,0.12383981573596817,11.990877820657872,13.010484384373234,0.6702452887674433
CV-E-continuous-B6R,2018-TXH1-Late,4,Selected-G+E+GxE,434,environment_rank_32,1.2579557052027168,1.0017962185762186,-0.1931089360422411,0.029813437405375093,11.990877820657872,13.010484384373234,0.6702452887674433
CV-E-continuous-B6R,2018-TXH2,2,B6-fixed-G+E,443,baseline,4.930554302127054,4.675387157328123,-9.128657975517541,0.04569831195063951,,,
CV-E-continuous-B6R,2018-TXH2,2,Selected-G,443,environment_rank_32,1.9770869786179546,1.5795971417349215,-0.6285907555916805,0.023406462885124525,32.46366740873492,32.81451600493631,0.05527173863948401
CV-E-continuous-B6R,2018-TXH2,2,Selected-G+E,443,environment_rank_32,2.4183721983512343,2.0113811282228675,-1.4367259972085056,0.055522180096551306,32.46366740873492,32.81451600493631,0.05527173863948401
CV-E-continuous-B6R,2018-TXH2,2,Selected-G+E+GxE,443,environment_rank_32,4.049112566140144,3.5953805211507808,-5.830934397554673,-0.016128571319899105,32.46366740873492,32.81451600493631,0.05527173863948401
CV-E-continuous-B6R,2018-WIH1,4,B6-fixed-G+E,401,baseline,2.2398560114110935,1.8074660534544316,-0.5423579147110786,-0.06462138351214586,,,
CV-E-continuous-B6R,2018-WIH1,4,Selected-G,401,environment_rank_32,2.2627547966344954,1.8262316569976416,-0.5740551817155495,-0.05001637976282252,12.817463854768677,13.297601386664274,0.6330689825680496
CV-E-continuous-B6R,2018-WIH1,4,Selected-G+E,401,environment_rank_32,2.021974342187949,1.6169820907308998,-0.25688703262143675,-0.05089075450475609,12.817463854768677,13.297601386664274,0.6330689825680496
CV-E-continuous-B6R,2018-WIH1,4,Selected-G+E+GxE,401,environment_rank_32,2.1234153541333196,1.650568358734282,-0.3861648173488115,-0.15066582379383475,12.817463854768677,13.297601386664274,0.6330689825680496
CV-E-continuous-B6R,2018-WIH2,4,B6-fixed-G+E,815,baseline,2.3372674263703987,1.8046235880035686,-0.6330188258513623,-0.01459763061034847,,,
CV-E-continuous-B6R,2018-WIH2,4,Selected-G,815,environment_rank_32,2.5323179338676907,1.97124082980316,-0.9169502404182575,-0.10586337674241261,16.574802147704865,17.58025990647267,0.4655680262488879
CV-E-continuous-B6R,2018-WIH2,4,Selected-G+E,815,environment_rank_32,2.8472557740798643,2.3329056065546356,-1.4234124968989148,0.03392348876793122,16.574802147704865,17.58025990647267,0.4655680262488879
CV-E-continuous-B6R,2018-WIH2,4,Selected-G+E+GxE,815,environment_rank_32,2.280701904450753,1.8380421153549662,-0.5549320985681239,0.19234405713746858,16.574802147704865,17.58025990647267,0.4655680262488879
CV-E-continuous-B6R,2019-DEH1,1,B6-fixed-G+E,814,baseline,3.2050984120585553,2.749252425166957,-1.9322125940683814,0.011075801636532984,,,
CV-E-continuous-B6R,2019-DEH1,1,Selected-G,814,environment_narrower,2.5389449595028135,2.102845777237189,-0.8400062109893724,-0.0022692026158020297,14.170803635727875,15.718936414923789,0.33049543692980665
CV-E-continuous-B6R,2019-DEH1,1,Selected-G+E,814,environment_narrower,3.5116732847480128,3.0622609559790313,-2.5199859023597275,0.025130687763470935,14.170803635727875,15.718936414923789,0.33049543692980665
CV-E-continuous-B6R,2019-DEH1,1,Selected-G+E+GxE,814,environment_narrower,3.279115455506833,2.816392326063137,-2.069206668010844,0.10324304770069888,14.170803635727875,15.718936414923789,0.33049543692980665
CV-E-continuous-B6R,2019-GAH2,1,B6-fixed-G+E,390,baseline,3.0934047448629802,2.7507689532088904,-3.5117181476698196,-0.0744036973092487,,,
CV-E-continuous-B6R,2019-GAH2,1,Selected-G,390,environment_narrower,3.3304633481653387,2.987497770290149,-4.229712126408012,-0.0643542569080278,9.437232976672297,10.313051553379102,0.6119931500641873
CV-E-continuous-B6R,2019-GAH2,1,Selected-G+E,390,environment_narrower,2.86338837929274,2.5194493393334856,-2.8657074335990402,-0.09234696833262167,9.437232976672297,10.313051553379102,0.6119931500641873
CV-E-continuous-B6R,2019-GAH2,1,Selected-G+E+GxE,390,environment_narrower,2.9983458798555467,2.6637672262944867,-3.2386926500551043,0.04380630297124454,9.437232976672297,10.313051553379102,0.6119931500641873
CV-E-continuous-B6R,2019-IAH4,0,B6-fixed-G+E,1140,baseline,1.6527987607649792,1.3501798557848768,-0.6064576563717328,-0.0023531875274103516,,,
CV-E-continuous-B6R,2019-IAH4,0,Selected-G,1140,environment_narrower,2.6028778354119755,2.310443157619624,-2.9841611479883037,-0.004990949704730678,9.939954570530983,11.927352075509859,0.5804190380620144
CV-E-continuous-B6R,2019-IAH4,0,Selected-G+E,1140,environment_narrower,1.7039849372158307,1.4010223736802896,-0.7075004563780123,0.002643727770085801,9.939954570530983,11.927352075509859,0.5804190380620144
CV-E-continuous-B6R,2019-IAH4,0,Selected-G+E+GxE,1140,environment_narrower,1.7859781995002582,1.4665384400438257,-0.875778839862055,0.031740211817799076,9.939954570530983,11.927352075509859,0.5804190380620144
CV-E-continuous-B6R,2019-ILH1,1,B6-fixed-G+E,448,baseline,3.092977353332984,2.7217677026938776,-2.355419708709039,0.22175570643457398,,,
CV-E-continuous-B6R,2019-ILH1,1,Selected-G,448,environment_narrower,4.603584819002806,4.304208373714339,-6.433368609611642,0.21087309325373735,11.775045825810025,12.352391980582752,0.46559115976792437
CV-E-continuous-B6R,2019-ILH1,1,Selected-G+E,448,environment_narrower,3.179709087090321,2.814550914681411,-2.546240185811116,0.23207674088100083,11.775045825810025,12.352391980582752,0.46559115976792437
CV-E-continuous-B6R,2019-ILH1,1,Selected-G+E+GxE,448,environment_narrower,2.7662266883968063,2.3467843860601048,-1.6839159111115665,0.12382851380781215,11.775045825810025,12.352391980582752,0.46559115976792437
CV-E-continuous-B6R,2019-INH1,1,B6-fixed-G+E,440,baseline,3.8053811723667765,3.4916562125320225,-4.990203059140788,0.11096114348495906,,,
CV-E-continuous-B6R,2019-INH1,1,Selected-G,440,environment_narrower,5.29613518936302,5.059868862057488,-10.602814236004257,0.07604349237615762,9.675313247295986,11.393774010430022,0.5968305207810208
CV-E-continuous-B6R,2019-INH1,1,Selected-G+E,440,environment_narrower,3.852848018082026,3.5459129448868723,-5.140574010225394,0.12901147957630776,9.675313247295986,11.393774010430022,0.5968305207810208
CV-E-continuous-B6R,2019-INH1,1,Selected-G+E+GxE,440,environment_narrower,2.7587341649367656,2.294880780249539,-2.1482188941707907,0.0628414262080301,9.675313247295986,11.393774010430022,0.5968305207810208
CV-E-continuous-B6R,2019-MIH1,3,B6-fixed-G+E,454,baseline,1.8098524790535908,1.4293028321310615,-0.04792202210952201,0.07301652093765834,,,
CV-E-continuous-B6R,2019-MIH1,3,Selected-G,454,environment_narrower,1.8559729399495832,1.5077367353821716,-0.10201090726697348,0.0841281081199968,10.255842733354848,10.815288668423262,0.5592619557487024
CV-E-continuous-B6R,2019-MIH1,3,Selected-G+E,454,environment_narrower,1.7820087924562842,1.4180948877996593,-0.015926521877549726,0.07564753720238171,10.255842733354848,10.815288668423262,0.5592619557487024
CV-E-continuous-B6R,2019-MIH1,3,Selected-G+E+GxE,454,environment_narrower,2.407178060118164,1.9321648154492326,-0.8537836439582811,0.08826277475528498,10.255842733354848,10.815288668423262,0.5592619557487024
CV-E-continuous-B6R,2019-MNH1,4,B6-fixed-G+E,1001,baseline,2.778872768025617,2.3803634770492086,-1.3087988341717551,0.017149853144433628,,,
CV-E-continuous-B6R,2019-MNH1,4,Selected-G,1001,environment_rank_32,2.180362588158187,1.7849102869633346,-0.421366946597189,0.1276711466552662,13.457898424680161,14.048631734743912,0.6041072321590059
CV-E-continuous-B6R,2019-MNH1,4,Selected-G+E,1001,environment_rank_32,3.4176753501035466,3.027750538138507,-2.492290647592467,-0.06779174657226333,13.457898424680161,14.048631734743912,0.6041072321590059
CV-E-continuous-B6R,2019-MNH1,4,Selected-G+E+GxE,1001,environment_rank_32,2.440965582725193,2.047821817801997,-0.7814436139772662,0.22062202371360057,13.457898424680161,14.048631734743912,0.6041072321590059
CV-E-continuous-B6R,2019-MOH1,2,B6-fixed-G+E,515,baseline,3.807596091885438,3.3949348935130836,-3.391065681987949,-0.11116990313316766,,,
CV-E-continuous-B6R,2019-MOH1,2,Selected-G,515,environment_rank_32,2.9982563931233583,2.5888197064068077,-1.7227372021459235,-0.10845043867035536,16.85011648408441,17.84805455607546,0.4583741866789936
CV-E-continuous-B6R,2019-MOH1,2,Selected-G+E,515,environment_rank_32,3.4176825702456877,3.0042537613389433,-2.5377866252860826,-0.07238840846239826,16.85011648408441,17.84805455607546,0.4583741866789936
CV-E-continuous-B6R,2019-MOH1,2,Selected-G+E+GxE,515,environment_rank_32,3.4507010745823474,3.023225480776565,-2.60647450819619,-0.21287250083383227,16.85011648408441,17.84805455607546,0.4583741866789936
CV-E-continuous-B6R,2019-NEH1,3,B6-fixed-G+E,308,baseline,2.3226196673569626,1.8487322764717768,-0.13472500050739766,0.1438033601179742,,,
CV-E-continuous-B6R,2019-NEH1,3,Selected-G,308,environment_narrower,2.915514544003292,2.460578681843655,-0.7879890282474451,0.12093643572291544,3.8588308323945077,11.532140673362154,0.9210221969216741
CV-E-continuous-B6R,2019-NEH1,3,Selected-G+E,308,environment_narrower,2.6772556744089115,2.231397296294279,-0.5076971727973059,0.14179253460268854,3.8588308323945077,11.532140673362154,0.9210221969216741
CV-E-continuous-B6R,2019-NEH1,3,Selected-G+E+GxE,308,environment_narrower,2.7465319884643606,2.280600241423734,-0.5867326129556654,0.07553705116692908,3.8588308323945077,11.532140673362154,0.9210221969216741
CV-E-continuous-B6R,2019-NEH2,0,B6-fixed-G+E,170,baseline,1.6602575787361509,1.325455824535008,-0.2331539766206685,0.2404975510159539,,,
CV-E-continuous-B6R,2019-NEH2,0,Selected-G,170,environment_narrower,2.7397510337999957,2.416483222798168,-2.358060868636609,0.24463089186434087,3.755327268894736,10.311091851482761,0.925290176276319
CV-E-continuous-B6R,2019-NEH2,0,Selected-G+E,170,environment_narrower,1.7080412846379835,1.3727167237891351,-0.3051580079997951,0.24291831967600844,3.755327268894736,10.311091851482761,0.925290176276319
CV-E-continuous-B6R,2019-NEH2,0,Selected-G+E+GxE,170,environment_narrower,1.7686570919559275,1.4336412986896625,-0.3994379428021049,0.18499810498372637,3.755327268894736,10.311091851482761,0.925290176276319
CV-E-continuous-B6R,2019-NEH2L,4,B6-fixed-G+E,174,baseline,2.345783194805433,1.7821641313055219,-0.17464728091368942,0.1621068607683416,,,
CV-E-continuous-B6R,2019-NEH2L,4,Selected-G,174,environment_rank_32,2.1691727295563172,1.7254587426149315,-0.004430769268277679,0.1618615290141431,10.826366233478149,11.73140580205653,0.7216822053662437
CV-E-continuous-B6R,2019-NEH2L,4,Selected-G+E,174,environment_rank_32,2.370395241172109,1.7983677708439039,-0.199425477209767,0.1399080862786583,10.826366233478149,11.73140580205653,0.7216822053662437
CV-E-continuous-B6R,2019-NEH2L,4,Selected-G+E+GxE,174,environment_rank_32,2.2445476013103347,1.7027729165740253,-0.07544790197653861,0.24287933382455965,10.826366233478149,11.73140580205653,0.7216822053662437
CV-E-continuous-B6R,2019-NYH1,4,B6-fixed-G+E,201,baseline,2.440984678186323,2.072092337334266,-1.9706204317970415,0.17905841000179962,,,
CV-E-continuous-B6R,2019-NYH1,4,Selected-G,201,environment_rank_32,1.421112814733255,1.1207927732900664,-0.0068717786896559385,0.18661331429702993,8.132834393115,9.363439988407029,0.8318846367785466
CV-E-continuous-B6R,2019-NYH1,4,Selected-G+E,201,environment_rank_32,2.7648742819509287,2.4178262121189142,-2.8112534865054406,0.1625000804972192,8.132834393115,9.363439988407029,0.8318846367785466
CV-E-continuous-B6R,2019-NYH1,4,Selected-G+E+GxE,201,environment_rank_32,3.382318459422201,3.0451489761098745,-4.703560447283808,0.20108204000518165,8.132834393115,9.363439988407029,0.8318846367785466
CV-E-continuous-B6R,2019-NYH2,1,B6-fixed-G+E,402,baseline,3.09345610447746,2.691188614027413,-1.9251069519064,0.07618340743028074,,,
CV-E-continuous-B6R,2019-NYH2,1,Selected-G,402,environment_narrower,3.7483562968873883,3.370647431463662,-3.294727030831302,0.07898310252753578,10.343230904104672,11.2918852971378,0.5544155340392422
CV-E-continuous-B6R,2019-NYH2,1,Selected-G+E,402,environment_narrower,3.2538742767820112,2.8587767978983734,-2.2363491705052647,0.07401318711588545,10.343230904104672,11.2918852971378,0.5544155340392422
CV-E-continuous-B6R,2019-NYH2,1,Selected-G+E+GxE,402,environment_narrower,3.542148470732658,3.142387088719029,-2.8351941661360667,0.010533023689425637,10.343230904104672,11.2918852971378,0.5544155340392422
CV-E-continuous-B6R,2019-NYH3,1,B6-fixed-G+E,573,baseline,2.6330116973898927,2.1720891576457584,-0.6051789058400432,0.0984064328888755,,,
CV-E-continuous-B6R,2019-NYH3,1,Selected-G,573,environment_narrower,3.928692105116796,3.4618376851287733,-2.5736651348975776,0.0824278695851932,10.036728889852387,10.789265674011183,0.573842025326631
CV-E-continuous-B6R,2019-NYH3,1,Selected-G+E,573,environment_narrower,2.8457341233629174,2.3750329254929587,-0.8750226141550226,0.1056977478055731,10.036728889852387,10.789265674011183,0.573842025326631
CV-E-continuous-B6R,2019-NYH3,1,Selected-G+E+GxE,573,environment_narrower,2.340516376488137,1.8719060853013918,-0.26835619751276574,0.10114612879156958,10.036728889852387,10.789265674011183,0.573842025326631
CV-E-continuous-B6R,2019-OHH1,3,B6-fixed-G+E,367,baseline,3.1907409750128917,2.9045116934598814,-2.600127408198298,0.11273285532558575,,,
CV-E-continuous-B6R,2019-OHH1,3,Selected-G,367,environment_narrower,2.548214298930234,2.2215828313158874,-1.2961839046317674,0.08726106450127102,14.295873975521705,14.419354194861759,0.3233030509970621
CV-E-continuous-B6R,2019-OHH1,3,Selected-G+E,367,environment_narrower,3.2108543745355527,2.9228982419413367,-2.645658542565791,0.1155499001955416,14.295873975521705,14.419354194861759,0.3233030509970621
CV-E-continuous-B6R,2019-OHH1,3,Selected-G+E+GxE,367,environment_narrower,2.4894633816494043,2.119026006236745,-1.1915241287403315,-0.029506724527080076,14.295873975521705,14.419354194861759,0.3233030509970621
CV-E-continuous-B6R,2019-SCH1,1,B6-fixed-G+E,365,baseline,4.976488524245862,4.876100160389015,-24.85458826408405,0.13194727266230655,,,
CV-E-continuous-B6R,2019-SCH1,1,Selected-G,365,environment_narrower,5.717348150611626,5.626512893649914,-33.125646664646375,0.09147150497202042,10.546985687400454,14.059397040510692,0.5415560805048939
CV-E-continuous-B6R,2019-SCH1,1,Selected-G+E,365,environment_narrower,4.853548120273308,4.751842670309318,-23.59293102245081,0.13912865952069833,10.546985687400454,14.059397040510692,0.5415560805048939
CV-E-continuous-B6R,2019-SCH1,1,Selected-G+E+GxE,365,environment_narrower,5.944621906459083,5.850131359230266,-35.892670009123925,0.01219789904233511,10.546985687400454,14.059397040510692,0.5415560805048939
CV-E-continuous-B6R,2019-TXH1,3,B6-fixed-G+E,571,baseline,1.8854873310302214,1.5071747157838682,-0.15138457681905493,0.020925072569235738,,,
CV-E-continuous-B6R,2019-TXH1,3,Selected-G,571,environment_narrower,1.9235212419705778,1.4043872034184073,-0.19830437179409688,0.01983251637163769,6.375883067543013,11.855582423002415,0.7988328047407076
CV-E-continuous-B6R,2019-TXH1,3,Selected-G+E,571,environment_narrower,1.9174310229733982,1.5466022998750857,-0.19072828415609355,0.023872231766896256,6.375883067543013,11.855582423002415,0.7988328047407076
CV-E-continuous-B6R,2019-TXH1,3,Selected-G+E+GxE,571,environment_narrower,1.9761237758970316,1.552080639011536,-0.2647405912144831,0.14318542259199873,6.375883067543013,11.855582423002415,0.7988328047407076
CV-E-continuous-B6R,2019-TXH2,0,B6-fixed-G+E,438,baseline,1.5468936027678133,1.2489932073718357,-0.17795753337299502,0.007080113992785653,,,
CV-E-continuous-B6R,2019-TXH2,0,Selected-G,438,environment_narrower,1.485014445304676,1.1963877212240295,-0.08560067217621525,-0.017108187443118837,2.290183891805799e-05,10.66012629435518,0.9999999999971122
CV-E-continuous-B6R,2019-TXH2,0,Selected-G+E,438,environment_narrower,1.5192778933952893,1.2279388369983053,-0.13627430068980284,0.009464465995467242,2.290183891805799e-05,10.66012629435518,0.9999999999971122
CV-E-continuous-B6R,2019-TXH2,0,Selected-G+E+GxE,438,environment_narrower,1.7560095597527148,1.3830284698551956,-0.5179675893253499,0.1646800913753385,2.290183891805799e-05,10.66012629435518,0.9999999999971122
CV-E-continuous-B6R,2019-TXH3,4,B6-fixed-G+E,445,baseline,1.7033321612853745,1.3447357691608879,-0.24242546412568933,0.04347264907662705,,,
CV-E-continuous-B6R,2019-TXH3,4,Selected-G,445,environment_rank_32,1.6537961080746675,1.289357072237435,-0.17121218450291487,0.0217464452852172,2.3132746165460916e-05,10.546952649031342,0.9999999999985109
CV-E-continuous-B6R,2019-TXH3,4,Selected-G+E,445,environment_rank_32,1.6388125723504177,1.2908417412278064,-0.1500857563440463,0.0568247777368833,2.3132746165460916e-05,10.546952649031342,0.9999999999985109
CV-E-continuous-B6R,2019-TXH3,4,Selected-G+E+GxE,445,environment_rank_32,1.5357717250764658,1.1757772071784065,-0.010008400387174099,0.23029104556843089,2.3132746165460916e-05,10.546952649031342,0.9999999999985109
CV-E-continuous-B6R,2019-WIH1,2,B6-fixed-G+E,580,baseline,2.705581766022294,2.2969585621210062,-0.5033140975562973,0.05534350595513028,,,
CV-E-continuous-B6R,2019-WIH1,2,Selected-G,580,environment_rank_32,3.2038229086565284,2.78682361150171,-1.1079747685106627,0.05436514676813471,11.147162578306416,12.393467429098477,0.7107786785326532
CV-E-continuous-B6R,2019-WIH1,2,Selected-G+E,580,environment_rank_32,3.033542056314442,2.6179979966566505,-0.8898548256306333,0.05266070895896649,11.147162578306416,12.393467429098477,0.7107786785326532
CV-E-continuous-B6R,2019-WIH1,2,Selected-G+E+GxE,580,environment_rank_32,4.495866214493511,3.983919188141256,-3.1510232118909816,-0.02242597923393354,11.147162578306416,12.393467429098477,0.7107786785326532
CV-E-continuous-B6R,2019-WIH2,4,B6-fixed-G+E,1113,baseline,2.9229241742507366,2.4961605928349537,-2.0745992820024832,0.08083065770578615,,,
CV-E-continuous-B6R,2019-WIH2,4,Selected-G,1113,environment_rank_32,2.2610355375008973,1.824969042664028,-0.8397897707714459,0.1711961508476233,16.077172521231496,16.508433250580467,0.48710246332314955
CV-E-continuous-B6R,2019-WIH2,4,Selected-G+E,1113,environment_rank_32,2.9925158131885032,2.564689245077815,-2.222747878157286,0.005755472477068064,16.077172521231496,16.508433250580467,0.48710246332314955
CV-E-continuous-B6R,2019-WIH2,4,Selected-G+E+GxE,1113,environment_rank_32,2.8084508386324645,2.375653811627648,-1.8384880828299766,0.23919252913562572,16.077172521231496,16.508433250580467,0.48710246332314955
CV-E-continuous-B6R,2020-DEH1,3,B6-fixed-G+E,1143,baseline,2.9233415819194972,2.425969302721931,-1.3277711761197173,0.48764962540027185,,,
CV-E-continuous-B6R,2020-DEH1,3,Selected-G,1143,environment_narrower,2.32965045198752,1.8752369472575092,-0.47830036485099914,0.5146214878706098,27.649186259345107,28.45141308890672,0.014643264634143987
CV-E-continuous-B6R,2020-DEH1,3,Selected-G+E,1143,environment_narrower,1.9560916385176585,1.5027649274349244,-0.0422203561867569,0.49467857414289373,27.649186259345107,28.45141308890672,0.014643264634143987
CV-E-continuous-B6R,2020-DEH1,3,Selected-G+E+GxE,1143,environment_narrower,1.7941915417382728,1.4327534833236797,0.12316320089797061,0.38991995238063565,27.649186259345107,28.45141308890672,0.014643264634143987
CV-E-continuous-B6R,2020-INH1,3,B6-fixed-G+E,415,baseline,1.6464011370857634,1.2879508507304818,-0.00882222470046079,0.0928822371143087,,,
CV-E-continuous-B6R,2020-INH1,3,Selected-G,415,environment_narrower,2.1421536805093258,1.6967601457198331,-0.70782975305934,0.04316857311935053,10.451758668724565,11.474824114901875,0.546865639312392
CV-E-continuous-B6R,2020-INH1,3,Selected-G+E,415,environment_narrower,1.721709037784463,1.3387022067576446,-0.10322182538621516,0.06807611366857548,10.451758668724565,11.474824114901875,0.546865639312392
CV-E-continuous-B6R,2020-INH1,3,Selected-G+E+GxE,415,environment_narrower,2.5025953681208972,2.075389165685579,-1.3309051394324465,0.05957251118603586,10.451758668724565,11.474824114901875,0.546865639312392
CV-E-continuous-B6R,2020-MIH1,4,B6-fixed-G+E,415,baseline,3.9412355378993116,3.7183819240840563,-8.759408013551308,0.060041732991645044,,,
CV-E-continuous-B6R,2020-MIH1,4,Selected-G,415,environment_rank_32,3.2916789058944467,3.017970300952997,-5.807593634309605,0.033227980861421605,10.248775986578279,10.387006116780976,0.7465474040847365
CV-E-continuous-B6R,2020-MIH1,4,Selected-G+E,415,environment_rank_32,3.336429084152313,3.0687820574697113,-5.993949488396104,0.043440375036534785,10.248775986578279,10.387006116780976,0.7465474040847365
CV-E-continuous-B6R,2020-MIH1,4,Selected-G+E+GxE,415,environment_rank_32,2.920911647814065,2.629497775213851,-4.360379478223603,0.12217671716121525,10.248775986578279,10.387006116780976,0.7465474040847365
CV-E-continuous-B6R,2020-MNH1,3,B6-fixed-G+E,392,baseline,1.4558542463428543,1.11302848784012,0.01955496874870355,0.24907084250778164,,,
CV-E-continuous-B6R,2020-MNH1,3,Selected-G,392,environment_narrower,1.48718856376005,1.1375746742865354,-0.023103402831804454,0.2863483379483415,7.167043098130133,9.592549242253982,0.752915398757802
CV-E-continuous-B6R,2020-MNH1,3,Selected-G+E,392,environment_narrower,1.6059251063717186,1.2354300408172996,-0.19299337068650746,0.27774039517732324,7.167043098130133,9.592549242253982,0.752915398757802
CV-E-continuous-B6R,2020-MNH1,3,Selected-G+E+GxE,392,environment_narrower,1.6323007247974402,1.2595247137103172,-0.23250247998462448,0.24507211805246354,7.167043098130133,9.592549242253982,0.752915398757802
CV-E-continuous-B6R,2020-NEH1,1,B6-fixed-G+E,246,baseline,1.8319134089454279,1.4192674832146592,-0.00559132439547283,0.18336189659178878,,,
CV-E-continuous-B6R,2020-NEH1,1,Selected-G,246,environment_narrower,1.8361576662274957,1.3983271919184945,-0.010256318288382582,0.23013374196199687,9.457922393562171,10.947764071198586,0.6106755011452003
CV-E-continuous-B6R,2020-NEH1,1,Selected-G+E,246,environment_narrower,1.8000802432185796,1.4372796930047202,0.029053354931881326,0.1719728206263012,9.457922393562171,10.947764071198586,0.6106755011452003
CV-E-continuous-B6R,2020-NEH1,1,Selected-G+E+GxE,246,environment_narrower,1.9808507007207752,1.5310360384519637,-0.17575036342189754,0.09277007670333913,9.457922393562171,10.947764071198586,0.6106755011452003
CV-E-continuous-B6R,2020-NEH2,1,B6-fixed-G+E,245,baseline,2.192738822754466,1.9709497580275726,-2.4974288167200536,0.041830494766883636,,,
CV-E-continuous-B6R,2020-NEH2,1,Selected-G,245,environment_narrower,1.7391416470084653,1.500088627358739,-1.2001129768874472,-0.0209805611576621,10.987405231273126,13.685472983420942,0.5139655683404954
CV-E-continuous-B6R,2020-NEH2,1,Selected-G+E,245,environment_narrower,2.4909842357939596,2.2766891857871117,-3.5135372438533574,0.04284336897567274,10.987405231273126,13.685472983420942,0.5139655683404954
CV-E-continuous-B6R,2020-NEH2,1,Selected-G+E+GxE,245,environment_narrower,2.1459198148934235,1.903697130893101,-2.3496702192638224,-0.030957836445848975,10.987405231273126,13.685472983420942,0.5139655683404954
CV-E-continuous-B6R,2020-NYH1,3,B6-fixed-G+E,22,baseline,1.8273642509471713,1.431501139433253,-0.04369710100300139,0.1441175385821891,,,
CV-E-continuous-B6R,2020-NYH1,3,Selected-G,22,environment_narrower,2.500843146837595,1.9467237339499348,-0.9547766170582739,0.013432537459709768,7.413350747295105,9.305446665733792,0.7381233649234239
CV-E-continuous-B6R,2020-NYH1,3,Selected-G+E,22,environment_narrower,1.8985263738501477,1.428666639523672,-0.1265682242718047,0.20752241485848974,7.413350747295105,9.305446665733792,0.7381233649234239
CV-E-continuous-B6R,2020-NYH1,3,Selected-G+E+GxE,22,environment_narrower,2.0180478062220284,1.448331665392449,-0.27287902054730284,0.17028327403602933,7.413350747295105,9.305446665733792,0.7381233649234239
CV-E-continuous-B6R,2020-NYH2,2,B6-fixed-G+E,386,baseline,2.1398506758544955,1.683127617843688,-0.005967621279177937,0.12221735087700986,,,
CV-E-continuous-B6R,2020-NYH2,2,Selected-G,386,environment_rank_32,2.1539764378564064,1.7091405484124962,-0.01929281418054951,0.13925038728338987,3.038219499528709,8.53555598280705,0.9749579250438963
CV-E-continuous-B6R,2020-NYH2,2,Selected-G+E,386,environment_rank_32,2.1779405923584347,1.6765720073691868,-0.04209934912527147,0.11092281021059683,3.038219499528709,8.53555598280705,0.9749579250438963
CV-E-continuous-B6R,2020-NYH2,2,Selected-G+E+GxE,386,environment_rank_32,2.3913308114099734,1.8470337443477558,-0.2563087517496898,0.11071267624498898,3.038219499528709,8.53555598280705,0.9749579250438963
CV-E-continuous-B6R,2020-NYH3,1,B6-fixed-G+E,379,baseline,2.4638580197399005,1.9746169523298975,-0.22446665646196196,0.009713945689416472,,,
CV-E-continuous-B6R,2020-NYH3,1,Selected-G,379,environment_narrower,2.3471793722299483,1.8272506791626522,-0.11124077088974538,0.013213989095756707,3.020161637986592,8.001653719830824,0.9509534849922122
CV-E-continuous-B6R,2020-NYH3,1,Selected-G+E,379,environment_narrower,2.3981446351527467,1.8966683459183533,-0.16002233796282694,0.013611158772791492,3.020161637986592,8.001653719830824,0.9509534849922122
CV-E-continuous-B6R,2020-NYH3,1,Selected-G+E+GxE,379,environment_narrower,2.3509146357004562,1.780339013014032,-0.11478040646041299,0.01770202394685775,3.020161637986592,8.001653719830824,0.9509534849922122
CV-E-continuous-B6R,2020-OHH1,2,B6-fixed-G+E,396,baseline,3.4816600923740237,3.2491827058555094,-6.55675929830142,0.13528531883580414,,,
CV-E-continuous-B6R,2020-OHH1,2,Selected-G,396,environment_rank_32,2.711336048094984,2.4151195037526443,-3.5827856696542737,0.09823725599701598,9.961655231355877,10.60656509453918,0.7613664083922554
CV-E-continuous-B6R,2020-OHH1,2,Selected-G+E,396,environment_rank_32,2.7008471484865604,2.4209884258252043,-3.5473969160278163,0.11634839236915155,9.961655231355877,10.60656509453918,0.7613664083922554
CV-E-continuous-B6R,2020-OHH1,2,Selected-G+E+GxE,396,environment_rank_32,4.13362630546245,3.935210801910346,-9.651855703700853,0.16443119270211226,9.961655231355877,10.60656509453918,0.7613664083922554
CV-E-continuous-B6R,2020-SCH1,3,B6-fixed-G+E,398,baseline,3.422376549048241,3.1856935674882014,-6.37189466232105,-0.01700635877352801,,,
CV-E-continuous-B6R,2020-SCH1,3,Selected-G,398,environment_narrower,4.781489872792764,4.600433932539746,-13.389642978137939,-0.009163273189233411,14.898686216904727,16.786854279310894,0.29334685007482625
CV-E-continuous-B6R,2020-SCH1,3,Selected-G+E,398,environment_narrower,3.7417845772212113,3.5171852899460565,-7.812134139365522,0.0030278074298792663,14.898686216904727,16.786854279310894,0.29334685007482625
CV-E-continuous-B6R,2020-SCH1,3,Selected-G+E+GxE,398,environment_narrower,2.926247198644829,2.6377823908245244,-4.389463811406742,-0.06489592178620722,14.898686216904727,16.786854279310894,0.29334685007482625
CV-E-continuous-B6R,2020-TXH1,0,B6-fixed-G+E,246,baseline,3.475400018268461,3.113947952988373,-3.3908768481559965,0.11940742380730127,,,
CV-E-continuous-B6R,2020-TXH1,0,Selected-G,246,environment_narrower,1.6613183132510734,1.274691620829696,-0.003338236772541414,0.1304254745893079,33.31327390312737,34.4996081546596,0.0022196924973021093
CV-E-continuous-B6R,2020-TXH1,0,Selected-G+E,246,environment_narrower,1.840197862846031,1.4229152255673319,-0.2310358551521965,0.1024784284065461,33.31327390312737,34.4996081546596,0.0022196924973021093
CV-E-continuous-B6R,2020-TXH1,0,Selected-G+E+GxE,246,environment_narrower,1.8882112220741323,1.5587188654963475,-0.296112822794651,0.3346148929848354,33.31327390312737,34.4996081546596,0.0022196924973021093
CV-E-continuous-B6R,2020-TXH2,3,B6-fixed-G+E,245,baseline,3.3011014032758887,2.997311398357692,-3.468295672145916,0.10011431329840628,,,
CV-E-continuous-B6R,2020-TXH2,3,Selected-G,245,environment_narrower,2.6383802030924532,2.2855210307653806,-1.8542954944585692,0.07240170978053197,16.625442457613325,17.454239974579508,0.2171530829202772
CV-E-continuous-B6R,2020-TXH2,3,Selected-G+E,245,environment_narrower,3.0732586484488422,2.750424102178553,-2.872776172664071,0.0253484610432011,16.625442457613325,17.454239974579508,0.2171530829202772
CV-E-continuous-B6R,2020-TXH2,3,Selected-G+E+GxE,245,environment_narrower,1.8182047734109992,1.4502051546534909,-0.3555319548736122,0.23203121154747425,16.625442457613325,17.454239974579508,0.2171530829202772
CV-E-continuous-B6R,2020-TXH3,4,B6-fixed-G+E,246,baseline,1.6985088868718998,1.3796194245006814,-0.7518505094848198,-0.033248406251237005,,,
CV-E-continuous-B6R,2020-TXH3,4,Selected-G,246,environment_rank_32,1.7898602189426183,1.45549489034345,-0.9453584152867467,-0.06108383097639171,12.19873513413844,13.244488184815264,0.6609326581999545
CV-E-continuous-B6R,2020-TXH3,4,Selected-G+E,246,environment_rank_32,2.039319929655042,1.713148904628326,-1.5254113253070023,-0.035385396897772814,12.19873513413844,13.244488184815264,0.6609326581999545
CV-E-continuous-B6R,2020-TXH3,4,Selected-G+E+GxE,246,environment_rank_32,2.1974858159911332,1.8386661470069197,-1.9323348227776593,-0.08282961464905511,12.19873513413844,13.244488184815264,0.6609326581999545
CV-E-continuous-B6R,2020-WIH1,2,B6-fixed-G+E,394,baseline,2.176455989588998,1.7501511768971507,-0.0869504613017058,0.13785913317487197,,,
CV-E-continuous-B6R,2020-WIH1,2,Selected-G,394,environment_rank_32,2.189370679398379,1.7584832510083488,-0.09988826152884211,0.17617731016922994,7.199399354876725,9.068665732869814,0.8672714386723093
CV-E-continuous-B6R,2020-WIH1,2,Selected-G+E,394,environment_rank_32,2.1853219146756255,1.757660525909826,-0.09582401491018966,0.14478776171397612,7.199399354876725,9.068665732869814,0.8672714386723093
CV-E-continuous-B6R,2020-WIH1,2,Selected-G+E+GxE,394,environment_rank_32,2.341234970186563,1.9013469429258767,-0.25776636487819315,-0.03873506218992142,7.199399354876725,9.068665732869814,0.8672714386723093
CV-E-continuous-B6R,2020-WIH2,1,B6-fixed-G+E,1147,baseline,2.7791778624970864,2.3176800221326035,-0.08375865622237222,0.03214026633511113,,,
CV-E-continuous-B6R,2020-WIH2,1,Selected-G,1147,environment_narrower,3.2062284097716107,2.6717126016619606,-0.44241028954141837,0.029982084540569637,6.929597435398569,8.43440515797162,0.7673966427973802
CV-E-continuous-B6R,2020-WIH2,1,Selected-G+E,1147,environment_narrower,2.772266421222051,2.289941490861249,-0.07837503491254694,0.02603407868926705,6.929597435398569,8.43440515797162,0.7673966427973802
CV-E-continuous-B6R,2020-WIH2,1,Selected-G+E+GxE,1147,environment_narrower,2.7982484427785477,2.348027561327167,-0.09868308247965984,0.03262383763227622,6.929597435398569,8.43440515797162,0.7673966427973802
CV-E-continuous-B6R,2021-DEH1,1,B6-fixed-G+E,1138,baseline,2.5733746535703816,2.207872639951798,-0.7433050670031414,0.33989922205976403,,,
CV-E-continuous-B6R,2021-DEH1,1,Selected-G,1138,environment_narrower,2.2077580677976827,1.812815868954181,-0.28312898438178546,0.3443937632324543,16.517891459241316,20.27135166033677,0.2221749619839982
CV-E-continuous-B6R,2021-DEH1,1,Selected-G+E,1138,environment_narrower,2.7199679523265226,2.3474816685882165,-0.9475783064914061,0.326188256319097,16.517891459241316,20.27135166033677,0.2221749619839982
CV-E-continuous-B6R,2021-DEH1,1,Selected-G+E+GxE,1138,environment_narrower,3.3593692052498727,2.974325632447758,-1.9708643883024393,0.316988313624174,16.517891459241316,20.27135166033677,0.2221749619839982
CV-E-continuous-B6R,2021-GAH2,0,B6-fixed-G+E,321,baseline,4.4588081734909,3.9163034285556506,-3.061434350561231,0.12091052132680638,,,
CV-E-continuous-B6R,2021-GAH2,0,Selected-G,321,environment_narrower,3.2207871670037593,2.564161221660713,-1.1191705734915418,0.09446847639270577,10.993824202775217,11.710012062686639,0.5140293930795558
CV-E-continuous-B6R,2021-GAH2,0,Selected-G+E,321,environment_narrower,4.59283819624981,4.0601102231039,-3.309274424751308,0.11101826829134229,10.993824202775217,11.710012062686639,0.5140293930795558
CV-E-continuous-B6R,2021-GAH2,0,Selected-G+E+GxE,321,environment_narrower,4.7495331065287045,4.182633773632643,-3.6083313573317675,0.04495101460280265,10.993824202775217,11.710012062686639,0.5140293930795558
CV-E-continuous-B6R,2021-IAH4,3,B6-fixed-G+E,1124,baseline,1.7230084814951483,1.3752892285810163,-0.17295644123544762,0.4746892514353068,,,
CV-E-continuous-B6R,2021-IAH4,3,Selected-G,1124,environment_narrower,1.4328033306537822,1.130360289284541,0.18888913526810647,0.4763689818325293,11.146075508685387,12.315448637407044,0.5033828223197482
CV-E-continuous-B6R,2021-IAH4,3,Selected-G+E,1124,environment_narrower,1.6401926604181207,1.3136610376286273,-0.062910708166104,0.4623462140873138,11.146075508685387,12.315448637407044,0.5033828223197482
CV-E-continuous-B6R,2021-IAH4,3,Selected-G+E+GxE,1124,environment_narrower,1.6961506116553815,1.3576033016911435,-0.13667388076774012,0.26070326054692594,11.146075508685387,12.315448637407044,0.5033828223197482
CV-E-continuous-B6R,2021-ILH1,3,B6-fixed-G+E,402,baseline,2.564583775648413,2.1835219755642665,-1.5840256377975015,-0.024639593851108053,,,
CV-E-continuous-B6R,2021-ILH1,3,Selected-G,402,environment_narrower,1.9126595473212882,1.4868567954901901,-0.43727007269030893,-0.08663417293076063,10.511513737573802,11.811899930445659,0.5430938406748161
CV-E-continuous-B6R,2021-ILH1,3,Selected-G+E,402,environment_narrower,1.7757273851115183,1.3803296637695208,-0.23884114844565052,-0.07769203600871012,10.511513737573802,11.811899930445659,0.5430938406748161
CV-E-continuous-B6R,2021-ILH1,3,Selected-G+E+GxE,402,environment_narrower,2.4853387875105586,2.1194654152379684,-1.4268013773160693,0.10935892861215463,10.511513737573802,11.811899930445659,0.5430938406748161
CV-E-continuous-B6R,2021-INH1,4,B6-fixed-G+E,411,baseline,1.593822294907651,1.2579240883228062,-0.3230289836030431,0.10637868496559036,,,
CV-E-continuous-B6R,2021-INH1,4,Selected-G,411,environment_rank_32,1.464938823130551,1.1060675206306154,-0.1177084659830352,0.0646333280263553,9.362802915376937,10.942457627533237,0.7835311874767233
CV-E-continuous-B6R,2021-INH1,4,Selected-G+E,411,environment_rank_32,1.6357277432957424,1.3023781486967485,-0.3935148549734728,0.12910273227381439,9.362802915376937,10.942457627533237,0.7835311874767233
CV-E-continuous-B6R,2021-INH1,4,Selected-G+E+GxE,411,environment_rank_32,1.4588217221599107,1.118777968606372,-0.10839359136324167,0.11635268645551082,9.362802915376937,10.942457627533237,0.7835311874767233
CV-E-continuous-B6R,2021-MIH1,1,B6-fixed-G+E,417,baseline,1.4718854608418424,1.1604515954441232,-0.007695584441846481,0.26563249143655493,,,
CV-E-continuous-B6R,2021-MIH1,1,Selected-G,417,environment_narrower,2.053303202482295,1.7378532717570183,-0.9610447032064058,0.2531597478655682,9.371074414730051,10.420238267000665,0.6162061874104015
CV-E-continuous-B6R,2021-MIH1,1,Selected-G+E,417,environment_narrower,1.693059880623968,1.3859637986454683,-0.3332941145034365,0.2693874145684707,9.371074414730051,10.420238267000665,0.6162061874104015
CV-E-continuous-B6R,2021-MIH1,1,Selected-G+E+GxE,417,environment_narrower,1.8850382717758967,1.5888379148889873,-0.6528051938289716,0.25910616613540877,9.371074414730051,10.420238267000665,0.6162061874104015
CV-E-continuous-B6R,2021-MNH1,3,B6-fixed-G+E,415,baseline,1.7241214606851463,1.3992117300163398,-0.600731806177867,0.08138327024590776,,,
CV-E-continuous-B6R,2021-MNH1,3,Selected-G,415,environment_narrower,1.546509345943129,1.1988960649576137,-0.2879172402808079,0.04751099392864876,10.908122625650726,12.59817477196349,0.5181918998919437
CV-E-continuous-B6R,2021-MNH1,3,Selected-G+E,415,environment_narrower,1.443652701417025,1.1222413781565324,-0.12229832489246739,0.06345962376948264,10.908122625650726,12.59817477196349,0.5181918998919437
CV-E-continuous-B6R,2021-MNH1,3,Selected-G+E+GxE,415,environment_narrower,1.47385756768897,1.1664831834870781,-0.1697522531812019,0.11324182130224972,10.908122625650726,12.59817477196349,0.5181918998919437
CV-E-continuous-B6R,2021-NEH1,2,B6-fixed-G+E,247,baseline,3.1241937130206683,2.6275631975786586,-0.043228702036975264,-0.07348993193199363,,,
CV-E-continuous-B6R,2021-NEH1,2,Selected-G,247,environment_rank_32,3.1114540030262847,2.6197059942564187,-0.03473797786908439,-0.01741157958752279,9.475352818793043,10.355126924756064,0.7813976743721817
CV-E-continuous-B6R,2021-NEH1,2,Selected-G+E,247,environment_rank_32,3.3456165668065196,2.627876119997094,-0.19634365610771343,0.02245029085561355,9.475352818793043,10.355126924756064,0.7813976743721817
CV-E-continuous-B6R,2021-NEH1,2,Selected-G+E+GxE,247,environment_rank_32,3.168953897087501,2.5814419880719264,-0.07333541910873165,-0.1117196050565359,9.475352818793043,10.355126924756064,0.7813976743721817
CV-E-continuous-B6R,2021-NEH2,2,B6-fixed-G+E,247,baseline,2.7096954676531793,2.300222621177797,-1.3612736302362696,-0.09075380803937302,,,
CV-E-continuous-B6R,2021-NEH2,2,Selected-G,247,environment_rank_32,2.5299154240714716,2.1161391349864456,-1.0583411330600407,-0.018999116270419527,10.528792276897873,12.177692144288232,0.7374417326986085
CV-E-continuous-B6R,2021-NEH2,2,Selected-G+E,247,environment_rank_32,2.112403198643622,1.6907228091367967,-0.43502339096656506,-0.07588899156437798,10.528792276897873,12.177692144288232,0.7374417326986085
CV-E-continuous-B6R,2021-NEH2,2,Selected-G+E+GxE,247,environment_rank_32,2.1401977396244534,1.7245347540039375,-0.47303528274477524,0.07780273232908504,10.528792276897873,12.177692144288232,0.7374417326986085
CV-E-continuous-B6R,2021-NYH1,2,B6-fixed-G+E,22,baseline,2.4847866635403157,2.161556523935214,-1.1342720426210855,0.007107434465686935,,,
CV-E-continuous-B6R,2021-NYH1,2,Selected-G,22,environment_rank_32,2.6685626225458057,2.2844677604381216,-1.4616503037584767,-0.04416123980193763,5.8553678332722265,8.429683632438849,0.9101037037675058
CV-E-continuous-B6R,2021-NYH1,2,Selected-G+E,22,environment_rank_32,2.7288136525785944,2.3779062454018334,-1.5740638716839572,0.04530216270621727,5.8553678332722265,8.429683632438849,0.9101037037675058
CV-E-continuous-B6R,2021-NYH1,2,Selected-G+E+GxE,22,environment_rank_32,2.18911341042898,1.891627113290128,-0.6565634826944333,0.3512241088437232,5.8553678332722265,8.429683632438849,0.9101037037675058
CV-E-continuous-B6R,2021-NYH2,0,B6-fixed-G+E,396,baseline,1.9313726149565447,1.5475676561734906,-0.3054525229923777,0.12683096317133655,,,
CV-E-continuous-B6R,2021-NYH2,0,Selected-G,396,environment_narrower,1.7923454331445663,1.405832687104782,-0.12427452661335137,0.11073325428664804,2.4358304647395816,7.482918183226633,0.9678594260735619
CV-E-continuous-B6R,2021-NYH2,0,Selected-G+E,396,environment_narrower,2.1157958261106113,1.7224289428601196,-0.5666661340544625,0.1243517244769369,2.4358304647395816,7.482918183226633,0.9678594260735619
CV-E-continuous-B6R,2021-NYH2,0,Selected-G+E+GxE,396,environment_narrower,1.7676778616299957,1.4029225011501432,-0.09354129851987247,0.10745372720083093,2.4358304647395816,7.482918183226633,0.9678594260735619
CV-E-continuous-B6R,2021-NYH3,2,B6-fixed-G+E,357,baseline,1.7699561283539123,1.4042741447666258,-0.256626316906738,0.023765885980666403,,,
CV-E-continuous-B6R,2021-NYH3,2,Selected-G,357,environment_rank_32,1.7232605394731506,1.3355629568418415,-0.19119547210129806,-0.039482132325217224,2.3055738741536254,7.870302379337858,0.9855016670881404
CV-E-continuous-B6R,2021-NYH3,2,Selected-G+E,357,environment_rank_32,2.8153821381436552,2.4457960472373017,-2.1794781823941736,0.056962738233378225,2.3055738741536254,7.870302379337858,0.9855016670881404
CV-E-continuous-B6R,2021-NYH3,2,Selected-G+E+GxE,357,environment_rank_32,2.33548050592814,1.9237007336957261,-1.187931094895236,-0.08310681508946563,2.3055738741536254,7.870302379337858,0.9855016670881404
CV-E-continuous-B6R,2021-SCH1,0,B6-fixed-G+E,397,baseline,1.7388091086392963,1.3364138640591483,-0.1208456355775922,0.057247356707246365,,,
CV-E-continuous-B6R,2021-SCH1,0,Selected-G,397,environment_narrower,2.549108695312906,2.14372718478535,-1.4088996070746167,0.05896493344169126,13.713378632515138,14.125648622816556,0.35507176289066983
CV-E-continuous-B6R,2021-SCH1,0,Selected-G+E,397,environment_narrower,1.7331342253058128,1.3304325586207468,-0.11354145405121696,0.05740992329279593,13.713378632515138,14.125648622816556,0.35507176289066983
CV-E-continuous-B6R,2021-SCH1,0,Selected-G+E+GxE,397,environment_narrower,1.6892942938148425,1.304695891753105,-0.057919499611802205,0.07375052550541328,13.713378632515138,14.125648622816556,0.35507176289066983
CV-E-continuous-B6R,2021-SCH1L,2,B6-fixed-G+E,43,baseline,4.858513868622098,4.763086506594777,-36.30918895339203,0.1382435582308566,,,
CV-E-continuous-B6R,2021-SCH1L,2,Selected-G,43,environment_rank_32,6.812006020473011,6.716204775428383,-72.34304909410679,-0.008424139839206668,10.099300847561592,11.958442066078478,0.7556121571614326
CV-E-continuous-B6R,2021-SCH1L,2,Selected-G+E,43,environment_rank_32,4.222121460556676,4.117147722017651,-27.175417512140815,0.058212578848620466,10.099300847561592,11.958442066078478,0.7556121571614326
CV-E-continuous-B6R,2021-SCH1L,2,Selected-G+E+GxE,43,environment_rank_32,4.991045712585022,4.764902502099466,-38.37241098589343,-0.42101936934232453,10.099300847561592,11.958442066078478,0.7556121571614326
CV-E-continuous-B6R,2021-TXH1,3,B6-fixed-G+E,266,baseline,1.6540563847784047,1.3372237204055595,-0.046738842975992956,0.03969105115585585,,,
CV-E-continuous-B6R,2021-TXH1,3,Selected-G,266,environment_narrower,1.6805578895880147,1.3501075237413143,-0.08054951945109012,0.02767094044610953,1.9041965222501211,14.57993658319804,0.9801657127944813
CV-E-continuous-B6R,2021-TXH1,3,Selected-G+E,266,environment_narrower,1.684807930168547,1.3600218601789353,-0.08602173350054865,0.018185473278984298,1.9041965222501211,14.57993658319804,0.9801657127944813
CV-E-continuous-B6R,2021-TXH1,3,Selected-G+E+GxE,266,environment_narrower,1.7298496259578624,1.4106939190808825,-0.14486538433707263,0.04225791761104808,1.9041965222501211,14.57993658319804,0.9801657127944813
CV-E-continuous-B6R,2021-TXH2,2,B6-fixed-G+E,247,baseline,2.078316539970856,1.6881207833980174,-0.5104892359918345,0.17199777745868663,,,
CV-E-continuous-B6R,2021-TXH2,2,Selected-G,247,environment_rank_32,1.7190436236201363,1.3377834359264789,-0.033399013291324,0.11176053677448577,1.8228012868828316,13.212840264796935,0.9909128992320795
CV-E-continuous-B6R,2021-TXH2,2,Selected-G+E,247,environment_rank_32,1.8001549475440062,1.3734975326934442,-0.13321946016331476,0.09955539386485215,1.8228012868828316,13.212840264796935,0.9909128992320795
CV-E-continuous-B6R,2021-TXH2,2,Selected-G+E+GxE,247,environment_rank_32,1.7429155674431207,1.3416767562453298,-0.06229942135918276,0.10590140114400051,1.8228012868828316,13.212840264796935,0.9909128992320795
CV-E-continuous-B6R,2021-TXH3,0,B6-fixed-G+E,246,baseline,5.466337200400006,5.362392006855067,-26.870601765595218,0.06243850908655142,,,
CV-E-continuous-B6R,2021-TXH3,0,Selected-G,246,environment_narrower,5.947169992507631,5.8480052560367985,-31.98938459178401,0.04034244919716873,14.784100788413467,15.01410060892508,0.30016034577787826
CV-E-continuous-B6R,2021-TXH3,0,Selected-G+E,246,environment_narrower,5.585670973454433,5.482040519641063,-28.100751787634294,0.03256863438143514,14.784100788413467,15.01410060892508,0.30016034577787826
CV-E-continuous-B6R,2021-TXH3,0,Selected-G+E+GxE,246,environment_narrower,4.04527423424429,3.853143316466615,-14.26333533319319,0.09467716564795353,14.784100788413467,15.01410060892508,0.30016034577787826
CV-E-continuous-B6R,2021-WIH1,1,B6-fixed-G+E,397,baseline,2.355044492810259,1.9444949821892648,-0.22841348141949336,0.09134379361203594,,,
CV-E-continuous-B6R,2021-WIH1,1,Selected-G,397,environment_narrower,2.925443357432568,2.511490267933743,-0.8955259243622498,0.10162988809004157,9.666081077337907,10.239206548347328,0.597418387360417
CV-E-continuous-B6R,2021-WIH1,1,Selected-G+E,397,environment_narrower,2.5141430730376535,2.1020781051521054,-0.3999944635803361,0.09032040530092242,9.666081077337907,10.239206548347328,0.597418387360417
CV-E-continuous-B6R,2021-WIH1,1,Selected-G+E+GxE,397,environment_narrower,2.667491209838629,2.2392637493290746,-0.5759859268204415,0.05591620417389901,9.666081077337907,10.239206548347328,0.597418387360417
CV-E-continuous-B6R,2021-WIH2,4,B6-fixed-G+E,1137,baseline,1.8398700932443643,1.433659544759758,0.028553454633102326,0.2473023833064383,,,
CV-E-continuous-B6R,2021-WIH2,4,Selected-G,1137,environment_rank_32,2.7841014343062045,2.3279629323617304,-1.2244092691739388,0.2489961817537909,10.745150267268357,10.956846624120445,0.7252092121063881
CV-E-continuous-B6R,2021-WIH2,4,Selected-G+E,1137,environment_rank_32,1.989018445235249,1.5918298819435346,-0.13533024932691418,0.24748870130661002,10.745150267268357,10.956846624120445,0.7252092121063881
CV-E-continuous-B6R,2021-WIH2,4,Selected-G+E+GxE,1137,environment_rank_32,2.104881407634343,1.7106193562496022,-0.27145165678518146,0.2317640932002186,10.745150267268357,10.956846624120445,0.7252092121063881
CV-GE-continuous-B6R,2014-IAH1,4,B6-fixed-G+E,754,baseline,2.5320640765187528,2.1753780868539137,-1.5865345846887644,0.08614528952649456,,,
CV-GE-continuous-B6R,2014-IAH1,4,Selected-G,754,environment_rank_32,2.031323939344457,1.6776486998493594,-0.6646666530313903,0.0093787073312633,9.54845507410792,9.950904398834734,0.7759132746778606
CV-GE-continuous-B6R,2014-IAH1,4,Selected-G+E,754,environment_rank_32,1.8579364210135547,1.5119708848521154,-0.39261350593295097,0.11791043766370377,9.54845507410792,9.950904398834734,0.7759132746778606
CV-GE-continuous-B6R,2014-IAH1,4,Selected-G+E+GxE,754,environment_rank_32,1.6557214008735717,1.3321480656688074,-0.1059702141179164,0.13344029394153448,9.54845507410792,9.950904398834734,0.7759132746778606
CV-GE-continuous-B6R,2014-ILH1,2,B6-fixed-G+E,238,baseline,2.3196237631715055,1.9694780852298546,-0.6176786972053891,0.20107005710607911,,,
CV-GE-continuous-B6R,2014-ILH1,2,Selected-G,238,environment_rank_32,2.7912016705316143,2.435454438689734,-1.3422842642460302,0.19644541357676032,9.068305445725422,10.085171521478596,0.7977715285939058
CV-GE-continuous-B6R,2014-ILH1,2,Selected-G+E,238,environment_rank_32,2.0841148819050166,1.7259840010188747,-0.30587160166481797,0.20185179143250767,9.068305445725422,10.085171521478596,0.7977715285939058
CV-GE-continuous-B6R,2014-ILH1,2,Selected-G+E+GxE,238,environment_rank_32,2.036141721813178,1.6112232596313567,-0.2464451554725735,-0.07683368804675622,9.068305445725422,10.085171521478596,0.7977715285939058
CV-GE-continuous-B6R,2014-INH1,3,B6-fixed-G+E,240,baseline,1.27579587685737,0.9604675566713515,0.07263863299465734,0.28453882690533255,,,
CV-GE-continuous-B6R,2014-INH1,3,Selected-G,240,environment_narrower,1.8794095144619007,1.5890162401475716,-1.012470177721398,0.16608965943748263,18.069546944644852,19.929128958313537,0.16464308877404005
CV-GE-continuous-B6R,2014-INH1,3,Selected-G+E,240,environment_narrower,1.85104281699727,1.5753781900984314,-0.952178567493877,0.26482324381736577,18.069546944644852,19.929128958313537,0.16464308877404005
CV-GE-continuous-B6R,2014-INH1,3,Selected-G+E+GxE,240,environment_narrower,1.7216448388630996,1.463084921124479,-0.6887825822584521,0.3479412169384775,18.069546944644852,19.929128958313537,0.16464308877404005
CV-GE-continuous-B6R,2014-MNH1,0,B6-fixed-G+E,236,baseline,2.740064320948698,2.3244977015011923,-1.7298829362935901,0.15760743911844688,,,
CV-GE-continuous-B6R,2014-MNH1,0,Selected-G,236,environment_narrower,2.678494332857579,2.2666100816031256,-1.6085788706668596,0.15641257210371437,10.201753070467038,11.417861958567986,0.5638097933021295
CV-GE-continuous-B6R,2014-MNH1,0,Selected-G+E,236,environment_narrower,3.200323999493365,2.7949962828623622,-2.724006284558815,0.08435549858168127,10.201753070467038,11.417861958567986,0.5638097933021295
CV-GE-continuous-B6R,2014-MNH1,0,Selected-G+E+GxE,236,environment_narrower,2.7902467966581197,2.291070437246932,-1.8307906010301918,-0.2891100363334596,10.201753070467038,11.417861958567986,0.5638097933021295
CV-GE-continuous-B6R,2014-MOH2,1,B6-fixed-G+E,247,baseline,1.945157297633228,1.5112229613114658,-0.07104002494685391,-0.017110963622489227,,,
CV-GE-continuous-B6R,2014-MOH2,1,Selected-G,247,environment_narrower,2.0808462648293857,1.7006483397435963,-0.22567756725869836,-0.08802547366264157,10.836512564687824,11.307086517670763,0.5233824209505584
CV-GE-continuous-B6R,2014-MOH2,1,Selected-G+E,247,environment_narrower,1.9306802357527206,1.4994920628821473,-0.055156669975246375,0.001040307739373088,10.836512564687824,11.307086517670763,0.5233824209505584
CV-GE-continuous-B6R,2014-MOH2,1,Selected-G+E+GxE,247,environment_narrower,2.2180942274543454,1.7727245048277824,-0.39269568571904645,-0.2014102128206842,10.836512564687824,11.307086517670763,0.5233824209505584
CV-GE-continuous-B6R,2014-NEH1,0,B6-fixed-G+E,242,baseline,3.2596601823130804,2.7813013307208916,-2.066348983617875,0.08445305150957778,,,
CV-GE-continuous-B6R,2014-NEH1,0,Selected-G,242,environment_narrower,3.645921621784012,3.1846155578238915,-2.836114682329897,0.08292876687959491,12.169241643775214,12.570901734914107,0.4424702981142611
CV-GE-continuous-B6R,2014-NEH1,0,Selected-G+E,242,environment_narrower,3.1992758733836903,2.7231443674986084,-1.9537947044068589,0.10007716181239662,12.169241643775214,12.570901734914107,0.4424702981142611
CV-GE-continuous-B6R,2014-NEH1,0,Selected-G+E+GxE,242,environment_narrower,3.0732188665851297,2.585357897466709,-1.7256112123164487,0.07071421240366639,12.169241643775214,12.570901734914107,0.4424702981142611
CV-GE-continuous-B6R,2014-NEH2,4,B6-fixed-G+E,240,baseline,2.7743989905643915,2.3276411031371196,-1.34386457724074,0.004784993400767094,,,
CV-GE-continuous-B6R,2014-NEH2,4,Selected-G,240,environment_rank_32,4.126681596090029,3.6849064464171803,-4.185571207786817,-0.06475669479271819,11.298763341844703,12.238755135528402,0.7009942439462552
CV-GE-continuous-B6R,2014-NEH2,4,Selected-G+E,240,environment_rank_32,2.4500957757483186,1.994224773280409,-0.827935229877641,0.017621002688322,11.298763341844703,12.238755135528402,0.7009942439462552
CV-GE-continuous-B6R,2014-NEH2,4,Selected-G+E+GxE,240,environment_rank_32,2.3088862333332587,1.8683850253266683,-0.6233035880593765,-0.05864090432059864,11.298763341844703,12.238755135528402,0.7009942439462552
CV-GE-continuous-B6R,2014-NYH2,4,B6-fixed-G+E,218,baseline,1.944094169129001,1.5400942978501535,-0.7678742859689534,0.04604413647378223,,,
CV-GE-continuous-B6R,2014-NYH2,4,Selected-G,218,environment_rank_32,1.6078818839803795,1.3025427181988534,-0.20927498075184126,-0.038516352094614736,8.73145429516278,9.327432343324288,0.8088397087152701
CV-GE-continuous-B6R,2014-NYH2,4,Selected-G+E,218,environment_rank_32,2.278904444658453,1.8298474227128187,-1.4292321176114018,0.04568382919631631,8.73145429516278,9.327432343324288,0.8088397087152701
CV-GE-continuous-B6R,2014-NYH2,4,Selected-G+E+GxE,218,environment_rank_32,2.0547480831732763,1.6600386166918242,-0.9748492597370466,0.0913964231796338,8.73145429516278,9.327432343324288,0.8088397087152701
CV-GE-continuous-B6R,2014-WIH1,0,B6-fixed-G+E,208,baseline,2.4900472365731474,2.013172375395513,-0.43648377841878583,0.1589223742196446,,,
CV-GE-continuous-B6R,2014-WIH1,0,Selected-G,208,environment_narrower,2.899044624042056,2.388121686231687,-0.9471318249154739,0.11770415567250903,8.538160314908154,9.846895915586034,0.6693913492711459
CV-GE-continuous-B6R,2014-WIH1,0,Selected-G+E,208,environment_narrower,2.4556377110442305,1.9788552469099476,-0.39705705503220345,0.11645656456483372,8.538160314908154,9.846895915586034,0.6693913492711459
CV-GE-continuous-B6R,2014-WIH1,0,Selected-G+E+GxE,208,environment_narrower,2.3479366122157366,1.897640994669654,-0.2771981782876394,-0.017779448213103084,8.538160314908154,9.846895915586034,0.6693913492711459
CV-GE-continuous-B6R,2015-ILH1,1,B6-fixed-G+E,416,baseline,2.0708890092277183,1.6733348647517667,-0.2871668956714981,0.18877221562462976,,,
CV-GE-continuous-B6R,2015-ILH1,1,Selected-G,416,environment_narrower,2.1963480508823032,1.7749100153799895,-0.4478499029511398,0.1649732081796486,9.154515205091743,9.824514258178112,0.6299880883991145
CV-GE-continuous-B6R,2015-ILH1,1,Selected-G+E,416,environment_narrower,2.100392644912969,1.7019459662131853,-0.3241042909853522,0.1533602483589576,9.154515205091743,9.824514258178112,0.6299880883991145
CV-GE-continuous-B6R,2015-ILH1,1,Selected-G+E+GxE,416,environment_narrower,2.1777239564550084,1.7866645092239806,-0.4233997090004946,0.1311044444850211,9.154515205091743,9.824514258178112,0.6299880883991145
CV-GE-continuous-B6R,2015-INH1,3,B6-fixed-G+E,423,baseline,2.515242951330599,2.104466931206632,-0.9707903080014875,0.1793224642542807,,,
CV-GE-continuous-B6R,2015-INH1,3,Selected-G,423,environment_narrower,1.872627101130742,1.4368324018262548,-0.09240365669666195,0.11523138189036532,30.997960959192298,35.333635734608094,0.004947501566950924
CV-GE-continuous-B6R,2015-INH1,3,Selected-G+E,423,environment_narrower,1.89179655472236,1.4534713280769531,-0.11488326628201673,0.1642058685232778,30.997960959192298,35.333635734608094,0.004947501566950924
CV-GE-continuous-B6R,2015-INH1,3,Selected-G+E+GxE,423,environment_narrower,1.997586550344683,1.576427881938908,-0.24305901385690043,0.04197547196464442,30.997960959192298,35.333635734608094,0.004947501566950924
CV-GE-continuous-B6R,2015-KSH1,2,B6-fixed-G+E,418,baseline,2.956096743422534,2.550783865562673,-1.6448560471879188,0.13164282804548091,,,
CV-GE-continuous-B6R,2015-KSH1,2,Selected-G,418,environment_rank_32,4.322723906835008,3.9171915710830922,-4.655613850261235,0.06560703315766761,11.909207210667805,13.801337166319673,0.6772826651589458
CV-GE-continuous-B6R,2015-KSH1,2,Selected-G+E,418,environment_rank_32,2.3484892178165513,1.9563115606661512,-0.6693288331932601,0.09891999618880377,11.909207210667805,13.801337166319673,0.6772826651589458
CV-GE-continuous-B6R,2015-KSH1,2,Selected-G+E+GxE,418,environment_rank_32,2.2572901888905013,1.887487632935629,-0.5421958900270736,0.1377245650129447,11.909207210667805,13.801337166319673,0.6772826651589458
CV-GE-continuous-B6R,2015-MNH1,1,B6-fixed-G+E,407,baseline,1.4489483219023103,1.1215513743543,-0.10799959292180894,0.03943415895671639,,,
CV-GE-continuous-B6R,2015-MNH1,1,Selected-G,407,environment_narrower,2.0226009937701512,1.6696942289387273,-1.1590079471926003,0.009283799293847197,8.058194664355854,8.31138248973772,0.6990645109991603
CV-GE-continuous-B6R,2015-MNH1,1,Selected-G+E,407,environment_narrower,1.5626909856362936,1.2160063030249548,-0.28878366314553094,0.02058460869018927,8.058194664355854,8.31138248973772,0.6990645109991603
CV-GE-continuous-B6R,2015-MNH1,1,Selected-G+E+GxE,407,environment_narrower,1.5573760937870502,1.2314738374468146,-0.28003196820038956,0.06399924415152788,8.058194664355854,8.31138248973772,0.6990645109991603
CV-GE-continuous-B6R,2015-MOH1,0,B6-fixed-G+E,422,baseline,5.362561387359036,5.054752308470646,-8.648260450936485,0.0809696702378647,,,
CV-GE-continuous-B6R,2015-MOH1,0,Selected-G,422,environment_narrower,4.5607519773987795,4.203169601801019,-5.978745731710293,0.1206943043387883,4.556186538675395,11.161945601278088,0.8919924735441199
CV-GE-continuous-B6R,2015-MOH1,0,Selected-G+E,422,environment_narrower,5.5728667159273515,5.275520222307084,-9.419857452502272,0.08755530536416728,4.556186538675395,11.161945601278088,0.8919924735441199
CV-GE-continuous-B6R,2015-MOH1,0,Selected-G+E+GxE,422,environment_narrower,4.044713382648363,3.565420694975711,-4.48883238805859,0.03417989568787348,4.556186538675395,11.161945601278088,0.8919924735441199
CV-GE-continuous-B6R,2015-MOH2,3,B6-fixed-G+E,421,baseline,2.029588298950563,1.6604753234763783,-0.32388239219238324,0.2016220138653184,,,
CV-GE-continuous-B6R,2015-MOH2,3,Selected-G,421,environment_narrower,2.3295769921934557,1.926296158107049,-0.7441653000060211,0.14671592395132735,4.796136581443016,11.689878056760701,0.8806524125403103
CV-GE-continuous-B6R,2015-MOH2,3,Selected-G+E,421,environment_narrower,2.4748832080691456,2.0704804585772782,-0.9685340136943184,0.18351172886180428,4.796136581443016,11.689878056760701,0.8806524125403103
CV-GE-continuous-B6R,2015-MOH2,3,Selected-G+E+GxE,421,environment_narrower,2.486516489392748,2.0301386994746076,-0.987083844453591,0.1011723325530781,4.796136581443016,11.689878056760701,0.8806524125403103
CV-GE-continuous-B6R,2015-NEH2,2,B6-fixed-G+E,405,baseline,1.5967602225686326,1.230670247265611,-0.3455475374145338,-0.03213620349274074,,,
CV-GE-continuous-B6R,2015-NEH2,2,Selected-G,405,environment_rank_32,1.9795184823739391,1.5626628671113305,-1.0679439213705901,-0.005392859321390078,11.615024580949935,12.501589949019943,0.6902833170113132
CV-GE-continuous-B6R,2015-NEH2,2,Selected-G+E,405,environment_rank_32,1.5798204775009543,1.270763634449103,-0.31714962610984854,-0.017884729487513667,11.615024580949935,12.501589949019943,0.6902833170113132
CV-GE-continuous-B6R,2015-NEH2,2,Selected-G+E+GxE,405,environment_rank_32,1.511737316221604,1.2057055553787022,-0.20606940951583685,0.045268568599334875,11.615024580949935,12.501589949019943,0.6902833170113132
CV-GE-continuous-B6R,2015-NEH3,3,B6-fixed-G+E,249,baseline,1.4747843784152237,1.1335389607748194,-0.09894863939403176,0.11659874404152708,,,
CV-GE-continuous-B6R,2015-NEH3,3,Selected-G,249,environment_narrower,1.929771973216138,1.617063181084428,-0.8816217634429935,0.08531708242438171,11.428282736320261,12.986892982106028,0.48597288430648977
CV-GE-continuous-B6R,2015-NEH3,3,Selected-G+E,249,environment_narrower,1.466818709724667,1.0835880234424646,-0.08710932236186131,0.11094994009295994,11.428282736320261,12.986892982106028,0.48597288430648977
CV-GE-continuous-B6R,2015-NEH3,3,Selected-G+E+GxE,249,environment_narrower,1.963950512686453,1.6745790597534278,-0.9488634865189711,0.2186049596090614,11.428282736320261,12.986892982106028,0.48597288430648977
CV-GE-continuous-B6R,2015-NYH2,1,B6-fixed-G+E,355,baseline,3.043837141956761,2.4149232747952447,-1.075073285900837,0.1818702369580735,,,
CV-GE-continuous-B6R,2015-NYH2,1,Selected-G,355,environment_narrower,2.202553427595839,1.6726948306077951,-0.08653449567279026,0.15357882639358855,9.537134217498313,10.275380530607114,0.6056304759557978
CV-GE-continuous-B6R,2015-NYH2,1,Selected-G+E,355,environment_narrower,3.18106863050791,2.5550717493422996,-1.2664006864747601,0.18666398222649425,9.537134217498313,10.275380530607114,0.6056304759557978
CV-GE-continuous-B6R,2015-NYH2,1,Selected-G+E+GxE,355,environment_narrower,2.883692679500138,2.2619282144171726,-0.8624669079360545,0.18605316653136816,9.537134217498313,10.275380530607114,0.6056304759557978
CV-GE-continuous-B6R,2015-NYH3,3,B6-fixed-G+E,355,baseline,2.90135270035112,2.361293676372583,-1.034238663603149,0.2817986498609142,,,
CV-GE-continuous-B6R,2015-NYH3,3,Selected-G,355,environment_narrower,2.022712982441763,1.612879955804174,0.011288979415380873,0.32884381464415174,9.948026103957881,10.698446904021392,0.5788125809282771
CV-GE-continuous-B6R,2015-NYH3,3,Selected-G+E,355,environment_narrower,2.4724321380214422,1.9661402990445271,-0.4772350771383378,0.28249678526149336,9.948026103957881,10.698446904021392,0.5788125809282771
CV-GE-continuous-B6R,2015-NYH3,3,Selected-G+E+GxE,355,environment_narrower,2.1507283366019507,1.6826439619112847,-0.11782023085948734,0.23244823029763664,9.948026103957881,10.698446904021392,0.5788125809282771
CV-GE-continuous-B6R,2015-OHH1,0,B6-fixed-G+E,426,baseline,1.6989791025114322,1.345496138180575,-0.20174663040042806,0.08102745428969577,,,
CV-GE-continuous-B6R,2015-OHH1,0,Selected-G,426,environment_narrower,1.9508241695621786,1.5709184812940704,-0.5844301360773994,0.0365041407075728,9.555737556348946,10.233018044300696,0.604857705509461
CV-GE-continuous-B6R,2015-OHH1,0,Selected-G+E,426,environment_narrower,1.7570590296840254,1.3991229462617962,-0.28531490348512967,0.10724105650504775,9.555737556348946,10.233018044300696,0.604857705509461
CV-GE-continuous-B6R,2015-OHH1,0,Selected-G+E+GxE,426,environment_narrower,1.6806217730407478,1.3326362925399484,-0.17591738280173574,0.06477176875125297,9.555737556348946,10.233018044300696,0.604857705509461
CV-GE-continuous-B6R,2015-SDH1,0,B6-fixed-G+E,327,baseline,3.0855153723318067,2.671857828957723,-2.6989573371113313,-0.12763134355990724,,,
CV-GE-continuous-B6R,2015-SDH1,0,Selected-G,327,environment_narrower,3.9318378318624374,3.541627433495726,-5.006411571370146,-0.13106600972388546,11.563315745525772,12.419640553695595,0.4789279506178119
CV-GE-continuous-B6R,2015-SDH1,0,Selected-G+E,327,environment_narrower,2.989927173204521,2.572792137524353,-2.473322532540459,-0.1343584195843783,11.563315745525772,12.419640553695595,0.4789279506178119
CV-GE-continuous-B6R,2015-SDH1,0,Selected-G+E+GxE,327,environment_narrower,2.879564382718702,2.5002251950029035,-2.2216434926721442,0.016198258404895017,11.563315745525772,12.419640553695595,0.4789279506178119
CV-GE-continuous-B6R,2015-TXH1,3,B6-fixed-G+E,296,baseline,2.2011295742045647,1.7323325782666597,-0.5839255501339338,0.15025149115460731,,,
CV-GE-continuous-B6R,2015-TXH1,3,Selected-G,296,environment_narrower,1.9446103679903375,1.5367135287342597,-0.23625693345714716,0.08215764672434557,17.55736708585424,22.79334443676092,0.18210760053200756
CV-GE-continuous-B6R,2015-TXH1,3,Selected-G+E,296,environment_narrower,1.8047695488683058,1.4420057003623818,-0.06484661788827073,0.15354786574929052,17.55736708585424,22.79334443676092,0.18210760053200756
CV-GE-continuous-B6R,2015-TXH1,3,Selected-G+E+GxE,296,environment_narrower,2.2663559881836655,1.8083606901605258,-0.6791898558423188,-0.10538796596599477,17.55736708585424,22.79334443676092,0.18210760053200756
CV-GE-continuous-B6R,2015-TXH2,4,B6-fixed-G+E,308,baseline,2.7696485845598597,2.365100754959461,-1.7977859203287747,0.14249244727618915,,,
CV-GE-continuous-B6R,2015-TXH2,4,Selected-G,308,environment_rank_32,2.490345563642741,2.076447454022224,-1.2619571401579894,0.0744562788984379,17.779916278737733,23.468932002985966,0.4149040511180356
CV-GE-continuous-B6R,2015-TXH2,4,Selected-G+E,308,environment_rank_32,2.8906625141698195,2.4927057420065117,-2.0476137456175842,0.1440572446008898,17.779916278737733,23.468932002985966,0.4149040511180356
CV-GE-continuous-B6R,2015-TXH2,4,Selected-G+E+GxE,308,environment_rank_32,3.3057712764772074,2.8850699315176596,-2.9857563447809814,0.1387487982521044,17.779916278737733,23.468932002985966,0.4149040511180356
CV-GE-continuous-B6R,2016-DEH1,3,B6-fixed-G+E,230,baseline,2.1506151553742408,1.7929218748027855,-0.2882675676425537,0.33524435396881047,,,
CV-GE-continuous-B6R,2016-DEH1,3,Selected-G,230,environment_narrower,2.0699983164005222,1.6794078921958178,-0.1934951377662144,0.12510458734021018,14.522688912991857,14.69332609598916,0.3118354839578806
CV-GE-continuous-B6R,2016-DEH1,3,Selected-G+E,230,environment_narrower,2.323247389233951,1.9691961246994751,-0.5033897507682734,0.28500999533686244,14.522688912991857,14.69332609598916,0.3118354839578806
CV-GE-continuous-B6R,2016-DEH1,3,Selected-G+E+GxE,230,environment_narrower,2.322385175274209,1.888602635440255,-0.5022740683814688,-0.015421434543567631,14.522688912991857,14.69332609598916,0.3118354839578806
CV-GE-continuous-B6R,2016-GAH2,4,B6-fixed-G+E,87,baseline,3.9535405205182053,3.71462678187116,-7.505450508717562,0.1864888754620241,,,
CV-GE-continuous-B6R,2016-GAH2,4,Selected-G,87,environment_rank_32,4.683430519578722,4.4873819991493,-10.935842972909779,0.2543851788437239,9.4550105205714,12.522507632058508,0.7797570021601149
CV-GE-continuous-B6R,2016-GAH2,4,Selected-G+E,87,environment_rank_32,4.494870754957643,4.277139212522594,-9.994091583145181,0.1447385605196028,9.4550105205714,12.522507632058508,0.7797570021601149
CV-GE-continuous-B6R,2016-GAH2,4,Selected-G+E+GxE,87,environment_rank_32,5.180904818648527,4.98607850722804,-13.60616359499328,0.1927973993930915,9.4550105205714,12.522507632058508,0.7797570021601149
CV-GE-continuous-B6R,2016-IAH2,0,B6-fixed-G+E,388,baseline,2.9447828144363135,2.2568472717234673,-0.5184619991228092,0.10055807543896378,,,
CV-GE-continuous-B6R,2016-IAH2,0,Selected-G,388,environment_narrower,2.3970451787403464,1.8632280641606949,-0.00612010398395757,0.14306764841666778,8.206652187012338,9.264310970233566,0.6901664142130035
CV-GE-continuous-B6R,2016-IAH2,0,Selected-G+E,388,environment_narrower,3.2058869527441516,2.5119112576142735,-0.7996738074837393,0.12839630380222694,8.206652187012338,9.264310970233566,0.6901664142130035
CV-GE-continuous-B6R,2016-IAH2,0,Selected-G+E+GxE,388,environment_narrower,3.0607006217439308,2.3257836905291653,-0.6403597012405506,-0.02858435679445413,8.206652187012338,9.264310970233566,0.6901664142130035
CV-GE-continuous-B6R,2016-IAH3,0,B6-fixed-G+E,375,baseline,1.565645094816214,1.2242731084867806,-0.21998074841096305,0.1070104639744085,,,
CV-GE-continuous-B6R,2016-IAH3,0,Selected-G,375,environment_narrower,1.9501171269930584,1.6262512461635983,-0.8927259091918318,0.15481043685657042,8.996752604452235,9.77916213646791,0.6404001844761161
CV-GE-continuous-B6R,2016-IAH3,0,Selected-G+E,375,environment_narrower,1.5001905508913973,1.181545935633242,-0.12010615954451831,0.12168871530676782,8.996752604452235,9.77916213646791,0.6404001844761161
CV-GE-continuous-B6R,2016-IAH3,0,Selected-G+E+GxE,375,environment_narrower,1.6708709139098057,1.374250239141101,-0.3894794628436766,0.08340288103220482,8.996752604452235,9.77916213646791,0.6404001844761161
CV-GE-continuous-B6R,2016-IAH4,3,B6-fixed-G+E,396,baseline,1.3533663507868043,1.0511178338139415,-0.11427114724960163,0.26182691877233183,,,
CV-GE-continuous-B6R,2016-IAH4,3,Selected-G,396,environment_narrower,1.450218133659626,1.1753943662484396,-0.27946025377269645,0.16642010224639397,8.560646077408494,10.832917241648309,0.667042669448808
CV-GE-continuous-B6R,2016-IAH4,3,Selected-G+E,396,environment_narrower,1.3808014783777547,1.0737345804364624,-0.15990554147481162,0.22886569668589565,8.560646077408494,10.832917241648309,0.667042669448808
CV-GE-continuous-B6R,2016-IAH4,3,Selected-G+E+GxE,396,environment_narrower,1.3961388631878995,1.0915050132809336,-0.18581617312031673,0.21733406580117906,8.560646077408494,10.832917241648309,0.667042669448808
CV-GE-continuous-B6R,2016-ILH1,0,B6-fixed-G+E,212,baseline,2.04450142152223,1.5707957736963207,-0.22560388525361064,0.2025068066138818,,,
CV-GE-continuous-B6R,2016-ILH1,0,Selected-G,212,environment_narrower,2.1191713360433613,1.683507292194094,-0.3167624625263583,0.10304180613037177,9.599850477950774,10.368423012314883,0.602050083234465
CV-GE-continuous-B6R,2016-ILH1,0,Selected-G+E,212,environment_narrower,1.8559750618072564,1.4073855135814162,-0.009995800931135612,0.18930396782375178,9.599850477950774,10.368423012314883,0.602050083234465
CV-GE-continuous-B6R,2016-ILH1,0,Selected-G+E+GxE,212,environment_narrower,2.850986985505356,2.258677703929948,-1.3832289453401443,0.30679876139392226,9.599850477950774,10.368423012314883,0.602050083234465
CV-GE-continuous-B6R,2016-INH1,3,B6-fixed-G+E,235,baseline,2.2494481449677917,1.7565527841396757,-0.4463270003679707,0.4277368982189058,,,
CV-GE-continuous-B6R,2016-INH1,3,Selected-G,235,environment_narrower,2.2271835508659996,1.7647656309602713,-0.4178377731529963,0.22696501488623816,8.867083994001803,9.765336729332802,0.6476480410460261
CV-GE-continuous-B6R,2016-INH1,3,Selected-G+E,235,environment_narrower,2.3847609986016636,1.890131563497106,-0.6255646351644244,0.39704787769408595,8.867083994001803,9.765336729332802,0.6476480410460261
CV-GE-continuous-B6R,2016-INH1,3,Selected-G+E+GxE,235,environment_narrower,2.6851177238650727,2.100146671412327,-1.0608253318091183,0.27699596729095044,8.867083994001803,9.765336729332802,0.6476480410460261
CV-GE-continuous-B6R,2016-MIH1,2,B6-fixed-G+E,234,baseline,2.460123562704598,2.0895049934993057,-0.4663234373025862,0.06943923771354651,,,
CV-GE-continuous-B6R,2016-MIH1,2,Selected-G,234,environment_rank_32,2.0547847995008164,1.5776247886880892,-0.0229363786250687,0.10754116982641572,10.958151507655185,12.201778991473123,0.7189848545032781
CV-GE-continuous-B6R,2016-MIH1,2,Selected-G+E,234,environment_rank_32,2.519591900964379,2.143663791659222,-0.5380708536162915,0.031378321174899734,10.958151507655185,12.201778991473123,0.7189848545032781
CV-GE-continuous-B6R,2016-MIH1,2,Selected-G+E+GxE,234,environment_rank_32,2.190665523740604,1.7462508107371901,-0.1627010962751676,0.04315274395598114,10.958151507655185,12.201778991473123,0.7189848545032781
CV-GE-continuous-B6R,2016-MNH1,2,B6-fixed-G+E,232,baseline,1.5218228260309061,1.1895549354948454,-0.077403527859365,0.06917150906628361,,,
CV-GE-continuous-B6R,2016-MNH1,2,Selected-G,232,environment_rank_32,1.678380415370359,1.35937167036668,-0.3104818546770214,0.1544535747653774,8.47726903594442,10.092590221034428,0.8208278095986048
CV-GE-continuous-B6R,2016-MNH1,2,Selected-G+E,232,environment_rank_32,2.0748011885919513,1.7014188049140164,-1.0026413623194408,-0.028221243214465598,8.47726903594442,10.092590221034428,0.8208278095986048
CV-GE-continuous-B6R,2016-MNH1,2,Selected-G+E+GxE,232,environment_rank_32,1.5342802239165065,1.2625503032912808,-0.09511462788372493,0.1489538064652391,8.47726903594442,10.092590221034428,0.8208278095986048
CV-GE-continuous-B6R,2016-NEH1,1,B6-fixed-G+E,231,baseline,2.3863462953243904,1.9321838908958393,-0.8416504614830094,0.32243123843671256,,,
CV-GE-continuous-B6R,2016-NEH1,1,Selected-G,231,environment_narrower,2.7227296062379263,2.255106749448614,-1.3974485750561798,0.0655703215974316,13.350111677797024,14.100161671125742,0.37432350073859005
CV-GE-continuous-B6R,2016-NEH1,1,Selected-G+E,231,environment_narrower,2.305219907815201,1.8573171379584734,-0.7185611734868118,0.34338960650351447,13.350111677797024,14.100161671125742,0.37432350073859005
CV-GE-continuous-B6R,2016-NEH1,1,Selected-G+E+GxE,231,environment_narrower,2.163039664667097,1.7320948707243362,-0.5131056034046029,0.453201453533998,13.350111677797024,14.100161671125742,0.37432350073859005
CV-GE-continuous-B6R,2016-NEH4,0,B6-fixed-G+E,214,baseline,2.3286945498024236,1.9260639797996184,-1.5032266202136126,0.07708062363300924,,,
CV-GE-continuous-B6R,2016-NEH4,0,Selected-G,214,environment_narrower,2.0844911195782294,1.6773971955293865,-1.0057426696945706,-0.0035543649596273875,13.315980605317113,14.146180026830766,0.37670479781679755
CV-GE-continuous-B6R,2016-NEH4,0,Selected-G+E,214,environment_narrower,2.122017227782278,1.7225836171801283,-1.0786095869942036,0.08168242909468573,13.315980605317113,14.146180026830766,0.37670479781679755
CV-GE-continuous-B6R,2016-NEH4,0,Selected-G+E+GxE,214,environment_narrower,2.0186017453464684,1.6472187588597043,-0.880946330876281,0.2071546910383136,13.315980605317113,14.146180026830766,0.37670479781679755
CV-GE-continuous-B6R,2016-NYH1,1,B6-fixed-G+E,224,baseline,1.236293644704256,0.974993146261801,-0.16787250634531725,0.18516999393515662,,,
CV-GE-continuous-B6R,2016-NYH1,1,Selected-G,224,environment_narrower,1.9965294779023695,1.6870046500397993,-2.0458156554808973,0.24259370021710083,9.248947042099458,10.440910761765448,0.6239805891983812
CV-GE-continuous-B6R,2016-NYH1,1,Selected-G+E,224,environment_narrower,1.1857933658715445,0.9382574231783637,-0.07441037561491015,0.15729736625893756,9.248947042099458,10.440910761765448,0.6239805891983812
CV-GE-continuous-B6R,2016-NYH1,1,Selected-G+E+GxE,224,environment_narrower,1.5877287469392096,1.1965238814061718,-0.9262150741647066,0.08214250805991712,9.248947042099458,10.440910761765448,0.6239805891983812
CV-GE-continuous-B6R,2016-NYH2,4,B6-fixed-G+E,230,baseline,3.7906684464956326,3.2578762613964347,-3.400701682406458,-0.12570085420200008,,,
CV-GE-continuous-B6R,2016-NYH2,4,Selected-G,230,environment_rank_32,3.159466785066786,2.6323646015792357,-2.057158228885826,0.05888523267995519,3.822259131362403,8.840146001981156,0.9601598427302375
CV-GE-continuous-B6R,2016-NYH2,4,Selected-G+E,230,environment_rank_32,3.2243720784515473,2.5958352494403596,-2.1840555233011996,-0.16754365151788247,3.822259131362403,8.840146001981156,0.9601598427302375
CV-GE-continuous-B6R,2016-NYH2,4,Selected-G+E+GxE,230,environment_rank_32,2.9387684657910857,2.2068925771819132,-1.6449719517345507,-0.22233729464379234,3.822259131362403,8.840146001981156,0.9601598427302375
CV-GE-continuous-B6R,2016-NYH2L,2,B6-fixed-G+E,96,baseline,6.89838703585678,6.844227537681334,-143.32213855831347,-0.10848708081563174,,,
CV-GE-continuous-B6R,2016-NYH2L,2,Selected-G,96,environment_rank_32,6.790556155446229,6.733309363493992,-138.84551151388422,-0.048613651789219975,3.7778154661924224,9.836141147238447,0.961547713963438
CV-GE-continuous-B6R,2016-NYH2L,2,Selected-G+E,96,environment_rank_32,6.727381238002092,6.664527063736988,-136.25555211756597,-0.2162876132845144,3.7778154661924224,9.836141147238447,0.961547713963438
CV-GE-continuous-B6R,2016-NYH2L,2,Selected-G+E+GxE,96,environment_rank_32,5.534250980117063,5.384752596586619,-91.88712971644583,-0.15064634037108302,3.7778154661924224,9.836141147238447,0.961547713963438
CV-GE-continuous-B6R,2016-TXH1,0,B6-fixed-G+E,218,baseline,3.8290403929596306,3.6610154194385442,-10.29266809976176,0.23560930634374594,,,
CV-GE-continuous-B6R,2016-TXH1,0,Selected-G,218,environment_narrower,2.7307758338136545,2.4565507915403164,-4.74366061662128,0.10510119950023293,16.379757336368673,22.43975639266089,0.228268446496712
CV-GE-continuous-B6R,2016-TXH1,0,Selected-G+E,218,environment_narrower,3.0926147899924037,2.8797067684680853,-6.366620979378505,0.22314182835685042,16.379757336368673,22.43975639266089,0.228268446496712
CV-GE-continuous-B6R,2016-TXH1,0,Selected-G+E+GxE,218,environment_narrower,2.693691520741424,2.4240259035554694,-4.588720454097069,0.31591641147782806,16.379757336368673,22.43975639266089,0.228268446496712
CV-GE-continuous-B6R,2016-TXH2,3,B6-fixed-G+E,234,baseline,2.0967725411192317,1.6628981686782882,-0.25758256262962553,0.2868720893000532,,,
CV-GE-continuous-B6R,2016-TXH2,3,Selected-G,234,environment_narrower,1.9769769221758504,1.5563965611109492,-0.11798780218023541,0.14972477852582733,18.897336021026682,24.634283546632407,0.13903271251018334
CV-GE-continuous-B6R,2016-TXH2,3,Selected-G+E,234,environment_narrower,2.2285436633149502,1.7836635085723815,-0.4206142308915981,0.232819117567434,18.897336021026682,24.634283546632407,0.13903271251018334
CV-GE-continuous-B6R,2016-TXH2,3,Selected-G+E+GxE,234,environment_narrower,2.0485031731588146,1.6261196644174267,-0.20034792993888728,0.42711167907043723,18.897336021026682,24.634283546632407,0.13903271251018334
CV-GE-continuous-B6R,2016-WIH1,2,B6-fixed-G+E,308,baseline,1.898364103810374,1.5137034733155375,0.014104715843314963,0.24601428842171125,,,
CV-GE-continuous-B6R,2016-WIH1,2,Selected-G,308,environment_rank_32,2.055763526757986,1.6541692890270379,-0.15616036225938146,0.15995001620114688,10.82508877289556,11.32154488117575,0.7247333807716715
CV-GE-continuous-B6R,2016-WIH1,2,Selected-G+E,308,environment_rank_32,1.789040347386673,1.3906800107154353,0.12438733816924186,0.35573538511114716,10.82508877289556,11.32154488117575,0.7247333807716715
CV-GE-continuous-B6R,2016-WIH1,2,Selected-G+E+GxE,308,environment_rank_32,1.774115360875695,1.3579398907751596,0.13893591498227598,0.4507384087660893,10.82508877289556,11.32154488117575,0.7247333807716715
CV-GE-continuous-B6R,2016-WIH2,0,B6-fixed-G+E,418,baseline,2.4776179127668985,2.0041039894508508,-0.04967317744275168,0.3304467954383924,,,
CV-GE-continuous-B6R,2016-WIH2,0,Selected-G,418,environment_narrower,2.3389521284826893,1.9338592504167664,0.06453379732169051,0.27752226310059586,10.501055571754964,11.141112811252025,0.5448986019360567
CV-GE-continuous-B6R,2016-WIH2,0,Selected-G+E,418,environment_narrower,2.351431680547281,1.9338591662293076,0.05452474834163701,0.3272396906935946,10.501055571754964,11.141112811252025,0.5448986019360567
CV-GE-continuous-B6R,2016-WIH2,0,Selected-G+E+GxE,418,environment_narrower,2.2843820688154097,1.8694509733011326,0.10767528840559049,0.3643369677899176,10.501055571754964,11.141112811252025,0.5448986019360567
CV-GE-continuous-B6R,2017-COH1,2,B6-fixed-G+E,209,baseline,5.136508334299891,4.910364833113774,-13.748294089914305,-0.06574566379767909,,,
CV-GE-continuous-B6R,2017-COH1,2,Selected-G,209,environment_rank_32,2.8855646729785276,2.485260239728524,-3.654439823050306,-0.01831283957288987,16.02408630316611,17.68380190892634,0.4938800539974539
CV-GE-continuous-B6R,2017-COH1,2,Selected-G+E,209,environment_rank_32,3.504244775949852,3.173194644397275,-5.864274840650144,-0.07164998915710082,16.02408630316611,17.68380190892634,0.4938800539974539
CV-GE-continuous-B6R,2017-COH1,2,Selected-G+E+GxE,209,environment_rank_32,3.6453872462771426,3.3078613622868263,-6.428363280107721,0.07945131535962613,16.02408630316611,17.68380190892634,0.4938800539974539
CV-GE-continuous-B6R,2017-DEH1,0,B6-fixed-G+E,168,baseline,3.2116065905696027,2.792151237102218,-1.3439435384180665,0.23191940600903635,,,
CV-GE-continuous-B6R,2017-DEH1,0,Selected-G,168,environment_narrower,2.884789980299932,2.4444804595922562,-0.8911712936608418,0.15911825834932433,18.87370691975601,20.507778295955596,0.14067260117509187
CV-GE-continuous-B6R,2017-DEH1,0,Selected-G+E,168,environment_narrower,3.1090955731781325,2.693857833360799,-1.196699291407198,0.2490437623331975,18.87370691975601,20.507778295955596,0.14067260117509187
CV-GE-continuous-B6R,2017-DEH1,0,Selected-G+E+GxE,168,environment_narrower,3.668286118678447,3.214593130165972,-2.057939366696614,0.37861529082694056,18.87370691975601,20.507778295955596,0.14067260117509187
CV-GE-continuous-B6R,2017-GAH1,4,B6-fixed-G+E,130,baseline,2.5352495795428855,2.0359478309265917,0.028592733000374126,0.17742457430742206,,,
CV-GE-continuous-B6R,2017-GAH1,4,Selected-G,130,environment_rank_32,2.7993397296852374,2.2055589735469723,-0.18432562245790618,0.04123750543463765,15.187920921393543,15.781319915976237,0.526284992581154
CV-GE-continuous-B6R,2017-GAH1,4,Selected-G+E,130,environment_rank_32,2.5643008960263756,2.0399189469245638,0.006202551106983978,0.16702202813808406,15.187920921393543,15.781319915976237,0.526284992581154
CV-GE-continuous-B6R,2017-GAH1,4,Selected-G+E+GxE,130,environment_rank_32,2.7218693409640475,2.1685100910435913,-0.11968138196805911,0.22988708100146568,15.187920921393543,15.781319915976237,0.526284992581154
CV-GE-continuous-B6R,2017-GAH2,1,B6-fixed-G+E,84,baseline,1.948135158314467,1.6104993842557631,-0.4809903154730357,0.25369664359830685,,,
CV-GE-continuous-B6R,2017-GAH2,1,Selected-G,84,environment_narrower,1.7127084672013109,1.307469761000279,-0.1446716840356581,0.17257378505087176,13.634102283620768,15.867648159541996,0.3588374438146353
CV-GE-continuous-B6R,2017-GAH2,1,Selected-G+E,84,environment_narrower,1.7517091266598739,1.4277422056592666,-0.19739664127413303,0.2150187478964839,13.634102283620768,15.867648159541996,0.3588374438146353
CV-GE-continuous-B6R,2017-GAH2,1,Selected-G+E+GxE,84,environment_narrower,1.5711856027078768,1.2566715621522448,0.0366834271493095,0.26459211599687826,13.634102283620768,15.867648159541996,0.3588374438146353
CV-GE-continuous-B6R,2017-IAH4,2,B6-fixed-G+E,326,baseline,3.264657240337064,2.9009466835170876,-2.7441790183606387,0.26548392635008694,,,
CV-GE-continuous-B6R,2017-IAH4,2,Selected-G,326,environment_rank_32,2.7941913147636184,2.3928120123270293,-1.7427972164999725,0.19442912233932305,8.8558514810536,10.299747027190103,0.806161943031676
CV-GE-continuous-B6R,2017-IAH4,2,Selected-G+E,326,environment_rank_32,2.9931654201899494,2.602831271359883,-2.147334205228959,0.22422201132775615,8.8558514810536,10.299747027190103,0.806161943031676
CV-GE-continuous-B6R,2017-IAH4,2,Selected-G+E+GxE,326,environment_rank_32,3.2013762783610473,2.8033941055541303,-2.6004341175946664,0.1650549420771653,8.8558514810536,10.299747027190103,0.806161943031676
CV-GE-continuous-B6R,2017-ILH1,0,B6-fixed-G+E,173,baseline,1.5498569041248973,1.21958061983318,-0.49975768871941906,0.016777623998537786,,,
CV-GE-continuous-B6R,2017-ILH1,0,Selected-G,173,environment_narrower,2.4517759129549774,2.0776425515172,-2.7531804086259384,0.06478730559077618,11.733960877314374,12.717715111060874,0.4685584281577272
CV-GE-continuous-B6R,2017-ILH1,0,Selected-G+E,173,environment_narrower,1.5377356885252729,1.208196706021806,-0.4763906295135203,0.026877902916978082,11.733960877314374,12.717715111060874,0.4685584281577272
CV-GE-continuous-B6R,2017-ILH1,0,Selected-G+E+GxE,173,environment_narrower,3.051045386869886,2.4847210584675166,-4.812128785885883,0.06935016405317175,11.733960877314374,12.717715111060874,0.4685584281577272
CV-GE-continuous-B6R,2017-INH1,1,B6-fixed-G+E,163,baseline,3.2410040173279775,2.9361204855955156,-2.889507969330633,0.23214497510912585,,,
CV-GE-continuous-B6R,2017-INH1,1,Selected-G,163,environment_narrower,3.4796996214598286,3.148035802973273,-3.4835192503067685,0.14613349011526533,9.912323238880717,10.229889735138174,0.5817479330248875
CV-GE-continuous-B6R,2017-INH1,1,Selected-G+E,163,environment_narrower,2.8332434759798755,2.4965685703432796,-1.972373096459941,0.21993137326905263,9.912323238880717,10.229889735138174,0.5817479330248875
CV-GE-continuous-B6R,2017-INH1,1,Selected-G+E+GxE,163,environment_narrower,2.97757143215033,2.608036400211526,-2.282917016348316,0.16459119602788888,9.912323238880717,10.229889735138174,0.5817479330248875
CV-GE-continuous-B6R,2017-MIH1,2,B6-fixed-G+E,184,baseline,1.74724868716965,1.4035870198319365,0.045945205298582814,0.26450583466777505,,,
CV-GE-continuous-B6R,2017-MIH1,2,Selected-G,184,environment_rank_32,2.099367984001002,1.7511542136570697,-0.3773395311755763,0.230916005004454,12.19448583085774,12.800282050733879,0.6646074801692075
CV-GE-continuous-B6R,2017-MIH1,2,Selected-G+E,184,environment_rank_32,1.7120115327470244,1.4083433813961086,0.08403844725156928,0.3121809190491067,12.19448583085774,12.800282050733879,0.6646074801692075
CV-GE-continuous-B6R,2017-MIH1,2,Selected-G+E+GxE,184,environment_rank_32,1.8074620340087753,1.4691401051576256,-0.02094474975558125,0.35104309554708407,12.19448583085774,12.800282050733879,0.6646074801692075
CV-GE-continuous-B6R,2017-MNH1,4,B6-fixed-G+E,212,baseline,1.927481356884895,1.5633803276466225,-0.5526105891317368,0.05845200976834996,,,
CV-GE-continuous-B6R,2017-MNH1,4,Selected-G,212,environment_rank_32,1.581377363333076,1.2154137600841595,-0.04508883274682418,0.2605956414855157,8.569645120088158,10.096472613451285,0.8151654462573403
CV-GE-continuous-B6R,2017-MNH1,4,Selected-G+E,212,environment_rank_32,1.8483204646842917,1.48201380706194,-0.4276991984372531,0.012623959089092907,8.569645120088158,10.096472613451285,0.8151654462573403
CV-GE-continuous-B6R,2017-MNH1,4,Selected-G+E+GxE,212,environment_rank_32,1.8056166640871791,1.4291875559273772,-0.3624898635595162,0.019075046816487726,8.569645120088158,10.096472613451285,0.8151654462573403
CV-GE-continuous-B6R,2017-NYH1,0,B6-fixed-G+E,204,baseline,2.169114035091051,1.7236627636297888,-0.8360386717488586,0.0759638041967869,,,
CV-GE-continuous-B6R,2017-NYH1,0,Selected-G,204,environment_narrower,1.8701058041915817,1.4678656068852245,-0.3647384004764651,0.09772990643707156,9.787429446801049,10.851668825769696,0.5901149585539707
CV-GE-continuous-B6R,2017-NYH1,0,Selected-G+E,204,environment_narrower,2.694185809295008,2.222253173018791,-1.8325145152596067,0.07177549264092509,9.787429446801049,10.851668825769696,0.5901149585539707
CV-GE-continuous-B6R,2017-NYH1,0,Selected-G+E+GxE,204,environment_narrower,3.2898160494751014,2.8215930900223176,-3.2233812300419915,0.02025032951555771,9.787429446801049,10.851668825769696,0.5901149585539707
CV-GE-continuous-B6R,2017-NYH2,0,B6-fixed-G+E,197,baseline,2.4347026612465816,2.1053512848121607,-1.6223239009176287,0.0972840009183455,,,
CV-GE-continuous-B6R,2017-NYH2,0,Selected-G,197,environment_narrower,2.403695930732437,2.0712246535725702,-1.5559569156415765,0.13269638242409967,8.232599592295333,9.710265230410721,0.6885473876723468
CV-GE-continuous-B6R,2017-NYH2,0,Selected-G+E,197,environment_narrower,1.814018420592305,1.4903667063474084,-0.45572003109343107,0.10200924764439234,8.232599592295333,9.710265230410721,0.6885473876723468
CV-GE-continuous-B6R,2017-NYH2,0,Selected-G+E+GxE,197,environment_narrower,1.6945827955813249,1.3352862093274733,-0.27034024847432647,0.12156438439115812,8.232599592295333,9.710265230410721,0.6885473876723468
CV-GE-continuous-B6R,2017-NYH3,4,B6-fixed-G+E,132,baseline,1.756254987641448,1.3185180412723425,-0.11133264375050511,0.021140655156175393,,,
CV-GE-continuous-B6R,2017-NYH3,4,Selected-G,132,environment_rank_32,2.3350425769457583,1.9466565842502017,-0.9645294234416628,0.00884180402394136,9.872835275345098,11.268299529999544,0.7624291293430691
CV-GE-continuous-B6R,2017-NYH3,4,Selected-G+E,132,environment_rank_32,2.3150843456724233,1.8141544166982015,-0.931090230449972,0.06081139381346582,9.872835275345098,11.268299529999544,0.7624291293430691
CV-GE-continuous-B6R,2017-NYH3,4,Selected-G+E+GxE,132,environment_rank_32,2.002815236925711,1.547289448386545,-0.4452757092382478,0.12582407512502544,9.872835275345098,11.268299529999544,0.7624291293430691
CV-GE-continuous-B6R,2017-TXH1-Dry,2,B6-fixed-G+E,133,baseline,3.2900262889524514,2.9898153568485575,-3.8821060201310154,0.17512978640666557,,,
CV-GE-continuous-B6R,2017-TXH1-Dry,2,Selected-G,133,environment_rank_32,2.249869120695662,1.9366855134875767,-1.283089728221205,0.0780694758025487,13.801006645271633,14.850103577998093,0.5925631223118122
CV-GE-continuous-B6R,2017-TXH1-Dry,2,Selected-G+E,133,environment_rank_32,4.240948482354414,3.982911643705439,-7.112121815548429,0.20704563624628514,13.801006645271633,14.850103577998093,0.5925631223118122
CV-GE-continuous-B6R,2017-TXH1-Dry,2,Selected-G+E+GxE,133,environment_rank_32,3.3387910089951354,3.039729237907926,-4.027903579662336,0.33839018888807476,13.801006645271633,14.850103577998093,0.5925631223118122
CV-GE-continuous-B6R,2017-TXH1-Early,2,B6-fixed-G+E,178,baseline,3.6847623414265787,3.42833098684833,-5.890727902612943,0.2302800446459161,,,
CV-GE-continuous-B6R,2017-TXH1-Early,2,Selected-G,178,environment_rank_32,2.567701474282257,2.267179122625664,-2.3460713525057515,0.16850484889741116,13.800994387842596,14.85009084036198,0.5925636731223234
CV-GE-continuous-B6R,2017-TXH1-Early,2,Selected-G+E,178,environment_rank_32,4.6401494803624095,4.4264185272377965,-9.92722988049021,0.199027812991175,13.800994387842596,14.85009084036198,0.5925636731223234
CV-GE-continuous-B6R,2017-TXH1-Early,2,Selected-G+E+GxE,178,environment_rank_32,3.592479661161647,3.293840288225496,-5.549901560121822,0.15831760028639397,13.800994387842596,14.85009084036198,0.5925636731223234
CV-GE-continuous-B6R,2017-TXH1-Late,4,B6-fixed-G+E,133,baseline,1.9162343577671674,1.6798398886478283,-2.71966671998838,-0.036006934420105545,,,
CV-GE-continuous-B6R,2017-TXH1-Late,4,Selected-G,133,environment_rank_32,3.293310485857052,3.070761407761377,-9.98682324079997,0.02424101482477701,13.407842441470365,13.574505497687628,0.6063721937387341
CV-GE-continuous-B6R,2017-TXH1-Late,4,Selected-G+E,133,environment_rank_32,1.4900142101260105,1.309549573932986,-1.2489904130949134,-0.021093397653139168,13.407842441470365,13.574505497687628,0.6063721937387341
CV-GE-continuous-B6R,2017-TXH1-Late,4,Selected-G+E+GxE,133,environment_rank_32,2.356092107218369,2.0906106645595,-4.623300763408499,-0.003645761003927234,13.407842441470365,13.574505497687628,0.6063721937387341
CV-GE-continuous-B6R,2017-TXH2,3,B6-fixed-G+E,131,baseline,2.11692549882744,1.6588402058819143,-0.2700859739372645,0.1637722135035451,,,
CV-GE-continuous-B6R,2017-TXH2,3,Selected-G,131,environment_narrower,1.9381195457324119,1.5887379391403502,-0.06459174558686143,0.12871527069136068,19.651841009165,20.375786477429095,0.11839307241959855
CV-GE-continuous-B6R,2017-TXH2,3,Selected-G+E,131,environment_narrower,2.0136092549762874,1.5809615137455253,-0.14913848365108473,0.11738171699062774,19.651841009165,20.375786477429095,0.11839307241959855
CV-GE-continuous-B6R,2017-TXH2,3,Selected-G+E+GxE,131,environment_narrower,1.8420381388227902,1.4782089335210158,0.03834519154577609,0.3056909840647649,19.651841009165,20.375786477429095,0.11839307241959855
CV-GE-continuous-B6R,2017-WIH1,1,B6-fixed-G+E,274,baseline,3.8858045138072113,3.477307298275791,-2.301420497713042,0.25493971359268464,,,
CV-GE-continuous-B6R,2017-WIH1,1,Selected-G,274,environment_narrower,3.789074299468526,3.3578029805380054,-2.1391002774627137,0.1666614576639644,12.346335887455295,12.82223449280634,0.43152742638827435
CV-GE-continuous-B6R,2017-WIH1,1,Selected-G+E,274,environment_narrower,3.6651775135305558,3.262169258163504,-1.9371692539969687,0.2802533143673358,12.346335887455295,12.82223449280634,0.43152742638827435
CV-GE-continuous-B6R,2017-WIH1,1,Selected-G+E+GxE,274,environment_narrower,3.3731098218910915,2.9829397569753797,-1.487710899433686,0.2983662469337423,12.346335887455295,12.82223449280634,0.43152742638827435
CV-GE-continuous-B6R,2017-WIH2,4,B6-fixed-G+E,278,baseline,2.29624829906002,1.9366888857792794,-0.8740598955829633,0.2879185830538015,,,
CV-GE-continuous-B6R,2017-WIH2,4,Selected-G,278,environment_rank_32,3.019704652212453,2.6254751984224094,-2.2409677377889285,0.22154795096966728,8.251973509341253,9.853404611616298,0.8273779342450571
CV-GE-continuous-B6R,2017-WIH2,4,Selected-G+E,278,environment_rank_32,1.6175698763985613,1.257828151624709,0.07002371719964551,0.2983667817484928,8.251973509341253,9.853404611616298,0.8273779342450571
CV-GE-continuous-B6R,2017-WIH2,4,Selected-G+E+GxE,278,environment_rank_32,1.7974650808893708,1.4083307035136268,-0.14832996084321604,0.19339494420076117,8.251973509341253,9.853404611616298,0.8273779342450571
CV-GE-continuous-B6R,2018-ARH2,1,B6-fixed-G+E,429,baseline,4.2735936895489255,4.200807199575296,-42.189147742673235,-0.15728499279257788,,,
CV-GE-continuous-B6R,2018-ARH2,1,Selected-G,429,environment_narrower,4.481494763202386,4.4074728655286055,-46.49347660923492,-0.17672815464250488,12.643694215144613,16.659915731568297,0.41420489125149185
CV-GE-continuous-B6R,2018-ARH2,1,Selected-G+E,429,environment_narrower,3.782857115115142,3.703140657228635,-32.8398204837785,-0.15632631549086093,12.643694215144613,16.659915731568297,0.41420489125149185
CV-GE-continuous-B6R,2018-ARH2,1,Selected-G+E+GxE,429,environment_narrower,4.084128204971229,4.014381103546081,-38.44454116284084,-0.17096126249715266,12.643694215144613,16.659915731568297,0.41420489125149185
CV-GE-continuous-B6R,2018-DEH1,2,B6-fixed-G+E,595,baseline,3.1091939059469818,2.441249752560557,-1.3900379476585822,-0.1250645022509354,,,
CV-GE-continuous-B6R,2018-DEH1,2,Selected-G,595,environment_rank_32,3.5524606900388545,2.925808441530594,-2.120094462334154,-0.13685225614205315,17.170314931042327,18.39165508775783,0.44485894156044753
CV-GE-continuous-B6R,2018-DEH1,2,Selected-G+E,595,environment_rank_32,2.5622713383609628,1.9139561494935082,-0.6231528476728563,-0.004011296746550452,17.170314931042327,18.39165508775783,0.44485894156044753
CV-GE-continuous-B6R,2018-DEH1,2,Selected-G+E+GxE,595,environment_rank_32,3.1534142425048017,2.4545313481770017,-1.458505761822809,-0.15599970264589744,17.170314931042327,18.39165508775783,0.44485894156044753
CV-GE-continuous-B6R,2018-IAH2,4,B6-fixed-G+E,434,baseline,1.876440298608398,1.5521923563186575,-0.18829428602239529,0.22808883771484245,,,
CV-GE-continuous-B6R,2018-IAH2,4,Selected-G,434,environment_rank_32,2.7840401804076325,2.4139147993210046,-1.6158058334389644,0.22111847344462632,12.432424536743927,12.700981135595159,0.6504303049334016
CV-GE-continuous-B6R,2018-IAH2,4,Selected-G+E,434,environment_rank_32,1.7469676262081744,1.4233943514654626,-0.02996915787593868,0.23241967498501126,12.432424536743927,12.700981135595159,0.6504303049334016
CV-GE-continuous-B6R,2018-IAH2,4,Selected-G+E+GxE,434,environment_rank_32,1.799727837473033,1.4452225963334182,-0.09312084123458142,0.05732056128625678,12.432424536743927,12.700981135595159,0.6504303049334016
CV-GE-continuous-B6R,2018-IAH4,4,B6-fixed-G+E,804,baseline,1.6385675523758672,1.3303342458521088,-0.6178933020660757,0.08263728122762029,,,
CV-GE-continuous-B6R,2018-IAH4,4,Selected-G,804,environment_rank_32,1.929676457330714,1.6151163010439156,-1.2438311494804886,0.08745197177270046,11.462877878897023,12.530515814661706,0.6937450641405275
CV-GE-continuous-B6R,2018-IAH4,4,Selected-G+E,804,environment_rank_32,1.6241952200879501,1.3196602705709675,-0.589635789851868,0.06574589199449717,11.462877878897023,12.530515814661706,0.6937450641405275
CV-GE-continuous-B6R,2018-IAH4,4,Selected-G+E+GxE,804,environment_rank_32,1.409054875903918,1.1010904403999437,-0.19640161406118062,-0.006790997504065988,11.462877878897023,12.530515814661706,0.6937450641405275
CV-GE-continuous-B6R,2018-ILH1,0,B6-fixed-G+E,394,baseline,2.149170836536043,1.7885178993163544,-0.8720358511063477,0.08230428211473212,,,
CV-GE-continuous-B6R,2018-ILH1,0,Selected-G,394,environment_narrower,2.726890884285213,2.391689550635375,-2.0137540319906195,0.12078832564010135,11.973774350422993,12.329266846894622,0.45411794755249485
CV-GE-continuous-B6R,2018-ILH1,0,Selected-G+E,394,environment_narrower,1.9791197672794816,1.6227160311936533,-0.5875098812960773,0.11170160948927653,11.973774350422993,12.329266846894622,0.45411794755249485
CV-GE-continuous-B6R,2018-ILH1,0,Selected-G+E+GxE,394,environment_narrower,1.93856653359389,1.5800824715733044,-0.5231185458276086,0.20772828936333,11.973774350422993,12.329266846894622,0.45411794755249485
CV-GE-continuous-B6R,2018-INH1,0,B6-fixed-G+E,407,baseline,2.2493283343180885,1.9107237770008731,-1.8314963790198209,0.013919120871354955,,,
CV-GE-continuous-B6R,2018-INH1,0,Selected-G,407,environment_narrower,2.3952500973893573,2.067278797180925,-2.210790989709636,0.0038905166148506306,11.965106774956507,12.622790736164443,0.4546370490796916
CV-GE-continuous-B6R,2018-INH1,0,Selected-G+E,407,environment_narrower,1.8709777705870052,1.5297434319805923,-0.9590591901678358,0.02269434755530876,11.965106774956507,12.622790736164443,0.4546370490796916
CV-GE-continuous-B6R,2018-INH1,0,Selected-G+E+GxE,407,environment_narrower,2.519129625450989,2.1980435040679107,-2.551496027401322,0.02952667772061842,11.965106774956507,12.622790736164443,0.4546370490796916
CV-GE-continuous-B6R,2018-MIH1,4,B6-fixed-G+E,375,baseline,1.8314695468179567,1.4932691700938692,-0.9926360028921493,-0.1508498642289121,,,
CV-GE-continuous-B6R,2018-MIH1,4,Selected-G,375,environment_rank_32,1.4549517810239438,1.1156770440755264,-0.25755147336113016,-0.17362829908836008,10.22603288821589,10.986713681410945,0.7475154309370199
CV-GE-continuous-B6R,2018-MIH1,4,Selected-G+E,375,environment_rank_32,1.6149850947560989,1.2778708789294813,-0.549407330255455,-0.1000706094184541,10.22603288821589,10.986713681410945,0.7475154309370199
CV-GE-continuous-B6R,2018-MIH1,4,Selected-G+E+GxE,375,environment_rank_32,1.4649519264611612,1.1325944745600152,-0.27489763604431605,0.0032541433922286516,10.22603288821589,10.986713681410945,0.7475154309370199
CV-GE-continuous-B6R,2018-MNH1,2,B6-fixed-G+E,916,baseline,2.4491285270829826,1.931320533134805,-1.0891831506422456,-0.15047660466829368,,,
CV-GE-continuous-B6R,2018-MNH1,2,Selected-G,916,environment_rank_32,2.6167025219460354,2.0876059593733323,-1.3848554817370924,-0.1570149222720984,10.844183278973047,11.614152763589527,0.7239099793154606
CV-GE-continuous-B6R,2018-MNH1,2,Selected-G+E,916,environment_rank_32,1.896218690666549,1.4980842524569584,-0.25236293792551256,-0.11430701569218453,10.844183278973047,11.614152763589527,0.7239099793154606
CV-GE-continuous-B6R,2018-MNH1,2,Selected-G+E+GxE,916,environment_rank_32,1.830184580374618,1.5280871976589816,-0.16665687529808926,0.35185066982828395,10.844183278973047,11.614152763589527,0.7239099793154606
CV-GE-continuous-B6R,2018-MOH1,2,B6-fixed-G+E,790,baseline,1.70341772522245,1.3831439911967356,-0.7679208333603107,0.12442005092852718,,,
CV-GE-continuous-B6R,2018-MOH1,2,Selected-G,790,environment_rank_32,2.49941855867073,2.1863640346988102,-2.806260166085726,0.12785769875247666,9.508460375138316,12.11542462221835,0.7800495336648486
CV-GE-continuous-B6R,2018-MOH1,2,Selected-G+E,790,environment_rank_32,2.0988622894549462,1.7745997489933985,-1.68403626017257,0.11250930462073347,9.508460375138316,12.11542462221835,0.7800495336648486
CV-GE-continuous-B6R,2018-MOH1,2,Selected-G+E+GxE,790,environment_rank_32,2.3570791829273188,1.9891191307589626,-2.3850791990335414,0.11486878691084844,9.508460375138316,12.11542462221835,0.7800495336648486
CV-GE-continuous-B6R,2018-NCH1,1,B6-fixed-G+E,639,baseline,3.059740041262784,2.5172917337483094,-1.0212801461594636,-0.2960367337654232,,,
CV-GE-continuous-B6R,2018-NCH1,1,Selected-G,639,environment_narrower,2.6813872343320457,2.182510626695049,-0.5523031015359752,-0.3492946087670573,21.209310095842874,23.110517861686482,0.08373185354544412
CV-GE-continuous-B6R,2018-NCH1,1,Selected-G+E,639,environment_narrower,3.2033404855487775,2.6493545296825274,-1.2154586853406664,-0.26094457532983556,21.209310095842874,23.110517861686482,0.08373185354544412
CV-GE-continuous-B6R,2018-NCH1,1,Selected-G+E+GxE,639,environment_narrower,3.032926251589608,2.495474779096319,-0.9860087183593524,-0.3893400291995168,21.209310095842874,23.110517861686482,0.08373185354544412
CV-GE-continuous-B6R,2018-NYH1,3,B6-fixed-G+E,373,baseline,2.8310865092813424,2.3423428246417743,-1.468682292885072,0.22061761824314202,,,
CV-GE-continuous-B6R,2018-NYH1,3,Selected-G,373,environment_narrower,2.5642373630376625,2.063070990949059,-1.025234743823125,0.2224467255097298,9.13303743570455,12.648502414915978,0.6307426437858397
CV-GE-continuous-B6R,2018-NYH1,3,Selected-G+E,373,environment_narrower,2.261398558785331,1.7589681365366152,-0.5751181778353534,0.21163337533555354,9.13303743570455,12.648502414915978,0.6307426437858397
CV-GE-continuous-B6R,2018-NYH1,3,Selected-G+E+GxE,373,environment_narrower,2.0018748242826097,1.6275490928613958,-0.23433418568940012,-0.0035782165310835985,9.13303743570455,12.648502414915978,0.6307426437858397
CV-GE-continuous-B6R,2018-NYH2,0,B6-fixed-G+E,395,baseline,2.1288014246583993,1.7110317667085106,-0.2535427785727222,0.05541446350446627,,,
CV-GE-continuous-B6R,2018-NYH2,0,Selected-G,395,environment_narrower,2.046752127084344,1.6420685343171169,-0.1587756372347222,0.05886413340790866,8.089928710814696,9.769254921388296,0.6974328066567675
CV-GE-continuous-B6R,2018-NYH2,0,Selected-G+E,395,environment_narrower,2.3435211233903597,1.9055805967111992,-0.5191707843816173,0.06207652004923856,8.089928710814696,9.769254921388296,0.6974328066567675
CV-GE-continuous-B6R,2018-NYH2,0,Selected-G+E+GxE,395,environment_narrower,2.3066728795623814,1.8712535245218245,-0.47177314404700565,0.20279572478906077,8.089928710814696,9.769254921388296,0.6974328066567675
CV-GE-continuous-B6R,2018-NYH3,1,B6-fixed-G+E,416,baseline,2.184562691941909,1.7751930808936847,-0.8452173754296375,0.17813927682293743,,,
CV-GE-continuous-B6R,2018-NYH3,1,Selected-G,416,environment_narrower,1.5953400636024329,1.2437518846510405,0.01593212611229977,0.1603573620497534,9.132175202885996,10.304030199849912,0.6314086570601002
CV-GE-continuous-B6R,2018-NYH3,1,Selected-G+E,416,environment_narrower,2.2469819583930697,1.8364129103238096,-0.9521702103259617,0.17856604539737125,9.132175202885996,10.304030199849912,0.6314086570601002
CV-GE-continuous-B6R,2018-NYH3,1,Selected-G+E+GxE,416,environment_narrower,2.3865809991788653,1.9836594509216081,-1.2022715470748597,0.17947825217138674,9.132175202885996,10.304030199849912,0.6314086570601002
CV-GE-continuous-B6R,2018-OHH1,4,B6-fixed-G+E,380,baseline,1.636378039208231,1.3177242288642963,-0.3504698107568318,-0.0400337604852414,,,
CV-GE-continuous-B6R,2018-OHH1,4,Selected-G,380,environment_rank_32,1.7412464956730789,1.416694008000408,-0.5291078082163629,-0.0346544224636214,13.55044421442932,13.826533813783186,0.5999198920539555
CV-GE-continuous-B6R,2018-OHH1,4,Selected-G+E,380,environment_rank_32,1.8031445401078066,1.498467156639597,-0.6397539190160599,-0.023555750327039236,13.55044421442932,13.826533813783186,0.5999198920539555
CV-GE-continuous-B6R,2018-OHH1,4,Selected-G+E+GxE,380,environment_rank_32,1.7941382786701787,1.4843579391041002,-0.6234144955546577,-0.008985756205608354,13.55044421442932,13.826533813783186,0.5999198920539555
CV-GE-continuous-B6R,2018-SCH1,1,B6-fixed-G+E,378,baseline,3.2886466033339627,3.0074687452785813,-4.990438477023469,0.01849320186279233,,,
CV-GE-continuous-B6R,2018-SCH1,1,Selected-G,378,environment_narrower,3.29811631189087,3.009119640843069,-5.024987267155129,2.4836505817339603e-05,11.297724682915648,15.087917884826851,0.4947378637157071
CV-GE-continuous-B6R,2018-SCH1,1,Selected-G+E,378,environment_narrower,2.929391897433237,2.6311886543758383,-3.753124066679349,0.0007656371152891011,11.297724682915648,15.087917884826851,0.4947378637157071
CV-GE-continuous-B6R,2018-SCH1,1,Selected-G+E+GxE,378,environment_narrower,3.362852380163078,3.0807445088413674,-5.26382773322049,0.031142245432112026,11.297724682915648,15.087917884826851,0.4947378637157071
CV-GE-continuous-B6R,2018-TXH1-Dry,0,B6-fixed-G+E,369,baseline,1.3230417183911474,1.0420916885695986,-0.04785954870838416,0.14883451983164422,,,
CV-GE-continuous-B6R,2018-TXH1-Dry,0,Selected-G,369,environment_narrower,2.2237620202941075,1.88647418079018,-1.9602788017658201,0.13552785167928333,0.0006924699659636695,11.002745616836162,0.9999999973598054
CV-GE-continuous-B6R,2018-TXH1-Dry,0,Selected-G+E,369,environment_narrower,1.3241355665097225,1.0567552220242742,-0.049592937762055644,0.15649771751354208,0.0006924699659636695,11.002745616836162,0.9999999973598054
CV-GE-continuous-B6R,2018-TXH1-Dry,0,Selected-G+E+GxE,369,environment_narrower,1.5213853846854748,1.1804402891132084,-0.38558916208738814,0.14017267900394897,0.0006924699659636695,11.002745616836162,0.9999999973598054
CV-GE-continuous-B6R,2018-TXH1-Early,3,B6-fixed-G+E,404,baseline,2.565601840901197,2.280349637574033,-3.4521275869870953,0.004520261857371547,,,
CV-GE-continuous-B6R,2018-TXH1-Early,3,Selected-G,404,environment_narrower,1.3359772137548285,1.037246773141137,-0.20722212554541675,0.0037789052589373034,0.0007309915968116344,11.668360240810296,0.9999999970476978
CV-GE-continuous-B6R,2018-TXH1-Early,3,Selected-G+E,404,environment_narrower,2.075404240195786,1.7650478948004595,-1.913362219235311,0.020397978348391237,0.0007309915968116344,11.668360240810296,0.9999999970476978
CV-GE-continuous-B6R,2018-TXH1-Early,3,Selected-G+E+GxE,404,environment_narrower,2.0942108548687646,1.759706085954713,-1.9664012619827616,0.029266884086001387,0.0007309915968116344,11.668360240810296,0.9999999970476978
CV-GE-continuous-B6R,2018-TXH1-Late,4,B6-fixed-G+E,434,baseline,1.8566172562116123,1.5683157630184192,-1.598927505992107,0.08967786929420157,,,
CV-GE-continuous-B6R,2018-TXH1-Late,4,Selected-G,434,environment_rank_32,3.2068368356466386,2.9850526388543193,-6.753595265390725,0.07527877091886799,11.990877820657872,13.010484384373234,0.6702452887674433
CV-GE-continuous-B6R,2018-TXH1-Late,4,Selected-G+E,434,environment_rank_32,1.6867976126667834,1.395591050289847,-1.1452373790413732,0.10659498781497764,11.990877820657872,13.010484384373234,0.6702452887674433
CV-GE-continuous-B6R,2018-TXH1-Late,4,Selected-G+E+GxE,434,environment_rank_32,1.2736667402666655,1.0082432752312727,-0.22309732503215662,0.01617332483487977,11.990877820657872,13.010484384373234,0.6702452887674433
CV-GE-continuous-B6R,2018-TXH2,2,B6-fixed-G+E,443,baseline,4.914840414902379,4.65799771991313,-9.064199923287172,0.03760579907423388,,,
CV-GE-continuous-B6R,2018-TXH2,2,Selected-G,443,environment_rank_32,1.976119906335691,1.5772770038433044,-0.6269979275504822,0.017198997367569937,32.46366740873492,32.81451600493631,0.05527173863948401
CV-GE-continuous-B6R,2018-TXH2,2,Selected-G+E,443,environment_rank_32,2.4033472662519526,1.9972099380167092,-1.4065421307663146,0.05085152302988112,32.46366740873492,32.81451600493631,0.05527173863948401
CV-GE-continuous-B6R,2018-TXH2,2,Selected-G+E+GxE,443,environment_rank_32,3.975733538536902,3.5151032770923534,-5.5855939921668645,-0.016773019321205743,32.46366740873492,32.81451600493631,0.05527173863948401
CV-GE-continuous-B6R,2018-WIH1,4,B6-fixed-G+E,401,baseline,2.2476735815361972,1.812911997341144,-0.5531430122253438,-0.08077783704258698,,,
CV-GE-continuous-B6R,2018-WIH1,4,Selected-G,401,environment_rank_32,2.2702995756929356,1.8314013734045613,-0.5845695314741637,-0.06562972374926009,12.817463854768677,13.297601386664274,0.6330689825680496
CV-GE-continuous-B6R,2018-WIH1,4,Selected-G+E,401,environment_rank_32,2.0303772092257653,1.6209549252053725,-0.26735541483731895,-0.07127902165136452,12.817463854768677,13.297601386664274,0.6330689825680496
CV-GE-continuous-B6R,2018-WIH1,4,Selected-G+E+GxE,401,environment_rank_32,2.1709797460642415,1.6827837788478976,-0.44896037371996167,-0.17901264499263048,12.817463854768677,13.297601386664274,0.6330689825680496
CV-GE-continuous-B6R,2018-WIH2,4,B6-fixed-G+E,815,baseline,2.3328762515784365,1.799767363049449,-0.6268884747982992,-0.008827553959685387,,,
CV-GE-continuous-B6R,2018-WIH2,4,Selected-G,815,environment_rank_32,2.5298128047191026,1.9699656808542079,-0.913159379456064,-0.1033505557484843,16.574802147704865,17.58025990647267,0.4655680262488879
CV-GE-continuous-B6R,2018-WIH2,4,Selected-G+E,815,environment_rank_32,2.839564513744419,2.3251139459043677,-1.410337506031274,0.040568933399130494,16.574802147704865,17.58025990647267,0.4655680262488879
CV-GE-continuous-B6R,2018-WIH2,4,Selected-G+E+GxE,815,environment_rank_32,2.28605824653889,1.84581651902768,-0.5622443461421291,0.1888336663039543,16.574802147704865,17.58025990647267,0.4655680262488879
CV-GE-continuous-B6R,2019-DEH1,1,B6-fixed-G+E,814,baseline,3.2099815861634804,2.7536038862236025,-1.9411542303926295,0.008476734885486373,,,
CV-GE-continuous-B6R,2019-DEH1,1,Selected-G,814,environment_narrower,2.5401711819192716,2.1021333859046716,-0.8417839586327962,-0.0027833674649451784,14.170803635727875,15.718936414923789,0.33049543692980665
CV-GE-continuous-B6R,2019-DEH1,1,Selected-G+E,814,environment_narrower,3.5163602482385903,3.066688915586364,-2.5293882891347175,0.02197132296844809,14.170803635727875,15.718936414923789,0.33049543692980665
CV-GE-continuous-B6R,2019-DEH1,1,Selected-G+E+GxE,814,environment_narrower,3.273692386324069,2.8115220558647094,-2.0590632273201313,0.10765537540078662,14.170803635727875,15.718936414923789,0.33049543692980665
CV-GE-continuous-B6R,2019-GAH2,1,B6-fixed-G+E,390,baseline,3.095586840161119,2.7536667807391786,-3.5180855467734276,-0.07636991827333664,,,
CV-GE-continuous-B6R,2019-GAH2,1,Selected-G,390,environment_narrower,3.332486792763199,2.991057798292806,-4.2360687478358825,-0.06664327162201808,9.437232976672297,10.313051553379102,0.6119931500641873
CV-GE-continuous-B6R,2019-GAH2,1,Selected-G+E,390,environment_narrower,2.864370088552337,2.5215873064398657,-2.8683585942768106,-0.09397199781136288,9.437232976672297,10.313051553379102,0.6119931500641873
CV-GE-continuous-B6R,2019-GAH2,1,Selected-G+E+GxE,390,environment_narrower,2.9918412218599153,2.6631591167181794,-3.220321627900434,0.06717143098554272,9.437232976672297,10.313051553379102,0.6119931500641873
CV-GE-continuous-B6R,2019-IAH4,0,B6-fixed-G+E,1140,baseline,1.6553373945070156,1.3529689802664062,-0.6113963575512904,-0.006642328268728806,,,
CV-GE-continuous-B6R,2019-IAH4,0,Selected-G,1140,environment_narrower,2.6058650069102582,2.3115097035894023,-2.9933111754850947,-0.010781674787822118,9.939954570530983,11.927352075509859,0.5804190380620144
CV-GE-continuous-B6R,2019-IAH4,0,Selected-G+E,1140,environment_narrower,1.707036648342489,1.4038525078798614,-0.7136219473663836,-0.002927385434829058,9.939954570530983,11.927352075509859,0.5804190380620144
CV-GE-continuous-B6R,2019-IAH4,0,Selected-G+E+GxE,1140,environment_narrower,1.7938919306519232,1.4744716379413934,-0.8924389508181079,0.028092844885503516,9.939954570530983,11.927352075509859,0.5804190380620144
CV-GE-continuous-B6R,2019-ILH1,1,B6-fixed-G+E,448,baseline,3.099120188001847,2.7294523251025526,-2.368761065123598,0.20812227660184277,,,
CV-GE-continuous-B6R,2019-ILH1,1,Selected-G,448,environment_narrower,4.607894565637319,4.307001563384697,-6.447292945614713,0.19824611067143966,11.775045825810025,12.352391980582752,0.46559115976792437
CV-GE-continuous-B6R,2019-ILH1,1,Selected-G+E,448,environment_narrower,3.185511035658242,2.8214753306056304,-2.55919349322598,0.21758150695916825,11.775045825810025,12.352391980582752,0.46559115976792437
CV-GE-continuous-B6R,2019-ILH1,1,Selected-G+E+GxE,448,environment_narrower,2.7726881813751456,2.3518297195902957,-1.696469009648971,0.12403888175549634,11.775045825810025,12.352391980582752,0.46559115976792437
CV-GE-continuous-B6R,2019-INH1,1,B6-fixed-G+E,440,baseline,3.8138907851451944,3.499736061710826,-5.017023659070291,0.09320672574187834,,,
CV-GE-continuous-B6R,2019-INH1,1,Selected-G,440,environment_narrower,5.302684019063212,5.065143299831801,-10.63152643104068,0.06135454473525539,9.675313247295986,11.393774010430022,0.5968305207810208
CV-GE-continuous-B6R,2019-INH1,1,Selected-G+E,440,environment_narrower,3.8609631498462487,3.5531576051133165,-5.166468645203344,0.10931539525796757,9.675313247295986,11.393774010430022,0.5968305207810208
CV-GE-continuous-B6R,2019-INH1,1,Selected-G+E+GxE,440,environment_narrower,2.762862122281529,2.296550888839236,-2.1576474475737877,0.05788942659764068,9.675313247295986,11.393774010430022,0.5968305207810208
CV-GE-continuous-B6R,2019-MIH1,3,B6-fixed-G+E,454,baseline,1.8114636452352995,1.4283089159545046,-0.049788614061729186,0.06478134107003077,,,
CV-GE-continuous-B6R,2019-MIH1,3,Selected-G,454,environment_narrower,1.858831548132852,1.5106735233019186,-0.10540820185563127,0.07687160018308713,10.255842733354848,10.815288668423262,0.5592619557487024
CV-GE-continuous-B6R,2019-MIH1,3,Selected-G+E,454,environment_narrower,1.784082752574544,1.418086099013543,-0.01829263498647893,0.06824173332642769,10.255842733354848,10.815288668423262,0.5592619557487024
CV-GE-continuous-B6R,2019-MIH1,3,Selected-G+E+GxE,454,environment_narrower,2.4122408118438785,1.9317540816898147,-0.8615895607487292,0.08855612972197496,10.255842733354848,10.815288668423262,0.5592619557487024
CV-GE-continuous-B6R,2019-MNH1,4,B6-fixed-G+E,1001,baseline,2.776712744633862,2.37812535553575,-1.3052109611893408,0.017680087846804485,,,
CV-GE-continuous-B6R,2019-MNH1,4,Selected-G,1001,environment_rank_32,2.178110786598449,1.7826341449572933,-0.418432587355702,0.13184245011671283,13.457898424680161,14.048631734743912,0.6041072321590059
CV-GE-continuous-B6R,2019-MNH1,4,Selected-G+E,1001,environment_rank_32,3.4136734564806104,3.0239814798420497,-2.4841169085200887,-0.0668259360551051,13.457898424680161,14.048631734743912,0.6041072321590059
CV-GE-continuous-B6R,2019-MNH1,4,Selected-G+E+GxE,1001,environment_rank_32,2.454428634504175,2.0590346040304652,-0.8011487735129958,0.21385996868668247,13.457898424680161,14.048631734743912,0.6041072321590059
CV-GE-continuous-B6R,2019-MOH1,2,B6-fixed-G+E,515,baseline,3.796539366033666,3.3827577676230223,-3.365600629552217,-0.10303275929869776,,,
CV-GE-continuous-B6R,2019-MOH1,2,Selected-G,515,environment_rank_32,2.9951401295756024,2.585280101504567,-1.717080342809258,-0.11125665901171279,16.85011648408441,17.84805455607546,0.4583741866789936
CV-GE-continuous-B6R,2019-MOH1,2,Selected-G+E,515,environment_rank_32,3.4066403797035547,2.992311211291748,-2.514963085769307,-0.06849139654617868,16.85011648408441,17.84805455607546,0.4583741866789936
CV-GE-continuous-B6R,2019-MOH1,2,Selected-G+E+GxE,515,environment_rank_32,3.42591066357385,2.994812316307743,-2.5548416198742734,-0.17338460206087455,16.85011648408441,17.84805455607546,0.4583741866789936
CV-GE-continuous-B6R,2019-NEH1,3,B6-fixed-G+E,308,baseline,2.3345811891351436,1.8578621328679201,-0.14644279370316826,0.11684083851179763,,,
CV-GE-continuous-B6R,2019-NEH1,3,Selected-G,308,environment_narrower,2.9236338027409894,2.4630785065147367,-0.7979614426036403,0.10037609330710914,3.8588308323945077,11.532140673362154,0.9210221969216741
CV-GE-continuous-B6R,2019-NEH1,3,Selected-G+E,308,environment_narrower,2.688682467169409,2.2377336159396073,-0.5205946401673549,0.11771002399640668,3.8588308323945077,11.532140673362154,0.9210221969216741
CV-GE-continuous-B6R,2019-NEH1,3,Selected-G+E+GxE,308,environment_narrower,2.758146717545901,2.290164585408759,-0.6001811636552128,0.06048855022432217,3.8588308323945077,11.532140673362154,0.9210221969216741
CV-GE-continuous-B6R,2019-NEH2,0,B6-fixed-G+E,170,baseline,1.664336650709592,1.3291855491455187,-0.2392208702431493,0.23041612014479973,,,
CV-GE-continuous-B6R,2019-NEH2,0,Selected-G,170,environment_narrower,2.741674078622724,2.41449964753823,-2.362776602171884,0.23719138915946608,3.755327268894736,10.311091851482761,0.925290176276319
CV-GE-continuous-B6R,2019-NEH2,0,Selected-G+E,170,environment_narrower,1.7135028410936883,1.378187120962707,-0.31351798220649374,0.2287457279747507,3.755327268894736,10.311091851482761,0.925290176276319
CV-GE-continuous-B6R,2019-NEH2,0,Selected-G+E+GxE,170,environment_narrower,1.7776144600514792,1.4362025935010139,-0.4136487508977449,0.18350303106732016,3.755327268894736,10.311091851482761,0.925290176276319
CV-GE-continuous-B6R,2019-NEH2L,4,B6-fixed-G+E,174,baseline,2.344790779747979,1.7791299049346714,-0.1736535905667893,0.156757351327704,,,
CV-GE-continuous-B6R,2019-NEH2L,4,Selected-G,174,environment_rank_32,2.1692102086375766,1.7282299228664806,-0.00446547878414516,0.16224750161344495,10.826366233478149,11.73140580205653,0.7216822053662437
CV-GE-continuous-B6R,2019-NEH2L,4,Selected-G+E,174,environment_rank_32,2.3701141112776973,1.79678184060165,-0.1991409893267262,0.13492569086800021,10.826366233478149,11.73140580205653,0.7216822053662437
CV-GE-continuous-B6R,2019-NEH2L,4,Selected-G+E+GxE,174,environment_rank_32,2.255875132481584,1.7100325606133064,-0.08633019240287787,0.20714371943779047,10.826366233478149,11.73140580205653,0.7216822053662437
CV-GE-continuous-B6R,2019-NYH1,4,B6-fixed-G+E,201,baseline,2.439255245202452,2.0726806741666266,-1.966412565149907,0.17874954917850416,,,
CV-GE-continuous-B6R,2019-NYH1,4,Selected-G,201,environment_rank_32,1.4214912092966645,1.1211622718531897,-0.007408042280005578,0.18449021473299537,8.132834393115,9.363439988407029,0.8318846367785466
CV-GE-continuous-B6R,2019-NYH1,4,Selected-G+E,201,environment_rank_32,2.7607006481635232,2.414862405852699,-2.799755842198992,0.16432415432182637,8.132834393115,9.363439988407029,0.8318846367785466
CV-GE-continuous-B6R,2019-NYH1,4,Selected-G+E+GxE,201,environment_rank_32,3.342488261274566,3.003155470391897,-4.570021074950649,0.1936245773923941,8.132834393115,9.363439988407029,0.8318846367785466
CV-GE-continuous-B6R,2019-NYH2,1,B6-fixed-G+E,402,baseline,3.0900526899178766,2.69157584055126,-1.91867409828061,0.08516037177442223,,,
CV-GE-continuous-B6R,2019-NYH2,1,Selected-G,402,environment_narrower,3.7463171139580904,3.3714203205228372,-3.2900554621969107,0.08637979031011674,10.343230904104672,11.2918852971378,0.5544155340392422
CV-GE-continuous-B6R,2019-NYH2,1,Selected-G+E,402,environment_narrower,3.2511859353277686,2.8600435715587578,-2.231003655117563,0.08441114548588577,10.343230904104672,11.2918852971378,0.5544155340392422
CV-GE-continuous-B6R,2019-NYH2,1,Selected-G+E+GxE,402,environment_narrower,3.52921149301214,3.135950493437306,-2.8072307896508715,0.027671548815676697,10.343230904104672,11.2918852971378,0.5544155340392422
CV-GE-continuous-B6R,2019-NYH3,1,B6-fixed-G+E,573,baseline,2.636084393381593,2.1764687484666516,-0.6089275444976818,0.10073503436483806,,,
CV-GE-continuous-B6R,2019-NYH3,1,Selected-G,573,environment_narrower,3.9306796956699794,3.4643003041348144,-2.577282002613748,0.09014353531334407,10.036728889852387,10.789265674011183,0.573842025326631
CV-GE-continuous-B6R,2019-NYH3,1,Selected-G+E,573,environment_narrower,2.850201991012783,2.379991905232966,-0.8809148927973014,0.10748597934613806,10.036728889852387,10.789265674011183,0.573842025326631
CV-GE-continuous-B6R,2019-NYH3,1,Selected-G+E+GxE,573,environment_narrower,2.3411061099705726,1.8739490178139198,-0.26899544649183915,0.10635485300550053,10.036728889852387,10.789265674011183,0.573842025326631
CV-GE-continuous-B6R,2019-OHH1,3,B6-fixed-G+E,367,baseline,3.192848259298119,2.904976335540245,-2.6048842951863533,0.09162492802091037,,,
CV-GE-continuous-B6R,2019-OHH1,3,Selected-G,367,environment_narrower,2.551482520307254,2.2236450204312574,-1.3020776395090299,0.0726897425127653,14.295873975521705,14.419354194861759,0.3233030509970621
CV-GE-continuous-B6R,2019-OHH1,3,Selected-G+E,367,environment_narrower,3.2124243453529635,2.9222598076585706,-2.649224557181775,0.0938070276162253,14.295873975521705,14.419354194861759,0.3233030509970621
CV-GE-continuous-B6R,2019-OHH1,3,Selected-G+E+GxE,367,environment_narrower,2.4846318584705473,2.11710262582705,-1.1830258115703098,-0.04481706993218173,14.295873975521705,14.419354194861759,0.3233030509970621
CV-GE-continuous-B6R,2019-SCH1,1,B6-fixed-G+E,365,baseline,4.96967679607873,4.870006531623229,-24.78385811163328,0.1451697951745595,,,
CV-GE-continuous-B6R,2019-SCH1,1,Selected-G,365,environment_narrower,5.713882800325192,5.623514778058108,-33.08429130976122,0.10073371300980623,10.546985687400454,14.059397040510692,0.5415560805048939
CV-GE-continuous-B6R,2019-SCH1,1,Selected-G+E,365,environment_narrower,4.847238313884043,4.7462967915723775,-23.529029002096586,0.1532199413535325,10.546985687400454,14.059397040510692,0.5415560805048939
CV-GE-continuous-B6R,2019-SCH1,1,Selected-G+E+GxE,365,environment_narrower,5.950871542367917,5.855243580046683,-35.970281994157,0.0050845355848608146,10.546985687400454,14.059397040510692,0.5415560805048939
CV-GE-continuous-B6R,2019-TXH1,3,B6-fixed-G+E,571,baseline,1.8886193445960244,1.5135520435994392,-0.15521292100733874,0.01611126681403752,,,
CV-GE-continuous-B6R,2019-TXH1,3,Selected-G,571,environment_narrower,1.922719047637039,1.4034715061382141,-0.19730508724341012,0.019771019051964905,6.375883067543013,11.855582423002415,0.7988328047407076
CV-GE-continuous-B6R,2019-TXH1,3,Selected-G+E,571,environment_narrower,1.9209360300228084,1.5530721979047248,-0.19508549493139493,0.01807393964742883,6.375883067543013,11.855582423002415,0.7988328047407076
CV-GE-continuous-B6R,2019-TXH1,3,Selected-G+E+GxE,571,environment_narrower,2.006372140367792,1.5823651524320517,-0.3037554830138183,0.1268701234565441,6.375883067543013,11.855582423002415,0.7988328047407076
CV-GE-continuous-B6R,2019-TXH2,0,B6-fixed-G+E,438,baseline,1.550264886067526,1.2518378133161407,-0.18309758434915557,0.0030907207138362977,,,
CV-GE-continuous-B6R,2019-TXH2,0,Selected-G,438,environment_narrower,1.4840682369405978,1.1954579560433065,-0.0842176860553836,-0.015459519572540619,2.290183891805799e-05,10.66012629435518,0.9999999999971122
CV-GE-continuous-B6R,2019-TXH2,0,Selected-G+E,438,environment_narrower,1.5236350175278905,1.2315056441330539,-0.14280106910177626,0.0023093064650505516,2.290183891805799e-05,10.66012629435518,0.9999999999971122
CV-GE-continuous-B6R,2019-TXH2,0,Selected-G+E+GxE,438,environment_narrower,1.8073804246973342,1.4215491282673152,-0.6080809071977265,0.1472259261262549,2.290183891805799e-05,10.66012629435518,0.9999999999971122
CV-GE-continuous-B6R,2019-TXH3,4,B6-fixed-G+E,445,baseline,1.711306891363156,1.3529917890927274,-0.2540863741953516,0.03068924923716499,,,
CV-GE-continuous-B6R,2019-TXH3,4,Selected-G,445,environment_rank_32,1.6580052627078918,1.2941978089139865,-0.1771815863161843,0.009020706275967036,2.3132746165460916e-05,10.546952649031342,0.9999999999985109
CV-GE-continuous-B6R,2019-TXH3,4,Selected-G+E,445,environment_rank_32,1.647389266152591,1.2996837927033027,-0.1621551593950623,0.038214570046884035,2.3132746165460916e-05,10.546952649031342,0.9999999999985109
CV-GE-continuous-B6R,2019-TXH3,4,Selected-G+E+GxE,445,environment_rank_32,1.5800088395997873,1.1970517148689555,-0.06903194755884257,0.17572509129390412,2.3132746165460916e-05,10.546952649031342,0.9999999999985109
CV-GE-continuous-B6R,2019-WIH1,2,B6-fixed-G+E,580,baseline,2.70961423449884,2.3024045418784187,-0.5077985927689745,0.04712452044964662,,,
CV-GE-continuous-B6R,2019-WIH1,2,Selected-G,580,environment_rank_32,3.208879446453317,2.791268634873965,-1.1146339790196929,0.04181403318655506,11.147162578306416,12.393467429098477,0.7107786785326532
CV-GE-continuous-B6R,2019-WIH1,2,Selected-G+E,580,environment_rank_32,3.0378557144319167,2.621577817253198,-0.8952333459289472,0.042030495850483116,11.147162578306416,12.393467429098477,0.7107786785326532
CV-GE-continuous-B6R,2019-WIH1,2,Selected-G+E+GxE,580,environment_rank_32,4.460091634246205,3.945272561321034,-3.0852248637187882,-0.04677001407196053,11.147162578306416,12.393467429098477,0.7107786785326532
CV-GE-continuous-B6R,2019-WIH2,4,B6-fixed-G+E,1113,baseline,2.921400655838173,2.495133836252532,-2.0713949649822254,0.08101463033256394,,,
CV-GE-continuous-B6R,2019-WIH2,4,Selected-G,1113,environment_rank_32,2.2600403614281683,1.8237743113134666,-0.8381705907122421,0.1702068655639699,16.077172521231496,16.508433250580467,0.48710246332314955
CV-GE-continuous-B6R,2019-WIH2,4,Selected-G+E,1113,environment_rank_32,2.9883870064898197,2.56083239069974,-2.2138610922086985,0.002805709057825492,16.077172521231496,16.508433250580467,0.48710246332314955
CV-GE-continuous-B6R,2019-WIH2,4,Selected-G+E+GxE,1113,environment_rank_32,2.8166466443968665,2.3753034224641625,-1.8550791810222669,0.22179666658564626,16.077172521231496,16.508433250580467,0.48710246332314955
CV-GE-continuous-B6R,2020-DEH1,3,B6-fixed-G+E,1143,baseline,2.919643590449473,2.4227355303277243,-1.32188569667399,0.4806679447619097,,,
CV-GE-continuous-B6R,2020-DEH1,3,Selected-G,1143,environment_narrower,2.332538236431847,1.879572099942111,-0.48196757482415276,0.5111098806445781,27.649186259345107,28.45141308890672,0.014643264634143987
CV-GE-continuous-B6R,2020-DEH1,3,Selected-G+E,1143,environment_narrower,1.9566400866764704,1.5046045273999733,-0.042804872737201016,0.4909857042288693,27.649186259345107,28.45141308890672,0.014643264634143987
CV-GE-continuous-B6R,2020-DEH1,3,Selected-G+E+GxE,1143,environment_narrower,1.8017014506839522,1.4367996932577656,0.11580752494013369,0.3810622286658677,27.649186259345107,28.45141308890672,0.014643264634143987
CV-GE-continuous-B6R,2020-INH1,3,B6-fixed-G+E,415,baseline,1.6475417983825122,1.2912841812970783,-0.01022057539899901,0.09386603185852495,,,
CV-GE-continuous-B6R,2020-INH1,3,Selected-G,415,environment_narrower,2.1441259656532257,1.692776320113372,-0.71097600525751,0.04670276753197509,10.451758668724565,11.474824114901875,0.546865639312392
CV-GE-continuous-B6R,2020-INH1,3,Selected-G+E,415,environment_narrower,1.7229910789108012,1.342343203346445,-0.10486542754650885,0.07140962252143364,10.451758668724565,11.474824114901875,0.546865639312392
CV-GE-continuous-B6R,2020-INH1,3,Selected-G+E+GxE,415,environment_narrower,2.486151037919718,2.0563287787113618,-1.3003734424619466,0.06399709215675525,10.451758668724565,11.474824114901875,0.546865639312392
CV-GE-continuous-B6R,2020-MIH1,4,B6-fixed-G+E,415,baseline,3.949438841355542,3.7228448073554232,-8.800076835640573,0.037719317765442524,,,
CV-GE-continuous-B6R,2020-MIH1,4,Selected-G,415,environment_rank_32,3.295467942650305,3.021908593626493,-5.823275035226184,0.01678134995530077,10.248775986578279,10.387006116780976,0.7465474040847365
CV-GE-continuous-B6R,2020-MIH1,4,Selected-G+E,415,environment_rank_32,3.344601514186417,3.075249371029892,-6.028254167936451,0.022282729352788074,10.248775986578279,10.387006116780976,0.7465474040847365
CV-GE-continuous-B6R,2020-MIH1,4,Selected-G+E+GxE,415,environment_rank_32,2.9618143511820576,2.6617491573751875,-4.511557733178439,0.08006180944452139,10.248775986578279,10.387006116780976,0.7465474040847365
CV-GE-continuous-B6R,2020-MNH1,3,B6-fixed-G+E,392,baseline,1.4677337304212217,1.1225799466357682,0.0034892114511371197,0.21337203768424973,,,
CV-GE-continuous-B6R,2020-MNH1,3,Selected-G,392,environment_narrower,1.4999975462242146,1.1505299785348357,-0.0408030401423396,0.2630399104158291,7.167043098130133,9.592549242253982,0.752915398757802
CV-GE-continuous-B6R,2020-MNH1,3,Selected-G+E,392,environment_narrower,1.6179963702880706,1.248110010633299,-0.21099553226334788,0.250854295218299,7.167043098130133,9.592549242253982,0.752915398757802
CV-GE-continuous-B6R,2020-MNH1,3,Selected-G+E+GxE,392,environment_narrower,1.6542436978116624,1.2739960419396008,-0.265862202588651,0.20016370713501633,7.167043098130133,9.592549242253982,0.752915398757802
CV-GE-continuous-B6R,2020-NEH1,1,B6-fixed-G+E,246,baseline,1.8417433761293185,1.4275580534386538,-0.016412196955231995,0.14647097217783497,,,
CV-GE-continuous-B6R,2020-NEH1,1,Selected-G,246,environment_narrower,1.846952586149723,1.4055717419836242,-0.022169994131916892,0.2031070472822055,9.457922393562171,10.947764071198586,0.6106755011452003
CV-GE-continuous-B6R,2020-NEH1,1,Selected-G+E,246,environment_narrower,1.810552548506463,1.445140614067093,0.017723163409253728,0.13487599790686525,9.457922393562171,10.947764071198586,0.6106755011452003
CV-GE-continuous-B6R,2020-NEH1,1,Selected-G+E+GxE,246,environment_narrower,1.989179199114752,1.526367047584697,-0.18565804678712206,0.06853473790795091,9.457922393562171,10.947764071198586,0.6106755011452003
CV-GE-continuous-B6R,2020-NEH2,1,B6-fixed-G+E,245,baseline,2.1992474086580707,1.9782465187423566,-2.518222081478579,0.026495930681347243,,,
CV-GE-continuous-B6R,2020-NEH2,1,Selected-G,245,environment_narrower,1.7450621934927593,1.5079685463480952,-1.2151181296984435,-0.030874940044561035,10.987405231273126,13.685472983420942,0.5139655683404954
CV-GE-continuous-B6R,2020-NEH2,1,Selected-G+E,245,environment_narrower,2.496599220545521,2.282908066810285,-3.5339083132911924,0.024581826202031157,10.987405231273126,13.685472983420942,0.5139655683404954
CV-GE-continuous-B6R,2020-NEH2,1,Selected-G+E+GxE,245,environment_narrower,2.1482119210870243,1.9104039684871466,-2.356829760100232,-0.04932644582552036,10.987405231273126,13.685472983420942,0.5139655683404954
CV-GE-continuous-B6R,2020-NYH1,3,B6-fixed-G+E,22,baseline,1.840045935023929,1.4179116272151249,-0.05823362752565209,0.14800334609421759,,,
CV-GE-continuous-B6R,2020-NYH1,3,Selected-G,22,environment_narrower,2.5436956098540753,1.95742260125218,-1.0223415702152892,0.010656793331646172,7.413350747295105,9.305446665733792,0.7381233649234239
CV-GE-continuous-B6R,2020-NYH1,3,Selected-G+E,22,environment_narrower,1.9203938262525402,1.4330478632822496,-0.15266957615390409,0.20309276015708055,7.413350747295105,9.305446665733792,0.7381233649234239
CV-GE-continuous-B6R,2020-NYH1,3,Selected-G+E+GxE,22,environment_narrower,1.9972320418445884,1.4606309863069777,-0.24675545751958095,0.1723954613253993,7.413350747295105,9.305446665733792,0.7381233649234239
CV-GE-continuous-B6R,2020-NYH2,2,B6-fixed-G+E,386,baseline,2.1452149994954133,1.685745054419663,-0.01101759967743976,0.10631262840650413,,,
CV-GE-continuous-B6R,2020-NYH2,2,Selected-G,386,environment_rank_32,2.1592500058228254,1.7135917356486539,-0.024289981288486695,0.12737725203824365,3.038219499528709,8.53555598280705,0.9749579250438963
CV-GE-continuous-B6R,2020-NYH2,2,Selected-G+E,386,environment_rank_32,2.1834954029648515,1.6831992147129347,-0.04742185103051999,0.09748924680715376,3.038219499528709,8.53555598280705,0.9749579250438963
CV-GE-continuous-B6R,2020-NYH2,2,Selected-G+E+GxE,386,environment_rank_32,2.3941451121691726,1.8542445889346408,-0.2592675319879407,0.08409707523244862,3.038219499528709,8.53555598280705,0.9749579250438963
CV-GE-continuous-B6R,2020-NYH3,1,B6-fixed-G+E,379,baseline,2.4738617773803213,1.9810843938207388,-0.23443000241228362,-0.015650039263464744,,,
CV-GE-continuous-B6R,2020-NYH3,1,Selected-G,379,environment_narrower,2.3581227399654283,1.835098254389229,-0.121626909495407,-0.010196488900269458,3.020161637986592,8.001653719830824,0.9509534849922122
CV-GE-continuous-B6R,2020-NYH3,1,Selected-G+E,379,environment_narrower,2.40833900469006,1.9054140823263355,-0.16990567141598745,-0.010630461708505163,3.020161637986592,8.001653719830824,0.9509534849922122
CV-GE-continuous-B6R,2020-NYH3,1,Selected-G+E+GxE,379,environment_narrower,2.3781563052539263,1.8078136528373432,-0.14076555220200526,-0.007104087897733337,3.020161637986592,8.001653719830824,0.9509534849922122
CV-GE-continuous-B6R,2020-OHH1,2,B6-fixed-G+E,396,baseline,3.4803632843784147,3.2462355515419348,-6.551131040179398,0.11610231210578985,,,
CV-GE-continuous-B6R,2020-OHH1,2,Selected-G,396,environment_rank_32,2.71346954848643,2.4158925034986085,-3.5900007264858624,0.08691142823510291,9.961655231355877,10.60656509453918,0.7613664083922554
CV-GE-continuous-B6R,2020-OHH1,2,Selected-G+E,396,environment_rank_32,2.7075433541780787,2.4263533498637146,-3.5699735752233117,0.10189817757980014,9.961655231355877,10.60656509453918,0.7613664083922554
CV-GE-continuous-B6R,2020-OHH1,2,Selected-G+E+GxE,396,environment_rank_32,4.137381046662134,3.929862098948735,-9.671215521465445,0.13772077885085415,9.961655231355877,10.60656509453918,0.7613664083922554
CV-GE-continuous-B6R,2020-SCH1,3,B6-fixed-G+E,398,baseline,3.4187798648419796,3.182826443596448,-6.356408087818262,-0.017864276118417597,,,
CV-GE-continuous-B6R,2020-SCH1,3,Selected-G,398,environment_narrower,4.779974994617216,4.597975354161633,-13.380526529684783,-0.02175820532731702,14.898686216904727,16.786854279310894,0.29334685007482625
CV-GE-continuous-B6R,2020-SCH1,3,Selected-G+E,398,environment_narrower,3.737135795195316,3.5123709536532726,-7.790251402865984,-0.001036465693143383,14.898686216904727,16.786854279310894,0.29334685007482625
CV-GE-continuous-B6R,2020-SCH1,3,Selected-G+E+GxE,398,environment_narrower,2.9306468337591123,2.6441880067526524,-4.405682194860386,-0.057823281982218686,14.898686216904727,16.786854279310894,0.29334685007482625
CV-GE-continuous-B6R,2020-TXH1,0,B6-fixed-G+E,246,baseline,3.4690584263845654,3.106416718916199,-3.3748673274116348,0.12231493538477228,,,
CV-GE-continuous-B6R,2020-TXH1,0,Selected-G,246,environment_narrower,1.6574922993284256,1.266333814153588,0.0012778150373592423,0.14074093633528723,33.31327390312737,34.4996081546596,0.0022196924973021093
CV-GE-continuous-B6R,2020-TXH1,0,Selected-G+E,246,environment_narrower,1.8355754035877536,1.4139854716490938,-0.2248590562069055,0.11307011289462758,33.31327390312737,34.4996081546596,0.0022196924973021093
CV-GE-continuous-B6R,2020-TXH1,0,Selected-G+E+GxE,246,environment_narrower,1.8914758254831845,1.5594603870820192,-0.3005984990969204,0.327726386445315,33.31327390312737,34.4996081546596,0.0022196924973021093
CV-GE-continuous-B6R,2020-TXH2,3,B6-fixed-G+E,245,baseline,3.2974923227804753,2.9916945329115814,-3.4585306747679327,0.08485964805857837,,,
CV-GE-continuous-B6R,2020-TXH2,3,Selected-G,245,environment_narrower,2.636305094412715,2.283297430120118,-1.8498074042936627,0.06582962257646824,16.625442457613325,17.454239974579508,0.2171530829202772
CV-GE-continuous-B6R,2020-TXH2,3,Selected-G+E,245,environment_narrower,3.069140395290242,2.7458093188720425,-2.8624038685885096,0.01646678099693844,16.625442457613325,17.454239974579508,0.2171530829202772
CV-GE-continuous-B6R,2020-TXH2,3,Selected-G+E+GxE,245,environment_narrower,1.8309780646714682,1.4599852321337052,-0.374644679900348,0.20876356467552512,16.625442457613325,17.454239974579508,0.2171530829202772
CV-GE-continuous-B6R,2020-TXH3,4,B6-fixed-G+E,246,baseline,1.6893349974122698,1.3755495720181798,-0.7329776246872117,-0.019098137279274428,,,
CV-GE-continuous-B6R,2020-TXH3,4,Selected-G,246,environment_rank_32,1.783286836219772,1.4546297253528975,-0.9310957330666125,-0.050176234825390006,12.19873513413844,13.244488184815264,0.6609326581999545
CV-GE-continuous-B6R,2020-TXH3,4,Selected-G+E,246,environment_rank_32,2.027832860573477,1.7059637807019432,-1.4970412089224139,-0.017140379421277864,12.19873513413844,13.244488184815264,0.6609326581999545
CV-GE-continuous-B6R,2020-TXH3,4,Selected-G+E+GxE,246,environment_rank_32,2.2114213223503283,1.8554377720460566,-1.9696439510854606,-0.060550266795027445,12.19873513413844,13.244488184815264,0.6609326581999545
CV-GE-continuous-B6R,2020-WIH1,2,B6-fixed-G+E,394,baseline,2.181284838797391,1.756082146381047,-0.0917789921816321,0.11455016094618281,,,
CV-GE-continuous-B6R,2020-WIH1,2,Selected-G,394,environment_rank_32,2.1952057208946103,1.7656328327477337,-0.10575884899153354,0.16084339659094476,7.199399354876725,9.068665732869814,0.8672714386723093
CV-GE-continuous-B6R,2020-WIH1,2,Selected-G+E,394,environment_rank_32,2.1896501095033503,1.7629039132541673,-0.1001690376517177,0.12379594693054655,7.199399354876725,9.068665732869814,0.8672714386723093
CV-GE-continuous-B6R,2020-WIH1,2,Selected-G+E+GxE,394,environment_rank_32,2.34260502319467,1.9013536562652082,-0.2592388448385756,-0.06601132075916556,7.199399354876725,9.068665732869814,0.8672714386723093
CV-GE-continuous-B6R,2020-WIH2,1,B6-fixed-G+E,1147,baseline,2.7814963651438234,2.3207575956881548,-0.08556764113383886,0.03054248664023416,,,
CV-GE-continuous-B6R,2020-WIH2,1,Selected-G,1147,environment_narrower,3.2094434992750327,2.6753160126847186,-0.4453045333294221,0.028262129781994827,6.929597435398569,8.43440515797162,0.7673966427973802
CV-GE-continuous-B6R,2020-WIH2,1,Selected-G+E,1147,environment_narrower,2.7744909604294583,2.2936218239721438,-0.08010636202612309,0.024368031576142268,6.929597435398569,8.43440515797162,0.7673966427973802
CV-GE-continuous-B6R,2020-WIH2,1,Selected-G+E+GxE,1147,environment_narrower,2.8029588077654117,2.352262713521492,-0.10238507978462907,0.025870258908700764,6.929597435398569,8.43440515797162,0.7673966427973802
CV-GE-continuous-B6R,2021-DEH1,1,B6-fixed-G+E,1138,baseline,2.5783949974855624,2.211621873186851,-0.7501136582148993,0.3336194897873008,,,
CV-GE-continuous-B6R,2021-DEH1,1,Selected-G,1138,environment_narrower,2.2129866870195944,1.8163441271579712,-0.2892138334440282,0.34004888401936134,16.517891459241316,20.27135166033677,0.2221749619839982
CV-GE-continuous-B6R,2021-DEH1,1,Selected-G+E,1138,environment_narrower,2.724643500423782,2.351572132471237,-0.9542797255374691,0.3208511878812248,16.517891459241316,20.27135166033677,0.2221749619839982
CV-GE-continuous-B6R,2021-DEH1,1,Selected-G+E+GxE,1138,environment_narrower,3.3566158491819884,2.970317066008984,-1.9659965128957482,0.3076905369613304,16.517891459241316,20.27135166033677,0.2221749619839982
CV-GE-continuous-B6R,2021-GAH2,0,B6-fixed-G+E,321,baseline,4.4598636827166915,3.9195432473782086,-3.063357460354305,0.12953975451415492,,,
CV-GE-continuous-B6R,2021-GAH2,0,Selected-G,321,environment_narrower,3.221725867233014,2.5636744655325927,-1.120406020409539,0.09918207099785946,10.993824202775217,11.710012062686639,0.5140293930795558
CV-GE-continuous-B6R,2021-GAH2,0,Selected-G+E,321,environment_narrower,4.593689965475173,4.0626132705835465,-3.310872934230863,0.1186048263308899,10.993824202775217,11.710012062686639,0.5140293930795558
CV-GE-continuous-B6R,2021-GAH2,0,Selected-G+E+GxE,321,environment_narrower,4.737207424472482,4.1758896102026455,-3.5844439044281247,0.06380409432484273,10.993824202775217,11.710012062686639,0.5140293930795558
CV-GE-continuous-B6R,2021-IAH4,3,B6-fixed-G+E,1124,baseline,1.722057676525917,1.3738961681586388,-0.17166225712559635,0.4731818923111292,,,
CV-GE-continuous-B6R,2021-IAH4,3,Selected-G,1124,environment_narrower,1.4356936220218337,1.1336089722141645,0.18561344317289907,0.47417790614509764,11.146075508685387,12.315448637407044,0.5033828223197482
CV-GE-continuous-B6R,2021-IAH4,3,Selected-G+E,1124,environment_narrower,1.6403908983094764,1.3131410626870994,-0.06316765592108076,0.4607825467992333,11.146075508685387,12.315448637407044,0.5033828223197482
CV-GE-continuous-B6R,2021-IAH4,3,Selected-G+E+GxE,1124,environment_narrower,1.6984153643027116,1.3535965939943173,-0.13971135137374846,0.2542398487221022,11.146075508685387,12.315448637407044,0.5033828223197482
CV-GE-continuous-B6R,2021-ILH1,3,B6-fixed-G+E,402,baseline,2.5730280643624246,2.184785524124277,-1.6010702608084109,-0.06370567354364996,,,
CV-GE-continuous-B6R,2021-ILH1,3,Selected-G,402,environment_narrower,1.9252192984908736,1.4903142069973214,-0.45620812594656646,-0.1038438076952698,10.511513737573802,11.811899930445659,0.5430938406748161
CV-GE-continuous-B6R,2021-ILH1,3,Selected-G+E,402,environment_narrower,1.7921151243184938,1.3880618517871357,-0.2618125639310356,-0.10353961433326614,10.511513737573802,11.811899930445659,0.5430938406748161
CV-GE-continuous-B6R,2021-ILH1,3,Selected-G+E+GxE,402,environment_narrower,2.5022723246337795,2.119143959681719,-1.4599834343448248,0.048248578632536565,10.511513737573802,11.811899930445659,0.5430938406748161
CV-GE-continuous-B6R,2021-INH1,4,B6-fixed-G+E,411,baseline,1.6032577176621605,1.256501493103671,-0.3387400054354004,0.08349759296962347,,,
CV-GE-continuous-B6R,2021-INH1,4,Selected-G,411,environment_rank_32,1.4739662669153486,1.1106854089253941,-0.1315262982636045,0.0550634746595816,9.362802915376937,10.942457627533237,0.7835311874767233
CV-GE-continuous-B6R,2021-INH1,4,Selected-G+E,411,environment_rank_32,1.6427151997421658,1.2996059242163642,-0.40544584017020435,0.10444200832764686,9.362802915376937,10.942457627533237,0.7835311874767233
CV-GE-continuous-B6R,2021-INH1,4,Selected-G+E+GxE,411,environment_rank_32,1.4980344184349328,1.1509278103284009,-0.1687810098303444,0.08846337316403952,9.362802915376937,10.942457627533237,0.7835311874767233
CV-GE-continuous-B6R,2021-MIH1,1,B6-fixed-G+E,417,baseline,1.4767305349618827,1.1657186297493354,-0.01434066066966011,0.2541814869802726,,,
CV-GE-continuous-B6R,2021-MIH1,1,Selected-G,417,environment_narrower,2.0586027093920456,1.7375093163827482,-0.9711805481027385,0.2431700551772774,9.371074414730051,10.420238267000665,0.6162061874104015
CV-GE-continuous-B6R,2021-MIH1,1,Selected-G+E,417,environment_narrower,1.6962857981822177,1.3861935723492105,-0.338379811175318,0.2572685315063865,9.371074414730051,10.420238267000665,0.6162061874104015
CV-GE-continuous-B6R,2021-MIH1,1,Selected-G+E+GxE,417,environment_narrower,1.8791629170951802,1.580838763056381,-0.6425182056371064,0.2579938993456127,9.371074414730051,10.420238267000665,0.6162061874104015
CV-GE-continuous-B6R,2021-MNH1,3,B6-fixed-G+E,415,baseline,1.724265852466787,1.3980254659147773,-0.6009999336864453,0.07315866501698275,,,
CV-GE-continuous-B6R,2021-MNH1,3,Selected-G,415,environment_narrower,1.5525863488405158,1.199631653937635,-0.29805885923769715,0.04339993665429794,10.908122625650726,12.59817477196349,0.5181918998919437
CV-GE-continuous-B6R,2021-MNH1,3,Selected-G+E,415,environment_narrower,1.4478394133640569,1.121727512627306,-0.12881727944005528,0.05820141752397918,10.908122625650726,12.59817477196349,0.5181918998919437
CV-GE-continuous-B6R,2021-MNH1,3,Selected-G+E+GxE,415,environment_narrower,1.490563451130159,1.1826858457601892,-0.1964203602355028,0.07585662033845876,10.908122625650726,12.59817477196349,0.5181918998919437
CV-GE-continuous-B6R,2021-NEH1,2,B6-fixed-G+E,247,baseline,3.1264281470497792,2.6309412835520383,-0.044721477136700605,-0.07758090247740627,,,
CV-GE-continuous-B6R,2021-NEH1,2,Selected-G,247,environment_rank_32,3.1154697566761063,2.6247385609962617,-0.037410641045866555,-0.02539826971645458,9.475352818793043,10.355126924756064,0.7813976743721817
CV-GE-continuous-B6R,2021-NEH1,2,Selected-G+E,247,environment_rank_32,3.3466031349217995,2.626565134540462,-0.19704932485628368,0.01317449052252663,9.475352818793043,10.355126924756064,0.7813976743721817
CV-GE-continuous-B6R,2021-NEH1,2,Selected-G+E+GxE,247,environment_rank_32,3.166717719974537,2.57863779043547,-0.07182115204424422,-0.11212841657994907,9.475352818793043,10.355126924756064,0.7813976743721817
CV-GE-continuous-B6R,2021-NEH2,2,B6-fixed-G+E,247,baseline,2.7120562719576777,2.3020200617414157,-1.3653899107499075,-0.0958382831588035,,,
CV-GE-continuous-B6R,2021-NEH2,2,Selected-G,247,environment_rank_32,2.5342613291737797,2.1192990698957375,-1.065418870396119,-0.029723346087799682,10.528792276897873,12.177692144288232,0.7374417326986085
CV-GE-continuous-B6R,2021-NEH2,2,Selected-G+E,247,environment_rank_32,2.1157736544363064,1.6966211925877193,-0.4396063621540478,-0.08959700994719118,10.528792276897873,12.177692144288232,0.7374417326986085
CV-GE-continuous-B6R,2021-NEH2,2,Selected-G+E+GxE,247,environment_rank_32,2.154584632629723,1.7426702803114735,-0.4929059990503235,0.041601640878014094,10.528792276897873,12.177692144288232,0.7374417326986085
CV-GE-continuous-B6R,2021-NYH1,2,B6-fixed-G+E,22,baseline,2.501493143257021,2.1837539872308906,-1.1630681081925274,0.06283985894691951,,,
CV-GE-continuous-B6R,2021-NYH1,2,Selected-G,22,environment_rank_32,2.691035200577958,2.307829746771795,-1.503285120727781,0.0025155441139497253,5.8553678332722265,8.429683632438849,0.9101037037675058
CV-GE-continuous-B6R,2021-NYH1,2,Selected-G+E,22,environment_rank_32,2.740672341378113,2.4000497827497997,-1.5964848597469317,0.10154456585838015,5.8553678332722265,8.429683632438849,0.9101037037675058
CV-GE-continuous-B6R,2021-NYH1,2,Selected-G+E+GxE,22,environment_rank_32,2.238704043714932,1.9787137908413974,-0.7324668290195284,0.37906868682277467,5.8553678332722265,8.429683632438849,0.9101037037675058
CV-GE-continuous-B6R,2021-NYH2,0,B6-fixed-G+E,396,baseline,1.9345186506784329,1.5535834572779184,-0.309708920964906,0.1109269331340361,,,
CV-GE-continuous-B6R,2021-NYH2,0,Selected-G,396,environment_narrower,1.7988121028883752,1.415966092126527,-0.13240178528228408,0.09693886321235806,2.4358304647395816,7.482918183226633,0.9678594260735619
CV-GE-continuous-B6R,2021-NYH2,0,Selected-G+E,396,environment_narrower,2.118798347912253,1.7259904797479342,-0.5711157948846468,0.10793723385247918,2.4358304647395816,7.482918183226633,0.9678594260735619
CV-GE-continuous-B6R,2021-NYH2,0,Selected-G+E+GxE,396,environment_narrower,1.7738515566845414,1.408099321552716,-0.1011931225007463,0.07524530145870978,2.4358304647395816,7.482918183226633,0.9678594260735619
CV-GE-continuous-B6R,2021-NYH3,2,B6-fixed-G+E,357,baseline,1.7754712487789766,1.4075702301990898,-0.264469723719821,-0.004995499627216009,,,
CV-GE-continuous-B6R,2021-NYH3,2,Selected-G,357,environment_rank_32,1.7318425652410954,1.3413715865240416,-0.2030895827210688,-0.05909919703900732,2.3055738741536254,7.870302379337858,0.9855016670881404
CV-GE-continuous-B6R,2021-NYH3,2,Selected-G+E,357,environment_rank_32,2.8132122589628485,2.444528225233649,-2.1745790784466714,0.03060338461710375,2.3055738741536254,7.870302379337858,0.9855016670881404
CV-GE-continuous-B6R,2021-NYH3,2,Selected-G+E+GxE,357,environment_rank_32,2.3512966731611664,1.9428591610568635,-1.2176653252910041,-0.08636355488595353,2.3055738741536254,7.870302379337858,0.9855016670881404
CV-GE-continuous-B6R,2021-SCH1,0,B6-fixed-G+E,397,baseline,1.7412831631295258,1.3382346001796772,-0.12403748218212374,0.04775013591978862,,,
CV-GE-continuous-B6R,2021-SCH1,0,Selected-G,397,environment_narrower,2.549509837166706,2.1456058611586566,-1.4096578222796086,0.054480118556435315,13.713378632515138,14.125648622816556,0.35507176289066983
CV-GE-continuous-B6R,2021-SCH1,0,Selected-G+E,397,environment_narrower,1.7344119984745165,1.331088404294984,-0.11518400184580613,0.05063890181206512,13.713378632515138,14.125648622816556,0.35507176289066983
CV-GE-continuous-B6R,2021-SCH1,0,Selected-G+E+GxE,397,environment_narrower,1.7000040118214055,1.3094085615247135,-0.07137592854826447,0.05545677118963085,13.713378632515138,14.125648622816556,0.35507176289066983
CV-GE-continuous-B6R,2021-SCH1L,2,B6-fixed-G+E,43,baseline,4.83364527690372,4.736256365660344,-35.928227843189404,0.16755315378363891,,,
CV-GE-continuous-B6R,2021-SCH1L,2,Selected-G,43,environment_rank_32,6.79654371961893,6.698844043815576,-72.01047005139725,0.015599209439752484,10.099300847561592,11.958442066078478,0.7556121571614326
CV-GE-continuous-B6R,2021-SCH1L,2,Selected-G+E,43,environment_rank_32,4.201750488815295,4.0961100879887065,-26.904190826119848,0.08658953753632381,10.099300847561592,11.958442066078478,0.7556121571614326
CV-GE-continuous-B6R,2021-SCH1L,2,Selected-G+E+GxE,43,environment_rank_32,4.959804314728577,4.725758396409996,-37.88105126412477,-0.4363315729772655,10.099300847561592,11.958442066078478,0.7556121571614326
CV-GE-continuous-B6R,2021-TXH1,3,B6-fixed-G+E,266,baseline,1.650803618696694,1.332587057199135,-0.04262598587655586,0.04532500574226429,,,
CV-GE-continuous-B6R,2021-TXH1,3,Selected-G,266,environment_narrower,1.6783906013813177,1.3478381042238317,-0.07776431082055413,0.03466798174789503,1.9041965222501211,14.57993658319804,0.9801657127944813
CV-GE-continuous-B6R,2021-TXH1,3,Selected-G+E,266,environment_narrower,1.6806496822455015,1.3554050690731805,-0.08066756265728015,0.026300059411957497,1.9041965222501211,14.57993658319804,0.9801657127944813
CV-GE-continuous-B6R,2021-TXH1,3,Selected-G+E+GxE,266,environment_narrower,1.7325019500100283,1.417122965977084,-0.14837884802334966,0.03787982263438592,1.9041965222501211,14.57993658319804,0.9801657127944813
CV-GE-continuous-B6R,2021-TXH2,2,B6-fixed-G+E,247,baseline,2.0882589010651276,1.6957821200880785,-0.5249757212493764,0.15441036224077576,,,
CV-GE-continuous-B6R,2021-TXH2,2,Selected-G,247,environment_rank_32,1.7234260178751506,1.3414244894595495,-0.03867466129805219,0.1026828749337791,1.8228012868828316,13.212840264796935,0.9909128992320795
CV-GE-continuous-B6R,2021-TXH2,2,Selected-G+E,247,environment_rank_32,1.8022689079096483,1.3733806899014738,-0.13588255049182885,0.08698716249418706,1.8228012868828316,13.212840264796935,0.9909128992320795
CV-GE-continuous-B6R,2021-TXH2,2,Selected-G+E+GxE,247,environment_rank_32,1.766863802037258,1.351625150589842,-0.09169266859325309,0.08507266058140699,1.8228012868828316,13.212840264796935,0.9909128992320795
CV-GE-continuous-B6R,2021-TXH3,0,B6-fixed-G+E,246,baseline,5.4625141594759485,5.358010836737308,-26.831631176092866,0.05989921133497763,,,
CV-GE-continuous-B6R,2021-TXH3,0,Selected-G,246,environment_narrower,5.944017569756455,5.8448723273591074,-31.95442042432248,0.04305658185634285,14.784100788413467,15.01410060892508,0.30016034577787826
CV-GE-continuous-B6R,2021-TXH3,0,Selected-G+E,246,environment_narrower,5.582579911921583,5.478556828774454,-28.068552495742505,0.031864547522610163,14.784100788413467,15.01410060892508,0.30016034577787826
CV-GE-continuous-B6R,2021-TXH3,0,Selected-G+E+GxE,246,environment_narrower,4.043571574130036,3.852502836448756,-14.250489329915093,0.09423589050598595,14.784100788413467,15.01410060892508,0.30016034577787826
CV-GE-continuous-B6R,2021-WIH1,1,B6-fixed-G+E,397,baseline,2.3552851737137095,1.946097114203388,-0.22866457712077137,0.08754269208893989,,,
CV-GE-continuous-B6R,2021-WIH1,1,Selected-G,397,environment_narrower,2.9250000976126014,2.5084811480113918,-0.894951552054561,0.09986475852117085,9.666081077337907,10.239206548347328,0.597418387360417
CV-GE-continuous-B6R,2021-WIH1,1,Selected-G+E,397,environment_narrower,2.514033425264867,2.1035744349579857,-0.39987235205127947,0.08627987381293277,9.666081077337907,10.239206548347328,0.597418387360417
CV-GE-continuous-B6R,2021-WIH1,1,Selected-G+E+GxE,397,environment_narrower,2.6632122115800922,2.231894621332633,-0.5709338147995096,0.04972676694001699,9.666081077337907,10.239206548347328,0.597418387360417
CV-GE-continuous-B6R,2021-WIH2,4,B6-fixed-G+E,1137,baseline,1.8389770584226972,1.4328220535306442,0.02949626581709275,0.24931116298238287,,,
CV-GE-continuous-B6R,2021-WIH2,4,Selected-G,1137,environment_rank_32,2.784329664068215,2.3279845736173783,-1.2247739808906362,0.24931733998318226,10.745150267268357,10.956846624120445,0.7252092121063881
CV-GE-continuous-B6R,2021-WIH2,4,Selected-G+E,1137,environment_rank_32,1.9877814939212912,1.5895454315422057,-0.13391858663292977,0.25003032911626866,10.745150267268357,10.956846624120445,0.7252092121063881
CV-GE-continuous-B6R,2021-WIH2,4,Selected-G+E+GxE,1137,environment_rank_32,2.109068774036079,1.7138040267250774,-0.2765154381832322,0.22492793935848282,10.745150267268357,10.956846624120445,0.7252092121063881
