environment,year,city,horizon,issuance_date,planting_date,uses_current_year_realized_weather,max_current_year_weather_date_used,uses_future_weather,uses_observed_phenology,historical_weather_years_used,plant_population_proxy,ssurgo_available,ssurgo_mukey,ssurgo_mapunit,ssurgo_component,wx_t2m,wx_t2m_min,wx_t2m_max,wx_prectotcorr,wx_allsky_sfc_sw_dwn,wx_rh2m,wx_ws2m,wx_n_days
2014-IAH1,2014,Ames,T0_preseason,2014-05-17,2014-05-17,False,,False,False,10,,True,2922031,"Canisteo clay loam, Bemis moraine, 0 to 2 percent slopes",Canisteo,21.48134426229508,3.76,39.8,2391.62,13609.84,72.63083606557377,2.9331803278688526,610
2014-IAH1,2014,Ames,T1_30DAP,2014-06-16,2014-05-17,True,2014-06-16,False,False,0,,True,2922031,"Canisteo clay loam, Bemis moraine, 0 to 2 percent slopes",Canisteo,19.627419354838707,3.62,28.96,112.1,683.2,73.53483870967742,2.8409677419354837,31
2014-IAH1,2014,Ames,T2_60DAP_reproductive_window_proxy,2014-07-16,2014-05-17,True,2014-07-16,False,False,0,,True,2922031,"Canisteo clay loam, Bemis moraine, 0 to 2 percent slopes",Canisteo,20.66262295081967,3.62,30.26,315.78,1290.66,77.33803278688526,2.7165573770491807,61
2014-ILH1,2014,Urbana,T0_preseason,2014-05-06,2014-05-06,False,,False,False,10,,True,242963,"Drummer silty clay loam, 0 to 2 percent slopes",Drummer,20.542737704918032,1.42,41.49,2263.3,13201.85,76.77383606557376,2.8275573770491804,610
2014-ILH1,2014,Urbana,T1_30DAP,2014-06-05,2014-05-06,True,2014-06-05,False,False,0,,True,242963,"Drummer silty clay loam, 0 to 2 percent slopes",Drummer,19.096129032258066,2.15,29.18,134.45,671.01,77.17806451612901,3.092258064516129,31
2014-ILH1,2014,Urbana,T2_60DAP_reproductive_window_proxy,2014-07-05,2014-05-06,True,2014-07-05,False,False,0,,True,242963,"Drummer silty clay loam, 0 to 2 percent slopes",Drummer,20.688524590163933,2.15,30.01,284.33,1343.8000000000002,78.12262295081968,2.889344262295082,61
2014-INH1,2014,West Lafayette,T0_preseason,2014-05-25,2014-05-25,False,,False,False,10,,True,163953,Drummer soils,Drummer,22.25072131147541,4.63,40.52,2349.3199999999997,13686.83,77.54901639344261,2.467196721311475,610
2014-INH1,2014,West Lafayette,T1_30DAP,2014-06-24,2014-05-25,True,2014-06-24,False,False,0,,True,163953,Drummer soils,Drummer,21.897096774193546,9.4,30.84,141.82,711.8800000000001,78.11548387096774,2.6354838709677417,31
2014-INH1,2014,West Lafayette,T2_60DAP_reproductive_window_proxy,2014-07-24,2014-05-25,True,2014-07-24,False,False,0,,True,163953,Drummer soils,Drummer,21.75967213114754,9.4,30.84,209.77,1410.64,77.48196721311473,2.5049180327868856,61
2014-MNH1,2014,Waseca,T0_preseason,2014-05-16,2014-05-16,False,,False,False,10,,True,455433,"Glencoe clay loam, 0 to 1 percent slopes",Glencoe,20.128262295081967,0.44,39.56,2172.0699999999997,13382.19,70.28252459016393,3.1301967213114756,610
2014-MNH1,2014,Waseca,T1_30DAP,2014-06-15,2014-05-16,True,2014-06-15,False,False,0,,True,455433,"Glencoe clay loam, 0 to 1 percent slopes",Glencoe,17.819032258064517,-0.37,28.92,123.32000000000004,644.4399999999998,73.44709677419357,2.9106451612903226,31
2014-MNH1,2014,Waseca,T2_60DAP_reproductive_window_proxy,2014-07-15,2014-05-16,True,2014-07-15,False,False,0,,True,455433,"Glencoe clay loam, 0 to 1 percent slopes",Glencoe,19.156557377049182,-0.37,29.68,282.5799999999999,1276.9499999999998,77.04426229508195,2.9362295081967216,61
2014-MOH2,2014,Columbia,T0_preseason,2014-05-05,2014-05-05,False,,False,False,10,,True,2533525,"Haymond silt loam, 0 to 3 percent slopes, frequently flooded",Haymond,21.592868852459013,1.78,41.66,2299.42,13669.99,76.42696721311476,2.456377049180328,610
2014-MOH2,2014,Columbia,T1_30DAP,2014-06-04,2014-05-05,True,2014-06-04,False,False,0,,True,2533525,"Haymond silt loam, 0 to 3 percent slopes, frequently flooded",Haymond,20.026451612903227,1.61,29.69,104.86000000000001,673.0899999999999,77.20096774193547,2.456774193548387,31
2014-MOH2,2014,Columbia,T2_60DAP_reproductive_window_proxy,2014-07-04,2014-05-05,True,2014-07-04,False,False,0,,True,2533525,"Haymond silt loam, 0 to 3 percent slopes, frequently flooded",Haymond,21.55967213114754,1.61,32.87,205.53,1320.0400000000002,77.12573770491805,2.408196721311475,61
2014-NEH1,2014,Lincoln,T0_preseason,2014-05-16,2014-05-16,False,,False,False,10,,True,1691396,"Urban land-Kennebec complex, 0 to 2 percent slopes",Urban land,22.464442622950823,3.15,42.01,2205.83,14157.919999999998,67.66198360655738,3.2299672131147537,610
2014-NEH1,2014,Lincoln,T1_30DAP,2014-06-15,2014-05-16,True,2014-06-15,False,False,0,,True,1691396,"Urban land-Kennebec complex, 0 to 2 percent slopes",Urban land,20.013870967741934,1.21,30.15,145.04000000000002,719.77,70.80225806451614,2.9699999999999998,31
2014-NEH1,2014,Lincoln,T2_60DAP_reproductive_window_proxy,2014-07-15,2014-05-16,True,2014-07-15,False,False,0,,True,1691396,"Urban land-Kennebec complex, 0 to 2 percent slopes",Urban land,21.595901639344266,1.21,33.54,268.67,1425.9900000000002,71.2183606557377,2.9811475409836063,61
2014-NEH2,2014,North Platte,T0_preseason,2014-05-15,2014-05-15,False,,False,False,10,,True,2745909,"Holdrege silt loam, 1 to 3 percent slopes, plains and breaks",Holdrege,21.64639344262295,1.77,43.77,2139.0,14994.509999999998,58.64796721311475,3.377918032786885,610
2014-NEH2,2014,North Platte,T1_30DAP,2014-06-14,2014-05-15,True,2014-06-14,False,False,0,,True,2745909,"Holdrege silt loam, 1 to 3 percent slopes, plains and breaks",Holdrege,18.94516129032258,2.11,35.45,157.89999999999998,707.1700000000001,61.82032258064516,3.4441935483870965,31
2014-NEH2,2014,North Platte,T2_60DAP_reproductive_window_proxy,2014-07-14,2014-05-15,True,2014-07-14,False,False,0,,True,2745909,"Holdrege silt loam, 1 to 3 percent slopes, plains and breaks",Holdrege,20.93754098360656,2.11,36.17,258.66999999999996,1508.0499999999997,61.21393442622951,3.222950819672131,61
2014-NYH2,2014,Aurora,T0_preseason,2014-05-27,2014-05-27,False,,False,False,10,,True,289425,"Kendaia and Lyons soils, 0 to 3 percent slopes",Kendaia,20.23649180327869,2.68,37.39,2082.5,12776.0,73.26513114754098,0.25640983606557377,610
2014-NYH2,2014,Aurora,T1_30DAP,2014-06-26,2014-05-27,True,2014-06-26,False,False,0,,True,289425,"Kendaia and Lyons soils, 0 to 3 percent slopes",Kendaia,18.106129032258064,7.88,27.95,119.58,646.9099999999999,78.08806451612905,0.27161290322580645,31
2014-NYH2,2014,Aurora,T2_60DAP_reproductive_window_proxy,2014-07-26,2014-05-27,True,2014-07-26,False,False,0,,True,289425,"Kendaia and Lyons soils, 0 to 3 percent slopes",Kendaia,19.4627868852459,7.88,31.27,192.09,1306.76,75.41081967213115,0.26754098360655737,61
2014-WIH1,2014,Madison,T0_preseason,2014-05-09,2014-05-09,False,,False,False,10,,True,753560,"Plano silt loam, gravelly substratum, 2 to 6 percent slopes",Plano,18.439295081967213,-0.82,40.81,2326.5299999999997,12970.93,76.48049180327868,2.964918032786885,610
2014-WIH1,2014,Madison,T1_30DAP,2014-06-08,2014-05-09,True,2014-06-08,False,False,0,,True,753560,"Plano silt loam, gravelly substratum, 2 to 6 percent slopes",Plano,16.33258064516129,2.79,27.95,123.78999999999998,677.9500000000002,77.15387096774194,2.8367741935483872,31
2014-WIH1,2014,Madison,T2_60DAP_reproductive_window_proxy,2014-07-08,2014-05-09,True,2014-07-08,False,False,0,,True,753560,"Plano silt loam, gravelly substratum, 2 to 6 percent slopes",Plano,18.209180327868857,2.79,28.89,319.00999999999993,1317.65,78.95459016393445,2.8945901639344265,61
2015-ILH1,2015,Urbana,T0_preseason,2015-04-30,2015-04-30,False,,False,False,10,,True,242963,"Drummer silty clay loam, 0 to 2 percent slopes",Drummer,19.74555737704918,-1.79,41.49,2297.28,12905.54,77.07080327868853,2.92255737704918,610
2015-ILH1,2015,Urbana,T1_30DAP,2015-05-30,2015-04-30,True,2015-05-30,False,False,0,,True,242963,"Drummer silty clay loam, 0 to 2 percent slopes",Drummer,18.46451612903226,1.72,28.45,128.29999999999998,623.1899999999998,75.66806451612904,3.3906451612903226,31
2015-ILH1,2015,Urbana,T2_60DAP_reproductive_window_proxy,2015-06-29,2015-04-30,True,2015-06-29,False,False,0,,True,242963,"Drummer silty clay loam, 0 to 2 percent slopes",Drummer,20.07868852459016,1.72,31.08,340.10999999999996,1214.2800000000002,78.91049180327869,3.101147540983606,61
2015-INH1,2015,West Lafayette,T0_preseason,2015-05-14,2015-05-14,False,,False,False,10,,True,164263,"Raub-Brenton complex, 0 to 1 percent slopes",Raub,20.862459016393444,2.05,40.52,2250.2,13591.150000000001,77.15698360655738,2.6167540983606554,610
2015-INH1,2015,West Lafayette,T1_30DAP,2015-06-13,2015-05-14,True,2015-06-13,False,False,0,,True,164263,"Raub-Brenton complex, 0 to 1 percent slopes",Raub,19.14903225806452,4.75,30.78,157.48000000000002,638.66,78.75741935483873,3.2422580645161294,31
2015-INH1,2015,West Lafayette,T2_60DAP_reproductive_window_proxy,2015-07-13,2015-05-14,True,2015-07-13,False,False,0,,True,164263,"Raub-Brenton complex, 0 to 1 percent slopes",Raub,20.253114754098366,4.75,30.78,425.08000000000004,1176.5400000000002,81.33918032786886,2.8619672131147538,61
2015-KSH1,2015,Manhattan,T0_preseason,2015-04-23,2015-04-23,False,,False,False,10,,True,1472339,"Wymore silty clay loam, 1 to 3 percent slopes, eroded",Wymore,20.00670491803279,-5.46,36.86,2592.3100000000004,13197.939999999999,68.68749180327869,3.5862459016393444,610
2015-KSH1,2015,Manhattan,T1_30DAP,2015-05-23,2015-04-23,True,2015-05-23,False,False,0,,True,1472339,"Wymore silty clay loam, 1 to 3 percent slopes, eroded",Wymore,16.437741935483874,3.8,30.6,201.09,553.9499999999999,70.06483870967742,3.6987096774193553,31
2015-KSH1,2015,Manhattan,T2_60DAP_reproductive_window_proxy,2015-06-22,2015-04-23,True,2015-06-22,False,False,0,,True,1472339,"Wymore silty clay loam, 1 to 3 percent slopes, eroded",Wymore,19.34409836065574,3.8,34.17,371.76,1175.18,75.56081967213115,3.3224590163934424,61
2015-MNH1,2015,Waseca,T0_preseason,2015-05-19,2015-05-19,False,,False,False,10,,True,455434,"Nicollet clay loam, 1 to 3 percent slopes",Nicollet,20.751377049180327,2.43,39.56,2121.9399999999996,13356.16,70.39803278688525,3.083573770491803,610
2015-MNH1,2015,Waseca,T1_30DAP,2015-06-18,2015-05-19,True,2015-06-18,False,False,0,,True,455434,"Nicollet clay loam, 1 to 3 percent slopes",Nicollet,17.88,0.41,33.41,112.62000000000002,634.75,71.89387096774192,2.85741935483871,31
2015-MNH1,2015,Waseca,T2_60DAP_reproductive_window_proxy,2015-07-18,2015-05-19,True,2015-07-18,False,False,0,,True,455434,"Nicollet clay loam, 1 to 3 percent slopes",Nicollet,19.81016393442623,0.41,33.41,244.94,1308.0000000000002,72.37409836065574,2.6796721311475404,61
2015-MOH1,2015,Columbia,T0_preseason,2015-05-04,2015-05-04,False,,False,False,10,,True,2532763,"Mexico silt loam, 1 to 4 percent slopes, eroded",Mexico,21.429180327868853,-1.16,41.66,2226.14,13700.619999999999,76.25524590163934,2.4457704918032785,610
2015-MOH1,2015,Columbia,T1_30DAP,2015-06-03,2015-05-04,True,2015-06-03,False,False,0,,True,2532763,"Mexico silt loam, 1 to 4 percent slopes, eroded",Mexico,18.309354838709677,3.27,27.47,172.56,546.2,80.0558064516129,2.7345161290322575,31
2015-MOH1,2015,Columbia,T2_60DAP_reproductive_window_proxy,2015-07-03,2015-05-04,True,2015-07-03,False,False,0,,True,2532763,"Mexico silt loam, 1 to 4 percent slopes, eroded",Mexico,21.09983606557377,3.27,31.39,398.95000000000005,1142.75,82.21540983606556,2.5418032786885245,61
2015-MOH2,2015,Columbia,T0_preseason,2015-05-05,2015-05-05,False,,False,False,10,,True,2532763,"Mexico silt loam, 1 to 4 percent slopes, eroded",Mexico,21.59486885245902,1.61,41.66,2303.13,13688.339999999998,76.24893442622951,2.4464918032786884,610
2015-MOH2,2015,Columbia,T1_30DAP,2015-06-04,2015-05-05,True,2015-06-04,False,False,0,,True,2532763,"Mexico silt loam, 1 to 4 percent slopes, eroded",Mexico,18.341290322580647,3.27,27.47,184.87,540.4599999999999,80.43161290322581,2.7087096774193546,31
2015-MOH2,2015,Columbia,T2_60DAP_reproductive_window_proxy,2015-07-04,2015-05-05,True,2015-07-04,False,False,0,,True,2532763,"Mexico silt loam, 1 to 4 percent slopes, eroded",Mexico,21.110655737704917,3.27,31.39,397.29,1149.91,82.16377049180326,2.5272131147540984,61
2015-NEH2,2015,North Platte,T0_preseason,2015-04-23,2015-04-23,False,,False,False,10,,True,2745909,"Holdrege silt loam, 1 to 3 percent slopes, plains and breaks",Holdrege,17.369426229508196,-4.89,40.61,2046.83,13967.97,57.82947540983606,3.7155901639344266,610
2015-NEH2,2015,North Platte,T1_30DAP,2015-05-23,2015-04-23,True,2015-05-23,False,False,0,,True,2745909,"Holdrege silt loam, 1 to 3 percent slopes, plains and breaks",Holdrege,13.271935483870967,0.28,29.65,118.4,596.28,64.54032258064515,3.941612903225807,31
2015-NEH2,2015,North Platte,T2_60DAP_reproductive_window_proxy,2015-06-22,2015-04-23,True,2015-06-22,False,False,0,,True,2745909,"Holdrege silt loam, 1 to 3 percent slopes, plains and breaks",Holdrege,16.554426229508195,0.28,34.1,241.84,1279.61,67.58524590163934,3.5703278688524596,61
2015-NEH3,2015,Brule,T0_preseason,2015-06-10,2015-06-10,False,,False,False,10,,True,1698896,"Kuma loam, 1 to 3 percent slopes",Kuma,24.57172131147541,7.61,43.15,1731.75,15544.59,54.729950819672126,2.941377049180328,610
2015-NEH3,2015,Brule,T1_30DAP,2015-07-10,2015-06-10,True,2015-07-10,False,False,0,,True,1698896,"Kuma loam, 1 to 3 percent slopes",Kuma,22.400645161290324,11.61,37.63,58.60000000000001,742.1499999999999,61.58806451612902,2.7722580645161288,31
2015-NEH3,2015,Brule,T2_60DAP_reproductive_window_proxy,2015-08-09,2015-06-10,True,2015-08-09,False,False,0,,True,1698896,"Kuma loam, 1 to 3 percent slopes",Kuma,23.8927868852459,11.61,37.63,133.11000000000004,1477.4699999999998,57.519180327868845,2.70983606557377,61
2015-NYH2,2015,Aurora,T0_preseason,2015-05-07,2015-05-07,False,,False,False,10,,True,289443,"Lima silt loam, 0 to 3 percent slopes",Lima,17.53926229508197,-2.32,35.62,1865.75,12612.99,74.31731147540984,0.2669836065573771,610
2015-NYH2,2015,Aurora,T1_30DAP,2015-06-06,2015-05-07,True,2015-06-06,False,False,0,,True,289443,"Lima silt loam, 0 to 3 percent slopes",Lima,16.75548387096774,-1.03,30.48,108.12999999999998,655.4599999999998,72.34903225806451,0.26096774193548394,31
2015-NYH2,2015,Aurora,T2_60DAP_reproductive_window_proxy,2015-07-06,2015-05-07,True,2015-07-06,False,False,0,,True,289443,"Lima silt loam, 0 to 3 percent slopes",Lima,18.034754098360654,-1.03,30.48,282.2199999999999,1236.1999999999998,75.05901639344262,0.26016393442622954,61
2015-NYH3,2015,Aurora,T0_preseason,2015-05-23,2015-05-23,False,,False,False,10,,True,289443,"Lima silt loam, 0 to 3 percent slopes",Lima,20.000622950819675,1.82,37.39,1941.1899999999998,12888.16,73.27391803278688,0.2595081967213115,610
2015-NYH3,2015,Aurora,T1_30DAP,2015-06-22,2015-05-23,True,2015-06-22,False,False,0,,True,289443,"Lima silt loam, 0 to 3 percent slopes",Lima,18.61193548387097,-1.03,30.08,148.75999999999996,630.1200000000001,75.56161290322581,0.2548387096774194,31
2015-NYH3,2015,Aurora,T2_60DAP_reproductive_window_proxy,2015-07-22,2015-05-23,True,2015-07-22,False,False,0,,True,289443,"Lima silt loam, 0 to 3 percent slopes",Lima,19.190491803278682,-1.03,31.26,281.37,1233.5099999999998,75.29016393442623,0.26344262295081966,61
2015-OHH1,2015,South Charleston,T0_preseason,2015-05-21,2015-05-21,False,,False,False,10,,True,171729,"Kokomo silty clay loam, 0 to 2 percent slopes",Kokomo,21.457377049180327,2.03,37.71,1888.39,13702.07,76.77916393442622,2.3281803278688527,610
2015-OHH1,2015,South Charleston,T1_30DAP,2015-06-20,2015-05-21,True,2015-06-20,False,False,0,,True,171729,"Kokomo silty clay loam, 0 to 2 percent slopes",Kokomo,20.721935483870972,5.66,31.2,145.76,610.76,79.13709677419355,2.8722580645161293,31
2015-OHH1,2015,South Charleston,T2_60DAP_reproductive_window_proxy,2015-07-20,2015-05-21,True,2015-07-20,False,False,0,,True,171729,"Kokomo silty clay loam, 0 to 2 percent slopes",Kokomo,20.966885245901636,5.66,31.2,303.42999999999995,1142.15,81.07737704918031,2.651147540983607,61
2015-SDH1,2015,New Underwood,T0_preseason,2015-05-22,2015-05-22,False,,False,False,10,,True,354335,"Nunn clay loam, 2 to 6 percent slopes",Nunn,20.972573770491802,2.5,44.18,1443.11,14933.59,53.93680327868852,2.5703278688524587,610
2015-SDH1,2015,New Underwood,T1_30DAP,2015-06-21,2015-05-22,True,2015-06-21,False,False,0,,True,354335,"Nunn clay loam, 2 to 6 percent slopes",Nunn,17.814193548387102,2.52,35.41,166.41,671.4300000000001,68.87064516129034,2.4103225806451616,31
2015-SDH1,2015,New Underwood,T2_60DAP_reproductive_window_proxy,2015-07-21,2015-05-22,True,2015-07-21,False,False,0,,True,354335,"Nunn clay loam, 2 to 6 percent slopes",Nunn,20.16131147540984,2.52,35.41,220.57999999999998,1419.08,63.57131147540983,2.342131147540983,61
2015-TXH1,2015,College Station,T0_preseason,2015-03-07,2015-03-07,False,,False,False,10,,True,363467,"Ships clay, 0 to 1 percent slopes, rarely flooded",Ships,18.65773770491803,-2.47,36.27,1491.83,11484.029999999999,74.16039344262295,2.695229508196721,610
2015-TXH1,2015,College Station,T1_30DAP,2015-04-06,2015-03-07,True,2015-04-06,False,False,0,,True,363467,"Ships clay, 0 to 1 percent slopes, rarely flooded",Ships,16.934516129032257,1.81,27.95,158.39000000000004,438.96,85.8458064516129,2.132903225806452,31
2015-TXH1,2015,College Station,T2_60DAP_reproductive_window_proxy,2015-05-06,2015-03-07,True,2015-05-06,False,False,0,,True,363467,"Ships clay, 0 to 1 percent slopes, rarely flooded",Ships,18.853770491803278,1.81,30.39,326.4,1009.27,84.54442622950822,2.0808196721311476,61
2015-TXH2,2015,College Station,T0_preseason,2015-04-25,2015-04-25,False,,False,False,10,,True,363467,"Ships clay, 0 to 1 percent slopes, rarely flooded",Ships,25.724622950819672,6.33,42.0,1710.0000000000002,13831.75,68.99660655737706,2.3941639344262295,610
2015-TXH2,2015,College Station,T1_30DAP,2015-05-25,2015-04-25,True,2015-05-25,False,False,0,,True,363467,"Ships clay, 0 to 1 percent slopes, rarely flooded",Ships,22.658064516129027,8.7,30.39,284.26,523.0899999999999,86.26290322580643,2.3770967741935487,31
2015-TXH2,2015,College Station,T2_60DAP_reproductive_window_proxy,2015-06-24,2015-04-25,True,2015-06-24,False,False,0,,True,363467,"Ships clay, 0 to 1 percent slopes, rarely flooded",Ships,24.146229508196722,8.7,32.15,467.36000000000007,1214.8400000000001,85.57180327868852,2.080983606557377,61
2016-DEH1,2016,Georgetown,T0_preseason,2016-04-25,2016-04-25,False,,False,False,10,,True,1603413,"Hammonton loamy sand, 0 to 2 percent slopes, Northern Tidewater Area",Hammonton,19.804081967213115,2.14,37.09,1850.2,13293.740000000002,76.49654098360655,2.8918032786885246,610
2016-DEH1,2016,Georgetown,T1_30DAP,2016-05-25,2016-04-25,True,2016-05-25,False,False,0,,True,1603413,"Hammonton loamy sand, 0 to 2 percent slopes, Northern Tidewater Area",Hammonton,14.648709677419356,4.53,27.55,146.24,472.12000000000006,83.7558064516129,2.6770967741935485,31
2016-DEH1,2016,Georgetown,T2_60DAP_reproductive_window_proxy,2016-06-24,2016-04-25,True,2016-06-24,False,False,0,,True,1603413,"Hammonton loamy sand, 0 to 2 percent slopes, Northern Tidewater Area",Hammonton,18.255409836065578,4.53,31.16,252.58999999999995,1151.9,81.3118032786885,2.667213114754098,61
2016-GAH2,2016,Watkinsville,T0_preseason,2016-05-25,2016-05-25,False,,False,False,10,,True,2580475,"Chewacla silt loam, 0 to 2 percent slopes, frequently flooded",Chewacla,26.645557377049183,9.44,44.51,1860.7399999999998,13885.82,68.72121311475411,0.08029508196721312,610
2016-GAH2,2016,Watkinsville,T1_30DAP,2016-06-24,2016-05-25,True,2016-06-24,False,False,0,,True,2580475,"Chewacla silt loam, 0 to 2 percent slopes, frequently flooded",Chewacla,26.257741935483867,14.89,39.55,58.85,757.7900000000001,67.48258064516129,0.08967741935483871,31
2016-GAH2,2016,Watkinsville,T2_60DAP_reproductive_window_proxy,2016-07-24,2016-05-25,True,2016-07-24,False,False,0,,True,2580475,"Chewacla silt loam, 0 to 2 percent slopes, frequently flooded",Chewacla,27.650491803278687,14.89,40.3,144.82,1461.9999999999998,65.96032786885246,0.07950819672131147,61
2016-IAH2,2016,Carroll,T0_preseason,2016-04-25,2016-04-25,False,,False,False,10,,True,2765524,"Clarion loam, Bemis moraine, 2 to 6 percent slopes",Clarion,17.628836065573772,-3.99,35.48,2564.33,12552.4,71.99093442622951,3.5044262295081965,610
2016-IAH2,2016,Carroll,T1_30DAP,2016-05-25,2016-04-25,True,2016-05-25,False,False,0,,True,2765524,"Clarion loam, Bemis moraine, 2 to 6 percent slopes",Clarion,13.393548387096777,0.32,27.04,145.16,591.5600000000001,75.68709677419355,3.221612903225806,31
2016-IAH2,2016,Carroll,T2_60DAP_reproductive_window_proxy,2016-06-24,2016-04-25,True,2016-06-24,False,False,0,,True,2765524,"Clarion loam, Bemis moraine, 2 to 6 percent slopes",Clarion,17.625245901639346,0.32,31.28,197.42999999999998,1370.7599999999998,76.11377049180325,3.0416393442622955,61
2016-IAH3,2016,Keystone,T0_preseason,2016-04-24,2016-04-24,False,,False,False,10,,True,402815,"Muscatine silty clay loam, 0 to 2 percent slopes",Muscatine,17.45511475409836,-4.79,35.79,2763.19,12367.13,75.48754098360656,3.326573770491804,610
2016-IAH3,2016,Keystone,T1_30DAP,2016-05-24,2016-04-24,True,2016-05-24,False,False,0,,True,402815,"Muscatine silty clay loam, 0 to 2 percent slopes",Muscatine,13.517096774193545,0.23,27.77,64.64,579.44,72.96225806451613,3.3048387096774197,31
2016-IAH3,2016,Keystone,T2_60DAP_reproductive_window_proxy,2016-06-23,2016-04-24,True,2016-06-23,False,False,0,,True,402815,"Muscatine silty clay loam, 0 to 2 percent slopes",Muscatine,17.75245901639344,0.23,32.23,181.47,1381.0699999999997,74.32065573770493,3.0437704918032784,61
2016-IAH4,2016,Ames,T0_preseason,2016-04-26,2016-04-26,False,,False,False,10,,True,2765522,"Clarion loam, Bemis moraine, 2 to 6 percent slopes",Clarion,18.04255737704918,-2.52,35.36,2603.69,12621.67,73.62855737704918,3.319672131147541,610
2016-IAH4,2016,Ames,T1_30DAP,2016-05-26,2016-04-26,True,2016-05-26,False,False,0,,True,2765522,"Clarion loam, Bemis moraine, 2 to 6 percent slopes",Clarion,13.913548387096775,1.06,27.57,99.84000000000002,577.02,73.95580645161289,3.077096774193548,31
2016-IAH4,2016,Ames,T2_60DAP_reproductive_window_proxy,2016-06-25,2016-04-26,True,2016-06-25,False,False,0,,True,2765522,"Clarion loam, Bemis moraine, 2 to 6 percent slopes",Clarion,18.14196721311475,1.06,32.28,179.08999999999997,1377.08,74.48688524590163,2.949672131147541,61
2016-ILH1,2016,Urbana,T0_preseason,2016-04-26,2016-04-26,False,,False,False,10,,True,242965,"Flanagan silt loam, 0 to 2 percent slopes",Flanagan,19.13995081967213,-0.24,34.94,2534.5899999999997,12575.329999999998,77.45462295081967,3.0222131147540985,610
2016-ILH1,2016,Urbana,T1_30DAP,2016-05-26,2016-04-26,True,2016-05-26,False,False,0,,True,242965,"Flanagan silt loam, 0 to 2 percent slopes",Flanagan,15.091612903225807,1.92,27.48,118.37,574.5,77.37967741935483,3.040967741935484,31
2016-ILH1,2016,Urbana,T2_60DAP_reproductive_window_proxy,2016-06-25,2016-04-26,True,2016-06-25,False,False,0,,True,242965,"Flanagan silt loam, 0 to 2 percent slopes",Flanagan,19.01901639344262,1.92,31.7,215.13,1317.9299999999998,77.2327868852459,2.807213114754098,61
2016-INH1,2016,West Lafayette,T0_preseason,2016-05-19,2016-05-19,False,,False,False,10,,True,164263,"Raub-Brenton complex, 0 to 1 percent slopes",Raub,21.577,2.05,40.52,2425.63,13633.11,77.97019672131148,2.564983606557377,610
2016-INH1,2016,West Lafayette,T1_30DAP,2016-06-18,2016-05-19,True,2016-06-18,False,False,0,,True,164263,"Raub-Brenton complex, 0 to 1 percent slopes",Raub,20.858709677419355,6.14,31.79,67.46999999999998,729.21,74.79451612903226,2.677741935483871,31
2016-INH1,2016,West Lafayette,T2_60DAP_reproductive_window_proxy,2016-07-18,2016-05-19,True,2016-07-18,False,False,0,,True,164263,"Raub-Brenton complex, 0 to 1 percent slopes",Raub,21.851147540983607,6.14,31.79,226.17,1408.6500000000003,76.85524590163936,2.5160655737704922,61
2016-MIH1,2016,East Lansing,T0_preseason,2016-05-24,2016-05-24,False,,False,False,10,,True,3117279,"Conover loam, 0 to 4 percent slopes",Conover,20.238622950819675,0.25,38.68,1963.4700000000003,13524.06,75.3492131147541,2.5990983606557374,610
2016-MIH1,2016,East Lansing,T1_30DAP,2016-06-23,2016-05-24,True,2016-06-23,False,False,0,,True,3117279,"Conover loam, 0 to 4 percent slopes",Conover,20.07903225806452,6.56,31.45,38.38,726.94,73.38258064516127,2.7993548387096774,31
2016-MIH1,2016,East Lansing,T2_60DAP_reproductive_window_proxy,2016-07-23,2016-05-24,True,2016-07-23,False,False,0,,True,3117279,"Conover loam, 0 to 4 percent slopes",Conover,21.575737704918026,6.56,35.16,100.7,1425.8999999999999,70.10360655737705,2.6739344262295086,61
2016-MNH1,2016,Waseca,T0_preseason,2016-05-17,2016-05-17,False,,False,False,10,,True,2835046,"Webster clay loam, 0 to 2 percent slopes",Webster,20.24272131147541,0.41,39.56,2202.13,13368.4,70.71426229508198,3.0761967213114754,610
2016-MNH1,2016,Waseca,T1_30DAP,2016-06-16,2016-05-17,True,2016-06-16,False,False,0,,True,2835046,"Webster clay loam, 0 to 2 percent slopes",Webster,19.308064516129033,4.84,31.72,146.31,684.82,74.46193548387096,2.76258064516129,31
2016-MNH1,2016,Waseca,T2_60DAP_reproductive_window_proxy,2016-07-16,2016-05-17,True,2016-07-16,False,False,0,,True,2835046,"Webster clay loam, 0 to 2 percent slopes",Webster,20.420163934426228,4.84,31.72,261.08,1432.49,74.24524590163934,2.7890163934426235,61
2016-NEH1,2016,Mead,T0_preseason,2016-05-06,2016-05-06,False,,False,False,10,,True,1691417,"Filbert silt loam, 0 to 1 percent slopes",Filbert,20.738918032786888,0.52,41.84,2597.7700000000004,13516.91,70.65262295081968,3.265606557377049,610
2016-NEH1,2016,Mead,T1_30DAP,2016-06-05,2016-05-06,True,2016-06-05,False,False,0,,True,1691417,"Filbert silt loam, 0 to 1 percent slopes",Filbert,17.47806451612903,1.8,28.61,159.84000000000003,715.0400000000001,74.64193548387095,3.015483870967742,31
2016-NEH1,2016,Mead,T2_60DAP_reproductive_window_proxy,2016-07-05,2016-05-06,True,2016-07-05,False,False,0,,True,1691417,"Filbert silt loam, 0 to 1 percent slopes",Filbert,20.744098360655745,1.8,34.73,246.17000000000004,1463.57,74.68065573770492,2.854590163934426,61
2016-NEH4,2016,Mead,T0_preseason,2016-06-07,2016-06-07,False,,False,False,10,,True,1691417,"Filbert silt loam, 0 to 1 percent slopes",Filbert,24.72367213114754,8.71,43.07,1926.18,14097.52,68.32377049180327,2.732639344262295,610
2016-NEH4,2016,Mead,T1_30DAP,2016-07-07,2016-06-07,True,2016-07-07,False,False,0,,True,1691417,"Filbert silt loam, 0 to 1 percent slopes",Filbert,24.379677419354838,11.26,34.73,118.53,772.11,75.52870967741937,2.6367741935483875,31
2016-NEH4,2016,Mead,T2_60DAP_reproductive_window_proxy,2016-08-06,2016-06-07,True,2016-08-06,False,False,0,,True,1691417,"Filbert silt loam, 0 to 1 percent slopes",Filbert,24.999999999999996,11.26,37.69,196.04,1470.24,73.9444262295082,2.594098360655738,61
2016-NYH1,2016,Aurora,T0_preseason,2016-05-19,2016-05-19,False,,False,False,10,,True,289425,"Kendaia and Lyons soils, 0 to 3 percent slopes",Kendaia,19.312573770491806,-1.03,36.24,1955.9700000000003,12848.95,73.52668852459016,0.262983606557377,610
2016-NYH1,2016,Aurora,T1_30DAP,2016-06-18,2016-05-19,True,2016-06-18,False,False,0,,True,289425,"Kendaia and Lyons soils, 0 to 3 percent slopes",Kendaia,18.077096774193553,3.51,31.31,45.27,701.46,69.04419354838711,0.2835483870967742,31
2016-NYH1,2016,Aurora,T2_60DAP_reproductive_window_proxy,2016-07-18,2016-05-19,True,2016-07-18,False,False,0,,True,289425,"Kendaia and Lyons soils, 0 to 3 percent slopes",Kendaia,20.295737704918032,3.51,33.53,80.97,1392.0400000000002,64.2772131147541,0.27573770491803284,61
2016-NYH2,2016,Aurora,T0_preseason,2016-05-10,2016-05-10,False,,False,False,10,,True,289444,"Lima silt loam, 3 to 8 percent slopes",Lima,17.98154098360656,-2.32,36.24,2048.21,12571.240000000002,74.30898360655738,0.26518032786885243,610
2016-NYH2,2016,Aurora,T1_30DAP,2016-06-09,2016-05-10,True,2016-06-09,False,False,0,,True,289444,"Lima silt loam, 3 to 8 percent slopes",Lima,15.943870967741937,0.49,31.17,50.35999999999999,652.8899999999999,71.48709677419355,0.29387096774193544,31
2016-NYH2,2016,Aurora,T2_60DAP_reproductive_window_proxy,2016-07-09,2016-05-10,True,2016-07-09,False,False,0,,True,289444,"Lima silt loam, 3 to 8 percent slopes",Lima,18.44344262295082,0.49,33.53,75.01,1382.69,65.38344262295082,0.29114754098360657,61
2016-NYH2L,2016,Aurora,T0_preseason,2016-05-10,2016-05-10,False,,False,False,10,,True,289444,"Lima silt loam, 3 to 8 percent slopes",Lima,17.98154098360656,-2.32,36.24,2048.21,12571.240000000002,74.30898360655738,0.26518032786885243,610
2016-NYH2L,2016,Aurora,T1_30DAP,2016-06-09,2016-05-10,True,2016-06-09,False,False,0,,True,289444,"Lima silt loam, 3 to 8 percent slopes",Lima,15.943870967741937,0.49,31.17,50.35999999999999,652.8899999999999,71.48709677419355,0.29387096774193544,31
2016-NYH2L,2016,Aurora,T2_60DAP_reproductive_window_proxy,2016-07-09,2016-05-10,True,2016-07-09,False,False,0,,True,289444,"Lima silt loam, 3 to 8 percent slopes",Lima,18.44344262295082,0.49,33.53,75.01,1382.69,65.38344262295082,0.29114754098360657,61
2016-TXH1,2016,College Station,T0_preseason,2016-03-04,2016-03-04,False,,False,False,10,,True,363467,"Ships clay, 0 to 1 percent slopes, rarely flooded",Ships,18.325950819672126,-4.49,36.27,1676.2200000000003,11095.42,75.09967213114754,2.6629508196721314,610
2016-TXH1,2016,College Station,T1_30DAP,2016-04-03,2016-03-04,True,2016-04-03,False,False,0,,True,363467,"Ships clay, 0 to 1 percent slopes, rarely flooded",Ships,16.88967741935484,1.47,27.94,136.00000000000003,549.2,80.35354838709678,2.510967741935484,31
2016-TXH1,2016,College Station,T2_60DAP_reproductive_window_proxy,2016-05-03,2016-03-04,True,2016-05-03,False,False,0,,True,363467,"Ships clay, 0 to 1 percent slopes, rarely flooded",Ships,18.679180327868853,1.47,30.16,358.37,1104.8799999999997,80.64049180327866,2.3786885245901637,61
2016-TXH2,2016,College Station,T0_preseason,2016-04-28,2016-04-28,False,,False,False,10,,True,363467,"Ships clay, 0 to 1 percent slopes, rarely flooded",Ships,25.949704918032786,6.33,42.05,2011.7,13794.380000000001,70.41847540983608,2.36727868852459,610
2016-TXH2,2016,College Station,T1_30DAP,2016-05-28,2016-04-28,True,2016-05-28,False,False,0,,True,363467,"Ships clay, 0 to 1 percent slopes, rarely flooded",Ships,22.650322580645156,11.46,30.72,322.89,575.6300000000001,84.9390322580645,2.330322580645162,31
2016-TXH2,2016,College Station,T2_60DAP_reproductive_window_proxy,2016-06-27,2016-04-28,True,2016-06-27,False,False,0,,True,363467,"Ships clay, 0 to 1 percent slopes, rarely flooded",Ships,24.353278688524593,11.46,32.99,410.68,1290.85,84.66803278688525,1.9880327868852457,61
2016-WIH1,2016,Madison,T0_preseason,2016-05-09,2016-05-09,False,,False,False,10,,True,753559,"Plano silt loam, gravelly substratum, 0 to 2 percent slopes",Plano,18.31083606557377,-0.82,40.81,2335.71,13065.7,76.83245901639344,2.954491803278688,610
2016-WIH1,2016,Madison,T1_30DAP,2016-06-08,2016-05-09,True,2016-06-08,False,False,0,,True,753559,"Plano silt loam, gravelly substratum, 0 to 2 percent slopes",Plano,15.891612903225806,-2.16,26.16,87.27999999999999,682.25,77.01193548387094,2.8764516129032254,31
2016-WIH1,2016,Madison,T2_60DAP_reproductive_window_proxy,2016-07-08,2016-05-09,True,2016-07-08,False,False,0,,True,753559,"Plano silt loam, gravelly substratum, 0 to 2 percent slopes",Plano,18.458196721311474,-2.16,29.46,226.17,1406.1799999999998,77.73311475409837,2.7101639344262303,61
2016-WIH2,2016,Arlington,T0_preseason,2016-05-24,2016-05-24,False,,False,False,10,,True,423332,"Plano silt loam, till substratum, 0 to 2 percent slopes",Plano,20.27155737704918,1.04,40.03,2424.8900000000003,13349.31,75.21426229508197,2.6972622950819676,610
2016-WIH2,2016,Arlington,T1_30DAP,2016-06-23,2016-05-24,True,2016-06-23,False,False,0,,True,423332,"Plano silt loam, till substratum, 0 to 2 percent slopes",Plano,19.76129032258065,7.43,29.4,141.04999999999998,708.81,79.38903225806452,2.7487096774193547,31
2016-WIH2,2016,Arlington,T2_60DAP_reproductive_window_proxy,2016-07-23,2016-05-24,True,2016-07-23,False,False,0,,True,423332,"Plano silt loam, till substratum, 0 to 2 percent slopes",Plano,20.805245901639346,7.43,31.24,265.22,1412.32,78.52606557377048,2.682131147540984,61
2017-COH1,2017,Fort Collins,T0_preseason,2017-05-31,2017-05-31,False,,False,False,10,,True,497682,"Fort Collins loam, 0 to 3 percent slopes",Fort Collins,21.78137704918033,2.67,38.81,1049.97,15754.91,44.820557377049184,2.1837377049180327,610
2017-COH1,2017,Fort Collins,T1_30DAP,2017-06-30,2017-05-31,True,2017-06-30,False,False,0,,True,497682,"Fort Collins loam, 0 to 3 percent slopes",Fort Collins,20.68935483870968,7.17,35.98,14.789999999999997,823.35,42.81935483870967,2.2967741935483867,31
2017-COH1,2017,Fort Collins,T2_60DAP_reproductive_window_proxy,2017-07-30,2017-05-31,True,2017-07-30,False,False,0,,True,497682,"Fort Collins loam, 0 to 3 percent slopes",Fort Collins,22.429508196721308,7.17,36.9,56.18,1551.48,43.27262295081968,2.1295081967213116,61
2017-DEH1,2017,Georgetown,T0_preseason,2017-04-28,2017-04-28,False,,False,False,10,,True,1603440,"Klej loamy sand, 0 to 2 percent slopes",Klej,20.168327868852458,3.4,37.09,1962.4499999999998,13202.59,77.51372131147541,2.835622950819672,610
2017-DEH1,2017,Georgetown,T1_30DAP,2017-05-28,2017-04-28,True,2017-05-28,False,False,0,,True,1603440,"Klej loamy sand, 0 to 2 percent slopes",Klej,17.57548387096774,7.17,30.29,147.61,640.07,78.04612903225808,3.504838709677419,31
2017-DEH1,2017,Georgetown,T2_60DAP_reproductive_window_proxy,2017-06-27,2017-04-28,True,2017-06-27,False,False,0,,True,1603440,"Klej loamy sand, 0 to 2 percent slopes",Klej,20.176065573770487,7.17,32.21,205.61,1324.0900000000001,76.83672131147542,3.1188524590163937,61
2017-GAH1,2017,Tifton,T0_preseason,2017-04-04,2017-04-04,False,,False,False,10,,True,324953,"Tifton loamy sand, 2 to 5 percent slopes",Tifton,21.17740983606557,0.2,38.84,1744.6399999999999,13685.44,73.87760655737705,2.440016393442623,610
2017-GAH1,2017,Tifton,T1_30DAP,2017-05-04,2017-04-04,True,2017-05-04,False,False,0,,True,324953,"Tifton loamy sand, 2 to 5 percent slopes",Tifton,20.940322580645166,5.22,33.26,90.56,703.1099999999999,69.06838709677419,2.515806451612903,31
2017-GAH1,2017,Tifton,T2_60DAP_reproductive_window_proxy,2017-06-03,2017-04-04,True,2017-06-03,False,False,0,,True,324953,"Tifton loamy sand, 2 to 5 percent slopes",Tifton,22.33491803278688,5.22,35.05,195.93,1402.25,68.19754098360656,2.448524590163934,61
2017-GAH2,2017,Watkinsville,T0_preseason,2017-05-02,2017-05-02,False,,False,False,10,,True,2580506,"Wickham sandy loam, 2 to 6 percent slopes, rarely flooded",Wickham,24.217573770491803,5.06,44.51,1651.94,14051.220000000001,71.34131147540984,0.08804918032786885,610
2017-GAH2,2017,Watkinsville,T1_30DAP,2017-06-01,2017-05-02,True,2017-06-01,False,False,0,,True,2580506,"Wickham sandy loam, 2 to 6 percent slopes, rarely flooded",Wickham,22.13,7.85,35.91,117.66999999999999,688.6400000000002,69.75387096774195,0.09387096774193547,31
2017-GAH2,2017,Watkinsville,T2_60DAP_reproductive_window_proxy,2017-07-01,2017-05-02,True,2017-07-01,False,False,0,,True,2580506,"Wickham sandy loam, 2 to 6 percent slopes, rarely flooded",Wickham,23.687377049180323,7.85,36.54,255.37,1311.79,71.71213114754097,0.09278688524590163,61
2017-IAH4,2017,Ames,T0_preseason,2017-05-07,2017-05-07,False,,False,False,10,,True,2765537,"Clarion loam, Bemis moraine, 2 to 6 percent slopes",Clarion,19.702704918032783,-0.65,39.8,2648.8099999999995,13177.32,74.99626229508196,3.033967213114754,610
2017-IAH4,2017,Ames,T1_30DAP,2017-06-06,2017-05-07,True,2017-06-06,False,False,0,,True,2765537,"Clarion loam, Bemis moraine, 2 to 6 percent slopes",Clarion,17.644193548387097,5.86,31.0,93.63,718.0,71.5583870967742,3.2699999999999996,31
2017-IAH4,2017,Ames,T2_60DAP_reproductive_window_proxy,2017-07-06,2017-05-07,True,2017-07-06,False,False,0,,True,2765537,"Clarion loam, Bemis moraine, 2 to 6 percent slopes",Clarion,20.244590163934422,5.86,34.09,167.92999999999995,1493.5199999999998,69.1927868852459,3.1559016393442625,61
2017-ILH1,2017,Urbana,T0_preseason,2017-04-26,2017-04-26,False,,False,False,10,,True,242966,"Catlin silt loam, 2 to 5 percent slopes",Catlin,19.23834426229508,-0.24,34.94,2579.33,12616.269999999999,77.61696721311476,3.0114426229508195,610
2017-ILH1,2017,Urbana,T1_30DAP,2017-05-26,2017-04-26,True,2017-05-26,False,False,0,,True,242966,"Catlin silt loam, 2 to 5 percent slopes",Catlin,15.761612903225808,3.04,29.39,222.96999999999994,551.2499999999999,78.91,3.764516129032259,31
2017-ILH1,2017,Urbana,T2_60DAP_reproductive_window_proxy,2017-06-25,2017-04-26,True,2017-06-25,False,False,0,,True,242966,"Catlin silt loam, 2 to 5 percent slopes",Catlin,18.876885245901637,3.04,32.04,274.68999999999994,1344.0599999999997,75.87049180327868,3.2836065573770497,61
2017-INH1,2017,West Lafayette,T0_preseason,2017-05-16,2017-05-16,False,,False,False,10,,True,163904,Chalmers silty clay loam,Chalmers,21.16965573770492,2.28,40.52,2393.66,13567.44,77.8366393442623,2.6271967213114755,610
2017-INH1,2017,West Lafayette,T1_30DAP,2017-06-15,2017-05-16,True,2017-06-15,False,False,0,,True,163904,Chalmers silty clay loam,Chalmers,20.084516129032256,7.39,31.15,115.96,720.17,76.60967741935482,3.109032258064516,31
2017-INH1,2017,West Lafayette,T2_60DAP_reproductive_window_proxy,2017-07-15,2017-05-16,True,2017-07-15,False,False,0,,True,163904,Chalmers silty clay loam,Chalmers,21.18639344262295,7.39,31.15,289.98,1397.9199999999998,78.0255737704918,2.8718032786885246,61
2017-MIH1,2017,East Lansing,T0_preseason,2017-05-22,2017-05-22,False,,False,False,10,,True,3117279,"Conover loam, 0 to 4 percent slopes",Conover,20.044754098360656,0.25,38.68,1879.5900000000001,13614.100000000002,75.55696721311476,2.6257377049180324,610
2017-MIH1,2017,East Lansing,T1_30DAP,2017-06-21,2017-05-22,True,2017-06-21,False,False,0,,True,3117279,"Conover loam, 0 to 4 percent slopes",Conover,18.276451612903223,6.95,29.91,52.290000000000006,703.2,78.9416129032258,2.810967741935484,31
2017-MIH1,2017,East Lansing,T2_60DAP_reproductive_window_proxy,2017-07-21,2017-05-22,True,2017-07-21,False,False,0,,True,3117279,"Conover loam, 0 to 4 percent slopes",Conover,19.659344262295082,6.95,31.1,140.56,1378.7200000000005,78.10098360655739,2.7131147540983607,61
2017-MNH1,2017,Waseca,T0_preseason,2017-05-10,2017-05-10,False,,False,False,10,,True,455434,"Nicollet clay loam, 1 to 3 percent slopes",Nicollet,18.969245901639344,-3.38,39.56,2275.26,13114.98,72.17131147540984,3.1455081967213117,610
2017-MNH1,2017,Waseca,T1_30DAP,2017-06-09,2017-05-10,True,2017-06-09,False,False,0,,True,455434,"Nicollet clay loam, 1 to 3 percent slopes",Nicollet,16.266774193548386,4.3,29.35,95.81999999999998,673.05,74.3658064516129,3.041612903225807,31
2017-MNH1,2017,Waseca,T2_60DAP_reproductive_window_proxy,2017-07-09,2017-05-10,True,2017-07-09,False,False,0,,True,455434,"Nicollet clay loam, 1 to 3 percent slopes",Nicollet,18.30213114754098,4.3,32.12,213.56,1352.9399999999998,74.80147540983607,3.000327868852459,61
2017-NYH1,2017,Aurora,T0_preseason,2017-05-20,2017-05-20,False,,False,False,10,,True,289443,"Lima silt loam, 0 to 3 percent slopes",Lima,19.625262295081967,-1.03,36.24,1779.2199999999998,13052.279999999999,72.3258524590164,0.2632295081967213,610
2017-NYH1,2017,Aurora,T1_30DAP,2017-06-19,2017-05-20,True,2017-06-19,False,False,0,,True,289443,"Lima silt loam, 0 to 3 percent slopes",Lima,17.17096774193548,6.59,29.26,123.61000000000001,622.6700000000001,79.08387096774192,0.26580645161290317,31
2017-NYH1,2017,Aurora,T2_60DAP_reproductive_window_proxy,2017-07-19,2017-05-20,True,2017-07-19,False,False,0,,True,289443,"Lima silt loam, 0 to 3 percent slopes",Lima,18.790655737704917,6.59,29.91,246.78000000000003,1254.4199999999998,78.44114754098361,0.26016393442622954,61
2017-NYH2,2017,Aurora,T0_preseason,2017-05-18,2017-05-18,False,,False,False,10,,True,289443,"Lima silt loam, 0 to 3 percent slopes",Lima,19.282245901639346,-1.03,36.24,1764.21,13051.2,72.41803278688525,0.26431147540983607,610
2017-NYH2,2017,Aurora,T1_30DAP,2017-06-17,2017-05-18,True,2017-06-17,False,False,0,,True,289443,"Lima silt loam, 0 to 3 percent slopes",Lima,16.943870967741937,6.59,29.26,105.92,631.5200000000001,78.96032258064515,0.26419354838709674,31
2017-NYH2,2017,Aurora,T2_60DAP_reproductive_window_proxy,2017-07-17,2017-05-18,True,2017-07-17,False,False,0,,True,289443,"Lima silt loam, 0 to 3 percent slopes",Lima,18.67508196721311,6.59,29.26,251.52,1243.8999999999996,78.68737704918034,0.25770491803278694,61
2017-NYH3,2017,Aurora,T0_preseason,2017-05-18,2017-05-18,False,,False,False,10,,True,289443,"Lima silt loam, 0 to 3 percent slopes",Lima,19.282245901639346,-1.03,36.24,1764.21,13051.2,72.41803278688525,0.26431147540983607,610
2017-NYH3,2017,Aurora,T1_30DAP,2017-06-17,2017-05-18,True,2017-06-17,False,False,0,,True,289443,"Lima silt loam, 0 to 3 percent slopes",Lima,16.943870967741937,6.59,29.26,105.92,631.5200000000001,78.96032258064515,0.26419354838709674,31
2017-NYH3,2017,Aurora,T2_60DAP_reproductive_window_proxy,2017-07-17,2017-05-18,True,2017-07-17,False,False,0,,True,289443,"Lima silt loam, 0 to 3 percent slopes",Lima,18.67508196721311,6.59,29.26,251.52,1243.8999999999996,78.68737704918034,0.25770491803278694,61
2017-TXH1-Dry,2017,College Station,T0_preseason,2017-03-03,2017-03-03,False,,False,False,10,,True,363467,"Ships clay, 0 to 1 percent slopes, rarely flooded",Ships,18.01455737704918,-6.38,35.28,1900.06,11003.470000000001,76.1077213114754,2.642081967213115,610
2017-TXH1-Dry,2017,College Station,T1_30DAP,2017-04-02,2017-03-03,True,2017-04-02,False,False,0,,True,363467,"Ships clay, 0 to 1 percent slopes, rarely flooded",Ships,18.576451612903227,3.14,29.08,98.75999999999999,515.09,80.98354838709675,2.612903225806451,31
2017-TXH1-Dry,2017,College Station,T2_60DAP_reproductive_window_proxy,2017-05-02,2017-03-03,True,2017-05-02,False,False,0,,True,363467,"Ships clay, 0 to 1 percent slopes, rarely flooded",Ships,19.647868852459016,3.14,33.01,178.8,1151.9600000000003,77.5906557377049,2.5891803278688523,61
2017-TXH1-Early,2017,College Station,T0_preseason,2017-03-03,2017-03-03,False,,False,False,10,,True,363467,"Ships clay, 0 to 1 percent slopes, rarely flooded",Ships,18.01455737704918,-6.38,35.28,1900.06,11003.470000000001,76.1077213114754,2.642081967213115,610
2017-TXH1-Early,2017,College Station,T1_30DAP,2017-04-02,2017-03-03,True,2017-04-02,False,False,0,,True,363467,"Ships clay, 0 to 1 percent slopes, rarely flooded",Ships,18.576451612903227,3.14,29.08,98.75999999999999,515.09,80.98354838709675,2.612903225806451,31
2017-TXH1-Early,2017,College Station,T2_60DAP_reproductive_window_proxy,2017-05-02,2017-03-03,True,2017-05-02,False,False,0,,True,363467,"Ships clay, 0 to 1 percent slopes, rarely flooded",Ships,19.647868852459016,3.14,33.01,178.8,1151.9600000000003,77.5906557377049,2.5891803278688523,61
2017-TXH1-Late,2017,College Station,T0_preseason,2017-04-06,2017-04-06,False,,False,False,10,,True,363467,"Ships clay, 0 to 1 percent slopes, rarely flooded",Ships,22.63555737704918,0.96,39.93,2378.49,12631.68,73.85655737704919,2.5054754098360656,610
2017-TXH1-Late,2017,College Station,T1_30DAP,2017-05-06,2017-04-06,True,2017-05-06,False,False,0,,True,363467,"Ships clay, 0 to 1 percent slopes, rarely flooded",Ships,20.932258064516127,7.75,33.01,85.26,665.6100000000001,72.54709677419355,2.5448387096774194,31
2017-TXH1-Late,2017,College Station,T2_60DAP_reproductive_window_proxy,2017-06-05,2017-04-06,True,2017-06-05,False,False,0,,True,363467,"Ships clay, 0 to 1 percent slopes, rarely flooded",Ships,22.762295081967217,7.75,34.6,234.25000000000003,1268.7800000000002,73.12950819672132,2.4652459016393435,61
2017-TXH2,2017,College Station,T0_preseason,2017-05-03,2017-05-03,False,,False,False,10,,True,363467,"Ships clay, 0 to 1 percent slopes, rarely flooded",Ships,26.321918032786883,6.33,42.67,2267.6800000000003,13790.55,71.99404918032786,2.2888852459016396,610
2017-TXH2,2017,College Station,T1_30DAP,2017-06-02,2017-05-03,True,2017-06-02,False,False,0,,True,363467,"Ships clay, 0 to 1 percent slopes, rarely flooded",Ships,24.005161290322583,10.53,34.6,107.35,656.3200000000002,70.8974193548387,2.550967741935484,31
2017-TXH2,2017,College Station,T2_60DAP_reproductive_window_proxy,2017-07-02,2017-05-03,True,2017-07-02,False,False,0,,True,363467,"Ships clay, 0 to 1 percent slopes, rarely flooded",Ships,25.803770491803277,10.53,37.38,201.43000000000004,1346.29,71.90918032786885,2.408688524590164,61
2017-WIH1,2017,Madison,T0_preseason,2017-05-05,2017-05-05,False,,False,False,10,,True,753560,"Plano silt loam, gravelly substratum, 2 to 6 percent slopes",Plano,17.75672131147541,-2.16,39.74,2329.8999999999996,13036.65,77.04580327868851,2.985147540983607,610
2017-WIH1,2017,Madison,T1_30DAP,2017-06-04,2017-05-05,True,2017-06-04,False,False,0,,True,753560,"Plano silt loam, gravelly substratum, 2 to 6 percent slopes",Plano,14.742258064516127,-0.21,28.16,100.28000000000002,644.4800000000001,78.99354838709677,3.101935483870968,31
2017-WIH1,2017,Madison,T2_60DAP_reproductive_window_proxy,2017-07-04,2017-05-05,True,2017-07-04,False,False,0,,True,753560,"Plano silt loam, gravelly substratum, 2 to 6 percent slopes",Plano,17.331147540983608,-0.21,29.1,268.73999999999995,1329.97,79.69147540983607,3.058196721311475,61
2017-WIH2,2017,Arlington,T0_preseason,2017-05-11,2017-05-11,False,,False,False,10,,True,423332,"Plano silt loam, till substratum, 0 to 2 percent slopes",Plano,18.35577049180328,-2.38,40.03,2294.59,13319.730000000001,76.054,2.8708360655737706,610
2017-WIH2,2017,Arlington,T1_30DAP,2017-06-10,2017-05-11,True,2017-06-10,False,False,0,,True,423332,"Plano silt loam, till substratum, 0 to 2 percent slopes",Plano,16.036774193548386,3.0,27.94,87.83999999999999,678.2099999999999,78.55451612903227,3.0712903225806456,31
2017-WIH2,2017,Arlington,T2_60DAP_reproductive_window_proxy,2017-07-10,2017-05-11,True,2017-07-10,False,False,0,,True,423332,"Plano silt loam, till substratum, 0 to 2 percent slopes",Plano,18.05377049180328,3.0,29.09,268.35999999999996,1344.4599999999996,80.43967213114753,2.9386885245901637,61
2018-ARH2,2018,Keiser,T0_preseason,2018-04-19,2018-04-19,False,,False,False,10,,True,564359,Steele loamy sand,Steele,21.289590163934427,0.92,34.84,2945.71,13135.39,78.68450819672131,2.679081967213115,610
2018-ARH2,2018,Keiser,T1_30DAP,2018-05-19,2018-04-19,True,2018-05-19,False,False,0,,True,564359,Steele loamy sand,Steele,19.29451612903226,2.41,31.11,129.97,660.82,79.98548387096773,2.4374193548387093,31
2018-ARH2,2018,Keiser,T2_60DAP_reproductive_window_proxy,2018-06-18,2018-04-19,True,2018-06-18,False,False,0,,True,564359,Steele loamy sand,Steele,22.464590163934425,2.41,33.49,228.38000000000002,1406.1,79.0444262295082,2.051967213114754,61
2018-DEH1,2018,Georgetown,T0_preseason,2018-05-02,2018-05-02,False,,False,False,10,,True,1603413,"Hammonton loamy sand, 0 to 2 percent slopes, Northern Tidewater Area",Hammonton,20.88009836065574,3.4,37.09,2057.7300000000005,13429.41,77.15347540983606,2.8139016393442624,610
2018-DEH1,2018,Georgetown,T1_30DAP,2018-06-01,2018-05-02,True,2018-06-01,False,False,0,,True,1603413,"Hammonton loamy sand, 0 to 2 percent slopes, Northern Tidewater Area",Hammonton,20.323225806451614,8.22,28.86,194.66999999999996,601.64,83.9216129032258,2.7174193548387096,31
2018-DEH1,2018,Georgetown,T2_60DAP_reproductive_window_proxy,2018-07-01,2018-05-02,True,2018-07-01,False,False,0,,True,1603413,"Hammonton loamy sand, 0 to 2 percent slopes, Northern Tidewater Area",Hammonton,21.536065573770493,8.22,32.57,299.75000000000006,1283.8500000000001,82.85590163934427,2.5962295081967217,61
2018-IAH2,2018,Carroll,T0_preseason,2018-04-29,2018-04-29,False,,False,False,10,,True,2765524,"Clarion loam, Bemis moraine, 2 to 6 percent slopes",Clarion,18.159590163934425,-3.19,38.94,2670.68,12977.63,73.16680327868852,3.342131147540983,610
2018-IAH2,2018,Carroll,T1_30DAP,2018-05-29,2018-04-29,True,2018-05-29,False,False,0,,True,2765524,"Clarion loam, Bemis moraine, 2 to 6 percent slopes",Clarion,18.94677419354839,2.33,34.77,94.20000000000002,631.8200000000002,72.80999999999999,3.0274193548387096,31
2018-IAH2,2018,Carroll,T2_60DAP_reproductive_window_proxy,2018-06-28,2018-04-29,True,2018-06-28,False,False,0,,True,2765524,"Clarion loam, Bemis moraine, 2 to 6 percent slopes",Clarion,20.925409836065576,2.33,34.77,306.74,1253.4200000000003,74.33032786885245,2.9734426229508206,61
2018-IAH4,2018,Ames,T0_preseason,2018-05-15,2018-05-15,False,,False,False,10,,True,2765537,"Clarion loam, Bemis moraine, 2 to 6 percent slopes",Clarion,20.88481967213115,0.34,39.8,2575.6000000000004,13504.419999999998,74.8557868852459,2.895459016393443,610
2018-IAH4,2018,Ames,T1_30DAP,2018-06-14,2018-05-15,True,2018-06-14,False,False,0,,True,2765537,"Clarion loam, Bemis moraine, 2 to 6 percent slopes",Clarion,22.958387096774192,10.53,35.88,128.02999999999997,720.7599999999998,71.11290322580645,2.469677419354839,31
2018-IAH4,2018,Ames,T2_60DAP_reproductive_window_proxy,2018-07-14,2018-05-15,True,2018-07-14,False,False,0,,True,2765537,"Clarion loam, Bemis moraine, 2 to 6 percent slopes",Clarion,23.61704918032787,10.53,35.88,301.96,1422.1599999999999,74.51049180327868,2.507540983606558,61
2018-ILH1,2018,Urbana,T0_preseason,2018-05-08,2018-05-08,False,,False,False,10,,True,242965,"Flanagan silt loam, 0 to 2 percent slopes",Flanagan,20.771983606557377,1.42,41.53,2586.05,13262.310000000001,77.48863934426228,2.816016393442623,610
2018-ILH1,2018,Urbana,T1_30DAP,2018-06-07,2018-05-08,True,2018-06-07,False,False,0,,True,242965,"Flanagan silt loam, 0 to 2 percent slopes",Flanagan,22.14483870967742,9.97,33.25,64.49000000000001,703.05,76.8458064516129,2.5348387096774196,31
2018-ILH1,2018,Urbana,T2_60DAP_reproductive_window_proxy,2018-07-07,2018-05-08,True,2018-07-07,False,False,0,,True,242965,"Flanagan silt loam, 0 to 2 percent slopes",Flanagan,23.294754098360652,9.97,33.25,249.58999999999997,1353.9800000000002,79.60049180327869,2.328688524590164,61
2018-INH1,2018,West Lafayette,T0_preseason,2018-05-07,2018-05-07,False,,False,False,10,,True,164263,"Raub-Brenton complex, 0 to 1 percent slopes",Raub,20.032098360655738,-0.3,40.48,2560.74,13204.06,78.02704918032786,2.8181967213114754,610
2018-INH1,2018,West Lafayette,T1_30DAP,2018-06-06,2018-05-07,True,2018-06-06,False,False,0,,True,164263,"Raub-Brenton complex, 0 to 1 percent slopes",Raub,20.899032258064516,7.82,33.54,67.25000000000001,702.47,77.79161290322583,2.7270967741935483,31
2018-INH1,2018,West Lafayette,T2_60DAP_reproductive_window_proxy,2018-07-06,2018-05-07,True,2018-07-06,False,False,0,,True,164263,"Raub-Brenton complex, 0 to 1 percent slopes",Raub,22.447213114754103,7.82,33.54,229.92000000000002,1339.3799999999999,80.06081967213115,2.475573770491803,61
2018-MIH1,2018,East Lansing,T0_preseason,2018-05-28,2018-05-28,False,,False,False,10,,True,186735,"Marlette fine sandy loam, 2 to 6 percent slopes",Marlette,20.517934426229505,0.25,38.68,1952.46,13525.67,76.12414754098361,2.5948360655737703,610
2018-MIH1,2018,East Lansing,T1_30DAP,2018-06-27,2018-05-28,True,2018-06-27,False,False,0,,True,186735,"Marlette fine sandy loam, 2 to 6 percent slopes",Marlette,19.916774193548385,7.48,31.54,93.30999999999999,627.53,80.55645161290322,2.8029032258064515,31
2018-MIH1,2018,East Lansing,T2_60DAP_reproductive_window_proxy,2018-07-27,2018-05-28,True,2018-07-27,False,False,0,,True,186735,"Marlette fine sandy loam, 2 to 6 percent slopes",Marlette,21.148852459016396,7.48,31.54,132.46,1348.08,78.72934426229509,2.520327868852459,61
2018-MNH1,2018,Waseca,T0_preseason,2018-05-24,2018-05-24,False,,False,False,10,,True,455439,"Le Sueur loam, 1 to 3 percent slopes",Le Sueur,20.78060655737705,3.0,39.56,2501.49,13371.98,73.96162295081967,2.87072131147541,610
2018-MNH1,2018,Waseca,T1_30DAP,2018-06-23,2018-05-24,True,2018-06-23,False,False,0,,True,455439,"Le Sueur loam, 1 to 3 percent slopes",Le Sueur,22.078709677419358,10.39,34.85,194.8,598.42,76.69096774193551,3.083548387096774,31
2018-MNH1,2018,Waseca,T2_60DAP_reproductive_window_proxy,2018-07-23,2018-05-24,True,2018-07-23,False,False,0,,True,455439,"Le Sueur loam, 1 to 3 percent slopes",Le Sueur,22.387868852459015,10.39,34.85,313.94,1268.9499999999998,78.44852459016393,2.9247540983606557,61
2018-MOH1,2018,Columbia,T0_preseason,2018-05-17,2018-05-17,False,,False,False,10,,True,2532763,"Mexico silt loam, 1 to 4 percent slopes, eroded",Mexico,23.239754098360656,3.27,43.18,2633.27,13850.94,76.79390163934426,2.329754098360656,610
2018-MOH1,2018,Columbia,T1_30DAP,2018-06-16,2018-05-17,True,2018-06-16,False,False,0,,True,2532763,"Mexico silt loam, 1 to 4 percent slopes, eroded",Mexico,25.3841935483871,13.3,37.97,63.39999999999999,735.8200000000002,69.24677419354838,1.8754838709677415,31
2018-MOH1,2018,Columbia,T2_60DAP_reproductive_window_proxy,2018-07-16,2018-05-17,True,2018-07-16,False,False,0,,True,2532763,"Mexico silt loam, 1 to 4 percent slopes, eroded",Mexico,26.729836065573778,13.3,39.25,143.73,1471.4199999999998,66.9972131147541,1.9854098360655734,61
2018-NCH1,2018,Clayton,T0_preseason,2018-05-08,2018-05-08,False,,False,False,10,,True,113547,"Norfolk loamy sand, 2 to 6 percent slopes",Norfolk,23.81516393442623,5.72,41.01,2224.23,14090.82,73.81459016393441,1.548606557377049,610
2018-NCH1,2018,Clayton,T1_30DAP,2018-06-07,2018-05-08,True,2018-06-07,False,False,0,,True,113547,"Norfolk loamy sand, 2 to 6 percent slopes",Norfolk,23.51774193548387,10.46,33.48,124.53999999999998,664.79,79.90258064516131,1.6154838709677417,31
2018-NCH1,2018,Clayton,T2_60DAP_reproductive_window_proxy,2018-07-07,2018-05-08,True,2018-07-07,False,False,0,,True,113547,"Norfolk loamy sand, 2 to 6 percent slopes",Norfolk,25.404262295081963,10.46,37.52,223.86999999999995,1359.9800000000002,76.11934426229507,1.4800000000000002,61
2018-NYH1,2018,Aurora,T0_preseason,2018-05-25,2018-05-25,False,,False,False,10,,True,289443,"Lima silt loam, 0 to 3 percent slopes",Lima,20.103131147540985,2.68,37.39,2020.17,12889.56,73.15406557377048,0.25957377049180336,610
2018-NYH1,2018,Aurora,T1_30DAP,2018-06-24,2018-05-25,True,2018-06-24,False,False,0,,True,289443,"Lima silt loam, 0 to 3 percent slopes",Lima,19.224193548387095,7.87,31.3,61.989999999999995,659.8899999999999,73.18548387096773,0.2816129032258065,31
2018-NYH1,2018,Aurora,T2_60DAP_reproductive_window_proxy,2018-07-24,2018-05-25,True,2018-07-24,False,False,0,,True,289443,"Lima silt loam, 0 to 3 percent slopes",Lima,20.934426229508198,7.87,35.82,204.99,1392.94,70.2711475409836,0.27508196721311473,61
2018-NYH2,2018,Aurora,T0_preseason,2018-05-18,2018-05-18,False,,False,False,10,,True,289425,"Kendaia and Lyons soils, 0 to 3 percent slopes",Kendaia,19.22350819672131,-1.03,36.24,1888.31,12888.43,73.57372131147541,0.26203278688524595,610
2018-NYH2,2018,Aurora,T1_30DAP,2018-06-17,2018-05-18,True,2018-06-17,False,False,0,,True,289425,"Kendaia and Lyons soils, 0 to 3 percent slopes",Kendaia,18.380967741935482,6.71,31.3,67.44,666.8399999999999,74.14064516129032,0.27935483870967737,31
2018-NYH2,2018,Aurora,T2_60DAP_reproductive_window_proxy,2018-07-17,2018-05-18,True,2018-07-17,False,False,0,,True,289425,"Kendaia and Lyons soils, 0 to 3 percent slopes",Kendaia,20.344754098360657,6.71,35.82,165.62999999999997,1392.6200000000001,71.10540983606558,0.26983606557377043,61
2018-NYH3,2018,Aurora,T0_preseason,2018-05-18,2018-05-18,False,,False,False,10,,True,289444,"Lima silt loam, 3 to 8 percent slopes",Lima,19.22350819672131,-1.03,36.24,1888.31,12888.43,73.57372131147541,0.26203278688524595,610
2018-NYH3,2018,Aurora,T1_30DAP,2018-06-17,2018-05-18,True,2018-06-17,False,False,0,,True,289444,"Lima silt loam, 3 to 8 percent slopes",Lima,18.380967741935482,6.71,31.3,67.44,666.8399999999999,74.14064516129032,0.27935483870967737,31
2018-NYH3,2018,Aurora,T2_60DAP_reproductive_window_proxy,2018-07-17,2018-05-18,True,2018-07-17,False,False,0,,True,289444,"Lima silt loam, 3 to 8 percent slopes",Lima,20.344754098360657,6.71,35.82,165.62999999999997,1392.6200000000001,71.10540983606558,0.26983606557377043,61
2018-OHH1,2018,South Charleston,T0_preseason,2018-05-15,2018-05-15,False,,False,False,10,,True,171779,"Strawn-Crosby complex, 0 to 2 percent slopes",Strawn,20.660918032786885,0.16,37.71,2101.57,13397.260000000002,77.56440983606558,2.503344262295082,610
2018-OHH1,2018,South Charleston,T1_30DAP,2018-06-14,2018-05-15,True,2018-06-14,False,False,0,,True,171779,"Strawn-Crosby complex, 0 to 2 percent slopes",Strawn,21.025806451612905,9.1,30.21,98.39999999999999,672.0200000000001,81.79580645161289,2.48258064516129,31
2018-OHH1,2018,South Charleston,T2_60DAP_reproductive_window_proxy,2018-07-14,2018-05-15,True,2018-07-14,False,False,0,,True,171779,"Strawn-Crosby complex, 0 to 2 percent slopes",Strawn,22.30295081967213,9.1,31.55,177.48,1390.67,80.19622950819671,2.258360655737705,61
2018-SCH1,2018,Pendleton,T0_preseason,2018-04-20,2018-04-20,False,,False,False,10,,True,131793,"Cecil sandy loam, 2 to 6 percent slopes",Cecil,21.547983606557377,3.31,39.16,2009.67,13876.869999999999,75.90575409836065,0.615672131147541,610
2018-SCH1,2018,Pendleton,T1_30DAP,2018-05-20,2018-04-20,True,2018-05-20,False,False,0,,True,131793,"Cecil sandy loam, 2 to 6 percent slopes",Cecil,19.01645161290322,2.57,33.26,153.64000000000001,696.2499999999999,77.3674193548387,0.6261290322580645,31
2018-SCH1,2018,Pendleton,T2_60DAP_reproductive_window_proxy,2018-06-19,2018-04-20,True,2018-06-19,False,False,0,,True,131793,"Cecil sandy loam, 2 to 6 percent slopes",Cecil,21.756229508196718,2.57,36.43,305.69,1384.0700000000004,79.01491803278691,0.5683606557377048,61
2018-TXH1-Dry,2018,College Station,T0_preseason,2018-03-08,2018-03-08,False,,False,False,10,,True,363467,"Ships clay, 0 to 1 percent slopes, rarely flooded",Ships,19.000311475409834,-2.47,36.17,1817.67,11586.029999999999,74.84208196721312,2.6330655737704918,610
2018-TXH1-Dry,2018,College Station,T1_30DAP,2018-04-07,2018-03-08,True,2018-04-07,False,False,0,,True,363467,"Ships clay, 0 to 1 percent slopes, rarely flooded",Ships,18.113225806451617,4.8,29.82,124.54,533.1800000000001,75.15774193548388,2.7703225806451615,31
2018-TXH1-Dry,2018,College Station,T2_60DAP_reproductive_window_proxy,2018-05-07,2018-03-08,True,2018-05-07,False,False,0,,True,363467,"Ships clay, 0 to 1 percent slopes, rarely flooded",Ships,18.72081967213114,4.23,33.52,177.55,1166.8,71.82819672131149,2.6418032786885246,61
2018-TXH1-Early,2018,College Station,T0_preseason,2018-03-08,2018-03-08,False,,False,False,10,,True,363467,"Ships clay, 0 to 1 percent slopes, rarely flooded",Ships,19.000311475409834,-2.47,36.17,1817.67,11586.029999999999,74.84208196721312,2.6330655737704918,610
2018-TXH1-Early,2018,College Station,T1_30DAP,2018-04-07,2018-03-08,True,2018-04-07,False,False,0,,True,363467,"Ships clay, 0 to 1 percent slopes, rarely flooded",Ships,18.113225806451617,4.8,29.82,124.54,533.1800000000001,75.15774193548388,2.7703225806451615,31
2018-TXH1-Early,2018,College Station,T2_60DAP_reproductive_window_proxy,2018-05-07,2018-03-08,True,2018-05-07,False,False,0,,True,363467,"Ships clay, 0 to 1 percent slopes, rarely flooded",Ships,18.72081967213114,4.23,33.52,177.55,1166.8,71.82819672131149,2.6418032786885246,61
2018-TXH1-Late,2018,College Station,T0_preseason,2018-04-03,2018-04-03,False,,False,False,10,,True,363467,"Ships clay, 0 to 1 percent slopes, rarely flooded",Ships,22.412967213114754,1.25,39.59,2322.9100000000003,12607.89,73.09909836065573,2.569016393442623,610
2018-TXH1-Late,2018,College Station,T1_30DAP,2018-05-03,2018-04-03,True,2018-05-03,False,False,0,,True,363467,"Ships clay, 0 to 1 percent slopes, rarely flooded",Ships,18.49483870967742,4.23,33.36,48.46,619.44,70.21548387096774,2.781290322580645,31
2018-TXH1-Late,2018,College Station,T2_60DAP_reproductive_window_proxy,2018-06-02,2018-04-03,True,2018-06-02,False,False,0,,True,363467,"Ships clay, 0 to 1 percent slopes, rarely flooded",Ships,22.73918032786885,4.23,39.07,100.78,1355.0600000000002,67.37016393442624,2.4024590163934425,61
2018-TXH2,2018,Halfway,T0_preseason,2018-05-08,2018-05-08,False,,False,False,10,,True,366915,"Pullman clay loam, 0 to 1 percent slopes",Pullman,24.599245901639346,5.02,44.69,1455.03,16087.699999999999,48.25875409836066,3.717704918032787,610
2018-TXH2,2018,Halfway,T1_30DAP,2018-06-07,2018-05-08,True,2018-06-07,False,False,0,,True,366915,"Pullman clay loam, 0 to 1 percent slopes",Pullman,26.62612903225806,12.94,41.68,39.92999999999999,825.6400000000001,40.001290322580644,3.9716129032258065,31
2018-TXH2,2018,Halfway,T2_60DAP_reproductive_window_proxy,2018-07-07,2018-05-08,True,2018-07-07,False,False,0,,True,366915,"Pullman clay loam, 0 to 1 percent slopes",Pullman,27.562786885245906,12.94,41.68,84.31000000000002,1637.55,43.44000000000001,3.923114754098361,61
2018-WIH1,2018,Madison,T0_preseason,2018-05-08,2018-05-08,False,,False,False,10,,True,753559,"Plano silt loam, gravelly substratum, 0 to 2 percent slopes",Plano,18.10272131147541,-2.16,40.81,2471.15,13079.130000000001,77.69511475409837,2.9498032786885244,610
2018-WIH1,2018,Madison,T1_30DAP,2018-06-07,2018-05-08,True,2018-06-07,False,False,0,,True,753559,"Plano silt loam, gravelly substratum, 0 to 2 percent slopes",Plano,17.772580645161288,3.71,32.37,129.78,624.9300000000001,79.36290322580643,2.6564516129032256,31
2018-WIH1,2018,Madison,T2_60DAP_reproductive_window_proxy,2018-07-07,2018-05-08,True,2018-07-07,False,False,0,,True,753559,"Plano silt loam, gravelly substratum, 0 to 2 percent slopes",Plano,19.58016393442623,3.71,32.37,319.02,1256.3499999999997,81.06540983606556,2.7291803278688525,61
2018-WIH2,2018,Arlington,T0_preseason,2018-05-19,2018-05-19,False,,False,False,10,,True,423276,"Friesland fine sandy loam, 1 to 6 percent slopes",Friesland,19.495590163934427,1.04,40.03,2498.7000000000003,13417.369999999999,77.12849180327869,2.763016393442623,610
2018-WIH2,2018,Arlington,T1_30DAP,2018-06-18,2018-05-19,True,2018-06-18,False,False,0,,True,423276,"Friesland fine sandy loam, 1 to 6 percent slopes",Friesland,19.845806451612905,6.75,32.68,141.89000000000001,623.3400000000001,79.36838709677419,2.7148387096774194,31
2018-WIH2,2018,Arlington,T2_60DAP_reproductive_window_proxy,2018-07-18,2018-05-19,True,2018-07-18,False,False,0,,True,423276,"Friesland fine sandy loam, 1 to 6 percent slopes",Friesland,20.972786885245903,6.75,32.68,219.12000000000003,1311.6899999999998,78.85573770491804,2.577213114754099,61
2019-DEH1,2019,Georgetown,T0_preseason,2019-05-09,2019-05-09,False,,False,False,10,,True,1603440,"Klej loamy sand, 0 to 2 percent slopes",Klej,22.086918032786883,3.4,39.18,2062.5,13597.93,76.86962295081968,2.710836065573771,610
2019-DEH1,2019,Georgetown,T1_30DAP,2019-06-08,2019-05-09,True,2019-06-08,False,False,0,,True,1603440,"Klej loamy sand, 0 to 2 percent slopes",Klej,20.42806451612903,7.03,30.78,92.65,693.66,79.41548387096775,3.000967741935484,31
2019-DEH1,2019,Georgetown,T2_60DAP_reproductive_window_proxy,2019-07-08,2019-05-09,True,2019-07-08,False,False,0,,True,1603440,"Klej loamy sand, 0 to 2 percent slopes",Klej,22.5155737704918,7.03,34.3,227.11999999999998,1420.5699999999997,77.37655737704918,2.8813114754098366,61
2019-GAH2,2019,Watkinsville,T0_preseason,2019-04-12,2019-04-12,False,,False,False,10,,True,2580475,"Chewacla silt loam, 0 to 2 percent slopes, frequently flooded",Chewacla,21.179393442622953,0.55,39.32,1930.11,13179.17,75.75927868852459,0.09527868852459018,610
2019-GAH2,2019,Watkinsville,T1_30DAP,2019-05-12,2019-04-12,True,2019-05-12,False,False,0,,True,2580475,"Chewacla silt loam, 0 to 2 percent slopes, frequently flooded",Chewacla,19.653870967741934,5.25,30.81,100.05999999999997,651.8000000000001,79.25290322580643,0.09774193548387096,31
2019-GAH2,2019,Watkinsville,T2_60DAP_reproductive_window_proxy,2019-06-11,2019-04-12,True,2019-06-11,False,False,0,,True,2580475,"Chewacla silt loam, 0 to 2 percent slopes, frequently flooded",Chewacla,22.44426229508197,5.25,37.62,194.91,1368.0500000000002,74.41065573770491,0.09770491803278689,61
2019-IAH4,2019,Ames,T0_preseason,2019-06-03,2019-06-03,False,,False,False,10,,True,2834849,"Nicollet loam, 1 to 3 percent slopes",Nicollet,23.136344262295083,6.97,42.12,2347.8100000000004,13732.150000000001,73.65095081967213,2.580934426229508,610
2019-IAH4,2019,Ames,T1_30DAP,2019-07-03,2019-06-03,True,2019-07-03,False,False,0,,True,2834849,"Nicollet loam, 1 to 3 percent slopes",Nicollet,21.493548387096773,7.71,31.12,122.81,633.8,82.48161290322578,2.4229032258064516,31
2019-IAH4,2019,Ames,T2_60DAP_reproductive_window_proxy,2019-08-02,2019-06-03,True,2019-08-02,False,False,0,,True,2834849,"Nicollet loam, 1 to 3 percent slopes",Nicollet,22.530491803278686,7.71,31.94,177.70999999999995,1328.2500000000002,82.01540983606556,2.45,61
2019-ILH1,2019,Urbana,T0_preseason,2019-05-21,2019-05-21,False,,False,False,10,,True,242965,"Flanagan silt loam, 0 to 2 percent slopes",Flanagan,22.80577049180328,2.05,41.53,2355.9700000000003,13646.820000000002,77.39596721311474,2.502163934426229,610
2019-ILH1,2019,Urbana,T1_30DAP,2019-06-20,2019-05-21,True,2019-06-20,False,False,0,,True,242965,"Flanagan silt loam, 0 to 2 percent slopes",Flanagan,20.733225806451614,7.66,29.21,160.26000000000002,636.5000000000001,80.8241935483871,3.005161290322581,31
2019-ILH1,2019,Urbana,T2_60DAP_reproductive_window_proxy,2019-07-20,2019-05-21,True,2019-07-20,False,False,0,,True,242965,"Flanagan silt loam, 0 to 2 percent slopes",Flanagan,22.723278688524587,7.66,31.95,252.59,1336.6299999999999,82.2555737704918,2.5873770491803283,61
2019-INH1,2019,West Lafayette,T0_preseason,2019-06-05,2019-06-05,False,,False,False,10,,True,164263,"Raub-Brenton complex, 0 to 1 percent slopes",Raub,23.015475409836068,8.99,40.52,2404.4800000000005,13589.12,77.65237704918032,2.3198688524590163,610
2019-INH1,2019,West Lafayette,T1_30DAP,2019-07-05,2019-06-05,True,2019-07-05,False,False,0,,True,164263,"Raub-Brenton complex, 0 to 1 percent slopes",Raub,21.798709677419353,8.2,30.69,122.17999999999999,663.11,82.98967741935482,2.43258064516129,31
2019-INH1,2019,West Lafayette,T2_60DAP_reproductive_window_proxy,2019-08-04,2019-06-05,True,2019-08-04,False,False,0,,True,164263,"Raub-Brenton complex, 0 to 1 percent slopes",Raub,22.700327868852455,8.2,31.68,189.38,1377.3099999999997,80.932131147541,2.2803278688524586,61
2019-MIH1,2019,East Lansing,T0_preseason,2019-05-27,2019-05-27,False,,False,False,10,,True,3117279,"Conover loam, 0 to 4 percent slopes",Conover,20.584786885245904,2.81,38.68,1802.4,13528.34,76.24419672131147,2.5739508196721315,610
2019-MIH1,2019,East Lansing,T1_30DAP,2019-06-26,2019-05-27,True,2019-06-26,False,False,0,,True,3117279,"Conover loam, 0 to 4 percent slopes",Conover,17.57,3.65,27.21,160.61,625.5599999999998,79.46000000000001,2.7099999999999995,31
2019-MIH1,2019,East Lansing,T2_60DAP_reproductive_window_proxy,2019-07-26,2019-05-27,True,2019-07-26,False,False,0,,True,3117279,"Conover loam, 0 to 4 percent slopes",Conover,20.1172131147541,3.65,31.38,222.99,1337.0800000000002,79.52852459016391,2.408360655737704,61
2019-MNH1,2019,Waseca,T0_preseason,2019-06-03,2019-06-03,False,,False,False,10,,True,2835046,"Webster clay loam, 0 to 2 percent slopes",Webster,21.704770491803277,6.01,39.56,2417.22,13363.16,74.04426229508196,2.736672131147541,610
2019-MNH1,2019,Waseca,T1_30DAP,2019-07-03,2019-06-03,True,2019-07-03,False,False,0,,True,2835046,"Webster clay loam, 0 to 2 percent slopes",Webster,20.181612903225805,5.79,29.49,165.32,635.35,81.58645161290323,2.492580645161291,31
2019-MNH1,2019,Waseca,T2_60DAP_reproductive_window_proxy,2019-08-02,2019-06-03,True,2019-08-02,False,False,0,,True,2835046,"Webster clay loam, 0 to 2 percent slopes",Webster,21.316229508196717,5.79,31.58,278.33,1282.59,82.09245901639345,2.429180327868852,61
2019-MOH1,2019,Columbia,T0_preseason,2019-05-16,2019-05-16,False,,False,False,10,,True,2532763,"Mexico silt loam, 1 to 4 percent slopes, eroded",Mexico,23.540770491803276,1.61,43.18,2501.0299999999997,13899.2,75.51860655737704,2.2874590163934423,610
2019-MOH1,2019,Columbia,T1_30DAP,2019-06-15,2019-05-16,True,2019-06-15,False,False,0,,True,2532763,"Mexico silt loam, 1 to 4 percent slopes, eroded",Mexico,21.041290322580643,7.54,29.47,154.09,695.5100000000001,82.15161290322578,2.784838709677419,31
2019-MOH1,2019,Columbia,T2_60DAP_reproductive_window_proxy,2019-07-15,2019-05-16,True,2019-07-15,False,False,0,,True,2532763,"Mexico silt loam, 1 to 4 percent slopes, eroded",Mexico,22.789180327868863,7.54,32.14,275.65999999999997,1347.93,83.43032786885247,2.2693442622950815,61
2019-NEH1,2019,Lincoln,T0_preseason,2019-05-16,2019-05-16,False,,False,False,10,,True,2745831,"Aksarben silty clay loam, terrace, 0 to 1 percent slopes",Aksarben,22.53362295081967,1.21,42.01,2407.0299999999997,14182.170000000002,69.02168852459016,3.1061639344262293,610
2019-NEH1,2019,Lincoln,T1_30DAP,2019-06-15,2019-05-16,True,2019-06-15,False,False,0,,True,2745831,"Aksarben silty clay loam, terrace, 0 to 1 percent slopes",Aksarben,18.73774193548387,5.68,32.44,179.81000000000003,678.78,74.97290322580646,3.398387096774194,31
2019-NEH1,2019,Lincoln,T2_60DAP_reproductive_window_proxy,2019-07-15,2019-05-16,True,2019-07-15,False,False,0,,True,2745831,"Aksarben silty clay loam, terrace, 0 to 1 percent slopes",Aksarben,21.183114754098362,5.68,32.44,303.94000000000005,1399.0600000000002,78.25950819672133,2.960491803278688,61
2019-NEH2,2019,Lincoln,T0_preseason,2019-05-17,2019-05-17,False,,False,False,10,,True,2745831,"Aksarben silty clay loam, terrace, 0 to 1 percent slopes",Aksarben,22.69737704918033,1.49,42.01,2382.76,14226.380000000001,68.95618032786886,3.0956393442622954,610
2019-NEH2,2019,Lincoln,T1_30DAP,2019-06-16,2019-05-17,True,2019-06-16,False,False,0,,True,2745831,"Aksarben silty clay loam, terrace, 0 to 1 percent slopes",Aksarben,18.656129032258068,5.68,29.86,179.67000000000002,677.46,74.87322580645161,3.352903225806452,31
2019-NEH2,2019,Lincoln,T2_60DAP_reproductive_window_proxy,2019-07-16,2019-05-17,True,2019-07-16,False,False,0,,True,2745831,"Aksarben silty clay loam, terrace, 0 to 1 percent slopes",Aksarben,21.211803278688524,5.68,32.12,305.52000000000004,1396.01,78.39459016393444,2.924590163934426,61
2019-NEH2L,2019,Lincoln,T0_preseason,2019-06-08,2019-06-08,False,,False,False,10,,True,2745831,"Aksarben silty clay loam, terrace, 0 to 1 percent slopes",Aksarben,24.854442622950817,8.92,42.28,1915.89,14327.15,66.61455737704918,2.771491803278688,610
2019-NEH2L,2019,Lincoln,T1_30DAP,2019-07-08,2019-06-08,True,2019-07-08,False,False,0,,True,2745831,"Aksarben silty clay loam, terrace, 0 to 1 percent slopes",Aksarben,22.407096774193548,9.27,32.12,132.72,721.3500000000001,79.9248387096774,2.67258064516129,31
2019-NEH2L,2019,Lincoln,T2_60DAP_reproductive_window_proxy,2019-08-07,2019-06-08,True,2019-08-07,False,False,0,,True,2745831,"Aksarben silty clay loam, terrace, 0 to 1 percent slopes",Aksarben,23.18213114754098,9.27,33.7,227.30999999999997,1415.3200000000002,78.76540983606557,2.745901639344262,61
2019-NYH1,2019,Aurora,T0_preseason,2019-06-03,2019-06-03,False,,False,False,10,,True,289425,"Kendaia and Lyons soils, 0 to 3 percent slopes",Kendaia,20.60327868852459,5.51,37.39,2052.1699999999996,12938.49,72.09883606557376,0.2618524590163935,610
2019-NYH1,2019,Aurora,T1_30DAP,2019-07-03,2019-06-03,True,2019-07-03,False,False,0,,True,289425,"Kendaia and Lyons soils, 0 to 3 percent slopes",Kendaia,18.527419354838713,3.87,30.73,111.05,682.6700000000001,74.1916129032258,0.28354838709677416,31
2019-NYH1,2019,Aurora,T2_60DAP_reproductive_window_proxy,2019-08-02,2019-06-03,True,2019-08-02,False,False,0,,True,289425,"Kendaia and Lyons soils, 0 to 3 percent slopes",Kendaia,20.747704918032788,3.87,31.77,197.19000000000003,1341.9900000000002,74.3860655737705,0.26016393442622954,61
2019-NYH2,2019,Aurora,T0_preseason,2019-05-23,2019-05-23,False,,False,False,10,,True,289413,"Honeoye silt loam, 3 to 8 percent slopes",Honeoye,19.989213114754097,-1.03,37.39,1910.85,13078.89,72.75416393442624,0.2622295081967213,610
2019-NYH2,2019,Aurora,T1_30DAP,2019-06-22,2019-05-23,True,2019-06-22,False,False,0,,True,289413,"Honeoye silt loam, 3 to 8 percent slopes",Honeoye,16.74290322580645,3.87,27.53,134.01000000000002,601.3,76.50451612903227,0.2719354838709678,31
2019-NYH2,2019,Aurora,T2_60DAP_reproductive_window_proxy,2019-07-22,2019-05-23,True,2019-07-22,False,False,0,,True,289413,"Honeoye silt loam, 3 to 8 percent slopes",Honeoye,19.658032786885254,3.87,31.77,218.28999999999996,1273.61,76.05147540983606,0.26114754098360654,61
2019-NYH3,2019,Aurora,T0_preseason,2019-05-23,2019-05-23,False,,False,False,10,,True,289413,"Honeoye silt loam, 3 to 8 percent slopes",Honeoye,19.989213114754097,-1.03,37.39,1910.85,13078.89,72.75416393442624,0.2622295081967213,610
2019-NYH3,2019,Aurora,T1_30DAP,2019-06-22,2019-05-23,True,2019-06-22,False,False,0,,True,289413,"Honeoye silt loam, 3 to 8 percent slopes",Honeoye,16.74290322580645,3.87,27.53,134.01000000000002,601.3,76.50451612903227,0.2719354838709678,31
2019-NYH3,2019,Aurora,T2_60DAP_reproductive_window_proxy,2019-07-22,2019-05-23,True,2019-07-22,False,False,0,,True,289413,"Honeoye silt loam, 3 to 8 percent slopes",Honeoye,19.658032786885254,3.87,31.77,218.28999999999996,1273.61,76.05147540983606,0.26114754098360654,61
2019-OHH1,2019,South Charleston,T0_preseason,2019-06-07,2019-06-07,False,,False,False,10,,True,171779,"Strawn-Crosby complex, 0 to 2 percent slopes",Strawn,22.699049180327865,7.88,37.71,1996.3400000000001,13275.89,76.33450819672132,2.178672131147541,610
2019-OHH1,2019,South Charleston,T1_30DAP,2019-07-07,2019-06-07,True,2019-07-07,False,False,0,,True,171779,"Strawn-Crosby complex, 0 to 2 percent slopes",Strawn,21.573870967741936,7.08,30.38,161.75000000000003,643.54,83.08129032258064,2.5300000000000002,31
2019-OHH1,2019,South Charleston,T2_60DAP_reproductive_window_proxy,2019-08-06,2019-06-07,True,2019-08-06,False,False,0,,True,171779,"Strawn-Crosby complex, 0 to 2 percent slopes",Strawn,22.510163934426224,7.08,30.81,210.66000000000005,1361.74,80.81737704918034,2.225081967213115,61
2019-SCH1,2019,Pendleton,T0_preseason,2019-05-02,2019-05-02,False,,False,False,10,,True,131793,"Cecil sandy loam, 2 to 6 percent slopes",Cecil,23.37406557377049,3.76,42.88,2225.72,14178.43,75.28559016393442,0.5714426229508197,610
2019-SCH1,2019,Pendleton,T1_30DAP,2019-06-01,2019-05-02,True,2019-06-01,False,False,0,,True,131793,"Cecil sandy loam, 2 to 6 percent slopes",Cecil,23.16483870967742,8.84,34.43,61.300000000000004,751.1600000000001,76.04935483870968,0.5967741935483872,31
2019-SCH1,2019,Pendleton,T2_60DAP_reproductive_window_proxy,2019-07-01,2019-05-02,True,2019-07-01,False,False,0,,True,131793,"Cecil sandy loam, 2 to 6 percent slopes",Cecil,23.74967213114754,8.84,35.56,207.0,1408.48,76.22163934426227,0.5988524590163935,61
2019-TXH1,2019,College Station,T0_preseason,2019-03-20,2019-03-20,False,,False,False,10,,True,363467,"Ships clay, 0 to 1 percent slopes, rarely flooded",Ships,20.51927868852459,-0.64,38.32,1952.1700000000003,12162.099999999999,73.610868852459,2.6319180327868854,610
2019-TXH1,2019,College Station,T1_30DAP,2019-04-19,2019-03-20,True,2019-04-19,False,False,0,,True,363467,"Ships clay, 0 to 1 percent slopes, rarely flooded",Ships,17.46451612903226,2.43,29.3,105.75,582.94,79.20709677419353,2.56,31
2019-TXH1,2019,College Station,T2_60DAP_reproductive_window_proxy,2019-05-19,2019-03-20,True,2019-05-19,False,False,0,,True,363467,"Ships clay, 0 to 1 percent slopes, rarely flooded",Ships,19.62393442622951,2.43,31.83,292.50999999999993,1169.0800000000002,81.26688524590166,2.416557377049181,61
2019-TXH2,2019,College Station,T0_preseason,2019-03-20,2019-03-20,False,,False,False,10,,True,363467,"Ships clay, 0 to 1 percent slopes, rarely flooded",Ships,20.51927868852459,-0.64,38.32,1952.1700000000003,12162.099999999999,73.610868852459,2.6319180327868854,610
2019-TXH2,2019,College Station,T1_30DAP,2019-04-19,2019-03-20,True,2019-04-19,False,False,0,,True,363467,"Ships clay, 0 to 1 percent slopes, rarely flooded",Ships,17.46451612903226,2.43,29.3,105.75,582.94,79.20709677419353,2.56,31
2019-TXH2,2019,College Station,T2_60DAP_reproductive_window_proxy,2019-05-19,2019-03-20,True,2019-05-19,False,False,0,,True,363467,"Ships clay, 0 to 1 percent slopes, rarely flooded",Ships,19.62393442622951,2.43,31.83,292.50999999999993,1169.0800000000002,81.26688524590166,2.416557377049181,61
2019-TXH3,2019,College Station,T0_preseason,2019-03-20,2019-03-20,False,,False,False,10,,True,363467,"Ships clay, 0 to 1 percent slopes, rarely flooded",Ships,20.51927868852459,-0.64,38.32,1952.1700000000003,12162.099999999999,73.610868852459,2.6319180327868854,610
2019-TXH3,2019,College Station,T1_30DAP,2019-04-19,2019-03-20,True,2019-04-19,False,False,0,,True,363467,"Ships clay, 0 to 1 percent slopes, rarely flooded",Ships,17.46451612903226,2.43,29.3,105.75,582.94,79.20709677419353,2.56,31
2019-TXH3,2019,College Station,T2_60DAP_reproductive_window_proxy,2019-05-19,2019-03-20,True,2019-05-19,False,False,0,,True,363467,"Ships clay, 0 to 1 percent slopes, rarely flooded",Ships,19.62393442622951,2.43,31.83,292.50999999999993,1169.0800000000002,81.26688524590166,2.416557377049181,61
2019-WIH1,2019,Madison,T0_preseason,2019-05-12,2019-05-12,False,,False,False,10,,True,753559,"Plano silt loam, gravelly substratum, 0 to 2 percent slopes",Plano,18.992918032786886,-2.16,40.81,2354.6400000000003,13298.99,77.63236065573771,2.8538360655737707,610
2019-WIH1,2019,Madison,T1_30DAP,2019-06-11,2019-05-12,True,2019-06-11,False,False,0,,True,753559,"Plano silt loam, gravelly substratum, 0 to 2 percent slopes",Plano,15.69225806451613,0.28,26.78,129.07,609.05,82.25064516129035,2.962903225806452,31
2019-WIH1,2019,Madison,T2_60DAP_reproductive_window_proxy,2019-07-11,2019-05-12,True,2019-07-11,False,False,0,,True,753559,"Plano silt loam, gravelly substratum, 0 to 2 percent slopes",Plano,18.137540983606556,0.28,30.22,267.25,1217.09,82.76836065573771,2.7173770491803277,61
2019-WIH2,2019,Arlington,T0_preseason,2019-06-03,2019-06-03,False,,False,False,10,,True,423273,"Dresden loam, 1 to 6 pecent slopes",Dresden,21.073999999999998,6.53,40.03,2290.27,13339.59,76.36637704918034,2.5799016393442624,610
2019-WIH2,2019,Arlington,T1_30DAP,2019-07-03,2019-06-03,True,2019-07-03,False,False,0,,True,423273,"Dresden loam, 1 to 6 pecent slopes",Dresden,19.08290322580645,4.92,29.79,134.9,615.56,82.58967741935483,2.3680645161290323,31
2019-WIH2,2019,Arlington,T2_60DAP_reproductive_window_proxy,2019-08-02,2019-06-03,True,2019-08-02,False,False,0,,True,423273,"Dresden loam, 1 to 6 pecent slopes",Dresden,20.799672131147545,4.92,30.53,225.12,1333.1600000000003,81.89114754098358,2.3513114754098363,61
2020-DEH1,2020,Georgetown,T0_preseason,2020-05-14,2020-05-14,False,,False,False,10,,True,1603423,"Ingleside loamy sand, 0 to 2 percent slopes",Ingleside,22.997901639344263,3.4,39.18,2127.48,13875.289999999999,76.13362295081966,2.694639344262295,610
2020-DEH1,2020,Georgetown,T1_30DAP,2020-06-13,2020-05-14,True,2020-06-13,False,False,0,,True,1603423,"Ingleside loamy sand, 0 to 2 percent slopes",Ingleside,20.234516129032258,7.36,32.09,55.989999999999995,679.7600000000001,75.92193548387098,3.4306451612903226,31
2020-DEH1,2020,Georgetown,T2_60DAP_reproductive_window_proxy,2020-07-13,2020-05-14,True,2020-07-13,False,False,0,,True,1603423,"Ingleside loamy sand, 0 to 2 percent slopes",Ingleside,22.759508196721313,7.36,36.92,194.13000000000002,1397.96,73.84016393442623,3.0506557377049175,61
2020-INH1,2020,West Lafayette,T0_preseason,2020-05-12,2020-05-12,False,,False,False,10,,True,163904,Chalmers silty clay loam,Chalmers,21.124131147540986,1.16,40.52,2460.18,13378.439999999999,78.05552459016393,2.6905737704918034,610
2020-INH1,2020,West Lafayette,T1_30DAP,2020-06-11,2020-05-12,True,2020-06-11,False,False,0,,True,163904,Chalmers silty clay loam,Chalmers,19.517419354838708,1.19,29.56,114.03999999999999,638.5100000000001,79.18387096774194,3.1080645161290317,31
2020-INH1,2020,West Lafayette,T2_60DAP_reproductive_window_proxy,2020-07-11,2020-05-12,True,2020-07-11,False,False,0,,True,163904,Chalmers silty clay loam,Chalmers,21.459672131147546,1.19,32.3,207.49000000000004,1376.93,77.32163934426228,2.561967213114754,61
2020-MIH1,2020,East Lansing,T0_preseason,2020-05-25,2020-05-25,False,,False,False,10,,True,3117279,"Conover loam, 0 to 4 percent slopes",Conover,20.666819672131147,2.81,38.68,1909.2200000000003,13518.420000000002,76.5998524590164,2.5915737704918036,610
2020-MIH1,2020,East Lansing,T1_30DAP,2020-06-24,2020-05-25,True,2020-06-24,False,False,0,,True,3117279,"Conover loam, 0 to 4 percent slopes",Conover,19.155483870967743,2.69,29.42,75.9,774.0400000000002,76.78451612903226,2.6932258064516126,31
2020-MIH1,2020,East Lansing,T2_60DAP_reproductive_window_proxy,2020-07-24,2020-05-25,True,2020-07-24,False,False,0,,True,3117279,"Conover loam, 0 to 4 percent slopes",Conover,21.08754098360655,2.69,31.05,205.67999999999998,1499.18,77.2827868852459,2.335737704918033,61
2020-MNH1,2020,Waseca,T0_preseason,2020-05-15,2020-05-15,False,,False,False,10,,True,2835046,"Webster clay loam, 0 to 2 percent slopes",Webster,19.87204918032787,-0.37,39.56,2642.2300000000005,13007.039999999999,75.5682131147541,2.9694754098360656,610
2020-MNH1,2020,Waseca,T1_30DAP,2020-06-14,2020-05-15,True,2020-06-14,False,False,0,,True,2835046,"Webster clay loam, 0 to 2 percent slopes",Webster,18.17645161290322,5.11,31.36,156.79,676.65,78.72709677419353,3.5058064516129037,31
2020-MNH1,2020,Waseca,T2_60DAP_reproductive_window_proxy,2020-07-14,2020-05-15,True,2020-07-14,False,False,0,,True,2835046,"Webster clay loam, 0 to 2 percent slopes",Webster,20.43114754098361,5.11,31.36,274.63,1348.29,79.09852459016392,2.9972131147540977,61
2020-NEH1,2020,Lincoln,T0_preseason,2020-05-12,2020-05-12,False,,False,False,10,,True,1691349,"Crete silty clay loam, terrace, 1 to 3 percent slopes",Crete,21.733754098360652,1.21,42.01,2508.68,14093.93,69.9558524590164,3.1682131147540984,610
2020-NEH1,2020,Lincoln,T1_30DAP,2020-06-11,2020-05-12,True,2020-06-11,False,False,0,,True,1691349,"Crete silty clay loam, terrace, 1 to 3 percent slopes",Crete,19.63967741935484,2.3,33.66,127.6,626.1500000000001,74.21387096774194,3.6787096774193544,31
2020-NEH1,2020,Lincoln,T2_60DAP_reproductive_window_proxy,2020-07-11,2020-05-12,True,2020-07-11,False,False,0,,True,1691349,"Crete silty clay loam, terrace, 1 to 3 percent slopes",Crete,22.369999999999994,2.3,34.27,222.85,1387.8400000000001,72.79196721311475,3.3667213114754095,61
2020-NEH2,2020,North Platte,T0_preseason,2020-05-14,2020-05-14,False,,False,False,10,,True,1699151,"Coly silt loam, 17 to 30 percent slopes",Coly,21.490967213114754,1.02,43.77,2125.4700000000003,14892.55,59.977688524590164,3.3868196721311477,610
2020-NEH2,2020,North Platte,T1_30DAP,2020-06-13,2020-05-14,True,2020-06-13,False,False,0,,True,1699151,"Coly silt loam, 17 to 30 percent slopes",Coly,20.08612903225807,5.83,36.49,79.26,763.32,59.78645161290323,3.7870967741935484,31
2020-NEH2,2020,North Platte,T2_60DAP_reproductive_window_proxy,2020-07-13,2020-05-14,True,2020-07-13,False,False,0,,True,1699151,"Coly silt loam, 17 to 30 percent slopes",Coly,22.957540983606563,5.83,38.2,118.33000000000001,1576.6399999999999,56.26344262295082,3.809180327868852,61
2020-NYH1,2020,Aurora,T0_preseason,2020-05-22,2020-05-22,False,,False,False,10,,True,289443,"Lima silt loam, 0 to 3 percent slopes",Lima,20.08216393442623,-1.03,36.24,1876.38,13129.61,73.05195081967213,0.2628688524590164,610
2020-NYH1,2020,Aurora,T1_30DAP,2020-06-21,2020-05-22,True,2020-06-21,False,False,0,,True,289443,"Lima silt loam, 0 to 3 percent slopes",Lima,19.022580645161288,4.25,31.39,37.050000000000004,758.97,72.58741935483872,0.25806451612903225,31
2020-NYH1,2020,Aurora,T2_60DAP_reproductive_window_proxy,2020-07-21,2020-05-22,True,2020-07-21,False,False,0,,True,289443,"Lima silt loam, 0 to 3 percent slopes",Lima,21.219180327868855,4.25,35.5,146.57,1457.9999999999998,71.21442622950819,0.2562295081967213,61
2020-NYH2,2020,Aurora,T0_preseason,2020-05-22,2020-05-22,False,,False,False,10,,True,289443,"Lima silt loam, 0 to 3 percent slopes",Lima,20.08216393442623,-1.03,36.24,1876.38,13129.61,73.05195081967213,0.2628688524590164,610
2020-NYH2,2020,Aurora,T1_30DAP,2020-06-21,2020-05-22,True,2020-06-21,False,False,0,,True,289443,"Lima silt loam, 0 to 3 percent slopes",Lima,19.022580645161288,4.25,31.39,37.050000000000004,758.97,72.58741935483872,0.25806451612903225,31
2020-NYH2,2020,Aurora,T2_60DAP_reproductive_window_proxy,2020-07-21,2020-05-22,True,2020-07-21,False,False,0,,True,289443,"Lima silt loam, 0 to 3 percent slopes",Lima,21.219180327868855,4.25,35.5,146.57,1457.9999999999998,71.21442622950819,0.2562295081967213,61
2020-NYH3,2020,Aurora,T0_preseason,2020-05-22,2020-05-22,False,,False,False,10,,True,289443,"Lima silt loam, 0 to 3 percent slopes",Lima,20.08216393442623,-1.03,36.24,1876.38,13129.61,73.05195081967213,0.2628688524590164,610
2020-NYH3,2020,Aurora,T1_30DAP,2020-06-21,2020-05-22,True,2020-06-21,False,False,0,,True,289443,"Lima silt loam, 0 to 3 percent slopes",Lima,19.022580645161288,4.25,31.39,37.050000000000004,758.97,72.58741935483872,0.25806451612903225,31
2020-NYH3,2020,Aurora,T2_60DAP_reproductive_window_proxy,2020-07-21,2020-05-22,True,2020-07-21,False,False,0,,True,289443,"Lima silt loam, 0 to 3 percent slopes",Lima,21.219180327868855,4.25,35.5,146.57,1457.9999999999998,71.21442622950819,0.2562295081967213,61
2020-OHH1,2020,South Charleston,T0_preseason,2020-06-02,2020-06-02,False,,False,False,10,,True,171779,"Strawn-Crosby complex, 0 to 2 percent slopes",Strawn,22.487081967213115,7.08,37.71,2013.6399999999999,13459.72,77.38957377049181,2.2317213114754098,610
2020-OHH1,2020,South Charleston,T1_30DAP,2020-07-02,2020-06-02,True,2020-07-02,False,False,0,,True,171779,"Strawn-Crosby complex, 0 to 2 percent slopes",Strawn,21.562580645161294,9.38,30.3,56.55,726.19,77.05741935483871,2.409354838709677,31
2020-OHH1,2020,South Charleston,T2_60DAP_reproductive_window_proxy,2020-08-01,2020-06-02,True,2020-08-01,False,False,0,,True,171779,"Strawn-Crosby complex, 0 to 2 percent slopes",Strawn,23.218852459016396,9.38,32.88,140.15,1430.9900000000002,74.36557377049182,2.134918032786885,61
2020-SCH1,2020,Pendleton,T0_preseason,2020-05-11,2020-05-11,False,,False,False,10,,True,131793,"Cecil sandy loam, 2 to 6 percent slopes",Cecil,24.63134426229508,5.58,42.88,2352.25,14255.59,73.89926229508197,0.5566065573770492,610
2020-SCH1,2020,Pendleton,T1_30DAP,2020-06-10,2020-05-11,True,2020-06-10,False,False,0,,True,131793,"Cecil sandy loam, 2 to 6 percent slopes",Cecil,21.609354838709674,4.79,31.99,155.39,650.72,82.12548387096776,0.5964516129032258,31
2020-SCH1,2020,Pendleton,T2_60DAP_reproductive_window_proxy,2020-07-10,2020-05-11,True,2020-07-10,False,False,0,,True,131793,"Cecil sandy loam, 2 to 6 percent slopes",Cecil,22.95049180327869,4.79,36.42,247.48,1337.55,80.14786885245901,0.5901639344262295,61
2020-TXH1,2020,College Station,T0_preseason,2020-03-11,2020-03-11,False,,False,False,10,,True,363426,"Belk clay, 0 to 1 percent slopes, rarely flooded",Belk,19.413983606557377,-0.64,38.32,1645.54,11843.05,74.66726229508197,2.5949672131147543,610
2020-TXH1,2020,College Station,T1_30DAP,2020-04-10,2020-03-11,True,2020-04-10,False,False,0,,True,363426,"Belk clay, 0 to 1 percent slopes, rarely flooded",Belk,20.672903225806447,8.04,31.52,119.11,430.72999999999996,81.01451612903226,2.3570967741935482,31
2020-TXH1,2020,College Station,T2_60DAP_reproductive_window_proxy,2020-05-10,2020-03-11,True,2020-05-10,False,False,0,,True,363426,"Belk clay, 0 to 1 percent slopes, rarely flooded",Belk,20.763442622950816,5.73,34.52,171.16,1103.03,75.54377049180326,2.5059016393442626,61
2020-TXH2,2020,College Station,T0_preseason,2020-03-11,2020-03-11,False,,False,False,10,,True,363426,"Belk clay, 0 to 1 percent slopes, rarely flooded",Belk,19.413983606557377,-0.64,38.32,1645.54,11843.05,74.66726229508197,2.5949672131147543,610
2020-TXH2,2020,College Station,T1_30DAP,2020-04-10,2020-03-11,True,2020-04-10,False,False,0,,True,363426,"Belk clay, 0 to 1 percent slopes, rarely flooded",Belk,20.672903225806447,8.04,31.52,119.11,430.72999999999996,81.01451612903226,2.3570967741935482,31
2020-TXH2,2020,College Station,T2_60DAP_reproductive_window_proxy,2020-05-10,2020-03-11,True,2020-05-10,False,False,0,,True,363426,"Belk clay, 0 to 1 percent slopes, rarely flooded",Belk,20.763442622950816,5.73,34.52,171.16,1103.03,75.54377049180326,2.5059016393442626,61
2020-TXH3,2020,College Station,T0_preseason,2020-04-08,2020-04-08,False,,False,False,10,,True,363426,"Belk clay, 0 to 1 percent slopes, rarely flooded",Belk,23.20339344262295,2.48,40.35,2412.54,12896.41,73.25472131147542,2.471049180327869,610
2020-TXH3,2020,College Station,T1_30DAP,2020-05-08,2020-04-08,True,2020-05-08,False,False,0,,True,363426,"Belk clay, 0 to 1 percent slopes, rarely flooded",Belk,21.150967741935485,5.73,34.52,70.46000000000001,670.18,71.88129032258064,2.641612903225807,31
2020-TXH3,2020,College Station,T2_60DAP_reproductive_window_proxy,2020-06-07,2020-04-08,True,2020-06-07,False,False,0,,True,363426,"Belk clay, 0 to 1 percent slopes, rarely flooded",Belk,23.041311475409834,5.73,36.33,201.73000000000002,1354.57,72.76475409836065,2.3149180327868852,61
2020-WIH1,2020,Madison,T0_preseason,2020-05-07,2020-05-07,False,,False,False,10,,True,753559,"Plano silt loam, gravelly substratum, 0 to 2 percent slopes",Plano,18.28516393442623,-2.16,40.81,2525.98,12887.62,78.30622950819672,2.915426229508197,610
2020-WIH1,2020,Madison,T1_30DAP,2020-06-06,2020-05-07,True,2020-06-06,False,False,0,,True,753559,"Plano silt loam, gravelly substratum, 0 to 2 percent slopes",Plano,15.04774193548387,-3.33,29.07,132.94,661.3499999999999,80.9825806451613,3.072580645161291,31
2020-WIH1,2020,Madison,T2_60DAP_reproductive_window_proxy,2020-07-06,2020-05-07,True,2020-07-06,False,False,0,,True,753559,"Plano silt loam, gravelly substratum, 0 to 2 percent slopes",Plano,18.018032786885243,-3.33,30.02,234.25000000000003,1384.3900000000003,79.82590163934425,2.8140983606557377,61
2020-WIH2,2020,Arlington,T0_preseason,2020-05-13,2020-05-13,False,,False,False,10,,True,423332,"Plano silt loam, till substratum, 0 to 2 percent slopes",Plano,18.894508196721315,-2.38,40.03,2274.7700000000004,13263.42,77.4049344262295,2.784704918032787,610
2020-WIH2,2020,Arlington,T1_30DAP,2020-06-12,2020-05-13,True,2020-06-12,False,False,0,,True,423332,"Plano silt loam, till substratum, 0 to 2 percent slopes",Plano,17.26032258064516,-0.35,29.29,174.86999999999998,654.6099999999999,82.76354838709676,3.118387096774194,31
2020-WIH2,2020,Arlington,T2_60DAP_reproductive_window_proxy,2020-07-12,2020-05-13,True,2020-07-12,False,False,0,,True,423332,"Plano silt loam, till substratum, 0 to 2 percent slopes",Plano,19.405573770491802,-0.35,30.0,298.98,1377.35,81.11508196721309,2.6890163934426234,61
2021-DEH1,2021,Georgetown,T0_preseason,2021-04-27,2021-04-27,False,,False,False,10,,True,1603460,"Pepperbox loamy sand, 0 to 2 percent slopes",Pepperbox,20.005803278688525,1.55,37.09,2026.3799999999999,13154.390000000001,78.11180327868853,2.946852459016393,610
2021-DEH1,2021,Georgetown,T1_30DAP,2021-05-27,2021-04-27,True,2021-05-27,False,False,0,,True,1603460,"Pepperbox loamy sand, 0 to 2 percent slopes",Pepperbox,17.766129032258064,5.72,31.17,25.54,704.4700000000001,72.20193548387097,2.8729032258064517,31
2021-DEH1,2021,Georgetown,T2_60DAP_reproductive_window_proxy,2021-06-26,2021-04-27,True,2021-06-26,False,False,0,,True,1603460,"Pepperbox loamy sand, 0 to 2 percent slopes",Pepperbox,19.757704918032786,5.72,31.17,164.92000000000002,1350.9800000000002,75.56819672131145,2.836393442622951,61
2021-GAH2,2021,Watkinsville,T0_preseason,2021-04-14,2021-04-14,False,,False,False,10,,True,2580504,"Wehadkee loam, 0 to 2 percent slopes, frequently flooded",Wehadkee,21.477196721311476,0.55,39.55,1952.5500000000002,13391.77,74.92286885245902,0.09539344262295082,610
2021-GAH2,2021,Watkinsville,T1_30DAP,2021-05-14,2021-04-14,True,2021-05-14,False,False,0,,True,2580504,"Wehadkee loam, 0 to 2 percent slopes, frequently flooded",Wehadkee,17.589677419354842,1.27,29.15,111.73,675.1500000000001,76.16290322580646,0.09967741935483872,31
2021-GAH2,2021,Watkinsville,T2_60DAP_reproductive_window_proxy,2021-06-13,2021-04-14,True,2021-06-13,False,False,0,,True,2580504,"Wehadkee loam, 0 to 2 percent slopes, frequently flooded",Wehadkee,20.815901639344258,1.27,36.07,158.54,1361.77,71.73147540983607,0.09786885245901637,61
2021-IAH4,2021,Ames,T0_preseason,2021-04-28,2021-04-28,False,,False,False,10,,True,2922031,"Canisteo clay loam, Bemis moraine, 0 to 2 percent slopes",Canisteo,18.475852459016394,-2.15,39.53,2468.1899999999996,12863.25,74.34531147540983,3.1762295081967213,610
2021-IAH4,2021,Ames,T1_30DAP,2021-05-28,2021-04-28,True,2021-05-28,False,False,0,,True,2922031,"Canisteo clay loam, Bemis moraine, 0 to 2 percent slopes",Canisteo,15.966129032258065,1.89,30.2,85.29,584.3200000000002,67.81967741935483,3.595161290322581,31
2021-IAH4,2021,Ames,T2_60DAP_reproductive_window_proxy,2021-06-27,2021-04-28,True,2021-06-27,False,False,0,,True,2922031,"Canisteo clay loam, Bemis moraine, 0 to 2 percent slopes",Canisteo,19.893770491803274,1.89,40.22,135.58999999999997,1336.4300000000003,63.10131147540984,3.160655737704918,61
2021-ILH1,2021,Urbana,T0_preseason,2021-04-27,2021-04-27,False,,False,False,10,,True,242966,"Catlin silt loam, 2 to 5 percent slopes",Catlin,19.403999999999996,-1.68,34.94,2529.19,12707.51,77.52780327868852,3.018163934426229,610
2021-ILH1,2021,Urbana,T1_30DAP,2021-05-27,2021-04-27,True,2021-05-27,False,False,0,,True,242966,"Catlin silt loam, 2 to 5 percent slopes",Catlin,16.233548387096775,0.72,29.33,137.96,592.41,74.3,3.198387096774194,31
2021-ILH1,2021,Urbana,T2_60DAP_reproductive_window_proxy,2021-06-26,2021-04-27,True,2021-06-26,False,False,0,,True,242966,"Catlin silt loam, 2 to 5 percent slopes",Catlin,18.897540983606554,0.72,32.89,287.60999999999996,1262.86,74.24081967213115,2.960983606557378,61
2021-INH1,2021,West Lafayette,T0_preseason,2021-05-24,2021-05-24,False,,False,False,10,,True,163904,Chalmers silty clay loam,Chalmers,22.60554098360656,2.47,40.52,2426.61,13681.32,77.85672131147541,2.4886065573770493,610
2021-INH1,2021,West Lafayette,T1_30DAP,2021-06-23,2021-05-24,True,2021-06-23,False,False,0,,True,163904,Chalmers silty clay loam,Chalmers,21.161935483870966,4.63,33.13,90.03999999999999,699.46,72.16,2.541290322580646,31
2021-INH1,2021,West Lafayette,T2_60DAP_reproductive_window_proxy,2021-07-23,2021-05-24,True,2021-07-23,False,False,0,,True,163904,Chalmers silty clay loam,Chalmers,22.12327868852459,4.63,33.13,270.18,1271.3400000000001,76.96754098360655,2.52655737704918,61
2021-MIH1,2021,East Lansing,T0_preseason,2021-05-13,2021-05-13,False,,False,False,10,,True,3117279,"Conover loam, 0 to 4 percent slopes",Conover,19.00555737704918,-2.8,38.68,2011.6899999999998,13452.08,76.60467213114754,2.705049180327869,610
2021-MIH1,2021,East Lansing,T1_30DAP,2021-06-12,2021-05-13,True,2021-06-12,False,False,0,,True,3117279,"Conover loam, 0 to 4 percent slopes",Conover,19.199677419354845,1.82,33.18,50.27,683.4100000000001,65.3558064516129,2.531612903225806,31
2021-MIH1,2021,East Lansing,T2_60DAP_reproductive_window_proxy,2021-07-12,2021-05-13,True,2021-07-12,False,False,0,,True,3117279,"Conover loam, 0 to 4 percent slopes",Conover,20.25213114754099,1.82,33.18,252.76,1290.06,70.3434426229508,2.675737704918033,61
2021-MNH1,2021,Waseca,T0_preseason,2021-05-14,2021-05-14,False,,False,False,10,,True,2835046,"Webster clay loam, 0 to 2 percent slopes",Webster,19.755622950819674,-1.1,39.56,2668.0099999999998,13038.71,75.75531147540983,2.994852459016393,610
2021-MNH1,2021,Waseca,T1_30DAP,2021-06-13,2021-05-14,True,2021-06-13,False,False,0,,True,2835046,"Webster clay loam, 0 to 2 percent slopes",Webster,20.71548387096774,2.83,35.8,88.96000000000001,721.7399999999999,65.69645161290323,3.3087096774193547,31
2021-MNH1,2021,Waseca,T2_60DAP_reproductive_window_proxy,2021-07-13,2021-05-14,True,2021-07-13,False,False,0,,True,2835046,"Webster clay loam, 0 to 2 percent slopes",Webster,21.983934426229506,2.83,36.39,174.75000000000003,1432.48,62.354918032786884,2.8737704918032785,61
2021-NEH1,2021,Lincoln,T0_preseason,2021-05-07,2021-05-07,False,,False,False,10,,True,2559452,"Kennebec silt loam, occasionally flooded",Kennebec,21.059573770491802,0.08,42.01,2540.4300000000003,13892.41,69.54829508196723,3.3046065573770496,610
2021-NEH1,2021,Lincoln,T1_30DAP,2021-06-06,2021-05-07,True,2021-06-06,False,False,0,,True,2559452,"Kennebec silt loam, occasionally flooded",Kennebec,17.261290322580642,2.19,31.98,72.53,603.1899999999999,73.10645161290323,3.1738709677419354,31
2021-NEH1,2021,Lincoln,T2_60DAP_reproductive_window_proxy,2021-07-06,2021-05-07,True,2021-07-06,False,False,0,,True,2559452,"Kennebec silt loam, occasionally flooded",Kennebec,21.08606557377049,2.19,37.93,156.32999999999998,1355.2299999999998,69.04885245901639,2.8124590163934426,61
2021-NEH2,2021,North Platte,T0_preseason,2021-05-10,2021-05-10,False,,False,False,10,,True,2745909,"Holdrege silt loam, 1 to 3 percent slopes, plains and breaks",Holdrege,20.81252459016393,-0.5,43.77,1960.5,14803.79,58.96593442622951,3.4662622950819673,610
2021-NEH2,2021,North Platte,T1_30DAP,2021-06-09,2021-05-10,True,2021-06-09,False,False,0,,True,2745909,"Holdrege silt loam, 1 to 3 percent slopes, plains and breaks",Holdrege,17.980645161290326,2.47,33.3,110.33,669.9499999999999,67.18387096774194,3.48741935483871,31
2021-NEH2,2021,North Platte,T2_60DAP_reproductive_window_proxy,2021-07-09,2021-05-10,True,2021-07-09,False,False,0,,True,2745909,"Holdrege silt loam, 1 to 3 percent slopes, plains and breaks",Holdrege,21.420491803278686,2.47,40.82,152.66000000000005,1432.72,60.82540983606557,3.2660655737704922,61
2021-NYH1,2021,Aurora,T0_preseason,2021-05-20,2021-05-20,False,,False,False,10,,True,289443,"Lima silt loam, 0 to 3 percent slopes",Lima,19.807344262295082,-1.03,35.82,1828.13,13250.0,73.41772131147542,0.2621311475409836,610
2021-NYH1,2021,Aurora,T1_30DAP,2021-06-19,2021-05-20,True,2021-06-19,False,False,0,,True,289443,"Lima silt loam, 0 to 3 percent slopes",Lima,18.751935483870966,4.4,30.04,85.38000000000001,653.58,72.47870967741936,0.2516129032258065,31
2021-NYH1,2021,Aurora,T2_60DAP_reproductive_window_proxy,2021-07-19,2021-05-20,True,2021-07-19,False,False,0,,True,289443,"Lima silt loam, 0 to 3 percent slopes",Lima,20.231639344262295,4.4,34.89,281.85999999999996,1235.1299999999999,74.72950819672133,0.2462295081967213,61
2021-NYH2,2021,Aurora,T0_preseason,2021-05-20,2021-05-20,False,,False,False,10,,True,289425,"Kendaia and Lyons soils, 0 to 3 percent slopes",Kendaia,19.807344262295082,-1.03,35.82,1828.13,13250.0,73.41772131147542,0.2621311475409836,610
2021-NYH2,2021,Aurora,T1_30DAP,2021-06-19,2021-05-20,True,2021-06-19,False,False,0,,True,289425,"Kendaia and Lyons soils, 0 to 3 percent slopes",Kendaia,18.751935483870966,4.4,30.04,85.38000000000001,653.58,72.47870967741936,0.2516129032258065,31
2021-NYH2,2021,Aurora,T2_60DAP_reproductive_window_proxy,2021-07-19,2021-05-20,True,2021-07-19,False,False,0,,True,289425,"Kendaia and Lyons soils, 0 to 3 percent slopes",Kendaia,20.231639344262295,4.4,34.89,281.85999999999996,1235.1299999999999,74.72950819672133,0.2462295081967213,61
2021-NYH3,2021,Aurora,T0_preseason,2021-05-20,2021-05-20,False,,False,False,10,,True,289443,"Lima silt loam, 0 to 3 percent slopes",Lima,19.807344262295082,-1.03,35.82,1828.13,13250.0,73.41772131147542,0.2621311475409836,610
2021-NYH3,2021,Aurora,T1_30DAP,2021-06-19,2021-05-20,True,2021-06-19,False,False,0,,True,289443,"Lima silt loam, 0 to 3 percent slopes",Lima,18.751935483870966,4.4,30.04,85.38000000000001,653.58,72.47870967741936,0.2516129032258065,31
2021-NYH3,2021,Aurora,T2_60DAP_reproductive_window_proxy,2021-07-19,2021-05-20,True,2021-07-19,False,False,0,,True,289443,"Lima silt loam, 0 to 3 percent slopes",Lima,20.231639344262295,4.4,34.89,281.85999999999996,1235.1299999999999,74.72950819672133,0.2462295081967213,61
2021-SCH1,2021,Pendleton,T0_preseason,2021-04-13,2021-04-13,False,,False,False,10,,True,131793,"Cecil sandy loam, 2 to 6 percent slopes",Cecil,20.367622950819673,-0.6,36.8,2410.2799999999997,13415.41,77.37039344262296,0.6344754098360655,610
2021-SCH1,2021,Pendleton,T1_30DAP,2021-05-13,2021-04-13,True,2021-05-13,False,False,0,,True,131793,"Cecil sandy loam, 2 to 6 percent slopes",Cecil,16.619032258064514,0.84,27.27,105.96999999999998,675.0500000000002,76.89741935483872,0.7080645161290323,31
2021-SCH1,2021,Pendleton,T2_60DAP_reproductive_window_proxy,2021-06-12,2021-04-13,True,2021-06-12,False,False,0,,True,131793,"Cecil sandy loam, 2 to 6 percent slopes",Cecil,19.631475409836067,0.84,32.59,179.27999999999997,1363.05,75.10229508196723,0.6318032786885246,61
2021-SCH1L,2021,Pendleton,T0_preseason,2021-05-02,2021-05-02,False,,False,False,10,,True,131793,"Cecil sandy loam, 2 to 6 percent slopes",Cecil,23.16767213114754,3.76,42.88,2200.1299999999997,14176.18,75.30724590163935,0.5768032786885247,610
2021-SCH1L,2021,Pendleton,T1_30DAP,2021-06-01,2021-05-02,True,2021-06-01,False,False,0,,True,131793,"Cecil sandy loam, 2 to 6 percent slopes",Cecil,20.010967741935488,5.46,32.59,84.6,710.1999999999999,73.99935483870966,0.6506451612903226,31
2021-SCH1L,2021,Pendleton,T2_60DAP_reproductive_window_proxy,2021-07-01,2021-05-02,True,2021-07-01,False,False,0,,True,131793,"Cecil sandy loam, 2 to 6 percent slopes",Cecil,22.41344262295082,5.46,34.19,213.87,1384.74,74.47114754098361,0.6247540983606558,61
2021-TXH1,2021,College Station,T0_preseason,2021-03-10,2021-03-10,False,,False,False,10,,True,363426,"Belk clay, 0 to 1 percent slopes, rarely flooded",Belk,19.577590163934428,-0.32,38.32,1771.96,11655.83,74.99181967213116,2.5754918032786884,610
2021-TXH1,2021,College Station,T1_30DAP,2021-04-09,2021-03-10,True,2021-04-09,False,False,0,,True,363426,"Belk clay, 0 to 1 percent slopes, rarely flooded",Belk,18.10806451612903,4.49,31.76,30.99,532.9800000000001,70.41645161290322,2.7964516129032257,31
2021-TXH1,2021,College Station,T2_60DAP_reproductive_window_proxy,2021-05-09,2021-03-10,True,2021-05-09,False,False,0,,True,363426,"Belk clay, 0 to 1 percent slopes, rarely flooded",Belk,19.59409836065574,4.49,33.23,171.38,1078.9,71.42147540983606,2.757868852459016,61
2021-TXH2,2021,College Station,T0_preseason,2021-03-10,2021-03-10,False,,False,False,10,,True,363426,"Belk clay, 0 to 1 percent slopes, rarely flooded",Belk,19.577590163934428,-0.32,38.32,1771.96,11655.83,74.99181967213116,2.5754918032786884,610
2021-TXH2,2021,College Station,T1_30DAP,2021-04-09,2021-03-10,True,2021-04-09,False,False,0,,True,363426,"Belk clay, 0 to 1 percent slopes, rarely flooded",Belk,18.10806451612903,4.49,31.76,30.99,532.9800000000001,70.41645161290322,2.7964516129032257,31
2021-TXH2,2021,College Station,T2_60DAP_reproductive_window_proxy,2021-05-09,2021-03-10,True,2021-05-09,False,False,0,,True,363426,"Belk clay, 0 to 1 percent slopes, rarely flooded",Belk,19.59409836065574,4.49,33.23,171.38,1078.9,71.42147540983606,2.757868852459016,61
2021-TXH3,2021,College Station,T0_preseason,2021-04-09,2021-04-09,False,,False,False,10,,True,363426,"Belk clay, 0 to 1 percent slopes, rarely flooded",Belk,23.262491803278685,2.48,40.35,2482.1400000000003,12995.69,73.39498360655737,2.4504754098360655,610
2021-TXH3,2021,College Station,T1_30DAP,2021-05-09,2021-04-09,True,2021-05-09,False,False,0,,True,363426,"Belk clay, 0 to 1 percent slopes, rarely flooded",Belk,21.223870967741938,5.9,33.23,141.07000000000002,561.01,72.67806451612903,2.744516129032258,31
2021-TXH3,2021,College Station,T2_60DAP_reproductive_window_proxy,2021-06-08,2021-04-09,True,2021-06-08,False,False,0,,True,363426,"Belk clay, 0 to 1 percent slopes, rarely flooded",Belk,22.39262295081967,5.9,33.23,391.57000000000005,1057.7999999999997,79.63229508196723,2.4201639344262293,61
2021-WIH1,2021,Madison,T0_preseason,2021-05-10,2021-05-10,False,,False,False,10,,True,753559,"Plano silt loam, gravelly substratum, 0 to 2 percent slopes",Plano,18.686688524590163,-2.16,40.81,2420.71,13190.740000000002,78.18137704918033,2.862901639344262,610
2021-WIH1,2021,Madison,T1_30DAP,2021-06-09,2021-05-10,True,2021-06-09,False,False,0,,True,753559,"Plano silt loam, gravelly substratum, 0 to 2 percent slopes",Plano,17.456129032258065,0.24,31.99,43.70000000000001,666.67,73.70354838709677,3.0222580645161288,31
2021-WIH1,2021,Madison,T2_60DAP_reproductive_window_proxy,2021-07-09,2021-05-10,True,2021-07-09,False,False,0,,True,753559,"Plano silt loam, gravelly substratum, 0 to 2 percent slopes",Plano,19.887868852459015,0.24,32.88,147.6,1319.24,72.55524590163935,2.8144262295081974,61
2021-WIH2,2021,Arlington,T0_preseason,2021-05-24,2021-05-24,False,,False,False,10,,True,423333,"Plano silt loam, till substratum, 2 to 6 percent slopes",Plano,20.48395081967213,1.04,40.03,2407.52,13497.63,77.77832786885246,2.6656229508196723,610
2021-WIH2,2021,Arlington,T1_30DAP,2021-06-23,2021-05-24,True,2021-06-23,False,False,0,,True,423333,"Plano silt loam, till substratum, 2 to 6 percent slopes",Plano,20.181290322580644,1.15,32.08,67.0,753.33,68.73677419354838,2.9741935483870963,31
2021-WIH2,2021,Arlington,T2_60DAP_reproductive_window_proxy,2021-07-23,2021-05-24,True,2021-07-23,False,False,0,,True,423333,"Plano silt loam, till substratum, 2 to 6 percent slopes",Plano,20.971803278688522,1.15,32.46,194.14999999999998,1337.5199999999998,71.87196721311476,2.642131147540984,61
