accession_id,phenotype_name,model,fold,y_true,y_pred
430,shoots 15d protocol a,Mean baseline,0,0.0,0.20231227106227104
5837,shoots 15d protocol a,Mean baseline,0,0.0,0.20231227106227104
6909,shoots 15d protocol a,Mean baseline,0,0.0,0.20231227106227104
6919,shoots 15d protocol a,Mean baseline,0,0.0,0.20231227106227104
6951,shoots 15d protocol a,Mean baseline,0,1.0833333333333333,0.20231227106227104
6956,shoots 15d protocol a,Mean baseline,0,0.0,0.20231227106227104
6975,shoots 15d protocol a,Mean baseline,0,0.0,0.20231227106227104
6979,shoots 15d protocol a,Mean baseline,0,0.0,0.20231227106227104
6984,shoots 15d protocol a,Mean baseline,0,1.0833333333333333,0.20231227106227104
7096,shoots 15d protocol a,Mean baseline,0,0.0,0.20231227106227104
7103,shoots 15d protocol a,Mean baseline,0,0.0,0.20231227106227104
7106,shoots 15d protocol a,Mean baseline,0,0.0,0.20231227106227104
7120,shoots 15d protocol a,Mean baseline,0,0.0,0.20231227106227104
7126,shoots 15d protocol a,Mean baseline,0,0.0,0.20231227106227104
7127,shoots 15d protocol a,Mean baseline,0,0.0,0.20231227106227104
7177,shoots 15d protocol a,Mean baseline,0,0.0,0.20231227106227104
7203,shoots 15d protocol a,Mean baseline,0,0.0,0.20231227106227104
7207,shoots 15d protocol a,Mean baseline,0,0.8333333333333334,0.20231227106227104
7208,shoots 15d protocol a,Mean baseline,0,0.0,0.20231227106227104
7209,shoots 15d protocol a,Mean baseline,0,0.0,0.20231227106227104
7223,shoots 15d protocol a,Mean baseline,0,0.0,0.20231227106227104
7236,shoots 15d protocol a,Mean baseline,0,0.0,0.20231227106227104
7298,shoots 15d protocol a,Mean baseline,0,0.8333333333333334,0.20231227106227104
7349,shoots 15d protocol a,Mean baseline,0,0.0,0.20231227106227104
7350,shoots 15d protocol a,Mean baseline,0,0.0,0.20231227106227104
7354,shoots 15d protocol a,Mean baseline,0,0.0,0.20231227106227104
7424,shoots 15d protocol a,Mean baseline,0,0.0,0.20231227106227104
7460,shoots 15d protocol a,Mean baseline,0,0.0,0.20231227106227104
7520,shoots 15d protocol a,Mean baseline,0,1.0,0.20231227106227104
6908,shoots 15d protocol a,Mean baseline,1,0.0,0.22131935342944517
6924,shoots 15d protocol a,Mean baseline,1,0.0,0.22131935342944517
6926,shoots 15d protocol a,Mean baseline,1,0.0833333333333333,0.22131935342944517
6944,shoots 15d protocol a,Mean baseline,1,0.0,0.22131935342944517
6967,shoots 15d protocol a,Mean baseline,1,0.0,0.22131935342944517
6986,shoots 15d protocol a,Mean baseline,1,0.5,0.22131935342944517
6989,shoots 15d protocol a,Mean baseline,1,0.0,0.22131935342944517
7008,shoots 15d protocol a,Mean baseline,1,0.0,0.22131935342944517
7026,shoots 15d protocol a,Mean baseline,1,0.0,0.22131935342944517
7064,shoots 15d protocol a,Mean baseline,1,0.0,0.22131935342944517
7092,shoots 15d protocol a,Mean baseline,1,0.0,0.22131935342944517
7107,shoots 15d protocol a,Mean baseline,1,0.0,0.22131935342944517
7109,shoots 15d protocol a,Mean baseline,1,0.5833333333333334,0.22131935342944517
7160,shoots 15d protocol a,Mean baseline,1,0.0,0.22131935342944517
7217,shoots 15d protocol a,Mean baseline,1,0.25,0.22131935342944517
7248,shoots 15d protocol a,Mean baseline,1,0.0,0.22131935342944517
7306,shoots 15d protocol a,Mean baseline,1,0.25,0.22131935342944517
7320,shoots 15d protocol a,Mean baseline,1,0.0,0.22131935342944517
7383,shoots 15d protocol a,Mean baseline,1,0.0,0.22131935342944517
7387,shoots 15d protocol a,Mean baseline,1,0.0,0.22131935342944517
7430,shoots 15d protocol a,Mean baseline,1,0.0,0.22131935342944517
7515,shoots 15d protocol a,Mean baseline,1,0.0,0.22131935342944517
7523,shoots 15d protocol a,Mean baseline,1,0.0833333333333333,0.22131935342944517
8214,shoots 15d protocol a,Mean baseline,1,0.0,0.22131935342944517
6898,shoots 15d protocol a,Mean baseline,2,0.0,0.19711335861778342
6915,shoots 15d protocol a,Mean baseline,2,0.0833333333333333,0.19711335861778342
6959,shoots 15d protocol a,Mean baseline,2,0.0,0.19711335861778342
6982,shoots 15d protocol a,Mean baseline,2,0.0,0.19711335861778342
7002,shoots 15d protocol a,Mean baseline,2,0.0,0.19711335861778342
7013,shoots 15d protocol a,Mean baseline,2,0.0,0.19711335861778342
7061,shoots 15d protocol a,Mean baseline,2,0.0,0.19711335861778342
7143,shoots 15d protocol a,Mean baseline,2,0.0,0.19711335861778342
7162,shoots 15d protocol a,Mean baseline,2,0.0,0.19711335861778342
7165,shoots 15d protocol a,Mean baseline,2,0.0,0.19711335861778342
7192,shoots 15d protocol a,Mean baseline,2,0.0,0.19711335861778342
7244,shoots 15d protocol a,Mean baseline,2,0.0,0.19711335861778342
7287,shoots 15d protocol a,Mean baseline,2,0.1666666666666666,0.19711335861778342
7305,shoots 15d protocol a,Mean baseline,2,0.0,0.19711335861778342
7316,shoots 15d protocol a,Mean baseline,2,0.75,0.19711335861778342
7333,shoots 15d protocol a,Mean baseline,2,0.0,0.19711335861778342
7404,shoots 15d protocol a,Mean baseline,2,0.0,0.19711335861778342
8366,shoots 15d protocol a,Mean baseline,2,0.0,0.19711335861778342
9762,shoots 15d protocol a,Mean baseline,2,1.6,0.19711335861778342
9764,shoots 15d protocol a,Mean baseline,2,1.0,0.19711335861778342
6897,shoots 15d protocol a,Mean baseline,3,0.0,0.16587301587301587
6904,shoots 15d protocol a,Mean baseline,3,0.0,0.16587301587301587
6922,shoots 15d protocol a,Mean baseline,3,0.0,0.16587301587301587
6940,shoots 15d protocol a,Mean baseline,3,0.0,0.16587301587301587
6945,shoots 15d protocol a,Mean baseline,3,0.6666666666666666,0.16587301587301587
6958,shoots 15d protocol a,Mean baseline,3,0.0,0.16587301587301587
6961,shoots 15d protocol a,Mean baseline,3,0.0,0.16587301587301587
6970,shoots 15d protocol a,Mean baseline,3,0.0,0.16587301587301587
6981,shoots 15d protocol a,Mean baseline,3,0.0,0.16587301587301587
6987,shoots 15d protocol a,Mean baseline,3,0.0,0.16587301587301587
6992,shoots 15d protocol a,Mean baseline,3,0.0,0.16587301587301587
6997,shoots 15d protocol a,Mean baseline,3,0.0,0.16587301587301587
7000,shoots 15d protocol a,Mean baseline,3,0.0,0.16587301587301587
7025,shoots 15d protocol a,Mean baseline,3,0.0,0.16587301587301587
7028,shoots 15d protocol a,Mean baseline,3,0.0,0.16587301587301587
7031,shoots 15d protocol a,Mean baseline,3,0.0,0.16587301587301587
7036,shoots 15d protocol a,Mean baseline,3,0.0,0.16587301587301587
7062,shoots 15d protocol a,Mean baseline,3,0.0,0.16587301587301587
7071,shoots 15d protocol a,Mean baseline,3,0.0,0.16587301587301587
7077,shoots 15d protocol a,Mean baseline,3,1.5833333333333333,0.16587301587301587
7102,shoots 15d protocol a,Mean baseline,3,0.0,0.16587301587301587
7117,shoots 15d protocol a,Mean baseline,3,0.0,0.16587301587301587
7119,shoots 15d protocol a,Mean baseline,3,0.0,0.16587301587301587
7130,shoots 15d protocol a,Mean baseline,3,0.1666666666666666,0.16587301587301587
7147,shoots 15d protocol a,Mean baseline,3,0.0,0.16587301587301587
7161,shoots 15d protocol a,Mean baseline,3,0.0,0.16587301587301587
7163,shoots 15d protocol a,Mean baseline,3,0.0,0.16587301587301587
7169,shoots 15d protocol a,Mean baseline,3,0.0,0.16587301587301587
7199,shoots 15d protocol a,Mean baseline,3,0.0,0.16587301587301587
7202,shoots 15d protocol a,Mean baseline,3,0.0,0.16587301587301587
7255,shoots 15d protocol a,Mean baseline,3,0.0,0.16587301587301587
7268,shoots 15d protocol a,Mean baseline,3,0.0,0.16587301587301587
7276,shoots 15d protocol a,Mean baseline,3,0.0,0.16587301587301587
7282,shoots 15d protocol a,Mean baseline,3,0.0,0.16587301587301587
7314,shoots 15d protocol a,Mean baseline,3,0.0,0.16587301587301587
7319,shoots 15d protocol a,Mean baseline,3,0.0,0.16587301587301587
7343,shoots 15d protocol a,Mean baseline,3,0.0,0.16587301587301587
7344,shoots 15d protocol a,Mean baseline,3,1.8571428571428568,0.16587301587301587
7372,shoots 15d protocol a,Mean baseline,3,0.0,0.16587301587301587
7378,shoots 15d protocol a,Mean baseline,3,0.0,0.16587301587301587
7382,shoots 15d protocol a,Mean baseline,3,0.0833333333333333,0.16587301587301587
7411,shoots 15d protocol a,Mean baseline,3,0.0,0.16587301587301587
7419,shoots 15d protocol a,Mean baseline,3,6.583333333333333,0.16587301587301587
7514,shoots 15d protocol a,Mean baseline,3,0.0,0.16587301587301587
8264,shoots 15d protocol a,Mean baseline,3,0.1666666666666666,0.16587301587301587
8311,shoots 15d protocol a,Mean baseline,3,0.0,0.16587301587301587
8312,shoots 15d protocol a,Mean baseline,3,0.5,0.16587301587301587
8337,shoots 15d protocol a,Mean baseline,3,0.3333333333333333,0.16587301587301587
8343,shoots 15d protocol a,Mean baseline,3,0.0,0.16587301587301587
6929,shoots 15d protocol a,Mean baseline,4,0.0,0.18134270101483216
6931,shoots 15d protocol a,Mean baseline,4,3.25,0.18134270101483216
6938,shoots 15d protocol a,Mean baseline,4,0.25,0.18134270101483216
6963,shoots 15d protocol a,Mean baseline,4,0.0,0.18134270101483216
7323,shoots 15d protocol a,Mean baseline,4,0.0,0.18134270101483216
7347,shoots 15d protocol a,Mean baseline,4,0.0,0.18134270101483216
7471,shoots 15d protocol a,Mean baseline,4,0.0,0.18134270101483216
763,shoots 15d protocol a,Mean baseline,4,0.25,0.18134270101483216
765,shoots 15d protocol a,Mean baseline,4,0.0,0.18134270101483216
772,shoots 15d protocol a,Mean baseline,4,0.0,0.18134270101483216
9766,shoots 15d protocol a,Mean baseline,4,0.0,0.18134270101483216
430,shoots 15d protocol a,Elastic Net,0,0.0,0.4320743680000305
5837,shoots 15d protocol a,Elastic Net,0,0.0,0.3256407082080841
6909,shoots 15d protocol a,Elastic Net,0,0.0,5.658466815948486
6919,shoots 15d protocol a,Elastic Net,0,0.0,1.4817582368850708
6951,shoots 15d protocol a,Elastic Net,0,1.0833333333333333,0.8443607687950134
6956,shoots 15d protocol a,Elastic Net,0,0.0,1.002926230430603
6975,shoots 15d protocol a,Elastic Net,0,0.0,0.12974224984645844
6979,shoots 15d protocol a,Elastic Net,0,0.0,-0.01222468912601471
6984,shoots 15d protocol a,Elastic Net,0,1.0833333333333333,0.980680525302887
7096,shoots 15d protocol a,Elastic Net,0,0.0,0.27246347069740295
7103,shoots 15d protocol a,Elastic Net,0,0.0,0.9747738838195801
7106,shoots 15d protocol a,Elastic Net,0,0.0,0.08912922441959381
7120,shoots 15d protocol a,Elastic Net,0,0.0,0.2365592122077942
7126,shoots 15d protocol a,Elastic Net,0,0.0,0.06136743724346161
7127,shoots 15d protocol a,Elastic Net,0,0.0,0.6969481110572815
7177,shoots 15d protocol a,Elastic Net,0,0.0,0.3757019639015198
7203,shoots 15d protocol a,Elastic Net,0,0.0,0.4017655849456787
7207,shoots 15d protocol a,Elastic Net,0,0.8333333333333334,0.5852541327476501
7208,shoots 15d protocol a,Elastic Net,0,0.0,5.68564510345459
7209,shoots 15d protocol a,Elastic Net,0,0.0,0.27246347069740295
7223,shoots 15d protocol a,Elastic Net,0,0.0,0.7444745898246765
7236,shoots 15d protocol a,Elastic Net,0,0.0,0.7977548837661743
7298,shoots 15d protocol a,Elastic Net,0,0.8333333333333334,0.18468093872070312
7349,shoots 15d protocol a,Elastic Net,0,0.0,0.6744341850280762
7350,shoots 15d protocol a,Elastic Net,0,0.0,0.6744341850280762
7354,shoots 15d protocol a,Elastic Net,0,0.0,0.28650709986686707
7424,shoots 15d protocol a,Elastic Net,0,0.0,0.6123170256614685
7460,shoots 15d protocol a,Elastic Net,0,0.0,0.9747738838195801
7520,shoots 15d protocol a,Elastic Net,0,1.0,0.8314881920814514
6908,shoots 15d protocol a,Elastic Net,1,0.0,0.923218846321106
6924,shoots 15d protocol a,Elastic Net,1,0.0,-0.005024433135986328
6926,shoots 15d protocol a,Elastic Net,1,0.0833333333333333,0.4256718158721924
6944,shoots 15d protocol a,Elastic Net,1,0.0,0.07691523432731628
6967,shoots 15d protocol a,Elastic Net,1,0.0,0.5084910988807678
6986,shoots 15d protocol a,Elastic Net,1,0.5,0.41580885648727417
6989,shoots 15d protocol a,Elastic Net,1,0.0,0.8325294256210327
7008,shoots 15d protocol a,Elastic Net,1,0.0,0.7918986678123474
7026,shoots 15d protocol a,Elastic Net,1,0.0,0.02832309901714325
7064,shoots 15d protocol a,Elastic Net,1,0.0,0.10975923389196396
7092,shoots 15d protocol a,Elastic Net,1,0.0,0.7819045186042786
7107,shoots 15d protocol a,Elastic Net,1,0.0,0.6639586687088013
7109,shoots 15d protocol a,Elastic Net,1,0.5833333333333334,0.41580885648727417
7160,shoots 15d protocol a,Elastic Net,1,0.0,-0.10857956111431122
7217,shoots 15d protocol a,Elastic Net,1,0.25,0.7714769244194031
7248,shoots 15d protocol a,Elastic Net,1,0.0,-0.10857956111431122
7306,shoots 15d protocol a,Elastic Net,1,0.25,0.6466106176376343
7320,shoots 15d protocol a,Elastic Net,1,0.0,-0.1592930108308792
7383,shoots 15d protocol a,Elastic Net,1,0.0,0.6012091636657715
7387,shoots 15d protocol a,Elastic Net,1,0.0,0.510193943977356
7430,shoots 15d protocol a,Elastic Net,1,0.0,-0.1723768264055252
7515,shoots 15d protocol a,Elastic Net,1,0.0,-0.10857956111431122
7523,shoots 15d protocol a,Elastic Net,1,0.0833333333333333,0.632793128490448
8214,shoots 15d protocol a,Elastic Net,1,0.0,0.997619092464447
6898,shoots 15d protocol a,Elastic Net,2,0.0,0.4556742310523987
6915,shoots 15d protocol a,Elastic Net,2,0.0833333333333333,0.1791529357433319
6959,shoots 15d protocol a,Elastic Net,2,0.0,0.5997908115386963
6982,shoots 15d protocol a,Elastic Net,2,0.0,1.5262689590454102
7002,shoots 15d protocol a,Elastic Net,2,0.0,0.1896018087863922
7013,shoots 15d protocol a,Elastic Net,2,0.0,0.029559746384620667
7061,shoots 15d protocol a,Elastic Net,2,0.0,1.063197135925293
7143,shoots 15d protocol a,Elastic Net,2,0.0,0.8870425224304199
7162,shoots 15d protocol a,Elastic Net,2,0.0,0.43630772829055786
7165,shoots 15d protocol a,Elastic Net,2,0.0,0.3793455958366394
7192,shoots 15d protocol a,Elastic Net,2,0.0,0.35285675525665283
7244,shoots 15d protocol a,Elastic Net,2,0.0,0.7245040535926819
7287,shoots 15d protocol a,Elastic Net,2,0.1666666666666666,0.3408837914466858
7305,shoots 15d protocol a,Elastic Net,2,0.0,0.5063558220863342
7316,shoots 15d protocol a,Elastic Net,2,0.75,0.19402991235256195
7333,shoots 15d protocol a,Elastic Net,2,0.0,0.3354480266571045
7404,shoots 15d protocol a,Elastic Net,2,0.0,0.3204532265663147
8366,shoots 15d protocol a,Elastic Net,2,0.0,0.7671945095062256
9762,shoots 15d protocol a,Elastic Net,2,1.6,0.14623604714870453
9764,shoots 15d protocol a,Elastic Net,2,1.0,1.00611412525177
6897,shoots 15d protocol a,Elastic Net,3,0.0,-0.03849667310714722
6904,shoots 15d protocol a,Elastic Net,3,0.0,0.17930641770362854
6922,shoots 15d protocol a,Elastic Net,3,0.0,0.3006680905818939
6940,shoots 15d protocol a,Elastic Net,3,0.0,0.16206124424934387
6945,shoots 15d protocol a,Elastic Net,3,0.6666666666666666,0.33982428908348083
6958,shoots 15d protocol a,Elastic Net,3,0.0,1.6108555793762207
6961,shoots 15d protocol a,Elastic Net,3,0.0,0.10900555551052094
6970,shoots 15d protocol a,Elastic Net,3,0.0,0.01921907067298889
6981,shoots 15d protocol a,Elastic Net,3,0.0,0.17603856325149536
6987,shoots 15d protocol a,Elastic Net,3,0.0,1.3797895908355713
6992,shoots 15d protocol a,Elastic Net,3,0.0,0.1129143089056015
6997,shoots 15d protocol a,Elastic Net,3,0.0,0.007078707218170166
7000,shoots 15d protocol a,Elastic Net,3,0.0,0.02998441457748413
7025,shoots 15d protocol a,Elastic Net,3,0.0,0.15909680724143982
7028,shoots 15d protocol a,Elastic Net,3,0.0,0.05423533171415329
7031,shoots 15d protocol a,Elastic Net,3,0.0,0.05669337511062622
7036,shoots 15d protocol a,Elastic Net,3,0.0,0.0987299233675003
7062,shoots 15d protocol a,Elastic Net,3,0.0,0.16066505014896393
7071,shoots 15d protocol a,Elastic Net,3,0.0,0.18478290736675262
7077,shoots 15d protocol a,Elastic Net,3,1.5833333333333333,0.3953119218349457
7102,shoots 15d protocol a,Elastic Net,3,0.0,0.22628828883171082
7117,shoots 15d protocol a,Elastic Net,3,0.0,0.1492336243391037
7119,shoots 15d protocol a,Elastic Net,3,0.0,1.3797895908355713
7130,shoots 15d protocol a,Elastic Net,3,0.1666666666666666,0.188363179564476
7147,shoots 15d protocol a,Elastic Net,3,0.0,-0.003695666790008545
7161,shoots 15d protocol a,Elastic Net,3,0.0,0.12610462307929993
7163,shoots 15d protocol a,Elastic Net,3,0.0,0.00942501425743103
7169,shoots 15d protocol a,Elastic Net,3,0.0,0.02138105034828186
7199,shoots 15d protocol a,Elastic Net,3,0.0,-0.011333510279655457
7202,shoots 15d protocol a,Elastic Net,3,0.0,-0.011333510279655457
7255,shoots 15d protocol a,Elastic Net,3,0.0,0.16026276350021362
7268,shoots 15d protocol a,Elastic Net,3,0.0,0.18076559901237488
7276,shoots 15d protocol a,Elastic Net,3,0.0,0.14670498669147491
7282,shoots 15d protocol a,Elastic Net,3,0.0,1.1347261667251587
7314,shoots 15d protocol a,Elastic Net,3,0.0,0.17603856325149536
7319,shoots 15d protocol a,Elastic Net,3,0.0,1.31949782371521
7343,shoots 15d protocol a,Elastic Net,3,0.0,0.41981443762779236
7344,shoots 15d protocol a,Elastic Net,3,1.8571428571428568,1.3869078159332275
7372,shoots 15d protocol a,Elastic Net,3,0.0,1.3090999126434326
7378,shoots 15d protocol a,Elastic Net,3,0.0,1.3065452575683594
7382,shoots 15d protocol a,Elastic Net,3,0.0833333333333333,0.014369815587997437
7411,shoots 15d protocol a,Elastic Net,3,0.0,0.04581953585147858
7419,shoots 15d protocol a,Elastic Net,3,6.583333333333333,0.12384441494941711
7514,shoots 15d protocol a,Elastic Net,3,0.0,1.1578556299209595
8264,shoots 15d protocol a,Elastic Net,3,0.1666666666666666,0.04250940680503845
8311,shoots 15d protocol a,Elastic Net,3,0.0,1.309907078742981
8312,shoots 15d protocol a,Elastic Net,3,0.5,0.09542685002088547
8337,shoots 15d protocol a,Elastic Net,3,0.3333333333333333,0.17864573001861572
8343,shoots 15d protocol a,Elastic Net,3,0.0,1.3064699172973633
6929,shoots 15d protocol a,Elastic Net,4,0.0,0.731337308883667
6931,shoots 15d protocol a,Elastic Net,4,3.25,0.6384750604629517
6938,shoots 15d protocol a,Elastic Net,4,0.25,0.45918670296669006
6963,shoots 15d protocol a,Elastic Net,4,0.0,0.6148965358734131
7323,shoots 15d protocol a,Elastic Net,4,0.0,0.9345427751541138
7347,shoots 15d protocol a,Elastic Net,4,0.0,0.5358672142028809
7471,shoots 15d protocol a,Elastic Net,4,0.0,0.45571187138557434
763,shoots 15d protocol a,Elastic Net,4,0.25,0.7204960584640503
765,shoots 15d protocol a,Elastic Net,4,0.0,0.8903247714042664
772,shoots 15d protocol a,Elastic Net,4,0.0,0.8223280310630798
9766,shoots 15d protocol a,Elastic Net,4,0.0,0.8903247714042664
430,shoots 15d protocol a,Kernel Ridge,0,0.0,0.00023162984728361785
5837,shoots 15d protocol a,Kernel Ridge,0,0.0,0.00025950457939158655
6909,shoots 15d protocol a,Kernel Ridge,0,0.0,3.4182485305605225e-07
6919,shoots 15d protocol a,Kernel Ridge,0,0.0,0.0002517625000870168
6951,shoots 15d protocol a,Kernel Ridge,0,1.0833333333333333,0.00030945642302807204
6956,shoots 15d protocol a,Kernel Ridge,0,0.0,0.00028429232019607116
6975,shoots 15d protocol a,Kernel Ridge,0,0.0,0.0003128622626423971
6979,shoots 15d protocol a,Kernel Ridge,0,0.0,0.00048710390293372227
6984,shoots 15d protocol a,Kernel Ridge,0,1.0833333333333333,0.00013909599732436247
7096,shoots 15d protocol a,Kernel Ridge,0,0.0,0.00022337907821000727
7103,shoots 15d protocol a,Kernel Ridge,0,0.0,0.00012108814952940191
7106,shoots 15d protocol a,Kernel Ridge,0,0.0,0.00036820738678383625
7120,shoots 15d protocol a,Kernel Ridge,0,0.0,0.0005313931403650744
7126,shoots 15d protocol a,Kernel Ridge,0,0.0,0.0003410001373587224
7127,shoots 15d protocol a,Kernel Ridge,0,0.0,0.00021136626494484655
7177,shoots 15d protocol a,Kernel Ridge,0,0.0,0.00027866763797819915
7203,shoots 15d protocol a,Kernel Ridge,0,0.0,8.275662862371532e-05
7207,shoots 15d protocol a,Kernel Ridge,0,0.8333333333333334,0.0002754260235861728
7208,shoots 15d protocol a,Kernel Ridge,0,0.0,4.527768091537704e-07
7209,shoots 15d protocol a,Kernel Ridge,0,0.0,0.00022157214469484612
7223,shoots 15d protocol a,Kernel Ridge,0,0.0,0.00025559265320399286
7236,shoots 15d protocol a,Kernel Ridge,0,0.0,0.00040529036945143753
7298,shoots 15d protocol a,Kernel Ridge,0,0.8333333333333334,0.0003593912243197037
7349,shoots 15d protocol a,Kernel Ridge,0,0.0,0.00012446249081585016
7350,shoots 15d protocol a,Kernel Ridge,0,0.0,0.00013274703142424906
7354,shoots 15d protocol a,Kernel Ridge,0,0.0,0.0008363084984292501
7424,shoots 15d protocol a,Kernel Ridge,0,0.0,0.00028654707989984873
7460,shoots 15d protocol a,Kernel Ridge,0,0.0,0.00011601634445206058
7520,shoots 15d protocol a,Kernel Ridge,0,1.0,0.0002932203997777084
6908,shoots 15d protocol a,Kernel Ridge,1,0.0,0.0003116094420464025
6924,shoots 15d protocol a,Kernel Ridge,1,0.0,0.00019103727213172115
6926,shoots 15d protocol a,Kernel Ridge,1,0.0833333333333333,0.00025634348006297637
6944,shoots 15d protocol a,Kernel Ridge,1,0.0,0.00032123579707636033
6967,shoots 15d protocol a,Kernel Ridge,1,0.0,0.0001446157329878576
6986,shoots 15d protocol a,Kernel Ridge,1,0.5,0.00023573128971281365
6989,shoots 15d protocol a,Kernel Ridge,1,0.0,0.00028024723128625384
7008,shoots 15d protocol a,Kernel Ridge,1,0.0,0.0002880379649429943
7026,shoots 15d protocol a,Kernel Ridge,1,0.0,0.00031274524326437817
7064,shoots 15d protocol a,Kernel Ridge,1,0.0,0.0001997456595112589
7092,shoots 15d protocol a,Kernel Ridge,1,0.0,0.000504671672099978
7107,shoots 15d protocol a,Kernel Ridge,1,0.0,0.00047264032795058225
7109,shoots 15d protocol a,Kernel Ridge,1,0.5833333333333334,0.0002370438093535911
7160,shoots 15d protocol a,Kernel Ridge,1,0.0,0.00019087808087477144
7217,shoots 15d protocol a,Kernel Ridge,1,0.25,0.0002796331313478287
7248,shoots 15d protocol a,Kernel Ridge,1,0.0,0.00019053200525056708
7306,shoots 15d protocol a,Kernel Ridge,1,0.25,0.00032036500308953863
7320,shoots 15d protocol a,Kernel Ridge,1,0.0,0.00021671153967939497
7383,shoots 15d protocol a,Kernel Ridge,1,0.0,0.00034491603110205107
7387,shoots 15d protocol a,Kernel Ridge,1,0.0,0.0003679200090277806
7430,shoots 15d protocol a,Kernel Ridge,1,0.0,0.0005189556547589945
7515,shoots 15d protocol a,Kernel Ridge,1,0.0,0.0001907930478487737
7523,shoots 15d protocol a,Kernel Ridge,1,0.0833333333333333,0.00019073549947703694
8214,shoots 15d protocol a,Kernel Ridge,1,0.0,0.00019239557119527434
6898,shoots 15d protocol a,Kernel Ridge,2,0.0,0.00027480348452324765
6915,shoots 15d protocol a,Kernel Ridge,2,0.0833333333333333,0.0005521359851109333
6959,shoots 15d protocol a,Kernel Ridge,2,0.0,0.00025451147584812736
6982,shoots 15d protocol a,Kernel Ridge,2,0.0,0.00024198503503099786
7002,shoots 15d protocol a,Kernel Ridge,2,0.0,0.00011839942729672162
7013,shoots 15d protocol a,Kernel Ridge,2,0.0,0.00033644246131145085
7061,shoots 15d protocol a,Kernel Ridge,2,0.0,0.00020250945275580043
7143,shoots 15d protocol a,Kernel Ridge,2,0.0,0.00011508792123545191
7162,shoots 15d protocol a,Kernel Ridge,2,0.0,0.00040637252078246235
7165,shoots 15d protocol a,Kernel Ridge,2,0.0,0.00026793355813748576
7192,shoots 15d protocol a,Kernel Ridge,2,0.0,0.0009923656853809903
7244,shoots 15d protocol a,Kernel Ridge,2,0.0,0.00013137769263558922
7287,shoots 15d protocol a,Kernel Ridge,2,0.1666666666666666,0.0003109268671419879
7305,shoots 15d protocol a,Kernel Ridge,2,0.0,0.00017170478395836988
7316,shoots 15d protocol a,Kernel Ridge,2,0.75,0.00032805390761478316
7333,shoots 15d protocol a,Kernel Ridge,2,0.0,0.0007867670203220011
7404,shoots 15d protocol a,Kernel Ridge,2,0.0,0.0007572729616759453
8366,shoots 15d protocol a,Kernel Ridge,2,0.0,0.0006414120729831538
9762,shoots 15d protocol a,Kernel Ridge,2,1.6,7.266670368716573e-05
9764,shoots 15d protocol a,Kernel Ridge,2,1.0,7.199363036671816e-05
6897,shoots 15d protocol a,Kernel Ridge,3,0.0,0.0003393971787764296
6904,shoots 15d protocol a,Kernel Ridge,3,0.0,0.00033566534904274985
6922,shoots 15d protocol a,Kernel Ridge,3,0.0,0.00021145871227585644
6940,shoots 15d protocol a,Kernel Ridge,3,0.0,0.00018873106118493112
6945,shoots 15d protocol a,Kernel Ridge,3,0.6666666666666666,0.0003666449245996768
6958,shoots 15d protocol a,Kernel Ridge,3,0.0,0.0001297267048842246
6961,shoots 15d protocol a,Kernel Ridge,3,0.0,8.459286146461478e-05
6970,shoots 15d protocol a,Kernel Ridge,3,0.0,0.00013018191929164448
6981,shoots 15d protocol a,Kernel Ridge,3,0.0,0.00025293091727083725
6987,shoots 15d protocol a,Kernel Ridge,3,0.0,0.0001080931031489598
6992,shoots 15d protocol a,Kernel Ridge,3,0.0,0.00013597426400408852
6997,shoots 15d protocol a,Kernel Ridge,3,0.0,0.00012825841173455445
7000,shoots 15d protocol a,Kernel Ridge,3,0.0,0.0001675392958089077
7025,shoots 15d protocol a,Kernel Ridge,3,0.0,0.0005431993484233831
7028,shoots 15d protocol a,Kernel Ridge,3,0.0,0.0002777684512532381
7031,shoots 15d protocol a,Kernel Ridge,3,0.0,0.00034301887917870374
7036,shoots 15d protocol a,Kernel Ridge,3,0.0,0.0002654400255011265
7062,shoots 15d protocol a,Kernel Ridge,3,0.0,0.00015171388572089847
7071,shoots 15d protocol a,Kernel Ridge,3,0.0,0.00016848210884879268
7077,shoots 15d protocol a,Kernel Ridge,3,1.5833333333333333,0.00012048719536666123
7102,shoots 15d protocol a,Kernel Ridge,3,0.0,0.00019730590257410193
7117,shoots 15d protocol a,Kernel Ridge,3,0.0,0.00014626069638928852
7119,shoots 15d protocol a,Kernel Ridge,3,0.0,0.00011302542071221101
7130,shoots 15d protocol a,Kernel Ridge,3,0.1666666666666666,0.00018205866491423502
7147,shoots 15d protocol a,Kernel Ridge,3,0.0,0.0002732766534394739
7161,shoots 15d protocol a,Kernel Ridge,3,0.0,9.749575504573553e-05
7163,shoots 15d protocol a,Kernel Ridge,3,0.0,0.0003345061260763806
7169,shoots 15d protocol a,Kernel Ridge,3,0.0,7.213009488085762e-05
7199,shoots 15d protocol a,Kernel Ridge,3,0.0,3.974910709350937e-05
7202,shoots 15d protocol a,Kernel Ridge,3,0.0,4.006362017007453e-05
7255,shoots 15d protocol a,Kernel Ridge,3,0.0,0.0003245811114685319
7268,shoots 15d protocol a,Kernel Ridge,3,0.0,0.00041345773259388225
7276,shoots 15d protocol a,Kernel Ridge,3,0.0,0.00033041258344817246
7282,shoots 15d protocol a,Kernel Ridge,3,0.0,0.00011640045541334913
7314,shoots 15d protocol a,Kernel Ridge,3,0.0,0.00025128035643129924
7319,shoots 15d protocol a,Kernel Ridge,3,0.0,0.0001808554627965544
7343,shoots 15d protocol a,Kernel Ridge,3,0.0,0.000965153076583464
7344,shoots 15d protocol a,Kernel Ridge,3,1.8571428571428568,0.0002747751941918153
7372,shoots 15d protocol a,Kernel Ridge,3,0.0,0.00042515470338141384
7378,shoots 15d protocol a,Kernel Ridge,3,0.0,0.0002348922176579745
7382,shoots 15d protocol a,Kernel Ridge,3,0.0833333333333333,0.00021594929719285008
7411,shoots 15d protocol a,Kernel Ridge,3,0.0,0.0003689521850954578
7419,shoots 15d protocol a,Kernel Ridge,3,6.583333333333333,0.00019546752477906076
7514,shoots 15d protocol a,Kernel Ridge,3,0.0,0.00033800914566373054
8264,shoots 15d protocol a,Kernel Ridge,3,0.1666666666666666,0.0001677788313904968
8311,shoots 15d protocol a,Kernel Ridge,3,0.0,0.0005592108932920769
8312,shoots 15d protocol a,Kernel Ridge,3,0.5,0.00025916379410492193
8337,shoots 15d protocol a,Kernel Ridge,3,0.3333333333333333,0.0002880709946695633
8343,shoots 15d protocol a,Kernel Ridge,3,0.0,0.00014912312920639924
6929,shoots 15d protocol a,Kernel Ridge,4,0.0,1.4377738913080248e-05
6931,shoots 15d protocol a,Kernel Ridge,4,3.25,8.360693494977652e-05
6938,shoots 15d protocol a,Kernel Ridge,4,0.25,2.1909490421707015e-05
6963,shoots 15d protocol a,Kernel Ridge,4,0.0,3.0107268354398824e-05
7323,shoots 15d protocol a,Kernel Ridge,4,0.0,5.382946885440813e-05
7347,shoots 15d protocol a,Kernel Ridge,4,0.0,7.792681186365405e-05
7471,shoots 15d protocol a,Kernel Ridge,4,0.0,9.541901491529589e-05
763,shoots 15d protocol a,Kernel Ridge,4,0.25,2.0645891554680166e-05
765,shoots 15d protocol a,Kernel Ridge,4,0.0,1.7053230597354584e-05
772,shoots 15d protocol a,Kernel Ridge,4,0.0,1.4750071175243451e-05
9766,shoots 15d protocol a,Kernel Ridge,4,0.0,2.13314524329e-05
430,shoots 15d protocol a,Random Forest,0,0.0,0.3051388127480985
5837,shoots 15d protocol a,Random Forest,0,0.0,0.33253331886367565
6909,shoots 15d protocol a,Random Forest,0,0.0,0.16946228526764248
6919,shoots 15d protocol a,Random Forest,0,0.0,0.5182998043358756
6951,shoots 15d protocol a,Random Forest,0,1.0833333333333333,0.5623281651549503
6956,shoots 15d protocol a,Random Forest,0,0.0,0.41836747148354286
6975,shoots 15d protocol a,Random Forest,0,0.0,0.38861084123548373
6979,shoots 15d protocol a,Random Forest,0,0.0,0.3467881624063765
6984,shoots 15d protocol a,Random Forest,0,1.0833333333333333,0.4835528806775232
7096,shoots 15d protocol a,Random Forest,0,0.0,0.4967696821564676
7103,shoots 15d protocol a,Random Forest,0,0.0,0.45907437882223595
7106,shoots 15d protocol a,Random Forest,0,0.0,0.35911017247302934
7120,shoots 15d protocol a,Random Forest,0,0.0,0.2427000608122036
7126,shoots 15d protocol a,Random Forest,0,0.0,0.4318121242910526
7127,shoots 15d protocol a,Random Forest,0,0.0,0.44060736235986214
7177,shoots 15d protocol a,Random Forest,0,0.0,0.48589768415446966
7203,shoots 15d protocol a,Random Forest,0,0.0,0.6630062375455238
7207,shoots 15d protocol a,Random Forest,0,0.8333333333333334,0.4722522543990401
7208,shoots 15d protocol a,Random Forest,0,0.0,0.16191989108774824
7209,shoots 15d protocol a,Random Forest,0,0.0,0.4991434916802771
7223,shoots 15d protocol a,Random Forest,0,0.0,0.4478157970865109
7236,shoots 15d protocol a,Random Forest,0,0.0,0.37650443100550224
7298,shoots 15d protocol a,Random Forest,0,0.8333333333333334,0.3131403737268022
7349,shoots 15d protocol a,Random Forest,0,0.0,0.7257544772159057
7350,shoots 15d protocol a,Random Forest,0,0.0,0.7257266994381281
7354,shoots 15d protocol a,Random Forest,0,0.0,0.411225410938268
7424,shoots 15d protocol a,Random Forest,0,0.0,0.500657956778671
7460,shoots 15d protocol a,Random Forest,0,0.0,0.45430400845186564
7520,shoots 15d protocol a,Random Forest,0,1.0,0.4622780331837474
6908,shoots 15d protocol a,Random Forest,1,0.0,0.441566451233951
6924,shoots 15d protocol a,Random Forest,1,0.0,0.39889179103964806
6926,shoots 15d protocol a,Random Forest,1,0.0833333333333333,0.4001909312512882
6944,shoots 15d protocol a,Random Forest,1,0.0,0.23738502025752026
6967,shoots 15d protocol a,Random Forest,1,0.0,0.3598256076463216
6986,shoots 15d protocol a,Random Forest,1,0.5,0.46820614117364123
6989,shoots 15d protocol a,Random Forest,1,0.0,0.3875464010856865
7008,shoots 15d protocol a,Random Forest,1,0.0,0.34353434068576927
7026,shoots 15d protocol a,Random Forest,1,0.0,0.19875172317100873
7064,shoots 15d protocol a,Random Forest,1,0.0,0.3940893704047274
7092,shoots 15d protocol a,Random Forest,1,0.0,0.33748844276094275
7107,shoots 15d protocol a,Random Forest,1,0.0,0.37844814471243016
7109,shoots 15d protocol a,Random Forest,1,0.5833333333333334,0.46853947450697464
7160,shoots 15d protocol a,Random Forest,1,0.0,0.1940691412291413
7217,shoots 15d protocol a,Random Forest,1,0.25,0.2787592279942279
7248,shoots 15d protocol a,Random Forest,1,0.0,0.19395803011803017
7306,shoots 15d protocol a,Random Forest,1,0.25,0.5685498928452496
7320,shoots 15d protocol a,Random Forest,1,0.0,0.2098624735317593
7383,shoots 15d protocol a,Random Forest,1,0.0,0.31569901704115977
7387,shoots 15d protocol a,Random Forest,1,0.0,0.3546166814402526
7430,shoots 15d protocol a,Random Forest,1,0.0,0.23640165807737226
7515,shoots 15d protocol a,Random Forest,1,0.0,0.19395803011803017
7523,shoots 15d protocol a,Random Forest,1,0.0833333333333333,0.36374030387601813
8214,shoots 15d protocol a,Random Forest,1,0.0,0.6094227566481136
6898,shoots 15d protocol a,Random Forest,2,0.0,0.24911443034478745
6915,shoots 15d protocol a,Random Forest,2,0.0833333333333333,0.4418057840307839
6959,shoots 15d protocol a,Random Forest,2,0.0,0.4035858030858034
6982,shoots 15d protocol a,Random Forest,2,0.0,0.5365109530680963
7002,shoots 15d protocol a,Random Forest,2,0.0,0.3356050536104106
7013,shoots 15d protocol a,Random Forest,2,0.0,0.17722597660276232
7061,shoots 15d protocol a,Random Forest,2,0.0,0.5441230923177354
7143,shoots 15d protocol a,Random Forest,2,0.0,0.41550628531521394
7162,shoots 15d protocol a,Random Forest,2,0.0,0.5620017212945784
7165,shoots 15d protocol a,Random Forest,2,0.0,0.4355340651412081
7192,shoots 15d protocol a,Random Forest,2,0.0,0.42659967274788685
7244,shoots 15d protocol a,Random Forest,2,0.0,0.5203081246134821
7287,shoots 15d protocol a,Random Forest,2,0.1666666666666666,0.25706910430839
7305,shoots 15d protocol a,Random Forest,2,0.0,0.23562261825476102
7316,shoots 15d protocol a,Random Forest,2,0.75,0.2903664351521494
7333,shoots 15d protocol a,Random Forest,2,0.0,0.3597669102722676
7404,shoots 15d protocol a,Random Forest,2,0.0,0.4427981790696079
8366,shoots 15d protocol a,Random Forest,2,0.0,0.40963967137360024
9762,shoots 15d protocol a,Random Forest,2,1.6,0.5161394807573382
9764,shoots 15d protocol a,Random Forest,2,1.0,0.6293375962000971
6897,shoots 15d protocol a,Random Forest,3,0.0,0.1570146548821549
6904,shoots 15d protocol a,Random Forest,3,0.0,0.2740355230880228
6922,shoots 15d protocol a,Random Forest,3,0.0,0.2218195226070225
6940,shoots 15d protocol a,Random Forest,3,0.0,0.28335366762866726
6945,shoots 15d protocol a,Random Forest,3,0.6666666666666666,0.19817504930254914
6958,shoots 15d protocol a,Random Forest,3,0.0,0.20025934824434818
6961,shoots 15d protocol a,Random Forest,3,0.0,0.2625402116402114
6970,shoots 15d protocol a,Random Forest,3,0.0,0.24716475709475683
6981,shoots 15d protocol a,Random Forest,3,0.0,0.16668374098124095
6987,shoots 15d protocol a,Random Forest,3,0.0,0.20985943001443
6992,shoots 15d protocol a,Random Forest,3,0.0,0.17629759259259245
6997,shoots 15d protocol a,Random Forest,3,0.0,0.20490182178932173
7000,shoots 15d protocol a,Random Forest,3,0.0,0.19332198172198156
7025,shoots 15d protocol a,Random Forest,3,0.0,0.2813697462722463
7028,shoots 15d protocol a,Random Forest,3,0.0,0.15187662698412693
7031,shoots 15d protocol a,Random Forest,3,0.0,0.15897681818181814
7036,shoots 15d protocol a,Random Forest,3,0.0,0.26758335978835956
7062,shoots 15d protocol a,Random Forest,3,0.0,0.20893779822029807
7071,shoots 15d protocol a,Random Forest,3,0.0,0.21513927970177954
7077,shoots 15d protocol a,Random Forest,3,1.5833333333333333,0.2735359968734966
7102,shoots 15d protocol a,Random Forest,3,0.0,0.1623387169312169
7117,shoots 15d protocol a,Random Forest,3,0.0,0.2785544119769118
7119,shoots 15d protocol a,Random Forest,3,0.0,0.21092609668109666
7130,shoots 15d protocol a,Random Forest,3,0.1666666666666666,0.12070115800865808
7147,shoots 15d protocol a,Random Forest,3,0.0,0.17306562770562764
7161,shoots 15d protocol a,Random Forest,3,0.0,0.10933044372294377
7163,shoots 15d protocol a,Random Forest,3,0.0,0.16279792448292438
7169,shoots 15d protocol a,Random Forest,3,0.0,0.22351351010101006
7199,shoots 15d protocol a,Random Forest,3,0.0,0.2108427633477631
7202,shoots 15d protocol a,Random Forest,3,0.0,0.2108427633477631
7255,shoots 15d protocol a,Random Forest,3,0.0,0.16096250481000476
7268,shoots 15d protocol a,Random Forest,3,0.0,0.17555196488696484
7276,shoots 15d protocol a,Random Forest,3,0.0,0.15259290885040885
7282,shoots 15d protocol a,Random Forest,3,0.0,0.1915184836459835
7314,shoots 15d protocol a,Random Forest,3,0.0,0.1630599314574315
7319,shoots 15d protocol a,Random Forest,3,0.0,0.17427877344877335
7343,shoots 15d protocol a,Random Forest,3,0.0,0.32892953944203934
7344,shoots 15d protocol a,Random Forest,3,1.8571428571428568,0.20823493386243383
7372,shoots 15d protocol a,Random Forest,3,0.0,0.19878994588744592
7378,shoots 15d protocol a,Random Forest,3,0.0,0.17545890211640217
7382,shoots 15d protocol a,Random Forest,3,0.0833333333333333,0.2825549927849926
7411,shoots 15d protocol a,Random Forest,3,0.0,0.23933449975949947
7419,shoots 15d protocol a,Random Forest,3,6.583333333333333,0.2119352453102454
7514,shoots 15d protocol a,Random Forest,3,0.0,0.23881458754208745
8264,shoots 15d protocol a,Random Forest,3,0.1666666666666666,0.20487888648388627
8311,shoots 15d protocol a,Random Forest,3,0.0,0.29868142857142826
8312,shoots 15d protocol a,Random Forest,3,0.5,0.23806998075998068
8337,shoots 15d protocol a,Random Forest,3,0.3333333333333333,0.26970195165945154
8343,shoots 15d protocol a,Random Forest,3,0.0,0.2139296657046657
6929,shoots 15d protocol a,Random Forest,4,0.0,0.28218525767882907
6931,shoots 15d protocol a,Random Forest,4,3.25,0.29681155792620073
6938,shoots 15d protocol a,Random Forest,4,0.25,0.2090143865526008
6963,shoots 15d protocol a,Random Forest,4,0.0,0.20719859668109664
7323,shoots 15d protocol a,Random Forest,4,0.0,0.2748976161272588
7347,shoots 15d protocol a,Random Forest,4,0.0,0.36638371531907243
7471,shoots 15d protocol a,Random Forest,4,0.0,0.2538458562997848
763,shoots 15d protocol a,Random Forest,4,0.25,0.3061732258217972
765,shoots 15d protocol a,Random Forest,4,0.0,0.30716970421113277
772,shoots 15d protocol a,Random Forest,4,0.0,0.25367393492750634
9766,shoots 15d protocol a,Random Forest,4,0.0,0.2928030507719791
430,shoots 15d protocol b,Mean baseline,0,0.0,0.34645189503626234
5837,shoots 15d protocol b,Mean baseline,0,0.0,0.34645189503626234
6903,shoots 15d protocol b,Mean baseline,0,0.6666666666666666,0.34645189503626234
6909,shoots 15d protocol b,Mean baseline,0,0.0,0.34645189503626234
6919,shoots 15d protocol b,Mean baseline,0,0.0,0.34645189503626234
6951,shoots 15d protocol b,Mean baseline,0,0.25,0.34645189503626234
6956,shoots 15d protocol b,Mean baseline,0,0.1666666666666666,0.34645189503626234
6975,shoots 15d protocol b,Mean baseline,0,0.0,0.34645189503626234
6979,shoots 15d protocol b,Mean baseline,0,0.0,0.34645189503626234
6984,shoots 15d protocol b,Mean baseline,0,1.1666666666666667,0.34645189503626234
7096,shoots 15d protocol b,Mean baseline,0,0.0,0.34645189503626234
7103,shoots 15d protocol b,Mean baseline,0,0.0,0.34645189503626234
7106,shoots 15d protocol b,Mean baseline,0,0.0833333333333333,0.34645189503626234
7120,shoots 15d protocol b,Mean baseline,0,0.0,0.34645189503626234
7126,shoots 15d protocol b,Mean baseline,0,0.0,0.34645189503626234
7127,shoots 15d protocol b,Mean baseline,0,0.0,0.34645189503626234
7177,shoots 15d protocol b,Mean baseline,0,0.5,0.34645189503626234
7203,shoots 15d protocol b,Mean baseline,0,0.0,0.34645189503626234
7207,shoots 15d protocol b,Mean baseline,0,4.5,0.34645189503626234
7208,shoots 15d protocol b,Mean baseline,0,0.0,0.34645189503626234
7209,shoots 15d protocol b,Mean baseline,0,0.0,0.34645189503626234
7223,shoots 15d protocol b,Mean baseline,0,0.0,0.34645189503626234
7236,shoots 15d protocol b,Mean baseline,0,0.0,0.34645189503626234
7298,shoots 15d protocol b,Mean baseline,0,0.0,0.34645189503626234
7349,shoots 15d protocol b,Mean baseline,0,0.0,0.34645189503626234
7350,shoots 15d protocol b,Mean baseline,0,0.0,0.34645189503626234
7354,shoots 15d protocol b,Mean baseline,0,0.0,0.34645189503626234
7394,shoots 15d protocol b,Mean baseline,0,0.0,0.34645189503626234
7424,shoots 15d protocol b,Mean baseline,0,0.1666666666666666,0.34645189503626234
7460,shoots 15d protocol b,Mean baseline,0,0.0,0.34645189503626234
7520,shoots 15d protocol b,Mean baseline,0,3.8333333333333335,0.34645189503626234
6908,shoots 15d protocol b,Mean baseline,1,0.25,0.3573654343951019
6924,shoots 15d protocol b,Mean baseline,1,0.0,0.3573654343951019
6926,shoots 15d protocol b,Mean baseline,1,0.1666666666666666,0.3573654343951019
6944,shoots 15d protocol b,Mean baseline,1,0.0833333333333333,0.3573654343951019
6967,shoots 15d protocol b,Mean baseline,1,0.0,0.3573654343951019
6986,shoots 15d protocol b,Mean baseline,1,0.25,0.3573654343951019
6989,shoots 15d protocol b,Mean baseline,1,0.0,0.3573654343951019
7008,shoots 15d protocol b,Mean baseline,1,0.0,0.3573654343951019
7026,shoots 15d protocol b,Mean baseline,1,0.0,0.3573654343951019
7064,shoots 15d protocol b,Mean baseline,1,0.1666666666666666,0.3573654343951019
7092,shoots 15d protocol b,Mean baseline,1,0.0,0.3573654343951019
7107,shoots 15d protocol b,Mean baseline,1,0.0,0.3573654343951019
7109,shoots 15d protocol b,Mean baseline,1,0.1666666666666666,0.3573654343951019
7160,shoots 15d protocol b,Mean baseline,1,0.0,0.3573654343951019
7217,shoots 15d protocol b,Mean baseline,1,1.6666666666666667,0.3573654343951019
7248,shoots 15d protocol b,Mean baseline,1,0.0,0.3573654343951019
7306,shoots 15d protocol b,Mean baseline,1,0.75,0.3573654343951019
7320,shoots 15d protocol b,Mean baseline,1,0.0,0.3573654343951019
7342,shoots 15d protocol b,Mean baseline,1,0.3333333333333333,0.3573654343951019
7356,shoots 15d protocol b,Mean baseline,1,0.0,0.3573654343951019
7383,shoots 15d protocol b,Mean baseline,1,0.0,0.3573654343951019
7387,shoots 15d protocol b,Mean baseline,1,0.0,0.3573654343951019
7416,shoots 15d protocol b,Mean baseline,1,4.75,0.3573654343951019
7430,shoots 15d protocol b,Mean baseline,1,0.0,0.3573654343951019
7515,shoots 15d protocol b,Mean baseline,1,0.0,0.3573654343951019
7523,shoots 15d protocol b,Mean baseline,1,0.0,0.3573654343951019
8214,shoots 15d protocol b,Mean baseline,1,0.0,0.3573654343951019
6898,shoots 15d protocol b,Mean baseline,2,0.0,0.3502534687911726
6915,shoots 15d protocol b,Mean baseline,2,0.0,0.3502534687911726
6959,shoots 15d protocol b,Mean baseline,2,0.0833333333333333,0.3502534687911726
6968,shoots 15d protocol b,Mean baseline,2,0.0,0.3502534687911726
6982,shoots 15d protocol b,Mean baseline,2,0.0,0.3502534687911726
7002,shoots 15d protocol b,Mean baseline,2,0.0,0.3502534687911726
7013,shoots 15d protocol b,Mean baseline,2,0.0,0.3502534687911726
7061,shoots 15d protocol b,Mean baseline,2,0.0,0.3502534687911726
7072,shoots 15d protocol b,Mean baseline,2,0.0,0.3502534687911726
7143,shoots 15d protocol b,Mean baseline,2,0.25,0.3502534687911726
7162,shoots 15d protocol b,Mean baseline,2,0.0,0.3502534687911726
7165,shoots 15d protocol b,Mean baseline,2,0.0,0.3502534687911726
7192,shoots 15d protocol b,Mean baseline,2,0.0,0.3502534687911726
7244,shoots 15d protocol b,Mean baseline,2,0.0,0.3502534687911726
7287,shoots 15d protocol b,Mean baseline,2,0.0,0.3502534687911726
7305,shoots 15d protocol b,Mean baseline,2,0.0,0.3502534687911726
7316,shoots 15d protocol b,Mean baseline,2,2.083333333333333,0.3502534687911726
7333,shoots 15d protocol b,Mean baseline,2,0.0,0.3502534687911726
7353,shoots 15d protocol b,Mean baseline,2,0.0,0.3502534687911726
7384,shoots 15d protocol b,Mean baseline,2,0.0,0.3502534687911726
7404,shoots 15d protocol b,Mean baseline,2,0.5882352941176471,0.3502534687911726
8366,shoots 15d protocol b,Mean baseline,2,0.4166666666666667,0.3502534687911726
9762,shoots 15d protocol b,Mean baseline,2,1.3333333333333333,0.3502534687911726
9764,shoots 15d protocol b,Mean baseline,2,3.6666666666666665,0.3502534687911726
6897,shoots 15d protocol b,Mean baseline,3,0.0,0.3337743719793447
6904,shoots 15d protocol b,Mean baseline,3,0.0,0.3337743719793447
6922,shoots 15d protocol b,Mean baseline,3,0.0454545454545454,0.3337743719793447
6940,shoots 15d protocol b,Mean baseline,3,0.0,0.3337743719793447
6945,shoots 15d protocol b,Mean baseline,3,1.8695652173913044,0.3337743719793447
6958,shoots 15d protocol b,Mean baseline,3,0.1666666666666666,0.3337743719793447
6961,shoots 15d protocol b,Mean baseline,3,0.0,0.3337743719793447
6970,shoots 15d protocol b,Mean baseline,3,0.0,0.3337743719793447
6981,shoots 15d protocol b,Mean baseline,3,0.125,0.3337743719793447
6987,shoots 15d protocol b,Mean baseline,3,3.1666666666666665,0.3337743719793447
6992,shoots 15d protocol b,Mean baseline,3,0.0,0.3337743719793447
6997,shoots 15d protocol b,Mean baseline,3,0.0,0.3337743719793447
7000,shoots 15d protocol b,Mean baseline,3,0.0,0.3337743719793447
7003,shoots 15d protocol b,Mean baseline,3,0.5,0.3337743719793447
7014,shoots 15d protocol b,Mean baseline,3,0.0833333333333333,0.3337743719793447
7025,shoots 15d protocol b,Mean baseline,3,0.0,0.3337743719793447
7028,shoots 15d protocol b,Mean baseline,3,0.0,0.3337743719793447
7031,shoots 15d protocol b,Mean baseline,3,0.0,0.3337743719793447
7036,shoots 15d protocol b,Mean baseline,3,0.05,0.3337743719793447
7062,shoots 15d protocol b,Mean baseline,3,0.1818181818181818,0.3337743719793447
7068,shoots 15d protocol b,Mean baseline,3,0.0,0.3337743719793447
7071,shoots 15d protocol b,Mean baseline,3,0.1666666666666666,0.3337743719793447
7077,shoots 15d protocol b,Mean baseline,3,0.1666666666666666,0.3337743719793447
7102,shoots 15d protocol b,Mean baseline,3,0.4166666666666667,0.3337743719793447
7117,shoots 15d protocol b,Mean baseline,3,0.0,0.3337743719793447
7119,shoots 15d protocol b,Mean baseline,3,0.0,0.3337743719793447
7130,shoots 15d protocol b,Mean baseline,3,0.8333333333333334,0.3337743719793447
7133,shoots 15d protocol b,Mean baseline,3,0.0,0.3337743719793447
7147,shoots 15d protocol b,Mean baseline,3,0.0,0.3337743719793447
7161,shoots 15d protocol b,Mean baseline,3,0.0,0.3337743719793447
7163,shoots 15d protocol b,Mean baseline,3,0.0,0.3337743719793447
7169,shoots 15d protocol b,Mean baseline,3,0.0,0.3337743719793447
7199,shoots 15d protocol b,Mean baseline,3,0.0,0.3337743719793447
7202,shoots 15d protocol b,Mean baseline,3,0.0,0.3337743719793447
7255,shoots 15d protocol b,Mean baseline,3,0.0,0.3337743719793447
7268,shoots 15d protocol b,Mean baseline,3,0.4166666666666667,0.3337743719793447
7276,shoots 15d protocol b,Mean baseline,3,0.0,0.3337743719793447
7282,shoots 15d protocol b,Mean baseline,3,0.5,0.3337743719793447
7314,shoots 15d protocol b,Mean baseline,3,0.0833333333333333,0.3337743719793447
7319,shoots 15d protocol b,Mean baseline,3,0.0833333333333333,0.3337743719793447
7337,shoots 15d protocol b,Mean baseline,3,1.8333333333333333,0.3337743719793447
7343,shoots 15d protocol b,Mean baseline,3,0.0,0.3337743719793447
7344,shoots 15d protocol b,Mean baseline,3,2.333333333333333,0.3337743719793447
7372,shoots 15d protocol b,Mean baseline,3,0.1666666666666666,0.3337743719793447
7378,shoots 15d protocol b,Mean baseline,3,2.9166666666666665,0.3337743719793447
7382,shoots 15d protocol b,Mean baseline,3,0.0,0.3337743719793447
7411,shoots 15d protocol b,Mean baseline,3,0.0,0.3337743719793447
7419,shoots 15d protocol b,Mean baseline,3,4.2727272727272725,0.3337743719793447
7514,shoots 15d protocol b,Mean baseline,3,0.0,0.3337743719793447
8264,shoots 15d protocol b,Mean baseline,3,0.0,0.3337743719793447
8311,shoots 15d protocol b,Mean baseline,3,0.0,0.3337743719793447
8312,shoots 15d protocol b,Mean baseline,3,0.4166666666666667,0.3337743719793447
8337,shoots 15d protocol b,Mean baseline,3,0.0833333333333333,0.3337743719793447
8343,shoots 15d protocol b,Mean baseline,3,0.0,0.3337743719793447
9759,shoots 15d protocol b,Mean baseline,3,0.0,0.3337743719793447
6929,shoots 15d protocol b,Mean baseline,4,0.0,0.35924185288206045
6931,shoots 15d protocol b,Mean baseline,4,2.6666666666666665,0.35924185288206045
6938,shoots 15d protocol b,Mean baseline,4,0.0,0.35924185288206045
6963,shoots 15d protocol b,Mean baseline,4,0.0,0.35924185288206045
7323,shoots 15d protocol b,Mean baseline,4,0.0,0.35924185288206045
7347,shoots 15d protocol b,Mean baseline,4,0.4545454545454545,0.35924185288206045
7471,shoots 15d protocol b,Mean baseline,4,0.0,0.35924185288206045
763,shoots 15d protocol b,Mean baseline,4,0.5833333333333334,0.35924185288206045
765,shoots 15d protocol b,Mean baseline,4,0.0,0.35924185288206045
766,shoots 15d protocol b,Mean baseline,4,0.0,0.35924185288206045
768,shoots 15d protocol b,Mean baseline,4,0.3333333333333333,0.35924185288206045
772,shoots 15d protocol b,Mean baseline,4,0.0,0.35924185288206045
8424,shoots 15d protocol b,Mean baseline,4,0.0,0.35924185288206045
9758,shoots 15d protocol b,Mean baseline,4,0.0,0.35924185288206045
9766,shoots 15d protocol b,Mean baseline,4,0.0,0.35924185288206045
430,shoots 15d protocol b,Elastic Net,0,0.0,0.18926410377025604
5837,shoots 15d protocol b,Elastic Net,0,0.0,0.5635882616043091
6903,shoots 15d protocol b,Elastic Net,0,0.6666666666666666,0.23295733332633972
6909,shoots 15d protocol b,Elastic Net,0,0.0,7.062899589538574
6919,shoots 15d protocol b,Elastic Net,0,0.0,2.323941707611084
6951,shoots 15d protocol b,Elastic Net,0,0.25,0.9198964238166809
6956,shoots 15d protocol b,Elastic Net,0,0.1666666666666666,1.1716842651367188
6975,shoots 15d protocol b,Elastic Net,0,0.0,0.35968971252441406
6979,shoots 15d protocol b,Elastic Net,0,0.0,0.7405313849449158
6984,shoots 15d protocol b,Elastic Net,0,1.1666666666666667,0.5967350006103516
7096,shoots 15d protocol b,Elastic Net,0,0.0,1.0459051132202148
7103,shoots 15d protocol b,Elastic Net,0,0.0,1.2358603477478027
7106,shoots 15d protocol b,Elastic Net,0,0.0833333333333333,0.9341839551925659
7120,shoots 15d protocol b,Elastic Net,0,0.0,0.7415467500686646
7126,shoots 15d protocol b,Elastic Net,0,0.0,0.3326011002063751
7127,shoots 15d protocol b,Elastic Net,0,0.0,0.9458291530609131
7177,shoots 15d protocol b,Elastic Net,0,0.5,1.5442701578140259
7203,shoots 15d protocol b,Elastic Net,0,0.0,1.0376806259155273
7207,shoots 15d protocol b,Elastic Net,0,4.5,1.5439114570617676
7208,shoots 15d protocol b,Elastic Net,0,0.0,7.000871658325195
7209,shoots 15d protocol b,Elastic Net,0,0.0,1.0459051132202148
7223,shoots 15d protocol b,Elastic Net,0,0.0,1.6211872100830078
7236,shoots 15d protocol b,Elastic Net,0,0.0,0.8539130091667175
7298,shoots 15d protocol b,Elastic Net,0,0.0,0.9328842163085938
7349,shoots 15d protocol b,Elastic Net,0,0.0,0.9770734310150146
7350,shoots 15d protocol b,Elastic Net,0,0.0,0.9778756499290466
7354,shoots 15d protocol b,Elastic Net,0,0.0,2.217115879058838
7394,shoots 15d protocol b,Elastic Net,0,0.0,1.6399585008621216
7424,shoots 15d protocol b,Elastic Net,0,0.1666666666666666,0.3852788507938385
7460,shoots 15d protocol b,Elastic Net,0,0.0,1.2358603477478027
7520,shoots 15d protocol b,Elastic Net,0,3.8333333333333335,2.110475540161133
6908,shoots 15d protocol b,Elastic Net,1,0.25,0.2443566918373108
6924,shoots 15d protocol b,Elastic Net,1,0.0,-0.08608996868133545
6926,shoots 15d protocol b,Elastic Net,1,0.1666666666666666,0.641328752040863
6944,shoots 15d protocol b,Elastic Net,1,0.0833333333333333,0.3403369188308716
6967,shoots 15d protocol b,Elastic Net,1,0.0,0.33161216974258423
6986,shoots 15d protocol b,Elastic Net,1,0.25,0.437958687543869
6989,shoots 15d protocol b,Elastic Net,1,0.0,0.20897826552391052
7008,shoots 15d protocol b,Elastic Net,1,0.0,0.19302412867546082
7026,shoots 15d protocol b,Elastic Net,1,0.0,0.17545172572135925
7064,shoots 15d protocol b,Elastic Net,1,0.1666666666666666,0.052178263664245605
7092,shoots 15d protocol b,Elastic Net,1,0.0,0.046055763959884644
7107,shoots 15d protocol b,Elastic Net,1,0.0,0.25571662187576294
7109,shoots 15d protocol b,Elastic Net,1,0.1666666666666666,0.5318812131881714
7160,shoots 15d protocol b,Elastic Net,1,0.0,0.5492458343505859
7217,shoots 15d protocol b,Elastic Net,1,1.6666666666666667,0.046187907457351685
7248,shoots 15d protocol b,Elastic Net,1,0.0,0.5492458343505859
7306,shoots 15d protocol b,Elastic Net,1,0.75,0.06538611650466919
7320,shoots 15d protocol b,Elastic Net,1,0.0,0.3851528763771057
7342,shoots 15d protocol b,Elastic Net,1,0.3333333333333333,0.6993175745010376
7356,shoots 15d protocol b,Elastic Net,1,0.0,0.5545215606689453
7383,shoots 15d protocol b,Elastic Net,1,0.0,0.16816511750221252
7387,shoots 15d protocol b,Elastic Net,1,0.0,0.016805261373519897
7416,shoots 15d protocol b,Elastic Net,1,4.75,-0.242698073387146
7430,shoots 15d protocol b,Elastic Net,1,0.0,0.4637797772884369
7515,shoots 15d protocol b,Elastic Net,1,0.0,0.5492458343505859
7523,shoots 15d protocol b,Elastic Net,1,0.0,0.46032387018203735
8214,shoots 15d protocol b,Elastic Net,1,0.0,1.8879806995391846
6898,shoots 15d protocol b,Elastic Net,2,0.0,0.2917681634426117
6915,shoots 15d protocol b,Elastic Net,2,0.0,0.44940054416656494
6959,shoots 15d protocol b,Elastic Net,2,0.0833333333333333,1.4914913177490234
6968,shoots 15d protocol b,Elastic Net,2,0.0,1.2769168615341187
6982,shoots 15d protocol b,Elastic Net,2,0.0,2.234273910522461
7002,shoots 15d protocol b,Elastic Net,2,0.0,0.41987794637680054
7013,shoots 15d protocol b,Elastic Net,2,0.0,0.08789017796516418
7061,shoots 15d protocol b,Elastic Net,2,0.0,0.8119350671768188
7072,shoots 15d protocol b,Elastic Net,2,0.0,1.7844644784927368
7143,shoots 15d protocol b,Elastic Net,2,0.25,1.144357681274414
7162,shoots 15d protocol b,Elastic Net,2,0.0,-0.08289828896522522
7165,shoots 15d protocol b,Elastic Net,2,0.0,1.2523088455200195
7192,shoots 15d protocol b,Elastic Net,2,0.0,1.0587722063064575
7244,shoots 15d protocol b,Elastic Net,2,0.0,2.0539798736572266
7287,shoots 15d protocol b,Elastic Net,2,0.0,0.3301517367362976
7305,shoots 15d protocol b,Elastic Net,2,0.0,-0.16602212190628052
7316,shoots 15d protocol b,Elastic Net,2,2.083333333333333,0.5246211290359497
7333,shoots 15d protocol b,Elastic Net,2,0.0,1.5121225118637085
7353,shoots 15d protocol b,Elastic Net,2,0.0,0.3590087294578552
7384,shoots 15d protocol b,Elastic Net,2,0.0,0.9301272630691528
7404,shoots 15d protocol b,Elastic Net,2,0.5882352941176471,0.878151535987854
8366,shoots 15d protocol b,Elastic Net,2,0.4166666666666667,0.6007795929908752
9762,shoots 15d protocol b,Elastic Net,2,1.3333333333333333,-0.008607715368270874
9764,shoots 15d protocol b,Elastic Net,2,3.6666666666666665,0.8517173528671265
6897,shoots 15d protocol b,Elastic Net,3,0.0,-0.18167081475257874
6904,shoots 15d protocol b,Elastic Net,3,0.0,0.5670263171195984
6922,shoots 15d protocol b,Elastic Net,3,0.0454545454545454,0.3845751881599426
6940,shoots 15d protocol b,Elastic Net,3,0.0,0.8376071453094482
6945,shoots 15d protocol b,Elastic Net,3,1.8695652173913044,-0.1678011119365692
6958,shoots 15d protocol b,Elastic Net,3,0.1666666666666666,2.2664425373077393
6961,shoots 15d protocol b,Elastic Net,3,0.0,0.3523353338241577
6970,shoots 15d protocol b,Elastic Net,3,0.0,1.2483983039855957
6981,shoots 15d protocol b,Elastic Net,3,0.125,0.09117373824119568
6987,shoots 15d protocol b,Elastic Net,3,3.1666666666666665,2.461923599243164
6992,shoots 15d protocol b,Elastic Net,3,0.0,0.20300275087356567
6997,shoots 15d protocol b,Elastic Net,3,0.0,-0.35114786028862
7000,shoots 15d protocol b,Elastic Net,3,0.0,0.47159653902053833
7003,shoots 15d protocol b,Elastic Net,3,0.5,0.16741123795509338
7014,shoots 15d protocol b,Elastic Net,3,0.0833333333333333,0.17488014698028564
7025,shoots 15d protocol b,Elastic Net,3,0.0,2.145174503326416
7028,shoots 15d protocol b,Elastic Net,3,0.0,0.7927788496017456
7031,shoots 15d protocol b,Elastic Net,3,0.0,0.5670667886734009
7036,shoots 15d protocol b,Elastic Net,3,0.05,1.1400060653686523
7062,shoots 15d protocol b,Elastic Net,3,0.1818181818181818,1.2876484394073486
7068,shoots 15d protocol b,Elastic Net,3,0.0,0.901329517364502
7071,shoots 15d protocol b,Elastic Net,3,0.1666666666666666,1.6056933403015137
7077,shoots 15d protocol b,Elastic Net,3,0.1666666666666666,1.594425916671753
7102,shoots 15d protocol b,Elastic Net,3,0.4166666666666667,0.3651105761528015
7117,shoots 15d protocol b,Elastic Net,3,0.0,2.468238592147827
7119,shoots 15d protocol b,Elastic Net,3,0.0,2.287109851837158
7130,shoots 15d protocol b,Elastic Net,3,0.8333333333333334,0.13689009845256805
7133,shoots 15d protocol b,Elastic Net,3,0.0,-0.23696503043174744
7147,shoots 15d protocol b,Elastic Net,3,0.0,0.28990811109542847
7161,shoots 15d protocol b,Elastic Net,3,0.0,0.10087378323078156
7163,shoots 15d protocol b,Elastic Net,3,0.0,1.1975040435791016
7169,shoots 15d protocol b,Elastic Net,3,0.0,0.7587482929229736
7199,shoots 15d protocol b,Elastic Net,3,0.0,0.3141479790210724
7202,shoots 15d protocol b,Elastic Net,3,0.0,0.3141479790210724
7255,shoots 15d protocol b,Elastic Net,3,0.0,0.2623133659362793
7268,shoots 15d protocol b,Elastic Net,3,0.4166666666666667,0.3987289369106293
7276,shoots 15d protocol b,Elastic Net,3,0.0,2.2945005893707275
7282,shoots 15d protocol b,Elastic Net,3,0.5,1.4804404973983765
7314,shoots 15d protocol b,Elastic Net,3,0.0833333333333333,0.09117373824119568
7319,shoots 15d protocol b,Elastic Net,3,0.0833333333333333,0.5271341800689697
7337,shoots 15d protocol b,Elastic Net,3,1.8333333333333333,0.3119871914386749
7343,shoots 15d protocol b,Elastic Net,3,0.0,0.579076886177063
7344,shoots 15d protocol b,Elastic Net,3,2.333333333333333,1.2092150449752808
7372,shoots 15d protocol b,Elastic Net,3,0.1666666666666666,0.2834499776363373
7378,shoots 15d protocol b,Elastic Net,3,2.9166666666666665,0.8582127094268799
7382,shoots 15d protocol b,Elastic Net,3,0.0,0.9567520618438721
7411,shoots 15d protocol b,Elastic Net,3,0.0,0.268003910779953
7419,shoots 15d protocol b,Elastic Net,3,4.2727272727272725,1.2907260656356812
7514,shoots 15d protocol b,Elastic Net,3,0.0,0.4355678856372833
8264,shoots 15d protocol b,Elastic Net,3,0.0,1.7569271326065063
8311,shoots 15d protocol b,Elastic Net,3,0.0,0.48051419854164124
8312,shoots 15d protocol b,Elastic Net,3,0.4166666666666667,0.1804227977991104
8337,shoots 15d protocol b,Elastic Net,3,0.0833333333333333,-0.0935983657836914
8343,shoots 15d protocol b,Elastic Net,3,0.0,1.1520462036132812
9759,shoots 15d protocol b,Elastic Net,3,0.0,0.7104905843734741
6929,shoots 15d protocol b,Elastic Net,4,0.0,-0.2931414246559143
6931,shoots 15d protocol b,Elastic Net,4,2.6666666666666665,0.5164865255355835
6938,shoots 15d protocol b,Elastic Net,4,0.0,-0.46124017238616943
6963,shoots 15d protocol b,Elastic Net,4,0.0,-0.3256441354751587
7323,shoots 15d protocol b,Elastic Net,4,0.0,-0.17361187934875488
7347,shoots 15d protocol b,Elastic Net,4,0.4545454545454545,0.1430625319480896
7471,shoots 15d protocol b,Elastic Net,4,0.0,0.46912682056427
763,shoots 15d protocol b,Elastic Net,4,0.5833333333333334,-0.36548709869384766
765,shoots 15d protocol b,Elastic Net,4,0.0,0.2253967523574829
766,shoots 15d protocol b,Elastic Net,4,0.0,0.418226420879364
768,shoots 15d protocol b,Elastic Net,4,0.3333333333333333,0.05530717968940735
772,shoots 15d protocol b,Elastic Net,4,0.0,0.047451168298721313
8424,shoots 15d protocol b,Elastic Net,4,0.0,0.55721116065979
9758,shoots 15d protocol b,Elastic Net,4,0.0,0.21001681685447693
9766,shoots 15d protocol b,Elastic Net,4,0.0,-0.05783724784851074
430,shoots 15d protocol b,Kernel Ridge,0,0.0,0.00045154723273688625
5837,shoots 15d protocol b,Kernel Ridge,0,0.0,0.0005902853771070798
6903,shoots 15d protocol b,Kernel Ridge,0,0.6666666666666666,0.00037293016508521475
6909,shoots 15d protocol b,Kernel Ridge,0,0.0,6.238578791217226e-07
6919,shoots 15d protocol b,Kernel Ridge,0,0.0,0.0005615520920978253
6951,shoots 15d protocol b,Kernel Ridge,0,0.25,0.0005487741544694372
6956,shoots 15d protocol b,Kernel Ridge,0,0.1666666666666666,0.00047664006292109527
6975,shoots 15d protocol b,Kernel Ridge,0,0.0,0.0008105592630133846
6979,shoots 15d protocol b,Kernel Ridge,0,0.0,0.0012784281227030201
6984,shoots 15d protocol b,Kernel Ridge,0,1.1666666666666667,0.0003137143811082247
7096,shoots 15d protocol b,Kernel Ridge,0,0.0,0.0003897203880397434
7103,shoots 15d protocol b,Kernel Ridge,0,0.0,0.00026680619579342435
7106,shoots 15d protocol b,Kernel Ridge,0,0.0833333333333333,0.0008534193914759144
7120,shoots 15d protocol b,Kernel Ridge,0,0.0,0.0011562504321773492
7126,shoots 15d protocol b,Kernel Ridge,0,0.0,0.0005346730575703488
7127,shoots 15d protocol b,Kernel Ridge,0,0.0,0.0003546975169917827
7177,shoots 15d protocol b,Kernel Ridge,0,0.5,0.000825253430422103
7203,shoots 15d protocol b,Kernel Ridge,0,0.0,0.00018686697198905578
7207,shoots 15d protocol b,Kernel Ridge,0,4.5,0.0007703777864042206
7208,shoots 15d protocol b,Kernel Ridge,0,0.0,9.623878983266678e-07
7209,shoots 15d protocol b,Kernel Ridge,0,0.0,0.00038770710828449486
7223,shoots 15d protocol b,Kernel Ridge,0,0.0,0.0006077218639236046
7236,shoots 15d protocol b,Kernel Ridge,0,0.0,0.0007124874822859003
7298,shoots 15d protocol b,Kernel Ridge,0,0.0,0.0008382646344664154
7349,shoots 15d protocol b,Kernel Ridge,0,0.0,0.0002083492560134786
7350,shoots 15d protocol b,Kernel Ridge,0,0.0,0.00022369238587136307
7354,shoots 15d protocol b,Kernel Ridge,0,0.0,0.0009215687478754586
7394,shoots 15d protocol b,Kernel Ridge,0,0.0,0.0007246851075942433
7424,shoots 15d protocol b,Kernel Ridge,0,0.1666666666666666,0.0005159479801499588
7460,shoots 15d protocol b,Kernel Ridge,0,0.0,0.0002563210389013268
7520,shoots 15d protocol b,Kernel Ridge,0,3.8333333333333335,0.00038955725872348514
6908,shoots 15d protocol b,Kernel Ridge,1,0.25,0.0006576453290714332
6924,shoots 15d protocol b,Kernel Ridge,1,0.0,0.0003765590533434674
6926,shoots 15d protocol b,Kernel Ridge,1,0.1666666666666666,0.0005840184822120627
6944,shoots 15d protocol b,Kernel Ridge,1,0.0833333333333333,0.0005146732879819455
6967,shoots 15d protocol b,Kernel Ridge,1,0.0,0.00032275090113339963
6986,shoots 15d protocol b,Kernel Ridge,1,0.25,0.0004501338416973866
6989,shoots 15d protocol b,Kernel Ridge,1,0.0,0.0006852265826865498
7008,shoots 15d protocol b,Kernel Ridge,1,0.0,0.0007593835539172177
7026,shoots 15d protocol b,Kernel Ridge,1,0.0,0.0006836053607124363
7064,shoots 15d protocol b,Kernel Ridge,1,0.1666666666666666,0.000402897941244394
7092,shoots 15d protocol b,Kernel Ridge,1,0.0,0.0007615289557949153
7107,shoots 15d protocol b,Kernel Ridge,1,0.0,0.001010303385034064
7109,shoots 15d protocol b,Kernel Ridge,1,0.1666666666666666,0.00045394894705786233
7160,shoots 15d protocol b,Kernel Ridge,1,0.0,0.000444366413358552
7217,shoots 15d protocol b,Kernel Ridge,1,1.6666666666666667,0.0006359242490704233
7248,shoots 15d protocol b,Kernel Ridge,1,0.0,0.0004489421117721673
7306,shoots 15d protocol b,Kernel Ridge,1,0.75,0.0005545393982705407
7320,shoots 15d protocol b,Kernel Ridge,1,0.0,0.00041668292682564594
7342,shoots 15d protocol b,Kernel Ridge,1,0.3333333333333333,0.0008804602160783683
7356,shoots 15d protocol b,Kernel Ridge,1,0.0,0.00044792122839873444
7383,shoots 15d protocol b,Kernel Ridge,1,0.0,0.0006588142961666998
7387,shoots 15d protocol b,Kernel Ridge,1,0.0,0.0007478019250228252
7416,shoots 15d protocol b,Kernel Ridge,1,4.75,0.0007480141247528999
7430,shoots 15d protocol b,Kernel Ridge,1,0.0,0.0012412431240827109
7515,shoots 15d protocol b,Kernel Ridge,1,0.0,0.00044891541088959143
7523,shoots 15d protocol b,Kernel Ridge,1,0.0,0.0003615223844317482
8214,shoots 15d protocol b,Kernel Ridge,1,0.0,0.0003715428500414101
6898,shoots 15d protocol b,Kernel Ridge,2,0.0,0.0009656159537666548
6915,shoots 15d protocol b,Kernel Ridge,2,0.0,0.0008761760946282848
6959,shoots 15d protocol b,Kernel Ridge,2,0.0833333333333333,0.00048565688763634144
6968,shoots 15d protocol b,Kernel Ridge,2,0.0,0.0005174610452727531
6982,shoots 15d protocol b,Kernel Ridge,2,0.0,0.0005649390982085107
7002,shoots 15d protocol b,Kernel Ridge,2,0.0,0.0002807219718533306
7013,shoots 15d protocol b,Kernel Ridge,2,0.0,0.0010833561840656275
7061,shoots 15d protocol b,Kernel Ridge,2,0.0,0.0003498994047282523
7072,shoots 15d protocol b,Kernel Ridge,2,0.0,0.0009312990547349993
7143,shoots 15d protocol b,Kernel Ridge,2,0.25,0.00037901737124659634
7162,shoots 15d protocol b,Kernel Ridge,2,0.0,0.0007614670985951384
7165,shoots 15d protocol b,Kernel Ridge,2,0.0,0.0005187986523406654
7192,shoots 15d protocol b,Kernel Ridge,2,0.0,0.0014175028551124795
7244,shoots 15d protocol b,Kernel Ridge,2,0.0,0.00033381341505881265
7287,shoots 15d protocol b,Kernel Ridge,2,0.0,0.000770447524211204
7305,shoots 15d protocol b,Kernel Ridge,2,0.0,0.00033968573360202965
7316,shoots 15d protocol b,Kernel Ridge,2,2.083333333333333,0.0007862939684664849
7333,shoots 15d protocol b,Kernel Ridge,2,0.0,0.001421176332133363
7353,shoots 15d protocol b,Kernel Ridge,2,0.0,0.0003717913694436392
7384,shoots 15d protocol b,Kernel Ridge,2,0.0,0.001632538685953303
7404,shoots 15d protocol b,Kernel Ridge,2,0.5882352941176471,0.0011652278843158378
8366,shoots 15d protocol b,Kernel Ridge,2,0.4166666666666667,0.0007706403309570341
9762,shoots 15d protocol b,Kernel Ridge,2,1.3333333333333333,0.00014458430740753287
9764,shoots 15d protocol b,Kernel Ridge,2,3.6666666666666665,0.00011455150097432362
6897,shoots 15d protocol b,Kernel Ridge,3,0.0,0.0008563226923259375
6904,shoots 15d protocol b,Kernel Ridge,3,0.0,0.0005530742623746804
6922,shoots 15d protocol b,Kernel Ridge,3,0.0454545454545454,0.0005690745528393012
6940,shoots 15d protocol b,Kernel Ridge,3,0.0,0.0005367797367803918
6945,shoots 15d protocol b,Kernel Ridge,3,1.8695652173913044,0.000791253311054139
6958,shoots 15d protocol b,Kernel Ridge,3,0.1666666666666666,0.00033682556957912964
6961,shoots 15d protocol b,Kernel Ridge,3,0.0,0.00023277246857620026
6970,shoots 15d protocol b,Kernel Ridge,3,0.0,0.0003488596659904862
6981,shoots 15d protocol b,Kernel Ridge,3,0.125,0.0007852123763512641
6987,shoots 15d protocol b,Kernel Ridge,3,3.1666666666666665,0.00032654171446407673
6992,shoots 15d protocol b,Kernel Ridge,3,0.0,0.00039647126729084995
6997,shoots 15d protocol b,Kernel Ridge,3,0.0,0.00031693731610899737
7000,shoots 15d protocol b,Kernel Ridge,3,0.0,0.0003721625156162288
7003,shoots 15d protocol b,Kernel Ridge,3,0.5,0.0003473508051071823
7014,shoots 15d protocol b,Kernel Ridge,3,0.0833333333333333,0.0005345117939041462
7025,shoots 15d protocol b,Kernel Ridge,3,0.0,0.0010424100805022489
7028,shoots 15d protocol b,Kernel Ridge,3,0.0,0.0007022360836316754
7031,shoots 15d protocol b,Kernel Ridge,3,0.0,0.0006579604790635562
7036,shoots 15d protocol b,Kernel Ridge,3,0.05,0.0006337346163199941
7062,shoots 15d protocol b,Kernel Ridge,3,0.1818181818181818,0.0003789358599212867
7068,shoots 15d protocol b,Kernel Ridge,3,0.0,0.0007753213888935855
7071,shoots 15d protocol b,Kernel Ridge,3,0.1666666666666666,0.00039231179864939017
7077,shoots 15d protocol b,Kernel Ridge,3,0.1666666666666666,0.00030347535129888694
7102,shoots 15d protocol b,Kernel Ridge,3,0.4166666666666667,0.0004294163880695502
7117,shoots 15d protocol b,Kernel Ridge,3,0.0,0.0003801662292791561
7119,shoots 15d protocol b,Kernel Ridge,3,0.0,0.00033967674434908765
7130,shoots 15d protocol b,Kernel Ridge,3,0.8333333333333334,0.0004077616847251149
7133,shoots 15d protocol b,Kernel Ridge,3,0.0,0.00034841267631712344
7147,shoots 15d protocol b,Kernel Ridge,3,0.0,0.0007440618113050636
7161,shoots 15d protocol b,Kernel Ridge,3,0.0,0.00022033018771721905
7163,shoots 15d protocol b,Kernel Ridge,3,0.0,0.0007190418775503329
7169,shoots 15d protocol b,Kernel Ridge,3,0.0,0.0002066552110382061
7199,shoots 15d protocol b,Kernel Ridge,3,0.0,9.740400457544155e-05
7202,shoots 15d protocol b,Kernel Ridge,3,0.0,9.83881109778875e-05
7255,shoots 15d protocol b,Kernel Ridge,3,0.0,0.0008173825168844174
7268,shoots 15d protocol b,Kernel Ridge,3,0.4166666666666667,0.001150547519513988
7276,shoots 15d protocol b,Kernel Ridge,3,0.0,0.0009474188071149377
7282,shoots 15d protocol b,Kernel Ridge,3,0.5,0.00032351811789268207
7314,shoots 15d protocol b,Kernel Ridge,3,0.0833333333333333,0.0007794870478429213
7319,shoots 15d protocol b,Kernel Ridge,3,0.0833333333333333,0.0004873550790277663
7337,shoots 15d protocol b,Kernel Ridge,3,1.8333333333333333,0.0003977587908363772
7343,shoots 15d protocol b,Kernel Ridge,3,0.0,0.002031179106998366
7344,shoots 15d protocol b,Kernel Ridge,3,2.333333333333333,0.0006421992660073128
7372,shoots 15d protocol b,Kernel Ridge,3,0.1666666666666666,0.0009092684636902039
7378,shoots 15d protocol b,Kernel Ridge,3,2.9166666666666665,0.0006266880322654354
7382,shoots 15d protocol b,Kernel Ridge,3,0.0,0.0003919868136210823
7411,shoots 15d protocol b,Kernel Ridge,3,0.0,0.0009670046523455127
7419,shoots 15d protocol b,Kernel Ridge,3,4.2727272727272725,0.0005825143110605801
7514,shoots 15d protocol b,Kernel Ridge,3,0.0,0.0012629805558288512
8264,shoots 15d protocol b,Kernel Ridge,3,0.0,0.00049633830304845
8311,shoots 15d protocol b,Kernel Ridge,3,0.0,0.0010148826168940928
8312,shoots 15d protocol b,Kernel Ridge,3,0.4166666666666667,0.0005116437120244787
8337,shoots 15d protocol b,Kernel Ridge,3,0.0833333333333333,0.0005805367500391405
8343,shoots 15d protocol b,Kernel Ridge,3,0.0,0.00039871689993811147
9759,shoots 15d protocol b,Kernel Ridge,3,0.0,0.0006744835567993304
6929,shoots 15d protocol b,Kernel Ridge,4,0.0,5.149077393728832e-05
6931,shoots 15d protocol b,Kernel Ridge,4,2.6666666666666665,0.0002835542714369663
6938,shoots 15d protocol b,Kernel Ridge,4,0.0,8.189406134025071e-05
6963,shoots 15d protocol b,Kernel Ridge,4,0.0,9.949442591163538e-05
7323,shoots 15d protocol b,Kernel Ridge,4,0.0,0.00014036420654312223
7347,shoots 15d protocol b,Kernel Ridge,4,0.4545454545454545,0.00020166470208072044
7471,shoots 15d protocol b,Kernel Ridge,4,0.0,0.0003883557460838364
763,shoots 15d protocol b,Kernel Ridge,4,0.5833333333333334,7.437095888838962e-05
765,shoots 15d protocol b,Kernel Ridge,4,0.0,5.827197872628889e-05
766,shoots 15d protocol b,Kernel Ridge,4,0.0,5.131556086289012e-05
768,shoots 15d protocol b,Kernel Ridge,4,0.3333333333333333,4.4675663356065047e-05
772,shoots 15d protocol b,Kernel Ridge,4,0.0,4.878656883188779e-05
8424,shoots 15d protocol b,Kernel Ridge,4,0.0,9.280270405223545e-05
9758,shoots 15d protocol b,Kernel Ridge,4,0.0,0.00022380687899690164
9766,shoots 15d protocol b,Kernel Ridge,4,0.0,7.65223193841894e-05
430,shoots 15d protocol b,Random Forest,0,0.0,0.31775643375817575
5837,shoots 15d protocol b,Random Forest,0,0.0,0.375625809787683
6903,shoots 15d protocol b,Random Forest,0,0.6666666666666666,0.38962933410679185
6909,shoots 15d protocol b,Random Forest,0,0.0,0.3635590516051112
6919,shoots 15d protocol b,Random Forest,0,0.0,0.9575490997658401
6951,shoots 15d protocol b,Random Forest,0,0.25,0.5401296899277537
6956,shoots 15d protocol b,Random Forest,0,0.1666666666666666,0.5699231515434454
6975,shoots 15d protocol b,Random Forest,0,0.0,0.6523824403821092
6979,shoots 15d protocol b,Random Forest,0,0.0,0.5018387669957789
6984,shoots 15d protocol b,Random Forest,0,1.1666666666666667,0.5356308985478448
7096,shoots 15d protocol b,Random Forest,0,0.0,0.6371065121410682
7103,shoots 15d protocol b,Random Forest,0,0.0,0.46543911055465037
7106,shoots 15d protocol b,Random Forest,0,0.0833333333333333,0.8687874649118718
7120,shoots 15d protocol b,Random Forest,0,0.0,0.8093265962192867
7126,shoots 15d protocol b,Random Forest,0,0.0,0.3823087196664108
7127,shoots 15d protocol b,Random Forest,0,0.0,0.5956702711830008
7177,shoots 15d protocol b,Random Forest,0,0.5,0.9435986315841061
7203,shoots 15d protocol b,Random Forest,0,0.0,0.9550882008804913
7207,shoots 15d protocol b,Random Forest,0,4.5,0.6587253130816499
7208,shoots 15d protocol b,Random Forest,0,0.0,0.3454890842956139
7209,shoots 15d protocol b,Random Forest,0,0.0,0.643594390928947
7223,shoots 15d protocol b,Random Forest,0,0.0,0.8498019150385223
7236,shoots 15d protocol b,Random Forest,0,0.0,0.5950048552506682
7298,shoots 15d protocol b,Random Forest,0,0.0,0.8716224260158515
7349,shoots 15d protocol b,Random Forest,0,0.0,0.6437806156476246
7350,shoots 15d protocol b,Random Forest,0,0.0,0.6390351499967178
7354,shoots 15d protocol b,Random Forest,0,0.0,0.5472871035838858
7394,shoots 15d protocol b,Random Forest,0,0.0,0.6001884301367452
7424,shoots 15d protocol b,Random Forest,0,0.1666666666666666,0.4604596466514208
7460,shoots 15d protocol b,Random Forest,0,0.0,0.46543911055465037
7520,shoots 15d protocol b,Random Forest,0,3.8333333333333335,0.4621095321604906
6908,shoots 15d protocol b,Random Forest,1,0.25,0.452656456890178
6924,shoots 15d protocol b,Random Forest,1,0.0,0.396710433922547
6926,shoots 15d protocol b,Random Forest,1,0.1666666666666666,0.548274473134205
6944,shoots 15d protocol b,Random Forest,1,0.0833333333333333,0.30436019707445805
6967,shoots 15d protocol b,Random Forest,1,0.0,0.4736801565158344
6986,shoots 15d protocol b,Random Forest,1,0.25,0.5206992894151177
6989,shoots 15d protocol b,Random Forest,1,0.0,0.43164532480756895
7008,shoots 15d protocol b,Random Forest,1,0.0,0.4984678722648477
7026,shoots 15d protocol b,Random Forest,1,0.0,0.3454773806755905
7064,shoots 15d protocol b,Random Forest,1,0.1666666666666666,0.42683952070438314
7092,shoots 15d protocol b,Random Forest,1,0.0,0.4673317685363563
7107,shoots 15d protocol b,Random Forest,1,0.0,0.5194686316017202
7109,shoots 15d protocol b,Random Forest,1,0.1666666666666666,0.5259240368898651
7160,shoots 15d protocol b,Random Forest,1,0.0,0.41971349369110433
7217,shoots 15d protocol b,Random Forest,1,1.6666666666666667,0.4554912840109889
7248,shoots 15d protocol b,Random Forest,1,0.0,0.424180160357771
7306,shoots 15d protocol b,Random Forest,1,0.75,0.5185419297007337
7320,shoots 15d protocol b,Random Forest,1,0.0,0.4261058550901891
7342,shoots 15d protocol b,Random Forest,1,0.3333333333333333,0.42743007810106914
7356,shoots 15d protocol b,Random Forest,1,0.0,0.3896184842709991
7383,shoots 15d protocol b,Random Forest,1,0.0,0.37765297362578665
7387,shoots 15d protocol b,Random Forest,1,0.0,0.37143057679266045
7416,shoots 15d protocol b,Random Forest,1,4.75,0.32292506787323866
7430,shoots 15d protocol b,Random Forest,1,0.0,0.3688665109104685
7515,shoots 15d protocol b,Random Forest,1,0.0,0.424180160357771
7523,shoots 15d protocol b,Random Forest,1,0.0,0.43648030825199857
8214,shoots 15d protocol b,Random Forest,1,0.0,0.5992347189837729
6898,shoots 15d protocol b,Random Forest,2,0.0,0.32889873817936555
6915,shoots 15d protocol b,Random Forest,2,0.0,0.44395048333894205
6959,shoots 15d protocol b,Random Forest,2,0.0833333333333333,0.6813604323158168
6968,shoots 15d protocol b,Random Forest,2,0.0,0.8033205110820234
6982,shoots 15d protocol b,Random Forest,2,0.0,0.8536626978542241
7002,shoots 15d protocol b,Random Forest,2,0.0,0.6816829480006156
7013,shoots 15d protocol b,Random Forest,2,0.0,0.40434385371929343
7061,shoots 15d protocol b,Random Forest,2,0.0,0.6196151519025184
7072,shoots 15d protocol b,Random Forest,2,0.0,0.7890936031902877
7143,shoots 15d protocol b,Random Forest,2,0.25,0.7519223825636371
7162,shoots 15d protocol b,Random Forest,2,0.0,0.507728654923981
7165,shoots 15d protocol b,Random Forest,2,0.0,0.8318871622540102
7192,shoots 15d protocol b,Random Forest,2,0.0,0.5481646813646017
7244,shoots 15d protocol b,Random Forest,2,0.0,1.053370920740436
7287,shoots 15d protocol b,Random Forest,2,0.0,0.32998309698005845
7305,shoots 15d protocol b,Random Forest,2,0.0,0.3863728616391655
7316,shoots 15d protocol b,Random Forest,2,2.083333333333333,0.5911854425014305
7333,shoots 15d protocol b,Random Forest,2,0.0,0.7022714552355854
7353,shoots 15d protocol b,Random Forest,2,0.0,0.6743586095402554
7384,shoots 15d protocol b,Random Forest,2,0.0,0.6079664649435251
7404,shoots 15d protocol b,Random Forest,2,0.5882352941176471,0.6133759078361248
8366,shoots 15d protocol b,Random Forest,2,0.4166666666666667,0.546176886692396
9762,shoots 15d protocol b,Random Forest,2,1.3333333333333333,0.6324166986636554
9764,shoots 15d protocol b,Random Forest,2,3.6666666666666665,0.6920889877554004
6897,shoots 15d protocol b,Random Forest,3,0.0,0.3624439488047107
6904,shoots 15d protocol b,Random Forest,3,0.0,0.33601078537475587
6922,shoots 15d protocol b,Random Forest,3,0.0454545454545454,0.6212591174348525
6940,shoots 15d protocol b,Random Forest,3,0.0,0.6462288327957442
6945,shoots 15d protocol b,Random Forest,3,1.8695652173913044,0.5503055640437997
6958,shoots 15d protocol b,Random Forest,3,0.1666666666666666,0.7079352619330557
6961,shoots 15d protocol b,Random Forest,3,0.0,0.7291917761432467
6970,shoots 15d protocol b,Random Forest,3,0.0,0.6118852939544114
6981,shoots 15d protocol b,Random Forest,3,0.125,0.537648953631039
6987,shoots 15d protocol b,Random Forest,3,3.1666666666666665,0.7179612699120052
6992,shoots 15d protocol b,Random Forest,3,0.0,0.49801354323780794
6997,shoots 15d protocol b,Random Forest,3,0.0,0.5280733730866083
7000,shoots 15d protocol b,Random Forest,3,0.0,0.4036246730096996
7003,shoots 15d protocol b,Random Forest,3,0.5,0.3589047958577371
7014,shoots 15d protocol b,Random Forest,3,0.0833333333333333,0.3963995462326349
7025,shoots 15d protocol b,Random Forest,3,0.0,0.5266899269303678
7028,shoots 15d protocol b,Random Forest,3,0.0,0.45135449989453996
7031,shoots 15d protocol b,Random Forest,3,0.0,0.3316917876241404
7036,shoots 15d protocol b,Random Forest,3,0.05,0.483661111111111
7062,shoots 15d protocol b,Random Forest,3,0.1818181818181818,0.4650616083807262
7068,shoots 15d protocol b,Random Forest,3,0.0,0.4011827743310366
7071,shoots 15d protocol b,Random Forest,3,0.1666666666666666,0.4864459263503379
7077,shoots 15d protocol b,Random Forest,3,0.1666666666666666,0.7247399331036367
7102,shoots 15d protocol b,Random Forest,3,0.4166666666666667,0.3286939926062253
7117,shoots 15d protocol b,Random Forest,3,0.0,0.691647656727804
7119,shoots 15d protocol b,Random Forest,3,0.0,0.7103140837648189
7130,shoots 15d protocol b,Random Forest,3,0.8333333333333334,0.31574255616387986
7133,shoots 15d protocol b,Random Forest,3,0.0,0.3557910502079619
7147,shoots 15d protocol b,Random Forest,3,0.0,0.37086004425857344
7161,shoots 15d protocol b,Random Forest,3,0.0,0.38470086171750606
7163,shoots 15d protocol b,Random Forest,3,0.0,0.43510240924652643
7169,shoots 15d protocol b,Random Forest,3,0.0,0.42685690624734735
7199,shoots 15d protocol b,Random Forest,3,0.0,0.6221837029256141
7202,shoots 15d protocol b,Random Forest,3,0.0,0.6203958241377352
7255,shoots 15d protocol b,Random Forest,3,0.0,0.48706902286166975
7268,shoots 15d protocol b,Random Forest,3,0.4166666666666667,0.4519566864211247
7276,shoots 15d protocol b,Random Forest,3,0.0,0.5712243308434481
7282,shoots 15d protocol b,Random Forest,3,0.5,0.5658290377452813
7314,shoots 15d protocol b,Random Forest,3,0.0833333333333333,0.537648953631039
7319,shoots 15d protocol b,Random Forest,3,0.0833333333333333,0.6376064880084271
7337,shoots 15d protocol b,Random Forest,3,1.8333333333333333,0.5632292048316113
7343,shoots 15d protocol b,Random Forest,3,0.0,0.6286503382758056
7344,shoots 15d protocol b,Random Forest,3,2.333333333333333,0.4434709617180202
7372,shoots 15d protocol b,Random Forest,3,0.1666666666666666,0.5002748164095757
7378,shoots 15d protocol b,Random Forest,3,2.9166666666666665,0.41974978319610695
7382,shoots 15d protocol b,Random Forest,3,0.0,0.45471681537169534
7411,shoots 15d protocol b,Random Forest,3,0.0,0.39383191968706677
7419,shoots 15d protocol b,Random Forest,3,4.2727272727272725,0.6126113466598758
7514,shoots 15d protocol b,Random Forest,3,0.0,0.44700645849248805
8264,shoots 15d protocol b,Random Forest,3,0.0,0.6409886547523579
8311,shoots 15d protocol b,Random Forest,3,0.0,0.614321258099199
8312,shoots 15d protocol b,Random Forest,3,0.4166666666666667,0.4902830064493832
8337,shoots 15d protocol b,Random Forest,3,0.0833333333333333,0.3575376121155531
8343,shoots 15d protocol b,Random Forest,3,0.0,0.5578249225447759
9759,shoots 15d protocol b,Random Forest,3,0.0,0.51667312232974
6929,shoots 15d protocol b,Random Forest,4,0.0,0.5570620019184662
6931,shoots 15d protocol b,Random Forest,4,2.6666666666666665,0.5066488413854779
6938,shoots 15d protocol b,Random Forest,4,0.0,0.4520382513982955
6963,shoots 15d protocol b,Random Forest,4,0.0,0.4183904810312355
7323,shoots 15d protocol b,Random Forest,4,0.0,0.3772167115528686
7347,shoots 15d protocol b,Random Forest,4,0.4545454545454545,0.4094138187993686
7471,shoots 15d protocol b,Random Forest,4,0.0,0.32359684891929125
763,shoots 15d protocol b,Random Forest,4,0.5833333333333334,0.5685505860947805
765,shoots 15d protocol b,Random Forest,4,0.0,0.5723812686080136
766,shoots 15d protocol b,Random Forest,4,0.0,0.5936244637059913
768,shoots 15d protocol b,Random Forest,4,0.3333333333333333,0.5341644877806192
772,shoots 15d protocol b,Random Forest,4,0.0,0.48661051570386604
8424,shoots 15d protocol b,Random Forest,4,0.0,0.5924948793791694
9758,shoots 15d protocol b,Random Forest,4,0.0,0.4597076048801362
9766,shoots 15d protocol b,Random Forest,4,0.0,0.5696446496969446
430,shoots 21d protocol a,Mean baseline,0,0.0,0.6581876456876455
5837,shoots 21d protocol a,Mean baseline,0,0.0,0.6581876456876455
6909,shoots 21d protocol a,Mean baseline,0,0.0,0.6581876456876455
6919,shoots 21d protocol a,Mean baseline,0,0.0,0.6581876456876455
6951,shoots 21d protocol a,Mean baseline,0,1.5833333333333333,0.6581876456876455
6956,shoots 21d protocol a,Mean baseline,0,0.0,0.6581876456876455
6975,shoots 21d protocol a,Mean baseline,0,0.0,0.6581876456876455
6979,shoots 21d protocol a,Mean baseline,0,0.0,0.6581876456876455
6984,shoots 21d protocol a,Mean baseline,0,2.1666666666666665,0.6581876456876455
7096,shoots 21d protocol a,Mean baseline,0,0.0,0.6581876456876455
7103,shoots 21d protocol a,Mean baseline,0,0.0,0.6581876456876455
7106,shoots 21d protocol a,Mean baseline,0,0.0,0.6581876456876455
7120,shoots 21d protocol a,Mean baseline,0,0.1666666666666666,0.6581876456876455
7126,shoots 21d protocol a,Mean baseline,0,0.0,0.6581876456876455
7127,shoots 21d protocol a,Mean baseline,0,0.25,0.6581876456876455
7177,shoots 21d protocol a,Mean baseline,0,0.1666666666666666,0.6581876456876455
7203,shoots 21d protocol a,Mean baseline,0,0.0,0.6581876456876455
7207,shoots 21d protocol a,Mean baseline,0,2.75,0.6581876456876455
7208,shoots 21d protocol a,Mean baseline,0,0.0,0.6581876456876455
7209,shoots 21d protocol a,Mean baseline,0,0.0,0.6581876456876455
7223,shoots 21d protocol a,Mean baseline,0,0.0,0.6581876456876455
7236,shoots 21d protocol a,Mean baseline,0,0.0,0.6581876456876455
7298,shoots 21d protocol a,Mean baseline,0,2.5,0.6581876456876455
7349,shoots 21d protocol a,Mean baseline,0,0.0,0.6581876456876455
7350,shoots 21d protocol a,Mean baseline,0,0.0,0.6581876456876455
7354,shoots 21d protocol a,Mean baseline,0,0.0,0.6581876456876455
7424,shoots 21d protocol a,Mean baseline,0,0.5,0.6581876456876455
7460,shoots 21d protocol a,Mean baseline,0,0.0,0.6581876456876455
7520,shoots 21d protocol a,Mean baseline,0,2.636363636363636,0.6581876456876455
6908,shoots 21d protocol a,Mean baseline,1,0.0,0.6548234639977758
6924,shoots 21d protocol a,Mean baseline,1,0.0,0.6548234639977758
6926,shoots 21d protocol a,Mean baseline,1,0.0833333333333333,0.6548234639977758
6944,shoots 21d protocol a,Mean baseline,1,0.0,0.6548234639977758
6967,shoots 21d protocol a,Mean baseline,1,0.0,0.6548234639977758
6986,shoots 21d protocol a,Mean baseline,1,1.4166666666666667,0.6548234639977758
6989,shoots 21d protocol a,Mean baseline,1,0.0,0.6548234639977758
7008,shoots 21d protocol a,Mean baseline,1,0.0,0.6548234639977758
7026,shoots 21d protocol a,Mean baseline,1,0.4166666666666667,0.6548234639977758
7064,shoots 21d protocol a,Mean baseline,1,0.0,0.6548234639977758
7092,shoots 21d protocol a,Mean baseline,1,0.1666666666666666,0.6548234639977758
7107,shoots 21d protocol a,Mean baseline,1,0.0,0.6548234639977758
7109,shoots 21d protocol a,Mean baseline,1,1.5833333333333333,0.6548234639977758
7160,shoots 21d protocol a,Mean baseline,1,0.0,0.6548234639977758
7217,shoots 21d protocol a,Mean baseline,1,3.5454545454545454,0.6548234639977758
7248,shoots 21d protocol a,Mean baseline,1,0.0,0.6548234639977758
7306,shoots 21d protocol a,Mean baseline,1,2.5,0.6548234639977758
7320,shoots 21d protocol a,Mean baseline,1,0.0,0.6548234639977758
7383,shoots 21d protocol a,Mean baseline,1,0.0,0.6548234639977758
7387,shoots 21d protocol a,Mean baseline,1,0.0,0.6548234639977758
7430,shoots 21d protocol a,Mean baseline,1,0.0833333333333333,0.6548234639977758
7515,shoots 21d protocol a,Mean baseline,1,0.0,0.6548234639977758
7523,shoots 21d protocol a,Mean baseline,1,0.0,0.6548234639977758
8214,shoots 21d protocol a,Mean baseline,1,0.0,0.6548234639977758
6898,shoots 21d protocol a,Mean baseline,2,0.0,0.6279163314561543
6915,shoots 21d protocol a,Mean baseline,2,0.5,0.6279163314561543
6959,shoots 21d protocol a,Mean baseline,2,0.0,0.6279163314561543
6982,shoots 21d protocol a,Mean baseline,2,0.0,0.6279163314561543
7002,shoots 21d protocol a,Mean baseline,2,0.0,0.6279163314561543
7013,shoots 21d protocol a,Mean baseline,2,0.4166666666666667,0.6279163314561543
7061,shoots 21d protocol a,Mean baseline,2,0.0,0.6279163314561543
7143,shoots 21d protocol a,Mean baseline,2,0.2,0.6279163314561543
7162,shoots 21d protocol a,Mean baseline,2,0.0,0.6279163314561543
7165,shoots 21d protocol a,Mean baseline,2,0.0,0.6279163314561543
7192,shoots 21d protocol a,Mean baseline,2,0.0,0.6279163314561543
7244,shoots 21d protocol a,Mean baseline,2,0.0,0.6279163314561543
7287,shoots 21d protocol a,Mean baseline,2,0.4166666666666667,0.6279163314561543
7305,shoots 21d protocol a,Mean baseline,2,0.0833333333333333,0.6279163314561543
7316,shoots 21d protocol a,Mean baseline,2,3.0,0.6279163314561543
7333,shoots 21d protocol a,Mean baseline,2,0.0,0.6279163314561543
7404,shoots 21d protocol a,Mean baseline,2,0.0,0.6279163314561543
8366,shoots 21d protocol a,Mean baseline,2,0.0,0.6279163314561543
9762,shoots 21d protocol a,Mean baseline,2,4.1,0.6279163314561543
9764,shoots 21d protocol a,Mean baseline,2,1.5,0.6279163314561543
6897,shoots 21d protocol a,Mean baseline,3,0.0,0.5761724386724387
6904,shoots 21d protocol a,Mean baseline,3,0.0,0.5761724386724387
6922,shoots 21d protocol a,Mean baseline,3,0.0833333333333333,0.5761724386724387
6940,shoots 21d protocol a,Mean baseline,3,0.0,0.5761724386724387
6945,shoots 21d protocol a,Mean baseline,3,1.5833333333333333,0.5761724386724387
6958,shoots 21d protocol a,Mean baseline,3,0.1666666666666666,0.5761724386724387
6961,shoots 21d protocol a,Mean baseline,3,0.0,0.5761724386724387
6970,shoots 21d protocol a,Mean baseline,3,0.0,0.5761724386724387
6981,shoots 21d protocol a,Mean baseline,3,0.0,0.5761724386724387
6987,shoots 21d protocol a,Mean baseline,3,0.0,0.5761724386724387
6992,shoots 21d protocol a,Mean baseline,3,0.0,0.5761724386724387
6997,shoots 21d protocol a,Mean baseline,3,0.0,0.5761724386724387
7000,shoots 21d protocol a,Mean baseline,3,0.0,0.5761724386724387
7025,shoots 21d protocol a,Mean baseline,3,0.0,0.5761724386724387
7028,shoots 21d protocol a,Mean baseline,3,0.0,0.5761724386724387
7031,shoots 21d protocol a,Mean baseline,3,0.0,0.5761724386724387
7036,shoots 21d protocol a,Mean baseline,3,0.5,0.5761724386724387
7062,shoots 21d protocol a,Mean baseline,3,0.0,0.5761724386724387
7071,shoots 21d protocol a,Mean baseline,3,0.1666666666666666,0.5761724386724387
7077,shoots 21d protocol a,Mean baseline,3,2.9166666666666665,0.5761724386724387
7102,shoots 21d protocol a,Mean baseline,3,0.2727272727272727,0.5761724386724387
7117,shoots 21d protocol a,Mean baseline,3,0.0,0.5761724386724387
7119,shoots 21d protocol a,Mean baseline,3,0.0,0.5761724386724387
7130,shoots 21d protocol a,Mean baseline,3,1.5,0.5761724386724387
7147,shoots 21d protocol a,Mean baseline,3,0.1666666666666666,0.5761724386724387
7161,shoots 21d protocol a,Mean baseline,3,0.0,0.5761724386724387
7163,shoots 21d protocol a,Mean baseline,3,0.0,0.5761724386724387
7169,shoots 21d protocol a,Mean baseline,3,0.0,0.5761724386724387
7199,shoots 21d protocol a,Mean baseline,3,0.0,0.5761724386724387
7202,shoots 21d protocol a,Mean baseline,3,0.0,0.5761724386724387
7255,shoots 21d protocol a,Mean baseline,3,0.0,0.5761724386724387
7268,shoots 21d protocol a,Mean baseline,3,0.0,0.5761724386724387
7276,shoots 21d protocol a,Mean baseline,3,0.0,0.5761724386724387
7282,shoots 21d protocol a,Mean baseline,3,0.0833333333333333,0.5761724386724387
7314,shoots 21d protocol a,Mean baseline,3,0.0,0.5761724386724387
7319,shoots 21d protocol a,Mean baseline,3,0.0,0.5761724386724387
7343,shoots 21d protocol a,Mean baseline,3,0.0,0.5761724386724387
7344,shoots 21d protocol a,Mean baseline,3,7.0,0.5761724386724387
7372,shoots 21d protocol a,Mean baseline,3,0.0,0.5761724386724387
7378,shoots 21d protocol a,Mean baseline,3,0.0,0.5761724386724387
7382,shoots 21d protocol a,Mean baseline,3,0.0,0.5761724386724387
7411,shoots 21d protocol a,Mean baseline,3,0.0,0.5761724386724387
7419,shoots 21d protocol a,Mean baseline,3,16.833333333333332,0.5761724386724387
7514,shoots 21d protocol a,Mean baseline,3,0.0,0.5761724386724387
8264,shoots 21d protocol a,Mean baseline,3,0.0,0.5761724386724387
8311,shoots 21d protocol a,Mean baseline,3,0.1666666666666666,0.5761724386724387
8312,shoots 21d protocol a,Mean baseline,3,0.5,0.5761724386724387
8337,shoots 21d protocol a,Mean baseline,3,0.8333333333333334,0.5761724386724387
8343,shoots 21d protocol a,Mean baseline,3,0.0,0.5761724386724387
6929,shoots 21d protocol a,Mean baseline,4,0.0,0.5369225037257824
6931,shoots 21d protocol a,Mean baseline,4,8.416666666666666,0.5369225037257824
6938,shoots 21d protocol a,Mean baseline,4,0.6666666666666666,0.5369225037257824
6963,shoots 21d protocol a,Mean baseline,4,0.0,0.5369225037257824
7323,shoots 21d protocol a,Mean baseline,4,0.0,0.5369225037257824
7347,shoots 21d protocol a,Mean baseline,4,0.0,0.5369225037257824
7471,shoots 21d protocol a,Mean baseline,4,0.0,0.5369225037257824
763,shoots 21d protocol a,Mean baseline,4,6.583333333333333,0.5369225037257824
765,shoots 21d protocol a,Mean baseline,4,0.0,0.5369225037257824
772,shoots 21d protocol a,Mean baseline,4,0.0,0.5369225037257824
9766,shoots 21d protocol a,Mean baseline,4,0.0,0.5369225037257824
430,shoots 21d protocol a,Elastic Net,0,0.0,0.6642327308654785
5837,shoots 21d protocol a,Elastic Net,0,0.0,-0.44957637786865234
6909,shoots 21d protocol a,Elastic Net,0,0.0,12.277400970458984
6919,shoots 21d protocol a,Elastic Net,0,0.0,5.4685378074646
6951,shoots 21d protocol a,Elastic Net,0,1.5833333333333333,3.8983631134033203
6956,shoots 21d protocol a,Elastic Net,0,0.0,3.9780373573303223
6975,shoots 21d protocol a,Elastic Net,0,0.0,-0.43633437156677246
6979,shoots 21d protocol a,Elastic Net,0,0.0,-0.8742518424987793
6984,shoots 21d protocol a,Elastic Net,0,2.1666666666666665,2.557267665863037
7096,shoots 21d protocol a,Elastic Net,0,0.0,0.5902224183082581
7103,shoots 21d protocol a,Elastic Net,0,0.0,3.395176887512207
7106,shoots 21d protocol a,Elastic Net,0,0.0,-0.1776432991027832
7120,shoots 21d protocol a,Elastic Net,0,0.1666666666666666,0.1901060938835144
7126,shoots 21d protocol a,Elastic Net,0,0.0,2.2628488540649414
7127,shoots 21d protocol a,Elastic Net,0,0.25,1.6879607439041138
7177,shoots 21d protocol a,Elastic Net,0,0.1666666666666666,2.120203733444214
7203,shoots 21d protocol a,Elastic Net,0,0.0,1.3554823398590088
7207,shoots 21d protocol a,Elastic Net,0,2.75,0.1532866358757019
7208,shoots 21d protocol a,Elastic Net,0,0.0,12.226736068725586
7209,shoots 21d protocol a,Elastic Net,0,0.0,0.6125528216362
7223,shoots 21d protocol a,Elastic Net,0,0.0,1.6786284446716309
7236,shoots 21d protocol a,Elastic Net,0,0.0,1.9648112058639526
7298,shoots 21d protocol a,Elastic Net,0,2.5,-0.12726247310638428
7349,shoots 21d protocol a,Elastic Net,0,0.0,2.508331775665283
7350,shoots 21d protocol a,Elastic Net,0,0.0,2.508331775665283
7354,shoots 21d protocol a,Elastic Net,0,0.0,2.926321506500244
7424,shoots 21d protocol a,Elastic Net,0,0.5,3.299537181854248
7460,shoots 21d protocol a,Elastic Net,0,0.0,3.395176887512207
7520,shoots 21d protocol a,Elastic Net,0,2.636363636363636,2.5437328815460205
6908,shoots 21d protocol a,Elastic Net,1,0.0,2.8690686225891113
6924,shoots 21d protocol a,Elastic Net,1,0.0,-0.4735550284385681
6926,shoots 21d protocol a,Elastic Net,1,0.0833333333333333,1.3001309633255005
6944,shoots 21d protocol a,Elastic Net,1,0.0,0.7742482423782349
6967,shoots 21d protocol a,Elastic Net,1,0.0,2.2071285247802734
6986,shoots 21d protocol a,Elastic Net,1,1.4166666666666667,1.137803077697754
6989,shoots 21d protocol a,Elastic Net,1,0.0,2.9838714599609375
7008,shoots 21d protocol a,Elastic Net,1,0.0,3.415079116821289
7026,shoots 21d protocol a,Elastic Net,1,0.4166666666666667,-0.9653725028038025
7064,shoots 21d protocol a,Elastic Net,1,0.0,0.27115899324417114
7092,shoots 21d protocol a,Elastic Net,1,0.1666666666666666,2.386909246444702
7107,shoots 21d protocol a,Elastic Net,1,0.0,1.5025441646575928
7109,shoots 21d protocol a,Elastic Net,1,1.5833333333333333,1.137803077697754
7160,shoots 21d protocol a,Elastic Net,1,0.0,-0.1896914839744568
7217,shoots 21d protocol a,Elastic Net,1,3.5454545454545454,2.2864601612091064
7248,shoots 21d protocol a,Elastic Net,1,0.0,-0.1896914839744568
7306,shoots 21d protocol a,Elastic Net,1,2.5,2.0447070598602295
7320,shoots 21d protocol a,Elastic Net,1,0.0,-0.5958150029182434
7383,shoots 21d protocol a,Elastic Net,1,0.0,3.7480273246765137
7387,shoots 21d protocol a,Elastic Net,1,0.0,0.8519522547721863
7430,shoots 21d protocol a,Elastic Net,1,0.0833333333333333,-0.7943229079246521
7515,shoots 21d protocol a,Elastic Net,1,0.0,-0.1896914839744568
7523,shoots 21d protocol a,Elastic Net,1,0.0,2.612283945083618
8214,shoots 21d protocol a,Elastic Net,1,0.0,2.2793517112731934
6898,shoots 21d protocol a,Elastic Net,2,0.0,1.3582183122634888
6915,shoots 21d protocol a,Elastic Net,2,0.5,0.7743629217147827
6959,shoots 21d protocol a,Elastic Net,2,0.0,0.9989582896232605
6982,shoots 21d protocol a,Elastic Net,2,0.0,3.059922218322754
7002,shoots 21d protocol a,Elastic Net,2,0.0,0.1541597545146942
7013,shoots 21d protocol a,Elastic Net,2,0.4166666666666667,-0.4551934003829956
7061,shoots 21d protocol a,Elastic Net,2,0.0,3.1662042140960693
7143,shoots 21d protocol a,Elastic Net,2,0.2,2.7472517490386963
7162,shoots 21d protocol a,Elastic Net,2,0.0,1.2560553550720215
7165,shoots 21d protocol a,Elastic Net,2,0.0,0.08869677782058716
7192,shoots 21d protocol a,Elastic Net,2,0.0,1.889845609664917
7244,shoots 21d protocol a,Elastic Net,2,0.0,1.6613521575927734
7287,shoots 21d protocol a,Elastic Net,2,0.4166666666666667,0.6624617576599121
7305,shoots 21d protocol a,Elastic Net,2,0.0833333333333333,1.1854625940322876
7316,shoots 21d protocol a,Elastic Net,2,3.0,0.7496302723884583
7333,shoots 21d protocol a,Elastic Net,2,0.0,1.216695785522461
7404,shoots 21d protocol a,Elastic Net,2,0.0,1.9849566221237183
8366,shoots 21d protocol a,Elastic Net,2,0.0,2.595200300216675
9762,shoots 21d protocol a,Elastic Net,2,4.1,-0.6534854173660278
9764,shoots 21d protocol a,Elastic Net,2,1.5,0.5953011512756348
6897,shoots 21d protocol a,Elastic Net,3,0.0,1.297361135482788
6904,shoots 21d protocol a,Elastic Net,3,0.0,0.5939173698425293
6922,shoots 21d protocol a,Elastic Net,3,0.0833333333333333,0.22817614674568176
6940,shoots 21d protocol a,Elastic Net,3,0.0,-0.08276975154876709
6945,shoots 21d protocol a,Elastic Net,3,1.5833333333333333,2.00350284576416
6958,shoots 21d protocol a,Elastic Net,3,0.1666666666666666,3.390968084335327
6961,shoots 21d protocol a,Elastic Net,3,0.0,0.7050020098686218
6970,shoots 21d protocol a,Elastic Net,3,0.0,0.8622492551803589
6981,shoots 21d protocol a,Elastic Net,3,0.0,0.3032008409500122
6987,shoots 21d protocol a,Elastic Net,3,0.0,3.440437078475952
6992,shoots 21d protocol a,Elastic Net,3,0.0,0.945487916469574
6997,shoots 21d protocol a,Elastic Net,3,0.0,-0.6735906004905701
7000,shoots 21d protocol a,Elastic Net,3,0.0,-0.09549224376678467
7025,shoots 21d protocol a,Elastic Net,3,0.0,0.6369909048080444
7028,shoots 21d protocol a,Elastic Net,3,0.0,0.43563684821128845
7031,shoots 21d protocol a,Elastic Net,3,0.0,0.1277489960193634
7036,shoots 21d protocol a,Elastic Net,3,0.5,0.21751883625984192
7062,shoots 21d protocol a,Elastic Net,3,0.0,0.023169100284576416
7071,shoots 21d protocol a,Elastic Net,3,0.1666666666666666,0.2941618859767914
7077,shoots 21d protocol a,Elastic Net,3,2.9166666666666665,1.6893692016601562
7102,shoots 21d protocol a,Elastic Net,3,0.2727272727272727,0.9637381434440613
7117,shoots 21d protocol a,Elastic Net,3,0.0,0.9791864156723022
7119,shoots 21d protocol a,Elastic Net,3,0.0,3.440437078475952
7130,shoots 21d protocol a,Elastic Net,3,1.5,0.30489614605903625
7147,shoots 21d protocol a,Elastic Net,3,0.1666666666666666,0.3926504850387573
7161,shoots 21d protocol a,Elastic Net,3,0.0,0.04225665330886841
7163,shoots 21d protocol a,Elastic Net,3,0.0,-0.17695945501327515
7169,shoots 21d protocol a,Elastic Net,3,0.0,0.15240809321403503
7199,shoots 21d protocol a,Elastic Net,3,0.0,-0.2605248689651489
7202,shoots 21d protocol a,Elastic Net,3,0.0,-0.2605248689651489
7255,shoots 21d protocol a,Elastic Net,3,0.0,0.23903098702430725
7268,shoots 21d protocol a,Elastic Net,3,0.0,0.8887362480163574
7276,shoots 21d protocol a,Elastic Net,3,0.0,0.43060630559921265
7282,shoots 21d protocol a,Elastic Net,3,0.0833333333333333,2.647094249725342
7314,shoots 21d protocol a,Elastic Net,3,0.0,0.3032008409500122
7319,shoots 21d protocol a,Elastic Net,3,0.0,2.5839874744415283
7343,shoots 21d protocol a,Elastic Net,3,0.0,0.25724998116493225
7344,shoots 21d protocol a,Elastic Net,3,7.0,3.4356560707092285
7372,shoots 21d protocol a,Elastic Net,3,0.0,2.663642644882202
7378,shoots 21d protocol a,Elastic Net,3,0.0,3.5962886810302734
7382,shoots 21d protocol a,Elastic Net,3,0.0,0.3481239974498749
7411,shoots 21d protocol a,Elastic Net,3,0.0,0.44778698682785034
7419,shoots 21d protocol a,Elastic Net,3,16.833333333333332,0.791745126247406
7514,shoots 21d protocol a,Elastic Net,3,0.0,2.1798484325408936
8264,shoots 21d protocol a,Elastic Net,3,0.0,0.9849399328231812
8311,shoots 21d protocol a,Elastic Net,3,0.1666666666666666,2.622343063354492
8312,shoots 21d protocol a,Elastic Net,3,0.5,0.6541585922241211
8337,shoots 21d protocol a,Elastic Net,3,0.8333333333333334,1.1434674263000488
8343,shoots 21d protocol a,Elastic Net,3,0.0,2.3049771785736084
6929,shoots 21d protocol a,Elastic Net,4,0.0,1.8898067474365234
6931,shoots 21d protocol a,Elastic Net,4,8.416666666666666,1.8990967273712158
6938,shoots 21d protocol a,Elastic Net,4,0.6666666666666666,1.2115437984466553
6963,shoots 21d protocol a,Elastic Net,4,0.0,0.8421177864074707
7323,shoots 21d protocol a,Elastic Net,4,0.0,2.032451868057251
7347,shoots 21d protocol a,Elastic Net,4,0.0,1.7117400169372559
7471,shoots 21d protocol a,Elastic Net,4,0.0,1.2662720680236816
763,shoots 21d protocol a,Elastic Net,4,6.583333333333333,1.9221482276916504
765,shoots 21d protocol a,Elastic Net,4,0.0,1.6418848037719727
772,shoots 21d protocol a,Elastic Net,4,0.0,1.5458359718322754
9766,shoots 21d protocol a,Elastic Net,4,0.0,2.0299136638641357
430,shoots 21d protocol a,Kernel Ridge,0,0.0,0.0007400983322580774
5837,shoots 21d protocol a,Kernel Ridge,0,0.0,0.0008653092429861754
6909,shoots 21d protocol a,Kernel Ridge,0,0.0,1.265138813818809e-06
6919,shoots 21d protocol a,Kernel Ridge,0,0.0,0.000902535975294451
6951,shoots 21d protocol a,Kernel Ridge,0,1.5833333333333333,0.0009376384154746934
6956,shoots 21d protocol a,Kernel Ridge,0,0.0,0.0009477958137140158
6975,shoots 21d protocol a,Kernel Ridge,0,0.0,0.0010992454084253534
6979,shoots 21d protocol a,Kernel Ridge,0,0.0,0.001629393890764927
6984,shoots 21d protocol a,Kernel Ridge,0,2.1666666666666665,0.0004553657031556172
7096,shoots 21d protocol a,Kernel Ridge,0,0.0,0.0007665685755071623
7103,shoots 21d protocol a,Kernel Ridge,0,0.0,0.00044724023390949497
7106,shoots 21d protocol a,Kernel Ridge,0,0.0,0.0012542610940668194
7120,shoots 21d protocol a,Kernel Ridge,0,0.1666666666666666,0.0017530823247216213
7126,shoots 21d protocol a,Kernel Ridge,0,0.0,0.0012108526426644146
7127,shoots 21d protocol a,Kernel Ridge,0,0.25,0.0006981120392000264
7177,shoots 21d protocol a,Kernel Ridge,0,0.1666666666666666,0.0009290585320822665
7203,shoots 21d protocol a,Kernel Ridge,0,0.0,0.0002640960852477191
7207,shoots 21d protocol a,Kernel Ridge,0,2.75,0.0010086658791088475
7208,shoots 21d protocol a,Kernel Ridge,0,0.0,1.6929802259617645e-06
7209,shoots 21d protocol a,Kernel Ridge,0,0.0,0.0007623986944356662
7223,shoots 21d protocol a,Kernel Ridge,0,0.0,0.0008254309841037937
7236,shoots 21d protocol a,Kernel Ridge,0,0.0,0.0013188886078610873
7298,shoots 21d protocol a,Kernel Ridge,0,2.5,0.0011288718232036054
7349,shoots 21d protocol a,Kernel Ridge,0,0.0,0.0004091265352329737
7350,shoots 21d protocol a,Kernel Ridge,0,0.0,0.0004359343791585103
7354,shoots 21d protocol a,Kernel Ridge,0,0.0,0.0028288933040087035
7424,shoots 21d protocol a,Kernel Ridge,0,0.5,0.0009485804181422715
7460,shoots 21d protocol a,Kernel Ridge,0,0.0,0.00042920610039733553
7520,shoots 21d protocol a,Kernel Ridge,0,2.636363636363636,0.0009130373302705095
6908,shoots 21d protocol a,Kernel Ridge,1,0.0,0.0009264014094053077
6924,shoots 21d protocol a,Kernel Ridge,1,0.0,0.0005646121371536094
6926,shoots 21d protocol a,Kernel Ridge,1,0.0833333333333333,0.0008545310699101106
6944,shoots 21d protocol a,Kernel Ridge,1,0.0,0.0008962177150365769
6967,shoots 21d protocol a,Kernel Ridge,1,0.0,0.0004432140212231924
6986,shoots 21d protocol a,Kernel Ridge,1,1.4166666666666667,0.0006792078206872725
6989,shoots 21d protocol a,Kernel Ridge,1,0.0,0.0008427779993130938
7008,shoots 21d protocol a,Kernel Ridge,1,0.0,0.0009815627162737392
7026,shoots 21d protocol a,Kernel Ridge,1,0.4166666666666667,0.001051109316155784
7064,shoots 21d protocol a,Kernel Ridge,1,0.0,0.0005819114545303682
7092,shoots 21d protocol a,Kernel Ridge,1,0.1666666666666666,0.0014756630236140355
7107,shoots 21d protocol a,Kernel Ridge,1,0.0,0.0013900275097774722
7109,shoots 21d protocol a,Kernel Ridge,1,1.5833333333333333,0.0006845961118442488
7160,shoots 21d protocol a,Kernel Ridge,1,0.0,0.0005584900398338179
7217,shoots 21d protocol a,Kernel Ridge,1,3.5454545454545454,0.0008877751163523578
7248,shoots 21d protocol a,Kernel Ridge,1,0.0,0.0005574302547345795
7306,shoots 21d protocol a,Kernel Ridge,1,2.5,0.000943430382661706
7320,shoots 21d protocol a,Kernel Ridge,1,0.0,0.0006362201072785298
7383,shoots 21d protocol a,Kernel Ridge,1,0.0,0.0011548497782105198
7387,shoots 21d protocol a,Kernel Ridge,1,0.0,0.001105978859693312
7430,shoots 21d protocol a,Kernel Ridge,1,0.0833333333333333,0.001715244887477539
7515,shoots 21d protocol a,Kernel Ridge,1,0.0,0.0005578862078856871
7523,shoots 21d protocol a,Kernel Ridge,1,0.0,0.0005928153272945588
8214,shoots 21d protocol a,Kernel Ridge,1,0.0,0.0005583350801555565
6898,shoots 21d protocol a,Kernel Ridge,2,0.0,0.0010882946805615998
6915,shoots 21d protocol a,Kernel Ridge,2,0.5,0.0016500142575416577
6959,shoots 21d protocol a,Kernel Ridge,2,0.0,0.0008352922637086313
6982,shoots 21d protocol a,Kernel Ridge,2,0.0,0.0007322274689981749
7002,shoots 21d protocol a,Kernel Ridge,2,0.0,0.0003492058269680059
7013,shoots 21d protocol a,Kernel Ridge,2,0.4166666666666667,0.0011047412714721204
7061,shoots 21d protocol a,Kernel Ridge,2,0.0,0.0006450397383158791
7143,shoots 21d protocol a,Kernel Ridge,2,0.2,0.0003969581751663087
7162,shoots 21d protocol a,Kernel Ridge,2,0.0,0.0011991988831375519
7165,shoots 21d protocol a,Kernel Ridge,2,0.0,0.0007716178720138863
7192,shoots 21d protocol a,Kernel Ridge,2,0.0,0.00283334952162623
7244,shoots 21d protocol a,Kernel Ridge,2,0.0,0.00045193039993004266
7287,shoots 21d protocol a,Kernel Ridge,2,0.4166666666666667,0.0010677208773655412
7305,shoots 21d protocol a,Kernel Ridge,2,0.0833333333333333,0.0005568566461184137
7316,shoots 21d protocol a,Kernel Ridge,2,3.0,0.001182606778360588
7333,shoots 21d protocol a,Kernel Ridge,2,0.0,0.0025506097057257635
7404,shoots 21d protocol a,Kernel Ridge,2,0.0,0.002151026393569257
8366,shoots 21d protocol a,Kernel Ridge,2,0.0,0.0018144035458252147
9762,shoots 21d protocol a,Kernel Ridge,2,4.1,0.00021576644780410686
9764,shoots 21d protocol a,Kernel Ridge,2,1.5,0.0001981749180197723
6897,shoots 21d protocol a,Kernel Ridge,3,0.0,0.0015451308076178218
6904,shoots 21d protocol a,Kernel Ridge,3,0.0,0.0011465769608116694
6922,shoots 21d protocol a,Kernel Ridge,3,0.0833333333333333,0.0006620307024732735
6940,shoots 21d protocol a,Kernel Ridge,3,0.0,0.0006211111960261796
6945,shoots 21d protocol a,Kernel Ridge,3,1.5833333333333333,0.0012559132613204156
6958,shoots 21d protocol a,Kernel Ridge,3,0.1666666666666666,0.0005112534083433786
6961,shoots 21d protocol a,Kernel Ridge,3,0.0,0.00029116425772669275
6970,shoots 21d protocol a,Kernel Ridge,3,0.0,0.0005278188283104086
6981,shoots 21d protocol a,Kernel Ridge,3,0.0,0.0008891936121510868
6987,shoots 21d protocol a,Kernel Ridge,3,0.0,0.00037570896111624035
6992,shoots 21d protocol a,Kernel Ridge,3,0.0,0.0006526024061822135
6997,shoots 21d protocol a,Kernel Ridge,3,0.0,0.00046380529195187443
7000,shoots 21d protocol a,Kernel Ridge,3,0.0,0.000573612392289129
7025,shoots 21d protocol a,Kernel Ridge,3,0.0,0.00183066417592783
7028,shoots 21d protocol a,Kernel Ridge,3,0.0,0.0008912467849504961
7031,shoots 21d protocol a,Kernel Ridge,3,0.0,0.0009853984851440152
7036,shoots 21d protocol a,Kernel Ridge,3,0.5,0.000849350674318093
7062,shoots 21d protocol a,Kernel Ridge,3,0.0,0.0005159218003128745
7071,shoots 21d protocol a,Kernel Ridge,3,0.1666666666666666,0.0006553925725209272
7077,shoots 21d protocol a,Kernel Ridge,3,2.9166666666666665,0.0004658947878534534
7102,shoots 21d protocol a,Kernel Ridge,3,0.2727272727272727,0.0006378154420608289
7117,shoots 21d protocol a,Kernel Ridge,3,0.0,0.0004601000028990511
7119,shoots 21d protocol a,Kernel Ridge,3,0.0,0.0003942927929099127
7130,shoots 21d protocol a,Kernel Ridge,3,1.5,0.0006955420475616262
7147,shoots 21d protocol a,Kernel Ridge,3,0.1666666666666666,0.0008550991857648916
7161,shoots 21d protocol a,Kernel Ridge,3,0.0,0.0004277761874516828
7163,shoots 21d protocol a,Kernel Ridge,3,0.0,0.0011457725446530694
7169,shoots 21d protocol a,Kernel Ridge,3,0.0,0.00023918745522526674
7199,shoots 21d protocol a,Kernel Ridge,3,0.0,0.00014579860242325553
7202,shoots 21d protocol a,Kernel Ridge,3,0.0,0.0001470486330526739
7255,shoots 21d protocol a,Kernel Ridge,3,0.0,0.0010517537169115981
7268,shoots 21d protocol a,Kernel Ridge,3,0.0,0.0014776104548099795
7276,shoots 21d protocol a,Kernel Ridge,3,0.0,0.0012285359716568932
7282,shoots 21d protocol a,Kernel Ridge,3,0.0833333333333333,0.0003917807794391368
7314,shoots 21d protocol a,Kernel Ridge,3,0.0,0.0008853529951027715
7319,shoots 21d protocol a,Kernel Ridge,3,0.0,0.0007423762630116907
7343,shoots 21d protocol a,Kernel Ridge,3,0.0,0.0028477696703206883
7344,shoots 21d protocol a,Kernel Ridge,3,7.0,0.0009033527846070636
7372,shoots 21d protocol a,Kernel Ridge,3,0.0,0.0013672042282323168
7378,shoots 21d protocol a,Kernel Ridge,3,0.0,0.0007851950530236365
7382,shoots 21d protocol a,Kernel Ridge,3,0.0,0.0007676911289721596
7411,shoots 21d protocol a,Kernel Ridge,3,0.0,0.0013906015683817106
7419,shoots 21d protocol a,Kernel Ridge,3,16.833333333333332,0.0006498930900159735
7514,shoots 21d protocol a,Kernel Ridge,3,0.0,0.0011856858104957128
8264,shoots 21d protocol a,Kernel Ridge,3,0.0,0.0007696639832621015
8311,shoots 21d protocol a,Kernel Ridge,3,0.1666666666666666,0.0017896019685024874
8312,shoots 21d protocol a,Kernel Ridge,3,0.5,0.000761166108401408
8337,shoots 21d protocol a,Kernel Ridge,3,0.8333333333333334,0.0011612074404742465
8343,shoots 21d protocol a,Kernel Ridge,3,0.0,0.0004885632520477449
6929,shoots 21d protocol a,Kernel Ridge,4,0.0,4.01882840045973e-05
6931,shoots 21d protocol a,Kernel Ridge,4,8.416666666666666,0.00023073742724129433
6938,shoots 21d protocol a,Kernel Ridge,4,0.6666666666666666,6.532680204663302e-05
6963,shoots 21d protocol a,Kernel Ridge,4,0.0,8.63972883289282e-05
7323,shoots 21d protocol a,Kernel Ridge,4,0.0,0.00015648525090521367
7347,shoots 21d protocol a,Kernel Ridge,4,0.0,0.0002358761240884538
7471,shoots 21d protocol a,Kernel Ridge,4,0.0,0.00029285150784914973
763,shoots 21d protocol a,Kernel Ridge,4,6.583333333333333,6.161435182308839e-05
765,shoots 21d protocol a,Kernel Ridge,4,0.0,5.022322317793334e-05
772,shoots 21d protocol a,Kernel Ridge,4,0.0,4.0628751875672065e-05
9766,shoots 21d protocol a,Kernel Ridge,4,0.0,6.26729571897717e-05
430,shoots 21d protocol a,Random Forest,0,0.0,0.9404830870392241
5837,shoots 21d protocol a,Random Forest,0,0.0,1.0142760492369587
6909,shoots 21d protocol a,Random Forest,0,0.0,0.5017280164196073
6919,shoots 21d protocol a,Random Forest,0,0.0,1.6916338701113707
6951,shoots 21d protocol a,Random Forest,0,1.5833333333333333,1.6109470322270316
6956,shoots 21d protocol a,Random Forest,0,0.0,1.3504585040885033
6975,shoots 21d protocol a,Random Forest,0,0.0,1.0089803228169136
6979,shoots 21d protocol a,Random Forest,0,0.0,0.9961911519961516
6984,shoots 21d protocol a,Random Forest,0,2.1666666666666665,1.2914738618872708
7096,shoots 21d protocol a,Random Forest,0,0.0,1.7364922098440274
7103,shoots 21d protocol a,Random Forest,0,0.0,1.3006575787091694
7106,shoots 21d protocol a,Random Forest,0,0.0,1.0406414158064166
7120,shoots 21d protocol a,Random Forest,0,0.1666666666666666,0.8766713357854269
7126,shoots 21d protocol a,Random Forest,0,0.0,1.4572236125322495
7127,shoots 21d protocol a,Random Forest,0,0.25,1.3673350041540948
7177,shoots 21d protocol a,Random Forest,0,0.1666666666666666,1.3919340456765459
7203,shoots 21d protocol a,Random Forest,0,0.0,1.749050115902616
7207,shoots 21d protocol a,Random Forest,0,2.75,1.2391245184529274
7208,shoots 21d protocol a,Random Forest,0,0.0,0.4882586080501989
7209,shoots 21d protocol a,Random Forest,0,0.0,1.739917011431329
7223,shoots 21d protocol a,Random Forest,0,0.0,1.1601922796395518
7236,shoots 21d protocol a,Random Forest,0,0.0,1.0836372077922074
7298,shoots 21d protocol a,Random Forest,0,2.5,0.8908100106291017
7349,shoots 21d protocol a,Random Forest,0,0.0,1.8604026182823907
7350,shoots 21d protocol a,Random Forest,0,0.0,1.8726617524815252
7354,shoots 21d protocol a,Random Forest,0,0.0,1.537129373496874
7424,shoots 21d protocol a,Random Forest,0,0.5,1.5996903282828283
7460,shoots 21d protocol a,Random Forest,0,0.0,1.2836825787091695
7520,shoots 21d protocol a,Random Forest,0,2.636363636363636,1.2463092717215436
6908,shoots 21d protocol a,Random Forest,1,0.0,1.2450149446849443
6924,shoots 21d protocol a,Random Forest,1,0.0,1.0084278691678692
6926,shoots 21d protocol a,Random Forest,1,0.0833333333333333,1.2126088492063496
6944,shoots 21d protocol a,Random Forest,1,0.0,0.6276136250786253
6967,shoots 21d protocol a,Random Forest,1,0.0,1.325474671069671
6986,shoots 21d protocol a,Random Forest,1,1.4166666666666667,1.173481844636846
6989,shoots 21d protocol a,Random Forest,1,0.0,0.9514136862211855
7008,shoots 21d protocol a,Random Forest,1,0.0,1.2073993422318423
7026,shoots 21d protocol a,Random Forest,1,0.4166666666666667,0.551568315295815
7064,shoots 21d protocol a,Random Forest,1,0.0,1.0860742400192402
7092,shoots 21d protocol a,Random Forest,1,0.1666666666666666,1.0988528608428603
7107,shoots 21d protocol a,Random Forest,1,0.0,1.2046567183742176
7109,shoots 21d protocol a,Random Forest,1,1.5833333333333333,1.1714994372294387
7160,shoots 21d protocol a,Random Forest,1,0.0,0.5565795436045434
7217,shoots 21d protocol a,Random Forest,1,3.5454545454545454,0.9134782275132272
7248,shoots 21d protocol a,Random Forest,1,0.0,0.5558184324934324
7306,shoots 21d protocol a,Random Forest,1,2.5,1.5346722860472857
7320,shoots 21d protocol a,Random Forest,1,0.0,0.5203874921374919
7383,shoots 21d protocol a,Random Forest,1,0.0,1.0507255115002843
7387,shoots 21d protocol a,Random Forest,1,0.0,0.8840465674140672
7430,shoots 21d protocol a,Random Forest,1,0.0833333333333333,0.7610725529100528
7515,shoots 21d protocol a,Random Forest,1,0.0,0.5555378769378768
7523,shoots 21d protocol a,Random Forest,1,0.0,1.2554814538239538
8214,shoots 21d protocol a,Random Forest,1,0.0,1.560441592666593
6898,shoots 21d protocol a,Random Forest,2,0.0,0.6701122895622892
6915,shoots 21d protocol a,Random Forest,2,0.5,1.032773291985792
6959,shoots 21d protocol a,Random Forest,2,0.0,1.19935043945953
6982,shoots 21d protocol a,Random Forest,2,0.0,1.362580423280423
7002,shoots 21d protocol a,Random Forest,2,0.0,0.9712268638768635
7013,shoots 21d protocol a,Random Forest,2,0.4166666666666667,0.6318400604866508
7061,shoots 21d protocol a,Random Forest,2,0.0,1.4845040658415658
7143,shoots 21d protocol a,Random Forest,2,0.2,1.1367737709680892
7162,shoots 21d protocol a,Random Forest,2,0.0,1.5039569005069002
7165,shoots 21d protocol a,Random Forest,2,0.0,1.207887692400192
7192,shoots 21d protocol a,Random Forest,2,0.0,1.1270138107263108
7244,shoots 21d protocol a,Random Forest,2,0.0,1.4034333828208827
7287,shoots 21d protocol a,Random Forest,2,0.4166666666666667,0.6303774470899465
7305,shoots 21d protocol a,Random Forest,2,0.0833333333333333,0.7255200484700481
7316,shoots 21d protocol a,Random Forest,2,3.0,1.0101797424797418
7333,shoots 21d protocol a,Random Forest,2,0.0,1.1963668720168723
7404,shoots 21d protocol a,Random Forest,2,0.0,1.2190149711399707
8366,shoots 21d protocol a,Random Forest,2,0.0,1.2632333800458808
9762,shoots 21d protocol a,Random Forest,2,4.1,1.5301914802789793
9764,shoots 21d protocol a,Random Forest,2,1.5,1.870964957727458
6897,shoots 21d protocol a,Random Forest,3,0.0,0.6130448268398263
6904,shoots 21d protocol a,Random Forest,3,0.0,0.7297924754033842
6922,shoots 21d protocol a,Random Forest,3,0.0833333333333333,0.787609083584766
6940,shoots 21d protocol a,Random Forest,3,0.0,0.7896148893698893
6945,shoots 21d protocol a,Random Forest,3,1.5833333333333333,0.6620678945297124
6958,shoots 21d protocol a,Random Forest,3,0.1666666666666666,1.0170332871505594
6961,shoots 21d protocol a,Random Forest,3,0.0,0.777593276815777
6970,shoots 21d protocol a,Random Forest,3,0.0,0.977400848309939
6981,shoots 21d protocol a,Random Forest,3,0.0,0.5080667147667144
6987,shoots 21d protocol a,Random Forest,3,0.0,0.6854940728715724
6992,shoots 21d protocol a,Random Forest,3,0.0,0.960135276903231
6997,shoots 21d protocol a,Random Forest,3,0.0,0.5485204244829247
7000,shoots 21d protocol a,Random Forest,3,0.0,0.6622455964405961
7025,shoots 21d protocol a,Random Forest,3,0.0,0.8409135644322018
7028,shoots 21d protocol a,Random Forest,3,0.0,0.5199765536315536
7031,shoots 21d protocol a,Random Forest,3,0.0,0.5550078266430538
7036,shoots 21d protocol a,Random Forest,3,0.5,0.7440070739866191
7062,shoots 21d protocol a,Random Forest,3,0.0,0.5973816019502379
7071,shoots 21d protocol a,Random Forest,3,0.1666666666666666,0.6539631914381903
7077,shoots 21d protocol a,Random Forest,3,2.9166666666666665,0.8292569668546944
7102,shoots 21d protocol a,Random Forest,3,0.2727272727272727,0.536590863395863
7117,shoots 21d protocol a,Random Forest,3,0.0,1.056231874699375
7119,shoots 21d protocol a,Random Forest,3,0.0,0.6908345250120246
7130,shoots 21d protocol a,Random Forest,3,1.5,0.42729518879268835
7147,shoots 21d protocol a,Random Forest,3,0.1666666666666666,0.5499487321264591
7161,shoots 21d protocol a,Random Forest,3,0.0,0.44053905242905217
7163,shoots 21d protocol a,Random Forest,3,0.0,0.6351565007215009
7169,shoots 21d protocol a,Random Forest,3,0.0,0.5834481067165154
7199,shoots 21d protocol a,Random Forest,3,0.0,0.6961714193886923
7202,shoots 21d protocol a,Random Forest,3,0.0,0.6982896012068743
7255,shoots 21d protocol a,Random Forest,3,0.0,0.6380729461279457
7268,shoots 21d protocol a,Random Forest,3,0.0,0.4625335822510817
7276,shoots 21d protocol a,Random Forest,3,0.0,0.6621468217893216
7282,shoots 21d protocol a,Random Forest,3,0.0833333333333333,0.6620951502033319
7314,shoots 21d protocol a,Random Forest,3,0.0,0.5101000481000478
7319,shoots 21d protocol a,Random Forest,3,0.0,0.6567905772005769
7343,shoots 21d protocol a,Random Forest,3,0.0,0.8830135669885666
7344,shoots 21d protocol a,Random Forest,3,7.0,0.6799452092352085
7372,shoots 21d protocol a,Random Forest,3,0.0,0.7683324557260925
7378,shoots 21d protocol a,Random Forest,3,0.0,0.578855055315055
7382,shoots 21d protocol a,Random Forest,3,0.0,0.7998951461585554
7411,shoots 21d protocol a,Random Forest,3,0.0,0.7224323688180506
7419,shoots 21d protocol a,Random Forest,3,16.833333333333332,0.7062732803139619
7514,shoots 21d protocol a,Random Forest,3,0.0,0.6561700649350639
8264,shoots 21d protocol a,Random Forest,3,0.0,0.8466520589595588
8311,shoots 21d protocol a,Random Forest,3,0.1666666666666666,0.8723271741221739
8312,shoots 21d protocol a,Random Forest,3,0.5,0.6304185341510348
8337,shoots 21d protocol a,Random Forest,3,0.8333333333333334,0.7089007905141994
8343,shoots 21d protocol a,Random Forest,3,0.0,0.6382560161135155
6929,shoots 21d protocol a,Random Forest,4,0.0,0.784747233263369
6931,shoots 21d protocol a,Random Forest,4,8.416666666666666,0.7544599605360968
6938,shoots 21d protocol a,Random Forest,4,0.6666666666666666,0.7156505191525646
6963,shoots 21d protocol a,Random Forest,4,0.0,0.6559706126197029
7323,shoots 21d protocol a,Random Forest,4,0.0,0.7985767919454282
7347,shoots 21d protocol a,Random Forest,4,0.0,0.8082098062123055
7471,shoots 21d protocol a,Random Forest,4,0.0,0.5619570622895623
763,shoots 21d protocol a,Random Forest,4,6.583333333333333,0.779758247804384
765,shoots 21d protocol a,Random Forest,4,0.0,0.887289652325788
772,shoots 21d protocol a,Random Forest,4,0.0,0.7785584692159688
9766,shoots 21d protocol a,Random Forest,4,0.0,0.9019261434272788
430,shoots 21d protocol b,Mean baseline,0,0.0,0.7974318388381714
5837,shoots 21d protocol b,Mean baseline,0,0.0,0.7974318388381714
6903,shoots 21d protocol b,Mean baseline,0,2.333333333333333,0.7974318388381714
6909,shoots 21d protocol b,Mean baseline,0,0.0909090909090909,0.7974318388381714
6919,shoots 21d protocol b,Mean baseline,0,0.0,0.7974318388381714
6951,shoots 21d protocol b,Mean baseline,0,1.0833333333333333,0.7974318388381714
6956,shoots 21d protocol b,Mean baseline,0,0.9166666666666666,0.7974318388381714
6975,shoots 21d protocol b,Mean baseline,0,0.0,0.7974318388381714
6979,shoots 21d protocol b,Mean baseline,0,0.3333333333333333,0.7974318388381714
6984,shoots 21d protocol b,Mean baseline,0,2.9166666666666665,0.7974318388381714
7096,shoots 21d protocol b,Mean baseline,0,0.0,0.7974318388381714
7103,shoots 21d protocol b,Mean baseline,0,0.0,0.7974318388381714
7106,shoots 21d protocol b,Mean baseline,0,0.0,0.7974318388381714
7120,shoots 21d protocol b,Mean baseline,0,0.0,0.7974318388381714
7126,shoots 21d protocol b,Mean baseline,0,0.0,0.7974318388381714
7127,shoots 21d protocol b,Mean baseline,0,0.3333333333333333,0.7974318388381714
7177,shoots 21d protocol b,Mean baseline,0,0.5833333333333334,0.7974318388381714
7203,shoots 21d protocol b,Mean baseline,0,0.0,0.7974318388381714
7207,shoots 21d protocol b,Mean baseline,0,7.333333333333333,0.7974318388381714
7208,shoots 21d protocol b,Mean baseline,0,0.1666666666666666,0.7974318388381714
7209,shoots 21d protocol b,Mean baseline,0,0.0,0.7974318388381714
7223,shoots 21d protocol b,Mean baseline,0,0.0,0.7974318388381714
7236,shoots 21d protocol b,Mean baseline,0,0.0,0.7974318388381714
7298,shoots 21d protocol b,Mean baseline,0,0.0,0.7974318388381714
7349,shoots 21d protocol b,Mean baseline,0,0.0,0.7974318388381714
7350,shoots 21d protocol b,Mean baseline,0,0.0,0.7974318388381714
7354,shoots 21d protocol b,Mean baseline,0,0.0,0.7974318388381714
7394,shoots 21d protocol b,Mean baseline,0,0.0,0.7974318388381714
7424,shoots 21d protocol b,Mean baseline,0,0.5833333333333334,0.7974318388381714
7460,shoots 21d protocol b,Mean baseline,0,0.0,0.7974318388381714
7520,shoots 21d protocol b,Mean baseline,0,13.375,0.7974318388381714
6908,shoots 21d protocol b,Mean baseline,1,0.3333333333333333,0.8956412927226227
6924,shoots 21d protocol b,Mean baseline,1,0.0,0.8956412927226227
6926,shoots 21d protocol b,Mean baseline,1,0.1666666666666666,0.8956412927226227
6944,shoots 21d protocol b,Mean baseline,1,0.4166666666666667,0.8956412927226227
6967,shoots 21d protocol b,Mean baseline,1,0.0,0.8956412927226227
6986,shoots 21d protocol b,Mean baseline,1,0.75,0.8956412927226227
6989,shoots 21d protocol b,Mean baseline,1,0.0,0.8956412927226227
7008,shoots 21d protocol b,Mean baseline,1,0.0,0.8956412927226227
7026,shoots 21d protocol b,Mean baseline,1,0.0,0.8956412927226227
7064,shoots 21d protocol b,Mean baseline,1,0.3333333333333333,0.8956412927226227
7092,shoots 21d protocol b,Mean baseline,1,0.0,0.8956412927226227
7107,shoots 21d protocol b,Mean baseline,1,0.0,0.8956412927226227
7109,shoots 21d protocol b,Mean baseline,1,0.5,0.8956412927226227
7160,shoots 21d protocol b,Mean baseline,1,0.0,0.8956412927226227
7217,shoots 21d protocol b,Mean baseline,1,2.9166666666666665,0.8956412927226227
7248,shoots 21d protocol b,Mean baseline,1,0.0,0.8956412927226227
7306,shoots 21d protocol b,Mean baseline,1,1.0833333333333333,0.8956412927226227
7320,shoots 21d protocol b,Mean baseline,1,0.0,0.8956412927226227
7342,shoots 21d protocol b,Mean baseline,1,0.25,0.8956412927226227
7356,shoots 21d protocol b,Mean baseline,1,0.0,0.8956412927226227
7383,shoots 21d protocol b,Mean baseline,1,0.0833333333333333,0.8956412927226227
7387,shoots 21d protocol b,Mean baseline,1,0.0,0.8956412927226227
7416,shoots 21d protocol b,Mean baseline,1,7.75,0.8956412927226227
7430,shoots 21d protocol b,Mean baseline,1,0.0,0.8956412927226227
7515,shoots 21d protocol b,Mean baseline,1,0.0,0.8956412927226227
7523,shoots 21d protocol b,Mean baseline,1,0.0,0.8956412927226227
8214,shoots 21d protocol b,Mean baseline,1,0.0,0.8956412927226227
6898,shoots 21d protocol b,Mean baseline,2,0.0,0.8500633028656127
6915,shoots 21d protocol b,Mean baseline,2,0.0,0.8500633028656127
6959,shoots 21d protocol b,Mean baseline,2,0.1666666666666666,0.8500633028656127
6968,shoots 21d protocol b,Mean baseline,2,0.0,0.8500633028656127
6982,shoots 21d protocol b,Mean baseline,2,0.0,0.8500633028656127
7002,shoots 21d protocol b,Mean baseline,2,0.0,0.8500633028656127
7013,shoots 21d protocol b,Mean baseline,2,0.0,0.8500633028656127
7061,shoots 21d protocol b,Mean baseline,2,0.0,0.8500633028656127
7072,shoots 21d protocol b,Mean baseline,2,0.0,0.8500633028656127
7143,shoots 21d protocol b,Mean baseline,2,0.75,0.8500633028656127
7162,shoots 21d protocol b,Mean baseline,2,0.0,0.8500633028656127
7165,shoots 21d protocol b,Mean baseline,2,0.0,0.8500633028656127
7192,shoots 21d protocol b,Mean baseline,2,0.0,0.8500633028656127
7244,shoots 21d protocol b,Mean baseline,2,0.0,0.8500633028656127
7287,shoots 21d protocol b,Mean baseline,2,0.0,0.8500633028656127
7305,shoots 21d protocol b,Mean baseline,2,0.0,0.8500633028656127
7316,shoots 21d protocol b,Mean baseline,2,3.8333333333333335,0.8500633028656127
7333,shoots 21d protocol b,Mean baseline,2,0.0,0.8500633028656127
7353,shoots 21d protocol b,Mean baseline,2,0.0,0.8500633028656127
7384,shoots 21d protocol b,Mean baseline,2,0.0,0.8500633028656127
7404,shoots 21d protocol b,Mean baseline,2,0.6470588235294118,0.8500633028656127
8366,shoots 21d protocol b,Mean baseline,2,1.0,0.8500633028656127
9762,shoots 21d protocol b,Mean baseline,2,4.333333333333333,0.8500633028656127
9764,shoots 21d protocol b,Mean baseline,2,7.0,0.8500633028656127
6897,shoots 21d protocol b,Mean baseline,3,0.0,0.768776301523421
6904,shoots 21d protocol b,Mean baseline,3,0.1666666666666666,0.768776301523421
6922,shoots 21d protocol b,Mean baseline,3,0.1363636363636363,0.768776301523421
6940,shoots 21d protocol b,Mean baseline,3,0.0,0.768776301523421
6945,shoots 21d protocol b,Mean baseline,3,2.5217391304347827,0.768776301523421
6958,shoots 21d protocol b,Mean baseline,3,1.0833333333333333,0.768776301523421
6961,shoots 21d protocol b,Mean baseline,3,0.0,0.768776301523421
6970,shoots 21d protocol b,Mean baseline,3,0.0,0.768776301523421
6981,shoots 21d protocol b,Mean baseline,3,0.9166666666666666,0.768776301523421
6987,shoots 21d protocol b,Mean baseline,3,6.666666666666667,0.768776301523421
6992,shoots 21d protocol b,Mean baseline,3,0.0,0.768776301523421
6997,shoots 21d protocol b,Mean baseline,3,0.0,0.768776301523421
7000,shoots 21d protocol b,Mean baseline,3,0.0,0.768776301523421
7003,shoots 21d protocol b,Mean baseline,3,1.4166666666666667,0.768776301523421
7014,shoots 21d protocol b,Mean baseline,3,0.0833333333333333,0.768776301523421
7025,shoots 21d protocol b,Mean baseline,3,0.0,0.768776301523421
7028,shoots 21d protocol b,Mean baseline,3,0.0,0.768776301523421
7031,shoots 21d protocol b,Mean baseline,3,0.0,0.768776301523421
7036,shoots 21d protocol b,Mean baseline,3,0.4,0.768776301523421
7062,shoots 21d protocol b,Mean baseline,3,0.1818181818181818,0.768776301523421
7068,shoots 21d protocol b,Mean baseline,3,0.0,0.768776301523421
7071,shoots 21d protocol b,Mean baseline,3,0.0833333333333333,0.768776301523421
7077,shoots 21d protocol b,Mean baseline,3,0.5833333333333334,0.768776301523421
7102,shoots 21d protocol b,Mean baseline,3,1.5,0.768776301523421
7117,shoots 21d protocol b,Mean baseline,3,0.0,0.768776301523421
7119,shoots 21d protocol b,Mean baseline,3,0.3333333333333333,0.768776301523421
7130,shoots 21d protocol b,Mean baseline,3,1.6666666666666667,0.768776301523421
7133,shoots 21d protocol b,Mean baseline,3,0.0,0.768776301523421
7147,shoots 21d protocol b,Mean baseline,3,0.0,0.768776301523421
7161,shoots 21d protocol b,Mean baseline,3,0.0,0.768776301523421
7163,shoots 21d protocol b,Mean baseline,3,0.0,0.768776301523421
7169,shoots 21d protocol b,Mean baseline,3,0.5833333333333334,0.768776301523421
7199,shoots 21d protocol b,Mean baseline,3,0.0,0.768776301523421
7202,shoots 21d protocol b,Mean baseline,3,0.0,0.768776301523421
7255,shoots 21d protocol b,Mean baseline,3,0.0,0.768776301523421
7268,shoots 21d protocol b,Mean baseline,3,0.8333333333333334,0.768776301523421
7276,shoots 21d protocol b,Mean baseline,3,0.0,0.768776301523421
7282,shoots 21d protocol b,Mean baseline,3,0.8333333333333334,0.768776301523421
7314,shoots 21d protocol b,Mean baseline,3,0.25,0.768776301523421
7319,shoots 21d protocol b,Mean baseline,3,0.6666666666666666,0.768776301523421
7337,shoots 21d protocol b,Mean baseline,3,6.5,0.768776301523421
7343,shoots 21d protocol b,Mean baseline,3,0.0,0.768776301523421
7344,shoots 21d protocol b,Mean baseline,3,5.833333333333333,0.768776301523421
7372,shoots 21d protocol b,Mean baseline,3,0.8333333333333334,0.768776301523421
7378,shoots 21d protocol b,Mean baseline,3,3.8333333333333335,0.768776301523421
7382,shoots 21d protocol b,Mean baseline,3,0.0,0.768776301523421
7411,shoots 21d protocol b,Mean baseline,3,0.0833333333333333,0.768776301523421
7419,shoots 21d protocol b,Mean baseline,3,10.727272727272728,0.768776301523421
7514,shoots 21d protocol b,Mean baseline,3,0.0,0.768776301523421
8264,shoots 21d protocol b,Mean baseline,3,0.0833333333333333,0.768776301523421
8311,shoots 21d protocol b,Mean baseline,3,0.0,0.768776301523421
8312,shoots 21d protocol b,Mean baseline,3,0.75,0.768776301523421
8337,shoots 21d protocol b,Mean baseline,3,2.4166666666666665,0.768776301523421
8343,shoots 21d protocol b,Mean baseline,3,0.0,0.768776301523421
9759,shoots 21d protocol b,Mean baseline,3,0.0,0.768776301523421
6929,shoots 21d protocol b,Mean baseline,4,0.1666666666666666,0.8345267269366995
6931,shoots 21d protocol b,Mean baseline,4,7.875,0.8345267269366995
6938,shoots 21d protocol b,Mean baseline,4,0.0,0.8345267269366995
6963,shoots 21d protocol b,Mean baseline,4,0.0,0.8345267269366995
7323,shoots 21d protocol b,Mean baseline,4,0.0,0.8345267269366995
7347,shoots 21d protocol b,Mean baseline,4,0.9166666666666666,0.8345267269366995
7471,shoots 21d protocol b,Mean baseline,4,0.0,0.8345267269366995
763,shoots 21d protocol b,Mean baseline,4,0.9166666666666666,0.8345267269366995
765,shoots 21d protocol b,Mean baseline,4,0.1666666666666666,0.8345267269366995
766,shoots 21d protocol b,Mean baseline,4,0.0,0.8345267269366995
768,shoots 21d protocol b,Mean baseline,4,1.75,0.8345267269366995
772,shoots 21d protocol b,Mean baseline,4,0.0,0.8345267269366995
8424,shoots 21d protocol b,Mean baseline,4,0.0,0.8345267269366995
9758,shoots 21d protocol b,Mean baseline,4,0.0,0.8345267269366995
9766,shoots 21d protocol b,Mean baseline,4,0.4166666666666667,0.8345267269366995
430,shoots 21d protocol b,Elastic Net,0,0.0,0.9337842464447021
5837,shoots 21d protocol b,Elastic Net,0,0.0,0.8489471077919006
6903,shoots 21d protocol b,Elastic Net,0,2.333333333333333,1.3865435123443604
6909,shoots 21d protocol b,Elastic Net,0,0.0909090909090909,15.778534889221191
6919,shoots 21d protocol b,Elastic Net,0,0.0,5.6304450035095215
6951,shoots 21d protocol b,Elastic Net,0,1.0833333333333333,2.790351152420044
6956,shoots 21d protocol b,Elastic Net,0,0.9166666666666666,3.788343906402588
6975,shoots 21d protocol b,Elastic Net,0,0.0,-0.01242595911026001
6979,shoots 21d protocol b,Elastic Net,0,0.3333333333333333,0.9448037147521973
6984,shoots 21d protocol b,Elastic Net,0,2.9166666666666665,1.2106761932373047
7096,shoots 21d protocol b,Elastic Net,0,0.0,0.9088958501815796
7103,shoots 21d protocol b,Elastic Net,0,0.0,2.620795726776123
7106,shoots 21d protocol b,Elastic Net,0,0.0,1.3059146404266357
7120,shoots 21d protocol b,Elastic Net,0,0.0,1.7407090663909912
7126,shoots 21d protocol b,Elastic Net,0,0.0,0.16989505290985107
7127,shoots 21d protocol b,Elastic Net,0,0.3333333333333333,1.0219959020614624
7177,shoots 21d protocol b,Elastic Net,0,0.5833333333333334,3.246994733810425
7203,shoots 21d protocol b,Elastic Net,0,0.0,1.4911906719207764
7207,shoots 21d protocol b,Elastic Net,0,7.333333333333333,2.0018439292907715
7208,shoots 21d protocol b,Elastic Net,0,0.1666666666666666,15.578232765197754
7209,shoots 21d protocol b,Elastic Net,0,0.0,0.8141547441482544
7223,shoots 21d protocol b,Elastic Net,0,0.0,3.343275308609009
7236,shoots 21d protocol b,Elastic Net,0,0.0,1.4377098083496094
7298,shoots 21d protocol b,Elastic Net,0,0.0,1.5597796440124512
7349,shoots 21d protocol b,Elastic Net,0,0.0,3.322991371154785
7350,shoots 21d protocol b,Elastic Net,0,0.0,3.2860727310180664
7354,shoots 21d protocol b,Elastic Net,0,0.0,3.1117641925811768
7394,shoots 21d protocol b,Elastic Net,0,0.0,3.8675665855407715
7424,shoots 21d protocol b,Elastic Net,0,0.5833333333333334,1.0373526811599731
7460,shoots 21d protocol b,Elastic Net,0,0.0,2.76192045211792
7520,shoots 21d protocol b,Elastic Net,0,13.375,4.780928611755371
6908,shoots 21d protocol b,Elastic Net,1,0.3333333333333333,0.4226357042789459
6924,shoots 21d protocol b,Elastic Net,1,0.0,-0.03380477428436279
6926,shoots 21d protocol b,Elastic Net,1,0.1666666666666666,0.6115976572036743
6944,shoots 21d protocol b,Elastic Net,1,0.4166666666666667,1.0813897848129272
6967,shoots 21d protocol b,Elastic Net,1,0.0,0.03386330604553223
6986,shoots 21d protocol b,Elastic Net,1,0.75,1.1118501424789429
6989,shoots 21d protocol b,Elastic Net,1,0.0,0.26613831520080566
7008,shoots 21d protocol b,Elastic Net,1,0.0,0.4264914393424988
7026,shoots 21d protocol b,Elastic Net,1,0.0,-0.5402061939239502
7064,shoots 21d protocol b,Elastic Net,1,0.3333333333333333,0.37847453355789185
7092,shoots 21d protocol b,Elastic Net,1,0.0,-1.1008249521255493
7107,shoots 21d protocol b,Elastic Net,1,0.0,-0.9636833667755127
7109,shoots 21d protocol b,Elastic Net,1,0.5,1.1118501424789429
7160,shoots 21d protocol b,Elastic Net,1,0.0,1.062997817993164
7217,shoots 21d protocol b,Elastic Net,1,2.9166666666666665,-0.2558302879333496
7248,shoots 21d protocol b,Elastic Net,1,0.0,1.062997817993164
7306,shoots 21d protocol b,Elastic Net,1,1.0833333333333333,-0.43303537368774414
7320,shoots 21d protocol b,Elastic Net,1,0.0,0.4480879604816437
7342,shoots 21d protocol b,Elastic Net,1,0.25,1.8315508365631104
7356,shoots 21d protocol b,Elastic Net,1,0.0,0.42880377173423767
7383,shoots 21d protocol b,Elastic Net,1,0.0833333333333333,-0.5725793838500977
7387,shoots 21d protocol b,Elastic Net,1,0.0,0.017638564109802246
7416,shoots 21d protocol b,Elastic Net,1,7.75,-0.2063441276550293
7430,shoots 21d protocol b,Elastic Net,1,0.0,0.9992356300354004
7515,shoots 21d protocol b,Elastic Net,1,0.0,1.062997817993164
7523,shoots 21d protocol b,Elastic Net,1,0.0,0.021794795989990234
8214,shoots 21d protocol b,Elastic Net,1,0.0,2.9910049438476562
6898,shoots 21d protocol b,Elastic Net,2,0.0,-0.36057770252227783
6915,shoots 21d protocol b,Elastic Net,2,0.0,0.9239736795425415
6959,shoots 21d protocol b,Elastic Net,2,0.1666666666666666,3.432323932647705
6968,shoots 21d protocol b,Elastic Net,2,0.0,2.0400965213775635
6982,shoots 21d protocol b,Elastic Net,2,0.0,5.101592063903809
7002,shoots 21d protocol b,Elastic Net,2,0.0,1.0740718841552734
7013,shoots 21d protocol b,Elastic Net,2,0.0,0.1572226881980896
7061,shoots 21d protocol b,Elastic Net,2,0.0,0.3497340679168701
7072,shoots 21d protocol b,Elastic Net,2,0.0,4.424025535583496
7143,shoots 21d protocol b,Elastic Net,2,0.75,2.985822916030884
7162,shoots 21d protocol b,Elastic Net,2,0.0,-0.2901921272277832
7165,shoots 21d protocol b,Elastic Net,2,0.0,2.732862949371338
7192,shoots 21d protocol b,Elastic Net,2,0.0,2.2166929244995117
7244,shoots 21d protocol b,Elastic Net,2,0.0,4.325935363769531
7287,shoots 21d protocol b,Elastic Net,2,0.0,1.3643369674682617
7305,shoots 21d protocol b,Elastic Net,2,0.0,-0.6432071924209595
7316,shoots 21d protocol b,Elastic Net,2,3.8333333333333335,1.6336028575897217
7333,shoots 21d protocol b,Elastic Net,2,0.0,3.4598212242126465
7353,shoots 21d protocol b,Elastic Net,2,0.0,0.17300307750701904
7384,shoots 21d protocol b,Elastic Net,2,0.0,2.401289224624634
7404,shoots 21d protocol b,Elastic Net,2,0.6470588235294118,1.2126967906951904
8366,shoots 21d protocol b,Elastic Net,2,1.0,1.8999792337417603
9762,shoots 21d protocol b,Elastic Net,2,4.333333333333333,1.160420298576355
9764,shoots 21d protocol b,Elastic Net,2,7.0,2.867204427719116
6897,shoots 21d protocol b,Elastic Net,3,0.0,-0.6114217638969421
6904,shoots 21d protocol b,Elastic Net,3,0.1666666666666666,1.2173460721969604
6922,shoots 21d protocol b,Elastic Net,3,0.1363636363636363,1.5827981233596802
6940,shoots 21d protocol b,Elastic Net,3,0.0,2.6069116592407227
6945,shoots 21d protocol b,Elastic Net,3,2.5217391304347827,0.16155177354812622
6958,shoots 21d protocol b,Elastic Net,3,1.0833333333333333,3.361380100250244
6961,shoots 21d protocol b,Elastic Net,3,0.0,1.5970088243484497
6970,shoots 21d protocol b,Elastic Net,3,0.0,2.0161097049713135
6981,shoots 21d protocol b,Elastic Net,3,0.9166666666666666,0.43640977144241333
6987,shoots 21d protocol b,Elastic Net,3,6.666666666666667,2.671006917953491
6992,shoots 21d protocol b,Elastic Net,3,0.0,1.174007773399353
6997,shoots 21d protocol b,Elastic Net,3,0.0,0.26081740856170654
7000,shoots 21d protocol b,Elastic Net,3,0.0,1.0904240608215332
7003,shoots 21d protocol b,Elastic Net,3,1.4166666666666667,0.987115740776062
7014,shoots 21d protocol b,Elastic Net,3,0.0833333333333333,1.2534396648406982
7025,shoots 21d protocol b,Elastic Net,3,0.0,2.913987159729004
7028,shoots 21d protocol b,Elastic Net,3,0.0,2.020873546600342
7031,shoots 21d protocol b,Elastic Net,3,0.0,0.4433937668800354
7036,shoots 21d protocol b,Elastic Net,3,0.4,1.5464190244674683
7062,shoots 21d protocol b,Elastic Net,3,0.1818181818181818,2.4467411041259766
7068,shoots 21d protocol b,Elastic Net,3,0.0,1.3750272989273071
7071,shoots 21d protocol b,Elastic Net,3,0.0833333333333333,3.524792194366455
7077,shoots 21d protocol b,Elastic Net,3,0.5833333333333334,2.6264631748199463
7102,shoots 21d protocol b,Elastic Net,3,1.5,0.9629780054092407
7117,shoots 21d protocol b,Elastic Net,3,0.0,3.709606885910034
7119,shoots 21d protocol b,Elastic Net,3,0.3333333333333333,2.541755437850952
7130,shoots 21d protocol b,Elastic Net,3,1.6666666666666667,-0.2305382490158081
7133,shoots 21d protocol b,Elastic Net,3,0.0,-0.058414578437805176
7147,shoots 21d protocol b,Elastic Net,3,0.0,0.5433740019798279
7161,shoots 21d protocol b,Elastic Net,3,0.0,1.2652004957199097
7163,shoots 21d protocol b,Elastic Net,3,0.0,2.248408317565918
7169,shoots 21d protocol b,Elastic Net,3,0.5833333333333334,0.7801109552383423
7199,shoots 21d protocol b,Elastic Net,3,0.0,2.5772206783294678
7202,shoots 21d protocol b,Elastic Net,3,0.0,2.5772206783294678
7255,shoots 21d protocol b,Elastic Net,3,0.0,3.2466483116149902
7268,shoots 21d protocol b,Elastic Net,3,0.8333333333333334,1.100887656211853
7276,shoots 21d protocol b,Elastic Net,3,0.0,4.161919593811035
7282,shoots 21d protocol b,Elastic Net,3,0.8333333333333334,2.3994252681732178
7314,shoots 21d protocol b,Elastic Net,3,0.25,0.43640977144241333
7319,shoots 21d protocol b,Elastic Net,3,0.6666666666666666,1.915480613708496
7337,shoots 21d protocol b,Elastic Net,3,6.5,1.125304102897644
7343,shoots 21d protocol b,Elastic Net,3,0.0,2.4575655460357666
7344,shoots 21d protocol b,Elastic Net,3,5.833333333333333,0.7800361514091492
7372,shoots 21d protocol b,Elastic Net,3,0.8333333333333334,1.7520792484283447
7378,shoots 21d protocol b,Elastic Net,3,3.8333333333333335,0.42906174063682556
7382,shoots 21d protocol b,Elastic Net,3,0.0,0.6994829177856445
7411,shoots 21d protocol b,Elastic Net,3,0.0833333333333333,0.823286771774292
7419,shoots 21d protocol b,Elastic Net,3,10.727272727272728,2.683027982711792
7514,shoots 21d protocol b,Elastic Net,3,0.0,1.1480374336242676
8264,shoots 21d protocol b,Elastic Net,3,0.0833333333333333,4.019021987915039
8311,shoots 21d protocol b,Elastic Net,3,0.0,0.08511638641357422
8312,shoots 21d protocol b,Elastic Net,3,0.75,-0.613646924495697
8337,shoots 21d protocol b,Elastic Net,3,2.4166666666666665,0.3523006737232208
8343,shoots 21d protocol b,Elastic Net,3,0.0,0.06895238161087036
9759,shoots 21d protocol b,Elastic Net,3,0.0,1.5484378337860107
6929,shoots 21d protocol b,Elastic Net,4,0.1666666666666666,-0.442801296710968
6931,shoots 21d protocol b,Elastic Net,4,7.875,1.69683837890625
6938,shoots 21d protocol b,Elastic Net,4,0.0,-0.28062957525253296
6963,shoots 21d protocol b,Elastic Net,4,0.0,-0.08831614255905151
7323,shoots 21d protocol b,Elastic Net,4,0.0,0.7404214143753052
7347,shoots 21d protocol b,Elastic Net,4,0.9166666666666666,0.354086697101593
7471,shoots 21d protocol b,Elastic Net,4,0.0,0.3795529901981354
763,shoots 21d protocol b,Elastic Net,4,0.9166666666666666,0.21169108152389526
765,shoots 21d protocol b,Elastic Net,4,0.1666666666666666,0.7037227153778076
766,shoots 21d protocol b,Elastic Net,4,0.0,0.7867674827575684
768,shoots 21d protocol b,Elastic Net,4,1.75,0.7653597593307495
772,shoots 21d protocol b,Elastic Net,4,0.0,0.37043172121047974
8424,shoots 21d protocol b,Elastic Net,4,0.0,1.9972119331359863
9758,shoots 21d protocol b,Elastic Net,4,0.0,1.4352195262908936
9766,shoots 21d protocol b,Elastic Net,4,0.4166666666666667,0.888414204120636
430,shoots 21d protocol b,Kernel Ridge,0,0.0,0.0010937454164469808
5837,shoots 21d protocol b,Kernel Ridge,0,0.0,0.0013302982263755333
6903,shoots 21d protocol b,Kernel Ridge,0,2.333333333333333,0.0009337752001432984
6909,shoots 21d protocol b,Kernel Ridge,0,0.0909090909090909,1.5572478807837832e-06
6919,shoots 21d protocol b,Kernel Ridge,0,0.0,0.001220049019141732
6951,shoots 21d protocol b,Kernel Ridge,0,1.0833333333333333,0.0013142112830325041
6956,shoots 21d protocol b,Kernel Ridge,0,0.9166666666666666,0.0011171990441996335
6975,shoots 21d protocol b,Kernel Ridge,0,0.0,0.0018646764916283066
6979,shoots 21d protocol b,Kernel Ridge,0,0.3333333333333333,0.0029523683019511806
6984,shoots 21d protocol b,Kernel Ridge,0,2.9166666666666665,0.0007079794369889009
7096,shoots 21d protocol b,Kernel Ridge,0,0.0,0.0009157428037558695
7103,shoots 21d protocol b,Kernel Ridge,0,0.0,0.0005879595867186611
7106,shoots 21d protocol b,Kernel Ridge,0,0.0,0.0019054740586143724
7120,shoots 21d protocol b,Kernel Ridge,0,0.0,0.0026993819909496525
7126,shoots 21d protocol b,Kernel Ridge,0,0.0,0.0012692271494135236
7127,shoots 21d protocol b,Kernel Ridge,0,0.3333333333333333,0.0008542349286606176
7177,shoots 21d protocol b,Kernel Ridge,0,0.5833333333333334,0.0016845788219847233
7203,shoots 21d protocol b,Kernel Ridge,0,0.0,0.0004058793040729631
7207,shoots 21d protocol b,Kernel Ridge,0,7.333333333333333,0.0016563148013646657
7208,shoots 21d protocol b,Kernel Ridge,0,0.1666666666666666,2.3497105005877012e-06
7209,shoots 21d protocol b,Kernel Ridge,0,0.0,0.0009112323120122756
7223,shoots 21d protocol b,Kernel Ridge,0,0.0,0.0013167119334990256
7236,shoots 21d protocol b,Kernel Ridge,0,0.0,0.0017865091085697946
7298,shoots 21d protocol b,Kernel Ridge,0,0.0,0.0018168318008103949
7349,shoots 21d protocol b,Kernel Ridge,0,0.0,0.0005090963344445621
7350,shoots 21d protocol b,Kernel Ridge,0,0.0,0.000545537570094575
7354,shoots 21d protocol b,Kernel Ridge,0,0.0,0.0025232477538789126
7394,shoots 21d protocol b,Kernel Ridge,0,0.0,0.001846270242079658
7424,shoots 21d protocol b,Kernel Ridge,0,0.5833333333333334,0.0012825684975907852
7460,shoots 21d protocol b,Kernel Ridge,0,0.0,0.0005639944503297711
7520,shoots 21d protocol b,Kernel Ridge,0,13.375,0.0009874661200358137
6908,shoots 21d protocol b,Kernel Ridge,1,0.3333333333333333,0.0015807880597528976
6924,shoots 21d protocol b,Kernel Ridge,1,0.0,0.0010296571479950696
6926,shoots 21d protocol b,Kernel Ridge,1,0.1666666666666666,0.0014510141475989956
6944,shoots 21d protocol b,Kernel Ridge,1,0.4166666666666667,0.0014351308227033353
6967,shoots 21d protocol b,Kernel Ridge,1,0.0,0.0007345613267087848
6986,shoots 21d protocol b,Kernel Ridge,1,0.75,0.0011288129732735224
6989,shoots 21d protocol b,Kernel Ridge,1,0.0,0.001674143484876298
7008,shoots 21d protocol b,Kernel Ridge,1,0.0,0.0015960734246198132
7026,shoots 21d protocol b,Kernel Ridge,1,0.0,0.0015865546390267742
7064,shoots 21d protocol b,Kernel Ridge,1,0.3333333333333333,0.001061156660981083
7092,shoots 21d protocol b,Kernel Ridge,1,0.0,0.0018701384324617983
7107,shoots 21d protocol b,Kernel Ridge,1,0.0,0.0025737604248778603
7109,shoots 21d protocol b,Kernel Ridge,1,0.5,0.0011421820217798523
7160,shoots 21d protocol b,Kernel Ridge,1,0.0,0.0011571572171729667
7217,shoots 21d protocol b,Kernel Ridge,1,2.9166666666666665,0.001544139345128026
7248,shoots 21d protocol b,Kernel Ridge,1,0.0,0.0011691863833894625
7306,shoots 21d protocol b,Kernel Ridge,1,1.0833333333333333,0.0013451982767232337
7320,shoots 21d protocol b,Kernel Ridge,1,0.0,0.0010968862640603
7342,shoots 21d protocol b,Kernel Ridge,1,0.25,0.0019803313070854305
7356,shoots 21d protocol b,Kernel Ridge,1,0.0,0.0011626034387773158
7383,shoots 21d protocol b,Kernel Ridge,1,0.0833333333333333,0.0016924770967461282
7387,shoots 21d protocol b,Kernel Ridge,1,0.0,0.0020244566346273307
7416,shoots 21d protocol b,Kernel Ridge,1,7.75,0.0018453777376733352
7430,shoots 21d protocol b,Kernel Ridge,1,0.0,0.003021791868256359
7515,shoots 21d protocol b,Kernel Ridge,1,0.0,0.0011695430180476772
7523,shoots 21d protocol b,Kernel Ridge,1,0.0,0.0008680765919552454
8214,shoots 21d protocol b,Kernel Ridge,1,0.0,0.0008109224536640801
6898,shoots 21d protocol b,Kernel Ridge,2,0.0,0.001990090938995744
6915,shoots 21d protocol b,Kernel Ridge,2,0.0,0.0021760408447398377
6959,shoots 21d protocol b,Kernel Ridge,2,0.1666666666666666,0.0010456443809927487
6968,shoots 21d protocol b,Kernel Ridge,2,0.0,0.0012864915243948475
6982,shoots 21d protocol b,Kernel Ridge,2,0.0,0.001140036708350479
7002,shoots 21d protocol b,Kernel Ridge,2,0.0,0.0006721998498445555
7013,shoots 21d protocol b,Kernel Ridge,2,0.0,0.0025806970783602643
7061,shoots 21d protocol b,Kernel Ridge,2,0.0,0.0007848641369307037
7072,shoots 21d protocol b,Kernel Ridge,2,0.0,0.0023939517078702386
7143,shoots 21d protocol b,Kernel Ridge,2,0.75,0.0007535004911587136
7162,shoots 21d protocol b,Kernel Ridge,2,0.0,0.0017417648036433626
7165,shoots 21d protocol b,Kernel Ridge,2,0.0,0.0011221899099799078
7192,shoots 21d protocol b,Kernel Ridge,2,0.0,0.003435841405359177
7244,shoots 21d protocol b,Kernel Ridge,2,0.0,0.0006787344387937983
7287,shoots 21d protocol b,Kernel Ridge,2,0.0,0.0019267211741579974
7305,shoots 21d protocol b,Kernel Ridge,2,0.0,0.0008458457257478955
7316,shoots 21d protocol b,Kernel Ridge,2,3.8333333333333335,0.0016617678709884608
7333,shoots 21d protocol b,Kernel Ridge,2,0.0,0.0036864627979010522
7353,shoots 21d protocol b,Kernel Ridge,2,0.0,0.0006965101024663234
7384,shoots 21d protocol b,Kernel Ridge,2,0.0,0.0036267521203283536
7404,shoots 21d protocol b,Kernel Ridge,2,0.6470588235294118,0.002752581668602465
8366,shoots 21d protocol b,Kernel Ridge,2,1.0,0.0019190024183317438
9762,shoots 21d protocol b,Kernel Ridge,2,4.333333333333333,0.00035080459251227424
9764,shoots 21d protocol b,Kernel Ridge,2,7.0,0.00028236572119908843
6897,shoots 21d protocol b,Kernel Ridge,3,0.0,0.0018549548233811309
6904,shoots 21d protocol b,Kernel Ridge,3,0.1666666666666666,0.0012898582964008265
6922,shoots 21d protocol b,Kernel Ridge,3,0.1363636363636363,0.0012218524816753789
6940,shoots 21d protocol b,Kernel Ridge,3,0.0,0.0012517022733975465
6945,shoots 21d protocol b,Kernel Ridge,3,2.5217391304347827,0.001763184644134906
6958,shoots 21d protocol b,Kernel Ridge,3,1.0833333333333333,0.0007396637018243946
6961,shoots 21d protocol b,Kernel Ridge,3,0.0,0.0005189687356531541
6970,shoots 21d protocol b,Kernel Ridge,3,0.0,0.0007319890502808919
6981,shoots 21d protocol b,Kernel Ridge,3,0.9166666666666666,0.001648382643496608
6987,shoots 21d protocol b,Kernel Ridge,3,6.666666666666667,0.0006700644833038251
6992,shoots 21d protocol b,Kernel Ridge,3,0.0,0.0008636252510386517
6997,shoots 21d protocol b,Kernel Ridge,3,0.0,0.000700043692585118
7000,shoots 21d protocol b,Kernel Ridge,3,0.0,0.0008350489247411964
7003,shoots 21d protocol b,Kernel Ridge,3,1.4166666666666667,0.0008363441441711184
7014,shoots 21d protocol b,Kernel Ridge,3,0.0833333333333333,0.0011839089791608661
7025,shoots 21d protocol b,Kernel Ridge,3,0.0,0.0027077384168726027
7028,shoots 21d protocol b,Kernel Ridge,3,0.0,0.001646195104573591
7031,shoots 21d protocol b,Kernel Ridge,3,0.0,0.0016361031187949856
7036,shoots 21d protocol b,Kernel Ridge,3,0.4,0.0015951055476619727
7062,shoots 21d protocol b,Kernel Ridge,3,0.1818181818181818,0.0008335381884323174
7068,shoots 21d protocol b,Kernel Ridge,3,0.0,0.0017175269471388015
7071,shoots 21d protocol b,Kernel Ridge,3,0.0833333333333333,0.0008194301077542931
7077,shoots 21d protocol b,Kernel Ridge,3,0.5833333333333334,0.0006710067808205776
7102,shoots 21d protocol b,Kernel Ridge,3,1.5,0.0011466790818720938
7117,shoots 21d protocol b,Kernel Ridge,3,0.0,0.0008489072553890544
7119,shoots 21d protocol b,Kernel Ridge,3,0.3333333333333333,0.0006978387582552663
7130,shoots 21d protocol b,Kernel Ridge,3,1.6666666666666667,0.0008271685450331331
7133,shoots 21d protocol b,Kernel Ridge,3,0.0,0.0006740288883977095
7147,shoots 21d protocol b,Kernel Ridge,3,0.0,0.0016889742400309623
7161,shoots 21d protocol b,Kernel Ridge,3,0.0,0.0004729236165271864
7163,shoots 21d protocol b,Kernel Ridge,3,0.0,0.0019199658400571762
7169,shoots 21d protocol b,Kernel Ridge,3,0.5833333333333334,0.00044737122402394345
7199,shoots 21d protocol b,Kernel Ridge,3,0.0,0.00020958745086111663
7202,shoots 21d protocol b,Kernel Ridge,3,0.0,0.00021176067106203463
7255,shoots 21d protocol b,Kernel Ridge,3,0.0,0.0019943142240439462
7268,shoots 21d protocol b,Kernel Ridge,3,0.8333333333333334,0.0025840675358703366
7276,shoots 21d protocol b,Kernel Ridge,3,0.0,0.0023009237470433246
7282,shoots 21d protocol b,Kernel Ridge,3,0.8333333333333334,0.0007835597792450721
7314,shoots 21d protocol b,Kernel Ridge,3,0.25,0.0016355510920649805
7319,shoots 21d protocol b,Kernel Ridge,3,0.6666666666666666,0.0011023881536533964
7337,shoots 21d protocol b,Kernel Ridge,3,6.5,0.000952208308520131
7343,shoots 21d protocol b,Kernel Ridge,3,0.0,0.005396059522651251
7344,shoots 21d protocol b,Kernel Ridge,3,5.833333333333333,0.0016482100626179772
7372,shoots 21d protocol b,Kernel Ridge,3,0.8333333333333334,0.002203709497222895
7378,shoots 21d protocol b,Kernel Ridge,3,3.8333333333333335,0.0012653865310596547
7382,shoots 21d protocol b,Kernel Ridge,3,0.0,0.0009122773196495258
7411,shoots 21d protocol b,Kernel Ridge,3,0.0833333333333333,0.002178753123562902
7419,shoots 21d protocol b,Kernel Ridge,3,10.727272727272728,0.0013094779514775075
7514,shoots 21d protocol b,Kernel Ridge,3,0.0,0.0025980743054170538
8264,shoots 21d protocol b,Kernel Ridge,3,0.0833333333333333,0.001086352180526554
8311,shoots 21d protocol b,Kernel Ridge,3,0.0,0.0026327517827711812
8312,shoots 21d protocol b,Kernel Ridge,3,0.75,0.0011490156595910597
8337,shoots 21d protocol b,Kernel Ridge,3,2.4166666666666665,0.0012676759740954285
8343,shoots 21d protocol b,Kernel Ridge,3,0.0,0.0008385113922630496
9759,shoots 21d protocol b,Kernel Ridge,3,0.0,0.0015067377464218392
6929,shoots 21d protocol b,Kernel Ridge,4,0.1666666666666666,0.00012941116714534236
6931,shoots 21d protocol b,Kernel Ridge,4,7.875,0.0007488604449049413
6938,shoots 21d protocol b,Kernel Ridge,4,0.0,0.00019886125385302879
6963,shoots 21d protocol b,Kernel Ridge,4,0.0,0.00025529167428500055
7323,shoots 21d protocol b,Kernel Ridge,4,0.0,0.00036948183404608513
7347,shoots 21d protocol b,Kernel Ridge,4,0.9166666666666666,0.00047664055572328024
7471,shoots 21d protocol b,Kernel Ridge,4,0.0,0.000902241494940694
763,shoots 21d protocol b,Kernel Ridge,4,0.9166666666666666,0.00017656217677900342
765,shoots 21d protocol b,Kernel Ridge,4,0.1666666666666666,0.00014003511511210797
766,shoots 21d protocol b,Kernel Ridge,4,0.0,0.00012786487728017054
768,shoots 21d protocol b,Kernel Ridge,4,1.75,0.00011011109009898066
772,shoots 21d protocol b,Kernel Ridge,4,0.0,0.00012268554913655872
8424,shoots 21d protocol b,Kernel Ridge,4,0.0,0.00022880872126254234
9758,shoots 21d protocol b,Kernel Ridge,4,0.0,0.0005580679753178734
9766,shoots 21d protocol b,Kernel Ridge,4,0.4166666666666667,0.00018554588194951002
430,shoots 21d protocol b,Random Forest,0,0.0,0.7476275603574929
5837,shoots 21d protocol b,Random Forest,0,0.0,0.9660061341796474
6903,shoots 21d protocol b,Random Forest,0,2.333333333333333,1.028802887814617
6909,shoots 21d protocol b,Random Forest,0,0.0909090909090909,0.8897712815916202
6919,shoots 21d protocol b,Random Forest,0,0.0,1.7770160334866172
6951,shoots 21d protocol b,Random Forest,0,1.0833333333333333,1.1394560169373604
6956,shoots 21d protocol b,Random Forest,0,0.9166666666666666,1.3034388849123313
6975,shoots 21d protocol b,Random Forest,0,0.0,1.4406711831667491
6979,shoots 21d protocol b,Random Forest,0,0.3333333333333333,1.1496312806032172
6984,shoots 21d protocol b,Random Forest,0,2.9166666666666665,1.329084879680263
7096,shoots 21d protocol b,Random Forest,0,0.0,1.2782014979608098
7103,shoots 21d protocol b,Random Forest,0,0.0,1.1866301255429708
7106,shoots 21d protocol b,Random Forest,0,0.0,1.9209069356339223
7120,shoots 21d protocol b,Random Forest,0,0.0,1.7181566325214759
7126,shoots 21d protocol b,Random Forest,0,0.0,0.7675965676725242
7127,shoots 21d protocol b,Random Forest,0,0.3333333333333333,1.2638990165216277
7177,shoots 21d protocol b,Random Forest,0,0.5833333333333334,1.8832264617874144
7203,shoots 21d protocol b,Random Forest,0,0.0,2.1289439234995893
7207,shoots 21d protocol b,Random Forest,0,7.333333333333333,1.356181421255576
7208,shoots 21d protocol b,Random Forest,0,0.1666666666666666,0.8453742803405269
7209,shoots 21d protocol b,Random Forest,0,0.0,1.300500455321532
7223,shoots 21d protocol b,Random Forest,0,0.0,1.7560491691312203
7236,shoots 21d protocol b,Random Forest,0,0.0,1.2126754707798655
7298,shoots 21d protocol b,Random Forest,0,0.0,1.7147470774300055
7349,shoots 21d protocol b,Random Forest,0,0.0,1.5343623317185564
7350,shoots 21d protocol b,Random Forest,0,0.0,1.5235060354222598
7354,shoots 21d protocol b,Random Forest,0,0.0,1.1548854879008998
7394,shoots 21d protocol b,Random Forest,0,0.0,1.4076024439495132
7424,shoots 21d protocol b,Random Forest,0,0.5833333333333334,1.2426367444972144
7460,shoots 21d protocol b,Random Forest,0,0.0,1.1820610057738512
7520,shoots 21d protocol b,Random Forest,0,13.375,1.0346597363181955
6908,shoots 21d protocol b,Random Forest,1,0.3333333333333333,1.001964860910669
6924,shoots 21d protocol b,Random Forest,1,0.0,0.9413252670212712
6926,shoots 21d protocol b,Random Forest,1,0.1666666666666666,1.3010118175897947
6944,shoots 21d protocol b,Random Forest,1,0.4166666666666667,0.706829955822334
6967,shoots 21d protocol b,Random Forest,1,0.0,0.994228029777687
6986,shoots 21d protocol b,Random Forest,1,0.75,1.0003104320379306
6989,shoots 21d protocol b,Random Forest,1,0.0,1.1243131004001217
7008,shoots 21d protocol b,Random Forest,1,0.0,1.0783684794046786
7026,shoots 21d protocol b,Random Forest,1,0.0,0.9964257187487412
7064,shoots 21d protocol b,Random Forest,1,0.3333333333333333,0.9589920714653305
7092,shoots 21d protocol b,Random Forest,1,0.0,0.8468465699099138
7107,shoots 21d protocol b,Random Forest,1,0.0,1.065136491395637
7109,shoots 21d protocol b,Random Forest,1,0.5,0.9992237653712639
7160,shoots 21d protocol b,Random Forest,1,0.0,0.9418048594908968
7217,shoots 21d protocol b,Random Forest,1,2.9166666666666665,1.0490028279230015
7248,shoots 21d protocol b,Random Forest,1,0.0,0.9486215261575635
7306,shoots 21d protocol b,Random Forest,1,1.0833333333333333,1.203979941313702
7320,shoots 21d protocol b,Random Forest,1,0.0,0.9971880349265728
7342,shoots 21d protocol b,Random Forest,1,0.25,0.9284136819907532
7356,shoots 21d protocol b,Random Forest,1,0.0,0.9052016803821873
7383,shoots 21d protocol b,Random Forest,1,0.0833333333333333,0.8081434558592873
7387,shoots 21d protocol b,Random Forest,1,0.0,0.8961871429077698
7416,shoots 21d protocol b,Random Forest,1,7.75,0.7916097851819016
7430,shoots 21d protocol b,Random Forest,1,0.0,0.7908747372524982
7515,shoots 21d protocol b,Random Forest,1,0.0,0.9486215261575635
7523,shoots 21d protocol b,Random Forest,1,0.0,0.957683495618713
8214,shoots 21d protocol b,Random Forest,1,0.0,1.3306051558898613
6898,shoots 21d protocol b,Random Forest,2,0.0,0.7715031507622807
6915,shoots 21d protocol b,Random Forest,2,0.0,1.128814776536777
6959,shoots 21d protocol b,Random Forest,2,0.1666666666666666,1.6410583843374467
6968,shoots 21d protocol b,Random Forest,2,0.0,1.4593294490976023
6982,shoots 21d protocol b,Random Forest,2,0.0,1.7307357468245408
7002,shoots 21d protocol b,Random Forest,2,0.0,1.495953584263965
7013,shoots 21d protocol b,Random Forest,2,0.0,1.0244770283676214
7061,shoots 21d protocol b,Random Forest,2,0.0,1.3123861133996648
7072,shoots 21d protocol b,Random Forest,2,0.0,2.052803626351508
7143,shoots 21d protocol b,Random Forest,2,0.75,1.6357685761553984
7162,shoots 21d protocol b,Random Forest,2,0.0,1.1855477703583923
7165,shoots 21d protocol b,Random Forest,2,0.0,1.6831762001579884
7192,shoots 21d protocol b,Random Forest,2,0.0,1.1758103827396065
7244,shoots 21d protocol b,Random Forest,2,0.0,2.0576202009769258
7287,shoots 21d protocol b,Random Forest,2,0.0,0.8686904937431916
7305,shoots 21d protocol b,Random Forest,2,0.0,0.9062918999780406
7316,shoots 21d protocol b,Random Forest,2,3.8333333333333335,1.0982158167335883
7333,shoots 21d protocol b,Random Forest,2,0.0,1.6207853495998963
7353,shoots 21d protocol b,Random Forest,2,0.0,1.3195863169027946
7384,shoots 21d protocol b,Random Forest,2,0.0,1.4226054106185122
7404,shoots 21d protocol b,Random Forest,2,0.6470588235294118,1.2590121112784152
8366,shoots 21d protocol b,Random Forest,2,1.0,1.7960060265197755
9762,shoots 21d protocol b,Random Forest,2,4.333333333333333,1.539724400947647
9764,shoots 21d protocol b,Random Forest,2,7.0,1.801027547698423
6897,shoots 21d protocol b,Random Forest,3,0.0,0.677702430643975
6904,shoots 21d protocol b,Random Forest,3,0.1666666666666666,0.8795859484197726
6922,shoots 21d protocol b,Random Forest,3,0.1363636363636363,1.1721890964971844
6940,shoots 21d protocol b,Random Forest,3,0.0,1.382595230668024
6945,shoots 21d protocol b,Random Forest,3,2.5217391304347827,0.941050691438191
6958,shoots 21d protocol b,Random Forest,3,1.0833333333333333,1.5375555009124853
6961,shoots 21d protocol b,Random Forest,3,0.0,1.4876339920292125
6970,shoots 21d protocol b,Random Forest,3,0.0,1.0859340001637792
6981,shoots 21d protocol b,Random Forest,3,0.9166666666666666,0.9959118128059309
6987,shoots 21d protocol b,Random Forest,3,6.666666666666667,1.4053919345768604
6992,shoots 21d protocol b,Random Forest,3,0.0,0.9813513237851469
6997,shoots 21d protocol b,Random Forest,3,0.0,1.0899431324802635
7000,shoots 21d protocol b,Random Forest,3,0.0,1.057329989849476
7003,shoots 21d protocol b,Random Forest,3,1.4166666666666667,0.8361436196700897
7014,shoots 21d protocol b,Random Forest,3,0.0833333333333333,0.903767464207905
7025,shoots 21d protocol b,Random Forest,3,0.0,1.2380127327193502
7028,shoots 21d protocol b,Random Forest,3,0.0,0.867027640454712
7031,shoots 21d protocol b,Random Forest,3,0.0,0.7036122349192204
7036,shoots 21d protocol b,Random Forest,3,0.4,1.14231658390629
7062,shoots 21d protocol b,Random Forest,3,0.1818181818181818,1.0412648972215148
7068,shoots 21d protocol b,Random Forest,3,0.0,1.0377481552216854
7071,shoots 21d protocol b,Random Forest,3,0.0833333333333333,1.0932625585335143
7077,shoots 21d protocol b,Random Forest,3,0.5833333333333334,1.369188503461532
7102,shoots 21d protocol b,Random Forest,3,1.5,0.8752876573861866
7117,shoots 21d protocol b,Random Forest,3,0.0,1.400347500892354
7119,shoots 21d protocol b,Random Forest,3,0.3333333333333333,1.3706233269317822
7130,shoots 21d protocol b,Random Forest,3,1.6666666666666667,0.666694669206066
7133,shoots 21d protocol b,Random Forest,3,0.0,0.7949278034193479
7147,shoots 21d protocol b,Random Forest,3,0.0,0.7666312230933555
7161,shoots 21d protocol b,Random Forest,3,0.0,0.8840796641131201
7163,shoots 21d protocol b,Random Forest,3,0.0,1.0914554582944285
7169,shoots 21d protocol b,Random Forest,3,0.5833333333333334,0.9327649405469259
7199,shoots 21d protocol b,Random Forest,3,0.0,1.3576417777211893
7202,shoots 21d protocol b,Random Forest,3,0.0,1.3576417777211893
7255,shoots 21d protocol b,Random Forest,3,0.0,1.0315468177927738
7268,shoots 21d protocol b,Random Forest,3,0.8333333333333334,0.9861733278159752
7276,shoots 21d protocol b,Random Forest,3,0.0,1.389532099708569
7282,shoots 21d protocol b,Random Forest,3,0.8333333333333334,1.0771716494426042
7314,shoots 21d protocol b,Random Forest,3,0.25,0.9957678734119916
7319,shoots 21d protocol b,Random Forest,3,0.6666666666666666,1.3763281311009248
7337,shoots 21d protocol b,Random Forest,3,6.5,1.075499354186119
7343,shoots 21d protocol b,Random Forest,3,0.0,1.2200779429448543
7344,shoots 21d protocol b,Random Forest,3,5.833333333333333,1.183840949056391
7372,shoots 21d protocol b,Random Forest,3,0.8333333333333334,1.3027770088843627
7378,shoots 21d protocol b,Random Forest,3,3.8333333333333335,0.822806038501259
7382,shoots 21d protocol b,Random Forest,3,0.0,1.0988943888899765
7411,shoots 21d protocol b,Random Forest,3,0.0833333333333333,1.078135078551623
7419,shoots 21d protocol b,Random Forest,3,10.727272727272728,1.4791861701751419
7514,shoots 21d protocol b,Random Forest,3,0.0,1.1166807233480034
8264,shoots 21d protocol b,Random Forest,3,0.0833333333333333,1.3555175816014047
8311,shoots 21d protocol b,Random Forest,3,0.0,1.4142538655108505
8312,shoots 21d protocol b,Random Forest,3,0.75,0.9578679828749688
8337,shoots 21d protocol b,Random Forest,3,2.4166666666666665,1.0045520907333405
8343,shoots 21d protocol b,Random Forest,3,0.0,1.0391845719095716
9759,shoots 21d protocol b,Random Forest,3,0.0,1.0740376289152018
6929,shoots 21d protocol b,Random Forest,4,0.1666666666666666,1.3559256491494882
6931,shoots 21d protocol b,Random Forest,4,7.875,1.1872432668576078
6938,shoots 21d protocol b,Random Forest,4,0.0,1.1202399781965922
6963,shoots 21d protocol b,Random Forest,4,0.0,1.2844678215552796
7323,shoots 21d protocol b,Random Forest,4,0.0,0.948297776621408
7347,shoots 21d protocol b,Random Forest,4,0.9166666666666666,0.966019126409856
7471,shoots 21d protocol b,Random Forest,4,0.0,1.0048352079419822
763,shoots 21d protocol b,Random Forest,4,0.9166666666666666,1.5083682169785506
765,shoots 21d protocol b,Random Forest,4,0.1666666666666666,1.385641527415155
766,shoots 21d protocol b,Random Forest,4,0.0,1.4089353558099307
768,shoots 21d protocol b,Random Forest,4,1.75,1.2756631428509646
772,shoots 21d protocol b,Random Forest,4,0.0,1.301502061922047
8424,shoots 21d protocol b,Random Forest,4,0.0,1.2667506807651205
9758,shoots 21d protocol b,Random Forest,4,0.0,1.2372610140129834
9766,shoots 21d protocol b,Random Forest,4,0.4166666666666667,1.39317933281048
