environment,full_nearest_z,full_mean5_z,full_nearest_percentile,full_max_training_kernel_similarity,full_local_kernel_density5,full_kernel_mass,full_kernel_projection_support,full_kernel_projection_residual,weather_nearest_z,weather_mean5_z,weather_nearest_percentile,weather_max_training_kernel_similarity,weather_local_kernel_density5,weather_kernel_mass,weather_kernel_projection_support,weather_kernel_projection_residual,nearest_training_location_km,city_seen_previously,coordinate_seen_previously,soil_mukey_seen_previously,test_year,train_year_max,n_train_environments,n_test_environments,model,horizon,rmse,mae,r2,correlation
2016-DEH1,4.820916196224132,5.090499807099563,0.34782608695652173,0.44181086540489134,0.4025639054381088,5.944527713753379,0.40848724133266334,0.5915127586673367,1.2032189199283752,1.8831329018450407,0.5652173913043478,0.7922077921712085,0.5661678189641173,6.246470032076629,0.4445611386111281,0.5554388613888719,464.3614838106569,False,False,False,2016,2015,23,18,G+E_T0,T0_preseason,1.8564369567482817,1.47392476290942,0.0400666491738782,0.3236309047137968
2016-GAH2,5.876827981441276,6.8231956781142795,0.34782608695652173,0.29703770930230927,0.19845606034859423,2.74023739330853,0.13356809361360342,0.8664319063863966,2.936013503797359,4.32338022521414,0.9130434782608695,0.2498406767683424,0.07509310166149845,0.4912973980963195,0.041604735730941034,0.958395264269059,683.2567517643987,False,False,False,2016,2015,23,18,G+E_T0,T0_preseason,4.054132474710873,3.816942827084179,-7.943773759422458,0.1048615406443061
2016-IAH2,5.010382515657771,5.38339544786148,0.34782608695652173,0.41381228930085445,0.36165276157531123,4.975283351842119,0.3564090706071049,0.6435909293928951,1.7241060228995444,2.925030199958224,0.6086956521739131,0.6198590292775229,0.2790984756804959,2.1730305047811935,0.21305764067910693,0.7869423593208931,85.5234786085574,False,False,False,2016,2015,23,18,G+E_T0,T0_preseason,2.483017711996045,2.0242551893056158,-0.0795854503709856,0.0784025796708638
2016-IAH3,5.105497999378966,5.611642350203785,0.34782608695652173,0.40005188958431204,0.3317831636724512,4.45962262499235,0.30181308023840075,0.6981869197615993,2.089631284865626,3.288487038877652,0.7391304347826086,0.49531973372725846,0.20703972307214977,1.4809826628687552,0.11601369352120015,0.8839863064787998,118.68307912211218,False,False,False,2016,2015,23,18,G+E_T0,T0_preseason,2.7342211757655406,2.4084346979374205,-2.7207768037959807,0.0401697544715497
2016-IAH4,4.894927280002062,5.325947316645895,0.34782608695652173,0.43078449324022755,0.3697105712101714,5.292836692371234,0.37685001034012644,0.6231499896598736,1.8419648118112464,2.797840198309524,0.6521739130434783,0.5793284686034571,0.3012337382080815,2.549661138811545,0.20717883595605271,0.7928211640439473,0.3251434197681342,True,False,False,2016,2015,23,18,G+E_T0,T0_preseason,1.8048396069838215,1.513242563419842,-0.981697504446878,0.1985300559166206
2016-ILH1,4.772977129479375,5.186293593869328,0.34782608695652173,0.44901084704268124,0.3897659117826383,5.683283345513622,0.3991661720886167,0.6008338279113833,2.4638014477348413,2.8057960266181956,0.7391304347826086,0.37656077414327666,0.28498222035861104,3.102176872855784,0.14535820348064848,0.8546417965193516,0.07325669353970893,True,False,False,2016,2015,23,18,G+E_T0,T0_preseason,2.1042168722089887,1.703653389007671,-0.2982439054189358,0.2513814019372815
2016-INH1,0.9553995748101631,5.331844108431184,0.08695652173913043,0.9684268644478893,0.38130204835091286,4.137170503085144,0.3786444456648139,0.6213555543351861,0.7095333351562306,0.832217287175322,0.21739130434782608,0.9221937575070436,0.8924573923880746,9.940376210204317,0.8481854059850129,0.1518145940149871,0.9248226868419736,True,False,True,2016,2015,23,18,G+E_T0,T0_preseason,2.6577917313530706,2.163677746786263,-1.0190934199999695,0.4133095532437153
2016-MIH1,4.581771764588787,4.778590679029518,0.34782608695652173,0.4781453558557117,0.44831028979655985,7.166043714777917,0.5803729850237755,0.41962701497622446,1.0715762114724312,1.3645239279830927,0.5652173913043478,0.8313118358407725,0.738944831864996,9.008103824896185,0.6520607461340902,0.34793925386590985,321.6086944381472,False,False,False,2016,2015,23,18,G+E_T0,T0_preseason,2.214518823980939,1.6588922410494904,-0.1881593433547739,0.1518795793683061
2016-MNH1,4.29378269226241,4.570896280169372,0.34782608695652173,0.5230903638700611,0.48029694751878615,7.652306031230055,0.6397516960399696,0.3602483039600304,0.14799098449274553,0.9932518304282525,0.08695652173913043,0.9964824150928894,0.8282118277170054,10.212978193890187,0.8547682650771032,0.14523173492289676,0.3341686654859186,True,False,False,2016,2015,23,18,G+E_T0,T0_preseason,1.505368100208199,1.202786092478792,-0.0542306128510674,0.0529841598348683
2016-NEH1,4.1408354871370525,4.353786400213599,0.34782608695652173,0.5473543648850817,0.5141939358902536,7.259759498589546,0.6108720163342873,0.38912798366571266,1.5978312907388728,1.6857693975332464,0.5652173913043478,0.6631380863722017,0.6329993510814474,7.777329879594008,0.5068375587245697,0.4931624412754303,41.78080407189849,False,False,False,2016,2015,23,18,G+E_T0,T0_preseason,2.6856781054689454,2.232900897939611,-1.3326425327547795,0.3159609164630035
2016-NEH4,5.704727184135918,5.987522244987225,0.34782608695652173,0.3185932147668814,0.28440177381732823,4.214616689082514,0.3053764303324065,0.6946235696675935,1.373848354505696,2.549599542982267,0.5652173913043478,0.7380967970397939,0.3708660388877675,3.069925089878025,0.48770191500325877,0.5122980849967412,41.78080407189849,False,False,False,2016,2015,23,18,G+E_T0,T0_preseason,1.676550300280181,1.3096540745445548,-0.2975027610346532,0.1209862348462697
2016-NYH1,1.634890219700213,5.840406367965689,0.17391304347826086,0.9103330047748835,0.33825203642964086,3.0883874973799252,0.8272584729949111,0.17274152700508894,1.1026714775660424,2.0290363709327335,0.5652173913043478,0.8223179714487034,0.5463317305942736,3.8577736277612282,0.7827304635765798,0.21726953642342017,0.22207088851010487,True,False,True,2016,2015,23,18,G+E_T0,T0_preseason,2.1371190465687917,1.833914894163455,-2.4898727431773438,0.1010161915492137
2016-NYH2,3.7781284538884,5.0482134619223755,0.2608695652173913,0.6054969882240537,0.41543709601536916,5.0083146249045685,0.45383519835555913,0.5461648016444409,0.7345635068800551,2.346301987397613,0.2608695652173913,0.9168461551146644,0.4518320067418028,3.083097751693274,0.5443875768305485,0.4556124231694515,0.23671304107805552,True,False,False,2016,2015,23,18,G+E_T0,T0_preseason,2.9698294351759027,2.44072629825885,-1.701178869484564,0.008671392025016
2016-NYH2L,3.7781284538884,5.0482134619223755,0.2608695652173913,0.6054969882240537,0.41543709601536916,5.0083146249045685,0.45383519835555913,0.5461648016444409,0.7345635068800551,2.346301987397613,0.2608695652173913,0.9168461551146644,0.4518320067418028,3.083097751693274,0.5443875768305485,0.4556124231694515,0.23671304107805552,True,False,False,2016,2015,23,18,G+E_T0,T0_preseason,6.534663130417931,6.495326832105391,-128.5043182462214,0.0593875345758877
2016-TXH1,1.0639044078335662,6.604582380890887,0.08695652173913043,0.9609976648634888,0.2783024049920348,2.1808441486593204,0.6833147229835741,0.3166852770164259,1.0513353632777716,3.276078776254541,0.5652173913043478,0.8370790452490402,0.2473587934194057,1.6507793947423115,0.6420012794766272,0.3579987205233728,0.0,True,True,True,2016,2015,23,18,G+E_T0,T0_preseason,2.739390368380343,2.514071959774118,-4.779955801117652,0.2888520659954992
2016-TXH2,1.1336257773645397,5.640549388485074,0.08695652173913043,0.9558364749887609,0.352039842770388,3.546884010851817,0.5618240472758977,0.43817595272410226,1.0864595266044434,2.452268716525896,0.5652173913043478,0.8270269462937384,0.39684487524187473,3.447115309494599,0.5095636376714303,0.4904363623285697,0.0,True,True,True,2016,2015,23,18,G+E_T0,T0_preseason,1.933627275689463,1.5153741340058269,-0.0694965623759604,0.2810712595496558
2016-WIH1,3.9989155487315062,4.391511500300132,0.2608695652173913,0.5700355219893105,0.5086005613674693,7.288596870550403,0.6085207174860157,0.39147928251398434,0.14500580408724348,1.189880415507052,0.08695652173913043,0.9966226553394099,0.7650285673891509,7.7242255701732505,0.8230089328914082,0.1769910671085918,0.15091648744233718,True,False,False,2016,2015,23,18,G+E_T0,T0_preseason,1.791057464569275,1.4055573064705786,0.122411743780778,0.3985005875374861
2016-WIH2,4.353787771887866,4.712042006380593,0.34782608695652173,0.5136367008824064,0.45910689678150335,7.253304724207501,0.5949220865723801,0.4050779134276199,0.8862963498150019,1.0874349241261012,0.43478260869565216,0.8812751275167272,0.824813121946565,10.260718469977865,0.8353680399015594,0.1646319600984406,33.66671679908339,False,False,False,2016,2015,23,18,G+E_T0,T0_preseason,2.6773294215756,2.1370984109010736,-0.2257137452372974,0.3911544304427612
2016-DEH1,4.905443948527416,5.389662817047904,0.34782608695652173,0.4255703636245863,0.35954911857039373,4.6600198622336135,0.2934909391810837,0.7065090608189163,1.626624074058469,2.559189108726668,0.5652173913043478,0.6377438069323762,0.3548031888144815,2.6338572487256044,0.29045702013377195,0.709542979866228,464.3614838106569,False,False,False,2016,2015,23,18,G+E_T1,T1_30DAP,2.487096116204583,2.1483890282680207,-0.7229227604552704,0.2846999665772243
2016-GAH2,7.226266899390857,8.221941266136385,0.9565217391304348,0.15661967976632502,0.09545229373840074,1.1321422495205444,0.042685810410360514,0.9573141895896395,3.654783563191084,5.944118733912165,0.9130434782608695,0.1032255202876023,0.02174523250413276,0.10988465887539682,0.008873757842263106,0.9911262421577369,683.2567517643987,False,False,False,2016,2015,23,18,G+E_T1,T1_30DAP,2.3558648489207408,2.01488087958896,-2.020130280887155,0.0902317255807671
2016-IAH2,4.40287095844636,4.756375265614237,0.2608695652173913,0.5024608361726541,0.44833650110836254,5.854302036316008,0.44930705114553704,0.550692948854463,2.157869435778358,2.4674723271384407,0.782608695652174,0.4531129539538337,0.3591356036562507,3.3664807023430563,0.29720240336730347,0.7027975966326965,85.5234786085574,False,False,False,2016,2015,23,18,G+E_T1,T1_30DAP,2.415904786692852,1.8914604656327625,-0.0220144035945162,0.0195713367485195
2016-IAH3,4.396874255126033,5.108353265502227,0.2608695652173913,0.5034030689999623,0.3982066212445717,5.282261639763468,0.37588881363684085,0.6241111863631592,2.0929169771982203,2.759360050071263,0.782608695652174,0.47488838748521817,0.2859662046759915,2.279779749757207,0.20437007433706172,0.7956299256629382,118.68307912211218,False,False,False,2016,2015,23,18,G+E_T1,T1_30DAP,2.0868705145352187,1.754815445181764,-1.1674911852366003,-0.0025608982162068
2016-IAH4,4.3193597144235465,4.747663212905579,0.2608695652173913,0.515624260204329,0.44991347257828185,6.026429136444727,0.4629814735127832,0.5370185264872168,2.0045988828492054,2.3736290946384315,0.7391304347826086,0.5050221142201162,0.392046185108327,3.6538339230734342,0.3373077046810752,0.6626922953189248,0.3251434197681342,True,False,False,2016,2015,23,18,G+E_T1,T1_30DAP,1.3353149045682235,1.063421851586958,-0.0847446820595547,0.1964876628856639
2016-ILH1,4.145157326086059,4.465099046917881,0.2608695652173913,0.5433366199804074,0.49307056746924094,6.650101044259324,0.5311292025493021,0.46887079745069793,1.6312608892023501,2.006707528118008,0.5652173913043478,0.6361080932654387,0.5063065955880822,5.346383903119492,0.43390168222785813,0.5660983177721419,0.07325669353970893,True,False,False,2016,2015,23,18,G+E_T1,T1_30DAP,1.7970024624022063,1.361178990649999,0.0531686269128612,0.2377733170897303
2016-INH1,2.8767616903123767,6.245128140052368,0.2608695652173913,0.7454142401667458,0.2841906990084125,3.33078862727741,0.37838735655382894,0.6216126434461711,1.92530210491049,2.2724289363841423,0.6956521739130435,0.5324988750300024,0.41951541724735025,4.080149407904787,0.2773689696044405,0.7226310303955594,0.9248226868419736,True,False,True,2016,2015,23,18,G+E_T1,T1_30DAP,1.921500509306196,1.4512760552752209,-0.0553476061927424,0.3779769693464121
2016-MIH1,5.198618174589792,5.659851585818842,0.34782608695652173,0.38308663916652924,0.3216633890198985,5.376518485519039,0.37865895866802135,0.6213410413319786,2.2744979891701163,2.7435095673923704,0.782608695652174,0.41499176627259876,0.28490814979188245,2.8276740055357457,0.12465007179920012,0.8753499282007999,321.6086944381472,False,False,False,2016,2015,23,18,G+E_T1,T1_30DAP,2.6841702525287454,2.0831129973556965,-0.7455651108202874,0.1717661357429018
2016-MNH1,4.336872625613116,4.806241312968468,0.2608695652173913,0.5128565611065667,0.4411724764915029,7.4164545957599195,0.6240055080421366,0.3759944919578634,1.1514921179689348,1.3964071089604286,0.391304347826087,0.7981840014480373,0.7170359147291836,8.624097562544039,0.7852813623648955,0.21471863763510446,0.3341686654859186,True,False,False,2016,2015,23,18,G+E_T1,T1_30DAP,2.671522298627082,2.249184914827922,-2.3202272724110973,0.0250095949046618
2016-NEH1,4.05692555818268,4.551622945793498,0.2608695652173913,0.557477475983933,0.48036493459605245,7.402949851497628,0.6127566435159055,0.38724335648409447,1.2586239667380679,1.443362360200775,0.391304347826087,0.7639051929702589,0.7009897115926135,7.651555224335428,0.5855477826563003,0.41445221734369975,41.78080407189849,False,False,False,2016,2015,23,18,G+E_T1,T1_30DAP,4.343605149525865,4.008015502046979,-5.101560916066801,0.284314501632552
2016-NEH4,5.862288527168387,6.40429168879443,0.43478260869565216,0.29519614999032684,0.236259397257087,3.1508513592667877,0.22764848234510307,0.772351517654897,2.2683382417168243,3.4733600052709597,0.782608695652174,0.41697067582036224,0.16513586051264334,1.046542597372544,0.11617022627495076,0.8838297737250492,41.78080407189849,False,False,False,2016,2015,23,18,G+E_T1,T1_30DAP,1.7378322347501047,1.3661380623877304,-0.3940900013294628,0.0992974134713803
2016-NYH1,3.112870807389916,6.382764742236754,0.2608695652173913,0.708911958448222,0.2716267351545584,2.6626944943773125,0.5098979133796395,0.4901020866203605,2.3072129995017514,3.0166624549638343,0.782608695652174,0.404550440833511,0.22291467383902805,1.8943484304748799,0.12484203777435691,0.8751579622256431,0.22207088851010487,True,False,True,2016,2015,23,18,G+E_T1,T1_30DAP,1.7243396849169197,1.402798182272105,-1.27194497027623,0.133830983451602
2016-NYH2,4.007635331155124,5.328741064703036,0.2608695652173913,0.5654007278309792,0.37286394319660066,4.835691609760647,0.3681449285673135,0.6318550714326865,1.525276984380727,2.883244531063027,0.5652173913043478,0.6733347008664056,0.2748423282465028,2.1279543397575305,0.25451760407430113,0.7454823959256989,0.23671304107805552,True,False,False,2016,2015,23,18,G+E_T1,T1_30DAP,3.264838394224232,2.75716998657726,-2.2644777059187056,0.0167117226185056
2016-NYH2L,4.007635331155124,5.328741064703036,0.2608695652173913,0.5654007278309792,0.37286394319660066,4.835691609760647,0.3681449285673135,0.6318550714326865,1.525276984380727,2.883244531063027,0.5652173913043478,0.6733347008664056,0.2748423282465028,2.1279543397575305,0.25451760407430113,0.7454823959256989,0.23671304107805552,True,False,False,2016,2015,23,18,G+E_T1,T1_30DAP,6.8692089707835535,6.832402780820601,-142.10384360849906,0.0958592291604151
2016-TXH1,1.9086762935478498,5.788557388532313,0.17391304347826086,0.8786756438480589,0.3355312654726247,2.93901353800224,0.5270752992162844,0.4729247007837156,1.2676846087528861,1.6787940397236263,0.391304347826087,0.760938291370107,0.6186581590273843,6.696250970736885,0.6670477383738267,0.3329522616261733,0.0,True,True,True,2016,2015,23,18,G+E_T1,T1_30DAP,2.663033306963742,2.429914788174756,-4.46222851387222,0.2837003882987443
2016-TXH2,1.5029107149189977,6.351850740190804,0.17391304347826086,0.922938820844973,0.2924416921731212,2.259546103540729,0.47873186811881435,0.5212681318811856,1.4676605591425271,4.20044114348587,0.5652173913043478,0.6933664782170661,0.1526350012094993,0.7972575249535199,0.08739634151793838,0.9126036584820616,0.0,True,True,True,2016,2015,23,18,G+E_T1,T1_30DAP,2.094599723124237,1.6532890207672748,-0.2549775283030357,0.3176078357445477
2016-WIH1,4.564474591078089,5.0104739617704785,0.34782608695652173,0.47726321844653624,0.4114464467454443,6.103739887726162,0.4568602429010509,0.5431397570989491,1.878863067448795,2.2980010078496163,0.6956521739130435,0.5487342501917507,0.4140902915027963,3.6003901074267572,0.25397387804370364,0.7460261219562964,0.15091648744233718,True,False,False,2016,2015,23,18,G+E_T1,T1_30DAP,1.8335809577907871,1.4117086685481222,0.0802454542574466,0.3762580691939065
2016-WIH2,4.621004074220009,5.131648541048753,0.34782608695652173,0.4685454710512137,0.3934320868252616,6.5682674680186395,0.5223335567679381,0.47766644323206187,1.3345465744690561,1.6174603472287639,0.391304347826087,0.738759888266295,0.6405230988184208,6.40225810754775,0.6718269339827995,0.32817306601720053,33.66671679908339,False,False,False,2016,2015,23,18,G+E_T1,T1_30DAP,3.874494864729653,3.2519520002893425,-1.56693939080127,0.3519512763816246
2016-DEH1,4.5251256859933,4.934763768998432,0.34782608695652173,0.49015823078021786,0.42886980742788217,6.104758310938606,0.4253356017433369,0.574664398256663,1.7660701325373447,1.977600579291694,0.6956521739130435,0.6001487443195918,0.5275555176717107,6.485239365996111,0.389908225636626,0.610091774363374,464.3614838106569,False,False,False,2016,2015,23,18,G+E_T2,T2_60DAP_reproductive_window_proxy,4.424450819522547,4.027424733786286,-4.452546947476225,0.2574756596867555
2016-GAH2,7.495909757966775,8.558129495779179,0.9565217391304348,0.14134366591639566,0.08185075117201542,0.9347814057580056,0.03158459020760038,0.9684154097923996,4.162592064101562,6.3395373099773575,1.0,0.05863399613387574,0.012086314276841151,0.06100390382923228,0.002501825880517605,0.9974981741194824,683.2567517643987,False,False,False,2016,2015,23,18,G+E_T2,T2_60DAP_reproductive_window_proxy,6.979536857316707,6.842824932173168,-25.50807210408885,0.0999555217071784
2016-IAH2,4.380398971639536,4.966534787815665,0.34782608695652173,0.5126576457290749,0.42655035441699746,6.458541959536355,0.4970688005585869,0.5029311994414132,1.799707048970524,2.078187710145488,0.7391304347826086,0.588480145643544,0.49419213733268597,4.907871181306617,0.41714387029143796,0.582856129708562,85.5234786085574,False,False,False,2016,2015,23,18,G+E_T2,T2_60DAP_reproductive_window_proxy,6.876619167535101,6.436402515812866,-7.280324080531219,0.0105389929289879
2016-IAH3,4.333217720693397,5.007548183184513,0.34782608695652173,0.5200494823665565,0.42063589299267024,6.352984214170244,0.48816693475541734,0.5118330652445826,1.7468959823828774,2.189149484403907,0.6956521739130435,0.6068028783282315,0.4603708309746185,4.6431000090797845,0.41431645102899545,0.5856835489710046,118.68307912211218,False,False,False,2016,2015,23,18,G+E_T2,T2_60DAP_reproductive_window_proxy,4.808436064532111,4.574260027949627,-10.507315639303412,-0.0198655073126231
2016-IAH4,4.36194470832027,4.931982931582697,0.34782608695652173,0.5155457787492691,0.43115709744313707,6.621587903804076,0.5184171529518968,0.48158284704810317,1.5824397376444204,2.085315307808588,0.6956521739130435,0.6637025652907386,0.4925124264110375,5.216526557999123,0.44898184866886254,0.5510181513311374,0.3251434197681342,True,False,False,2016,2015,23,18,G+E_T2,T2_60DAP_reproductive_window_proxy,6.494945036663629,6.37086870117328,-24.663217046575475,0.2057634320824754
2016-ILH1,4.076420534909388,4.578207476206556,0.34782608695652173,0.5606646757455204,0.4829599467684793,7.372701013848202,0.5895266628699036,0.41047333713009637,1.3035787982072615,1.5702961528732957,0.34782608695652173,0.7571631077388756,0.6672141137401187,7.725408071472446,0.6814307702891308,0.3185692297108692,0.07325669353970893,True,False,False,2016,2015,23,18,G+E_T2,T2_60DAP_reproductive_window_proxy,8.738424863102857,8.550319601623022,-21.38935631623764,0.2160212575785499
2016-INH1,3.52616716214331,6.227906533238693,0.2608695652173913,0.6485846801674039,0.28262165244360504,3.655723148376702,0.3560083476853291,0.6439916523146709,1.1094667607411193,1.744519002134382,0.30434782608695654,0.8175037552620119,0.6058210875076451,5.879042617223504,0.7295392112526169,0.2704607887473831,0.9248226868419736,True,False,True,2016,2015,23,18,G+E_T2,T2_60DAP_reproductive_window_proxy,1.7969336493485215,1.3746341761316367,0.0770490859205271,0.3486922627956044
2016-MIH1,5.307393830518121,5.78895799814549,0.34782608695652173,0.3749882147194497,0.3124002616389877,5.022741193502253,0.3651757840815505,0.6348242159184495,2.3509061544902243,2.7080563932287283,0.8260869565217391,0.40465316144999297,0.30372966706262944,2.4785683655822925,0.22251004646856296,0.777489953531437,321.6086944381472,False,False,False,2016,2015,23,18,G+E_T2,T2_60DAP_reproductive_window_proxy,5.2566434619555205,4.864418669862404,-5.694728635532747,0.1955060570671128
2016-MNH1,4.366754716359112,4.965322350633095,0.34782608695652173,0.5147926142416428,0.4249489486429793,7.214557097321621,0.5919843584636739,0.4080156415363261,1.5122022060730194,1.704099892099735,0.6521739130434783,0.687743341964946,0.6215567141546832,7.019934253935048,0.6541845304369386,0.3458154695630614,0.3341686654859186,True,False,False,2016,2015,23,18,G+E_T2,T2_60DAP_reproductive_window_proxy,10.947728474487588,10.842849626360756,-54.756851332017945,0.034575397283886
2016-NEH1,4.3541061165564985,4.83402795543,0.34782608695652173,0.516773745015873,0.44411283922250366,6.89162479720061,0.5698514687246251,0.4301485312753749,1.0160978609020515,1.6718625672216276,0.30434782608695654,0.8444989256911056,0.6299934173352828,5.538095639705277,0.65730156328016,0.34269843671984,41.78080407189849,False,False,False,2016,2015,23,18,G+E_T2,T2_60DAP_reproductive_window_proxy,10.817742556171568,10.683367819156704,-36.84543978539839,0.2564897873573025
2016-NEH4,5.672796844126429,6.531016021832073,0.43478260869565216,0.326093729058192,0.23053429259117636,2.837192364995653,0.20734334127618373,0.7926566587238163,2.5560188912233945,3.8627437869770476,0.8695652173913043,0.34318570928094233,0.11561507982189556,0.6999807555386518,0.09759657451886572,0.9024034254811343,41.78080407189849,False,False,False,2016,2015,23,18,G+E_T2,T2_60DAP_reproductive_window_proxy,2.0303517665790243,1.691277909892813,-0.9029075556494794,0.0650760269941275
2016-NYH1,2.944952255958618,6.705771304708745,0.2608695652173913,0.739341011415727,0.254145457776788,2.4402818193242144,0.5518542981240087,0.44814570187599134,2.8463751239938873,3.3919034644529305,0.9130434782608695,0.2654669692376266,0.16205327953754556,1.2109162510915066,0.05935937444717565,0.9406406255528243,0.22207088851010487,True,False,True,2016,2015,23,18,G+E_T2,T2_60DAP_reproductive_window_proxy,1.8768830981891984,1.6081297325513997,-1.691699711201946,0.1326052183788287
2016-NYH2,5.129060899393949,5.910498563348236,0.34782608695652173,0.4000952685742203,0.30198309073794805,4.0289941648403556,0.26345072240912054,0.7365492775908795,3.290448645846885,3.4627189295736756,0.9565217391304348,0.16992850506852142,0.1418232806976032,1.0421598819635878,0.041730894999912116,0.9582691050000879,0.23671304107805552,True,False,False,2016,2015,23,18,G+E_T2,T2_60DAP_reproductive_window_proxy,2.3339349602033086,1.7898123506286476,-0.6682757143722815,0.0353575635121015
2016-NYH2L,5.129060899393949,5.910498563348236,0.34782608695652173,0.4000952685742203,0.30198309073794805,4.0289941648403556,0.26345072240912054,0.7365492775908795,3.290448645846885,3.4627189295736756,0.9565217391304348,0.16992850506852142,0.1418232806976032,1.0421598819635878,0.041730894999912116,0.9582691050000879,0.23671304107805552,True,False,False,2016,2015,23,18,G+E_T2,T2_60DAP_reproductive_window_proxy,5.6081404596086255,5.564713200101926,-94.38401655666148,0.1311618346005309
2016-TXH1,1.138186788388802,5.535763157357417,0.08695652173913043,0.9558924323085565,0.36918379426413395,3.1214636687632797,0.680865057010615,0.31913494298938505,1.1264469016929133,1.6138873653855774,0.30434782608695654,0.8124387116019895,0.6509887950700817,7.018827082889531,0.6059294256493466,0.3940705743506534,0.0,True,True,True,2016,2015,23,18,G+E_T2,T2_60DAP_reproductive_window_proxy,2.3388976612987715,2.080433281963174,-3.2134622546756173,0.2656339757871752
2016-TXH2,1.3904204745585,5.644236783540952,0.08695652173913043,0.9348970161761702,0.35576432109422623,3.229762931554111,0.527684160039255,0.472315839960745,1.3522411012521702,3.087239716933681,0.43478260869565216,0.7413126864882944,0.2534420395799999,1.7434982902690552,0.12460123015978133,0.8753987698402187,0.0,True,True,True,2016,2015,23,18,G+E_T2,T2_60DAP_reproductive_window_proxy,1.9134476643812115,1.501766539368821,-0.0472902058128925,0.3093758593193795
2016-WIH1,4.348925779491399,4.999857781716047,0.34782608695652173,0.5175856676993659,0.420213220700772,6.521437139832378,0.5028139543892683,0.49718604561073165,1.5037442388232636,2.1606561672246114,0.6521739130434783,0.6906211981076854,0.47095495629383943,4.337432599349424,0.3729371612362407,0.6270628387637593,0.15091648744233718,True,False,False,2016,2015,23,18,G+E_T2,T2_60DAP_reproductive_window_proxy,6.399131647230899,6.138712584128858,-10.202471625104508,0.3486919807796158
2016-WIH2,4.633492754459946,5.175748655741389,0.34782608695652173,0.47350780588923586,0.3943393305323525,6.664199655461391,0.5208898150657929,0.4791101849342071,1.125189366316496,1.8848950436535723,0.30434782608695654,0.8128153769788077,0.5601798565504941,5.930556700312234,0.6298924582663413,0.3701075417336587,33.66671679908339,False,False,False,2016,2015,23,18,G+E_T2,T2_60DAP_reproductive_window_proxy,10.973858171655507,10.726660680909474,-19.592265128872587,0.3275071450285273
2017-COH1,7.0205216211540735,7.550607802613271,0.4878048780487805,0.3056086247031979,0.2549771383173248,4.850923926409096,0.19884899419911878,0.8011510058008813,3.0193028466845604,4.575700602506191,0.975609756097561,0.21048093508128396,0.0649157860491886,0.3371229091215668,0.009589889072395231,0.9904101109276048,259.34224303220014,False,False,False,2017,2016,41,18,G+E_T0,T0_preseason,1.4299384795230514,1.1421332411778096,-0.1429849215948735,0.1512856243434185
2017-DEH1,5.460319788995903,5.6160132136979986,0.4878048780487805,0.4881651505536176,0.46843834773395265,12.923063347553445,0.6116899422564065,0.3883100577435935,0.5751661124476228,1.250130489863786,0.24390243902439024,0.9450181905223259,0.7537413870184447,12.838643760647868,0.7677440372738404,0.23225596272615956,2.99978798276947,True,False,False,2017,2016,41,18,G+E_T0,T0_preseason,3.186040020636678,2.6961345730343047,-1.3067733144168143,0.4488694609711485
2017-GAH1,5.102177067841126,5.508808714215305,0.4878048780487805,0.5346638476988432,0.48254972400324336,11.041740840109657,0.52660480712709,0.47339519287291,0.8989484645911429,1.3369927182413992,0.5365853658536586,0.8709754628851791,0.7301262750094618,12.272402625623505,0.7178808028223675,0.28211919717763245,246.81573334207528,False,False,False,2017,2016,41,18,G+E_T0,T0_preseason,4.112048579191283,3.4471976880045574,-1.5555029272674257,0.2808321137648139
2017-GAH2,4.770555176570073,5.778646235549706,0.43902439024390244,0.5784682128470304,0.45161222977014664,9.89464875516512,0.4832353441039948,0.5167646558960052,1.8207722769735228,2.7606154245814944,0.8780487804878049,0.5673854659648042,0.29732632332467157,2.7768612382514677,0.12802908909790064,0.8719709109020993,1.56125140130597,True,False,False,2017,2016,41,18,G+E_T0,T0_preseason,2.204082676992704,1.7414040644106183,-0.8957008841981768,0.2038564422045946
2017-IAH4,4.936252399991425,5.096773591005982,0.43902439024390244,0.5565178101110306,0.535400782579369,13.906421470448164,0.7228042836226505,0.2771957163773495,0.9918142111159547,1.2609158061849055,0.6585365853658537,0.8452210598634988,0.7606240522068586,14.015469851784184,0.7211331246581407,0.2788668753418593,0.7058747368970687,True,False,False,2017,2016,41,18,G+E_T0,T0_preseason,3.805856814609603,3.482986851132009,-4.088459396483181,0.417860375323783
2017-ILH1,5.442061374405777,5.67028976391984,0.4878048780487805,0.49050795334211583,0.46160068261221854,12.71805533545139,0.6366780467393469,0.3633219532606531,0.1637723036533689,1.3844245083606996,0.1951219512195122,0.9954255363586865,0.6895286598012932,9.41552876900251,0.6231487651709394,0.3768512348290606,0.28078230969185247,True,False,False,2017,2016,41,18,G+E_T0,T0_preseason,3.2664864318268743,2.975071746246726,-5.661923014674685,-0.0592881654893791
2017-INH1,4.771073336820862,4.903675548195793,0.43902439024390244,0.5783994292704051,0.5608563126354102,14.497092676972755,0.7586595487818678,0.2413404512181322,0.23758788269376616,0.5660477009036334,0.1951219512195122,0.9903969453489698,0.9417271599247158,16.576038339508838,0.8997364097739357,0.10026359022606435,0.45999340200110844,True,False,False,2017,2016,41,18,G+E_T0,T0_preseason,3.299465783963617,2.953780380694992,-3.031092696001913,0.3903439427193631
2017-MIH1,0.4405170934807387,6.7383061386623435,0.04878048780487805,0.9953435290098243,0.350941069648317,6.111884691772564,0.28662953966461224,0.7133704603353878,0.3116540450740139,1.0237584329044183,0.1951219512195122,0.9835335639331273,0.8179432008256772,14.657621300954924,0.8542255334121163,0.14577446658788373,0.9329135227111355,True,False,True,2017,2016,41,18,G+E_T0,T0_preseason,1.62206904572512,1.2893141301926545,0.1777525295524076,0.4622006386523399
2017-MNH1,2.102663859392584,7.041458190005992,0.34146341463414637,0.8991216425595449,0.3338764734285474,5.982265146823845,0.20958411257267665,0.7904158874273234,1.1779893561977286,1.2524411376276592,0.8048780487804879,0.7888237929477796,0.764656536689695,14.117512048407876,0.6721846347945294,0.3278153652054706,0.604307451692204,True,False,True,2017,2016,41,18,G+E_T0,T0_preseason,1.5358127731427822,1.1842807934572326,0.0142683026443828,0.1943738788158647
2017-NYH1,1.134831397860265,4.595690792794243,0.24390243902439024,0.9695000972463557,0.5835034635013544,8.512213211957437,0.9630795720974866,0.036920427902513375,0.6772022466931319,1.1437332176410513,0.4146341463414634,0.9245986519006574,0.794019174926388,7.8624796126339165,0.7446690764742854,0.2553309235257146,0.229138353958344,True,False,True,2017,2016,41,18,G+E_T0,T0_preseason,1.630856174233524,1.3207675155902738,-0.0378829552800104,0.1559309230619503
2017-NYH2,1.2524718423529613,4.566717417711876,0.2926829268292683,0.9629734426130315,0.5864234015221442,8.527226320316105,0.9714828867693489,0.028517113230651092,0.7028123607586603,1.1240862199049375,0.43902439024390244,0.9190294662226863,0.8011524927127194,7.763884825756183,0.7487984455051109,0.2512015544948891,0.0,True,True,True,2017,2016,41,18,G+E_T0,T0_preseason,3.407176247302744,3.1296300469712,-4.135511088760742,0.1713033597201033
2017-NYH3,1.2524719268805404,4.566717442312223,0.2926829268292683,0.962973437708978,0.5864233997019563,8.527217047307387,0.9714828923186488,0.028517107681351184,0.7028123607586603,1.1240862199049375,0.43902439024390244,0.9190294662226863,0.8011524927127194,7.763884825756183,0.7487984455051109,0.2512015544948891,0.017296954149900887,True,False,True,2017,2016,41,18,G+E_T0,T0_preseason,2.645267026320429,2.3307252710557416,-1.5212038804458174,0.259541460655582
2017-TXH1-Dry,1.0202174993070994,5.181866274914763,0.1951219512195122,0.9752767651143892,0.5255655646069365,6.3876690789282495,0.8955740722203807,0.10442592777961934,1.0076851146597325,2.5110322038868476,0.6829268292682927,0.8406483853611265,0.37796066489555125,3.5198324768858003,0.4921160316495774,0.5078839683504226,0.2437138803264695,True,False,True,2017,2016,41,18,G+E_T0,T0_preseason,3.677249348157252,3.3754038278661285,-5.098943768989294,0.1242518618609956
2017-TXH1-Early,1.0202174993070994,5.181866274914763,0.1951219512195122,0.9752767651143892,0.5255655646069365,6.3876690789282495,0.8955740722203807,0.10442592777961934,1.0076851146597325,2.5110322038868476,0.6829268292682927,0.8406483853611265,0.37796066489555125,3.5198324768858003,0.4921160316495774,0.5078839683504226,0.2437138803264695,True,False,True,2017,2016,41,18,G+E_T0,T0_preseason,4.078738709803816,3.824127537972199,-7.443021712291733,0.1047599939181171
2017-TXH1-Late,3.3485974662772264,4.560444871012992,0.3902439024390244,0.7636135592620863,0.6089366165250565,9.643209843322818,0.7139015128724054,0.28609848712759456,1.3836774962235276,1.5077455268668074,0.8292682926829268,0.7208792689848683,0.6778319112223905,13.91777931950446,0.5160548792422547,0.4839451207577453,0.2437138803264695,True,False,True,2017,2016,41,18,G+E_T0,T0_preseason,4.426240999228368,4.2929830236951325,-18.846178670446022,0.0462909338927961
2017-TXH2,0.9834173895128938,4.725846701390097,0.14634146341463414,0.9770078772733494,0.5693557286530404,9.119091478709892,0.8702706402082475,0.12972935979175249,0.9283880900576448,1.812244651115341,0.5365853658536586,0.8630025714058328,0.5685594885826031,6.520963657140425,0.5604256645863588,0.4395743354136412,0.2437138803264695,True,False,True,2017,2016,41,18,G+E_T0,T0_preseason,2.2236870858278186,1.848794866123776,-0.4014232539567128,0.1573510604483202
2017-WIH1,0.7204303004307107,6.7243235737920015,0.04878048780487805,0.987594321233045,0.35475763083989226,6.036783554797118,0.24643322752239993,0.7535667724776001,0.596221329881309,1.1189657167416747,0.3170731707317073,0.9410422511190956,0.7910019545369263,13.553177624220172,0.6491920998480074,0.3508079001519926,0.013851517149784238,True,False,True,2017,2016,41,18,G+E_T0,T0_preseason,4.032181898199257,3.643169786070377,-2.554832792200346,0.3881660264733659
2017-WIH2,1.932031592766994,6.941611372245521,0.34146341463414637,0.9141335336417286,0.34197590634307984,6.089840051512632,0.26020609687094304,0.739793903129057,0.6417495291528216,1.0329988312158886,0.3170731707317073,0.932018979936093,0.8229447490232495,14.790597673651583,0.684543844496452,0.315456155503548,0.40970028372229533,True,False,True,2017,2016,41,18,G+E_T0,T0_preseason,2.756607369515592,2.4131661584882647,-1.700819729436112,0.4628441593113673
2017-COH1,7.015239543091148,7.881664509147316,0.4878048780487805,0.3059979950536097,0.22681482684096413,4.365751336984486,0.15420291003532413,0.8457970899646758,3.8929455914869946,5.239361657725394,1.0,0.0641110900801337,0.016901485080042727,0.09199041850220147,0.0002505172724304582,0.9997494827275696,259.34224303220014,False,False,False,2017,2016,41,18,G+E_T1,T1_30DAP,1.3778976233529774,1.022789898068113,-0.0613037456355978,0.149200031660361
2017-DEH1,5.269549733069443,5.45684514212863,0.43902439024390244,0.5126525225174823,0.48864075902720333,12.883723791380952,0.5960897292265942,0.4039102707734058,0.9062376365299205,1.3650079932903971,0.36585365853658536,0.8616808909194458,0.7101865268093744,12.594100238726663,0.5472449436227531,0.4527550563772469,2.99978798276947,True,False,False,2017,2016,41,18,G+E_T1,T1_30DAP,2.170495031331277,1.748878504475766,-0.0705822956424166,0.4262823780740051
2017-GAH1,5.850235500254481,6.299393329201898,0.4878048780487805,0.4388806824509262,0.3854341800627113,10.13779246791474,0.37929079533048493,0.6207092046695151,1.2935732552114783,1.6397412232771593,0.6829268292682927,0.7383603051560821,0.6139416202548384,9.544783600525799,0.6097358696905181,0.3902641303094819,246.81573334207528,False,False,False,2017,2016,41,18,G+E_T1,T1_30DAP,2.628671598644434,2.0819775841192003,-0.0443175465271969,0.2633088324671809
2017-GAH2,6.255471099897624,6.403883259216487,0.4878048780487805,0.39001592423292514,0.372894628855996,10.106449364708592,0.4133942807405504,0.5866057192594496,2.7399525000897977,3.042251344552563,0.9512195121951219,0.256443024861299,0.18903859903592898,2.6264089042378367,0.06788372094809987,0.9321162790519001,1.56125140130597,True,False,False,2017,2016,41,18,G+E_T1,T1_30DAP,1.5983725440737198,1.2592249349630449,0.0030575885389799,0.1675244183193997
2017-IAH4,5.124852217898561,5.228344566364368,0.43902439024390244,0.5315453741212367,0.518037697662399,13.920084537908819,0.7075513247146314,0.29244867528536855,1.3835202308467678,1.4996978992512837,0.7560975609756098,0.7068248965006608,0.664917928946289,11.680300192891186,0.5616565680470742,0.4383434319529258,0.7058747368970687,True,False,False,2017,2016,41,18,G+E_T1,T1_30DAP,2.040464795645078,1.681761553634244,-0.462647373951625,0.4135948621618523
2017-ILH1,5.123862248365225,5.295228407861307,0.43902439024390244,0.531675156608002,0.5094144414110582,12.77172583884626,0.6403507794179361,0.35964922058206394,1.676900789979103,1.8789480948267496,0.8292682926829268,0.600658905183171,0.5285880153444442,7.886387519096652,0.3590722247948414,0.6409277752051585,0.28078230969185247,True,False,False,2017,2016,41,18,G+E_T1,T1_30DAP,1.9944676741348264,1.6293406126285968,-1.4836585879563486,-0.052499949510516
2017-INH1,4.895532935965395,5.176215658562379,0.43902439024390244,0.5617628724775177,0.5249933754072962,13.976664873959592,0.7220779578478865,0.27792204215211347,0.9844575481053491,1.1595694804256997,0.43902439024390244,0.8388879249919754,0.7819975337984589,11.889148757612341,0.8460303921079201,0.15396960789207992,0.45999340200110844,True,False,False,2017,2016,41,18,G+E_T1,T1_30DAP,2.383460948199404,2.0430814053664506,-1.103544036752134,0.3644709132428321
2017-MIH1,1.3876204573105382,6.9658326043365335,0.1951219512195122,0.9547257707536423,0.3399742807692037,5.756875067409474,0.36161985996860946,0.6383801400313905,1.3522438639938432,1.6229568391856244,0.7560975609756098,0.7178733867906462,0.620061255547929,9.849171296906714,0.4928111746928188,0.5071888253071812,0.9329135227111355,True,False,True,2017,2016,41,18,G+E_T1,T1_30DAP,1.6240937873279406,1.2695384614094831,0.1756985137508889,0.473075676846897
2017-MNH1,2.145241686466441,7.009292885172353,0.2926829268292683,0.895176154279317,0.3361214659640698,6.077573520440341,0.2924799611758134,0.7075200388241867,0.9624419744709807,1.3055969731530843,0.4146341463414634,0.845431114781764,0.732069287338952,14.735330672713346,0.6765394633878783,0.3234605366121217,0.604307451692204,True,False,True,2017,2016,41,18,G+E_T1,T1_30DAP,1.8142755691693493,1.4672711608369358,-0.375588943484173,0.127120319658294
2017-NYH1,2.204130492094215,5.153270940495382,0.2926829268292683,0.8896761661989377,0.5334662811161731,8.60193657169305,0.7911067987198146,0.2088932012801854,0.7486054074313445,2.1066488409402346,0.1951219512195122,0.903404359199644,0.452789268352482,6.836152578659463,0.2716890988891029,0.728310901110897,0.229138353958344,True,False,True,2017,2016,41,18,G+E_T1,T1_30DAP,1.6041601126334983,1.297682069121696,-0.0041821155247336,0.1752978995951301
2017-NYH2,2.3344576120387606,5.125235389636093,0.2926829268292683,0.8771033631473516,0.5365585405919281,8.627607339292606,0.790958223976715,0.209041776023285,0.7767612233539355,2.0483219751709405,0.1951219512195122,0.8963985402127385,0.4694084074015382,6.793383486284784,0.29115583061935507,0.7088441693806449,0.0,True,True,True,2017,2016,41,18,G+E_T1,T1_30DAP,3.316708531179186,3.028138206008369,-3.866414395103094,0.1493835293142866
2017-NYH3,2.334457657389087,5.125235404553381,0.2926829268292683,0.8771033586786773,0.5365585390888411,8.627597821418602,0.7909581190206281,0.20904188097937193,0.7767612233539355,2.0483219751709405,0.1951219512195122,0.8963985402127385,0.4694084074015382,6.793383486284784,0.29115583061935507,0.7088441693806449,0.017296954149900887,True,False,True,2017,2016,41,18,G+E_T1,T1_30DAP,2.5422811700185264,2.2330378749195443,-1.3287136647639604,0.2675615126308262
2017-TXH1-Dry,1.1709865426094677,4.316689453955661,0.14634146341463414,0.9675443391005588,0.6212270159670509,8.0273556185029,0.7925262783518038,0.20747372164819622,1.1600840604830436,1.600572950488015,0.5609756097560976,0.7835259768095766,0.6274308536359487,10.179221991743665,0.551101968549679,0.44889803145032103,0.2437138803264695,True,False,True,2017,2016,41,18,G+E_T1,T1_30DAP,2.0194198063663364,1.673411516286061,-0.8393386337438924,0.0662935841256358
2017-TXH1-Early,1.1709865426094677,4.316689453955661,0.14634146341463414,0.9675443391005588,0.6212270159670509,8.0273556185029,0.7925262783518038,0.20747372164819622,1.1600840604830436,1.600572950488015,0.5609756097560976,0.7835259768095766,0.6274308536359487,10.179221991743665,0.551101968549679,0.44889803145032103,0.2437138803264695,True,False,True,2017,2016,41,18,G+E_T1,T1_30DAP,2.2889403771186028,1.9150792863638548,-1.6589801624616722,0.0235567244519619
2017-TXH1-Late,4.132084211923484,5.3697048194670245,0.43902439024390244,0.6630948249953408,0.5048682960561308,8.872241055314634,0.476030731751837,0.5239692682481629,1.1534117484769875,1.5671308959756112,0.5609756097560976,0.7857214594502228,0.6394958628648653,9.685605198454947,0.6452529994481091,0.3547470005518909,0.2437138803264695,True,False,True,2017,2016,41,18,G+E_T1,T1_30DAP,3.1088110513191705,2.9217556003293605,-8.790287329324624,-0.0075510415534392
2017-TXH2,4.85299769738662,5.867804602525583,0.43902439024390244,0.5673958881019444,0.4419252890641611,8.574522025881192,0.4160681804579389,0.5839318195420611,1.7629671024398763,2.278726870280171,0.8536585365853658,0.5692736706155618,0.3948638715949658,4.471422181986077,0.2960037027385232,0.7039962972614768,0.2437138803264695,True,False,True,2017,2016,41,18,G+E_T1,T1_30DAP,1.901408281556504,1.5404953428976864,-0.0246433693704906,0.0939983228722799
2017-WIH1,1.2508748437372819,6.868686247143623,0.14634146341463414,0.9630504295630598,0.3467812998543476,5.940131659511271,0.20553951223192998,0.79446048776807,1.1681377334903793,1.2555379566144815,0.5609756097560976,0.780867348170885,0.7510258810816814,12.287111784311598,0.7213426104468924,0.2786573895531076,0.013851517149784238,True,False,True,2017,2016,41,18,G+E_T1,T1_30DAP,3.065464480453654,2.684965223223077,-1.054620056263201,0.3839947963866825
2017-WIH2,2.506904480737338,7.077932130855042,0.34146341463414637,0.8596591960628057,0.3293009389492717,5.981199344878853,0.24460025110623787,0.7553997488937622,0.7325264839836836,1.3481570442301245,0.14634146341463414,0.9073127179725214,0.7129030458548506,13.229279774227662,0.6534915116985598,0.3465084883014402,0.40970028372229533,True,False,True,2017,2016,41,18,G+E_T1,T1_30DAP,2.0096762932090546,1.6827492237516806,-0.4354827918697779,0.4645978154700821
2017-COH1,6.42847499278398,7.256071011261689,0.4878048780487805,0.37287965987304755,0.2867570300630956,5.707036653163986,0.2516961015399894,0.7483038984600106,2.827051523683555,3.941935078552703,0.975609756097561,0.23657928474554904,0.08067327484074749,0.4580749780635147,0.004159230817937386,0.9958407691820627,259.34224303220014,False,False,False,2017,2016,41,18,G+E_T2,T2_60DAP_reproductive_window_proxy,1.3509684361006895,1.020214175157063,-0.0202255592746447,0.1750656192692299
2017-DEH1,5.410121756572345,5.677644053699925,0.4878048780487805,0.49722784138206916,0.4635715515543127,13.040419443831798,0.6007984513036468,0.39920154869635316,1.2127217471358163,1.3610972049294126,0.7073170731707317,0.767011517422117,0.7154550170832861,12.996119861614842,0.6328860891242635,0.3671139108757365,2.99978798276947,True,False,False,2017,2016,41,18,G+E_T2,T2_60DAP_reproductive_window_proxy,3.9463911387455046,3.482909029297602,-2.5391805592214167,0.4120444951979954
2017-GAH1,5.904121729587157,6.251468522495093,0.4878048780487805,0.43512115989199585,0.3937369591214387,10.308929656802942,0.4044808740044331,0.5955191259955669,1.1963997633071621,1.5946235132626225,0.6341463414634146,0.7724705185875907,0.6313176364983373,9.145949621522957,0.6754351376534106,0.32456486234658943,246.81573334207528,False,False,False,2017,2016,41,18,G+E_T2,T2_60DAP_reproductive_window_proxy,3.840393431647549,3.1629977415671324,-1.2290065558126058,0.2385181841469471
2017-GAH2,5.439291511742461,6.160203825505251,0.4878048780487805,0.4934855639239251,0.40570917424076935,10.559158233279017,0.4517605329469112,0.5482394670530888,3.0481761408450354,3.2821528158431326,0.975609756097561,0.18716080384748462,0.14545603992158768,2.2073019011752626,0.03623665911146823,0.9637633408885318,1.56125140130597,True,False,False,2017,2016,41,18,G+E_T2,T2_60DAP_reproductive_window_proxy,2.823766718745351,2.3990038443793886,-2.111513436348832,0.1346160828685785
2017-IAH4,5.048261848619305,5.447643639358731,0.4878048780487805,0.5442395970123013,0.49276600801919324,13.177808411840163,0.6680030279597974,0.3319969720402026,1.299819336088441,1.6675536957351418,0.7560975609756098,0.7373278548563058,0.6052320581455303,8.815796940850168,0.5497959867066927,0.4502040132933073,0.7058747368970687,True,False,False,2017,2016,41,18,G+E_T2,T2_60DAP_reproductive_window_proxy,3.7840784165628634,3.4484455520296757,-4.030390252456603,0.3596057507202095
2017-ILH1,4.993972943103071,5.255435453584964,0.4878048780487805,0.5513688111150676,0.5173856210130585,14.33146445504608,0.7365166868796407,0.26348331312035933,0.9117642638438667,1.2163269792800664,0.34146341463414637,0.8607636754298097,0.7640337057598884,15.717813764674974,0.7969924591988129,0.2030075408011871,0.28078230969185247,True,False,False,2017,2016,41,18,G+E_T2,T2_60DAP_reproductive_window_proxy,4.637707706003128,4.411123314262047,-12.429029861837416,-0.051681856545231
2017-INH1,4.857831826337212,5.2481922259280065,0.4878048780487805,0.5693078557738459,0.5183542347679891,14.256458861737308,0.7304833792917238,0.2695166207082762,0.3974523131393119,0.9900302711869348,0.14634146341463414,0.9719109715585069,0.8258443583420784,12.45463335784372,0.8428160215324738,0.1571839784675262,0.45999340200110844,True,False,False,2017,2016,41,18,G+E_T2,T2_60DAP_reproductive_window_proxy,4.1633108789246,3.871361134543352,-5.418199459708974,0.3339641392183239
2017-MIH1,2.358241330283693,7.206328239278906,0.2926829268292683,0.8756778473431168,0.3227700120110237,5.801502934865183,0.327655135935155,0.6723448640648451,1.406083076844838,1.517007030715057,0.8292682926829268,0.7000643310160308,0.6600982553410744,10.734041492541186,0.5240342098851782,0.47596579011482176,0.9329135227111355,True,False,True,2017,2016,41,18,G+E_T2,T2_60DAP_reproductive_window_proxy,1.8143709114182296,1.517707921598341,-0.0287646240969912,0.4653354962191217
2017-MNH1,1.7276647185706338,7.002428539628845,0.2926829268292683,0.9312267596110243,0.3394731884101982,6.150522472037224,0.2573355123353718,0.7426644876646282,0.8805141884175971,1.0909910870983444,0.34146341463414637,0.8695029346327184,0.8046841594630108,14.583280251554598,0.7265400893641218,0.27345991063587816,0.604307451692204,True,False,True,2017,2016,41,18,G+E_T2,T2_60DAP_reproductive_window_proxy,1.9560564399179463,1.603147117864702,-0.5989870078941495,0.103186567923351
2017-NYH1,2.1610217726443053,5.232639889340708,0.2926829268292683,0.894508754674698,0.5279496880030574,8.473015297543482,0.8092518499484287,0.1907481500515713,1.1271463498894254,2.1980494112504863,0.5365853658536586,0.7952178506531901,0.43302933804604987,5.879269710680997,0.3665007952227551,0.633499204777245,0.229138353958344,True,False,True,2017,2016,41,18,G+E_T2,T2_60DAP_reproductive_window_proxy,1.6197639184049175,1.3128567248173837,-0.0238126620489276,0.1585902148581786
2017-NYH2,2.282782340440964,5.292729459980364,0.2926829268292683,0.8830291908435802,0.5221669770757391,8.387948751424563,0.8030262525676415,0.19697374743235851,1.367302735214614,2.2857290920481197,0.7560975609756098,0.7137768634114597,0.40489201858247004,5.37973837642287,0.3206925110190319,0.679307488980968,0.0,True,True,True,2017,2016,41,18,G+E_T2,T2_60DAP_reproductive_window_proxy,3.387507635915925,3.089288071851082,-4.076390679965904,0.1111119213261939
2017-NYH3,2.282782386817883,5.292730209622042,0.2926829268292683,0.8830291863803178,0.5221669065834609,8.38793906060891,0.8030261660217612,0.19697383397823875,1.367302735214614,2.2857290920481197,0.7560975609756098,0.7137768634114597,0.40489201858247004,5.37973837642287,0.3206925110190319,0.679307488980968,0.017296954149900887,True,False,True,2017,2016,41,18,G+E_T2,T2_60DAP_reproductive_window_proxy,2.5255208912883758,2.218184701735109,-1.2981102554631434,0.257363637019907
2017-TXH1-Dry,2.41716547826359,4.6623761340778405,0.2926829268292683,0.8698155043398129,0.5963095375080893,8.135553106858138,0.6790921563123287,0.32090784368767133,1.435231946125307,1.699875664771359,0.8292682926829268,0.6896847896023977,0.593818456340426,10.855951513443753,0.3389063310185664,0.6610936689814336,0.2437138803264695,True,False,True,2017,2016,41,18,G+E_T2,T2_60DAP_reproductive_window_proxy,2.2729259210698123,1.9250498191110712,-1.3301239991863518,0.0900811304021162
2017-TXH1-Early,2.41716547826359,4.6623761340778405,0.2926829268292683,0.8698155043398129,0.5963095375080893,8.135553106858138,0.6790921563123287,0.32090784368767133,1.435231946125307,1.699875664771359,0.8292682926829268,0.6896847896023977,0.593818456340426,10.855951513443753,0.3389063310185664,0.6610936689814336,0.2437138803264695,True,False,True,2017,2016,41,18,G+E_T2,T2_60DAP_reproductive_window_proxy,2.582354135457131,2.2139914385542623,-2.384369217384175,0.0321270115599728
2017-TXH1-Late,3.3502678518197775,4.624767746551209,0.3902439024390244,0.7649525084080198,0.6052075234666002,9.403526688891354,0.6440138364335513,0.35598616356644874,1.858569382047213,2.0811787734811875,0.8780487804878049,0.5363266838102374,0.4587520926228379,8.487416145109231,0.3483139863744439,0.6516860136255561,0.2437138803264695,True,False,True,2017,2016,41,18,G+E_T2,T2_60DAP_reproductive_window_proxy,3.9196598885387735,3.764368574373357,-14.563366793203937,-0.0155952019208301
2017-TXH2,3.613402080058937,5.836864037134056,0.3902439024390244,0.732213375020878,0.45537056972070095,8.070151246631903,0.4517788328354252,0.5482211671645748,1.1937850692110248,2.6565866093501684,0.6341463414634146,0.7733417184548889,0.3143372448091625,2.748925317850152,0.07409056538054064,0.9259094346194594,0.2437138803264695,True,False,True,2017,2016,41,18,G+E_T2,T2_60DAP_reproductive_window_proxy,1.8863424524396348,1.5398614340936214,-0.0084701528806789,0.1037780111971713
2017-WIH1,1.1025468689349216,6.948814580984532,0.0975609756097561,0.9713984849850095,0.3423757456564832,5.848472665497807,0.34078020174246754,0.6592197982575325,1.0457863533777676,1.2518683159337174,0.4634146341463415,0.8209825059010134,0.7514675084884952,10.832641318779578,0.6327091875927021,0.3672908124072979,0.013851517149784238,True,False,True,2017,2016,41,18,G+E_T2,T2_60DAP_reproductive_window_proxy,2.8479663249301943,2.482401355185092,-0.7734079299436161,0.3699767310094067
2017-WIH2,2.4564240418214087,7.145263215152032,0.2926829268292683,0.8658518109128709,0.3266944459953076,5.924243760634146,0.2600255395673714,0.7399744604326286,0.6380918963211488,1.2514771240884621,0.21951219512195122,0.9291962135395204,0.7459782035872012,12.391472904875528,0.6629499264077832,0.33705007359221684,0.40970028372229533,True,False,True,2017,2016,41,18,G+E_T2,T2_60DAP_reproductive_window_proxy,2.139291982170744,1.7997288083087788,-0.6266192167463092,0.4260416779444395
2018-ARH2,4.448541133228977,5.7790623565719725,0.559322033898305,0.6632420453054801,0.5013930412802685,17.650728169812258,0.5567723722178802,0.44322762778211977,1.6059708155369894,2.1066195589790504,0.8813559322033898,0.634118102829564,0.4623324432061816,7.989022735536528,0.27886870627843746,0.7211312937215626,404.77566499086913,False,False,False,2018,2017,59,21,G+E_T0,T0_preseason,3.990946047652463,3.922411755767903,-36.66516626034564,-0.0407201574069045
2018-DEH1,0.9876018408629167,7.578910523805247,0.3389830508474576,0.9799655930304039,0.332750505401716,6.882076818718565,0.0972667317998486,0.9027332682001514,0.49666300334372593,0.9576615158426007,0.3728813559322034,0.957368583594015,0.8420554648374722,19.912272677355368,0.8190533655448786,0.18094663445512138,0.14938640883728083,True,False,True,2018,2017,59,21,G+E_T0,T0_preseason,3.153920193734094,2.5835676565903567,-1.459294737646832,0.2958529901643361
2018-IAH2,1.4710003289089366,7.933147083357372,0.423728813559322,0.9560951538444047,0.3121487734517544,6.656450514312657,0.18417101207491335,0.8158289879250866,1.139125425522609,1.3150631918906104,0.8135593220338984,0.7951859809530567,0.7362339326561768,15.848908512959587,0.7666869175411802,0.23331308245881976,0.0032847804546600775,True,True,True,2018,2017,59,21,G+E_T0,T0_preseason,2.9552225397927163,2.571104326561839,-1.9473715505776923,0.1170014030812768
2018-IAH4,1.0308898192521678,7.711799408281469,0.3389830508474576,0.9781905399242804,0.3245033556668231,7.103857193479264,0.1300210892941492,0.8699789107058508,0.6242842171027658,0.8782793318940838,0.5084745762711864,0.9334825258176347,0.8694222532818283,22.282796103906122,0.8288210730248384,0.17117892697516157,0.13519297644600034,True,False,True,2018,2017,59,21,G+E_T0,T0_preseason,2.2768013417342523,1.9681084304909569,-2.123715361875429,0.0111268755382444
2018-ILH1,2.8345835737053164,7.972000996272646,0.5084745762711864,0.8464395972970056,0.3047094019846351,6.96847629316906,0.1473992313524185,0.8526007686475815,0.8434407524366339,0.9313522690871551,0.6440677966101694,0.8819288552684669,0.8570145064743933,20.0661212255226,0.8383763529538076,0.16162364704619236,0.20763854288642847,True,False,True,2018,2017,59,21,G+E_T0,T0_preseason,2.476390822002178,2.106404013075424,-1.4854821910424798,-0.1143241918333384
2018-INH1,1.440018442411252,5.16033902688396,0.3898305084745763,0.9578860082759418,0.5636822430785833,12.913743703381282,0.9127876456508388,0.08721235434916119,0.6563061374763647,0.9212797106312319,0.5423728813559322,0.9267461818139165,0.8573726585051975,21.589970772048385,0.8311654546548828,0.16883454534511722,0.06386409095361988,True,False,True,2018,2017,59,21,G+E_T0,T0_preseason,2.5020590471411217,2.1657204031683843,-2.5035265400492484,-0.026453218061703
2018-MIH1,4.601076440799161,4.849293111373635,0.559322033898305,0.6445150587880244,0.6139102059958053,20.650470798792682,0.7312992782770739,0.26870072172292614,0.1754185700651999,0.6269948877701265,0.2542372881355932,0.9945799446011884,0.9185635658944648,23.675518526953805,0.9425295690838339,0.057470430916166104,0.16466514597744875,True,False,False,2018,2017,59,21,G+E_T0,T0_preseason,2.846854756920384,2.573584779808214,-3.8145886809960654,0.0769936477577486
2018-MNH1,5.34219539532083,5.637260606171761,0.5932203389830508,0.5531309627329524,0.5172418127004882,20.236680041162675,0.7179089794833107,0.28209102051668933,0.6122954885779597,0.8468004616547603,0.4745762711864407,0.93592991104278,0.8778761247475494,22.172880510111273,0.813626017527124,0.18637398247287595,1.6591872588327177,True,False,False,2018,2017,59,21,G+E_T0,T0_preseason,1.7255016735015412,1.419050926479618,-0.0370128319838232,0.163900535867479
2018-MOH1,1.798788815805917,5.1661527146232284,0.4406779661016949,0.9350673325095312,0.5684567336363415,11.762753863809714,0.8499351881654512,0.15006481183454878,1.4366196695554356,1.4771627534617686,0.847457627118644,0.6945331722934364,0.6800960234147364,12.24656202546388,0.5443547995799146,0.4556452004200854,0.1488893704655366,True,False,True,2018,2017,59,21,G+E_T0,T0_preseason,1.975169116406561,1.6438266786071294,-1.376999346081429,-0.0136271579490048
2018-NCH1,4.305103074353627,4.7588103395979,0.559322033898305,0.6807483621566116,0.6249653417878656,19.040179647017187,0.6870565097761422,0.3129434902238578,1.425420185274784,1.6441368776181828,0.847457627118644,0.6984761905765501,0.6202655732706147,12.641768313187729,0.5741890329848958,0.42581096701510424,427.1952615011856,False,False,False,2018,2017,59,21,G+E_T0,T0_preseason,3.3467038258180635,2.8321086273599727,-1.4181988521874724,0.2882381039697988
2018-NYH1,0.40209033955866397,1.5442078769625496,0.11864406779661017,0.9966509709579007,0.942799858124291,16.80935881480356,0.9220529161288777,0.07794708387112226,0.23403195409437763,0.9191846185637248,0.288135593220339,0.9903731622615376,0.8307119316239264,13.497575555003618,0.6555546966598644,0.34444530334013557,0.07493076770731674,True,False,True,2018,2017,59,21,G+E_T0,T0_preseason,1.9322635224666265,1.4960358798398643,-0.1499835606145536,0.0038020372246471
2018-NYH2,0.2894940549845495,4.350632700485005,0.11864406779661017,0.9982625927186659,0.6313168477106474,11.84419227226499,0.9631389366741776,0.036861063325822396,0.21073180429458924,0.4933403332837701,0.2542372881355932,0.9921874939270157,0.9506719670642549,13.754939201206613,0.9823899839127018,0.017610016087298175,0.0700619989599348,True,False,True,2018,2017,59,21,G+E_T0,T0_preseason,2.1280796323459086,1.6787130722327692,-0.2526928691918335,0.194562294942755
2018-NYH3,1.1095452605142988,4.407774892794273,0.3389830508474576,0.9747794289823083,0.6324818151304925,11.848282984640822,0.9513873946350074,0.04861260536499257,0.21073180429458924,0.4933403332837701,0.2542372881355932,0.9921874939270157,0.9506719670642549,13.754939201206613,0.9823899839127018,0.017610016087298175,0.01247452809906543,True,False,True,2018,2017,59,21,G+E_T0,T0_preseason,3.7654235184339098,3.43662005227367,-4.482090139719281,0.1107037158645673
2018-OHH1,4.639573998923553,4.7456990299963175,0.559322033898305,0.639775184474413,0.6266818359205587,21.986428667164514,0.7898024549303674,0.21019754506963262,0.694083624518823,0.9645553677428506,0.5423728813559322,0.9184337099046774,0.8458183967778317,23.815349134942938,0.8434270338529234,0.1565729661470766,0.44208469097066355,True,False,False,2018,2017,59,21,G+E_T0,T0_preseason,3.7728408779610216,3.503559781521334,-6.1788449433117325,-0.1050168156282639
2018-SCH1,4.611990491694972,4.896930398262578,0.559322033898305,0.6431717675397121,0.6080213540119895,19.406793127857554,0.6539189189866745,0.34608108101332546,1.6210622014379648,1.865773819016311,0.8813559322033898,0.6286872444020878,0.5420338539044065,13.581490579853606,0.3794682966522876,0.6205317033477125,112.21531154106086,False,False,False,2018,2017,59,21,G+E_T0,T0_preseason,2.45315140895768,2.130993875002799,-2.333288515668438,0.1250478182322921
2018-TXH1-Dry,0.9760585331808548,1.6901615514535586,0.3220338983050847,0.9804266021259935,0.9290671745370093,15.36211429075193,0.9784528919150831,0.02154710808491689,0.9513617132762646,1.4460744030468669,0.7796610169491526,0.852268198347458,0.6878666147488176,12.001098539655674,0.7669083877373252,0.23309161226267483,0.06949743332465584,True,False,True,2018,2017,59,21,G+E_T0,T0_preseason,1.838308148483097,1.483113270286542,-1.0229848132603974,-0.1162653501467717
2018-TXH1-Early,0.9760585331808548,1.6901615514535586,0.3220338983050847,0.9804266021259935,0.9290671745370093,15.36211429075193,0.9784528919150831,0.02154710808491689,0.9513617132762646,1.4460744030468669,0.7796610169491526,0.852268198347458,0.6878666147488176,12.001098539655674,0.7669083877373252,0.23309161226267483,0.06949743332465584,True,False,True,2018,2017,59,21,G+E_T0,T0_preseason,1.303050470437307,1.0097444402930733,-0.1484485910632156,-0.0098596523605156
2018-TXH1-Late,0.3228659653310562,2.8905551386863215,0.11864406779661017,0.9978393977387424,0.8166962616866259,17.466452372996237,0.8712390431556609,0.12876095684433908,0.2791132114651671,1.1935804348897527,0.288135593220339,0.9863350309793795,0.756896772991767,20.57977711503404,0.5935929193378037,0.40640708066219633,0.06949743332465584,True,False,True,2018,2017,59,21,G+E_T0,T0_preseason,2.776084364371337,2.53809463395556,-4.8105162533648365,0.0995313339123489
2018-TXH2,5.682711585577845,6.511382930339754,0.5932203389830508,0.5116799117564617,0.4185443792677065,9.781287883467904,0.3385870834696217,0.6614129165303784,1.8671602882173919,3.086682735994592,0.9152542372881356,0.540242465822941,0.23473966993981477,1.277214730990512,0.02001302411599027,0.9799869758840097,657.0126687086528,False,False,False,2018,2017,59,21,G+E_T0,T0_preseason,1.810070665058087,1.4505626155976052,-0.3650591605519682,-0.0720705783222887
2018-WIH1,0.6052534866430872,7.697302211153878,0.15254237288135594,0.9924277493751585,0.32293921614493276,6.990033944098957,0.1038928127492212,0.8961071872507788,0.5794807253775589,0.6997836371108024,0.4745762711864407,0.9424168565051347,0.9148105804026336,18.777751796473954,0.8233906222896413,0.17660937771035867,0.1572374218593077,True,False,True,2018,2017,59,21,G+E_T0,T0_preseason,2.793523986912022,2.3766389284637266,-1.399107865859292,-0.0459294049630423
2018-WIH2,5.171572368846424,5.435078120065588,0.5932203389830508,0.5741073904397895,0.5418117740533785,20.97646059068941,0.7572363961683516,0.2427636038316484,0.5132540453664541,0.8664777747333522,0.3728813559322034,0.9545396138743616,0.8713729448113684,22.98223085075321,0.8395237903637949,0.16047620963620512,7.152312342232901,True,False,False,2018,2017,59,21,G+E_T0,T0_preseason,1.8456097216163108,1.4359677742369692,-0.0182492917227905,0.1382813470666832
2018-ARH2,4.13539329698393,4.64486650808318,0.559322033898305,0.7018890019091084,0.6396758980232315,21.172060546106344,0.7462124240196388,0.25378757598036117,0.8985739467591917,1.128431713522699,0.3728813559322034,0.8584510356802,0.7842896226869795,20.54992990682866,0.7007640329465801,0.2992359670534199,404.77566499086913,False,False,False,2018,2017,59,21,G+E_T1,T1_30DAP,4.280994296308884,4.215708511934303,-42.338859049354895,-0.026837344045072
2018-DEH1,3.08287517079561,8.015699611440839,0.5254237288135594,0.8214174527364158,0.30047405546866746,6.3842509144872555,0.13029716393547341,0.8697028360645266,1.6224845428341794,1.8244557481383563,0.8983050847457628,0.6079876612908852,0.5333040037908776,10.301931041590588,0.3424295432115252,0.6575704567884748,0.14938640883728083,True,False,True,2018,2017,59,21,G+E_T1,T1_30DAP,3.2989864791192525,2.749466231894917,-1.6907308126665217,0.3085073736493555
2018-IAH2,3.6889500341298938,8.1927230396542,0.5254237288135594,0.7545177210858977,0.2838641787589967,6.693076303929968,0.1153597890939686,0.8846402109060314,0.914102653306726,1.611781971908688,0.423728813559322,0.8538955351826334,0.608569100400602,13.192504251608305,0.46400060688760203,0.535999393112398,0.0032847804546600775,True,True,True,2018,2017,59,21,G+E_T1,T1_30DAP,3.021685487486575,2.637081129495661,-2.0814350890097653,0.1059562820788428
2018-IAH4,3.1551756160441573,8.182244776756963,0.5254237288135594,0.8137848386115272,0.29047586015567023,5.996069887659472,0.10227263658769858,0.8977273634123014,1.117120736540189,1.6668813245658392,0.5932203389830508,0.7898630346270858,0.5911006781447481,7.05509372541249,0.4857024967573782,0.5142975032426218,0.13519297644600034,True,False,True,2018,2017,59,21,G+E_T1,T1_30DAP,2.9479478683046247,2.66828160738827,-4.236737133777057,-0.001547262875422
2018-ILH1,4.553432516655151,8.227298974837451,0.559322033898305,0.6510533947183791,0.2724158354486493,6.357765513901878,0.09069322288401857,0.9093067771159814,1.1806927599214314,1.4874445122828184,0.6271186440677966,0.7683515528362852,0.6572854082077932,10.008547966832117,0.6327397654464104,0.3672602345535896,0.20763854288642847,True,False,True,2018,2017,59,21,G+E_T1,T1_30DAP,2.7300306107354397,2.3689817778945583,-2.0206980654013704,-0.1305211426812148
2018-INH1,1.5471962392737357,5.1695426368158675,0.3050847457627119,0.9516584171900309,0.5674870776304878,12.365173373180445,0.8919240646590743,0.10807593534092574,0.9710122663979912,1.243038553940378,0.4745762711864407,0.8367539101599465,0.7438377062182643,12.677057123201157,0.6985956791340299,0.30140432086597013,0.06386409095361988,True,False,True,2018,2017,59,21,G+E_T1,T1_30DAP,2.660569848119407,2.332640707932576,-2.9614997469378017,-0.0176247318814753
2018-MIH1,4.8055511723200555,5.084895085729414,0.559322033898305,0.6200197353385879,0.585690234445809,19.96136897870715,0.6955983557920632,0.3044016442079368,1.1959717310461766,1.4511208684274055,0.6779661016949152,0.7630955917864775,0.6710301928900159,16.271798459574107,0.5891874001851879,0.4108125998148121,0.16466514597744875,True,False,False,2018,2017,59,21,G+E_T1,T1_30DAP,1.8505880925686489,1.5627197015264431,-1.034455037873263,0.0914481332461174
2018-MNH1,5.286931783006914,5.8351324195681835,0.559322033898305,0.5607021381154026,0.4945231087358118,17.377118609296545,0.5888627582944972,0.4111372417055028,2.173772671606668,2.385375139052095,0.9322033898305084,0.40934428205699847,0.34359455147215134,5.373665067280913,0.1264895014665439,0.8735104985334561,1.6591872588327177,True,False,False,2018,2017,59,21,G+E_T1,T1_30DAP,1.7641624520307495,1.3565595009056333,-0.0840030635164601,0.1583012987395228
2018-MOH1,6.6127176886435395,7.325906794021947,0.5932203389830508,0.4044942751778176,0.33356583622643116,8.210682301502551,0.2451675133688738,0.7548324866311262,1.8503548593277994,2.169998475644269,0.9152542372881356,0.5235162779957331,0.420188184098671,2.8927910103485672,0.12965150195865638,0.8703484980413436,0.1488893704655366,True,False,True,2018,2017,59,21,G+E_T1,T1_30DAP,1.52516175170289,1.2173029920660663,-0.4172690406104027,-0.017330835130292
2018-NCH1,4.372019414532316,5.065629390052009,0.559322033898305,0.6732434640704079,0.5879450863807939,18.264798013102236,0.6422735936128614,0.3577264063871386,1.6672464988292384,1.9237277263984531,0.8983050847457628,0.591297758514769,0.4992622160816305,7.221715608204165,0.29508957500270705,0.704910424997293,427.1952615011856,False,False,False,2018,2017,59,21,G+E_T1,T1_30DAP,2.979494777137952,2.482418906745812,-0.91664953130454,0.3087937755981904
2018-NYH1,1.8555259607411358,2.3964282707623177,0.3220338983050847,0.9312146485956247,0.8826929154805118,16.19831416698285,0.8563413012815213,0.1436586987184787,1.5518786637060396,1.7425331787406904,0.8305084745762712,0.6342990773410467,0.5634907980959132,9.33471384769507,0.4372755561749106,0.5627244438250893,0.07493076770731674,True,False,True,2018,2017,59,21,G+E_T1,T1_30DAP,1.887245798097357,1.4763872393919153,-0.0970233097788346,-0.011638046746638
2018-NYH2,1.342409022252516,4.717583511170922,0.3050847457627119,0.9633865807151182,0.610234848970359,11.805933563391434,0.9618549362515991,0.038145063748400876,1.3276532184628644,1.5191870787422856,0.7457627118644068,0.7166355681288613,0.646141158110275,10.720758169285078,0.5750877818038049,0.42491221819619507,0.0700619989599348,True,False,True,2018,2017,59,21,G+E_T1,T1_30DAP,2.1389225276236576,1.688018867005347,-0.2654907181711508,0.1875843337448545
2018-NYH3,2.1102987175796706,4.902384111222501,0.3559322033898305,0.9119417097708666,0.5975346229312315,11.760274202620902,0.8380264992813856,0.16197350071861438,1.3276532184628644,1.5191870787422856,0.7457627118644068,0.7166355681288613,0.646141158110275,10.720758169285078,0.5750877818038049,0.42491221819619507,0.01247452809906543,True,False,True,2018,2017,59,21,G+E_T1,T1_30DAP,3.514817362568267,3.168227254427609,-3.776656778636912,0.1059726496137552
2018-OHH1,4.7563118373788,4.890845407030528,0.559322033898305,0.6260916157098233,0.6095019391538716,20.68731181257265,0.7329857638560173,0.2670142361439827,1.1980835863365056,1.4217004320150484,0.6779661016949152,0.7623666554309447,0.6814563667962154,13.389608901357763,0.5586389248266164,0.44136107517338363,0.44208469097066355,True,False,False,2018,2017,59,21,G+E_T1,T1_30DAP,2.717482963198361,2.4015761783405827,-2.724356583630785,-0.1118653774491496
2018-SCH1,4.695775863317535,5.110536482740141,0.559322033898305,0.6335509250140317,0.5824501305205332,19.205307754254818,0.6213196317900854,0.3786803682099146,1.8127441879025916,2.1329916460996095,0.9152542372881356,0.5373289298742597,0.4247828926879834,10.13635616452065,0.3121361166527563,0.6878638833472437,112.21531154106086,False,False,False,2018,2017,59,21,G+E_T1,T1_30DAP,2.7726013840779475,2.464394086660336,-3.25793541674092,0.1366653670196707
2018-TXH1-Dry,1.23580638176104,1.914581003779956,0.2033898305084746,0.9688828597230659,0.918223187563928,16.504663219299,0.9457214010190771,0.05427859898092291,1.179255906713462,1.4061799510115354,0.6271186440677966,0.768844197702929,0.6868479097698422,17.250556858228062,0.6143372900250643,0.3856627099749357,0.06949743332465584,True,False,True,2018,2017,59,21,G+E_T1,T1_30DAP,1.960557009002452,1.5942256382389168,-1.300991150611142,-0.1191606544333357
2018-TXH1-Early,1.23580638176104,1.914581003779956,0.2033898305084746,0.9688828597230659,0.918223187563928,16.504663219299,0.9457214010190771,0.05427859898092291,1.179255906713462,1.4061799510115354,0.6271186440677966,0.768844197702929,0.6868479097698422,17.250556858228062,0.6143372900250643,0.3856627099749357,0.06949743332465584,True,False,True,2018,2017,59,21,G+E_T1,T1_30DAP,1.2734691004626122,0.977784677440671,-0.0968971495942794,-0.0042339934782711
2018-TXH1-Late,1.671765910493249,3.116616642188513,0.3050847457627119,0.9437924285066276,0.8114654351667621,16.54186950307216,0.7376489387966818,0.2623510612033182,1.6531503060772896,1.758948525093541,0.8983050847457628,0.5965523683658555,0.5574709709532948,12.468060859800548,0.3575026706961024,0.6424973293038976,0.06949743332465584,True,False,True,2018,2017,59,21,G+E_T1,T1_30DAP,2.147117733363679,1.867649765668822,-2.475850733778127,0.0982134089893314
2018-TXH2,6.977384370387379,8.359243429891832,0.5932203389830508,0.3650583851488327,0.2416989282970156,5.406547330481982,0.1504868025026632,0.8495131974973368,3.7627907960051665,5.210305566548042,1.0,0.06881510640804228,0.021570360059289966,0.10924372541272523,4.33846741851207e-05,0.9999566153258149,657.0126687086528,False,False,False,2018,2017,59,21,G+E_T1,T1_30DAP,1.6866794440314692,1.3301179512634094,-0.1852924495686219,-0.0681127539774727
2018-WIH1,3.0828538528997638,7.932593798702541,0.5254237288135594,0.8214196875349529,0.30596138993089733,7.211642627392422,0.10513113193069061,0.8948688680693094,1.1239256662760462,1.3662781018890013,0.5932203389830508,0.7875894019101464,0.701726857867379,19.590484432255604,0.5898746094543964,0.4101253905456036,0.1572374218593077,True,False,True,2018,2017,59,21,G+E_T1,T1_30DAP,3.136493422484285,2.7261868444669464,-2.0243616834568274,-0.0465432694318058
2018-WIH2,4.913074908246136,5.0668544780999785,0.559322033898305,0.6067527753723789,0.5877996878323295,21.055631712224727,0.7478896001988957,0.2521103998011043,0.7286837355827218,1.2281695533193708,0.1864406779661017,0.9045039303858428,0.745750127455109,16.440802006363615,0.5881328434624561,0.4118671565375439,7.152312342232901,True,False,False,2018,2017,59,21,G+E_T1,T1_30DAP,1.9183033242333325,1.451410634705555,-0.1000411645846683,0.14576598333641
2018-ARH2,4.107054521943326,4.814122304920659,0.559322033898305,0.70650757199315,0.6202403233332184,20.436486773412796,0.7058029590980317,0.2941970409019683,1.0619818342646306,1.4496256800830265,0.5084745762711864,0.8120913658365472,0.6767386616107501,15.34793297282834,0.44311217912774425,0.5568878208722557,404.77566499086913,False,False,False,2018,2017,59,21,G+E_T2,T2_60DAP_reproductive_window_proxy,5.088545960962216,5.034991795052349,-60.23159585095701,-0.0283167220387131
2018-DEH1,2.3456690958891677,7.839848110763723,0.3898305084745763,0.8928596544271918,0.3178280933306453,6.760697862940529,0.10477024494701598,0.895229755052984,1.4059338800634003,1.5867193460832372,0.8813559322033898,0.6943346880962683,0.6282246155339454,15.003083916390697,0.5731310545822623,0.4268689454177377,0.14938640883728083,True,False,True,2018,2017,59,21,G+E_T2,T2_60DAP_reproductive_window_proxy,3.1294570640393657,2.560460403083338,-1.4212920480451534,0.3011815631697236
2018-IAH2,2.705565418924361,7.996636349394633,0.423728813559322,0.8600464649197587,0.3059285814389944,7.001771049668194,0.13877513611985642,0.8612248638801436,1.3183397251856812,1.5804743139687314,0.8135593220338984,0.7255968867642856,0.6301952637371088,16.18807960984014,0.4995363589246436,0.5004636410753565,0.0032847804546600775,True,True,True,2018,2017,59,21,G+E_T2,T2_60DAP_reproductive_window_proxy,2.962523364530428,2.577409708011525,-1.9619523972354949,0.1098293486592528
2018-IAH4,2.965889228000338,7.9802011290171135,0.4915254237288136,0.8342868525806446,0.30533002388176783,6.303003650214398,0.12592513047799261,0.8740748695220074,1.629607351502828,1.98433921850894,0.9152542372881356,0.6125598232656857,0.48669511817351463,7.415792881764269,0.2715445668802797,0.7284554331197203,0.13519297644600034,True,False,True,2018,2017,59,21,G+E_T2,T2_60DAP_reproductive_window_proxy,2.7008001711652474,2.407945575415292,-3.3954776991841493,0.0038335729885079
2018-ILH1,3.230384971268218,7.862522229859988,0.4915254237288136,0.8065950649478477,0.3111001425799057,6.82364057091343,0.11355868797990998,0.88644131202009,1.4262198352902271,1.5646013010602382,0.8813559322033898,0.6870113826031665,0.6363607810460861,11.242066089046904,0.47704425903244563,0.5229557409675544,0.20763854288642847,True,False,True,2018,2017,59,21,G+E_T2,T2_60DAP_reproductive_window_proxy,2.516988158178534,2.1477690802624902,-1.5676429326875043,-0.1256724656526919
2018-INH1,1.6790070644607498,5.3303292218585465,0.3220338983050847,0.9435903537355347,0.5533860534600925,12.87900209206954,0.8419453435049893,0.15805465649501071,1.169663772706412,1.3478002496176988,0.6271186440677966,0.7768620252881064,0.7145115577493941,15.206833620810835,0.6408699597277745,0.3591300402722255,0.06386409095361988,True,False,True,2018,2017,59,21,G+E_T2,T2_60DAP_reproductive_window_proxy,2.5843777589443024,2.2530643997689808,-2.737853641967009,-0.0195261788698397
2018-MIH1,4.954435814416547,5.268408892012137,0.5932203389830508,0.6031597822152587,0.5647360717096509,19.570494308616453,0.6841773189128724,0.31582268108712763,0.7983377434327038,1.2485553167088514,0.3389830508474576,0.8890293464447983,0.7453109376523473,14.773724149596676,0.637235460442528,0.362764539557472,0.16466514597744875,True,False,False,2018,2017,59,21,G+E_T2,T2_60DAP_reproductive_window_proxy,1.3996097951994937,1.1311893194945746,-0.1637039699209832,0.0836186329812474
2018-MNH1,5.361801807817431,5.644239555410278,0.5932203389830508,0.5531478035926888,0.5189659335331439,18.73273998525505,0.6396881860513409,0.3603118139486591,1.4752440914455782,2.0386108426217495,0.8813559322033898,0.669210949084417,0.46708044839466545,9.303310077786978,0.2673044843553538,0.7326955156446462,1.6591872588327177,True,False,False,2018,2017,59,21,G+E_T2,T2_60DAP_reproductive_window_proxy,2.1288521221690018,1.625580095348322,-0.5784991425750543,0.159795183583524
2018-MOH1,6.8452855516163655,7.436627609080513,0.5932203389830508,0.3809396837263515,0.3239139241466875,7.747369475214968,0.23329261575938828,0.7667073842406117,1.7329523174527794,2.273512237670356,0.9152542372881356,0.5745074052955734,0.4161278132060682,2.582877845947695,0.07664031229722887,0.9233596877027711,0.1488893704655366,True,False,True,2018,2017,59,21,G+E_T2,T2_60DAP_reproductive_window_proxy,1.541165285802538,1.230985124139641,-0.4471679165731854,-0.017414023535145
2018-NCH1,4.186944610752108,5.3176050481122905,0.559322033898305,0.6969310205328276,0.5593841358974541,16.56899913305054,0.6005081832645227,0.3994918167354773,1.1385061002531955,1.9292330895431633,0.6101694915254238,0.7872418118036613,0.5120351877556356,4.720683645477129,0.15780395440587913,0.8421960455941209,427.1952615011856,False,False,False,2018,2017,59,21,G+E_T2,T2_60DAP_reproductive_window_proxy,2.6517991541757207,2.183925063043694,-0.5182339750271465,0.301297938906022
2018-NYH1,3.1712027149254047,3.615501282930063,0.4915254237288136,0.8129137383728374,0.7630246783372889,15.34387129197982,0.6845883516864694,0.31541164831353063,1.606298053453369,2.224525136547102,0.8983050847457628,0.6211465222373844,0.4073137664643086,6.621595892238354,0.19101872784107488,0.8089812721589251,0.07493076770731674,True,False,True,2018,2017,59,21,G+E_T2,T2_60DAP_reproductive_window_proxy,1.835566960209448,1.4608889415584123,-0.0377658740590263,-0.0097644092730508
2018-NYH2,1.8822898593379895,5.264926696652287,0.3559322033898305,0.9296249325773186,0.5607979121797874,11.189072155713815,0.897100554746587,0.10289944525341299,1.871794913989371,2.2000149205316637,0.9322033898305084,0.5238180904427427,0.41269866015326107,6.937824868930935,0.2581917153716019,0.7418082846283981,0.0700619989599348,True,False,True,2018,2017,59,21,G+E_T2,T2_60DAP_reproductive_window_proxy,2.1580323673116637,1.704189471711637,-0.2882043558452609,0.1882530012345027
2018-NYH3,2.5912998353898153,5.455345343295545,0.423728813559322,0.8708349793797239,0.5446789609004348,11.131293391705169,0.76979617113953,0.23020382886046997,1.871794913989371,2.2000149205316637,0.9322033898305084,0.5238180904427427,0.41269866015326107,6.937824868930935,0.2581917153716019,0.7418082846283981,0.01247452809906543,True,False,True,2018,2017,59,21,G+E_T2,T2_60DAP_reproductive_window_proxy,3.4743254429703225,3.1257322111957184,-3.6672332310941007,0.1086450568993216
2018-OHH1,4.980895783421226,5.135331870831161,0.5932203389830508,0.5999027322970022,0.5809257771378993,20.45649061353545,0.7243867462589522,0.27561325374104784,0.723733745613299,1.287165638556859,0.3050847457627119,0.9078570923407603,0.7297870396410558,12.408947211618106,0.6120788241471302,0.3879211758528698,0.44208469097066355,True,False,False,2018,2017,59,21,G+E_T2,T2_60DAP_reproductive_window_proxy,1.9583269159718144,1.652451767701641,-0.9341403323869302,-0.1117309973657479
2018-SCH1,4.766945673813205,5.276877655031198,0.559322033898305,0.6262331893688944,0.5636369368786034,18.3218217941945,0.5801299443350476,0.4198700556649524,2.215897729487326,2.669282923626482,0.9322033898305084,0.40405520621136887,0.2734191710288187,5.937438738581488,0.0813278356981623,0.9186721643018377,112.21531154106086,False,False,False,2018,2017,59,21,G+E_T2,T2_60DAP_reproductive_window_proxy,3.378172251981617,3.1037312249868942,-5.3210289469661,0.1324901995559029
2018-TXH1-Dry,1.0601602452111263,2.2438687530151937,0.15254237288135594,0.977116550581469,0.8871593699480904,16.001918054342948,0.8776620245381688,0.12233797546183123,0.99366333626807,1.524816327119389,0.5084745762711864,0.8334148474853017,0.6461114378046731,13.913711343549007,0.6477354715393182,0.3522645284606818,0.06949743332465584,True,False,True,2018,2017,59,21,G+E_T2,T2_60DAP_reproductive_window_proxy,1.8574279366882016,1.49834970458438,-1.0652847799686516,-0.1208939469998447
2018-TXH1-Early,1.0601602452111263,2.2438687530151937,0.15254237288135594,0.977116550581469,0.8871593699480904,16.001918054342948,0.8776620245381688,0.12233797546183123,0.99366333626807,1.524816327119389,0.5084745762711864,0.8334148474853017,0.6461114378046731,13.913711343549007,0.6477354715393182,0.3522645284606818,0.06949743332465584,True,False,True,2018,2017,59,21,G+E_T2,T2_60DAP_reproductive_window_proxy,1.2962480885262202,1.0032364115851575,-0.1364892772547479,-0.0032428125969229
2018-TXH1-Late,2.7962435779494292,4.0216205367075135,0.4915254237288136,0.8512542902527466,0.7126650781361505,13.990933807021394,0.5945469188421658,0.4054530811578342,1.9440035419541348,2.3903358718234133,0.9322033898305084,0.4978472472893435,0.35640764746688064,4.77918091964012,0.17737154794116106,0.8226284520588389,0.06949743332465584,True,False,True,2018,2017,59,21,G+E_T2,T2_60DAP_reproductive_window_proxy,2.36352128280988,2.099485896612507,-3.2118067369160253,0.1030685713843858
2018-TXH2,6.459025692980655,8.039633629575524,0.5932203389830508,0.4234711423716959,0.2703658906385127,6.07248164260767,0.18416476907223814,0.8158352309277619,3.6391352398446495,4.737921185919417,1.0,0.0868023402284212,0.031916914609369317,0.1647997967061731,0.00022371765510025238,0.9997762823448998,657.0126687086528,False,False,False,2018,2017,59,21,G+E_T2,T2_60DAP_reproductive_window_proxy,1.7245022800242074,1.3661404810514863,-0.2390475106218754,-0.0696616752248596
2018-WIH1,2.722796954934867,7.931896390988369,0.4576271186440678,0.8583911065400257,0.30982859152084474,7.216861562398681,0.11719809531629759,0.8828019046837025,1.0219930361441518,1.2783526763408182,0.5084745762711864,0.8246779003158734,0.7380758899656554,20.4549334011845,0.7655431685589384,0.23445683144106155,0.1572374218593077,True,False,True,2018,2017,59,21,G+E_T2,T2_60DAP_reproductive_window_proxy,3.0246852376258144,2.6126812409094797,-1.8125829413019945,-0.052414069151469
2018-WIH2,4.924763511707392,5.169485333258116,0.5932203389830508,0.6068124710233055,0.5767875781244822,21.471350275042965,0.7717700130197641,0.2282299869802359,0.7607421354662129,1.1555257462163742,0.3389830508474576,0.8986987379867176,0.7773991028860829,20.05902222861048,0.8469896416629875,0.1530103583370125,7.152312342232901,True,False,False,2018,2017,59,21,G+E_T2,T2_60DAP_reproductive_window_proxy,2.441264470361867,1.9346759613034663,-0.7815747114814717,0.1395947831295248
2019-DEH1,1.5892442168518555,8.590227861708716,0.525,0.9568383171179373,0.31493534369630793,8.230438439250749,0.055321326050630615,0.9446786739493693,0.9827575853020734,1.0595099200051872,0.7875,0.8365478603235733,0.8120334842519552,27.79992906814541,0.8288574837554683,0.1711425162445317,0.0033538784447729167,True,True,True,2019,2018,80,21,G+E_T0,T0_preseason,3.121972396877529,2.67395032166516,-1.7820878175925396,0.0512459003517834
2019-GAH2,5.660337845179512,9.318112728979894,0.6625,0.5713863538548831,0.24295325404550877,7.355914540723445,0.047001712208337675,0.9529982877916623,1.1262425043916344,1.321057301783692,0.8,0.7910528509672906,0.7232611732872429,16.695599708230553,0.4852879695030085,0.5147120304969914,0.4981986364146789,True,False,True,2019,2018,80,21,G+E_T0,T0_preseason,4.236618726292357,3.965229275308584,-7.462666556521624,-0.1016129088155158
2019-IAH4,5.329071435497035,5.728826027889009,0.6625,0.6089032224333201,0.5637279155039676,24.993865011158636,0.6334413759646226,0.3665586240353774,1.1985882101239234,1.4411110774481615,0.8125,0.7668451067521361,0.6804107422384453,16.177605600153043,0.6306624534531762,0.3693375465468238,8.89976898836406,True,False,False,2019,2018,80,21,G+E_T0,T0_preseason,2.512256946332394,2.234392312773601,-2.711568131180041,0.0485350308181892
2019-ILH1,1.786511795320427,6.017378436042576,0.525,0.9457719698062209,0.5311477773710911,16.05974917273151,0.3390562085457812,0.6609437914542188,0.6156098702760177,0.7521484419833018,0.5375,0.9323653678357573,0.8987521154099773,26.168477982229135,0.8284054361374366,0.17159456386256344,0.39453951931046083,True,False,True,2019,2018,80,21,G+E_T0,T0_preseason,3.5418504839609724,3.1878226015009,-3.4000115716065924,0.2367764537121225
2019-INH1,2.8567001598488577,5.192459553893494,0.5875,0.8671371706600094,0.6232061649432009,16.511793153587668,0.6773733467296081,0.32262665327039186,1.399728077202116,1.8738111465340161,0.825,0.6962504733632175,0.5246709307241537,11.4110852142967,0.3126639469672997,0.6873360530327003,0.10334138738536988,True,False,True,2019,2018,80,21,G+E_T0,T0_preseason,5.099962063520653,4.863761425747327,-9.7591783209317,0.125501167360917
2019-MIH1,0.9594071994487681,5.175603426684231,0.35,0.9840492310769299,0.5912252820411503,15.976901689745286,0.9612315623564525,0.03876843764354754,0.7188058689878928,0.851677399099968,0.625,0.90893913931741,0.8739154862207448,25.71981957184989,0.8614714779165501,0.1385285220834499,3.030464582209175,True,False,True,2019,2018,80,21,G+E_T0,T0_preseason,1.7777805126337891,1.4291888606028649,-0.0111111411775064,0.0988480141705741
2019-MNH1,2.681025942386745,9.046168495228033,0.5875,0.8819994482707764,0.2872664660165667,7.2891274744122185,0.047455001144653314,0.9525449988553467,0.8120695504186337,1.1310332780078332,0.6625,0.8852719368587434,0.7849064515826034,22.33700262407909,0.6197610866907632,0.38023891330923676,0.38177466080354394,True,False,True,2019,2018,80,21,G+E_T0,T0_preseason,1.8268862259664225,1.4113895784132522,0.0021350426206165,0.0825356858043257
2019-MOH1,0.689853644656214,3.598432233224778,0.2375,0.9917211018540879,0.7520456198456054,19.71149573176138,0.9598284865717761,0.04017151342822389,0.6828069560782906,1.259726984814764,0.6125,0.9174535509418584,0.7386517051022962,18.055329344766356,0.5755459964885691,0.4244540035114309,0.15689069517806647,True,False,True,2019,2018,80,21,G+E_T0,T0_preseason,1.913854671018807,1.4842159015325809,-0.1093947376169321,-0.1200028962006412
2019-NEH1,4.804982113557988,5.100599903250597,0.6375,0.6681005210606373,0.6347375413372598,28.623632318116154,0.7722471429502747,0.22775285704972525,0.8644246856828082,1.3521804679970146,0.7,0.8710290848138792,0.7093941547732212,19.956930536717913,0.47369554393983465,0.5263044560601653,4.487041133292401,True,False,False,2019,2018,80,21,G+E_T0,T0_preseason,2.6130235014839025,2.174701519625043,-0.4362202857136281,0.1374993995702215
2019-NEH2,4.7741284850693475,5.107999477866693,0.6375,0.6715587793140458,0.6338850207727904,28.454812590526096,0.7690923976441819,0.2309076023558181,0.7690022066991831,1.3714031665624629,0.6625,0.896481474908603,0.7006626603833352,19.456238841395432,0.4716613018775232,0.5283386981224768,4.487041133292401,True,False,False,2019,2018,80,21,G+E_T0,T0_preseason,2.2509564231520964,1.926507032294963,-1.2667339009609742,0.3023198360234058
2019-NEH2L,5.646792026342934,6.107220650313872,0.6625,0.5729171988566343,0.5218414853645353,20.591939616528066,0.5079465004663793,0.49205349953362065,0.4886555983082982,1.4459028636017752,0.3875,0.9568346165847365,0.6657445904559608,7.3351609623657925,0.5959200783473945,0.40407992165260553,4.487041133292401,True,False,False,2019,2018,80,21,G+E_T0,T0_preseason,2.3547453193097225,1.8859488916902112,-0.1836399663244821,0.1336148261248466
2019-NYH1,1.2188503663415509,4.007323274953065,0.4625,0.9743822933251043,0.7295630528346958,17.369256310877326,0.8557341975162069,0.14426580248379306,0.9171950498231358,1.3737184869115207,0.7625,0.8560271648501473,0.6995098107233783,12.905744244959354,0.32425870682256197,0.675741293177438,0.03586872803946249,True,False,True,2019,2018,80,21,G+E_T0,T0_preseason,1.8401167472442828,1.5304775560781367,-0.6881374826492466,0.2336355479014859
2019-NYH2,3.984720444240993,4.032779997704512,0.6375,0.7577746422629591,0.7526813670431918,27.98769854731474,0.7620755558897219,0.23792444411027813,0.6047376712235758,0.6308784959183833,0.5125,0.934654104013336,0.9289552295430392,18.906738412932192,0.8773433744302476,0.12265662556975243,0.14907734143147078,True,False,False,2019,2018,80,21,G+E_T0,T0_preseason,4.002985348248557,3.6504829728481134,-3.8980344491363823,0.0572060680164564
2019-NYH3,3.9847205142888145,4.032780046680497,0.6375,0.7577746348732874,0.7526813618467154,27.987825686699477,0.7620797192396637,0.23792028076033633,0.6047376712235758,0.6308784959183833,0.5125,0.934654104013336,0.9289552295430392,18.906738412932192,0.8773433744302476,0.12265662556975243,0.17147562501798008,True,False,False,2019,2018,80,21,G+E_T0,T0_preseason,3.710554384848966,3.2324688727814106,-2.187832321018665,0.0606377696404549
2019-OHH1,3.605366440024568,9.163485022447535,0.6125,0.7968643126068945,0.27392012545139177,6.79137698728578,0.04003453561072774,0.9599654643892722,1.756856670166911,1.9103272489607792,0.9,0.5653220509672623,0.509724761220862,13.037603551931664,0.2945809872116701,0.70541901278833,0.004638219767818053,True,False,True,2019,2018,80,21,G+E_T0,T0_preseason,3.6941373892346254,3.42915998280176,-3.825705986167968,0.1114950178475569
2019-SCH1,1.9907923828308411,8.449378236661863,0.5375,0.9331090356861911,0.3230576805786146,7.524622123115067,0.054785903246599724,0.9452140967534003,1.3514753287436205,1.8922318659132888,0.825,0.713541637465011,0.5177865264596303,11.047643143169992,0.2749479165953487,0.7250520834046513,0.1065232773145675,True,False,True,2019,2018,80,21,G+E_T0,T0_preseason,4.877768367198328,4.775839201129563,-23.838991450832008,0.1004624426246309
2019-TXH1,1.6340810581128926,1.8599105503215392,0.525,0.9544256790241047,0.9406847836684783,25.696147890332384,0.9573808417377423,0.042619158262257706,1.4425500775292746,1.5465662787688352,0.825,0.6807658555671801,0.6426434345443054,24.789202467931375,0.5843161247996683,0.4156838752003317,0.0,True,True,True,2019,2018,80,21,G+E_T0,T0_preseason,1.811233111499727,1.4061710661725286,-0.0624827025300309,-0.004125797368969
2019-TXH2,1.6340810810772468,1.8599105570434755,0.525,0.9544256777728015,0.9406847833883678,25.696367685655872,0.9573811594352458,0.04261884056475418,1.4425500775292746,1.5465662787688352,0.825,0.6807658555671801,0.6426434345443054,24.789202467931375,0.5843161247996683,0.4156838752003317,0.11475591461728259,True,False,True,2019,2018,80,21,G+E_T0,T0_preseason,1.5912166631177431,1.2822715701392926,-0.2464285357866558,-0.0004447466224402
2019-TXH3,1.6340810581128926,1.8599105503215392,0.525,0.9544256790241047,0.9406847836684783,25.696147890332384,0.9573808417377423,0.042619158262257706,1.4425500775292746,1.5465662787688352,0.825,0.6807658555671801,0.6426434345443054,24.789202467931375,0.5843161247996683,0.4156838752003317,0.0,True,True,True,2019,2018,80,21,G+E_T0,T0_preseason,1.6898383464667184,1.3493389724993257,-0.2228184220779034,0.0027991312398906
2019-WIH1,0.6317060051486952,5.280824648321787,0.2375,0.9930532806908122,0.5739596427389556,16.65639580798492,0.9787491523486561,0.021250847651343885,0.5207679916267176,0.6062407447410889,0.4375,0.9511203680077285,0.93396674995351,28.24239842096656,0.910558508586606,0.08944149141339397,0.011407527612590484,True,False,True,2019,2018,80,21,G+E_T0,T0_preseason,2.8647057156627533,2.4593747925608644,-0.6853435081866135,0.0616465663429999
2019-WIH2,5.2571923823873075,5.689662723197848,0.6625,0.6170511198332426,0.5681786120437163,26.47421833266548,0.6486904999475838,0.35130950005241623,0.9483047481177043,1.2576600179578468,0.7625,0.8468959604288169,0.7445584541743859,21.673466630505978,0.54859439401879,0.45140560598121005,3.9920847493241607,True,False,False,2019,2018,80,21,G+E_T0,T0_preseason,2.3280684883056324,1.903703005915903,-0.9504953893853914,0.1948391821751722
2019-DEH1,1.950442748630352,8.637898212594376,0.3875,0.9357430480309622,0.3122319563549335,8.211389156574949,0.05380819827724619,0.9461918017227539,0.7347933677326726,0.9702981394641244,0.225,0.9000255752255266,0.8301348094614784,25.452778749427168,0.8779233802441841,0.12207661975581585,0.0033538784447729167,True,True,True,2019,2018,80,21,G+E_T1,T1_30DAP,2.942278771846333,2.4962220635933856,-1.47104328831429,0.0568087276989557
2019-GAH2,6.194028304640085,9.390578142859725,0.65,0.5118134430597097,0.2330231869627714,7.332774124386447,0.04544148638425613,0.9545585136157438,1.1656660904252119,1.1951388170677364,0.675,0.7671438044172015,0.7567390391990212,16.011092551600335,0.6996948086381928,0.3003051913618072,0.4981986364146789,True,False,True,2019,2018,80,21,G+E_T1,T1_30DAP,4.063137283170443,3.782462277168786,-6.783796242670687,-0.1066745672586092
2019-IAH4,5.38839163310245,5.502949254770746,0.625,0.6023659071005023,0.5893901963391631,27.22214760150673,0.6651360703858922,0.3348639296141078,0.8778456022494019,1.0552736323901886,0.4125,0.8604177642148987,0.8022674632521769,22.600544644362152,0.7036067105662266,0.2963932894337734,8.89976898836406,True,False,False,2019,2018,80,21,G+E_T1,T1_30DAP,2.4524546288050044,2.173192222298005,-2.5369692873837,0.0515925516625326
2019-ILH1,2.9672678019745367,6.216948948608122,0.5,0.8575185555341313,0.5180361091306522,16.126418705571048,0.2529964186981759,0.7470035813018241,0.9968034372803745,1.1265794800348177,0.5375,0.8237875172980493,0.7795523451667463,21.620372885307116,0.7369813217450796,0.2630186782549204,0.39453951931046083,True,False,True,2019,2018,80,21,G+E_T1,T1_30DAP,4.091826197513018,3.7683197948259735,-4.87256358721377,0.2401970839494098
2019-INH1,2.6460002846938897,4.767156721000118,0.475,0.8849454181537657,0.6653009439280562,18.361134064828185,0.7655006845915965,0.23449931540840352,0.6465241332874055,1.1034852892812483,0.175,0.9216908125713361,0.7829074307359702,21.094601099835437,0.695741725756247,0.30425827424375296,0.10334138738536988,True,False,True,2019,2018,80,21,G+E_T1,T1_30DAP,4.792620859562425,4.542158967443703,-8.50148225650127,0.1293898717497563
2019-MIH1,2.7483922272776082,6.0534508149786825,0.475,0.8764530625577823,0.5328319945842054,15.546164137121039,0.7056246829963302,0.2943753170036698,1.1562974931768872,1.2526155372392327,0.675,0.7704063674122332,0.7360867090149823,23.906034309807943,0.7101217003007099,0.28987829969929013,3.030464582209175,True,False,True,2019,2018,80,21,G+E_T1,T1_30DAP,1.8323306878091004,1.479711293597238,-0.0741138673651891,0.0966587290349095
2019-MNH1,2.3193873612105533,8.852564202276943,0.4375,0.9103587225995585,0.2994139488191944,7.541603241248939,0.049365611442287786,0.9506343885577122,0.9278130524242643,1.1111743208301108,0.4625,0.8454055085202745,0.7845644956064716,24.043427076565823,0.7926330672875802,0.2073669327124198,0.38177466080354394,True,False,True,2019,2018,80,21,G+E_T1,T1_30DAP,1.8276484482409656,1.4153744411853353,0.0013022008637281,0.0868922950680376
2019-MOH1,2.8738236759051605,4.92361290847664,0.475,0.8657287972004706,0.6493899472799877,20.336984107982573,0.8254492166305063,0.1745507833694937,0.673072234021104,1.146286831396275,0.175,0.915413021335765,0.7672510118323403,20.219096837879945,0.6869945846977167,0.3130054153022833,0.15689069517806647,True,False,True,2019,2018,80,21,G+E_T1,T1_30DAP,1.875877103588236,1.468318059393715,-0.0658030377087914,-0.1211520027192555
2019-NEH1,5.001015689163954,5.459639656277344,0.625,0.6462114920375607,0.5943074056491444,29.604522830208147,0.7592099068077638,0.2407900931922362,0.9694539666324328,1.2846232663782409,0.5,0.832475418711977,0.721973414044832,21.000633892513754,0.6067505080860498,0.3932494919139502,4.487041133292401,True,False,False,2019,2018,80,21,G+E_T1,T1_30DAP,2.6924369043472365,2.254281826606525,-0.5248442777393318,0.142579324979845
2019-NEH2,5.217288788289314,5.545249687187136,0.625,0.6217546308268881,0.5846221382826399,29.700446092166203,0.7592255353544068,0.24077446464559316,0.9780569910201065,1.1841001458590164,0.5,0.8297588343716019,0.7590164465111559,22.33198670698064,0.6615580603896969,0.3384419396103031,4.487041133292401,True,False,False,2019,2018,80,21,G+E_T1,T1_30DAP,2.291445775408191,1.96490922502783,-1.349013616092138,0.2998784676839251
2019-NEH2L,5.673189682296252,6.036776435612322,0.65,0.5701313143091818,0.5294126155657064,24.529529901031367,0.5960102214901263,0.4039897785098737,0.5718429730014843,1.187834963535698,0.175,0.9381976934566209,0.7504350319539765,18.068561036138455,0.692330783315692,0.307669216684308,4.487041133292401,True,False,False,2019,2018,80,21,G+E_T1,T1_30DAP,2.160189166589839,1.6997897586330524,0.0038716420041902,0.1281942334594209
2019-NYH1,1.7903428914112824,3.92181013841225,0.325,0.9455781382724202,0.7379804162853887,18.088734106668973,0.9071997839781872,0.09280021602181276,1.1754870677992553,1.312283273302565,0.6875,0.7637104554802907,0.7140397754950015,17.91328293510066,0.7755758955692948,0.22442410443070515,0.03586872803946249,True,False,True,2019,2018,80,21,G+E_T1,T1_30DAP,1.8472918698636405,1.5406288118612936,-0.7013281768000139,0.2295198073251459
2019-NYH2,4.0796549561067454,4.261292128732209,0.6,0.7478413410428097,0.7281368021679546,27.40249026351978,0.7267848262325237,0.2732151737674763,1.0636236144102411,1.3232081497266062,0.6125,0.8019556450210575,0.708747960839301,13.827206182503494,0.4904364247502641,0.5095635752497358,0.14907734143147078,True,False,False,2019,2018,80,21,G+E_T1,T1_30DAP,4.167577456916778,3.822583291694416,-4.309103534017863,0.0620283592303471
2019-NYH3,4.079655024524539,4.261292162523522,0.6,0.7478413337544879,0.7281367985221612,27.402618661740224,0.726789022645437,0.273210977354563,1.0636236144102411,1.3232081497266062,0.6125,0.8019556450210575,0.708747960839301,13.827206182503494,0.4904364247502641,0.5095635752497358,0.17147562501798008,True,False,False,2019,2018,80,21,G+E_T1,T1_30DAP,3.872854669476459,3.402732629751235,-2.472803954038772,0.0670245152015825
2019-OHH1,2.887669492628032,8.961809365531455,0.475,0.8645239590751969,0.2904846012809964,7.228292078283168,0.047494089862628264,0.9525059101373717,1.0041311028792343,1.221832846447297,0.5375,0.8214345113180964,0.7461381827009665,20.32328040697109,0.6856077724589226,0.31439222754107743,0.004638219767818053,True,False,True,2019,2018,80,21,G+E_T1,T1_30DAP,3.5002103583984696,3.2288555153725325,-3.332345292600757,0.1114925112789946
2019-SCH1,3.112871989593414,8.819005897478164,0.55,0.8443670719245111,0.29710703780350334,7.257885558712353,0.04466559249614389,0.9553344075038561,1.8369693544296855,2.095697163108496,0.9375,0.5177226842220923,0.4259587406348098,8.767095756539119,0.25915656222299177,0.7408434377770082,0.1065232773145675,True,False,True,2019,2018,80,21,G+E_T1,T1_30DAP,5.108361435192209,5.0110921119003455,-26.24299478977301,0.0946449442317939
2019-TXH1,1.3675837670606268,1.466552523600382,0.275,0.9678757818991587,0.9630511737058255,25.76427241628268,0.951461317146833,0.04853868285316698,0.9496835859471153,1.0971729833291808,0.5,0.8386602970602794,0.7899750250505498,27.018065276853978,0.8110933062868548,0.18890669371314517,0.0,True,True,True,2019,2018,80,21,G+E_T1,T1_30DAP,1.7847956594670586,1.3588859298129483,-0.0316922604180258,-0.0040242997707915
2019-TXH2,1.367583698082361,1.4665525258484806,0.275,0.967875785087108,0.9630511735507827,25.764494769692824,0.9514622346357574,0.04853776536424259,0.9496835859471153,1.0971729833291808,0.5,0.8386602970602794,0.7899750250505498,27.018065276853978,0.8110933062868548,0.18890669371314517,0.11475591461728259,True,False,True,2019,2018,80,21,G+E_T1,T1_30DAP,1.5224515467887416,1.232313108280174,-0.1410264362666244,-0.0037000885858978
2019-TXH3,1.3675837670606268,1.466552523600382,0.275,0.9678757818991587,0.9630511737058255,25.76427241628268,0.951461317146833,0.04853868285316698,0.9496835859471153,1.0971729833291808,0.5,0.8386602970602794,0.7899750250505498,27.018065276853978,0.8110933062868548,0.18890669371314517,0.0,True,True,True,2019,2018,80,21,G+E_T1,T1_30DAP,1.6237161896504662,1.2878035281473663,-0.1289946725742548,0.0037378523054433
2019-WIH1,1.6466387808643623,5.769608920161518,0.3,0.9537668041960407,0.5532883118754617,15.811166999251927,0.9279557520066597,0.0720442479933403,1.009090243860097,1.19613826634653,0.5375,0.8198361375796867,0.7548691107630254,18.444075215205512,0.6704715138552042,0.3295284861447958,0.011407527612590484,True,False,True,2019,2018,80,21,G+E_T1,T1_30DAP,2.88131109386779,2.4758772361383623,-0.7049384540112305,0.0631152197039082
2019-WIH2,5.024289206454011,5.153221374024197,0.625,0.6435845792565442,0.6290029991482734,27.786333998704645,0.6805037856032011,0.31949621439679887,1.0463400067573487,1.1412163888470024,0.575,0.8076814399854484,0.7752580604122752,27.136723189235624,0.7879701742798441,0.21202982572015594,3.9920847493241607,True,False,False,2019,2018,80,21,G+E_T1,T1_30DAP,2.184347921156526,1.765771414650128,-0.7171057809648786,0.2023981426706463
2019-DEH1,1.8080873164147642,8.665443232521408,0.3125,0.9447230158049637,0.3117989181925241,8.159489749515,0.05423910433302088,0.9457608956669791,0.9777681435388818,1.2299349270413333,0.525,0.8358616576038493,0.7509153321993667,23.521226510072466,0.7653429063897809,0.23465709361021914,0.0033538784447729167,True,True,True,2019,2018,80,21,G+E_T2,T2_60DAP_reproductive_window_proxy,2.9442111822963195,2.497494685852588,-1.4742901852350483,0.0309807788243655
2019-GAH2,5.22433524936349,9.210186372453103,0.65,0.6220460641637718,0.25530327901438354,7.0458455125620105,0.04819679987992417,0.9518032001200758,1.3177194875649558,1.4233599435717763,0.8125,0.722066315284065,0.683339306633909,9.855864700892017,0.4028139304508303,0.5971860695491698,0.4981986364146789,True,False,True,2019,2018,80,21,G+E_T2,T2_60DAP_reproductive_window_proxy,4.275955813851552,4.0083583203066455,-7.620548184723612,-0.0780674192035395
2019-IAH4,5.58997337961967,5.710013794562345,0.65,0.5807015049271236,0.5671691485881784,26.97698505492569,0.6584126955014501,0.3415873044985499,0.762943409775095,0.9756805962490152,0.4125,0.896584549869931,0.8340537180113202,21.90469453137986,0.7233241001370188,0.27667589986298124,8.89976898836406,True,False,False,2019,2018,80,21,G+E_T2,T2_60DAP_reproductive_window_proxy,1.9425777425969504,1.652012773738753,-1.219147362368334,0.0388331600137346
2019-ILH1,1.5576992247244528,5.833186576655626,0.2375,0.9586734106793066,0.5488607679913489,16.350781454468397,0.5697018283472627,0.4302981716527373,0.7240252659993196,0.9645685988336575,0.3125,0.9063680334256591,0.8376222221534599,23.578444760572086,0.8027171999698814,0.19728280003011855,0.39453951931046083,True,False,True,2019,2018,80,21,G+E_T2,T2_60DAP_reproductive_window_proxy,2.014335209935032,1.643862474390748,-0.4231702580403214,0.2321293364253591
2019-INH1,2.0530344382170496,4.8953333429908055,0.3375,0.9293089282727565,0.649855707912384,18.31754820338105,0.7706752486050302,0.22932475139496977,0.36527317403072784,0.858099125727055,0.1875,0.975288282841652,0.8624084844322566,21.553314257224056,0.7691575838292535,0.23084241617074652,0.10334138738536988,True,False,True,2019,2018,80,21,G+E_T2,T2_60DAP_reproductive_window_proxy,4.5273773690947,4.262008113932509,-7.478882279711104,0.1223828751136809
2019-MIH1,1.5327476701106513,5.649749662439362,0.2375,0.9599601057719882,0.5650191212850588,16.1412208677701,0.8419614409556173,0.1580385590443827,0.857480162375041,1.066524498904205,0.4375,0.8711931552861775,0.8066172783947548,30.501248524181037,0.8379458579415486,0.16205414205845137,3.030464582209175,True,False,True,2019,2018,80,21,G+E_T2,T2_60DAP_reproductive_window_proxy,1.7683684620361282,1.41715290779367,-0.000433290509922,0.1088958996942165
2019-MNH1,2.5260482099833985,8.904453173332577,0.4375,0.8949490244514068,0.29659819879235727,7.617971598482838,0.050657079058626306,0.9493429209413737,0.8120476593550832,1.0895135361740915,0.4375,0.8836743706786354,0.7979966528059693,27.542750956875075,0.7945257749687108,0.2054742250312892,0.38177466080354394,True,False,True,2019,2018,80,21,G+E_T2,T2_60DAP_reproductive_window_proxy,1.8394912538413413,1.4356490621102944,-0.0116824663690719,0.1162112970647459
2019-MOH1,2.8806485072620114,4.864343033967115,0.525,0.865596669591256,0.6564348790554915,20.54415670521056,0.8189167432653517,0.1810832567346483,0.9161036990014486,1.0945515304036673,0.5,0.8543702713222813,0.7962237994569806,22.05147776942044,0.7148944168464801,0.28510558315351986,0.15689069517806647,True,False,True,2019,2018,80,21,G+E_T2,T2_60DAP_reproductive_window_proxy,1.869275974611832,1.4707741395329177,-0.0583152076279764,-0.1126911260242052
2019-NEH1,5.060508706634818,5.302293636505809,0.65,0.6405463679224707,0.6132264116534942,30.175323610003296,0.7893696638894917,0.2106303361105083,0.6808833240389831,0.9976890717584169,0.2625,0.9167292911117787,0.8244665876486945,26.096815908256097,0.7662287530171995,0.2337712469828005,4.487041133292401,True,False,False,2019,2018,80,21,G+E_T2,T2_60DAP_reproductive_window_proxy,2.303607580734301,1.8302928037410688,-0.1162241722509,0.1437445232260755
2019-NEH2,5.072776272071565,5.328682926667349,0.65,0.6391628507405432,0.6102425010416103,30.09998192505253,0.7857632162787748,0.21423678372122523,0.609354814345346,0.9646972154385696,0.25,0.9327338396371755,0.8335719609851695,26.147778442959293,0.777547439636137,0.22245256036386296,4.487041133292401,True,False,False,2019,2018,80,21,G+E_T2,T2_60DAP_reproductive_window_proxy,1.761918220787865,1.4323429808143795,-0.3887940865948134,0.2874418418853679
2019-NEH2L,5.750208458910128,6.036845741291787,0.65,0.5626347468665824,0.5306684118653746,24.868878862884806,0.6067674469463341,0.3932325530536659,0.7918535095914608,1.0857634653614285,0.4125,0.8890583656424431,0.7982053545622605,20.19107566588884,0.7577091042182593,0.24229089578174068,4.487041133292401,True,False,False,2019,2018,80,21,G+E_T2,T2_60DAP_reproductive_window_proxy,2.1511759277460416,1.669028196301748,0.0121668526211542,0.1346906431008264
2019-NYH1,1.4926212936000194,4.073691544076855,0.2125,0.9619892590757029,0.7250349068351291,17.973198985239904,0.88427985165742,0.11572014834258004,1.262759162558793,1.7093435341445034,0.725,0.7415290800898973,0.5779520022271163,15.851834899623409,0.6127196952014541,0.3872803047985459,0.03586872803946249,True,False,True,2019,2018,80,21,G+E_T2,T2_60DAP_reproductive_window_proxy,1.7143419101473558,1.4074554206950791,-0.4652507141403634,0.2393577996611547
2019-NYH2,4.108527514219649,4.25788876163177,0.625,0.7455690507418115,0.7294264899539569,28.00950088765371,0.7592052744822002,0.2407947255177998,1.1694909009242682,1.3330487986875768,0.675,0.7737568867070573,0.7156107389501434,16.054579799759352,0.6964621937907303,0.30353780620926973,0.14907734143147078,True,False,False,2019,2018,80,21,G+E_T2,T2_60DAP_reproductive_window_proxy,3.672428183913164,3.3048745718462897,-3.122498038916728,0.0643172026455594
2019-NYH3,4.108527582156638,4.257888807834606,0.625,0.7455690435023685,0.72942648495774,28.009632965249903,0.7592099672029285,0.24079003279707145,1.1694909009242682,1.3330487986875768,0.675,0.7737568867070573,0.7156107389501434,16.054579799759352,0.6964621937907303,0.30353780620926973,0.17147562501798008,True,False,False,2019,2018,80,21,G+E_T2,T2_60DAP_reproductive_window_proxy,3.500095977759972,3.017432111873842,-1.8364672523559245,0.0612448464152554
2019-OHH1,2.6257265282723496,8.882473076788406,0.4875,0.8869908671650689,0.29727105891858574,7.359775993596668,0.0494132784914521,0.950586721508548,0.7764040860787682,0.9827901618345282,0.4125,0.8931072608157214,0.8326090269187658,23.158291415543044,0.7654793291393709,0.2345206708606291,0.004638219767818053,True,False,True,2019,2018,80,21,G+E_T2,T2_60DAP_reproductive_window_proxy,3.358957280691105,3.0794540054479054,-2.9897320792362527,0.0954333826260726
2019-SCH1,2.4337820979629097,8.601043367497484,0.425,0.9021010938987539,0.31419502260798615,7.768363119126481,0.05203781890867054,0.9479621810913295,1.3854674602029777,1.6004996100609403,0.875,0.6976880692595662,0.6184481294742534,12.404723038303615,0.4620293848567835,0.5379706151432164,0.1065232773145675,True,False,True,2019,2018,80,21,G+E_T2,T2_60DAP_reproductive_window_proxy,4.912411816538171,4.810944440004861,-24.193073103666062,0.09940591433632
2019-TXH1,1.5913480164283231,1.9092956824337175,0.2375,0.956908129228265,0.9380074311620616,25.19209121824258,0.9463702382691208,0.05362976173087919,0.9884961114115807,1.0930042049353736,0.55,0.8325615769797724,0.7985958324475927,23.193059636425605,0.8240838462213907,0.17591615377860925,0.0,True,True,True,2019,2018,80,21,G+E_T2,T2_60DAP_reproductive_window_proxy,1.7857846148922651,1.3603071515334777,-0.0328358987120562,0.0040461325515819
2019-TXH2,1.5913479571492999,1.9092956686151816,0.2375,0.9569081323684933,0.938007431886277,25.192306288215143,0.9463706797714428,0.053629320228557154,0.9884961114115807,1.0930042049353736,0.55,0.8325615769797724,0.7985958324475927,23.193059636425605,0.8240838462213907,0.17591615377860925,0.11475591461728259,True,False,True,2019,2018,80,21,G+E_T2,T2_60DAP_reproductive_window_proxy,1.527608054019122,1.2333980534854532,-0.1487687845547136,0.0038753989529888
2019-TXH3,1.5913480164283231,1.9092956824337175,0.2375,0.956908129228265,0.9380074311620616,25.19209121824258,0.9463702382691208,0.05362976173087919,0.9884961114115807,1.0930042049353736,0.55,0.8325615769797724,0.7985958324475927,23.193059636425605,0.8240838462213907,0.17591615377860925,0.0,True,True,True,2019,2018,80,21,G+E_T2,T2_60DAP_reproductive_window_proxy,1.6290930396496437,1.2906836617287574,-0.1364842646652282,0.0071705940997778
2019-WIH1,1.585737348641457,5.625489524656587,0.2375,0.9572048690254112,0.5655651187830724,15.90662633883413,0.922479868988981,0.07752013101101896,1.107726675038372,1.3316194791518747,0.5875,0.794438096941041,0.7162350984535921,19.62466439071417,0.626771252636994,0.37322874736300604,0.011407527612590484,True,False,True,2019,2018,80,21,G+E_T2,T2_60DAP_reproductive_window_proxy,2.8587984236419577,2.4527347108148403,-0.6784000017104512,0.0642871948928835
2019-WIH2,5.145738023598449,5.307474030929036,0.65,0.6309276087855865,0.6126417955010071,27.581080403009217,0.6879285389203139,0.3120714610796861,1.0556460702737815,1.2358444810142353,0.5625,0.8114030765779346,0.7502390600023116,27.277636850964107,0.7573320698927335,0.2426679301072665,3.9920847493241607,True,False,False,2019,2018,80,21,G+E_T2,T2_60DAP_reproductive_window_proxy,2.78647251482435,2.371725623209752,-1.7942351425043626,0.2161495764199021
2020-DEH1,5.168328343582924,5.339897046615496,0.7425742574257426,0.6238059820304785,0.6042504259030017,35.253446566319006,0.748956489653004,0.251043510346996,0.596811105717716,1.1241267114921067,0.49504950495049505,0.9353514299008687,0.7815519295456899,31.945589917565805,0.7374828970764686,0.26251710292353136,2.3935503151497888,True,False,False,2020,2019,101,16,G+E_T0,T0_preseason,2.070142066820055,1.58101772029465,-0.1672972417796572,0.479445261838816
2020-INH1,0.5174700963096851,9.110602427864256,0.2376237623762376,0.9952803690245562,0.28430519789319225,7.248958978893913,0.02659893849854879,0.9734010615014512,0.45151256121808414,0.5996684316562038,0.36633663366336633,0.9624701620096296,0.9326120940087306,37.9167460416914,0.8969340023632021,0.10306599763679791,0.08693089032787273,True,False,True,2020,2019,101,16,G+E_T0,T0_preseason,3.8587905217957914,3.529420113262812,-4.541734724268316,0.108316247486209
2020-MIH1,0.34979556179984217,3.513855778221378,0.19801980198019803,0.9978406468577945,0.7330317304179907,22.047926212263942,0.9859060746454891,0.014093925354510928,0.3365107958627884,0.6859065647073814,0.3564356435643564,0.9789762994281026,0.9104912847434576,34.911852061380124,0.9230576820825117,0.07694231791748829,0.07178408083000654,True,False,True,2020,2019,101,16,G+E_T0,T0_preseason,2.278014855482395,1.98187283224071,-2.2604068620732622,0.2031663995442557
2020-MNH1,1.6813756250227814,6.254514093447807,0.5544554455445545,0.9512815378756575,0.5110258036552667,16.068514009344632,0.3222034596913147,0.6777965403086853,0.27776028661527935,0.7261900126347302,0.32673267326732675,0.9856279900216197,0.8972168596712298,32.3526370019734,0.817054134726123,0.18294586527387702,0.1014021295171724,True,False,True,2020,2019,101,16,G+E_T0,T0_preseason,1.5393640244792617,1.222553027691335,-0.096150333465738,0.0205500839773318
2020-NEH1,4.911819195022297,5.092846638293532,0.7425742574257426,0.6529628530973676,0.6323813015707933,34.765963099139206,0.7651131682476005,0.23488683175239955,0.5337211539394429,0.9499493484700963,0.43564356435643564,0.947953568060759,0.8328792207959952,26.062127875868907,0.5796427391232946,0.42035726087670544,0.942936779735537,True,False,False,2020,2019,101,16,G+E_T0,T0_preseason,2.7156606556530067,2.1897723414809294,-1.2098491843255896,0.247475981778663
2020-NEH2,5.505861719534882,5.820699697570683,0.7623762376237624,0.5853364481559779,0.5497986097796387,28.91735134190703,0.5762582904383814,0.4237417095616186,0.34870626060530624,1.8149509571457294,0.3564356435643564,0.9774424767383219,0.5253585468572008,7.08250157056948,0.09160452428813826,0.9083954757118617,0.756080323849264,True,False,False,2020,2019,101,16,G+E_T0,T0_preseason,1.2669228396171612,0.965775560030718,-0.1675497716629475,-0.0730404540999384
2020-NYH1,0.4854164490242281,0.8379318432994239,0.2376237623762376,0.995845777650553,0.9863113407248545,27.42850592675981,0.9843873791517989,0.015612620848201142,0.40127299209354406,0.4749019246105375,0.36633663366336633,0.9702386542153344,0.958296478578111,21.751583913186792,0.8992537000598405,0.10074629994015949,0.04297406523306726,True,False,True,2020,2019,101,16,G+E_T0,T0_preseason,2.8669141266459293,2.240949822176121,-1.568937849281482,-0.0219495662355919
2020-NYH2,0.4854166914805649,0.8379319986190854,0.2376237623762376,0.9958457735092728,0.9863113362677106,27.42814980078453,0.9843874616006113,0.015612538399388698,0.40127299209354406,0.4749019246105375,0.36633663366336633,0.9702386542153344,0.958296478578111,21.751583913186792,0.8992537000598405,0.10074629994015949,0.19027219958606018,True,False,True,2020,2019,101,16,G+E_T0,T0_preseason,2.611275650506712,2.0564010304805374,-0.4980368757725033,0.098733328351662
2020-NYH3,0.4854164490242281,0.8379318432994239,0.2376237623762376,0.995845777650553,0.9863113407248545,27.42850592675981,0.9843873791517989,0.015612620848201142,0.40127299209354406,0.4749019246105375,0.36633663366336633,0.9702386542153344,0.958296478578111,21.751583913186792,0.8992537000598405,0.10074629994015949,0.04297406523306726,True,False,True,2020,2019,101,16,G+E_T0,T0_preseason,2.6840789633258515,2.048885637627064,-0.4531357386328385,-0.0202104394659784
2020-OHH1,0.5647946783791572,6.050270847179208,0.2376237623762376,0.9943801800746738,0.5180954995753317,15.03988983124915,0.20180925510265424,0.7981907448973458,0.3878757765779107,1.258855989686345,0.36633663366336633,0.9721652905250076,0.7256340989631682,21.912097981925747,0.5504600124054752,0.44953998759452485,0.316117171310916,True,False,True,2020,2019,101,16,G+E_T0,T0_preseason,3.775458536200208,3.560937680665121,-7.885917157163451,0.1232271056162944
2020-SCH1,1.2016605648449628,5.869479320774396,0.49504950495049505,0.9748116251339978,0.5391232531187697,14.265298114238556,0.5323316663051372,0.4676683336948628,0.9271808898273016,1.7273324874385092,0.7623762376237624,0.8510330941764611,0.570885308958701,11.152538303329443,0.27140098609757324,0.7285990139024268,0.089707495279008,True,False,True,2020,2019,101,16,G+E_T0,T0_preseason,2.540140294783995,2.241139817488793,-3.0610556978194587,-0.0428250989303174
2020-TXH1,3.2950055319332696,3.301998317201977,0.6732673267326733,0.8254617032788276,0.8247889281658679,30.115721666527612,0.7169714361379076,0.2830285638620924,1.1601542898298942,1.1724989484171737,0.8415841584158416,0.7768169065442142,0.7726150075901643,18.660027337972174,0.6284083178079705,0.37159168219202954,0.8918977109847551,True,False,False,2020,2019,101,16,G+E_T0,T0_preseason,1.627561624628998,1.2905537957243178,0.0370216106520248,0.2647756489628139
2020-TXH2,3.2950055457406777,3.3019983301059606,0.6732673267326733,0.8254617019518621,0.8247889269241842,30.115242169711905,0.7169647893907877,0.28303521060921233,1.1601542898298942,1.1724989484171737,0.8415841584158416,0.7768169065442142,0.7726150075901643,18.660027337972174,0.6284083178079705,0.37159168219202954,0.8500737824265595,True,False,False,2020,2019,101,16,G+E_T0,T0_preseason,2.13110706257234,1.773126797286527,-0.8622359633542636,0.2052580116287977
2020-TXH3,3.133420356118377,3.6836253733858664,0.6732673267326733,0.840749980584229,0.7854212458483135,32.968758035459196,0.729490374865726,0.270509625134274,0.6472813861681009,1.0860370433774964,0.5247524752475248,0.92439613012112,0.7922271360984248,30.79669533598749,0.6176434088680572,0.38235659113194276,0.8918977109847551,True,False,False,2020,2019,101,16,G+E_T0,T0_preseason,1.6611954084679492,1.3440817795830706,-0.6757253548691369,-0.1060700086836244
2020-WIH1,0.3163900585016822,3.553682820056533,0.1782178217821782,0.9982330425633218,0.7277340385121127,21.52892934240486,0.9862927607288581,0.013707239271141924,0.31638990233638187,0.7058817660574948,0.3564356435643564,0.9813924213473451,0.9050233972102522,25.826009277800544,0.7567713178149305,0.24322868218506954,0.027955038110303063,True,False,True,2020,2019,101,16,G+E_T0,T0_preseason,2.1985692402889523,1.7624579606889168,-0.1091499577434327,-0.008561136535546
2020-WIH2,0.4430924758571248,5.798730028565434,0.2376237623762376,0.9965374171264391,0.534911615712842,16.60874514426514,0.2859607742125858,0.7140392257874142,0.3679403144368215,0.5813765343307258,0.36633663366336633,0.9749177030193634,0.934635124007016,33.096443876379865,0.8618223138811724,0.13817768611882764,2.7063180884292652,True,False,True,2020,2019,101,16,G+E_T0,T0_preseason,2.8043145217039163,2.3766014484493105,-0.1034517242482628,0.0912157785277982
2020-DEH1,5.190976887715773,5.3913705042914675,0.7227722772277227,0.6235241245871638,0.6007735795355453,34.53025484936496,0.7106028402899762,0.2893971597100238,1.0041389792860438,1.1202419594961348,0.5841584158415841,0.8188095184389605,0.779305931391135,22.998971209855874,0.7112832715822245,0.2887167284177755,2.3935503151497888,True,False,False,2020,2019,101,16,G+E_T1,T1_30DAP,2.256018215772571,1.740053123195747,-0.3863291717655355,0.480289776699813
2020-INH1,2.2600037661372285,9.496367820455461,0.48514851485148514,0.9143548288326092,0.26799696734917894,7.286999278214217,0.02623238475882981,0.9737676152411702,0.7830739388103726,0.9587191440096966,0.3465346534653465,0.8855259598965376,0.8313962627157269,31.89673385424166,0.6751025685165791,0.3248974314834209,0.08693089032787273,True,False,True,2020,2019,101,16,G+E_T1,T1_30DAP,3.808599019703593,3.476515492460265,-4.398508993154379,0.102912496937234
2020-MIH1,1.783071756388327,4.525250348401089,0.3465346534653465,0.9457907381053567,0.6783255678986656,20.74878375970446,0.9123478537798062,0.0876521462201938,1.6150458602020095,1.6917468012610641,0.9108910891089109,0.5962268708911862,0.5670366210851558,18.323277995903645,0.39450297482128893,0.6054970251787111,0.07178408083000654,True,False,True,2020,2019,101,16,G+E_T1,T1_30DAP,2.566167822638504,2.281427889106352,-3.1374123339394764,0.1984931089454939
2020-MNH1,1.0779041887496055,6.0862144303876216,0.19801980198019803,0.9798383000558852,0.5225053129068774,16.496871917685425,0.6151586563460194,0.3848413436539806,0.7451094607703711,0.9128645805777846,0.297029702970297,0.895770387623995,0.8464737094695508,30.590610668433552,0.7301515768994564,0.2698484231005436,0.1014021295171724,True,False,True,2020,2019,101,16,G+E_T1,T1_30DAP,1.815841918745445,1.509618580686457,-0.5252587673125779,0.0325158293960404
2020-NEH1,5.014814579548504,5.162784302063116,0.7227722772277227,0.6434885499546021,0.6267055347462159,35.77388166176188,0.7416486519502025,0.25835134804979754,1.0589292461015347,1.4100197945466069,0.6435643564356436,0.8006637230609189,0.6724944727391642,23.332776942830275,0.5743820992392914,0.4256179007607086,0.942936779735537,True,False,False,2020,2019,101,16,G+E_T1,T1_30DAP,2.8037495208421594,2.282837704649193,-1.3555377004630291,0.2514433481275553
2020-NEH2,5.241141121430575,5.825634069538704,0.7227722772277227,0.6178302026304924,0.5519936152245608,28.07344281815294,0.5527090276638519,0.4472909723361481,2.2011679547499097,2.5220822211920524,0.9801980198019802,0.3826656065951793,0.29225239454296364,4.600299390380569,0.06947080776275226,0.9305291922372477,0.756080323849264,True,False,False,2020,2019,101,16,G+E_T1,T1_30DAP,1.264325156954245,0.9698108403840776,-0.1627668213982873,-0.0677990811533605
2020-NYH1,1.8699997147339604,2.7606486266015455,0.38613861386138615,0.9405404083273352,0.8724383686421717,25.617405548262106,0.8171727377346504,0.18282726226534962,1.0878335351486175,1.6527000246836678,0.6732673267326733,0.7908742060038102,0.5811578707830706,10.493985882675736,0.2450196280951136,0.7549803719048864,0.04297406523306726,True,False,True,2020,2019,101,16,G+E_T1,T1_30DAP,3.026489158843076,2.4105239336761795,-1.8628755751489243,-0.0242603928865046
2020-NYH2,1.86999976178404,2.7606486518088165,0.38613861386138615,0.940540405426043,0.8724383666359031,25.617070997017123,0.8171724230531302,0.1828275769468698,1.0878335351486175,1.6527000246836678,0.6732673267326733,0.7908742060038102,0.5811578707830706,10.493985882675736,0.2450196280951136,0.7549803719048864,0.19027219958606018,True,False,True,2020,2019,101,16,G+E_T1,T1_30DAP,2.727316403706774,2.171160133709232,-0.6341356898048085,0.1039742708329763
2020-NYH3,1.8699997147339604,2.7606486266015455,0.38613861386138615,0.9405404083273352,0.8724383686421717,25.617405548262106,0.8171727377346504,0.18282726226534962,1.0878335351486175,1.6527000246836678,0.6732673267326733,0.7908742060038102,0.5811578707830706,10.493985882675736,0.2450196280951136,0.7549803719048864,0.04297406523306726,True,False,True,2020,2019,101,16,G+E_T1,T1_30DAP,2.7880050700721983,2.14803075357084,-0.5678435579991623,-0.0192464522647857
2020-OHH1,2.2533385534492396,6.366382787827974,0.48514851485148514,0.9148371359617052,0.5058058404165249,14.961885619197412,0.35298315549081527,0.6470168445091847,1.143938626056833,1.2697813037043235,0.693069306930693,0.7714826144950917,0.7259772379734202,19.26036634448354,0.5990833587140196,0.40091664128598037,0.316117171310916,True,False,True,2020,2019,101,16,G+E_T1,T1_30DAP,3.8545839972087865,3.6440857892534457,-8.262279412434097,0.1234274144246733
2020-SCH1,2.197639535263596,6.33781514729391,0.45544554455445546,0.9188216278858233,0.5072137756497221,16.001991879965523,0.37244354575965427,0.6275564542403458,1.5643536304641545,1.8431228057492703,0.8910891089108911,0.615586121945889,0.5114802638111247,17.506405015599167,0.29472671841840586,0.7052732815815941,0.089707495279008,True,False,True,2020,2019,101,16,G+E_T1,T1_30DAP,3.804391183079848,3.5769741874953667,-8.10948596836151,-0.0398426661697703
2020-TXH1,3.8363977794807607,3.9055155559415136,0.693069306930693,0.772590793167195,0.7652762192495036,27.638047647918565,0.603971859102737,0.396028140897263,2.2488897550195297,2.380179041731195,0.9801980198019802,0.36688859450982314,0.3290983398785797,6.503126400478092,0.10752624489181378,0.8924737551081863,0.8918977109847551,True,False,False,2020,2019,101,16,G+E_T1,T1_30DAP,1.7264770480001257,1.3817550221260848,-0.0835857291187456,0.254668574412238
2020-TXH2,3.836397791339668,3.9055155625826323,0.693069306930693,0.7725907919348567,0.7652762185598059,27.63762699683181,0.6039680658969596,0.3960319341030404,2.2488897550195297,2.380179041731195,0.9801980198019802,0.36688859450982314,0.3290983398785797,6.503126400478092,0.10752624489181378,0.8924737551081863,0.8500737824265595,True,False,False,2020,2019,101,16,G+E_T1,T1_30DAP,1.9109131544585305,1.5491883650337923,-0.497290513054121,0.2010152493180672
2020-TXH3,3.1835261890093856,3.8801121956293914,0.6237623762376238,0.8372238431742994,0.7662727190432317,32.13712142082632,0.6852517267635415,0.3147482732364585,0.8576065886240094,1.1641338945773614,0.42574257425742573,0.8643154356408164,0.7600491269339625,21.72468705299746,0.677652387554892,0.322347612445108,0.8918977109847551,True,False,False,2020,2019,101,16,G+E_T1,T1_30DAP,1.761720696118661,1.4374767825467336,-0.8846708326017405,-0.1034479967604567
2020-WIH1,1.5815699384711717,4.372188022676705,0.3069306930693069,0.9570985433130818,0.6893718557703323,20.367044499497336,0.9328474823668272,0.06715251763317276,1.2301385200376678,1.6188103491890788,0.7425742574257426,0.7408078937581967,0.5947220428665114,13.982654875687496,0.3588904544509027,0.6411095455490974,0.027955038110303063,True,False,True,2020,2019,101,16,G+E_T1,T1_30DAP,2.199005273191488,1.7640029916093771,-0.1095899473733179,0.0001765780718109
2020-WIH2,2.2811280538341925,6.463249055760086,0.48514851485148514,0.912818522034447,0.4982194236827116,15.893308671472372,0.23362635850788283,0.7663736414921172,1.554588623902599,1.6201841444323115,0.8910891089108911,0.6193144485337361,0.5942868750226421,20.48769103297796,0.40350650411867306,0.5964934958813269,2.7063180884292652,True,False,True,2020,2019,101,16,G+E_T1,T1_30DAP,3.019383687519348,2.5495854368707387,-0.2791942677763088,0.091224763375081
2020-DEH1,4.938214134100074,5.4238280629007,0.7425742574257426,0.6513725990696505,0.5962406758671849,33.36104804234868,0.7038315097669385,0.29616849023306147,1.2500576067031919,1.5334778774794837,0.7623762376237624,0.7437846890335338,0.6399418391388817,19.697641137551713,0.4916774986405994,0.5083225013594006,2.3935503151497888,True,False,False,2020,2019,101,16,G+E_T2,T2_60DAP_reproductive_window_proxy,2.0444582168018464,1.5598308662205915,-0.1385120627488445,0.4766302983073718
2020-INH1,2.1628525433142003,9.583390603957607,0.45544554455445546,0.9210582969299567,0.2644386662197812,7.207210382147204,0.025972368163451182,0.9740276318365488,0.6201466173538205,1.0950623276374896,0.32673267326732675,0.9297408635969192,0.7899058140879607,31.29062183738687,0.646374012261453,0.35362598773854703,0.08693089032787273,True,False,True,2020,2019,101,16,G+E_T2,T2_60DAP_reproductive_window_proxy,3.821967467425895,3.4905337488660155,-4.436473790807932,0.1098393062906067
2020-MIH1,1.6871281930066997,4.502514590913058,0.37623762376237624,0.9511951443212164,0.6804591298430978,20.914688380170762,0.8935370869392242,0.10646291306077582,1.3594415857684616,1.5379514046818763,0.801980198019802,0.7046369075928324,0.6386367714225532,23.25259606772301,0.4620504183129195,0.5379495816870805,0.07178408083000654,True,False,True,2020,2019,101,16,G+E_T2,T2_60DAP_reproductive_window_proxy,2.5104630136691197,2.2230754532395687,-2.9597370707734973,0.2025791072164422
2020-MNH1,1.1193923078904198,6.031965613051956,0.1782178217821782,0.9782140195764059,0.5258927866479215,16.635505908617045,0.34179851588830024,0.6582014841116998,0.7894085767131996,0.9068753269184384,0.43564356435643564,0.8886577181281995,0.8550237452224809,37.35815286681539,0.8669850856338226,0.1330149143661774,0.1014021295171724,True,False,True,2020,2019,101,16,G+E_T2,T2_60DAP_reproductive_window_proxy,1.4855418917856726,1.1554302143857689,-0.0208390188114024,0.0311887349713564
2020-NEH1,4.983714721275259,5.386933916182757,0.7425742574257426,0.6462237849539577,0.6004472738383005,35.45068760542303,0.7497529392306564,0.25024706076934355,0.9925543099663217,1.3608793657317901,0.594059405940594,0.8297634654248783,0.7018518863894857,24.511763916185494,0.6017812333356921,0.3982187666643079,0.942936779735537,True,False,False,2020,2019,101,16,G+E_T2,T2_60DAP_reproductive_window_proxy,2.76573020153546,2.2439977498058306,-1.292087850581865,0.2557697321169191
2020-NEH2,5.612309106271479,6.296269033940309,0.7623762376237624,0.574822416763341,0.49917559073192874,24.15192290966748,0.4771941137137802,0.5228058862862198,2.2536352437247182,2.729973215890781,0.9801980198019802,0.38210311599981855,0.24990138450594857,2.577457489240301,0.01947135348293634,0.9805286465170636,0.756080323849264,True,False,False,2020,2019,101,16,G+E_T2,T2_60DAP_reproductive_window_proxy,1.446369186759522,1.1817852188299596,-0.5217152549647786,-0.0630363023689383
2020-NYH1,1.4517269188978237,3.3020326658192483,0.2376237623762376,0.9636305505026066,0.8162355865326424,25.671517058251005,0.7483671886426713,0.25163281135732873,1.0547502759100194,1.3624569278141125,0.6237623762376238,0.8099888098594851,0.7006402922906503,13.073374642506923,0.47464443417575175,0.5253555658242482,0.04297406523306726,True,False,True,2020,2019,101,16,G+E_T2,T2_60DAP_reproductive_window_proxy,3.0477054195297337,2.4373661593578317,-1.903154861841723,-0.017786571462031
2020-NYH2,1.4517269795040142,3.302032707728812,0.2376237623762376,0.9636305475218314,0.8162355828862633,25.67117279021845,0.748365480890718,0.25163451910928203,1.0547502759100194,1.3624569278141125,0.6237623762376238,0.8099888098594851,0.7006402922906503,13.073374642506923,0.47464443417575175,0.5253555658242482,0.19027219958606018,True,False,True,2020,2019,101,16,G+E_T2,T2_60DAP_reproductive_window_proxy,2.749948158802704,2.1937034148628567,-0.661368911376607,0.1030395057138158
2020-NYH3,1.4517269188978237,3.3020326658192483,0.2376237623762376,0.9636305505026066,0.8162355865326424,25.671517058251005,0.7483671886426713,0.25163281135732873,1.0547502759100194,1.3624569278141125,0.6237623762376238,0.8099888098594851,0.7006402922906503,13.073374642506923,0.47464443417575175,0.5253555658242482,0.04297406523306726,True,False,True,2020,2019,101,16,G+E_T2,T2_60DAP_reproductive_window_proxy,2.829361683230751,2.189351706236777,-0.6147025942937556,-0.0213105249708168
2020-OHH1,1.8639635731592394,6.1605358539951585,0.4158415841584158,0.9407529297180574,0.5202805721627592,14.889129745671855,0.5084293613483162,0.4915706386516838,1.238369856964402,1.445766105123214,0.7524752475247525,0.7478936976534745,0.6725867076791968,20.264744598271065,0.4638793307222086,0.5361206692777913,0.316117171310916,True,False,True,2020,2019,101,16,G+E_T2,T2_60DAP_reproductive_window_proxy,2.79913725257643,2.5321260604699285,-3.884400176580378,0.1167397661581755
2020-SCH1,1.788537962242755,5.962546084151333,0.39603960396039606,0.9453198517627631,0.5352329042215226,15.76171887634882,0.5288417120750344,0.4711582879249656,1.2209573990212406,1.5716996487938228,0.7524752475247525,0.7539850814965574,0.6261908246610546,15.947826974513164,0.37185326810114633,0.6281467318988536,0.089707495279008,True,False,True,2020,2019,101,16,G+E_T2,T2_60DAP_reproductive_window_proxy,3.253450515930397,2.999067420345827,-5.66211230554095,-0.0456833999881838
2020-TXH1,3.3435039785082563,3.4669150778647597,0.6831683168316832,0.8215909648682952,0.8091404271764981,29.963663077378158,0.679380357577812,0.320619642422188,1.2077868770337106,1.451645643153014,0.7425742574257426,0.7585675660864367,0.6703364097808346,15.759315120355195,0.48532243722031715,0.5146775627796829,0.8918977109847551,True,False,False,2020,2019,101,16,G+E_T2,T2_60DAP_reproductive_window_proxy,1.6781326549110174,1.3365225239680982,-0.0237507555623197,0.2616891158656999
2020-TXH2,3.343503984439209,3.4669150879690003,0.6831683168316832,0.8215909642955008,0.8091404261788128,29.963198735867937,0.6793751977660074,0.3206248022339926,1.2077868770337106,1.451645643153014,0.7425742574257426,0.7585675660864367,0.6703364097808346,15.759315120355195,0.48532243722031715,0.5146775627796829,0.8500737824265595,True,False,False,2020,2019,101,16,G+E_T2,T2_60DAP_reproductive_window_proxy,1.9957864952913047,1.636969433970721,-0.6332487404899028,0.2022299276308945
2020-TXH3,3.3268583564248613,3.990400789880691,0.6831683168316832,0.8231961153736137,0.7544145816476421,32.38808140121572,0.7148680114210351,0.28513198857896493,1.0112937236780024,1.4419175274662237,0.594059405940594,0.8238822311453268,0.6720406988217977,23.903820038885463,0.6303129753572235,0.3696870246427765,0.8918977109847551,True,False,False,2020,2019,101,16,G+E_T2,T2_60DAP_reproductive_window_proxy,1.6435129288225545,1.3284614315648846,-0.6402409357905134,-0.1048411586191549
2020-WIH1,0.6130500084624814,4.347766068874146,0.1782178217821782,0.9934151673787571,0.6834698409154151,20.047655897983994,0.9163774757506602,0.0836225242493398,0.5925401547404996,1.3082455761026412,0.3069306930693069,0.9356556104493172,0.7127357697420112,14.63504067215429,0.5030458690761594,0.49695413092384055,0.027955038110303063,True,False,True,2020,2019,101,16,G+E_T2,T2_60DAP_reproductive_window_proxy,2.1771568867623947,1.7398772634474955,-0.0876506483761301,-0.0113725109849746
2020-WIH2,1.3397790694925924,6.228520795239129,0.21782178217821782,0.9689387233100152,0.5127532728766593,15.862818230773208,0.2920988709637732,0.7079011290362268,1.0969675062809476,1.2279354287616369,0.6435643564356436,0.7961703394899039,0.751125240343719,23.141802107259377,0.674526046148702,0.32547395385129796,2.7063180884292652,True,False,True,2020,2019,101,16,G+E_T2,T2_60DAP_reproductive_window_proxy,2.785282785364055,2.360236063245177,-0.0885251952401608,0.0945022066451409
2021-DEH1,5.214612176708361,5.237073947155846,0.7606837606837606,0.6234398728391745,0.6209017046091836,40.67622695197793,0.7220762530076683,0.2779237469923317,0.6144422346300324,0.7925737452777346,0.5982905982905983,0.9327255214510207,0.8877710873877598,37.68650165377346,0.7765228608808505,0.22347713911914946,1.1050254568483127,True,False,False,2021,2020,117,19,G+E_T0,T0_preseason,1.97592610498203,1.6130221015378992,-0.0278003287074322,0.3249431656052339
2021-GAH2,4.7052737931743716,4.8183597696632905,0.7435897435897436,0.6806499115187614,0.6680112642689245,38.61480821044478,0.6857351781269889,0.3142648218730111,0.34988963627711733,1.1213849528350406,0.4017094017094017,0.9776698814486395,0.7769224283679019,24.820271027591257,0.4640746274411759,0.5359253725588241,0.1252452328350634,True,False,False,2021,2020,117,19,G+E_T0,T0_preseason,3.8961965835394503,3.29318642084056,-2.1011557817681465,0.1598815606793152
2021-IAH4,2.9148905747172935,10.128425055504632,0.7008547008547008,0.8627413603879804,0.2399615431375334,6.141198993856928,0.014264427691857515,0.9857355723081425,0.7869606084704227,0.8522998918587327,0.7521367521367521,0.8920411838682646,0.8743423183590945,33.755613318377684,0.8887270262766978,0.11127297372330225,0.015091629670691864,True,False,True,2021,2020,117,19,G+E_T0,T0_preseason,1.8163952736255728,1.46117574078562,-0.3035502591828334,0.4245453183230877
2021-ILH1,0.48275857815675705,9.662225428585007,0.29914529914529914,0.9959585108430125,0.26589697729912365,6.14066932713417,0.014419901020808847,0.9855800989791912,0.4779246876757014,1.0582198400516958,0.47863247863247865,0.958740392502389,0.7901340919432559,22.38900526286521,0.5973802199468871,0.40261978005311294,0.0,True,True,True,2021,2020,117,19,G+E_T0,T0_preseason,2.4877601450674214,2.104302010632046,-1.4315323349820108,-0.0198526278252655
2021-INH1,1.0369244640829283,6.050560550628467,0.49572649572649574,0.9814901022759368,0.5240680729555759,16.573344077604247,0.15435875318674874,0.8456412468132513,0.49605163753504455,0.6653254518454922,0.48717948717948717,0.9556230059281555,0.9190729676731941,38.99553852990261,0.8592476340941951,0.14075236590580487,0.24468786307189788,True,False,True,2021,2020,117,19,G+E_T0,T0_preseason,1.397203912684594,1.0647667550133375,-0.0167382204136556,0.1005384550429505
2021-MIH1,1.4035751194252386,2.970952753204455,0.5555555555555556,0.9663473205471603,0.8291370286358486,27.67735795489697,0.8929420998082819,0.10705790019171812,1.0249776303146203,1.1261311200835056,0.8717948717948718,0.8238231942722412,0.791136863886708,34.70028623696432,0.6668711167429681,0.33312888325703194,0.021985897626893944,True,False,True,2021,2020,117,19,G+E_T0,T0_preseason,2.5508840695060138,2.264504979061897,-2.0266539421292,0.2176862898648283
2021-MNH1,0.2998662959059541,4.3790156247881615,0.19658119658119658,0.9984387352167697,0.6773735011088164,22.518904731463557,0.9151860821244229,0.08481391787557713,0.24590633167757414,0.6522797059359172,0.2905982905982906,0.9889071546662713,0.9086267303832962,35.15722149401273,0.8262370873689184,0.17376291263108157,0.0038512811015695473,True,True,True,2021,2020,117,19,G+E_T0,T0_preseason,1.811496305319628,1.4953364839570933,-0.7670863175477476,0.1220718280423052
2021-NEH1,4.946370772351367,5.272491500638206,0.7606837606837606,0.6536770703827296,0.6168802436058138,39.419792585965155,0.7395816257522897,0.2604183742477103,0.5609641846385708,0.9364933034346784,0.5384615384615384,0.9436038295705681,0.8389873454937467,29.217891051747305,0.6210149411223216,0.3789850588776784,1.609922446133387,True,False,False,2021,2020,117,19,G+E_T0,T0_preseason,3.228716037268924,2.582782485938389,-0.1142004273885799,-0.0258711092078408
2021-NEH2,1.0813604888237702,6.627128760323856,0.49572649572649574,0.9798860781948338,0.48475026677313104,13.158282883215838,0.12402934318114237,0.8759706568188577,0.7917894349580132,1.8246003318764035,0.7521367521367521,0.8907875865147857,0.5453743890060855,6.613654940628459,0.15424191828968883,0.8457580817103112,0.09720655891077176,True,False,True,2021,2020,117,19,G+E_T0,T0_preseason,2.321243801120828,1.9021423397307304,-0.732793703664363,-0.0439028327520612
2021-NYH1,0.3917729217754934,0.427397160443153,0.24786324786324787,0.9973365146143662,0.9968037502154943,34.04712857315149,0.9912487363903513,0.00875126360964873,0.30686639342886907,0.3568786533736702,0.36752136752136755,0.9827791096745221,0.9760307309472473,24.465464806363403,0.8834062160395734,0.11659378396042663,0.11374080113369915,True,False,True,2021,2020,117,19,G+E_T0,T0_preseason,2.52828130033888,2.2060998769292657,-1.209644185337734,0.0739711881073031
2021-NYH2,0.607141293807579,2.4692241510256387,0.3333333333333333,0.9936151618979663,0.8563879726063511,25.593015033927966,0.9495378083191724,0.05046219168082755,0.30686639342886907,0.3568786533736702,0.36752136752136755,0.9827791096745221,0.9760307309472473,24.465464806363403,0.8834062160395734,0.11659378396042663,0.21840461058368216,True,False,True,2021,2020,117,19,G+E_T0,T0_preseason,2.475262207048418,2.0723646737025097,-1.1442299873940764,0.1480848229709003
2021-NYH3,0.3917729217754934,0.427397160443153,0.24786324786324787,0.9973365146143662,0.9968037502154943,34.04712857315149,0.9912487363903513,0.00875126360964873,0.30686639342886907,0.3568786533736702,0.36752136752136755,0.9827791096745221,0.9760307309472473,24.465464806363403,0.8834062160395734,0.11659378396042663,0.11374080113369915,True,False,True,2021,2020,117,19,G+E_T0,T0_preseason,1.921007770990496,1.5365838643352492,-0.480264727573503,0.0267732269828713
2021-SCH1,2.1607312169097463,5.135749462142908,0.6581196581196581,0.9220771702404033,0.6276914331836245,21.522129080253404,0.6312308067873978,0.36876919321260215,1.8165262452709177,1.850242366115253,0.9401709401709402,0.5440549574844739,0.5318040490142109,25.096359917868767,0.35615400100174155,0.6438459989982585,0.06786776998579298,True,False,True,2021,2020,117,19,G+E_T0,T0_preseason,2.166529295333201,1.7735209160249878,-0.7400876458837362,0.0707192993334728
2021-SCH1L,0.1287733606508755,3.781841826877236,0.15384615384615385,0.9997118955345937,0.7219818601692404,21.256699026131063,0.8949362485783561,0.10506375142164392,0.12877328047498643,1.2850835048462697,0.18803418803418803,0.9969457051097261,0.704192560004552,18.000207307387814,0.31890646860660893,0.681093531393391,0.06786776998579298,True,False,True,2021,2020,117,19,G+E_T0,T0_preseason,2.7692433679909727,2.5950065315553177,-11.12079659838098,0.0882990645028754
2021-TXH1,0.48803075182628664,3.771575542009863,0.29914529914529914,0.9958699387034007,0.7229409124092958,19.520523292240092,0.9664319592868441,0.03356804071315589,0.47201811955877165,0.7793589394300461,0.47863247863247865,0.9597332387517103,0.885704815661714,23.496059169816352,0.7578856457070171,0.2421143542929829,0.1067176024349589,True,False,True,2021,2020,117,19,G+E_T0,T0_preseason,2.0921331046163,1.7116031713632838,-0.6746202691896068,0.058386168793873
2021-TXH2,0.48803075182628664,3.771575542009863,0.29914529914529914,0.9958699387034007,0.7229409124092958,19.520523292240092,0.9664319592868441,0.03356804071315589,0.47201811955877165,0.7793589394300461,0.47863247863247865,0.9597332387517103,0.885704815661714,23.496059169816352,0.7578856457070171,0.2421143542929829,0.1067176024349589,True,False,True,2021,2020,117,19,G+E_T0,T0_preseason,2.181342307660312,1.7871284268918677,-0.6639562080744239,0.1535502453533772
2021-TXH3,0.24982367233681868,4.478502849642693,0.17094017094017094,0.9989160925512107,0.6704825078362358,20.666567169113115,0.7807365081789279,0.21926349182107208,0.24982357026189408,0.9164415014873208,0.3076923076923077,0.9885529727375033,0.8386255614416906,34.495365321571164,0.6671039777435522,0.33289602225644777,0.1067176024349589,True,False,True,2021,2020,117,19,G+E_T0,T0_preseason,4.599571487749947,4.480916581507018,-18.732779156110464,0.1499761897137362
2021-WIH1,0.3427463432221081,1.9125082013416297,0.23076923076923078,0.9979607852117076,0.8687314243204479,27.251524567376237,0.9956854626603511,0.004314537339648927,0.30143801543726123,0.477428624849094,0.36752136752136755,0.9833779385925726,0.9565171437689092,34.240073201984174,0.8453298610376485,0.1546701389623515,0.12462299314450428,True,False,True,2021,2020,117,19,G+E_T0,T0_preseason,2.3717209891477324,1.9611227391600332,-0.2458723143408792,0.1122418470014961
2021-WIH2,5.190044157172658,5.32734283521498,0.7606837606837606,0.6262152233657883,0.6106958720046769,41.563882952947736,0.7953263287022496,0.20467367129775038,0.4347919670371425,0.5455641802469369,0.4700854700854701,0.9657282701345123,0.9457124376403074,45.5499609983301,0.8978216609591978,0.1021783390408022,0.5522529964869525,True,False,False,2021,2020,117,19,G+E_T0,T0_preseason,2.063714052008928,1.6703996425026273,-0.2222038028266841,0.2046832530569054
2021-DEH1,5.022092517169424,5.150079044158974,0.7435897435897436,0.6477092403187941,0.6333453508668734,38.660982305923866,0.6679460794259917,0.3320539205740083,1.038498389402948,1.3895752617209518,0.6153846153846154,0.8118181042096151,0.6867882311915755,21.513139987382914,0.529946205740029,0.47005379425997096,1.1050254568483127,True,False,False,2021,2020,117,19,G+E_T1,T1_30DAP,2.2177218881500624,1.8553291923548936,-0.2947368833909261,0.3239045430755087
2021-GAH2,4.7165076966332045,4.822515718403361,0.7350427350427351,0.6817671280109362,0.6699456464179018,38.21650012242694,0.6718802282833496,0.3281197717166504,1.070262719392065,1.2943454790347573,0.6495726495726496,0.8013740832549682,0.7216096431364962,20.98236278671321,0.5857605469058701,0.4142394530941299,0.1252452328350634,True,False,False,2021,2020,117,19,G+E_T1,T1_30DAP,3.721617878117359,3.0978712656763965,-1.829472121257441,0.1549304494662672
2021-IAH4,2.8207840871600736,10.10047516774042,0.5982905982905983,0.8719556687693337,0.24364829665999968,6.053733213374856,0.013488318144270496,0.9865116818557295,1.481051147241253,1.702877154105878,0.8547008547008547,0.6544079966744927,0.5711129274856419,19.728166589707673,0.31789395752237626,0.6821060424776237,0.015091629670691864,True,False,True,2021,2020,117,19,G+E_T1,T1_30DAP,1.7785908062161189,1.4300386950172626,-0.2498535845584035,0.426801829839019
2021-ILH1,2.1566206406137343,9.877863876123419,0.4444444444444444,0.923032755812917,0.2571197283081727,6.386599901133897,0.01575092638163872,0.9842490736183613,1.0839227113757774,1.1986558749514216,0.6581196581196581,0.7968285503132764,0.7565722070374828,30.993043505897166,0.7512328359263366,0.2487671640736634,0.0,True,True,True,2021,2020,117,19,G+E_T1,T1_30DAP,2.3875731675860763,2.0022592269807222,-1.239630722250113,-0.0242916197793765
2021-INH1,1.7119434232348345,6.3028024460720955,0.3504273504273504,0.9507847379070036,0.5138735081792423,16.758887405716855,0.13858379252378178,0.8614162074762182,0.5069824575993639,0.9410174741744777,0.21367521367521367,0.9515278923649744,0.8344541963061884,31.9295157134495,0.7613422008002884,0.23865779919971164,0.24468786307189788,True,False,True,2021,2020,117,19,G+E_T1,T1_30DAP,1.462276413414088,1.1175842097098814,-0.1136494654361712,0.0949071603235807
2021-MIH1,2.332387784162733,3.9213986312948164,0.5555555555555556,0.9105763715183305,0.7561671952815182,25.934400417006596,0.7895855352232155,0.2104144647767845,1.3760243657590583,1.6852680066718642,0.8205128205128205,0.6934900785755519,0.5776996537124774,17.182818726022663,0.37349657366479105,0.626503426335209,0.021985897626893944,True,False,True,2021,2020,117,19,G+E_T1,T1_30DAP,3.008322943838806,2.7323423195165697,-3.2094973140253407,0.2176886815297631
2021-MNH1,2.5704024199325826,5.369138482386343,0.5641025641025641,0.8924612624698854,0.610113129843847,20.650407060797146,0.6953289423413159,0.3046710576586841,1.4744331661523664,1.6366440530750062,0.8547008547008547,0.6568869860889351,0.5959034167510101,13.58508319358678,0.3503070454004564,0.6496929545995436,0.0038512811015695473,True,True,True,2021,2020,117,19,G+E_T1,T1_30DAP,2.0416635267956966,1.718700943849877,-1.2446632682763863,0.1260587603619182
2021-NEH1,4.617556100154869,4.923151705598181,0.7350427350427351,0.692697166204475,0.6587262734066354,41.1515988665232,0.7407396367308524,0.2592603632691476,1.1996198188975369,1.4121539044782836,0.7264957264957265,0.7571547165506455,0.679191717269612,28.427560986223895,0.558768178784602,0.44123182121539795,1.609922446133387,True,False,False,2021,2020,117,19,G+E_T1,T1_30DAP,3.1335657652118702,2.5581020902217726,-0.0494971089959495,-0.027418244319584
2021-NEH2,1.6784394119162958,6.441839249187109,0.3504273504273504,0.9526463378889247,0.5028842495694118,15.825970033689595,0.16573569149753808,0.8342643085024619,1.187708469207503,1.4378273126632872,0.7264957264957265,0.7613282370974712,0.6697104430271241,23.06968996062009,0.592336506585631,0.407663493414369,0.09720655891077176,True,False,True,2021,2020,117,19,G+E_T1,T1_30DAP,2.541667283494427,2.1293236626243752,-1.0775081906341386,-0.0342911780528505
2021-NYH1,1.305943900135349,1.549996895189287,0.23931623931623933,0.9710584928933922,0.9590049577274747,35.12373409857572,0.984910185236625,0.015089814763375009,0.7746828164128159,1.0165532850349668,0.36752136752136755,0.8904655992474692,0.8162984099941081,24.971698522668937,0.802001178930172,0.19799882106982802,0.11374080113369915,True,False,True,2021,2020,117,19,G+E_T1,T1_30DAP,2.581671001735645,2.246654985606523,-1.3039516129304,0.0686320763081214
2021-NYH2,0.9673129822274064,2.489950197550196,0.21367521367521367,0.9840164330729928,0.8621110748242874,26.590568064122547,0.9807385567979942,0.019261443202005846,0.7746828164128159,1.0165532850349668,0.36752136752136755,0.8904655992474692,0.8162984099941081,24.971698522668937,0.802001178930172,0.19799882106982802,0.21840461058368216,True,False,True,2021,2020,117,19,G+E_T1,T1_30DAP,2.554841031589439,2.1558343364705097,-1.2843187702655472,0.1439180229919973
2021-NYH3,1.305943900135349,1.549996895189287,0.23931623931623933,0.9710584928933922,0.9590049577274747,35.12373409857572,0.984910185236625,0.015089814763375009,0.7746828164128159,1.0165532850349668,0.36752136752136755,0.8904655992474692,0.8162984099941081,24.971698522668937,0.802001178930172,0.19799882106982802,0.11374080113369915,True,False,True,2021,2020,117,19,G+E_T1,T1_30DAP,1.9334364787930045,1.5449740839871675,-0.4994809887898566,0.0136579538721264
2021-SCH1,2.6646949246453224,5.306005084315857,0.5897435897435898,0.8849071996819832,0.614656259353548,21.296718506925366,0.6607426084777792,0.3392573915222208,1.5044262183783526,1.6320173585115125,0.8547008547008547,0.6456392026714566,0.5976997671693718,20.878668662919054,0.42606610738663697,0.573933892613363,0.06786776998579298,True,False,True,2021,2020,117,19,G+E_T1,T1_30DAP,2.4021343171746943,2.018213618940147,-1.1391269895375884,0.0679314702018698
2021-SCH1L,1.8796213219326647,4.356883652295736,0.42735042735042733,0.9409757189102567,0.6975525867576209,22.860745116982784,0.9223029280896331,0.0776970719103669,1.156716913260548,1.2510282853341035,0.717948717948718,0.7720967517201265,0.7384194939139482,26.1388992389217,0.6581895487602714,0.34181045123972864,0.06786776998579298,True,False,True,2021,2020,117,19,G+E_T1,T1_30DAP,2.547463297998092,2.3507458323053405,-9.25710464153434,0.076303716008679
2021-TXH1,3.0135482219587333,4.7985703963897155,0.6153846153846154,0.8552314052304192,0.6664666643840282,18.87655886633498,0.8042129850051982,0.19578701499480178,1.3682048745809894,2.0909129289437547,0.8205128205128205,0.6963727211697364,0.43475491087667806,14.424675074108366,0.22220216890083055,0.7777978310991694,0.1067176024349589,True,False,True,2021,2020,117,19,G+E_T1,T1_30DAP,1.884701849726555,1.5218321703937197,-0.3590111941121596,0.0601374150078938
2021-TXH2,3.0135482219587333,4.7985703963897155,0.6153846153846154,0.8552314052304192,0.6664666643840282,18.87655886633498,0.8042129850051982,0.19578701499480178,1.3682048745809894,2.0909129289437547,0.8205128205128205,0.6963727211697364,0.43475491087667806,14.424675074108366,0.22220216890083055,0.7777978310991694,0.1067176024349589,True,False,True,2021,2020,117,19,G+E_T1,T1_30DAP,1.9647267875816827,1.57373368231641,-0.3498906210973085,0.1520387152828095
2021-TXH3,2.1407301942874324,4.496659570784774,0.4444444444444444,0.9241187892230105,0.6912565031993763,20.95291619221708,0.8875751931818359,0.11242480681816414,1.41689289655645,1.6751604921938068,0.8205128205128205,0.6783560176528088,0.5815737536126088,24.80614520810373,0.45013814760785065,0.5498618523921494,0.1067176024349589,True,False,True,2021,2020,117,19,G+E_T1,T1_30DAP,4.917892784472315,4.805847615734715,-21.558572901692408,0.1391290088810931
2021-WIH1,2.322706516162127,3.639223866635665,0.5555555555555556,0.9112833064300684,0.7826215977361872,26.57766863309637,0.8122770188923697,0.1877229811076303,1.568856797729099,1.7722830861574639,0.8803418803418803,0.621392665726593,0.5455386104305104,21.21555658610251,0.37583248382819845,0.6241675161718016,0.12462299314450428,True,False,True,2021,2020,117,19,G+E_T1,T1_30DAP,2.4773858478332214,2.067573837259149,-0.3593573687908109,0.117956148997844
2021-WIH2,5.059979608485221,5.243624677909669,0.7435897435897436,0.6434627767176727,0.622812356891559,38.44206168963403,0.6936275058819593,0.3063724941180407,1.584530650773368,1.7550589748879037,0.9145299145299145,0.6154838999827479,0.5515011090878691,18.10615470150497,0.35153690897243717,0.6484630910275628,0.5522529964869525,True,False,False,2021,2020,117,19,G+E_T1,T1_30DAP,2.5178740814777782,2.1238656214130107,-0.8193346990910497,0.2058579143056323
2021-DEH1,5.302494809484759,5.362916242017434,0.7777777777777778,0.6145827489474979,0.607765001309071,40.182397334920694,0.7086025790396798,0.2913974209603202,0.6708867500336044,1.0052873916959182,0.358974358974359,0.9197375755178492,0.8248418962700139,35.868285497742576,0.6813806878764924,0.3186193121235076,1.1050254568483127,True,False,False,2021,2020,117,19,G+E_T2,T2_60DAP_reproductive_window_proxy,2.0168391607974305,1.6548892596157858,-0.0708037542280684,0.3157515238716329
2021-GAH2,4.802704510027532,5.229681785599967,0.7521367521367521,0.6707444557181143,0.6227447492726698,36.255182123278765,0.6415018195591458,0.35849818044085424,1.290122833440563,1.4243689338279957,0.811965811965812,0.7338887094581203,0.6850627638385728,15.704032439885209,0.5253356005493349,0.4746643994506651,0.1252452328350634,True,False,False,2021,2020,117,19,G+E_T2,T2_60DAP_reproductive_window_proxy,4.226052496036846,3.66270703655099,-2.6484771917283325,0.1575570150057264
2021-IAH4,5.266238886783497,10.806433805283303,0.7777777777777778,0.6186736994560041,0.18495991268942777,4.966860713496053,0.009486355983517467,0.9905136440164826,1.9068927640608908,2.5908775296339126,0.9487179487179487,0.5086783474666395,0.29768318007954087,5.550943942691122,0.06071967565258372,0.9392803243474163,0.015091629670691864,True,False,True,2021,2020,117,19,G+E_T2,T2_60DAP_reproductive_window_proxy,1.840461740163989,1.486557847228022,-0.3383220745394957,0.4170127324106828
2021-ILH1,1.1422391237407685,9.708120093311939,0.23076923076923078,0.9776633282670729,0.2659047567342462,6.375315286399647,0.015078242426853858,0.9849217575731462,0.9382253260686992,1.2133391817523367,0.5641025641025641,0.8490540066885003,0.7588529969152079,31.7215068495572,0.6728624697673955,0.3271375302326045,0.0,True,True,True,2021,2020,117,19,G+E_T2,T2_60DAP_reproductive_window_proxy,2.348636306105829,1.9596523702684796,-1.167177970991048,-0.0305905350374686
2021-INH1,1.8730113066830565,6.313071948197871,0.48717948717948717,0.9410670284614608,0.511966505589194,17.033962055419643,0.13151489513394843,0.8684851048660516,1.0968367098284035,1.2524421787116162,0.6666666666666666,0.7996071861647067,0.7464836167966602,40.90961827290698,0.725429488609643,0.27457051139035704,0.24468786307189788,True,False,True,2021,2020,117,19,G+E_T2,T2_60DAP_reproductive_window_proxy,1.426221513882839,1.083763989112536,-0.0594086870635528,0.089429856201829
2021-MIH1,2.1397600324966906,3.6253143892022393,0.5470085470085471,0.9237867937396536,0.782846989316341,27.602667906752817,0.8316173477164773,0.16838265228352267,0.5850440940302158,1.2143375361439201,0.3076923076923077,0.9383561823486367,0.7513726092572427,34.98374016781964,0.6685994007895979,0.3314005992104021,0.021985897626893944,True,False,True,2021,2020,117,19,G+E_T2,T2_60DAP_reproductive_window_proxy,2.685622723301268,2.400713838474904,-2.3548362765522888,0.2129300351678938
2021-MNH1,2.9284284309628874,5.510788271038427,0.6666666666666666,0.8620167250301305,0.5957421178177233,20.514864962592892,0.6653310105962474,0.33466898940375256,1.2574029352775165,1.5756209138925885,0.7948717948717948,0.7453487181405631,0.6298458801726896,15.174605142368804,0.34208844643942526,0.6579115535605747,0.0038512811015695473,True,True,True,2021,2020,117,19,G+E_T2,T2_60DAP_reproductive_window_proxy,2.141705702384307,1.816015384614964,-1.470031233833883,0.1236219017508621
2021-NEH1,4.669011764839967,5.274162416410312,0.7350427350427351,0.685612838669014,0.617695161784215,38.1684494939674,0.6734712827950494,0.3265287172049506,1.3845339403670733,1.716844630150888,0.8547008547008547,0.7002357336743286,0.5782694765046817,17.003961780395407,0.35889959125299337,0.6411004087470067,1.609922446133387,True,False,False,2021,2020,117,19,G+E_T2,T2_60DAP_reproductive_window_proxy,3.108717383030668,2.618910538158809,-0.032918610228996,-0.0309378880348043
2021-NEH2,2.4364045630276436,7.029099595143544,0.5982905982905983,0.9023274498292362,0.4531440732852866,12.615176435877641,0.12333968809713508,0.8766603119028649,1.9265857863204767,2.395572702765739,0.9572649572649573,0.5015897528239311,0.35026837643178943,4.845949699824143,0.05151171104919733,0.9484882889508026,0.09720655891077176,True,False,True,2021,2020,117,19,G+E_T2,T2_60DAP_reproductive_window_proxy,2.840513144674224,2.4426456032288155,-1.5947705131073109,-0.0410064532597543
2021-NYH1,2.175653463061266,2.3305661917898104,0.5470085470085471,0.9213126358858758,0.9100258696287664,34.01562874696768,0.917295633835442,0.08270436616455801,1.557466169668718,1.7847356508064198,0.9316239316239316,0.6370464591889166,0.5537040013287748,19.002227491730874,0.3406353384729707,0.6593646615270293,0.11374080113369915,True,False,True,2021,2020,117,19,G+E_T2,T2_60DAP_reproductive_window_proxy,2.668593502304307,2.322266598620051,-1.4617072749579267,0.0577272596077793
2021-NYH2,2.323156661720781,3.496076170788058,0.5811965811965812,0.9107878294842938,0.7938842131036167,25.65388796019601,0.8424679772558359,0.1575320227441641,1.557466169668718,1.7847356508064198,0.9316239316239316,0.6370464591889166,0.5537040013287748,19.002227491730874,0.3406353384729707,0.6593646615270293,0.21840461058368216,True,False,True,2021,2020,117,19,G+E_T2,T2_60DAP_reproductive_window_proxy,2.471756823023579,2.0686857064481794,-1.138161113300765,0.1460255096947506
2021-NYH3,2.175653463061266,2.3305661917898104,0.5470085470085471,0.9213126358858758,0.9100258696287664,34.01562874696768,0.917295633835442,0.08270436616455801,1.557466169668718,1.7847356508064198,0.9316239316239316,0.6370464591889166,0.5537040013287748,19.002227491730874,0.3406353384729707,0.6593646615270293,0.11374080113369915,True,False,True,2021,2020,117,19,G+E_T2,T2_60DAP_reproductive_window_proxy,1.9605783843093163,1.568093308776605,-0.5418764228878141,0.0104599782242938
2021-SCH1,2.6099164010925855,5.09380792034614,0.6068376068376068,0.888751168835936,0.6361615892910379,21.517926715984416,0.7245304683587934,0.2754695316412066,1.1737128219681594,1.6053898375719722,0.7094017094017094,0.7740785554403428,0.6190979910226467,23.501673721257376,0.512005859198465,0.487994140801535,0.06786776998579298,True,False,True,2021,2020,117,19,G+E_T2,T2_60DAP_reproductive_window_proxy,2.387442921250976,2.0027540447510845,-1.1130413051109058,0.0664500598200969
2021-SCH1L,1.3220818344786538,4.130097240984336,0.26495726495726496,0.9701899883691356,0.7090930270537376,22.877511565902683,0.9270916463266103,0.07290835367338966,1.3220818266693664,1.3904060295829705,0.811965811965812,0.722587622277241,0.6980440587058327,28.107067345048478,0.7104858041492931,0.2895141958507069,0.06786776998579298,True,False,True,2021,2020,117,19,G+E_T2,T2_60DAP_reproductive_window_proxy,2.8364322716311383,2.655674423390375,-11.716094612609442,0.0720241326067302
2021-TXH1,1.0797860207037542,4.003966587663331,0.21367521367521367,0.9800152056017536,0.7177122828257734,18.89363831995232,0.8963050244159004,0.10369497558409957,0.9317177541810161,1.043194586628268,0.5555555555555556,0.8509767848625868,0.8159041426630014,16.922611732684793,0.6184810708671905,0.3815189291328095,0.1067176024349589,True,False,True,2021,2020,117,19,G+E_T2,T2_60DAP_reproductive_window_proxy,1.8043843490770608,1.446672206702616,-0.245649400443717,0.0593193859296554
2021-TXH2,1.0797860207037542,4.003966587663331,0.21367521367521367,0.9800152056017536,0.7177122828257734,18.89363831995232,0.8963050244159004,0.10369497558409957,0.9317177541810161,1.043194586628268,0.5555555555555556,0.8509767848625868,0.8159041426630014,16.922611732684793,0.6184810708671905,0.3815189291328095,0.1067176024349589,True,False,True,2021,2020,117,19,G+E_T2,T2_60DAP_reproductive_window_proxy,1.8750116240533876,1.4900191722223814,-0.2294253843636151,0.1545727881155293
2021-TXH3,3.469263877785059,5.194477314760223,0.7094017094017094,0.8118910016537784,0.6266626795911211,18.62062700900671,0.6540564098123337,0.3459435901876663,1.4930759973425027,1.78576913902325,0.9230769230769231,0.6607370473463344,0.5544211120829691,11.43654349116124,0.27104479817526966,0.7289552018247303,0.1067176024349589,True,False,True,2021,2020,117,19,G+E_T2,T2_60DAP_reproductive_window_proxy,5.104208889026407,4.996511294594022,-23.30023021965037,0.1452524723481002
2021-WIH1,2.2344022377436485,3.585911225395269,0.5726495726495726,0.9171890343321394,0.7854816203355138,26.797542515268592,0.8431448674178866,0.15685513258211337,1.1602868493215381,1.3157482946909327,0.7094017094017094,0.7786007819758657,0.7244629590124995,27.163851926180694,0.5907821870497502,0.40921781295024984,0.12462299314450428,True,False,True,2021,2020,117,19,G+E_T2,T2_60DAP_reproductive_window_proxy,2.5045487695027777,2.096115924377165,-0.3893297222764693,0.1172185343940883
2021-WIH2,5.190377864044327,5.227655294979349,0.7606837606837606,0.6272294447203588,0.6230238876211318,40.973575579090195,0.7618242268804327,0.23817577311956728,0.8980391136175588,1.106579211062914,0.5470085470085471,0.860780952063796,0.7932546423967773,34.77148322006327,0.6990825847841294,0.30091741521587057,0.5522529964869525,True,False,False,2021,2020,117,19,G+E_T2,T2_60DAP_reproductive_window_proxy,2.330917091847815,1.934427585689762,-0.5591871282999528,0.1989506183538235
